# source_sha256	be55d8978f9472f3b7bae8643eee139525f2c455b8bddce24f3911c4128e9d05	 sheet	Analysis Report
STLA 報告_SWRA\nSTLA Report_SWRA																	
																	FM-WI-FSM-037-A03
		Project Name：			#NAME?												
		Reviewer：		Date：													
																	
Software  Requirement Analysis Report																	
SWE-Requirement ID 	Source Requirement ID	Requirement  Title	Requirement  Description	Release Version	Categorization	Sub Categorization	Feasibility	 Description/Action for Feasibility	 Impact	Description/Action for  Impact	Risk Factor	Description/Action for Risk Factor	Reusable	Description/Action for Reusable	Priority	Verification Criteria	Verification Method 
SWE1-VC-PARKSENSEw/oHC.1andPARKSENSEw/oHC.2-001	Sys-RA-VF665_V42_VSM-789	PARK SENSE w/o HC.1 and PARK SENSE w/o HC.2 	PARK SENSE w/o HC.1 and PARK SENSE w/o HC.2	1.00.00	Heading			 	 	 	 	 	 	 		 	 
SWE1-VC-PARKSENSEw/oHC.1andPARKSENSEw/oHC.2-002	Sys-RA-VF665_V42_VSM-790	PARK SENSE w/o HC.1 and PARK SENSE w/o HC.2 	The HMI layer shall send a request to VehicleConfigManager to retrieve the CAN node 24 (PAM ) PROXI configuration.\nVehicleConfigManager shall communicate with VehicleConfigService, and VehicleConfigService shall check the requested CAN node 24 (PAM ) value from SystemProperties / HW configuration.\nThe response shall be returned from SystemProperties to VehicleConfigService, then to VehicleConfigManager, and finally to the HMI layer.\nThe HMI layer shall evaluate the received CAN node 24 (PAM ) PROXI value to determine the availability of the feature.\nIf $CAN node 24 (PAM )$ = [Present], the TLM shall display the corresponding customer setting and the user can perform the setting.	1.00.00	Functional Requirement	Vehicle Setting Management (VSM)	Y	The requirement is feasable to achieve.	Y	The requirement impacts *HW supplier and *SW supplier cost,operating schedule and timeline constraints.The parameter unavailability will impact vehicle performance	Medium	The requirement is dependent on *HW supplier and *SW supplier	None	It is a new requirement to be implemented in AAOS14	High	 *setting.Set/simulate “CAN node 24 (PAM )" PROXI parameter is equal to absent\n*check TLM shall not display the Park Sense Setting menu item and the user can not perform any setting.\n	 1. Software Validation\n2. System Validation\n3. Integration test.
SWE1-VC-PARKSENSEw/oHC.1andPARKSENSEw/oHC.2-003	Sys-RA-VF665_V42_VSM-791	PARK SENSE w/o HC.1 and PARK SENSE w/o HC.2 	The HMI layer shall capture the customer selection for the PAM Alert Mode setting and send the request using CarPropertyManager.setProperty() with the TELEMATIC_VEHICLE_SETUP.PamAlertMode_Req signal value set to Sound. CarPropertyService shall receive the request from CarPropertyManager and forward it to VHAL/IVehicle for hardware/IPC update. The HW supplier shall provide the VHAL/API interface to transmit the TELEMATIC_VEHICLE_SETUP.PamAlertMode_Req signal from TLM to IPC over the BH-CAN network, supporting the signal coding/value Sound. The HMI layer shall maintain and update the displayed setting according to the requested value, and any invalid value shall be treated as invalid by the HMI.	1.00.00	Functional Requirement	Vehicle Setting Management (VSM)	Y	The requirement is feasable to achieve.	Y	The requirement impacts *HW supplier and *SW supplier cost,operating schedule and timeline constraints.The parameter unavailability will impact vehicle performance	Medium	The requirement is dependent on *HW supplier and *SW supplier	None	It is a new requirement to be implemented in AAOS14	High	1.The HU shall be powered up (simulate valid ignition condition as mentioned in the requirement)\n2.The HU shall be equipped with test bench power OFF,ON,Flashing and desired testing controls with a host computer.\n3.The HU shall be configured allow the logs collection as ADP.\n4.The HU shall not have any issues with system/any other module.	1. Peer review\n2. Unit test\n3. Integration test\n4. *SW validation\n5. System Validation
SWE1-VC-PARKSENSEw/oHC.1andPARKSENSEw/oHC.2-004	Sys-RA-VF665_V42_VSM-792	PARK SENSE w/o HC.1 and PARK SENSE w/o HC.2 	The HMI layer shall capture the customer selection for the PAM Alert Mode setting and send the request using CarPropertyManager.setProperty() with the TELEMATIC_VEHICLE_SETUP.PamAlertMode_Req signal value set to **Sound+Display**. CarPropertyService shall receive the request from CarPropertyManager and forward it to VHAL/IVehicle for hardware/IPC update. The HW supplier shall provide the VHAL/API interface to transmit the TELEMATIC_VEHICLE_SETUP.PamAlertMode_Req signal from TLM to IPC over the BH-CAN network, supporting the signal coding/value **Sound+Display**. The HMI layer shall maintain and update the displayed setting according to the requested value, and any invalid value shall be treated as invalid by the HMI.	1.00.00	Functional Requirement	Vehicle Setting Management (VSM)	Y	The requirement is feasable to achieve.	Y	The requirement impacts *HW supplier and *SW supplier cost,operating schedule and timeline constraints.The parameter unavailability will impact vehicle performance	Medium	The requirement is dependent on *HW supplier and *SW supplier	None	It is a new requirement to be implemented in AAOS14	High	1.The HU shall be powered up (simulate valid ignition condition as mentioned in the requirement)\n2.The HU shall be equipped with test bench power OFF,ON,Flashing and desired testing controls with a host computer.\n3.The HU shall be configured allow the logs collection as ADP.\n4.The HU shall not have any issues with system/any other module.	1. Peer review\n2. Unit test\n3. Integration test\n4. *SW validation\n5. System Validation
SWE1-VC-PARKSENSEw/oHC.1andPARKSENSEw/oHC.2-005	Sys-RA-VF665_V42_VSM-793	PARK SENSE w/o HC.1 and PARK SENSE w/o HC.2 	The HW supplier shall notify the IPC_VEHICLE_SETUP.PamAlertMode signal via the VHAL interface. CarPropertyService shall receive the IPC_VEHICLE_SETUP.PamAlertMode signal from VHAL and forward it to CarPropertyManager. CarPropertyManager shall expose the value to the HMI via the API interface. The HMI layer shall evaluate the received IPC_VEHICLE_SETUP.PamAlertMode signal, update the TLM_Vehicle_Setup_Menu.Info internal signal, and display the Park Sense Alert Mode setting information accordingly within <TDisplay>. Any invalid value shall be considered invalid by the HMI.		Functional Requirement	Vehicle Setting Management (VSM)	Y	The requirement is feasable to achieve.	Y	The requirement impacts *HW supplier and *SW supplier cost,operating schedule and timeline constraints.The parameter unavailability will impact vehicle performance	Medium	The requirement is dependent on *HW supplier and *SW supplier	None	It is a new requirement to be implemented in AAOS14	High	1.The HU shall be powered up (simulate valid ignition condition as mentioned in the requirement)\n2.The HU shall be equipped with test bench power OFF,ON,Flashing and desired testing controls with a host computer.\n3.The HU shall be configured allow the logs collection as ADP.\n4.The HU shall not have any issues with system/any other module.	1. Peer review\n2. Unit test\n3. Integration test\n4. *SW validation\n5. System Validation
SWE1-VC-PARKSENSEw/oHC.1andPARKSENSEw/oHC.2-006	Sys-RA-VF665_V42_VSM-794	PARK SENSE w/o HC.1 and PARK SENSE w/o HC.2 	The HMI layer shall send a request to VehicleConfigManager to retrieve the CAN node 24 (PAM ) PROXI configuration.\nVehicleConfigManager shall communicate with VehicleConfigService, and VehicleConfigService shall check the requested CAN node 24 (PAM ) value from SystemProperties / HW configuration.\nThe response shall be returned from SystemProperties to VehicleConfigService, then to VehicleConfigManager, and finally to the HMI layer.\nThe HMI layer shall evaluate the received CAN node 24 (PAM ) PROXI value to determine the availability of the feature.\nIf $CAN node 24 (PAM )$ = [Present], the TLM shall display the corresponding customer setting and the user can perform the setting.	1.00.00	Functional Requirement	Vehicle Setting Management (VSM)	Y	The requirement is feasable to achieve.	Y	The requirement impacts *HW supplier and *SW supplier cost,operating schedule and timeline constraints.The parameter unavailability will impact vehicle performance	Medium	The requirement is dependent on *HW supplier and *SW supplier	None	It is a new requirement to be implemented in AAOS14	High	 *setting.Set/simulate “CAN node 24 (PAM )" PROXI parameter is equal to present\n*check TLM shall display the Park Sense Setting   menu item  and the user can perform setting.\n	 1. Software Validation\n2. System Validation\n3. Integration test.
SWE1-VC-RearParkSenseVolume/ParkSenseVolume-007	Sys-RA-VF665_V42_VSM-795	 Rear Park Sense Volume/ ParkSense Volume	Rear Park Sense Volume / ParkSense Volume	1.00.00	Heading			 	 	 	 	 	 	 		 	 
SWE1-VC-RearParkSenseVolume/ParkSenseVolume-008	Sys-RA-VF665_V42_VSM-796	 Rear Park Sense Volume/ ParkSense Volume	The HMI layer shall send a request to VehicleConfigManager to retrieve the CAN node 24 (PAM) and PAM_Configuration PROXI configuration.\nVehicleConfigManager shall communicate with VehicleConfigService, and VehicleConfigService shall check the requested CAN node 24 (PAM) and PAM_Configuration values from SystemProperties / HW configuration.\nThe response shall be returned from SystemProperties to VehicleConfigService, then to VehicleConfigManager, and finally to the HMI layer.\nThe HMI layer shall evaluate the received PROXI values to determine the availability of the feature.\nIf $CAN node 24 (PAM)$ = [Present], the TLM shall display the corresponding customer setting and the user can perform the setting.	1.00.00	Functional Requirement	Vehicle Setting Management (VSM)	Y	The requirement is feasable to achieve.	Y	The requirement impacts *HW supplier and *SW supplier cost,operating schedule and timeline constraints.The parameter unavailability will impact vehicle performance	Medium	The requirement is dependent on *HW supplier and *SW supplier	None	It is a new requirement to be implemented in AAOS14	High	 *setting.Set/simulate “CAN node 24 (PAM )" PROXI parameter is equal to present AND "PAM_Configuration" PROXI parameter is equal to  "Rear" OR "Front And Rear"\n*check IPC shall display the Front Park Sense Volume menu item  and the user can perform setting.\n	 1. Software Validation\n2. System Validation\n3. Integration test.
SWE1-VC-RearParkSenseVolume/ParkSenseVolume-009	Sys-RA-VF665_V42_VSM-797	 Rear Park Sense Volume/ ParkSense Volume	The HMI layer shall capture the customer selection for the PAM Chime Volume Rear setting and send the requestusing CarPropertyManager.setProperty() with the TELEMATIC_VEHICLE_SETUP.PamChimeVolumeRear_Req signal value set to Low. CarPropertyService shall receive the request from CarPropertyManager and forward it to VHAL/IVehicle for hardware/IPC update. \n The HW supplier shall provide the VHAL/API interface to transmit the TELEMATIC_VEHICLE_SETUP.PamChimeVolumeRear_Req signal fromTLM to IPC over the BH-CAN network, supporting the signal coding/value Low. The HMI layer shall maintain and update \n the displayed setting according to the requested value, and any invalid value shall be treated as invalid by the HMI.	1.00.00	Functional Requirement	Vehicle Setting Management (VSM)	Y	The requirement is feasable to achieve.	Y	The requirement impacts *HW supplier and *SW supplier cost,operating schedule and timeline constraints.The parameter unavailability will impact vehicle performance	Medium	The requirement is dependent on *HW supplier and *SW supplier	None	It is a new requirement to be implemented in AAOS14	High	1.The HU shall be powered up (simulate valid ignition condition as mentioned in the requirement)\n2.The HU shall be equipped with test bench power OFF,ON,Flashing and desired testing controls with a host computer.\n3.The HU shall be configured allow the logs collection as ADP.\n4.The HU shall not have any issues with system/any other module.	1. Peer review\n2. Unit test\n3. Integration test\n4. *SW validation\n5. System Validation
SWE1-VC-RearParkSenseVolume/ParkSenseVolume-010	Sys-RA-VF665_V42_VSM-798	 Rear Park Sense Volume/ ParkSense Volume	The HMI layer shall capture the customer selection for the **PAM Chime Volume Rear** setting and send the request using CarPropertyManager.setProperty() with the TELEMATIC_VEHICLE_SETUP.PamChimeVolumeRear_Req signal value set to **Med**. CarPropertyService shall receive the request from CarPropertyManager and forward it to VHAL/IVehicle for hardware/IPC update. The HW supplier shall provide the VHAL/API interface to transmit the TELEMATIC_VEHICLE_SETUP.PamChimeVolumeRear_Req signal from TLM to IPC over the BH-CAN network, supporting the signal coding/value **Med**. The HMI layer shall maintain and update the displayed setting according to the requested value, and any invalid value shall be treated as invalid by the HMI.	1.00.00	Functional Requirement	Vehicle Setting Management (VSM)	Y	The requirement is feasable to achieve.	Y	The requirement impacts *HW supplier and *SW supplier cost,operating schedule and timeline constraints.The parameter unavailability will impact vehicle performance	Medium	The requirement is dependent on *HW supplier and *SW supplier	None	It is a new requirement to be implemented in AAOS14	High	1.The HU shall be powered up (simulate valid ignition condition as mentioned in the requirement)\n2.The HU shall be equipped with test bench power OFF,ON,Flashing and desired testing controls with a host computer.\n3.The HU shall be configured allow the logs collection as ADP.\n4.The HU shall not have any issues with system/any other module.	1. Peer review\n2. Unit test\n3. Integration test\n4. *SW validation\n5. System Validation
SWE1-VC-RearParkSenseVolume/ParkSenseVolume-011	Sys-RA-VF665_V42_VSM-799	 Rear Park Sense Volume/ ParkSense Volume	The HMI layer shall capture the customer selection for the **PAM Chime Volume Rear** setting and send the request using CarPropertyManager.setProperty() with the TELEMATIC_VEHICLE_SETUP.PamChimeVolumeRear_Req signal value set to **High**. CarPropertyService shall receive the request from CarPropertyManager and forward it to VHAL/IVehicle for hardware/IPC update. The HW supplier shall provide the VHAL/API interface to transmit the TELEMATIC_VEHICLE_SETUP.PamChimeVolumeRear_Req signal from TLM to IPC over the BH-CAN network, supporting the signal coding/value **High**. The HMI layer shall maintain and update the displayed setting according to the requested value, and any invalid value shall be treated as invalid by the HMI.	1.00.00	Functional Requirement	Vehicle Setting Management (VSM)	Y	The requirement is feasable to achieve.	Y	The requirement impacts *HW supplier and *SW supplier cost,operating schedule and timeline constraints.The parameter unavailability will impact vehicle performance	Medium	The requirement is dependent on *HW supplier and *SW supplier	None	It is a new requirement to be implemented in AAOS14	High	1.The HU shall be powered up (simulate valid ignition condition as mentioned in the requirement)\n2.The HU shall be equipped with test bench power OFF,ON,Flashing and desired testing controls with a host computer.\n3.The HU shall be configured allow the logs collection as ADP.\n4.The HU shall not have any issues with system/any other module.	1. Peer review\n2. Unit test\n3. Integration test\n4. *SW validation\n5. System Validation
SWE1-VC-RearParkSenseVolume/ParkSenseVolume-012	Sys-RA-VF665_V42_VSM-800	 Rear Park Sense Volume/ ParkSense Volume	The HW supplier shall notify the IPC_VEHICLE_SETUP.PamChimeVolumeRear signal via the VHAL interface. CarPropertyService shall receive the IPC_VEHICLE_SETUP.PamChimeVolumeRear signal from VHAL and forward it to CarPropertyManager. CarPropertyManager shall expose the value to the HMI via the API interface. The HMI layer shall evaluate the received IPC_VEHICLE_SETUP.PamChimeVolumeRear signal, update the TLM_Vehicle_Setup_Menu.Info internal signal, and display the **Rear Park Sense Volume** setting information accordingly within <TDisplay>. Any invalid value shall be considered invalid by the HMI.	1.00.00	Functional Requirement	Vehicle Setting Management (VSM)	Y	The requirement is feasable to achieve.	Y	The requirement impacts *HW supplier and *SW supplier cost,operating schedule and timeline constraints.The parameter unavailability will impact vehicle performance	Medium	The requirement is dependent on *HW supplier and *SW supplier	None	It is a new requirement to be implemented in AAOS14	High	1.The HU shall be powered up (simulate valid ignition condition as mentioned in the requirement)\n2.The HU shall be equipped with test bench power OFF,ON,Flashing and desired testing controls with a host computer.\n3.The HU shall be configured allow the logs collection as ADP.\n4.The HU shall not have any issues with system/any other module.	1. Peer review\n2. Unit test\n3. Integration test\n4. *SW validation\n5. System Validation
SWE1-VC-RearParkSenseVolume/ParkSenseVolume-013	Sys-RA-VF665_V42_VSM-801	 Rear Park Sense Volume/ ParkSense Volume	The HMI layer shall determine the availability of the **Rear Park Sense Volume** setting based on the corresponding vehicle configuration or feature availability. If the feature is not supported, the HMI layer shall not display the **Rear Park Sense Volume** menu item, and the user shall not be able to access or modify the setting. CarPropertyManager and CarPropertyService shall not issue any property request for this setting when it is unavailable. The HMI layer shall ensure that the menu item remains hidden until the feature becomes available through the corresponding vehicle configuration.	1.00.00	Functional Requirement	Vehicle Setting Management (VSM)	Y	The requirement is feasable to achieve.	Y	The requirement impacts *HW supplier and *SW supplier cost,operating schedule and timeline constraints.The parameter unavailability will impact vehicle performance	Medium	The requirement is dependent on *HW supplier and *SW supplier	None	It is a new requirement to be implemented in AAOS14	High	1.The HU shall be powered up (simulate valid ignition condition as mentioned in the requirement)\n2.The HU shall be equipped with test bench power OFF,ON,Flashing and desired testing controls with a host computer.\n3.The HU shall be configured allow the logs collection as ADP.\n4.The HU shall not have any issues with system/any other module.	1. Peer review\n2. Unit test\n3. Integration test\n4. *SW validation\n5. System Validation
SWE1-VC-FrontParkSenseVolume-014	Sys-RA-VF665_V42_VSM-802	 Front Park Sense Volume	 Front Park Sense Volume	1.00.00	Heading			 	 	 	 	 	 	 		 	 
SWE1-VC-FrontParkSenseVolume-015	Sys-RA-VF665_V42_VSM-803	 Front Park Sense Volume	The HMI layer shall send a request to VehicleConfigManager to retrieve the CAN node 24 (PAM) and PAM_Configuration PROXI configuration.\nVehicleConfigManager shall communicate with VehicleConfigService, and VehicleConfigService shall check the requested CAN node 24 (PAM) and PAM_Configuration values from SystemProperties / HW configuration.\nThe response shall be returned from SystemProperties to VehicleConfigService, then to VehicleConfigManager, and finally to the HMI layer.\nThe HMI layer shall evaluate the received PROXI values to determine the availability of the feature.\nIf $CAN node 24 (PAM)$ = [Present], the TLM shall display the corresponding customer setting and the user can perform the setting.	1.00.00	Functional Requirement	Vehicle Setting Management (VSM)	Y	The requirement is feasable to achieve.	Y	The requirement impacts *HW supplier and *SW supplier cost,operating schedule and timeline constraints.The parameter unavailability will impact vehicle performance	Medium	The requirement is dependent on *HW supplier and *SW supplier	None	It is a new requirement to be implemented in AAOS14	High	 *setting.Set/simulate “CAN node 24 (PAM )" PROXI parameter is equal to present AND "PAM_Configuration" PROXI parameter is equal to  "Front And Rear"\n*check IPC shall display the Front Park Sense Volume menu item  and the user can perform setting.\n	 1. Software Validation\n2. System Validation\n3. Integration test.
SWE1-VC-FrontParkSenseVolume-016	Sys-RA-VF665_V42_VSM-804	 Front Park Sense Volume	The HMI layer shall capture the customer selection for the **PAM Chime Volume Front** setting and send the request using CarPropertyManager.setProperty() with the TELEMATIC_VEHICLE_SETUP.PamChimeVolumeFront_Req signal value set to **Low**. CarPropertyService` shall receive the request from CarPropertyManager and forward it to VHAL/IVehicle for hardware/IPC update. The HW supplier shall provide the VHAL/API interface to transmit the `TELEMATIC_VEHICLE_SETUP.PamChimeVolumeFront_Req signal from TLM to IPC over the BH-CAN network, supporting the signal coding/value **Low**. The HMI layer shall maintain and update the displayed setting according to the requested value, and any invalid value shall be treated as invalid by the HMI.	1.00.00	Functional Requirement	Vehicle Setting Management (VSM)	Y	The requirement is feasable to achieve.	Y	The requirement impacts *HW supplier and *SW supplier cost,operating schedule and timeline constraints.The parameter unavailability will impact vehicle performance	Medium	The requirement is dependent on *HW supplier and *SW supplier	None	It is a new requirement to be implemented in AAOS14	High	1.The HU shall be powered up (simulate valid ignition condition as mentioned in the requirement)\n2.The HU shall be equipped with test bench power OFF,ON,Flashing and desired testing controls with a host computer.\n3.The HU shall be configured allow the logs collection as ADP.\n4.The HU shall not have any issues with system/any other module.	1. Peer review\n2. Unit test\n3. Integration test\n4. *SW validation\n5. System Validation
SWE1-VC-FrontParkSenseVolume-017	Sys-RA-VF665_V42_VSM-805	 Front Park Sense Volume	The HMI layer shall capture the customer selection for the **PAM Chime Volume Front** setting and send the request using CarPropertyManager.setProperty() with the TELEMATIC_VEHICLE_SETUP.PamChimeVolumeFront_Req` signal value set to **Med**. CarPropertyService shall receive the request from CarPropertyManager and forward it to VHAL/IVehicle for hardware/IPC update. The HW supplier shall provide the VHAL/API interface to transmit the TELEMATIC_VEHICLE_SETUP.PamChimeVolumeFront_Req signal from TLM to IPC over the BH-CAN network, supporting the signal coding/value **Med**. The HMI layer shall maintain and update the displayed setting according to the requested value, and any invalid value shall be treated as invalid by the HMI.	1.00.00	Functional Requirement	Vehicle Setting Management (VSM)	Y	The requirement is feasable to achieve.	Y	The requirement impacts *HW supplier and *SW supplier cost,operating schedule and timeline constraints.The parameter unavailability will impact vehicle performance	Medium	The requirement is dependent on *HW supplier and *SW supplier	None	It is a new requirement to be implemented in AAOS14	High	1.The HU shall be powered up (simulate valid ignition condition as mentioned in the requirement)\n2.The HU shall be equipped with test bench power OFF,ON,Flashing and desired testing controls with a host computer.\n3.The HU shall be configured allow the logs collection as ADP.\n4.The HU shall not have any issues with system/any other module.	1. Peer review\n2. Unit test\n3. Integration test\n4. *SW validation\n5. System Validation
SWE1-VC-FrontParkSenseVolume-018	Sys-RA-VF665_V42_VSM-806	 Front Park Sense Volume	The HMI layer shall capture the customer selection for the **PAM Chime Volume Front** setting and send the request using CarPropertyManager.setProperty() with the TELEMATIC_VEHICLE_SETUP.PamChimeVolumeFront_Req signal value set to **High**. CarPropertyService shall receive the request from CarPropertyManager and forward it to VHAL/IVehicle for hardware/IPC update. The HW supplier shall provide the VHAL/API interface to transmit the TELEMATIC_VEHICLE_SETUP.PamChimeVolumeFront_Req` signal from TLM to IPC over the BH-CAN network, supporting the signal coding/value **High**. The HMI layer shall maintain and update the displayed setting according to the requested value, and any invalid value shall be treated as invalid by the HMI.		Functional Requirement	Vehicle Setting Management (VSM)	Y	The requirement is feasable to achieve.	Y	The requirement impacts *HW supplier and *SW supplier cost,operating schedule and timeline constraints.The parameter unavailability will impact vehicle performance	Medium	The requirement is dependent on *HW supplier and *SW supplier	None	It is a new requirement to be implemented in AAOS14	High	1.The HU shall be powered up (simulate valid ignition condition as mentioned in the requirement)\n2.The HU shall be equipped with test bench power OFF,ON,Flashing and desired testing controls with a host computer.\n3.The HU shall be configured allow the logs collection as ADP.\n4.The HU shall not have any issues with system/any other module.	1. Peer review\n2. Unit test\n3. Integration test\n4. *SW validation\n5. System Validation
SWE1-VC-FrontParkSenseVolume-019	Sys-RA-VF665_V42_VSM-807	 Front Park Sense Volume	The HW supplier shall notify the IPC_VEHICLE_SETUP.PamChimeVolumeFront signal via the VHAL interface. CarPropertyService shall receive the IPC_VEHICLE_SETUP.PamChimeVolumeFront signal from VHAL and forward it to CarPropertyManager. CarPropertyManager shall expose the value to the HMI via the API interface. The HMI layer shall evaluate the received `IPC_VEHICLE_SETUP.PamChimeVolumeFront signal, update the TLM_Vehicle_Setup_Menu.Info internal signal, and display the **Front Park Sense Volume** setting information accordingly within <TDisplay>. Any invalid value shall be considered invalid by the HMI.	1.00.00	Functional Requirement	Vehicle Setting Management (VSM)	Y	The requirement is feasable to achieve.	Y	The requirement impacts *HW supplier and *SW supplier cost,operating schedule and timeline constraints.The parameter unavailability will impact vehicle performance	Medium	The requirement is dependent on *HW supplier and *SW supplier	None	It is a new requirement to be implemented in AAOS14	High	1.The HU shall be powered up (simulate valid ignition condition as mentioned in the requirement)\n2.The HU shall be equipped with test bench power OFF,ON,Flashing and desired testing controls with a host computer.\n3.The HU shall be configured allow the logs collection as ADP.\n4.The HU shall not have any issues with system/any other module.	1. Peer review\n2. Unit test\n3. Integration test\n4. *SW validation\n5. System Validation
SWE1-VC-FrontParkSenseVolume-020	Sys-RA-VF665_V42_VSM-808	 Front Park Sense Volume	The HW supplier shall notify the availability status of the **Front Park Sense Volume** feature via the VHAL interface. CarPropertyService shall receive the feature availability status from VHAL and forward it to CarPropertyManager. CarPropertyManager shall expose the availability status to the HMI via the API interface. The HMI layer shall evaluate the received feature availability status and, if the **Front Park Sense Volume** feature is not supported, shall not display the **Front Park Sense Volume** menu item. The user shall not be able to access or modify the setting, and the HMI shall not issue any property request for this feature until a valid availability status indicating feature support is received.	1.00.00	Functional Requirement	Vehicle Setting Management (VSM)	Y	The requirement is feasable to achieve.	Y	The requirement impacts *HW supplier and *SW supplier cost,operating schedule and timeline constraints.The parameter unavailability will impact vehicle performance	Medium	The requirement is dependent on *HW supplier and *SW supplier	None	It is a new requirement to be implemented in AAOS14	High	1.The HU shall be powered up (simulate valid ignition condition as mentioned in the requirement)\n2.The HU shall be equipped with test bench power OFF,ON,Flashing and desired testing controls with a host computer.\n3.The HU shall be configured allow the logs collection as ADP.\n4.The HU shall not have any issues with system/any other module.	1. Peer review\n2. Unit test\n3. Integration test\n4. *SW validation\n5. System Validation
SWE1-VC-FrontParkSenseVolume-021	Sys-RA-VF665_V42_VSM-809	 Front Park Sense Volume	The HW supplier shall notify the availability status of the **Park Sense Setting** **Rear Park Sense Volume** and **Front Park Sense Volume** features via the VHAL interface. CarPropertyService` shall receive the feature availability status from VHAL and forward it to CarPropertyManager. CarPropertyManager shall expose the availability status to the HMI via the API interface. The HMI layer shall evaluate the received feature availability status and, if the features are not supported, shall not display the **Park Sense Setting**, **Rear Park Sense Volume**, and **Front Park Sense Volume** menu items. The user shall not be able to access or modify these settings, and the HMI shall not issue any property request for these features until a valid availability status indicating feature support is received.	1.00.00	Functional Requirement	Vehicle Setting Management (VSM)	Y	The requirement is feasable to achieve.	Y	The requirement impacts *HW supplier and *SW supplier cost,operating schedule and timeline constraints.The parameter unavailability will impact vehicle performance	Medium	The requirement is dependent on *HW supplier and *SW supplier	None	It is a new requirement to be implemented in AAOS14	High	1.The HU shall be powered up (simulate valid ignition condition as mentioned in the requirement)\n2.The HU shall be equipped with test bench power OFF,ON,Flashing and desired testing controls with a host computer.\n3.The HU shall be configured allow the logs collection as ADP.\n4.The HU shall not have any issues with system/any other module.	1. Peer review\n2. Unit test\n3. Integration test\n4. *SW validation\n5. System Validation
SWE1-VC-AutoHighBeam-022	Sys-RA-VF665_V42_VSM-810	Auto High  Beam  	Auto High Beam	1.00.00	Heading			 	 	 	 	 	 	 		 	 
SWE1-VC-AutoHighBeam-023	Sys-RA-VF665_V42_VSM-811	Auto High  Beam  	The HMI layer shall send a request to VehicleConfigManager to retrieve the AHBM_Feature_Menu PROXI configuration.\nVehicleConfigManager shall communicate with VehicleConfigService, and VehicleConfigService shall check the requested AHBM_Feature_Menu value from SystemProperties / HW configuration.\nThe response shall be returned from SystemProperties to VehicleConfigService, then to VehicleConfigManager, and finally to the HMI layer.\nThe HMI layer shall evaluate the received AHBM_Feature_Menu PROXI value to determine the availability of the feature.\nIf $AHBM_Feature_Menu$ = [Absent], the TLM shall not display the corresponding customer setting.	1.00.00	Functional Requirement	Vehicle Setting Management (VSM)	Y	The requirement is feasable to achieve.	Y	The requirement impacts *HW supplier and *SW supplier cost,operating schedule and timeline constraints.The parameter unavailability will impact vehicle performance	Medium	The requirement is dependent on *HW supplier and *SW supplier	None	It is a new requirement to be implemented in AAOS14	High	 *setting.Set/simulate “AHBM_Feature_Menu" PROXI parameter is equal to absent\n*check TLM shall not display the Auto High Beam  menu item and the user can not perform any setting.\n	 1. Software Validation\n2. System Validation\n3. Integration test.
SWE1-VC-AutoHighBeam-024	Sys-RA-VF665_V42_VSM-812	Auto High  Beam  	The HMI layer shall send a request to VehicleConfigManager to retrieve the AHBM_Feature_Menu PROXI configuration.\nVehicleConfigManager shall communicate with VehicleConfigService, and VehicleConfigService shall check the requested AHBM_Feature_Menu value from SystemProperties / HW configuration.\nThe response shall be returned from SystemProperties to VehicleConfigService, then to VehicleConfigManager, and finally to the HMI layer.\nThe HMI layer shall evaluate the received AHBM_Feature_Menu PROXI value to determine the availability of the feature.\nIf $AHBM_Feature_Menu$ = [Present], the TLM shall display the corresponding customer setting and the user can perform the setting.	1.00.00	Functional Requirement	Vehicle Setting Management (VSM)	Y	The requirement is feasable to achieve.	Y	The requirement impacts *HW supplier and *SW supplier cost,operating schedule and timeline constraints.The parameter unavailability will impact vehicle performance	Medium	The requirement is dependent on *HW supplier and *SW supplier	None	It is a new requirement to be implemented in AAOS14	High	 *setting.Set/simulate “AHBM_Feature_Menu" PROXI parameter is equal to present\n*check TLM shall display the Auto High Beam  menu item and the user can perform any setting.\n	 1. Software Validation\n2. System Validation\n3. Integration test.
SWE1-VC-AutoHighBeam-025	Sys-RA-VF665_V42_VSM-813	Auto High  Beam  	The HMI layer shall capture the customer selection for the **Auto High Beam** setting and send the request using CarPropertyManager.setProperty() with the TELEMATIC_VEHICLE_SETUP.AutoHighBeamEnable_Req signal value set to **Enable**. CarPropertyService shall receive the request from CarPropertyManager and forward it to VHAL/IVehicle for hardware/IPC update. The HW supplier shall provide the VHAL/API interface to transmit the TELEMATIC_VEHICLE_SETUP.AutoHighBeamEnable_Req signal from TLM to IPC over the BH-CAN network, supporting the signal coding/value **Enable**. The HMI layer shall maintain and update the displayed setting according to the requested value, and any invalid value shall be treated as invalid by the HMI.	1.00.00	Functional Requirement			The requirement is feasable to achieve.	Y	The requirement impacts *HW supplier and *SW supplier cost,operating schedule and timeline constraints.The parameter unavailability will impact vehicle performance	Medium	The requirement is dependent on *HW supplier and *SW supplier	None	It is a new requirement to be implemented in AAOS14	High	1.The HU shall be powered up (simulate valid ignition condition as mentioned in the requirement)\n2.The HU shall be equipped with test bench power OFF,ON,Flashing and desired testing controls with a host computer.\n3.The HU shall be configured allow the logs collection as ADP.\n4.The HU shall not have any issues with system/any other module.	1. Peer review\n2. Unit test\n3. Integration test\n4. *SW validation\n5. System Validation
SWE1-VC-AutoHighBeam-026	Sys-RA-VF665_V42_VSM-814	Auto High  Beam  	The HMI layer shall capture the customer selection for the **Auto High Beam** setting and send the request using CarPropertyManager.setProperty() with the TELEMATIC_VEHICLE_SETUP.AutoHighBeamEnable_Req signal value set to **Not_Enable**. CarPropertyService shall receive the request from CarPropertyManager and forward it to VHAL/IVehicle for hardware/IPC update. The HW supplier shall provide the VHAL/API interface to transmit the `TELEMATIC_VEHICLE_SETUP.AutoHighBeamEnable_Req signal from TLM to IPC over the BH-CAN network, supporting the signal coding/value **Not_Enable**. The HMI layer shall maintain and update the displayed setting according to the requested value, and any invalid value shall be treated as invalid by the HMI.	1.00.00	Functional Requirement	Vehicle Setting Management (VSM)	Y	The requirement is feasable to achieve.	Y	The requirement impacts *HW supplier and *SW supplier cost,operating schedule and timeline constraints.The parameter unavailability will impact vehicle performance	Medium	The requirement is dependent on *HW supplier and *SW supplier	None	It is a new requirement to be implemented in AAOS14	High	1.The HU shall be powered up (simulate valid ignition condition as mentioned in the requirement)\n2.The HU shall be equipped with test bench power OFF,ON,Flashing and desired testing controls with a host computer.\n3.The HU shall be configured allow the logs collection as ADP.\n4.The HU shall not have any issues with system/any other module.	1. Peer review\n2. Unit test\n3. Integration test\n4. *SW validation\n5. System Validation
SWE1-VC-AutoHighBeam-027	Sys-RA-VF665_V42_VSM-815	Auto High  Beam  	The HW supplier shall notify the IPC_VEHICLE_SETUP.AutoHighBeamEnable signal via the VHAL interface. CarPropertyService shall receive the IPC_VEHICLE_SETUP.AutoHighBeamEnable signal from VHAL and forward it to CarPropertyManager. CarPropertyManager` shall expose the value to the HMI via the API interface. The HMI layer shall evaluate the received IPC_VEHICLE_SETUP.AutoHighBeamEnable signal, update the `TLM_Vehicle_Setup_Menu.Info internal signal, and display the **Auto High Beam** setting information accordingly within <TDisplay>. Any invalid value shall be considered invalid by the HMI.	1.00.00	Functional Requirement	Vehicle Setting Management (VSM)	Y	The requirement is feasable to achieve.	Y	The requirement impacts *HW supplier and *SW supplier cost,operating schedule and timeline constraints.The parameter unavailability will impact vehicle performance	Medium	The requirement is dependent on *HW supplier and *SW supplier	None	It is a new requirement to be implemented in AAOS14	High	1.The HU shall be powered up (simulate valid ignition condition as mentioned in the requirement)\n2.The HU shall be equipped with test bench power OFF,ON,Flashing and desired testing controls with a host computer.\n3.The HU shall be configured allow the logs collection as ADP.\n4.The HU shall not have any issues with system/any other module.	1. Peer review\n2. Unit test\n3. Integration test\n4. *SW validation\n5. System Validation
SWE1-VC-DynamicGridlines-028	Sys-RA-VF665_V42_VSM-816	Dynamic Gridlines 	Dynamic Gridlines	1.00.00	Heading			 	 	 	 	 	 	 		 	 
SWE1-VC-DynamicGridlines-029	Sys-RA-VF665_V42_VSM-817	Dynamic Gridlines 	The HMI layer shall send a request to VehicleConfigManager to retrieve the Rear_View_Camera PROXI configuration.\nVehicleConfigManager shall communicate with VehicleConfigService, and VehicleConfigService shall check the requested Rear_View_Camera value from SystemProperties / HW configuration.\nThe response shall be returned from SystemProperties to VehicleConfigService, then to VehicleConfigManager, and finally to the HMI layer.\nThe HMI layer shall evaluate the received Rear_View_Camera PROXI value to determine the availability of the feature.\nIf $Rear_View_Camera$ = [Absent], the TLM shall not display the corresponding customer setting.	1.00.00	Functional Requirement	Vehicle Setting Management (VSM)	Y	The requirement is feasable to achieve.	Y	The requirement impacts *HW supplier and *SW supplier cost,operating schedule and timeline constraints.The parameter unavailability will impact vehicle performance	Medium	The requirement is dependent on *HW supplier and *SW supplier	None	It is a new requirement to be implemented in AAOS14	High	 *setting.Set/simulate “Rear_View_Camera" PROXI parameter is equal to absent\n*check TLM shall not display the Dynamic Gridlines  menu item and the user can not perform setting.	 1. Software Validation\n2. System Validation\n3. Integration test.
SWE1-VC-DynamicGridlines-030	Sys-RA-VF665_V42_VSM-818	Dynamic Gridlines 	The HMI layer shall send a request to VehicleConfigManager to retrieve the Rear_View_Camera PROXI configuration.\nVehicleConfigManager shall communicate with VehicleConfigService, and VehicleConfigService shall check the requested Rear_View_Camera value from SystemProperties / HW configuration.\nThe response shall be returned from SystemProperties to VehicleConfigService, then to VehicleConfigManager, and finally to the HMI layer.\nThe HMI layer shall evaluate the received Rear_View_Camera PROXI value to determine the availability of the feature.\nIf $Rear_View_Camera$ = [Present], the TLM shall display the corresponding customer setting and the user can perform the setting.	1.00.00	Functional Requirement	Vehicle Setting Management (VSM)	Y	The requirement is feasable to achieve.	Y	The requirement impacts *HW supplier and *SW supplier cost,operating schedule and timeline constraints.The parameter unavailability will impact vehicle performance	Medium	The requirement is dependent on *HW supplier and *SW supplier	None	It is a new requirement to be implemented in AAOS14	High	 *setting.Set/simulate “Rear_View_Camera" PROXI parameter is equal to present\n*check TLM shall display the Dynamic Gridlines  menu item and the user can perform setting with the following options:\nOff, On"\n	 1. Software Validation\n2. System Validation\n3. Integration test.
SWE1-VC-DynamicGridlines-031	Sys-RA-VF665_V42_VSM-819	Dynamic Gridlines 	The HMI layer shall capture the customer selection for the **Dynamic Grid** setting and send the request using CarPropertyManager.setProperty() with the DynamicGrid.Req property value set to **Off**. CarPropertyService shall receive the request from CarPropertyManager and forward it to VHAL/IVehicle for hardware update. The System Software shall set the DynamicGrid.Req internal signal to **OFF** based on the user selection. The HMI layer shall maintain and update the displayed setting according to the requested value, and any invalid value shall be treated as invalid by the HMI.	1.00.00	Functional Requirement	Vehicle Setting Management (VSM)	Y	The requirement is feasable to achieve.	Y	The requirement impacts *HW supplier and *SW supplier cost,operating schedule and timeline constraints.The parameter unavailability will impact vehicle performance	Medium	The requirement is dependent on *HW supplier and *SW supplier	None	It is a new requirement to be implemented in AAOS14	High	 *setting.Set/simulate “Dynamic_Grid_Setting.Req is equal to "Off"\n*check TLM shall set "DynamicGrid.Req" internal signal equal to "OFF".\n	 1. Software Validation\n2. System Validation\n3. Integration test.
SWE1-VC-DynamicGridlines-032	Sys-RA-VF665_V42_VSM-820	Dynamic Gridlines 	The HMI layer shall capture the customer selection for the **Dynamic Grid** setting and send the request using CarPropertyManager.setProperty() with the DynamicGrid.Req property value set to **On**. CarPropertyService shall receive the request from CarPropertyManager and forward it to VHAL/IVehicle for hardware update. The System Software shall set the DynamicGrid.Req internal signal to **ON** based on the user selection. The HMI layer shall maintain and update the displayed setting according to the requested value, and any invalid value shall be treated as invalid by the HMI.	1.00.00	Functional Requirement	Vehicle Setting Management (VSM)	Y	The requirement is feasable to achieve.	Y	The requirement impacts *HW supplier and *SW supplier cost,operating schedule and timeline constraints.The parameter unavailability will impact vehicle performance	Medium	The requirement is dependent on *HW supplier and *SW supplier	None	It is a new requirement to be implemented in AAOS14	High	 *setting.Set/simulate “Dynamic_Grid_Setting.Req is equal to "On"\n*check TLM shall set "DynamicGrid.Req" internal signal equal to "ON".\n	 1. Software Validation\n2. System Validation\n3. Integration test.
SWE1-VC-TrafficSignRecognition-033	Sys-RA-VF665_V42_VSM-821	Traffic Sign Recognition 	Traffic Sign Recognition	1.00.00	Heading			 	 	 	 	 	 	 		 	 
SWE1-VC-TrafficSignRecognition-034	Sys-RA-VF665_V42_VSM-822	Traffic Sign Recognition 	The HMI layer shall send a request to VehicleConfigManager to retrieve the Traffic_Sign_Recognition_Menu PROXI configuration.\nVehicleConfigManager shall communicate with VehicleConfigService, and VehicleConfigService shall check the requested Traffic_Sign_Recognition_Menu value from SystemProperties / HW configuration.\nThe response shall be returned from SystemProperties to VehicleConfigService, then to VehicleConfigManager, and finally to the HMI layer.\nThe HMI layer shall evaluate the received Traffic_Sign_Recognition_Menu PROXI value to determine the availability of the feature.\nIf $Traffic_Sign_Recognition_Menu$ = [Absent], the TLM shall not display the corresponding customer setting.	1.00.00	Functional Requirement	Vehicle Setting Management (VSM)	Y	The requirement is feasable to achieve.	Y	The requirement impacts *HW supplier and *SW supplier cost,operating schedule and timeline constraints.The parameter unavailability will impact vehicle performance	Medium	The requirement is dependent on *HW supplier and *SW supplier	None	It is a new requirement to be implemented in AAOS14	High	 *setting.Set/simulate “Traffic_Sign_Recognition_Menu" PROXI parameter is equal to absent\n*check TLM shall not display the Traffic Sign Recognition  menu item and the user can not perform any setting.	 1. Software Validation\n2. System Validation\n3. Integration test.
SWE1-VC-TrafficSignRecognition-035	Sys-RA-VF665_V42_VSM-823	Traffic Sign Recognition 	The HMI layer shall send a request to VehicleConfigManager to retrieve the Traffic_Sign_Recognition_Menu PROXI configuration.\nVehicleConfigManager shall communicate with VehicleConfigService, and VehicleConfigService shall check the requested Traffic_Sign_Recognition_Menu value from SystemProperties / HW configuration.\nThe response shall be returned from SystemProperties to VehicleConfigService, then to VehicleConfigManager, and finally to the HMI layer.\nThe HMI layer shall evaluate the received Traffic_Sign_Recognition_Menu PROXI value to determine the availability of the feature.\nIf $Traffic_Sign_Recognition_Menu$ = [Present], the TLM shall display the corresponding customer setting and the user can perform the setting.	1.00.00	Functional Requirement	Vehicle Setting Management (VSM)	Y	The requirement is feasable to achieve.	Y	The requirement impacts *HW supplier and *SW supplier cost,operating schedule and timeline constraints.The parameter unavailability will impact vehicle performance	Medium	The requirement is dependent on *HW supplier and *SW supplier	None	It is a new requirement to be implemented in AAOS14	High	 *setting.Set/simulate “Traffic_Sign_Recognition_Menu" PROXI parameter is equal to present\n*check TLM shall display the Traffic Sign Recognition menu item and the user can perform setting with the following options:\nOff, On	 1. Software Validation\n2. System Validation\n3. Integration test.
SWE1-VC-TrafficSignRecognition-036	Sys-RA-VF665_V42_VSM-824	Traffic Sign Recognition 	The HMI layer shall capture the customer selection for the **Traffic Sign Recognition (TSR)** setting and send the request using CarPropertyManager.setProperty() with the TELEMATIC_VEHICLE_SETUP2.TSREnableReq signal value set to **Not_Active**. CarPropertyService shall receive the request from CarPropertyManager and forward it to VHAL/IVehicle for hardware/IPC update. The HW supplier shall provide the VHAL/API interface to transmit the TELEMATIC_VEHICLE_SETUP2.TSREnableReq signal from TLM to IPC over the BH-CAN network, supporting the signal coding/value **Not_Active**. The HMI layer shall maintain and update the displayed **Traffic Sign Recognition (TSR)** setting according to the requested value, and any invalid value shall be treated as invalid by the HMI.	1.00.00	Functional Requirement	Vehicle Setting Management (VSM)	Y	The requirement is feasable to achieve.	Y	The requirement impacts *HW supplier and *SW supplier cost,operating schedule and timeline constraints.The parameter unavailability will impact vehicle performance	Medium	The requirement is dependent on *HW supplier and *SW supplier	None	It is a new requirement to be implemented in AAOS14	High	1.The HU shall be powered up (simulate valid ignition condition as mentioned in the requirement)\n2.The HU shall be equipped with test bench power OFF,ON,Flashing and desired testing controls with a host computer.\n3.The HU shall be configured allow the logs collection as ADP.\n4.The HU shall not have any issues with system/any other module.	1. Peer review\n2. Unit test\n3. Integration test\n4. *SW validation\n5. System Validation
SWE1-VC-TrafficSignRecognition-037	Sys-RA-VF665_V42_VSM-825	Traffic Sign Recognition 	The HMI layer shall capture the customer selection for the **Traffic Sign Recognition (TSR)** setting and send the request using CarPropertyManager.setProperty() with the `TELEMATIC_VEHICLE_SETUP2.TSREnableReq signal value set to **Active**. CarPropertyService shall receive the request from CarPropertyManager and forward it to VHAL/IVehicle for hardware/IPC update. The HW supplier shall provide the VHAL/API interface to transmit the TELEMATIC_VEHICLE_SETUP2.TSREnableReq signal from TLM to IPC over the BH-CAN network, supporting the signal coding/value **Active**. The HMI layer shall maintain and update the displayed **Traffic Sign Recognition (TSR)** setting according to the requested value, and any invalid value shall be treated as invalid by the HMI.	1.00.00	Functional Requirement	Vehicle Setting Management (VSM)	N	The requirement is feasable to achieve.	Y	The requirement impacts *HW supplier and *SW supplier cost,operating schedule and timeline constraints.The parameter unavailability will impact vehicle performance	Medium	The requirement is dependent on *HW supplier and *SW supplier	None	It is a new requirement to be implemented in AAOS14	High	1.The HU shall be powered up (simulate valid ignition condition as mentioned in the requirement)\n2.The HU shall be equipped with test bench power OFF,ON,Flashing and desired testing controls with a host computer.\n3.The HU shall be configured allow the logs collection as ADP.\n4.The HU shall not have any issues with system/any other module.	1. Peer review\n2. Unit test\n3. Integration test\n4. *SW validation\n5. System Validation
SWE1-VC-TrafficSignRecognition-038	Sys-RA-VF665_V42_VSM-826	Traffic Sign Recognition 	The HW supplier shall notify the IPC_VEHICLE_SETUP2.TSREnable signal via the VHAL interface. CarPropertyService shall receive the IPC_VEHICLE_SETUP2.TSREnable signal from VHAL and forward it to CarPropertyManager. CarPropertyManager shall expose the value to the HMI via the API interface. The HMI layer shall evaluate the received IPC_VEHICLE_SETUP2.TSREnable signal, update the TLM_Vehicle_Setup_Menu.Info internal signal, and display the **Traffic Sign Recognition (TSR)** setting information accordingly within <TDisplay>. Any invalid value shall be considered invalid by the HMI.	1.00.00	Functional Requirement	Vehicle Setting Management (VSM)	Y	The requirement is feasable to achieve.	Y	The requirement impacts *HW supplier and *SW supplier cost,operating schedule and timeline constraints.The parameter unavailability will impact vehicle performance	Medium	The requirement is dependent on *HW supplier and *SW supplier	None	It is a new requirement to be implemented in AAOS14	High	1.The HU shall be powered up (simulate valid ignition condition as mentioned in the requirement)\n2.The HU shall be equipped with test bench power OFF,ON,Flashing and desired testing controls with a host computer.\n3.The HU shall be configured allow the logs collection as ADP.\n4.The HU shall not have any issues with system/any other module.	1. Peer review\n2. Unit test\n3. Integration test\n4. *SW validation\n5. System Validation
SWE1-VC-TrafficSignAssistWarning-039	Sys-RA-VF665_V42_VSM-827	Traffic Sign Assist Warning 	Traffic Sign Assist Warning	1.00.00	Heading			 	 	 	 	 	 	 		 	 
SWE1-VC-TrafficSignAssistWarning-040	Sys-RA-VF665_V42_VSM-828	Traffic Sign Assist Warning 	The HMI layer shall send a request to VehicleConfigManager to retrieve the Traffic_Sign_Recognition_Menu PROXI configuration.\nVehicleConfigManager shall communicate with VehicleConfigService, and VehicleConfigService shall check the requested Traffic_Sign_Recognition_Menu value from SystemProperties / HW configuration.\nThe response shall be returned from SystemProperties to VehicleConfigService, then to VehicleConfigManager, and finally to the HMI layer.\nThe HMI layer shall evaluate the received Traffic_Sign_Recognition_Menu PROXI value to determine the availability of the feature.\nIf $Traffic_Sign_Recognition_Menu$ = [Absent], the TLM shall not display the corresponding customer setting.	1.00.00	Functional Requirement	Vehicle Setting Management (VSM)	Y	The requirement is feasable to achieve.	Y	The requirement impacts *HW supplier and *SW supplier cost,operating schedule and timeline constraints.The parameter unavailability will impact vehicle performance	Medium	The requirement is dependent on *HW supplier and *SW supplier	None	It is a new requirement to be implemented in AAOS14	High	 *setting.Set/simulate “Traffic_Sign_Recognition_Menu" PROXI parameter is equal to absent\n*check TLM shall not display the Traffic Sign Assist Warning  menu item and the user can not perform any setting.	 1. Software Validation\n2. System Validation\n3. Integration test.
SWE1-VC-TrafficSignAssistWarning-041	Sys-RA-VF665_V42_VSM-829	Traffic Sign Assist Warning 	The HMI layer shall send a request to VehicleConfigManager to retrieve the Traffic_Sign_Recognition_Menu PROXI configuration.\nVehicleConfigManager shall communicate with VehicleConfigService, and VehicleConfigService shall check the requested Traffic_Sign_Recognition_Menu value from SystemProperties / HW configuration.\nThe response shall be returned from SystemProperties to VehicleConfigService, then to VehicleConfigManager, and finally to the HMI layer.\nThe HMI layer shall evaluate the received Traffic_Sign_Recognition_Menu PROXI value to determine the availability of the feature.\nIf $Traffic_Sign_Recognition_Menu$ = [Present], the TLM shall display the corresponding customer setting and the user can perform the setting.	1.00.00	Functional Requirement	Vehicle Setting Management (VSM)	Y	The requirement is feasable to achieve.	Y	The requirement impacts *HW supplier and *SW supplier cost,operating schedule and timeline constraints.The parameter unavailability will impact vehicle performance	Medium	The requirement is dependent on *HW supplier and *SW supplier	None	It is a new requirement to be implemented in AAOS14	High	 *setting.Set/simulate “Traffic_Sign_Recognition_Menu" PROXI parameter is equal to present\n*check TLM shall display the Traffic Sign Assist Warning  menu item and the user can perform setting with the following options:\nOff, Visual, Visual_Chime	 1. Software Validation\n2. System Validation\n3. Integration test.
SWE1-VC-TrafficSignAssistWarning-042	Sys-RA-VF665_V42_VSM-830	Traffic Sign Assist Warning 	The HMI layer shall capture the customer selection for the **Traffic Sign Warning** setting and send the request using CarPropertyManager.setProperty() with the TELEMATIC_VEHICLE_SETUP4.Traffic_Sign_Warn_Req signal value set to **Off**. CarPropertyService` shall receive the request from CarPropertyManager and forward it to VHAL/IVehicle for hardware/IPC update. The HW supplier shall provide the VHAL/API interface to transmit the TELEMATIC_VEHICLE_SETUP4.Traffic_Sign_Warn_Req signal from TLM to IPC over the BH-CAN network, supporting the signal coding/value **Off**. The HMI layer shall maintain and update the displayed **Traffic Sign Warning** setting according to the requested value, and any invalid value shall be treated as invalid by the HMI.	1.00.00	Functional Requirement	Vehicle Setting Management (VSM)	Y	The requirement is feasable to achieve.	Y	The requirement impacts *HW supplier and *SW supplier cost,operating schedule and timeline constraints.The parameter unavailability will impact vehicle performance	Medium	The requirement is dependent on *HW supplier and *SW supplier	None	It is a new requirement to be implemented in AAOS14	High	 *setting.Set/simulate “Traffic_Sign_Warn_Setting.Req"is equal to "Off"\n*check TLM shall set ""TELEMATIC_VEHICLE_SETUP4.Traffic_Sign_Warn_Req"" BH-CAN signal equal to ""Off"" and sends this signal to IPC"	 1. Software Validation\n2. System Validation\n3. Integration test.
SWE1-VC-TrafficSignAssistWarning-043	Sys-RA-VF665_V42_VSM-831	Traffic Sign Assist Warning 	The HMI layer shall capture the customer selection for the **Traffic Sign Warning** setting and send the request using CarPropertyManager.setProperty() with the TELEMATIC_VEHICLE_SETUP4.Traffic_Sign_Warn_Req signal value set to **Visual**. CarPropertyService shall receive the request from CarPropertyManager and forward it to VHAL/IVehicle for hardware/IPC update. The HW supplier shall provide the VHAL/API interface to transmit the TELEMATIC_VEHICLE_SETUP4.Traffic_Sign_Warn_Req signal from TLM to IPC over the BH-CAN network, supporting the signal coding/value **Visual**. The HMI layer shall maintain and update the displayed **Traffic Sign Warning** setting according to the requested value, and any invalid value shall be treated as invalid by the HMI.	1.00.00	Functional Requirement	Vehicle Setting Management (VSM)	Y	The requirement is feasable to achieve.	Y	The requirement impacts *HW supplier and *SW supplier cost,operating schedule and timeline constraints.The parameter unavailability will impact vehicle performance	Medium	The requirement is dependent on *HW supplier and *SW supplier	None	It is a new requirement to be implemented in AAOS14	High	 *setting.Set/simulate “Traffic_Sign_Warn_Setting.Req"is equal to "Visual"\n*check TLM shall set ""TELEMATIC_VEHICLE_SETUP4.Traffic_Sign_Warn_Req"" BH-CAN signal equal to ""Visual"" and sends this signal to IPC"	 1. Software Validation\n2. System Validation\n3. Integration test.
SWE1-VC-TrafficSignAssistWarning-044	Sys-RA-VF665_V42_VSM-832	Traffic Sign Assist Warning 	The HMI layer shall capture the customer selection for the **Traffic Sign Warning** setting and send the request using CarPropertyManager.setProperty() with the TELEMATIC_VEHICLE_SETUP4.Traffic_Sign_Warn_Req signal value set to **Visual_Chime**. CarPropertyService shall receive the request from CarPropertyManager and forward it to VHAL/IVehicle for hardware/IPC update. The HW supplier shall provide the VHAL/API interface to transmit the TELEMATIC_VEHICLE_SETUP4.Traffic_Sign_Warn_Req signal from TLM to IPC over the BH-CAN network, supporting the signal coding/value **Visual_Chime**. The HMI layer shall maintain and update the displayed **Traffic Sign Warning** setting according to the requested value, and any invalid value shall be treated as invalid by the HMI.	1.00.00	Functional Requirement	Vehicle Setting Management (VSM)	y	The requirement is feasable to achieve.	Y	The requirement impacts *HW supplier and *SW supplier cost,operating schedule and timeline constraints.The parameter unavailability will impact vehicle performance	Medium	The requirement is dependent on *HW supplier and *SW supplier	None	It is a new requirement to be implemented in AAOS14	High	 *setting.Set/simulate “Traffic_Sign_Warn_Setting.Req"is equal to "Visual and Chime"\n*check TLM shall set ""TELEMATIC_VEHICLE_SETUP4.Traffic_Sign_Warn_Req"" BH-CAN signal equal to ""Visual_Chime"" and sends this signal to IPC"	 1. Software Validation\n2. System Validation\n3. Integration test.
SWE1-VC-TrafficSignAssistWarning-045	Sys-RA-VF665_V42_VSM-833	Traffic Sign Assist Warning 	The HW supplier shall notify the IPC_VEHICLE_SETUP4.Traffic_Sign_Warn signal via the VHAL interface. CarPropertyService shall receive the IPC_VEHICLE_SETUP4.Traffic_Sign_Warn signal from VHAL and forward it to CarPropertyManager. CarPropertyManager shall expose the value to the HMI via the API interface. The HMI layer shall evaluate the received IPC_VEHICLE_SETUP4.Traffic_Sign_Warn signal, update the TLM_Vehicle_Setup_Menu.Info internal signal, and display the **Traffic Sign Assist Warning** setting information accordingly within <TDisplay>. Any invalid value shall be considered invalid by the HMI.	1.00.00	Functional Requirement			The requirement is feasable to achieve.	Y	The requirement impacts *HW supplier and *SW supplier cost,operating schedule and timeline constraints.The parameter unavailability will impact vehicle performance	Medium	The requirement is dependent on *HW supplier and *SW supplier	None	It is a new requirement to be implemented in AAOS14	High	*setting.Set/simulate when TLM receives ""IPC_VEHICLE_SETUP4.Traffic_Sign_Warn"" message\n*check TLM updates the Traffic Sign Assist Warning information on its display through ""TLM_Vehicle_Setup_Menu.Info"" internal signal	 1. Software Validation\n2. System Validation\n3. Integration test.
SWE1-VC-IntelligentSpeedLimiterwithConfirmation-046	Sys-RA-VF665_V42_VSM-840	Intelligent Speed Limiter with Confirmation 	Intelligent Speed Limiter with Confirmation	1.00.00	Heading			 	 	 	 	 	 	 		 	 
SWE1-VC-IntelligentSpeedLimiterwithConfirmation-047	Sys-RA-VF665_V42_VSM-841	Intelligent Speed Limiter with Confirmation 	The HMI layer shall send a request to VehicleConfigManager to retrieve the Intelligent_Speed_Function_Menu PROXI configuration.\nVehicleConfigManager shall communicate with VehicleConfigService, and VehicleConfigService shall check the requested Intelligent_Speed_Function_Menu value from SystemProperties / HW configuration.\nThe response shall be returned from SystemProperties to VehicleConfigService, then to VehicleConfigManager, and finally to the HMI layer.\nThe HMI layer shall evaluate the received Intelligent_Speed_Function_Menu PROXI value to determine the availability of the feature.\nIf $Intelligent_Speed_Function_Menu$ = [Absent], the TLM shall not display the corresponding customer setting.	1.00.00	Functional Requirement	Vehicle Setting Management (VSM)	Y	The requirement is feasable to achieve.	Y	The requirement impacts *HW supplier and *SW supplier cost,operating schedule and timeline constraints.The parameter unavailability will impact vehicle performance	Medium	The requirement is dependent on *HW supplier and *SW supplier	None	It is a new requirement to be implemented in AAOS14	High	 *setting.Set/simulate " Intelligent_Speed_Function_Menu"  PROXI parameter is equal to Absent\n*check TLM shall not display the Intellingent Speed Limiter  menu item and the user can not perform any setting.	 1. Software Validation\n2. System Validation\n3. Integration test.
SWE1-VC-IntelligentSpeedLimiterwithConfirmation-048	Sys-RA-VF665_V42_VSM-842	Intelligent Speed Limiter with Confirmation 	The HMI layer shall send a request to VehicleConfigManager to retrieve the Intelligent_Speed_Function_Menu PROXI configuration.\nVehicleConfigManager shall communicate with VehicleConfigService, and VehicleConfigService shall check the requested Intelligent_Speed_Function_Menu value from SystemProperties / HW configuration.\nThe response shall be returned from SystemProperties to VehicleConfigService, then to VehicleConfigManager, and finally to the HMI layer.\nThe HMI layer shall evaluate the received Intelligent_Speed_Function_Menu PROXI value to determine the availability of the feature.\nIf $Intelligent_Speed_Function_Menu$ = [Present], the TLM shall display the corresponding customer setting and the user can perform the setting.	1.00.00	Functional Requirement	Vehicle Setting Management (VSM)	Y	The requirement is feasable to achieve.	Y	The requirement impacts *HW supplier and *SW supplier cost,operating schedule and timeline constraints.The parameter unavailability will impact vehicle performance	Medium	The requirement is dependent on *HW supplier and *SW supplier	None	It is a new requirement to be implemented in AAOS14	High	 *setting.Set/simulate " Intelligent_Speed_Function_Menu"  PROXI parameter is equal to present\n*check TLM shall display the Intellingent Speed Limiter  menu item and the user can perform setting with the following options:\nConfirmation, Automatic	 1. Software Validation\n2. System Validation\n3. Integration test.
SWE1-VC-IntelligentSpeedLimiterwithConfirmation-049	Sys-RA-VF665_V42_VSM-843	Intelligent Speed Limiter with Confirmation 	The HMI layer shall capture the customer selection for the **Sign Capture Mode** setting and send the request using CarPropertyManager.setProperty() with the TELEMATIC_VEHICLE_SETUP4.SignCaptureModeReq signal value set to **Confirmation**. CarPropertyService shall receive the request from CarPropertyManager and forward it to VHAL/IVehicle for hardware/IPC update. The HW supplier shall provide the VHAL/API interface to transmit the TELEMATIC_VEHICLE_SETUP4.SignCaptureModeReq signal from TLM to IPC over the BH-CAN network, supporting the signal coding/value **Confirmation**. The HMI layer shall maintain and update the displayed **Sign Capture Mode** setting according to the requested value, and any invalid value shall be treated as invalid by the HMI.	1.00.00	Functional Requirement	Vehicle Setting Management (VSM)	Y	The requirement is feasable to achieve.	Y	The requirement impacts *HW supplier and *SW supplier cost,operating schedule and timeline constraints.The parameter unavailability will impact vehicle performance	Medium	The requirement is dependent on *HW supplier and *SW supplier	None	It is a new requirement to be implemented in AAOS14	High	1.The HU shall be powered up (simulate valid ignition condition as mentioned in the requirement)\n2.The HU shall be equipped with test bench power OFF,ON,Flashing and desired testing controls with a host computer.\n3.The HU shall be configured allow the logs collection as ADP.\n4.The HU shall not have any issues with system/any other module.	1. Peer review\n2. Unit test\n3. Integration test\n4. *SW validation\n5. System Validation
SWE1-VC-IntelligentSpeedLimiterwithConfirmation-050	Sys-RA-VF665_V42_VSM-844	Intelligent Speed Limiter with Confirmation 	The HMI layer shall capture the customer selection for the **Sign Capture Mode** setting and send the request using CarPropertyManager.setProperty() with the TELEMATIC_VEHICLE_SETUP4.SignCaptureModeReq signal value set to **Automatic**. CarPropertyService shall receive the request from CarPropertyManager and forward it to VHAL/IVehicle for hardware/IPC update. The HW supplier shall provide the VHAL/API interface to transmit the TELEMATIC_VEHICLE_SETUP4.SignCaptureModeReq signal from TLM to IPC over the BH-CAN network, supporting the signal coding/value **Automatic**. The HMI layer shall maintain and update the displayed **Sign Capture Mode** setting according to the requested value, and any invalid value shall be treated as invalid by the HMI.	1.00.00	Functional Requirement	Vehicle Setting Management (VSM)	Y	The requirement is feasable to achieve.	Y	The requirement impacts *HW supplier and *SW supplier cost,operating schedule and timeline constraints.The parameter unavailability will impact vehicle performance	Medium	The requirement is dependent on *HW supplier and *SW supplier	None	It is a new requirement to be implemented in AAOS14	High	1.The HU shall be powered up (simulate valid ignition condition as mentioned in the requirement)\n2.The HU shall be equipped with test bench power OFF,ON,Flashing and desired testing controls with a host computer.\n3.The HU shall be configured allow the logs collection as ADP.\n4.The HU shall not have any issues with system/any other module.	1. Peer review\n2. Unit test\n3. Integration test\n4. *SW validation\n5. System Validation
SWE1-VC-IntelligentSpeedLimiterwithConfirmation-051	Sys-RA-VF665_V42_VSM-845	Intelligent Speed Limiter with Confirmation 	The HW supplier shall notify the IPC_VEHICLE_SETUP4.SignCaptureMode signal via the VHAL interface. CarPropertyService shall receive the IPC_VEHICLE_SETUP4.SignCaptureMode signal from VHAL and forward it to CarPropertyManager. CarPropertyManager shall expose the value to the HMI via the API interface. The HMI layer shall evaluate the received IPC_VEHICLE_SETUP4.SignCaptureMode signal, update the TLM_Vehicle_Setup_Menu.Info internal signal, and display the **Intelligent Speed Limiter** setting information accordingly within <TDisplay>. Any invalid value shall be considered invalid by the HMI.	1.00.00				The requirement is feasable to achieve.	Y	The requirement impacts *HW supplier and *SW supplier cost,operating schedule and timeline constraints.The parameter unavailability will impact vehicle performance	Medium	The requirement is dependent on *HW supplier and *SW supplier	None	It is a new requirement to be implemented in AAOS14	High	1.The HU shall be powered up (simulate valid ignition condition as mentioned in the requirement)\n2.The HU shall be equipped with test bench power OFF,ON,Flashing and desired testing controls with a host computer.\n3.The HU shall be configured allow the logs collection as ADP.\n4.The HU shall not have any issues with system/any other module.	1. Peer review\n2. Unit test\n3. Integration test\n4. *SW validation\n5. System Validation
SWE1-VC-NewSpeedZone-052	Sys-RA-VF665_V42_VSM-846	New Speed Zone 	New Speed Zone	1.00.00	Heading			 	 	 	 	 	 	 		 	 
SWE1-VC-NewSpeedZone-053	Sys-RA-VF665_V42_VSM-847	New Speed Zone 	The HMI layer shall send a request to VehicleConfigManager to retrieve the Intelligent_Speed_Function_Menu PROXI configuration.\nVehicleConfigManager shall communicate with VehicleConfigService, and VehicleConfigService shall check the requested Intelligent_Speed_Function_Menu value from SystemProperties / HW configuration.\nThe response shall be returned from SystemProperties to VehicleConfigService, then to VehicleConfigManager, and finally to the HMI layer.\nThe HMI layer shall evaluate the received Intelligent_Speed_Function_Menu PROXI value to determine the availability of the feature.\nIf $Intelligent_Speed_Function_Menu$ = [Absent], the TLM shall not display the corresponding customer setting.	1.00.00	Functional Requirement	Vehicle Setting Management (VSM)	Y	The requirement is feasable to achieve.	Y	The requirement impacts *HW supplier and *SW supplier cost,operating schedule and timeline constraints.The parameter unavailability will impact vehicle performance	Medium	The requirement is dependent on *HW supplier and *SW supplier	None	It is a new requirement to be implemented in AAOS14	High	 *setting.Set/simulate " Intelligent_Speed_Function_Menu"  PROXI parameter is equal to Absent\n*check TLM shall not display the New Speed Zone  menu item and the user can not perform any setting.	 1. Software Validation\n2. System Validation\n3. Integration test.
SWE1-VC-NewSpeedZone-054	Sys-RA-VF665_V42_VSM-848	New Speed Zone 	The HMI layer shall send a request to VehicleConfigManager to retrieve the Intelligent_Speed_Function_Menu PROXI configuration.\nVehicleConfigManager shall communicate with VehicleConfigService, and VehicleConfigService shall check the requested Intelligent_Speed_Function_Menu value from SystemProperties / HW configuration.\nThe response shall be returned from SystemProperties to VehicleConfigService, then to VehicleConfigManager, and finally to the HMI layer.\nThe HMI layer shall evaluate the received Intelligent_Speed_Function_Menu PROXI value to determine the availability of the feature.\nIf $Intelligent_Speed_Function_Menu$ = [Present], the TLM shall display the corresponding customer setting and the user can perform the setting.	1.00.00	Functional Requirement	Vehicle Setting Management (VSM)	Y	The requirement is feasable to achieve.	Y	The requirement impacts *HW supplier and *SW supplier cost,operating schedule and timeline constraints.The parameter unavailability will impact vehicle performance	Medium	The requirement is dependent on *HW supplier and *SW supplier	None	It is a new requirement to be implemented in AAOS14	High	 *setting.Set/simulate " Intelligent_Speed_Function_Menu"  PROXI parameter is equal to present\n*check TLM shall display the New Speed Zone   menu item and the user can perform setting with the following options:\nOff, Visual, Visual_Chime	 1. Software Validation\n2. System Validation\n3. Integration test.
SWE1-VC-NewSpeedZone-055	Sys-RA-VF665_V42_VSM-849	New Speed Zone 	The HMI layer shall capture the customer selection for the **New Speed Zone Indicator** setting and send the request using CarPropertyManager.setProperty() with the TELEMATIC_VEHICLE_SETUP4.New_Spd_Zone_Ind_Req signal value set to **Off**. CarPropertyService shall receive the request from CarPropertyManager and forward it to VHAL/IVehicle for hardware/IPC update. The HW supplier shall provide the VHAL/API interface to transmit the TELEMATIC_VEHICLE_SETUP4.New_Spd_Zone_Ind_Req signal from TLM to IPC over the BH-CAN network, supporting the signal coding/value **Off**. The HMI layer shall maintain and update the displayed **New Speed Zone Indicator** setting according to the requested value, and any invalid value shall be treated as invalid by the HMI.	1.00.00	Functional Requirement	Vehicle Setting Management (VSM)	Y	The requirement is feasable to achieve.	Y	The requirement impacts *HW supplier and *SW supplier cost,operating schedule and timeline constraints.The parameter unavailability will impact vehicle performance	Medium	The requirement is dependent on *HW supplier and *SW supplier	None	It is a new requirement to be implemented in AAOS14	High	1.The HU shall be powered up (simulate valid ignition condition as mentioned in the requirement)\n2.The HU shall be equipped with test bench power OFF,ON,Flashing and desired testing controls with a host computer.\n3.The HU shall be configured allow the logs collection as ADP.\n4.The HU shall not have any issues with system/any other module.	1. Peer review\n2. Unit test\n3. Integration test\n4. *SW validation\n5. System Validation
SWE1-VC-NewSpeedZone-056	Sys-RA-VF665_V42_VSM-850	New Speed Zone 	The HMI layer shall capture the customer selection for the **New Speed Zone Indicator** setting and send the request using CarPropertyManager.setProperty() with the TELEMATIC_VEHICLE_SETUP4.New_Spd_Zone_Ind_Req signal value set to **Visual**. CarPropertyService` shall receive the request from CarPropertyManager` and forward it to VHAL/IVehicle for hardware/IPC update. The HW supplier shall provide the VHAL/API interface to transmit the TELEMATIC_VEHICLE_SETUP4.New_Spd_Zone_Ind_Req` signal from TLM to IPC over the BH-CAN network, supporting the signal coding/value **Visual**. The HMI layer shall maintain and update the displayed **New Speed Zone Indicator** setting according to the requested value, and any invalid value shall be treated as invalid by the HMI.	1.00.00	Functional Requirement	Vehicle Setting Management (VSM)	Y	The requirement is feasable to achieve.	Y	The requirement impacts *HW supplier and *SW supplier cost,operating schedule and timeline constraints.The parameter unavailability will impact vehicle performance	Medium	The requirement is dependent on *HW supplier and *SW supplier	None	It is a new requirement to be implemented in AAOS14	High	1.The HU shall be powered up (simulate valid ignition condition as mentioned in the requirement)\n2.The HU shall be equipped with test bench power OFF,ON,Flashing and desired testing controls with a host computer.\n3.The HU shall be configured allow the logs collection as ADP.\n4.The HU shall not have any issues with system/any other module.	1. Peer review\n2. Unit test\n3. Integration test\n4. *SW validation\n5. System Validation
SWE1-VC-NewSpeedZone-057	Sys-RA-VF665_V42_VSM-851	New Speed Zone 	The HMI layer shall capture the customer selection for the **New Speed Zone Indicator** setting and send the request using CarPropertyManager.setProperty() with the TELEMATIC_VEHICLE_SETUP4.New_Spd_Zone_Ind_Req signal value set to **Visual_Chime**. CarPropertyService` shall receive the request from CarPropertyManager and forward it to VHAL/IVehicle for hardware/IPC update. The HW supplier shall provide the VHAL/API interface to transmit the `TELEMATIC_VEHICLE_SETUP4.New_Spd_Zone_Ind_Req signal from TLM to IPC over the BH-CAN network, supporting the signal coding/value **Visual_Chime**. The HMI layer shall maintain and update the displayed **New Speed Zone Indicator** setting according to the requested value, and any invalid value shall be treated as invalid by the HMI.	1.00.00	Functional Requirement			The requirement is feasable to achieve.	Y	The requirement impacts *HW supplier and *SW supplier cost,operating schedule and timeline constraints.The parameter unavailability will impact vehicle performance	Medium	The requirement is dependent on *HW supplier and *SW supplier	None	It is a new requirement to be implemented in AAOS14	High	1.The HU shall be powered up (simulate valid ignition condition as mentioned in the requirement)\n2.The HU shall be equipped with test bench power OFF,ON,Flashing and desired testing controls with a host computer.\n3.The HU shall be configured allow the logs collection as ADP.\n4.The HU shall not have any issues with system/any other module.	1. Peer review\n2. Unit test\n3. Integration test\n4. *SW validation\n5. System Validation
SWE1-VC-NewSpeedZone-058	Sys-RA-VF665_V42_VSM-852	New Speed Zone 	The HW supplier shall notify the IPC_VEHICLE_SETUP4.New_Spd_Zone_Ind signal via the VHAL interface. CarPropertyService shall receive the IPC_VEHICLE_SETUP4.New_Spd_Zone_Ind signal from VHAL and forward it to CarPropertyManager. CarPropertyManager shall expose the value to the HMI via the API interface. The HMI layer shall evaluate the received `IPC_VEHICLE_SETUP4.New_Spd_Zone_Ind signal, update the TLM_Vehicle_Setup_Menu.Info internal signal, and display the **New Speed Zone Indicator** setting information accordingly within <TDisplay>. Any invalid value shall be considered invalid by the HMI.	1.00.00	Functional Requirement	Vehicle Setting Management (VSM)	Y	The requirement is feasable to achieve.	Y	The requirement impacts *HW supplier and *SW supplier cost,operating schedule and timeline constraints.The parameter unavailability will impact vehicle performance	Medium	The requirement is dependent on *HW supplier and *SW supplier	None	It is a new requirement to be implemented in AAOS14	High	1.The HU shall be powered up (simulate valid ignition condition as mentioned in the requirement)\n2.The HU shall be equipped with test bench power OFF,ON,Flashing and desired testing controls with a host computer.\n3.The HU shall be configured allow the logs collection as ADP.\n4.The HU shall not have any issues with system/any other module.	1. Peer review\n2. Unit test\n3. Integration test\n4. *SW validation\n5. System Validation
SWE1-VC-PersonalProfileManagement-059	Sys-RA-VF665_V42_VSM-853	Personal Profile Management 	Personal Profile Management	1.00.00	Heading			 	 	 	 	 	 	 		 	 
SWE1-VC-PersonalProfileManagement-060	Sys-RA-VF665_V42_VSM-854	Personal Profile Management 	The HMI layer shall detect when the user performs a new setting request and send the request using CarPropertyManager.setProperty() for the corresponding vehicle setting. CarPropertyService shall receive the request from CarPropertyManager and forward it to VHAL/IVehicle for hardware update, if applicable. The System Software shall set the `TLM_SettingChange.Info` internal signal to **Change** to indicate that a new setting request has been initiated. The HMI layer shall maintain and update the displayed setting according to the requested value, and any invalid request shall be treated as invalid by the HMI.	1.00.00	Functional Requirement	Vehicle Setting Management (VSM)	Y	The requirement is feasable to achieve.	Y	The requirement impacts *HW supplier and *SW supplier cost,operating schedule and timeline constraints.The parameter unavailability will impact vehicle performance	Medium	The requirement is dependent on *HW supplier and *SW supplier	None	It is a new requirement to be implemented in AAOS14	High	1.The HU shall be powered up (simulate valid ignition condition as mentioned in the requirement)\n2.The HU shall be equipped with test bench power OFF,ON,Flashing and desired testing controls with a host computer.\n3.The HU shall be configured allow the logs collection as ADP.\n4.The HU shall not have any issues with system/any other module.	1. Peer review\n2. Unit test\n3. Integration test\n4. *SW validation\n5. System Validation
SWE1-VC-PersonalProfileManagement-061	Sys-RA-VF665_V42_VSM-855	Personal Profile Management 	The HMI layer shall monitor whether the user performs a new setting request. If no new setting request is detected, the HMI layer shall not invoke CarPropertyManager.setProperty() and no property update shall be forwarded to CarPropertyService or VHAL/IVehicle. The System Software shall set the TLM_SettingChange.Info internal signal to **Not Change** to indicate that no setting modification has occurred. The HMI layer shall maintain the current displayed setting without any change, and the existing setting value shall remain unchanged until a valid new setting request is received.	1.00.00	Functional Requirement	Vehicle Setting Management (VSM)	Y	The requirement is feasable to achieve.	Y	The requirement impacts *HW supplier and *SW supplier cost,operating schedule and timeline constraints.The parameter unavailability will impact vehicle performance	Medium	The requirement is dependent on *HW supplier and *SW supplier	None	It is a new requirement to be implemented in AAOS14	High	1.The HU shall be powered up (simulate valid ignition condition as mentioned in the requirement)\n2.The HU shall be equipped with test bench power OFF,ON,Flashing and desired testing controls with a host computer.\n3.The HU shall be configured allow the logs collection as ADP.\n4.The HU shall not have any issues with system/any other module.	1. Peer review\n2. Unit test\n3. Integration test\n4. *SW validation\n5. System Validation
SWE1-VC-PersonalProfileManagement-062	Sys-RA-VF665_V42_VSM-856	Personal Profile Management 	The HMI layer shall monitor the TLM_ProfileLevel.Info internal signal for any profile change. If the value of TLM_ProfileLevel.Info changes, the HMI layer shall treat the newly selected profile as a new setting request and invoke CarPropertyManager.setProperty() for the corresponding vehicle settings associated with the selected profile. CarPropertyService shall receive the requests from CarPropertyManager and forward them to VHAL/IVehicle for hardware/IPC update, where applicable. The System Software shall update the vehicle settings according to the newly selected profile as defined in **VF503**. The HMI layer shall maintain and update the displayed settings to reflect the active profile, and any invalid setting values received during the profile update shall be treated as invalid by the HMI.	1.00.00	Functional Requirement	Vehicle Setting Management (VSM)	Y	The requirement is feasable to achieve.	Y	The requirement impacts *HW supplier and *SW supplier cost,operating schedule and timeline constraints.The parameter unavailability will impact vehicle performance	Medium	The requirement is dependent on *HW supplier and *SW supplier	None	It is a new requirement to be implemented in AAOS14	High	1.The HU shall be powered up (simulate valid ignition condition as mentioned in the requirement)\n2.The HU shall be equipped with test bench power OFF,ON,Flashing and desired testing controls with a host computer.\n3.The HU shall be configured allow the logs collection as ADP.\n4.The HU shall not have any issues with system/any other module.	1. Peer review\n2. Unit test\n3. Integration test\n4. *SW validation\n5. System Validation
SWE1-VC-SurroundCameraGridlines-063	Sys-RA-VF665_V42_VSM-857	Surround Camera Gridlines 	Surround Camera Gridlines	1.00.00	Functional Requirement	Vehicle Setting Management (VSM)	Y	 	 	 	 	 	 	 		 	 
SWE1-VC-SurroundCameraGridlines-064	Sys-RA-VF665_V42_VSM-858	Surround Camera Gridlines 	The HMI layer shall send a request to VehicleConfigManager to retrieve the Surround_View_Camera PROXI configuration.\nVehicleConfigManager shall communicate with VehicleConfigService, and VehicleConfigService shall check the requested Surround_View_Camera value from SystemProperties / HW configuration.\nThe response shall be returned from SystemProperties to VehicleConfigService, then to VehicleConfigManager, and finally to the HMI layer.\nThe HMI layer shall evaluate the received Surround_View_Camera PROXI value to determine the availability of the feature.\nIf $Surround_View_Camera$ = [Absent], the TLM shall not display the corresponding customer setting.	1.00.00	Functional Requirement	Vehicle Setting Management (VSM)	Y	The requirement is feasable to achieve.	Y	The requirement impacts *HW supplier and *SW supplier cost,operating schedule and timeline constraints.The parameter unavailability will impact vehicle performance	Medium	The requirement is dependent on *HW supplier and *SW supplier	None	It is a new requirement to be implemented in AAOS14	High	1.The HU shall be powered up (simulate valid ignition condition as mentioned in the requirement)\n2.The HU shall be equipped with test bench power OFF,ON,Flashing and desired testing controls with a host computer.\n3.The HU shall be configured allow the logs collection as ADP.\n4.The HU shall not have any issues with system/any other module.	1. Peer review\n2. Unit test\n3. Integration test\n4. *SW validation\n5. System Validation
SWE1-VC-SurroundCameraGridlines-065	Sys-RA-VF665_V42_VSM-859	Surround Camera Gridlines 	The HMI layer shall send a request to VehicleConfigManager to retrieve the Surround_View_Camera PROXI configuration.\nVehicleConfigManager shall communicate with VehicleConfigService, and VehicleConfigService shall check the requested Surround_View_Camera value from SystemProperties / HW configuration.\nThe response shall be returned from SystemProperties to VehicleConfigService, then to VehicleConfigManager, and finally to the HMI layer.\nThe HMI layer shall evaluate the received Surround_View_Camera PROXI value to determine the availability of the feature.\nIf $Surround_View_Camera$ = [Present], the TLM shall display the corresponding customer setting and the user can perform the setting.	1.00.00	Functional Requirement	Vehicle Setting Management (VSM)	Y	The requirement is feasable to achieve.	Y	The requirement impacts *HW supplier and *SW supplier cost,operating schedule and timeline constraints.The parameter unavailability will impact vehicle performance	Medium	The requirement is dependent on *HW supplier and *SW supplier	None	It is a new requirement to be implemented in AAOS14	High	1.The HU shall be powered up (simulate valid ignition condition as mentioned in the requirement)\n2.The HU shall be equipped with test bench power OFF,ON,Flashing and desired testing controls with a host computer.\n3.The HU shall be configured allow the logs collection as ADP.\n4.The HU shall not have any issues with system/any other module.	1. Peer review\n2. Unit test\n3. Integration test\n4. *SW validation\n5. System Validation
SWE1-VC-SurroundCameraGridlines-066	Sys-RA-VF665_V42_VSM-860	Surround Camera Gridlines 	The HMI layer shall capture the customer selection for the **Surround View Camera (SVC) Gridlines** setting and send the request using CarPropertyManager.setProperty() with the TELEMATIC_VEHICLE_SETUP3.SVC_Gridlines_Req signal value set to **Off**. CarPropertyService shall receive the request from CarPropertyManager and forward it to VHAL/IVehicle for hardware/IPC update. The HW supplier shall provide the VHAL/API interface to transmit the TELEMATIC_VEHICLE_SETUP3.SVC_Gridlines_Req signal from TLM to IPC over the BH-CAN network, supporting the signal coding/value **Off**. The HMI layer shall maintain and update the displayed **Surround View Camera (SVC) Gridlines** setting according to the requested value, and any invalid value shall be treated as invalid by the HMI.	1.00.00	Functional Requirement	Vehicle Setting Management (VSM)	Y	The requirement is feasable to achieve.	Y	The requirement impacts *HW supplier and *SW supplier cost,operating schedule and timeline constraints.The parameter unavailability will impact vehicle performance	Medium	The requirement is dependent on *HW supplier and *SW supplier	None	It is a new requirement to be implemented in AAOS14	High	1.The HU shall be powered up (simulate valid ignition condition as mentioned in the requirement)\n2.The HU shall be equipped with test bench power OFF,ON,Flashing and desired testing controls with a host computer.\n3.The HU shall be configured allow the logs collection as ADP.\n4.The HU shall not have any issues with system/any other module.	1. Peer review\n2. Unit test\n3. Integration test\n4. *SW validation\n5. System Validation
SWE1-VC-SurroundCameraGridlines-067	Sys-RA-VF665_V42_VSM-861	Surround Camera Gridlines 	The HMI layer shall capture the customer selection for the **Surround View Camera (SVC) Gridlines** setting and send the request using CarPropertyManager.setProperty() with the TELEMATIC_VEHICLE_SETUP3.SVC_Gridlines_Req signal value set to **On**. CarPropertyService shall receive the request from CarPropertyManager and forward it to VHAL/IVehicle for hardware/IPC update. The HW supplier shall provide the VHAL/API interface to transmit the TELEMATIC_VEHICLE_SETUP3.SVC_Gridlines_Req signal from TLM to IPC over the BH-CAN network, supporting the signal coding/value **On**. The HMI layer shall maintain and update the displayed **Surround View Camera (SVC) Gridlines** setting according to the requested value, and any invalid value shall be treated as invalid by the HMI.	1.00.00	Functional Requirement	Vehicle Setting Management (VSM)	Y	The requirement is feasable to achieve.	Y	The requirement impacts *HW supplier and *SW supplier cost,operating schedule and timeline constraints.The parameter unavailability will impact vehicle performance	Medium	The requirement is dependent on *HW supplier and *SW supplier	None	It is a new requirement to be implemented in AAOS14	High	1.The HU shall be powered up (simulate valid ignition condition as mentioned in the requirement)\n2.The HU shall be equipped with test bench power OFF,ON,Flashing and desired testing controls with a host computer.\n3.The HU shall be configured allow the logs collection as ADP.\n4.The HU shall not have any issues with system/any other module.	1. Peer review\n2. Unit test\n3. Integration test\n4. *SW validation\n5. System Validation
SWE1-VC-SurroundCameraGridlines-068	Sys-RA-VF665_V42_VSM-862	Surround Camera Gridlines 	The HW supplier shall notify the IPC_VEHICLE_SETUP3.SVC_Guidelines signal via the VHAL interface. CarPropertyService shall receive the IPC_VEHICLE_SETUP3.SVC_Guidelines` signal from VHAL and forward it to CarPropertyManager. CarPropertyManager shall expose the value to the HMI via the API interface. The HMI layer shall evaluate the received IPC_VEHICLE_SETUP3.SVC_Guidelines signal, update the TLM_Vehicle_Setup_Menu.Info` internal signal, and display the **Surround View Camera Gridlines** setting information accordingly within <TDisplay>. Any invalid value shall be considered invalid by the HMI.	1.00.00	Functional Requirement	Vehicle Setting Management (VSM)	Y	The requirement is feasable to achieve.	Y	The requirement impacts *HW supplier and *SW supplier cost,operating schedule and timeline constraints.The parameter unavailability will impact vehicle performance	Medium	The requirement is dependent on *HW supplier and *SW supplier	None	It is a new requirement to be implemented in AAOS14	High	1.The HU shall be powered up (simulate valid ignition condition as mentioned in the requirement)\n2.The HU shall be equipped with test bench power OFF,ON,Flashing and desired testing controls with a host computer.\n3.The HU shall be configured allow the logs collection as ADP.\n4.The HU shall not have any issues with system/any other module.	1. Peer review\n2. Unit test\n3. Integration test\n4. *SW validation\n5. System Validation
SWE1-VC-Geolocation-069	Sys-RA-VF665_V42_VSM-863	Geolocation 	Geolocation	1.00.00	Heading			 	 	 	 	 	 	 		 	 
SWE1-VC-Geolocation-070	Sys-RA-VF665_V42_VSM-864	Geolocation 	The HMI layer shall send a request to VehicleConfigManager to retrieve the CAN Node 35 (TBM) and Geolocation_Menu PROXI configuration.\nVehicleConfigManager shall communicate with VehicleConfigService, and VehicleConfigService shall check the requested CAN Node 35 (TBM) and Geolocation_Menu values from SystemProperties / HW configuration.\nThe response shall be returned from SystemProperties to VehicleConfigService, then to VehicleConfigManager, and finally to the HMI layer.\nThe HMI layer shall evaluate the received PROXI values to determine the availability of the feature.\nIf $CAN Node 35 (TBM) or Geolocation_Menu$ = [Absent], the TLM shall not display the corresponding customer setting.	1.00.00	Functional Requirement	Vehicle Setting Management (VSM)	Y	The requirement is feasable to achieve.	Y	The requirement impacts *HW supplier and *SW supplier cost,operating schedule and timeline constraints.The parameter unavailability will impact vehicle performance	Medium	The requirement is dependent on *HW supplier and *SW supplier	None	It is a new requirement to be implemented in AAOS14	High	1.The HU shall be powered up (simulate valid ignition condition as mentioned in the requirement)\n2.The HU shall be equipped with test bench power OFF,ON,Flashing and desired testing controls with a host computer.\n3.The HU shall be configured allow the logs collection as ADP.\n4.The HU shall not have any issues with system/any other module.	1. Peer review\n2. Unit test\n3. Integration test\n4. *SW validation\n5. System Validation
SWE1-VC-Geolocation-071	Sys-RA-VF665_V42_VSM-865	Geolocation 	The HMI layer shall send a request to VehicleConfigManager to retrieve the CAN Node 35 (TBM) and Geolocation_Menu PROXI configuration.\nVehicleConfigManager shall communicate with VehicleConfigService, and VehicleConfigService shall check the requested CAN Node 35 (TBM) and Geolocation_Menu values from SystemProperties / HW configuration.\nThe response shall be returned from SystemProperties to VehicleConfigService, then to VehicleConfigManager, and finally to the HMI layer.\nThe HMI layer shall evaluate the received PROXI values to determine the availability of the feature.\nIf $CAN Node 35 (TBM) and Geolocation_Menu$ = [Present], the TLM shall display the corresponding customer setting and the user can perform the setting.	1.00.00	Functional Requirement	Vehicle Setting Management (VSM)	Y	The requirement is feasable to achieve.	Y	The requirement impacts *HW supplier and *SW supplier cost,operating schedule and timeline constraints.The parameter unavailability will impact vehicle performance	Medium	The requirement is dependent on *HW supplier and *SW supplier	None	It is a new requirement to be implemented in AAOS14	High	1.The HU shall be powered up (simulate valid ignition condition as mentioned in the requirement)\n2.The HU shall be equipped with test bench power OFF,ON,Flashing and desired testing controls with a host computer.\n3.The HU shall be configured allow the logs collection as ADP.\n4.The HU shall not have any issues with system/any other module.	1. Peer review\n2. Unit test\n3. Integration test\n4. *SW validation\n5. System Validation
SWE1-VC-Geolocation-072	Sys-RA-VF665_V42_VSM-866	Geolocation 	The HMI layer shall capture the customer selection for the **Geolocation** setting and send the request using CarPropertyManager.setProperty() with the TELEMATIC_SERVICE_SETUP.PrivacyModeReq signal value set to **Active**. CarPropertyService shall receive the request from CarPropertyManager and forward it to VHAL/IVehicle for hardware/TBM update. The HW supplier shall provide the VHAL/API interface to transmit the TELEMATIC_SERVICE_SETUP.PrivacyModeReq signal from TLM to TBM over the BH-CAN network, supporting the signal coding/value **Active**. The HMI layer shall maintain and update the displayed **Geolocation** setting according to the requested value, and any invalid value shall be treated as invalid by the HMI.	1.00.00	Functional Requirement	Vehicle Setting Management (VSM)	Y	The requirement is feasable to achieve.	Y	The requirement impacts *HW supplier and *SW supplier cost,operating schedule and timeline constraints.The parameter unavailability will impact vehicle performance	Medium	The requirement is dependent on *HW supplier and *SW supplier	None	It is a new requirement to be implemented in AAOS14	High	1.The HU shall be powered up (simulate valid ignition condition as mentioned in the requirement)\n2.The HU shall be equipped with test bench power OFF,ON,Flashing and desired testing controls with a host computer.\n3.The HU shall be configured allow the logs collection as ADP.\n4.The HU shall not have any issues with system/any other module.	1. Peer review\n2. Unit test\n3. Integration test\n4. *SW validation\n5. System Validation
SWE1-VC-Geolocation-073	Sys-RA-VF665_V42_VSM-867	Geolocation 	The HMI layer shall capture the customer selection for the **Geolocation** setting and send the request using `CarPropertyManager.setProperty()` with the `TELEMATIC_SERVICE_SETUP.PrivacyModeReq` signal value set to **Not Active**. `CarPropertyService` shall receive the request from `CarPropertyManager` and forward it to VHAL/IVehicle for hardware/TBM update. The HW supplier shall provide the VHAL/API interface to transmit the `TELEMATIC_SERVICE_SETUP.PrivacyModeReq` signal from TLM to TBM over the BH-CAN network, supporting the signal coding/value **Not Active**. The HMI layer shall maintain and update the displayed **Geolocation** setting according to the requested value, and any invalid value shall be treated as invalid by the HMI.	1.00.00	Functional Requirement	Vehicle Setting Management (VSM)	Y	The requirement is feasable to achieve.	Y	The requirement impacts *HW supplier and *SW supplier cost,operating schedule and timeline constraints.The parameter unavailability will impact vehicle performance	Medium	The requirement is dependent on *HW supplier and *SW supplier	None	It is a new requirement to be implemented in AAOS14	High	1.The HU shall be powered up (simulate valid ignition condition as mentioned in the requirement)\n2.The HU shall be equipped with test bench power OFF,ON,Flashing and desired testing controls with a host computer.\n3.The HU shall be configured allow the logs collection as ADP.\n4.The HU shall not have any issues with system/any other module.	1. Peer review\n2. Unit test\n3. Integration test\n4. *SW validation\n5. System Validation
SWE1-VC-Geolocation-074	Sys-RA-VF665_V42_VSM-868	Geolocation 	The HMI layer shall capture the customer selection for the **Privacy Mode** setting and send the request using CarPropertyManager.setProperty() with the TELEMATIC_SERVICE_SETUP.PrivacyModeReq signal value corresponding to the selected Privacy Mode. CarPropertyService shall receive the request from CarPropertyManager and forward it to VHAL/IVehicle for hardware/TBM update. The HW supplier shall provide the VHAL/API interface to transmit the TELEMATIC_SERVICE_SETUP.PrivacyModeReq signal from TLM to TBM over the BH-CAN network. The HMI layer shall maintain and update the displayed **Privacy Mode** setting according to the requested value, and any invalid value shall be treated as invalid by the HMI.	1.00.00	Functional Requirement	Vehicle Setting Management (VSM)	Y	The requirement is feasable to achieve.	Y	The requirement impacts *HW supplier and *SW supplier cost,operating schedule and timeline constraints.The parameter unavailability will impact vehicle performance	Medium	The requirement is dependent on *HW supplier and *SW supplier	None	It is a new requirement to be implemented in AAOS14	High	1.The HU shall be powered up (simulate valid ignition condition as mentioned in the requirement)\n2.The HU shall be equipped with test bench power OFF,ON,Flashing and desired testing controls with a host computer.\n3.The HU shall be configured allow the logs collection as ADP.\n4.The HU shall not have any issues with system/any other module.	1. Peer review\n2. Unit test\n3. Integration test\n4. *SW validation\n5. System Validation
SWE1-VC-ClearPersonalData-075	Sys-RA-VF665_V42_VSM-869	Clear Personal Data 	Clear Personal Data	1.00.00	Heading			 	 	 	 	 	 	 		 	 
SWE1-VC-ClearPersonalData-076	Sys-RA-VF665_V42_VSM-870	Clear Personal Data 	The HMI layer shall send a request to VehicleConfigManager to retrieve the CAN Node 35 (TBM) PROXI configuration.\nVehicleConfigManager shall communicate with VehicleConfigService, and VehicleConfigService shall check the requested CAN Node 35 (TBM) value from SystemProperties / HW configuration.\nThe response shall be returned from SystemProperties to VehicleConfigService, then to VehicleConfigManager, and finally to the HMI layer.\nThe HMI layer shall evaluate the received CAN Node 35 (TBM) PROXI value to determine the availability of the feature.\nIf $CAN Node 35 (TBM)$ = [Absent], the TLM shall not display the corresponding customer setting.	1.00.00	Functional Requirement	Vehicle Setting Management (VSM)	Y	The requirement is feasable to achieve.	Y	The requirement impacts *HW supplier and *SW supplier cost,operating schedule and timeline constraints.The parameter unavailability will impact vehicle performance	Medium	The requirement is dependent on *HW supplier and *SW supplier	None	It is a new requirement to be implemented in AAOS14	High	1.The HU shall be powered up (simulate valid ignition condition as mentioned in the requirement)\n2.The HU shall be equipped with test bench power OFF,ON,Flashing and desired testing controls with a host computer.\n3.The HU shall be configured allow the logs collection as ADP.\n4.The HU shall not have any issues with system/any other module.	1. Peer review\n2. Unit test\n3. Integration test\n4. *SW validation\n5. System Validation
SWE1-VC-ClearPersonalData-077	Sys-RA-VF665_V42_VSM-871	Clear Personal Data 	The HMI layer shall send a request to VehicleConfigManager to retrieve the CAN Node 35 (TBM) PROXI configuration.\nVehicleConfigManager shall communicate with VehicleConfigService, and VehicleConfigService shall check the requested CAN Node 35 (TBM) value from SystemProperties / HW configuration.\nThe response shall be returned from SystemProperties to VehicleConfigService, then to VehicleConfigManager, and finally to the HMI layer.\nThe HMI layer shall evaluate the received CAN Node 35 (TBM) PROXI value to determine the availability of the feature.\nIf $CAN Node 35 (TBM)$ = [Present], the TLM shall display the corresponding customer setting and the user can perform the setting.	1.00.00	Functional Requirement	Vehicle Setting Management (VSM)	Y	The requirement is feasable to achieve.	Y	The requirement impacts *HW supplier and *SW supplier cost,operating schedule and timeline constraints.The parameter unavailability will impact vehicle performance	Medium	The requirement is dependent on *HW supplier and *SW supplier	None	It is a new requirement to be implemented in AAOS14	High	1.The HU shall be powered up (simulate valid ignition condition as mentioned in the requirement)\n2.The HU shall be equipped with test bench power OFF,ON,Flashing and desired testing controls with a host computer.\n3.The HU shall be configured allow the logs collection as ADP.\n4.The HU shall not have any issues with system/any other module.	1. Peer review\n2. Unit test\n3. Integration test\n4. *SW validation\n5. System Validation
SWE1-VC-ClearPersonalData-078	Sys-RA-VF665_V42_VSM-872	Clear Personal Data 	The HMI layer shall capture the user request to **Clear Personal Data** and send the request using CarPropertyManager.setProperty() with the TELEMATIC_SERVICE_SETUP.ClearPersonalDataReq signal value set to **Active**. CarPropertyService shall receive the request from CarPropertyManager and forward it to VHAL/IVehicle for hardware/TBM update. The HW supplier shall provide the VHAL/API interface to transmit the TELEMATIC_SERVICE_SETUP.ClearPersonalDataReq signal from TLM to TBM over the BH-CAN network, supporting the signal coding/value **Active**. The HMI layer shall initiate the request only when the user explicitly performs the **Clear Personal Data** action, and any invalid request shall be treated as invalid by the HMI.	1.00.00	Functional Requirement	Vehicle Setting Management (VSM)	Y	The requirement is feasable to achieve.	Y	The requirement impacts *HW supplier and *SW supplier cost,operating schedule and timeline constraints.The parameter unavailability will impact vehicle performance	Medium	The requirement is dependent on *HW supplier and *SW supplier	None	It is a new requirement to be implemented in AAOS14	High	1.The HU shall be powered up (simulate valid ignition condition as mentioned in the requirement)\n2.The HU shall be equipped with test bench power OFF,ON,Flashing and desired testing controls with a host computer.\n3.The HU shall be configured allow the logs collection as ADP.\n4.The HU shall not have any issues with system/any other module.	1. Peer review\n2. Unit test\n3. Integration test\n4. *SW validation\n5. System Validation
SWE1-VC-RestoreDefaultSetting-079	Sys-RA-VF665_V42_VSM-873	Restore Default Setting 	Restore Default Setting	1.00.00	Heading			 	 	 	 	 	 	 		 	 
SWE1-VC-RestoreDefaultSetting-080	Sys-RA-VF665_V42_VSM-874	Restore Default Setting 	The HMI layer shall send a request to VehicleConfigManager to retrieve the CAN Node 35 (TBM) PROXI configuration.\nVehicleConfigManager shall communicate with VehicleConfigService, and VehicleConfigService shall check the requested CAN Node 35 (TBM) value from SystemProperties / HW configuration.\nThe response shall be returned from SystemProperties to VehicleConfigService, then to VehicleConfigManager, and finally to the HMI layer.\nThe HMI layer shall evaluate the received CAN Node 35 (TBM) PROXI value to determine the availability of the feature.\nIf $CAN Node 35 (TBM)$ = [Absent], the TLM shall not display the corresponding customer setting.	1.00.00	Functional Requirement	Vehicle Setting Management (VSM)	Y	The requirement is feasable to achieve.	Y	The requirement impacts *HW supplier and *SW supplier cost,operating schedule and timeline constraints.The parameter unavailability will impact vehicle performance	Medium	The requirement is dependent on *HW supplier and *SW supplier	None	It is a new requirement to be implemented in AAOS14	High	1.The HU shall be powered up (simulate valid ignition condition as mentioned in the requirement)\n2.The HU shall be equipped with test bench power OFF,ON,Flashing and desired testing controls with a host computer.\n3.The HU shall be configured allow the logs collection as ADP.\n4.The HU shall not have any issues with system/any other module.	1. Peer review\n2. Unit test\n3. Integration test\n4. *SW validation\n5. System Validation
SWE1-VC-RestoreDefaultSetting-081	Sys-RA-VF665_V42_VSM-875	Restore Default Setting 	The HMI layer shall send a request to VehicleConfigManager to retrieve the CAN Node 35 (TBM) PROXI configuration.\nVehicleConfigManager shall communicate with VehicleConfigService, and VehicleConfigService shall check the requested CAN Node 35 (TBM) value from SystemProperties / HW configuration.\nThe response shall be returned from SystemProperties to VehicleConfigService, then to VehicleConfigManager, and finally to the HMI layer.\nThe HMI layer shall evaluate the received CAN Node 35 (TBM) PROXI value to determine the availability of the feature.\nIf $CAN Node 35 (TBM)$ = [Present], the TLM shall display the corresponding customer setting and the user can perform the setting.	1.00.00	Functional Requirement	Vehicle Setting Management (VSM)	Y	The requirement is feasable to achieve.	Y	The requirement impacts *HW supplier and *SW supplier cost,operating schedule and timeline constraints.The parameter unavailability will impact vehicle performance	Medium	The requirement is dependent on *HW supplier and *SW supplier	None	It is a new requirement to be implemented in AAOS14	High	1.The HU shall be powered up (simulate valid ignition condition as mentioned in the requirement)\n2.The HU shall be equipped with test bench power OFF,ON,Flashing and desired testing controls with a host computer.\n3.The HU shall be configured allow the logs collection as ADP.\n4.The HU shall not have any issues with system/any other module.	1. Peer review\n2. Unit test\n3. Integration test\n4. *SW validation\n5. System Validation
SWE1-VC-RestoreDefaultSetting-082	Sys-RA-VF665_V42_VSM-876	Restore Default Setting 	The HMI layer shall capture the user request to **Restore Default Settings** and send the request using CarPropertyManager.setProperty() with the TELEMATIC_SERVICE_SETUP.RestoreDefaultSettingReq signal value set to **Active**. CarPropertyService shall receive the request from CarPropertyManager and forward it to VHAL/IVehicle for hardware/TBM update. The HW supplier shall provide the VHAL/API interface to transmit the TELEMATIC_SERVICE_SETUP.RestoreDefaultSettingReq signal from TLM to TBM over the BH-CAN network, supporting the signal coding/value **Active**. The HMI layer shall initiate the request only when the user explicitly performs the **Restore Default Settings** action, and any invalid request shall be treated as invalid by the HMI.	1.00.00	Functional Requirement	Vehicle Setting Management (VSM)	Y	The requirement is feasable to achieve.	Y	The requirement impacts *HW supplier and *SW supplier cost,operating schedule and timeline constraints.The parameter unavailability will impact vehicle performance	Medium	The requirement is dependent on *HW supplier and *SW supplier	None	It is a new requirement to be implemented in AAOS14	High	1.The HU shall be powered up (simulate valid ignition condition as mentioned in the requirement)\n2.The HU shall be equipped with test bench power OFF,ON,Flashing and desired testing controls with a host computer.\n3.The HU shall be configured allow the logs collection as ADP.\n4.The HU shall not have any issues with system/any other module.	1. Peer review\n2. Unit test\n3. Integration test\n4. *SW validation\n5. System Validation
																 	 
																	
																	
																	
																	
																	
																	
																	
																	
																	
																	
																	
																	
																	
																	
								 	 	 	 	 	 	 		 	 
								 	 	 	 	 	 	 		 	 
								 	 	 	 	 	 	 		 	 
								 	 	 	 	 	 	 		 	 
								 	 	 	 	 	 	 		 	 
								 	 	 	 	 	 	 		 	 
								 	 	 	 	 	 	 		 	 
								 	 	 	 	 	 	 		 	 
								 	 	 	 	 	 	 		 	 
								 	 	 	 	 	 	 		 	 
								 	 	 	 	 	 	 		 	 
								 	 	 	 	 	 	 		 	 
								 	 	 	 	 	 	 		 	 
								 	 	 	 	 	 	 		 	 
								 	 	 	 	 	 	 		 	 
								 	 	 	 	 	 	 		 	 
								 	 	 	 	 	 	 			
																	
																	
																	
																	
																	
																	
																	
																	
																	
																	
																	
																	
																	
																	
																	
																	
																	
																	
																	
																	
																	
																	
																	
																	
																	
																	
																	
																	
																	
																	
																	
