sys_ra_feature_id	batch_source	chapter_for_vf	spec_section	spec_section_source	test_set	title_source_description	vf_suffix	document_id	n_signals	n_solved_signals
Sys-RA-VF665_V43_VSM-403	295	01.11.01.01		none	Menu Access and Persistence	In the following Ignition Working Conditions: Ignition On Ignition Pre Start Ignition Start Ignition Cranking Ignition On Engine On the user can mange the vehicle setup menu through TLM_Display.GUI.	VF_89	VF665_V43_R3	1	0
Sys-RA-VF665_V43_VSM-404	295	01.11.01.01		none	Menu Access and Persistence	"In case of transition FROM ""Ignition On"" or ""Ignition Pre Start"" or ""Ignition Start"" or ""Ignition Cranking"" or ""Ignition On Engine On"" TO ""Ignition Pre Off"" or ""Ignition Off"" Ignition Working Conditions: TLM shall store the last setup settings."	VF_845	VF665_V43_R3	0	0
Sys-RA-VF665_V43_VSM-407	295	01.11.01.01.01	1.11.1.1.1	segment_map	Exterior Lighting	"IF ""Cornering_Lights"" PROXI parameter is equal to ""absent"" THEN TLM shall not display the Cornering Light menu item and the user can not perform any setting."	VF_405	VF665_V43_R3	2	0
Sys-RA-VF665_V43_VSM-408	295	01.11.01.01.01	1.11.1.1.1	segment_map	Exterior Lighting	"IF ""Cornering_Lights"" PROXI parameter is equal to ""present"" THEN TLM shall display the Cornering Light menu item and the user can perform setting."	VF_406	VF665_V43_R3	2	0
Sys-RA-VF665_V43_VSM-409	295	01.11.01.01.01	1.11.1.1.1	segment_map	Exterior Lighting	"IF the user sets ""Cornering_Enable.Req"" internal signals to ""Enable"" THEN TLM shall set ""TELEMATIC_VEHICLE_SETUP.CorneringEnable_Req"" B-CAN signal equal to ""True"" and sends this signal to IPC"	VF_401	VF665_V43_R3	2	1
Sys-RA-VF665_V43_VSM-410	295	01.11.01.01.01	1.11.1.1.1	segment_map	Exterior Lighting	"IF the user sets ""Cornering_Enable.Req"" internal signals as ""Not_Enable"" THEN TLM shall set ""TELEMATIC_VEHICLE_SETUP.CorneringEnable_Req"" B-CAN signal equal to ""False"" and sends this signal to IPC"	VF_402	VF665_V43_R3	2	1
Sys-RA-VF665_V43_VSM-411	295	01.11.01.01.01	1.11.1.1.1	segment_map	Exterior Lighting	"WHEN TLM receives ""IPC_VEHICLE_SETUP.CorneringLightsEnable"" message THEN TLM updates the Cornering information on its display through ""TLM_Vehicle_Setup_Menu.Info"" internal signal"	VF_403	VF665_V43_R3	2	0
Sys-RA-VF665_V43_VSM-414	295	01.11.01.01.02	1.11.1.1.2	segment_map	Exterior Lighting	"IF ""Greeting_Lights_Menù"" PROXI parameter is equal to ""Absent"" THEN TLM shall not display the Greeting Light menu item and the user can not perform any setting."	VF_934	VF665_V43_R3	1	0
Sys-RA-VF665_V43_VSM-415	295	01.11.01.01.02	1.11.1.1.2	segment_map	Exterior Lighting	"IF ""Greeting_Lights_Menù"" PROXI parameter is equal to ""Present"" THEN TLM shall display the Greeting Light menu item and the user can perform setting."	VF_935	VF665_V43_R3	1	0
Sys-RA-VF665_V43_VSM-416	295	01.11.01.01.02	1.11.1.1.2	segment_map	Exterior Lighting	"IF the user sets ""GreetingLights_Enable.Req"" internal signals to ""Enable"" THEN TLM shall set ""TELEMATIC_VEHICLE_SETUP.GreetingLightsEnable_Req"" B-CAN signal equal to ""True"" and sends this signal to IPC"	VF_936	VF665_V43_R3	2	1
Sys-RA-VF665_V43_VSM-417	295	01.11.01.01.02	1.11.1.1.2	segment_map	Exterior Lighting	"IF the user sets ""GreetingLights_Enable.Req"" internal signals as ""Not_Enable"" THEN TLM shall set ""TELEMATIC_VEHICLE_SETUP.GreetingLightsEnable_Req"" B-CAN signal equal to ""False"" and sends this signal to IPC"	VF_937	VF665_V43_R3	2	1
Sys-RA-VF665_V43_VSM-418	295	01.11.01.01.02	1.11.1.1.2	segment_map	Exterior Lighting	"WHEN TLM receives ""IPC_VEHICLE_SETUP.GreetingLightsEnable"" message THEN TLM updates the Greeting Lights information on its display through ""TLM_Vehicle_Setup_Menu.Info"" internal signal"	VF_938	VF665_V43_R3	2	1
Sys-RA-VF665_V43_VSM-420	295	01.11.01.01.03	1.11.1.1.3	segment_map	Lane Departure Warning	"IF ""Half_Torque_Sensibility"" PROXI parameter is equal to ""Leve 3"" THEN TLM shall display the "" Lanse Sense Warning 1 "" menu item and the user can perform setting with the following options: Early, Late"	VF_2832	VF665_V43_R3	1	0
Sys-RA-VF665_V43_VSM-421	295	01.11.01.01.03	1.11.1.1.3	segment_map	Lane Departure Warning	"IF the user sets ""LDW_Sensibility_Setting.Req"" internal signals to ""Early"" THEN TLM shall set ""TELEMATIC_VEHICLE_SETUP2.LDW_Sensibility_Req"" B-CAN signal equal to ""Early"" and sends this signal to IPC"	VF_2833	VF665_V43_R3	2	1
Sys-RA-VF665_V43_VSM-422	295	01.11.01.01.03	1.11.1.1.3	segment_map	Lane Departure Warning	"IF the user sets ""LDW_Sensibility_Setting.Req"" internal signals to ""Late"" THEN TLM shall set ""TELEMATIC_VEHICLE_SETUP2.LDW_Sensibility_Req"" B-CAN signal equal to ""Late"" and sends this signal to IPC"	VF_2834	VF665_V43_R3	2	1
Sys-RA-VF665_V43_VSM-423	295	01.11.01.01.03	1.11.1.1.3	segment_map	Lane Departure Warning	"WHEN TLM receives ""IPC_VEHICLE_SETUP2.LDW_Sensibility"" message THEN TLM updates the LDW Sensibility information on its display through ""TLM_Vehicle_Setup_Menu.Info"" internal signal"	VF_2835	VF665_V43_R3	2	1
Sys-RA-VF665_V43_VSM-424	295	01.11.01.01.03	1.11.1.1.3	segment_map	Lane Departure Warning	"IF ""Half_Torque_Sensibility"" PROXI parameter is equal to ""Leve 2"" THEN TLM shall display the "" Lanse Sense Warning 2"" menu item and the user can perform setting with the following options: Early, Med, Late"	VF_2480	VF665_V43_R3	1	0
Sys-RA-VF665_V43_VSM-425	295	01.11.01.01.03	1.11.1.1.3	segment_map	Lane Departure Warning	"IF the user sets ""LDW_Sensibility_Setting.Req"" internal signals to ""Early"" THEN TLM shall set ""TELEMATIC_VEHICLE_SETUP2.LDW_Sensibility_Req"" B-CAN signal equal to ""Early"" and sends this signal to IPC"	VF_2481	VF665_V43_R3	2	1
Sys-RA-VF665_V43_VSM-426	295	01.11.01.01.03	1.11.1.1.3	segment_map	Lane Departure Warning	"IF the user sets ""LDW_Sensibility_Setting.Req"" internal signals to ""Med"" THEN TLM shall set ""TELEMATIC_VEHICLE_SETUP2.LDW_Sensibility_Req"" B-CAN signal equal to ""Med"" and sends this signal to IPC"	VF_2483	VF665_V43_R3	2	1
Sys-RA-VF665_V43_VSM-427	295	01.11.01.01.03	1.11.1.1.3	segment_map	Lane Departure Warning	"IF the user sets ""LDW_Sensibility_Setting.Req"" internal signals to ""Late"" THEN TLM shall set ""TELEMATIC_VEHICLE_SETUP2.LDW_Sensibility_Req"" B-CAN signal equal to ""Late"" and sends this signal to IPC"	VF_2482	VF665_V43_R3	2	1
Sys-RA-VF665_V43_VSM-428	295	01.11.01.01.03	1.11.1.1.3	segment_map	Lane Departure Warning	"WHEN TLM receives ""IPC_VEHICLE_SETUP2.LDW_Sensibility"" message THEN TLM updates the LDW Sensibility information on its display through ""TLM_Vehicle_Setup_Menu.Info"" internal signal"	VF_2487	VF665_V43_R3	2	1
Sys-RA-VF665_V43_VSM-430	295	01.11.01.01.04	1.11.1.1.4	segment_map	Lane Departure Warning	"IF ""Half_HMI_Setting"" PROXI parameter is equal to ""Leve 3"" THEN TLM shall display the "" Lanse Sense Strenght 1 "" menu item and the user can perform setting with the following options: Low, High"	VF_2847	VF665_V43_R3	1	0
Sys-RA-VF665_V43_VSM-431	295	01.11.01.01.04	1.11.1.1.4	segment_map	Lane Departure Warning	"IF the user sets ""LDW_Intensity_Setting.Req"" internal signals to ""Low"" THEN TLM shall set ""TELEMATIC_VEHICLE_SETUP2.LDW_Intensity_Req"" B-CAN signal equal to ""Low"" and sends this signal to IPC"	VF_2848	VF665_V43_R3	2	1
Sys-RA-VF665_V43_VSM-432	295	01.11.01.01.04	1.11.1.1.4	segment_map	Lane Departure Warning	"IF the user sets ""LDW_Intensity_Setting.Req"" internal signals to ""High"" THEN TLM shall set ""TELEMATIC_VEHICLE_SETUP2.LDW_Intensity_Req"" B-CAN signal equal to ""High"" and sends this signal to IPC"	VF_2849	VF665_V43_R3	2	1
Sys-RA-VF665_V43_VSM-433	295	01.11.01.01.04	1.11.1.1.4	segment_map	Lane Departure Warning	"WHEN TLM receives ""IPC_VEHICLE_SETUP2.LDW_Intensity"" message THEN TLM updates the LDW Sensibility information on its display through ""TLM_Vehicle_Setup_Menu.Info"" internal signal"	VF_2850	VF665_V43_R3	2	1
Sys-RA-VF665_V43_VSM-434	295	01.11.01.01.04	1.11.1.1.4	segment_map	Lane Departure Warning	"IF ""Half_HMI_Setting"" PROXI parameter is equal to ""Leve 2"" THEN TLM shall display the "" Lanse Sense Strenght 2"" menu item and the user can perform setting with the following options: Low, Med, High"	VF_2489	VF665_V43_R3	1	0
Sys-RA-VF665_V43_VSM-435	295	01.11.01.01.04	1.11.1.1.4	segment_map	Lane Departure Warning	"IF the user sets ""LDW_Intensity_Setting.Req"" internal signals to ""Low"" THEN TLM shall set ""TELEMATIC_VEHICLE_SETUP2.LDW_Intensity_Req"" B-CAN signal equal to ""Low"" and sends this signal to IPC"	VF_2490	VF665_V43_R3	2	1
Sys-RA-VF665_V43_VSM-436	295	01.11.01.01.04	1.11.1.1.4	segment_map	Lane Departure Warning	"IF the user sets ""LDW_Intensity_Setting.Req"" internal signals to ""Med"" THEN TLM shall set ""TELEMATIC_VEHICLE_SETUP2.LDW_Intensity_Req"" B-CAN signal equal to ""Med"" and sends this signal to IPC"	VF_2491	VF665_V43_R3	2	1
Sys-RA-VF665_V43_VSM-437	295	01.11.01.01.04	1.11.1.1.4	segment_map	Lane Departure Warning	"IF the user sets ""LDW_Intensity_Setting.Req"" internal signals to ""High"" THEN TLM shall set ""TELEMATIC_VEHICLE_SETUP2.LDW_Intensity_Req"" B-CAN signal equal to ""High"" and sends this signal to IPC"	VF_2492	VF665_V43_R3	2	1
Sys-RA-VF665_V43_VSM-438	295	01.11.01.01.04	1.11.1.1.4	segment_map	Lane Departure Warning	"WHEN TLM receives ""IPC_VEHICLE_SETUP2.LDW_Intensity"" message THEN TLM updates the LDW Sensibility information on its display through ""TLM_Vehicle_Setup_Menu.Info"" internal signal"	VF_2493	VF665_V43_R3	2	1
Sys-RA-VF665_V43_VSM-440	295	01.11.01.01.05	1.11.1.1.5	segment_map	Side and Blind Spot Warnings	"IF ""Side_Distance_Warning"" PROXI parameters is equal to ""Absent"" THEN TLM shall not display the Side Distance Warning menu item and the user can not perform any setting."	VF_1873	VF665_V43_R3	1	0
Sys-RA-VF665_V43_VSM-441	295	01.11.01.01.05	1.11.1.1.5	segment_map	Side and Blind Spot Warnings	"IF ""Side_Distance_Warning"" PROXI parameter is equal to ""Present"" THEN TLM shall display the Side Distance Warning ""Setting"" and ""Chime Volume"" menu items and the user can perform setting."	VF_1877	VF665_V43_R3	1	0
Sys-RA-VF665_V43_VSM-443	295	01.11.01.01.05	1.11.1.1.5	segment_map	Side and Blind Spot Warnings	"IF the user sets ""Sdw_Setting.Req"" internal signals to ""Off"" THEN TLM shall set ""TELEMATIC_VEHICLE_SETUP.Sdw_Req"" B-CAN signal equal to ""Off"" and sends this signal to IPC"	VF_1980	VF665_V43_R3	2	1
Sys-RA-VF665_V43_VSM-444	295	01.11.01.01.05	1.11.1.1.5	segment_map	Side and Blind Spot Warnings	"IF the user sets ""Sdw_Setting.Req"" internal signals to ""Sound"" THEN TLM shall set ""TELEMATIC_VEHICLE_SETUP.Sdw_Req"" B-CAN signal equal to ""Sound"" and sends this signal to IPC"	VF_1977	VF665_V43_R3	2	1
Sys-RA-VF665_V43_VSM-445	295	01.11.01.01.05	1.11.1.1.5	segment_map	Side and Blind Spot Warnings	"IF the user sets ""Sdw_Setting.Req"" internal signals to ""Sound+Display"" THEN TLM shall set ""TELEMATIC_VEHICLE_SETUP.Sdw_Req"" B-CAN signal equal to ""Sound+Display"" and sends this signal to IPC"	VF_1978	VF665_V43_R3	2	1
Sys-RA-VF665_V43_VSM-446	295	01.11.01.01.05	1.11.1.1.5	segment_map	Side and Blind Spot Warnings	"WHEN TLM receives ""IPC_VEHICLE_SETUP.Sdw"" message THEN TLM updates the Side Distance Warning information on its display through ""TLM_Vehicle_Setup_Menu.Info"" internal signal"	VF_1981	VF665_V43_R3	2	1
Sys-RA-VF665_V43_VSM-448	295	01.11.01.01.05	1.11.1.1.5	segment_map	Side and Blind Spot Warnings	"IF the user sets ""Sdw_Chime_Volume_Setting.Req"" internal signals to ""Low"" THEN TLM shall set ""TELEMATIC_VEHICLE_SETUP.SdwChimeVolume_Req"" B-CAN signal equal to ""Low"" and sends this signal to IPC"	VF_1983	VF665_V43_R3	2	1
Sys-RA-VF665_V43_VSM-449	295	01.11.01.01.05	1.11.1.1.5	segment_map	Side and Blind Spot Warnings	"IF the user sets ""Sdw_Chime_Volume_Setting.Req"" internal signals to ""Medium"" THEN TLM shall set ""TELEMATIC_VEHICLE_SETUP.SdwChimeVolume_Req"" B-CAN signal equal to ""Medium"" and sends this signal to IPC"	VF_1985	VF665_V43_R3	2	1
Sys-RA-VF665_V43_VSM-450	295	01.11.01.01.05	1.11.1.1.5	segment_map	Side and Blind Spot Warnings	"IF the user sets ""Sdw_Chime_Volume_Setting.Req"" internal signals to ""High"" THEN TLM shall set ""TELEMATIC_VEHICLE_SETUP.SdwChimeVolume_Req"" B-CAN signal equal to ""High"" and sends this signal to IPC"	VF_1986	VF665_V43_R3	2	1
Sys-RA-VF665_V43_VSM-451	295	01.11.01.01.05	1.11.1.1.5	segment_map	Side and Blind Spot Warnings	"WHEN TLM receives ""IPC_VEHICLE_SETUP.SdwChimeVolume"" message THEN TLM updates the Side Distance Warning information on its display through ""TLM_Vehicle_Setup_Menu.Info"" internal signal"	VF_1987	VF665_V43_R3	3	2
Sys-RA-VF665_V43_VSM-453	295	01.11.01.01.06	1.11.1.1.6	segment_map	Forward Collision Warning	"IF ""Forward_Collision_Mitigation"" PROXI parameter is equal to ""Full Speed Forward Collision Warning with Mitigation"" THEN TLM shall display the ""Forward Collision Warinig Setting"" and ""Forward Collision Warning Sensitivity"" menu item and the user can perform setting."	VF_3319	VF665_V43_R3	1	0
Sys-RA-VF665_V43_VSM-455	295	01.11.01.01.06	1.11.1.1.6	segment_map	Forward Collision Warning	"IF ""Country_Code"" PROXI parameter is equal to a country of NAFTA or LATAM market (according to Market Configuration Table) THEN TLM shall display the "" Forward Collision Warning Setting1"" menu item and the user can perform setting with the following options: Off, Audio, Audio_Brake"	VF_3321	VF665_V43_R3	1	0
Sys-RA-VF665_V43_VSM-456	295	01.11.01.01.06	1.11.1.1.6	segment_map	Forward Collision Warning	"IF the user sets ""FSCWPlus_Setting.Req"" internal signals to ""Off "" THEN TLM shall set ""TELEMATIC_VEHICLE_SETUP2.FSFCWPlusSetting_Req"" B-CAN signal equal to ""Off "" and sends this signal to IPC"	VF_3322	VF665_V43_R3	2	1
Sys-RA-VF665_V43_VSM-457	295	01.11.01.01.06	1.11.1.1.6	segment_map	Forward Collision Warning	"IF the user sets ""FSCWPlus_Setting.Req"" internal signals to ""Audio"" THEN TLM shall set ""TELEMATIC_VEHICLE_SETUP2.FSFCWPlusSetting_Req"" B-CAN signal equal to ""Audio"" and sends this signal to IPC"	VF_3323	VF665_V43_R3	2	1
Sys-RA-VF665_V43_VSM-458	295	01.11.01.01.06	1.11.1.1.6	segment_map	Forward Collision Warning	"IF the user sets ""FSCWPlus_Setting.Req"" internal signals to ""Audio_Brake"" THEN TLM shall set ""TELEMATIC_VEHICLE_SETUP2.FSFCWPlusSetting_Req"" B-CAN signal equal to ""Audio_Brake"" and sends this signal to IPC"	VF_3324	VF665_V43_R3	2	1
Sys-RA-VF665_V43_VSM-459	295	01.11.01.01.06	1.11.1.1.6	segment_map	Forward Collision Warning	"WHEN TLM receives ""IPC_VEHICLE_SETUP2.FSFCWPlusSetting "" message THEN TLM updates the Forward Collision Warning information on its display through ""TLM_Vehicle_Setup_Menu.Info"" internal signal"	VF_3325	VF665_V43_R3	2	1
Sys-RA-VF665_V43_VSM-460	295	01.11.01.01.06	1.11.1.1.6	segment_map	Forward Collision Warning	"IF ""Country_Code""PROXI parameter is not equal to a country of NAFTA/LATAM market (according to Market Configuration Table) THEN TLM shall display the "" Forward Collision Warning Setting2"" menu item and the user can perform setting with the following options: Off, Brake, Audio_Brake"	VF_3326	VF665_V43_R3	1	0
Sys-RA-VF665_V43_VSM-461	295	01.11.01.01.06	1.11.1.1.6	segment_map	Forward Collision Warning	"IF the user sets ""FSCWPlus_Setting.Req"" internal signals to ""Off "" THEN TLM shall set ""TELEMATIC_VEHICLE_SETUP2.FSFCWPlusSetting_Req"" B-CAN signal equal to ""Off "" and sends this signal to IPC"	VF_3327	VF665_V43_R3	2	1
Sys-RA-VF665_V43_VSM-462	295	01.11.01.01.06	1.11.1.1.6	segment_map	Forward Collision Warning	"IF the user sets ""FSCWPlus_Setting.Req"" internal signals to ""Brake "" THEN TLM shall set ""TELEMATIC_VEHICLE_SETUP2.FSFCWPlusSetting_Req"" B-CAN signal equal to ""Brake "" and sends this signal to IPC"	VF_3328	VF665_V43_R3	2	1
Sys-RA-VF665_V43_VSM-463	295	01.11.01.01.06	1.11.1.1.6	segment_map	Forward Collision Warning	"IF the user sets ""FSCWPlus_Setting.Req"" internal signals to ""Audio_Brake "" THEN TLM shall set ""TELEMATIC_VEHICLE_SETUP2.FSFCWPlusSetting_Req"" B-CAN signal equal to ""Audio_Brake "" and sends this signal to IPC"	VF_3329	VF665_V43_R3	2	1
Sys-RA-VF665_V43_VSM-464	295	01.11.01.01.06	1.11.1.1.6	segment_map	Forward Collision Warning	"WHEN TLM receives ""IPC_VEHICLE_SETUP2.FSFCWPlusSetting "" message THEN TLM updates the Forward Collision Warning information on its display through ""TLM_Vehicle_Setup_Menu.Info"" internal signal"	VF_3330	VF665_V43_R3	2	1
Sys-RA-VF665_V43_VSM-466	295	01.11.01.01.06	1.11.1.1.6	segment_map	Forward Collision Warning	"IF the user sets ""FSCWPlus_Activation_Mode_Setting.Req"" internal signals to ""Near"" THEN TLM shall set ""TELEMATIC_VEHICLE_SETUP2.FSFCWPlusActivationMode_Req "" B-CAN signal equal to ""Near"" and sends this signal to IPC"	VF_3332	VF665_V43_R3	2	1
Sys-RA-VF665_V43_VSM-467	295	01.11.01.01.06	1.11.1.1.6	segment_map	Forward Collision Warning	"IF the user sets ""FSCWPlus_Activation_Mode_Setting.Req"" internal signals to ""Med"" THEN TLM shall set ""TELEMATIC_VEHICLE_SETUP2.FSFCWPlusActivationMode_Req "" B-CAN signal equal to ""Med"" and sends this signal to IPC"	VF_3333	VF665_V43_R3	2	1
Sys-RA-VF665_V43_VSM-468	295	01.11.01.01.06	1.11.1.1.6	segment_map	Forward Collision Warning	"IF the user sets ""FSCWPlus_Activation_Mode_Setting.Req"" internal signals to ""Far"" THEN TLM shall set ""TELEMATIC_VEHICLE_SETUP2.FSFCWPlusActivationMode_Req "" B-CAN signal equal to ""Far"" and sends this signal to IPC"	VF_3334	VF665_V43_R3	2	1
Sys-RA-VF665_V43_VSM-469	295	01.11.01.01.06	1.11.1.1.6	segment_map	Forward Collision Warning	"WHEN TLM receives ""IPC_VEHICLE_SETUP2.FSFCWPlusActivationMode "" message THEN TLM updates the Forward Collision Warning information on its display through ""TLM_Vehicle_Setup_Menu.Info"" internal signal"	VF_3335	VF665_V43_R3	2	1
Sys-RA-VF665_V43_VSM-471	295	01.11.01.01.07		none	Wiper and Sensor	"IF ""Rain_Sensor"" PROXI parameter is equal to ""present"" THEN TLM shall display the Rain Sensor menu item and the user can perform setting."	VF_481	VF665_V43_R3	1	0
Sys-RA-VF665_V43_VSM-472	295	01.11.01.01.07		none	Wiper and Sensor	"IF the user sets ""Rain_Sensor_Level_Setting.Req"" internal signals to ""Enable"" THEN TLM shall set ""TELEMATIC_VEHICLE_SETUP.RainSensorLevel_Req"" B-CAN signal equal to ""Enable"" and sends this signal to IPC"	VF_482	VF665_V43_R3	3	0
Sys-RA-VF665_V43_VSM-473	295	01.11.01.01.07		none	Wiper and Sensor	"IF the user sets ""Rain_Sensor_Level_Setting.Req"" internal signals to ""Not_Enable"" THEN TLM shall set ""TELEMATIC_VEHICLE_SETUP.RainSensorLevel_Req"" B-CAN signal equal to ""Not_Enable"" and sends this signal to IPC"	VF_483	VF665_V43_R3	3	0
Sys-RA-VF665_V43_VSM-474	295	01.11.01.01.07		none	Wiper and Sensor	"IF ""Rain_Sensor"" PROXI parameter is equal to ""absent"" THEN TLM shall not display the Rain Sensor menu item and the user can not perform any setting."	VF_480	VF665_V43_R3	1	0
Sys-RA-VF665_V43_VSM-478	295	01.11.01.01.08.01	1.11.1.1.8.1	segment_map	Clock and Time	TLM shall display the Clock Setting menu item and the user can perform setting.	VF_519	VF665_V43_R3	0	0
Sys-RA-VF665_V43_VSM-479	295	01.11.01.01.08.01	1.11.1.1.8.1	segment_map	Clock and Time	"IF the user sets ""Hour1_Setting.Req"" internal signals THEN TLM updates and sends the Hour information to VF456 through ""Hour1_Setting.Info"" internal signal"	VF_522	VF665_V43_R3	2	0
Sys-RA-VF665_V43_VSM-481	295	01.11.01.01.08.01	1.11.1.1.8.1	segment_map	Clock and Time	"IF the user sets ""Hour2_Setting.Req"" internal signals THEN TLM updates and sends the Hour information to VF456 through ""Hour2_Setting.Info"" internal signal"	VF_709	VF665_V43_R3	2	0
Sys-RA-VF665_V43_VSM-483	295	01.11.01.01.08.01	1.11.1.1.8.1	segment_map	Clock and Time	"IF the user sets ""Minute1_Setting.Req"" internal signals THEN TLM updates and sends the Minute information to VF456 through ""Minute1_Setting.Info"" internal signal"	VF_523	VF665_V43_R3	2	0
Sys-RA-VF665_V43_VSM-485	295	01.11.01.01.08.01	1.11.1.1.8.1	segment_map	Clock and Time	"IF the user sets ""Minute2_Setting.Req"" internal signals THEN TLM updates and sends the Minute information to VF456 through ""Minute1_Setting.Info"" internal signal"	VF_710	VF665_V43_R3	2	0
Sys-RA-VF665_V43_VSM-488	295	01.11.01.01.08.02	1.11.1.1.8.2	segment_map	Clock and Time	TLM shall display the Hour Mode menu item and the user can perform setting.	VF_514	VF665_V43_R3	0	0
Sys-RA-VF665_V43_VSM-489	295	01.11.01.01.08.02	1.11.1.1.8.2	segment_map	Clock and Time	"IF the user sets ""Hour_Mode_Setting.Req"" internal signals to ""0_24_h"" THEN TLM shall set ""TELEMATIC_VEHICLE_SETUP.HourMode_Req"" B-CAN signal equal to ""0_24_h"" and sends this signal to IPC"	VF_515	VF665_V43_R3	2	1
Sys-RA-VF665_V43_VSM-490	295	01.11.01.01.08.02	1.11.1.1.8.2	segment_map	Clock and Time	"IF the user sets ""Hour_Mode_Setting.Req"" internal signals to ""0_12_h"" THEN TLM shall set ""TELEMATIC_VEHICLE_SETUP.HourMode_Req"" B-CAN signal equal to ""0_12_h"" and sends this signal to IPC"	VF_516	VF665_V43_R3	2	1
Sys-RA-VF665_V43_VSM-491	295	01.11.01.01.08.02	1.11.1.1.8.2	segment_map	Clock and Time	"WHEN TLM receives ""IPC_VEHICLE_SETUP.HourMode"" message THEN TLM updates the Hour Mode information on its display through ""TLM_Vehicle_Setup_Menu.Info"" internal signal"	VF_517	VF665_V43_R3	2	1
Sys-RA-VF665_V43_VSM-493	295	01.11.01.01.08.03	1.11.1.1.8.3	segment_map	Clock and Time	"IF ""Cluster_Display_Type"" proxi parameter is equal to ""Base Display"" THEN TLM shall not display the Set Data menu item and the user can not perform any setting."	VF_718	VF665_V43_R3	1	0
Sys-RA-VF665_V43_VSM-494	295	01.11.01.01.08.03	1.11.1.1.8.3	segment_map	Clock and Time	ELSE THEN TLM shall display the Set Data menu item and the user can not perform any setting.	VF_726	VF665_V43_R3	0	0
Sys-RA-VF665_V43_VSM-495	295	01.11.01.01.08.03	1.11.1.1.8.3	segment_map	Clock and Time	"IF the user sets ""Day1_Setting.Req"" internal signals THEN TLM updates and sends the Day information to VF456 through ""Day1_Setting.Info"" internal signal"	VF_521	VF665_V43_R3	2	0
Sys-RA-VF665_V43_VSM-497	295	01.11.01.01.08.03	1.11.1.1.8.3	segment_map	Clock and Time	"IF the user sets ""Day2_Setting.Req"" internal signals THEN TLM updates and sends the Day information to VF456 through ""Day2_Setting.Info"" internal signal"	VF_711	VF665_V43_R3	2	0
Sys-RA-VF665_V43_VSM-499	295	01.11.01.01.08.03	1.11.1.1.8.3	segment_map	Clock and Time	"IF the user sets ""Month1_Setting.Req"" internal signals THEN TLM updates and sends the Month information to VF456 through ""Month1_Setting.Info"" internal signal"	VF_524	VF665_V43_R3	2	0
Sys-RA-VF665_V43_VSM-501	295	01.11.01.01.08.03	1.11.1.1.8.3	segment_map	Clock and Time	"IF the user sets ""Month2_Setting.Req"" internal signals THEN TLM updates and sends the Month information to VF456 through ""Month2_Setting.Info"" internal signal"	VF_712	VF665_V43_R3	2	0
Sys-RA-VF665_V43_VSM-503	295	01.11.01.01.08.03	1.11.1.1.8.3	segment_map	Clock and Time	"IF the user sets ""Year1_Setting.Req"" internal signals THEN TLM updates and sends the Year information to VF456 through ""Year1_Setting.Info"" internal signal"	VF_525	VF665_V43_R3	2	0
Sys-RA-VF665_V43_VSM-505	295	01.11.01.01.08.03	1.11.1.1.8.3	segment_map	Clock and Time	"IF the user sets ""Year2_Setting.Req"" internal signals THEN TLM updates and sends the Year information to VF456 through ""Year2_Setting.Info"" internal signal"	VF_713	VF665_V43_R3	2	0
Sys-RA-VF665_V43_VSM-507	295	01.11.01.01.08.03	1.11.1.1.8.3	segment_map	Clock and Time	"IF the user sets ""Year3_Setting.Req"" internal signals THEN TLM updates and sends the Year information to VF456 through ""Year3_Setting.Info"" internal signal"	VF_714	VF665_V43_R3	2	0
Sys-RA-VF665_V43_VSM-509	295	01.11.01.01.08.03	1.11.1.1.8.3	segment_map	Clock and Time	"IF the user sets ""Year4_Setting.Req"" internal signals THEN TLM updates and sends the Year information to VF456 through ""Year4_Setting.Info"" internal signal"	VF_715	VF665_V43_R3	2	0
Sys-RA-VF665_V43_VSM-511	295	01.11.01.01.08.03	1.11.1.1.8.3	segment_map	Clock and Time	"TLM receives ""Time_Date_Setting_Feedback.Info"" from VF456 to update time and date information in the setup menu."	VF_2829	VF665_V43_R3	1	0
Sys-RA-VF665_V43_VSM-513	295	01.11.01.01.09	1.11.1.1.9	segment_map	Door Lock and Access	"IF ""Auto_Close_Menu"" PROXI parameter is equal to ""Disabled"" THEN TLM shall not display the Speed Lock Door menu item and the user can not perform any settin"	VF_1390	VF665_V43_R3	1	0
Sys-RA-VF665_V43_VSM-514	295	01.11.01.01.09	1.11.1.1.9	segment_map	Door Lock and Access	"IF ""Auto_Close_Menu"" PROXI parameter is equal to ""Enabled"" THEN TLM shall display the Speed Lock Door menu item and the user can perform setting."	VF_528	VF665_V43_R3	1	0
Sys-RA-VF665_V43_VSM-515	295	01.11.01.01.09	1.11.1.1.9	segment_map	Door Lock and Access	"IF the user sets ""Speed_Lock_Door_Enable.Req"" internal signals to ""Enable"" THEN TLM shall set ""TELEMATIC_VEHICLE_SETUP.SpeedLockDoorEnable_Req"" B-CAN signal equal to ""Enable"" and sends this signal to IPC"	VF_553	VF665_V43_R3	2	1
Sys-RA-VF665_V43_VSM-516	295	01.11.01.01.09	1.11.1.1.9	segment_map	Door Lock and Access	"IF the user sets ""Speed_Lock_Door_Enable.Req"" internal signals to ""Not_Enable"" THEN TLM shall set ""TELEMATIC_VEHICLE_SETUP.SpeedLockDoorEnable_Req"" B-CAN signal equal to ""Not_Enable"" and sends this signal to IPC"	VF_554	VF665_V43_R3	2	1
Sys-RA-VF665_V43_VSM-517	295	01.11.01.01.09	1.11.1.1.9	segment_map	Door Lock and Access	"WHEN TLM receives ""IPC_VEHICLE_SETUP.SpeedLockDoorEnable"" message THEN TLM updates the Speed Lock Door information on its display through ""TLM_Vehicle_Setup_Menu.Info"" internal signal"	VF_555	VF665_V43_R3	2	1
Sys-RA-VF665_V43_VSM-519	295	01.11.01.01.10		none	Units	The LTM/ETM shall display the Unit Custom setting to allow the customer the ability to modify the measurement units setting.	VF_3566	VF665_V43_R3	0	0
Sys-RA-VF665_V43_VSM-521	295	01.11.01.01.10.01	1.11.1.1.10.1	segment_map	Units	"IF ""Odo_Units Change"" PROXI parameter is equal to ""absent"" THEN TLM shall not display the Distance Measurement Unit menu item and the user can not perform any setting."	VF_3568	VF665_V43_R3	1	0
Sys-RA-VF665_V43_VSM-522	295	01.11.01.01.10.01	1.11.1.1.10.1	segment_map	Units	"IF ""Odo_Units Change"" PROXI parameter is equal to ""present"" THEN TLM shall display the Distance Measurement Unit menu item and the user can perform setting."	VF_3569	VF665_V43_R3	1	0
Sys-RA-VF665_V43_VSM-523	295	01.11.01.01.10.01	1.11.1.1.10.1	segment_map	Units	"IF the user sets ""Distance_Unit_Setting.Req"" internal signals to ""Km"" THEN TLM shall set ""TELEMATIC_VEHICLE_SETUP.DistanceUnit_Req"" B-CAN signal equal to ""Km"" and sends this signal to IPC"	VF_3570	VF665_V43_R3	2	1
Sys-RA-VF665_V43_VSM-524	295	01.11.01.01.10.01	1.11.1.1.10.1	segment_map	Units	"IF the user sets ""Distance_Unit_Setting.Req"" internal signals as ""Miles"" THEN TLM shall set ""TELEMATIC_VEHICLE_SETUP.DistanceUnit_Req"" B-CAN signal equal to ""Miles"" and sends this signal to IPC"	VF_3571	VF665_V43_R3	2	1
Sys-RA-VF665_V43_VSM-525	295	01.11.01.01.10.01	1.11.1.1.10.1	segment_map	Units	"WHEN TLM receives ""IPC_VEHICLE_SETUP.DistanceUnit"" message THEN TLM updates the Distance Measurement Unit information on its display through ""TLM_Vehicle_Setup_Menu.Info"" internal signal"	VF_3572	VF665_V43_R3	2	1
Sys-RA-VF665_V43_VSM-527	295	01.11.01.01.10.02	1.11.1.1.10.2	segment_map	Units	"IF ""Fuel_Type"" PROXI parameter is different to ""CNG"" or ""GPL"" THEN TLM shall display the Consumption Measurement Unit menu item and the user can perform setting."	VF_3574	VF665_V43_R3	1	0
Sys-RA-VF665_V43_VSM-528	295	01.11.01.01.10.02	1.11.1.1.10.2	segment_map	Units	"IF ""Odo_Units_Change"" PROXI parameter is equal to ""present"" AND ""Distance_Unit_Setting.Req"" is equal to ""km"" THEN TLM shall display only the menu items ""Km_Per_Litre"" and ""Litres_Per_100Km"""	VF_3575	VF665_V43_R3	2	0
Sys-RA-VF665_V43_VSM-529	295	01.11.01.01.10.02	1.11.1.1.10.2	segment_map	Units	"IF ""Consumption_Unit_Setting.Req"" is equal to ""Km_Per_Litre"" THEN TLM shall set ""TELEMATIC_VEHICLE_SETUP.ConsumptionUnit_Req"" to ""Km_Per_Litre"" value."	VF_3576	VF665_V43_R3	2	1
Sys-RA-VF665_V43_VSM-530	295	01.11.01.01.10.02	1.11.1.1.10.2	segment_map	Units	"IF ""Consumption_Unit_Setting.Req"" is equal to ""Litres_Per_100Km"" THEN TLM shall set ""TELEMATIC_VEHICLE_SETUP.ConsumptionUnit_Req"" to ""Litres_Per_100Km"" value."	VF_3577	VF665_V43_R3	2	1
Sys-RA-VF665_V43_VSM-531	295	01.11.01.01.10.02	1.11.1.1.10.2	segment_map	Units	"IF ""Odo_Units_Change"" PROXI parameter is equal to ""present"" AND ""Distance_Unit_Setting.Req"" is equal to ""miles"" THEN TLM shall display only the Consumption Unit menu item related to ""mpg"""	VF_3578	VF665_V43_R3	2	0
Sys-RA-VF665_V43_VSM-533	295	01.11.01.01.10.02	1.11.1.1.10.2	segment_map	Units	"IF ""Country_Code"" PROXI parameter is equal to ""United States of America"" OR ""GRENADA"" OR ""BURMA"" OR ""MEXICO"" OR ""CANADA"" OR ""PUERTO RICO"" OR ""LIBERIA"" THEN TLM shall set ""TELEMATIC_VEHICLE_SETUP.ConsumptionUnit_Req"" to ""Miles_Per_Gallon_US"" value."	VF_3580	VF665_V43_R3	2	1
Sys-RA-VF665_V43_VSM-534	295	01.11.01.01.10.02	1.11.1.1.10.2	segment_map	Units	"ELSE THEN TLM shall set ""TELEMATIC_VEHICLE_SETUP.ConsumptionUnit_Req"" to ""Miles_Per_Gallon_UK"" value."	VF_3581	VF665_V43_R3	1	1
Sys-RA-VF665_V43_VSM-535	295	01.11.01.01.10.02	1.11.1.1.10.2	segment_map	Units	"WHEN TLM receives ""IPC_VEHICLE_SETUP.ConsumptionUnit"" message THEN TLM updates the Consumption Measurement Unit information on its display through ""TLM_Vehicle_Setup_Menu.Info"" internal signal"	VF_3582	VF665_V43_R3	2	1
Sys-RA-VF665_V43_VSM-536	295	01.11.01.01.10.02	1.11.1.1.10.2	segment_map	Units	ELSE THEN TLM shall not display the Consumption Measurement Unit menu item and the user can not perform setting.	VF_3583	VF665_V43_R3	0	0
Sys-RA-VF665_V43_VSM-538	295	01.11.01.01.10.03	1.11.1.1.10.3	segment_map	Units	"IF ""External_Temperature_Sensor"" PROXI parameter is equal to ""absent"" THEN TLM shall not display the External Temperature Measurement Unit menu item and the user can not perform any setting."	VF_3585	VF665_V43_R3	1	0
Sys-RA-VF665_V43_VSM-539	295	01.11.01.01.10.03	1.11.1.1.10.3	segment_map	Units	"IF ""External_Temperature_Sensor"" PROXI parameter is equal to ""present"" THEN TLM shall display the External Temperature Measurement Unit menu item and the user can perform setting."	VF_3586	VF665_V43_R3	1	0
Sys-RA-VF665_V43_VSM-540	295	01.11.01.01.10.03	1.11.1.1.10.3	segment_map	Units	"IF the user sets ""Temperature_Unit_Setting.Req"" internal signals to ""°C"" THEN TLM shall set ""TELEMATIC_VEHICLE_SETUP.TemperatureUnit_Req"" B-CAN signal equal to ""°C"" and sends this signal to IPC"	VF_3587	VF665_V43_R3	2	1
Sys-RA-VF665_V43_VSM-541	295	01.11.01.01.10.03	1.11.1.1.10.3	segment_map	Units	"IF the user sets ""Temperature_Unit_Setting.Req"" internal signals to ""°F"" THEN TLM shall set ""TELEMATIC_VEHICLE_SETUP.TemperatureUnit_Req"" B-CAN signal equal to ""°F"" and sends this signal to IPC"	VF_3588	VF665_V43_R3	2	1
Sys-RA-VF665_V43_VSM-542	295	01.11.01.01.10.03	1.11.1.1.10.3	segment_map	Units	"WHEN TLM receives ""IPC_VEHICLE_SETUP.TemperatureUnit"" message THEN TLM updates the External TemperatureMeasurement Unit information on its display through ""TLM_Vehicle_Setup_Menu.Info"" internal signal"	VF_3589	VF665_V43_R3	2	1
Sys-RA-VF665_V43_VSM-544	295	01.11.01.01.10.04	1.11.1.1.10.4	segment_map	Units	"IF ""Tyre_Pressure_Unit_Menu"" PROXI parameter is equal to ""Absent"" THEN TLM shall not display the Tyre Pressure Unit menu item and the user can not perform any setting."	VF_3591	VF665_V43_R3	1	0
Sys-RA-VF665_V43_VSM-545	295	01.11.01.01.10.04	1.11.1.1.10.4	segment_map	Units	"IF ""Tyre_Pressure_Unit_Menu"" PROXI parameter is equal to ""Present"" THEN TLM shall display the Tyre Pressure Unit menu item and the user can perform setting."	VF_3592	VF665_V43_R3	1	0
Sys-RA-VF665_V43_VSM-546	295	01.11.01.01.10.04	1.11.1.1.10.4	segment_map	Units	"IF the user sets ""Tyre_Pressure_Unit_Setting.Req"" internal signals to "" kPa"" THEN TLM shall set ""TELEMATIC_VEHICLE_SETUP2.TyrePressureUnit_Req"" B-CAN signal equal to ""kPa"" and sends this signal to IPC"	VF_3593	VF665_V43_R3	2	1
Sys-RA-VF665_V43_VSM-547	295	01.11.01.01.10.04	1.11.1.1.10.4	segment_map	Units	"IF the user sets ""Tyre_Pressure_Unit_Setting.Req"" internal signals to "" psi"" THEN TLM shall set ""TELEMATIC_VEHICLE_SETUP2.TyrePressureUnit_Req"" B-CAN signal equal to "" psi"" and sends this signal to IPC"	VF_3594	VF665_V43_R3	2	1
Sys-RA-VF665_V43_VSM-548	295	01.11.01.01.10.04	1.11.1.1.10.4	segment_map	Units	"IF the user sets ""TyrePressureUnit_Req"" internal signals to "" bar"" THEN TLM shall set ""TELEMATIC_VEHICLE_SETUP2.TyrePressureUnit_Req"" B-CAN signal equal to ""bar"" and sends this signal to IPC"	VF_3595	VF665_V43_R3	1	1
Sys-RA-VF665_V43_VSM-549	295	01.11.01.01.10.04	1.11.1.1.10.4	segment_map	Units	"WHEN TLM receives ""IPC_VEHICLE_SETUP2.TyrePressureUnit"" message THEN TLM updates the Tyre Pressure Unit information on its display through ""TLM_Vehicle_Setup_Menu.Info"" internal signal"	VF_3596	VF665_V43_R3	2	1
Sys-RA-VF665_V43_VSM-552	295	01.11.01.01.11	1.11.1.1.13	segment_map	Language	"display the ""Language"" menu item. display the language SETS described in ""Market Configuration Table"" document according to ""Country_Code"" PROXI parameter"	VF_3180	VF665_V43_R3	1	0
Sys-RA-VF665_V43_VSM-553	295	01.11.01.01.11	1.11.1.1.13	segment_map	Language	"IF the user sets a language througt ""Language_Setting.Req"" internal signal THEN TLM shall set ""TELEMATIC_VEHICLE_SETUP.LanguageSelection_Req"" to the corresponding selected value."	VF_1276	VF665_V43_R3	2	1
Sys-RA-VF665_V43_VSM-554	295	01.11.01.01.11	1.11.1.1.13	segment_map	Language	"WHEN TLM receives ""IPC_VEHICLE_SETUP.LanguageSelection"" message THEN TLM updates the Language information on its display through ""TLM_Vehicle_Setup_Menu.Info"" internal signal"	VF_1277	VF665_V43_R3	2	1
Sys-RA-VF665_V43_VSM-555	295	01.11.01.01.11	1.11.1.1.13	segment_map	Language	IF TLM receives a negative Ack from IPC THEN the TLM has to maintain the language previously selected.	VF_1278	VF665_V43_R3	0	0
Sys-RA-VF665_V43_VSM-557	295	01.11.01.01.12	1.11.1.1.14	segment_map	Exterior Lighting	"IF ""DRL_Menù_Enable"" PROXI parameter is equal to ""Disabled"" THEN TLM shall not display the DRL menu item and the user can not perform any setting."	VF_444	VF665_V43_R3	1	0
Sys-RA-VF665_V43_VSM-558	295	01.11.01.01.12	1.11.1.1.14	segment_map	Exterior Lighting	"IF ""DRL_Menù_Enable"" PROXI parameter is equal to ""Enabled"" THEN TLM shall display the DRL menu item and the user can perform setting."	VF_445	VF665_V43_R3	1	0
Sys-RA-VF665_V43_VSM-559	295	01.11.01.01.12	1.11.1.1.14	segment_map	Exterior Lighting	"IF the user sets ""DRL_Enable.Req"" internal signals to ""Enable"" THEN TLM shall set ""TELEMATIC_VEHICLE_SETUP.DRLEnable_Req"" B-CAN signal equal to ""True"" and sends this signal to IPC"	VF_446	VF665_V43_R3	2	1
Sys-RA-VF665_V43_VSM-560	295	01.11.01.01.12	1.11.1.1.14	segment_map	Exterior Lighting	"IF the user sets ""DRL_Enable.Req"" internal signals to ""Disable"" THEN TLM shall set ""TELEMATIC_VEHICLE_SETUP.DRLEnable_Req"" B-CAN signal equal to ""False"" and sends this signal to IPC"	VF_447	VF665_V43_R3	2	1
Sys-RA-VF665_V43_VSM-561	295	01.11.01.01.12	1.11.1.1.14	segment_map	Exterior Lighting	"WHEN TLM receives ""IPC_VEHICLE_SETUP.DRLEnable"" message THEN TLM updates the DRL information on its display through ""TLM_Vehicle_Setup_Menu.Info"" internal signal"	VF_448	VF665_V43_R3	2	1
Sys-RA-VF665_V43_VSM-563	295	01.11.01.01.13	1.11.1.1.15	segment_map	Exterior Lighting	"IF ""Twilight_Sensor"" PROXI parameter is equal to ""absent"" THEN TLM shall not display the External Light Sensor menu item and the user can not perform any setting."	VF_488	VF665_V43_R3	1	0
Sys-RA-VF665_V43_VSM-564	295	01.11.01.01.13	1.11.1.1.15	segment_map	Exterior Lighting	"IF ""Twilight_Sensor"" PROXI parameter is equal to ""present"" THEN TLM shall display the External Light Sensor menu item and the user can perform setting."	VF_489	VF665_V43_R3	1	0
Sys-RA-VF665_V43_VSM-565	295	01.11.01.01.13	1.11.1.1.15	segment_map	Exterior Lighting	"IF the user sets ""External_Light_Sensor_Level.Req"" internal signal to ""Level_1"" THEN TLM shall set ""TELEMATIC_VEHICLE_SETUP.ExternalLightSensorLevel_Req"" B-CAN signal equal to ""Level_1"" and sends this signal to IPC"	VF_503	VF665_V43_R3	2	1
Sys-RA-VF665_V43_VSM-566	295	01.11.01.01.13	1.11.1.1.15	segment_map	Exterior Lighting	"IF the user sets ""External_Light_Sensor_Level_Setting.Req"" internal signal to ""Level_2"" THEN TLM shall set ""TELEMATIC_VEHICLE_SETUP.ExternalLightSensorLevel_Req"" B-CAN signal equal to ""Level_2"" and sends this signal to IPC"	VF_504	VF665_V43_R3	2	1
Sys-RA-VF665_V43_VSM-567	295	01.11.01.01.13	1.11.1.1.15	segment_map	Exterior Lighting	"IF the user sets ""External_Light_Sensor_Level_Setting.Req"" internal signal to ""Level_3"" THEN TLM shall set ""TELEMATIC_VEHICLE_SETUP.ExternalLightSensorLevel_Req"" B-CAN signal equal to ""Level_3"" and sends this signal to IPC"	VF_505	VF665_V43_R3	2	1
Sys-RA-VF665_V43_VSM-568	295	01.11.01.01.13	1.11.1.1.15	segment_map	Exterior Lighting	"WHEN TLM receives ""IPC_VEHICLE_SETUP.ExternalLightSensorLevel"" message THEN TLM updates the External light Sensor information on its display through ""TLM_Vehicle_Setup_Menu.Info"" internal signal"	VF_506	VF665_V43_R3	2	1
Sys-RA-VF665_V43_VSM-571	295	01.11.01.01.14	1.11.1.1.16	segment_map	Exterior Lighting	"IF the user sets ""Headlights_Off_Delay_Setting.Req"" internal signal to "" 0 "" THEN TLM shall set ""TELEMATIC_VEHICLE_SETUP2.HeadlightsOffDelay_Req "" B-CAN signal equal to "" 0 "" and sends this signal to IPC"	VF_2123	VF665_V43_R3	2	1
Sys-RA-VF665_V43_VSM-572	295	01.11.01.01.14	1.11.1.1.16	segment_map	Exterior Lighting	"IF the user sets ""Headlights_Off_Delay_Setting.Req "" internal signal to "" 30 "" THEN TLM shall set ""TELEMATIC_VEHICLE_SETUP2.HeadlightsOffDelay_Req "" B-CAN signal equal to "" 30 "" and sends this signal to IPC"	VF_2124	VF665_V43_R3	2	1
Sys-RA-VF665_V43_VSM-573	295	01.11.01.01.14	1.11.1.1.16	segment_map	Exterior Lighting	"IF the user sets ""Headlights_Off_Delay_Setting.Req "" internal signal to "" 60 "" THEN TLM shall set ""TELEMATIC_VEHICLE_SETUP2.HeadlightsOffDelay_Req "" B-CAN signal equal to "" 60 "" and sends this signal to IPC"	VF_2125	VF665_V43_R3	2	1
Sys-RA-VF665_V43_VSM-574	295	01.11.01.01.14	1.11.1.1.16	segment_map	Exterior Lighting	"IF the user sets ""Headlights_Off_Delay_Setting.Req "" internal signal to "" 90 "" THEN TLM shall set ""TELEMATIC_VEHICLE_SETUP2.HeadlightsOffDelay_Req "" B-CAN signal equal to "" 90 "" and sends this signal to IPC"	VF_2126	VF665_V43_R3	2	1
Sys-RA-VF665_V43_VSM-575	295	01.11.01.01.14	1.11.1.1.16	segment_map	Exterior Lighting	"WHEN TLM receives ""IPC_VEHICLE_SETUP2.HeadlightsOffDelay"" message THEN TLM updates the Headlights Off Delay information on its display through ""TLM_Vehicle_Setup_Menu.Info"" internal signal"	VF_2137	VF665_V43_R3	2	1
Sys-RA-VF665_V43_VSM-577	295	01.11.01.01.15		none	Side and Blind Spot Warnings	"IF ""CAN node 51 (LBSS)"" == ""Absent"" OR ""CAN node 52 (RBSS)"" == ""Absent"" THEN TLM shall not display the Blind Spot Detection menu item and the user can not perform any setting."	VF_1158	VF665_V43_R3	0	0
Sys-RA-VF665_V43_VSM-578	295	01.11.01.01.15		none	Side and Blind Spot Warnings	"IF ""CAN node 51 (LBSS)"" == ""Present"" AND ""CAN node 52 (RBSS)"" == ""Present"" THEN TLM shall display the Blind Spot Detection menu item and the user can perform setting."	VF_1157	VF665_V43_R3	0	0
Sys-RA-VF665_V43_VSM-579	295	01.11.01.01.15		none	Side and Blind Spot Warnings	"IF the user sets ""Blind_Spot_Detection_Setting.Req"" internal signal to ""Enable_LED"" THEN TLM shall set ""TELEMATIC_VEHICLE_SETUP.BSDEnable_Req"" B-CAN signal equal to ""Enable_LED"" and sends this signal to IPC"	VF_1159	VF665_V43_R3	1	0
Sys-RA-VF665_V43_VSM-580	295	01.11.01.01.15		none	Side and Blind Spot Warnings	"IF the user sets ""Blind_Spot_Detection_Setting.Req"" internal signal to ""Enable_ LED_Chime"" THEN TLM shall set ""TELEMATIC_VEHICLE_SETUP.BSDEnable_Req"" B-CAN signal equal to ""Enable_ LED_Chime"" and sends this signal to IPC"	VF_1160	VF665_V43_R3	1	0
Sys-RA-VF665_V43_VSM-581	295	01.11.01.01.15		none	Side and Blind Spot Warnings	"IF the user sets ""Blind_Spot_Detection_Setting.Req"" internal signal to ""Not_Enable"" THEN TLM shall set ""TELEMATIC_VEHICLE_SETUP.BSDEnable_Req"" B-CAN signal equal to ""Not_Enable"" and sends this signal to IPC"	VF_1161	VF665_V43_R3	1	0
Sys-RA-VF665_V43_VSM-582	295	01.11.01.01.15		none	Side and Blind Spot Warnings	"WHEN TLM receives ""IPC_VEHICLE_SETUP.BSDEnable"" message THEN TLM updates the Blind Spot information on its display through ""TLM_Vehicle_Setup_Menu.Info"" internal signal"	VF_1162	VF665_V43_R3	2	0
Sys-RA-VF665_V43_VSM-584	295	01.11.01.01.16	1.11.1.1.17	segment_map	Door Lock and Access	"IF ""Passive_Entry_Menu"" PROXI parameter is equal to ""Absent"" THEN TLM shall not display the Passive Entry menu item and the user can not perform any setting."	VF_1392	VF665_V43_R3	1	0
Sys-RA-VF665_V43_VSM-585	295	01.11.01.01.16	1.11.1.1.17	segment_map	Door Lock and Access	"IF ""Passive_Entry_Menu"" PROXI parameter is equal to ""Present"" THEN TLM shall display the Passive Entry menu item and the user can perform setting."	VF_1393	VF665_V43_R3	1	0
Sys-RA-VF665_V43_VSM-586	295	01.11.01.01.16	1.11.1.1.17	segment_map	Door Lock and Access	"IF the user sets ""Passive_Entry_Enable.Req"" internal signals to ""On"" THEN TLM shall set ""TELEMATIC_VEHICLE_SETUP.PassiveEntry_Req"" B-CAN signal equal to ""On"" and sends this signal to IPC"	VF_1418	VF665_V43_R3	2	1
Sys-RA-VF665_V43_VSM-587	295	01.11.01.01.16	1.11.1.1.17	segment_map	Door Lock and Access	"IF the user sets ""Passive_Entry_Enable.Req"" internal signals to ""Off"" THEN TLM shall set ""TELEMATIC_VEHICLE_SETUP.PassiveEntry_Req"" B-CAN signal equal to ""Off"" and sends this signal to IPC"	VF_1419	VF665_V43_R3	2	1
Sys-RA-VF665_V43_VSM-588	295	01.11.01.01.16	1.11.1.1.17	segment_map	Door Lock and Access	"WHEN TLM receives ""IPC_VEHICLE_SETUP.PassiveEntry"" message THEN TLM updates the Passive Entry information on its display through ""TLM_Vehicle_Setup_Menu.Info"" internal signal"	VF_1420	VF665_V43_R3	2	1
Sys-RA-VF665_V43_VSM-590	295	01.11.01.01.17	1.11.1.1.18	segment_map	Door Lock and Access	"IF ""Remote_Door_Unlock_Menu"" PROXI parameter is equal to ""Absent"" THEN TLM shall not display the Remote Door Unlock menu item and the user can not perform any setting."	VF_1422	VF665_V43_R3	1	0
Sys-RA-VF665_V43_VSM-591	295	01.11.01.01.17	1.11.1.1.18	segment_map	Door Lock and Access	"IF ""Remote_Door_Unlock_Menu"" PROXI parameter is equal to ""Present"" THEN TLM shall display the Remote Door Unlock menu item and the user can perform setting."	VF_1423	VF665_V43_R3	1	0
Sys-RA-VF665_V43_VSM-592	295	01.11.01.01.17	1.11.1.1.18	segment_map	Door Lock and Access	"IF the user sets ""Remote_Door_Unlock_Setting.Req"" internal signals to ""Driver"" THEN TLM shall set ""TELEMATIC_VEHICLE_SETUP.RemoteDoorUnlock._Req"" B-CAN signal equal to ""Driver"" and sends this signal to IPC"	VF_1448	VF665_V43_R3	2	0
Sys-RA-VF665_V43_VSM-593	295	01.11.01.01.17	1.11.1.1.18	segment_map	Door Lock and Access	"IF the user sets ""Remote_Door_Unlock_Setting.Req"" internal signals to ""All"" THEN TLM shall set ""TELEMATIC_VEHICLE_SETUP.RemoteDoorUnlock._Req"" B-CAN signal equal to ""All"" and sends this signal to IPC"	VF_1449	VF665_V43_R3	2	0
Sys-RA-VF665_V43_VSM-594	295	01.11.01.01.17	1.11.1.1.18	segment_map	Door Lock and Access	"WHEN TLM receives ""IPC_VEHICLE_SETUP.RemoteDoorUnlock"" message THEN TLM updates the Remote Door Unlock information on its display through ""TLM_Vehicle_Setup_Menu.Info"" internal signal"	VF_1450	VF665_V43_R3	2	1
Sys-RA-VF665_V43_VSM-596	295	01.11.01.01.18	1.11.1.1.19	segment_map	Door Lock and Access	"IF ""Horn_Chirp_Menu"" PROXI parameter is equal to ""Absent"" THEN TLM shall not display the Sound Horn with Lock Unlock menu item and the user can not perform any setting."	VF_3285	VF665_V43_R3	1	0
Sys-RA-VF665_V43_VSM-598	295	01.11.01.01.18	1.11.1.1.19	segment_map	Door Lock and Access	"IF the user sets ""Sound_Horn_Lock_Unlock_Setting.Req"" internal signals to ""Off"" THEN TLM shall set ""TELEMATIC_VEHICLE_SETUP3.SoundHornLockUnlock_Req"" B-CAN signal equal to ""Off"" and sends this signal to IPC"	VF_3287	VF665_V43_R3	2	1
Sys-RA-VF665_V43_VSM-599	295	01.11.01.01.18	1.11.1.1.19	segment_map	Door Lock and Access	"IF the user sets ""Sound_Horn_Lock_Unlock_Setting.Req"" internal signals to ""On"" THEN TLM shall set ""TELEMATIC_VEHICLE_SETUP3.SoundHornLockUnlock_Req"" B-CAN signal equal to ""On"" and sends this signal to IPC"	VF_3288	VF665_V43_R3	2	1
Sys-RA-VF665_V43_VSM-600	295	01.11.01.01.18	1.11.1.1.19	segment_map	Door Lock and Access	"WHEN TLM receives ""IPC_VEHICLE_SETUP3.SoundHornLockUnlock"" message THEN TLM updates the Sound Horn with Lock Unlock information on its display through ""TLM_Vehicle_Setup_Menu.Info"" internal signal"	VF_3289	VF665_V43_R3	2	1
Sys-RA-VF665_V43_VSM-602	295	01.11.01.01.19	1.11.1.1.20	segment_map	Door Lock and Access	"IF ""Auto_Door_Unlock_Menu"" PROXI parameter is equal to ""Absent"" THEN TLM shall not display the Auto Unlock Door Exit menu item and the user can not perform any setting."	VF_2114	VF665_V43_R3	1	0
Sys-RA-VF665_V43_VSM-603	295	01.11.01.01.19	1.11.1.1.20	segment_map	Door Lock and Access	"IF ""Auto_Door_Unlock_Menu"" PROXI parameter is equal to ""Present"" THEN TLM shall display the Auto Unlock Door Exit menu item and the user can perform setting."	VF_2115	VF665_V43_R3	1	0
Sys-RA-VF665_V43_VSM-604	295	01.11.01.01.19	1.11.1.1.20	segment_map	Door Lock and Access	"IF the user sets ""Auto_Unlock_Door_Exit_Enable.Req"" internal signals to "" Enable"" THEN TLM shall set ""TELEMATIC_VEHICLE_SETUP2.AutoUnlockDoorExit_Req"" B-CAN signal equal to ""Enable"" and sends this signal to IPC"	VF_2118	VF665_V43_R3	2	1
Sys-RA-VF665_V43_VSM-605	295	01.11.01.01.19	1.11.1.1.20	segment_map	Door Lock and Access	"IF the user sets ""Auto_Unlock_Door_Exit_Enable.Req"" internal signals to "" Not_Enable"" THEN TLM shall set ""TELEMATIC_VEHICLE_SETUP2.AutoUnlockDoorExit_Req"" B-CAN signal equal to ""Not_Enable"" and sends this signal to IPC"	VF_2119	VF665_V43_R3	2	1
Sys-RA-VF665_V43_VSM-606	295	01.11.01.01.19	1.11.1.1.20	segment_map	Door Lock and Access	"WHEN TLM receives ""IPC_VEHICLE_SETUP2.AutoUnlockDoorExit"" message THEN TLM updates the Auto Unlock Door Exit information on its display through ""TLM_Vehicle_Setup_Menu.Info"" internal signal"	VF_2135	VF665_V43_R3	2	1
Sys-RA-VF665_V43_VSM-608	295	01.11.01.01.20	1.11.1.1.21	segment_map	Door Lock and Access	"IF ""Flash_Light_With_Lock_Menu"" PROXI parameter is equal to ""Absent"" THEN TLM shall not display the Flash Light With Lock menu item and the user can not perform any setting."	VF_1807	VF665_V43_R3	1	0
Sys-RA-VF665_V43_VSM-609	295	01.11.01.01.20	1.11.1.1.21	segment_map	Door Lock and Access	"IF ""Flash_Light_With_Lock_Menu"" PROXI parameter is equal to ""Present"" THEN TLM shall display the Flash Light With Lock menu item and the user can perform setting."	VF_1808	VF665_V43_R3	1	0
Sys-RA-VF665_V43_VSM-610	295	01.11.01.01.20	1.11.1.1.21	segment_map	Door Lock and Access	"IF the user sets "" Flash_Light_With_Lock_Enable.Req "" internal signal to "" Off"" THEN TLM shall set ""TELEMATIC_VEHICLE_SETUP2.FlashLightWLock_Req"" B-CAN signal equal to ""Off"" and sends this signal to IPC"	VF_2107	VF665_V43_R3	2	1
Sys-RA-VF665_V43_VSM-611	295	01.11.01.01.20	1.11.1.1.21	segment_map	Door Lock and Access	"IF the user sets "" Flash_Light_With_Lock_Enable.Req "" internal signal to "" On"" THEN TLM shall set ""TELEMATIC_VEHICLE_SETUP2.FlashLightWLock_Req"" B-CAN signal equal to ""On"" and sends this signal to IPC"	VF_2108	VF665_V43_R3	2	1
Sys-RA-VF665_V43_VSM-612	295	01.11.01.01.20	1.11.1.1.21	segment_map	Door Lock and Access	"WHEN TLM receives ""IPC_VEHICLE_SETUP2.FlashLightWLock"" message THEN TLM updates the Flash Light With Lock information on its display through ""TLM_Vehicle_Setup_Menu.Info"" internal signal"	VF_2139	VF665_V43_R3	2	1
Sys-RA-VF665_V43_VSM-614	295	01.11.01.01.21	1.11.1.1.22	segment_map	Clock and Time	"IF ""NAV_Presence"" PROXI parameter is equal to ""Absent"" THEN TLM shall not display the GPS Automatic Time Adjustment menu item and the user can not perform any setting."	VF_508	VF665_V43_R3	1	0
Sys-RA-VF665_V43_VSM-615	295	01.11.01.01.21	1.11.1.1.22	segment_map	Clock and Time	"IF ""NAV_Presence"" PROXI parameter is equal to ""Present"" THEN TLM shall display the GPS Automatic Time Adjustment menu item and the user can perform setting."	VF_509	VF665_V43_R3	1	0
Sys-RA-VF665_V43_VSM-616	295	01.11.01.01.21	1.11.1.1.22	segment_map	Clock and Time	"IF the user sets ""GPS_Automatic_Time_Adj_Enable.Req"" internal signals to ""Not_Enable"" THEN TLM updates and sends the GPS Time Adjustment information to VF456 through ""GPS_Automatic_Time_Adj_Setup.Info"" internal signal"	VF_511	VF665_V43_R3	2	0
Sys-RA-VF665_V43_VSM-617	295	01.11.01.01.21	1.11.1.1.22	segment_map	Clock and Time	"IF the user sets ""GPS_Automatic_Time_Adj_Enable.Req"" internal signals to ""Enable"" THEN TLM updates and sends the GPS Time Adjustment information to VF456 through ""GPS_Automatic_Time_Adj_Setup.Info"" internal signal"	VF_512	VF665_V43_R3	2	0
Sys-RA-VF665_V43_VSM-619	295	01.11.01.01.22		none	Phone and Navigation Repetition	"IF TLM receives ""IPC_VEHICLE_SETUP.PhoneRepetition""set to ""Present"" THEN TLM updates and sends the information for enabling the Phone repetition to VF464 through ""PhoneRepetition.Info"" internal signal"	VF_2500	VF665_V43_R3	2	1
Sys-RA-VF665_V43_VSM-620	295	01.11.01.01.22		none	Phone and Navigation Repetition	"IF TLM receives ""IPC_VEHICLE_SETUP.PhoneRepetition""set to ""Absent"" THEN TLM updates and sends the information for disabling the Phone repetition to VF464 through ""PhoneRepetition.Info"" internal signal"	VF_2022	VF665_V43_R3	2	1
Sys-RA-VF665_V43_VSM-622	295	01.11.01.01.23		none	Phone and Navigation Repetition	"IF TLM receives ""IPC_VEHICLE_SETUP.NavRepetition""set to ""Present"" THEN TLM updates and sends the information for enabling the Navigation repetition to VF176 through ""NavigationRepetition.Info"" internal signal"	VF_2017	VF665_V43_R3	2	1
Sys-RA-VF665_V43_VSM-623	295	01.11.01.01.23		none	Phone and Navigation Repetition	"IF TLM receives ""IPC_VEHICLE_SETUP.NavRepetition""set to ""Absent"" THEN TLM updates and sends the information for disabling the Navigation repetition to VF176 through ""NavigationRepetition.Info"" internal signal"	VF_2018	VF665_V43_R3	2	1
Sys-RA-VF665_V43_VSM-625	295	01.11.01.01.24	1.11.1.1.25	segment_map	Park Sense	"IF "" CAN node 24 (PAM ) "" PROXI parameter is equal to ""Present"" THEN TLM shall display the ""Park Sense Setting "" menu item and the user can perform setting."	VF_1922	VF665_V43_R3	0	0
Sys-RA-VF665_V43_VSM-626	295	01.11.01.01.24	1.11.1.1.25	segment_map	Park Sense	"IF the user sets ""Pam_AlertMode_Setting.Req"" internal signals to ""Sound"" THEN TLM shall set ""TELEMATIC_VEHICLE_SETUP.PamAlertMode_Req"" B-CAN signal equal to ""Sound"" and sends this signal to IPC"	VF_1929	VF665_V43_R3	2	1
Sys-RA-VF665_V43_VSM-627	295	01.11.01.01.24	1.11.1.1.25	segment_map	Park Sense	"IF the user sets ""Pam_AlertMode_Setting.Req"" internal signals to ""Sound+Display"" THEN TLM shall set ""TELEMATIC_VEHICLE_SETUP.PamAlertMode_Req"" B-CAN signal equal to ""Sound+Display"" and sends this signal to IPC"	VF_1928	VF665_V43_R3	2	1
Sys-RA-VF665_V43_VSM-628	295	01.11.01.01.24	1.11.1.1.25	segment_map	Park Sense	"WHEN TLM receives ""IPC_VEHICLE_SETUP.PamAlertMode"" message THEN TLM updates the Park Sense Setting information on its display through ""TLM_Vehicle_Setup_Menu.Info"" internal signal"	VF_1932	VF665_V43_R3	2	1
Sys-RA-VF665_V43_VSM-631	295	01.11.01.01.24	1.11.1.1.25	segment_map	Park Sense	"IF the user sets ""Pam_Chime_Volume_Rear_Setting.Req"" internal signals to ""Low"" THEN TLM shall set ""TELEMATIC_VEHICLE_SETUP.PamChimeVolumeRear_Req"" B-CAN signal equal to ""Low"" and sends this signal to IPC"	VF_2953	VF665_V43_R3	2	1
Sys-RA-VF665_V43_VSM-632	295	01.11.01.01.24	1.11.1.1.25	segment_map	Park Sense	"IF the user sets ""Pam_Chime_Volume_Rear_Setting.Req"" internal signals to ""Med"" THEN TLM shall set ""TELEMATIC_VEHICLE_SETUP.PamChimeVolumeRear_Req"" B-CAN signal equal to ""Med"" and sends this signal to IPC"	VF_2954	VF665_V43_R3	2	1
Sys-RA-VF665_V43_VSM-633	295	01.11.01.01.24	1.11.1.1.25	segment_map	Park Sense	"IF the user sets ""Pam_Chime_Volume_Rear_Setting.Req"" internal signals to ""High"" THEN TLM shall set ""TELEMATIC_VEHICLE_SETUP.PamChimeVolumeRear_Req"" B-CAN signal equal to ""High"" and sends this signal to IPC"	VF_2955	VF665_V43_R3	2	1
Sys-RA-VF665_V43_VSM-634	295	01.11.01.01.24	1.11.1.1.25	segment_map	Park Sense	"WHEN TLM receives ""IPC_VEHICLE_SETUP.PamChimeVolumeRear"" message THEN TLM updates the Rear Park Sense Volume information on its display through ""TLM_Vehicle_Setup_Menu.Info"" internal signal"	VF_2957	VF665_V43_R3	2	1
Sys-RA-VF665_V43_VSM-635	295	01.11.01.01.24	1.11.1.1.25	segment_map	Park Sense	"ELSE THEN TLM shall not display the ""Rear Park Sense Volume"" menu item and the user can not perform any setting."	VF_2977	VF665_V43_R3	0	0
Sys-RA-VF665_V43_VSM-638	295	01.11.01.01.24	1.11.1.1.25	segment_map	Park Sense	"IF the user sets ""Pam_Chime_Volume_Front_Setting.Req"" internal signals to ""Low"" THEN TLM shall set ""TELEMATIC_VEHICLE_SETUP.PamChimeVolumeFront_Req"" B-CAN signal equal to ""Low"" and sends this signal to IPC"	VF_2960	VF665_V43_R3	2	1
Sys-RA-VF665_V43_VSM-639	295	01.11.01.01.24	1.11.1.1.25	segment_map	Park Sense	"IF the user sets ""Pam_Chime_Volume_Front_Setting.Req"" internal signals to ""Med"" THEN TLM shall set ""TELEMATIC_VEHICLE_SETUP.PamChimeVolumeFront_Req"" B-CAN signal equal to ""Med"" and sends this signal to IPC"	VF_2961	VF665_V43_R3	2	1
Sys-RA-VF665_V43_VSM-640	295	01.11.01.01.24	1.11.1.1.25	segment_map	Park Sense	"IF the user sets ""Pam_Chime_Volume_Front_Setting.Req"" internal signals to ""High"" THEN TLM shall set ""TELEMATIC_VEHICLE_SETUP.PamChimeVolumeFront_Req"" B-CAN signal equal to ""High"" and sends this signal to IPC"	VF_2962	VF665_V43_R3	2	1
Sys-RA-VF665_V43_VSM-641	295	01.11.01.01.24	1.11.1.1.25	segment_map	Park Sense	"WHEN TLM receives ""IPC_VEHICLE_SETUP.PamChimeVolumeFront"" message THEN TLM updates the Front Park Sense Volume information on its display through ""TLM_Vehicle_Setup_Menu.Info"" internal signal"	VF_2982	VF665_V43_R3	2	1
Sys-RA-VF665_V43_VSM-642	295	01.11.01.01.24	1.11.1.1.25	segment_map	Park Sense	"ELSE THEN TLM shall not display the ""Front Park Sense Volume"" menu item and the user can not perform any setting."	VF_2980	VF665_V43_R3	0	0
Sys-RA-VF665_V43_VSM-643	295	01.11.01.01.24	1.11.1.1.25	segment_map	Park Sense	"ELSE THEN TLM shall not display the ""Park Sense Setting "", ""Rear Park Sense Volume"" and ""Front Park Sense Volume"" menu items and the user can not perform any setting."	VF_2981	VF665_V43_R3	0	0
Sys-RA-VF665_V43_VSM-645	295	01.11.01.01.25	1.11.1.1.26	segment_map	Exterior Lighting	"IF “AHBM_Feature_Menu ” PROXI parameter is equal to ""Absent"" THEN TLM shall display the Auto High Beam menu item and the user can not perform any setting."	VF_2559	VF665_V43_R3	1	0
Sys-RA-VF665_V43_VSM-646	295	01.11.01.01.25	1.11.1.1.26	segment_map	Exterior Lighting	"IF “AHBM_Feature_Menu” PROXI parameter is equal to ""Present"" THEN TLM shall display the Auto High Beam menu item and the user can perform setting."	VF_2560	VF665_V43_R3	1	0
Sys-RA-VF665_V43_VSM-647	295	01.11.01.01.25	1.11.1.1.26	segment_map	Exterior Lighting	"IF the user sets ""Auto_High_Beam_Enable.Req"" equal to ""Enable"" THEN TLM shall to set ""TELEMATIC_VEHICLE_SETUP.AutoHighBeamEnable_Req"" B-CAN signal equal to ""Enable"" and sends this signal to IPC"	VF_2563	VF665_V43_R3	2	1
Sys-RA-VF665_V43_VSM-648	295	01.11.01.01.25	1.11.1.1.26	segment_map	Exterior Lighting	"IF the user sets ""Auto_High_Beam_Enable.Req"" equal to ""Disable"" THEN TLM shall to set ""TELEMATIC_VEHICLE_SETUP.AutoHighBeamEnable_Req"" B-CAN signal equal to ""Disable"" and sends this signal to IPC"	VF_2564	VF665_V43_R3	2	1
Sys-RA-VF665_V43_VSM-649	295	01.11.01.01.25	1.11.1.1.26	segment_map	Exterior Lighting	"WHEN TLM receives ""IPC_VEHICLE_SETUP.AutoHighBeamEnable"" message THEN TLM updates the Auto High Beam information on its display through ""TLM_Vehicle_Setup_Menu.Info"" internal signal"	VF_2562	VF665_V43_R3	2	1
Sys-RA-VF665_V43_VSM-651	295	01.11.01.01.26	1.11.1.1.27	segment_map	Interior Ambient Lighting	"IF ""Ambient_Lighting_Function"" PROXI parameter is equal to ""Present"" AND ""Ambient_Dimmer_Switch""PROXI parameter is equal to ""absent"" THEN TLM shall display the Interior Ambient Lights Level menu item and the user can perform setting."	VF_1954	VF665_V43_R3	2	0
Sys-RA-VF665_V43_VSM-652	295	01.11.01.01.26	1.11.1.1.27	segment_map	Interior Ambient Lighting	"IF the user sets ""Ambient_Lighting_level_Setting.Req"" equal to ""Level_1 "" THEN TLM shal set ""TELEMATIC_VEHICLE_SETUP.AmbientLightingLevel_Req"" B-CAN signal equal to ""Level_ 1 "" and sends this signal to IPC"	VF_1955	VF665_V43_R3	2	1
Sys-RA-VF665_V43_VSM-653	295	01.11.01.01.26	1.11.1.1.27	segment_map	Interior Ambient Lighting	"IF the user sets ""Ambient_Lighting_level_Setting.Req"" equal to ""Level_2 "" THEN TLM shal set ""TELEMATIC_VEHICLE_SETUP.AmbientLightingLevel_Req"" B-CAN signal equal to ""Level_2 "" and sends this signal to IPC"	VF_1956	VF665_V43_R3	2	1
Sys-RA-VF665_V43_VSM-654	295	01.11.01.01.26	1.11.1.1.27	segment_map	Interior Ambient Lighting	"IF the user sets ""Ambient_Lighting_level_Setting.Req"" equal to ""Level_3 "" THEN TLM shal set ""TELEMATIC_VEHICLE_SETUP.AmbientLightingLevel_Req"" B-CAN signal equal to ""Level_ 3 "" and sends this signal to IPC"	VF_1957	VF665_V43_R3	2	1
Sys-RA-VF665_V43_VSM-655	295	01.11.01.01.26	1.11.1.1.27	segment_map	Interior Ambient Lighting	"IF the user sets ""Ambient_Lighting_level_Setting.Req"" equal to ""Level_4 "" THEN TLM shal set ""TELEMATIC_VEHICLE_SETUP.AmbientLightingLevel_Req"" B-CAN signal equal to ""Level_4 "" and sends this signal to IPC"	VF_1958	VF665_V43_R3	2	1
Sys-RA-VF665_V43_VSM-656	295	01.11.01.01.26	1.11.1.1.27	segment_map	Interior Ambient Lighting	"IF the user sets ""Ambient_Lighting_level_Setting.Req"" equal to ""Level_5 "" THEN TLM shal set ""TELEMATIC_VEHICLE_SETUP.AmbientLightingLevel_Req"" B-CAN signal equal to ""Level_5 "" and sends this signal to IPC"	VF_1959	VF665_V43_R3	2	1
Sys-RA-VF665_V43_VSM-657	295	01.11.01.01.26	1.11.1.1.27	segment_map	Interior Ambient Lighting	"IF the user sets ""Ambient_Lighting_level_Setting.Req"" equal to ""Level_6 "" THEN TLM shal set ""TELEMATIC_VEHICLE_SETUP.AmbientLightingLevel_Req"" B-CAN signal equal to ""Level_6 "" and sends this signal to IPC"	VF_1960	VF665_V43_R3	2	1
Sys-RA-VF665_V43_VSM-658	295	01.11.01.01.26	1.11.1.1.27	segment_map	Interior Ambient Lighting	"IF the user sets ""Ambient_Lighting_level_Setting.Req"" equal to ""Level_7 "" THEN TLM shal set ""TELEMATIC_VEHICLE_SETUP.AmbientLightingLevel_Req"" B-CAN signal equal to ""Level_7 "" and sends this signal to IPC"	VF_1961	VF665_V43_R3	2	1
Sys-RA-VF665_V43_VSM-659	295	01.11.01.01.26	1.11.1.1.27	segment_map	Interior Ambient Lighting	"WHEN TLM receives ""IPC_VEHICLE_SETUP.AmbientLightingLevel"" message THEN TLM updates the Ambient light information on its display through ""TLM_Vehicle_Setup_Menu.Info"" internal signal"	VF_1962	VF665_V43_R3	2	1
Sys-RA-VF665_V43_VSM-661	295	01.11.01.01.26	1.11.1.1.27	segment_map	Interior Ambient Lighting	THEN TLM shall not display the Ambient Light Level menu item and the user can not perform any setting.	VF_1973	VF665_V43_R3	0	0
Sys-RA-VF665_V43_VSM-663	295	01.11.01.01.27	1.11.1.1.30	segment_map	Privacy and Service Data Reset	"IF “CAN Node 35 (TBM)” PROXI parameter is equal to ""Absent"" OR IF “Geolocation_Menu” PROXI parameter is equal to ""Absent"" THEN TLM shall not display the Geolocation menu item and the user can not perform any setting."	VF_3337	VF665_V43_R3	1	0
Sys-RA-VF665_V43_VSM-664	295	01.11.01.01.27	1.11.1.1.30	segment_map	Privacy and Service Data Reset	"IF “CAN Node 35 (TBM)” PROXI parameter is equal to ""Present"" AND IF “Geolocation_Menu” PROXI parameter is equal to ""Present"" THEN TLM shall display the Geolocation menu item and the user can perform setting with the following options: Off, On"	VF_3338	VF665_V43_R3	1	0
Sys-RA-VF665_V43_VSM-665	295	01.11.01.01.27	1.11.1.1.30	segment_map	Privacy and Service Data Reset	"IF the user sets ""Geolocation_Enable.Req"" equal to ""Off"" TLM shall set ""TELEMATIC_SERVICE_SETUP.PrivacyModeReq"" BH-CAN signal equal to ""Active"" and sends this signal to TBM"	VF_3339	VF665_V43_R3	3	2
Sys-RA-VF665_V43_VSM-666	295	01.11.01.01.27	1.11.1.1.30	segment_map	Privacy and Service Data Reset	"IF the user sets ""Geolocation_Enable.Req"" equal to ""On"" TLM shall set ""TELEMATIC_SERVICE_SETUP.PrivacyModeReq"" BH-CAN signal equal to ""Not Active"" and sends this signal to TBM"	VF_3340	VF665_V43_R3	3	2
Sys-RA-VF665_V43_VSM-667	295	01.11.01.01.27	1.11.1.1.30	segment_map	Privacy and Service Data Reset	"WHEN TLM receives ""SERVICE_SETUP.PrivacyMode"" message THEN TLM updates the Privacy Mode information on its display through ""TLM_Vehicle_Setup_Menu.Info"" internal signal"	VF_3341	VF665_V43_R3	2	1
Sys-RA-VF665_V43_VSM-669	295	01.11.01.01.28	1.11.1.1.31	segment_map	Privacy and Service Data Reset	"IF “CAN Node 35 (TBM)” PROXI parameter is equal to ""Absent"" THEN TLM shall not manage ""TELEMATIC_SERVICE_SETUP.ClearPersonalDataReq"" and ""SERVICE_SETUP.ClearPersonalData"" BH-CAN signals."	VF_3343	VF665_V43_R3	2	2
Sys-RA-VF665_V43_VSM-670	295	01.11.01.01.28	1.11.1.1.31	segment_map	Privacy and Service Data Reset	"IF “CAN Node 35 (TBM)” PROXI parameter is equal to ""Present"" THEN TLM shall manage the Clear Personal Data feature and the user can perform the service setup reset."	VF_3344	VF665_V43_R3	0	0
Sys-RA-VF665_V43_VSM-671	295	01.11.01.01.28	1.11.1.1.31	segment_map	Privacy and Service Data Reset	"IF the user performs ""ClearPersonalData_Enable.Req"" request TLM shall only send ""TELEMATIC_SERVICE_SETUP.ClearPersonalDataReq"" BH-CAN signal equal to ""Active"" to TBM."	VF_3345	VF665_V43_R3	3	2
Sys-RA-VF665_V43_VSM-673	295	01.11.01.01.29	1.11.1.1.32	segment_map	Privacy and Service Data Reset	"IF “CAN Node 35 (TBM)” PROXI parameter is equal to ""Absent"" THEN TLM shall not manage ""TELEMATIC_SERVICE_SETUP.RestoreDefaultSettingReq"" and ""SERVICE_SETUP.RestoreDefaulSetting"" BH-CAN signals."	VF_3347	VF665_V43_R3	3	2
Sys-RA-VF665_V43_VSM-674	295	01.11.01.01.29	1.11.1.1.32	segment_map	Privacy and Service Data Reset	"IF “CAN Node 35 (TBM)” PROXI parameter is equal to ""Present"" THEN TLM shall manage the Restore Default Setting feature and the user can perform the service setup reset."	VF_3348	VF665_V43_R3	0	0
Sys-RA-VF665_V43_VSM-675	295	01.11.01.01.29	1.11.1.1.32	segment_map	Privacy and Service Data Reset	"IF the user performs ""RestoreDefaultSetting_Enable.Req"" request TLM shall only send ""TELEMATIC_SERVICE_SETUP.RestoreDefaultSettingReq"" BH-CAN signal equal to ""Active"" to TBM"	VF_3349	VF665_V43_R3	3	2
Sys-RA-VF665_V43_VSM-677	295	01.11.01.01.30	1.11.1.1.33	segment_map	Privacy and Service Data Reset	"IF “CAN Node 35 (TBM)” PROXI parameter is equal to ""Absent"" THEN TLM shall not manage ""TELEMATIC_SERVICE_SETUP.RestoreAppReq"" and ""SERVICE_SETUP.RestoreApp"" BH-CAN signals."	VF_3351	VF665_V43_R3	2	2
Sys-RA-VF665_V43_VSM-678	295	01.11.01.01.30	1.11.1.1.33	segment_map	Privacy and Service Data Reset	"IF “CAN Node 35 (TBM)” PROXI parameter is equal to ""Present"" THEN TLM shall manage the Restore App feature and the user can perform the service setup reset."	VF_3352	VF665_V43_R3	0	0
Sys-RA-VF665_V43_VSM-679	295	01.11.01.01.30	1.11.1.1.33	segment_map	Privacy and Service Data Reset	"IF the user performs ""RestoreApp_Enable.Req"" request TLM shall only send ""TELEMATIC_SERVICE_SETUP.RestoreAppReq"" BH-CAN signal equal to ""Active"" to TBM"	VF_3353	VF665_V43_R3	3	2
Sys-RA-VF665_V43_VSM-681	295	01.11.01.01.31		none	Setup Acknowledge and Recovery	"IF TLM sends a request of vehicle setup to IPC through ""TELEMATIC_VEHICLE_SETUP"" message THEN TLM has to wait for the ""Acnowledge"" through ""IPC_VEHICLE_SETUP.TelematicSetupACK"" from IPC to confirm the corrected reception and storage of the settings requested"	VF_593	VF665_V43_R3	1	1
Sys-RA-VF665_V43_VSM-682	295	01.11.01.01.31		none	Setup Acknowledge and Recovery	"IF TLM receives ""IPC_VEHICLE_SETUP.TelematicSetupACK""equal to ""No_ACK_Required"" value. THEN TLM has to ignore this signal"	VF_590	VF665_V43_R3	1	1
Sys-RA-VF665_V43_VSM-683	295	01.11.01.01.31		none	Setup Acknowledge and Recovery	"IF TLM receives ""IPC_VEHICLE_SETUP.TelematicSetupACK""equal to ""ACK_KO"" value. THEN TLM has to visualize a message related to the failure (see HMI document)."	VF_591	VF665_V43_R3	1	1
Sys-RA-VF665_V43_VSM-684	295	01.11.01.01.31		none	Setup Acknowledge and Recovery	"IF TLM receives ""IPC_VEHICLE_SETUP.TelematicSetupACK""equal to ""ACK_OK"" value. THEN TLM has to visualize the new parameters transmitted by IPC (""IPC_VEHICLE_SETUP"" message)."	VF_592	VF665_V43_R3	1	1
Sys-RA-VF665_V43_VSM-686	295	01.11.01.01.32		none	Setup Acknowledge and Recovery	"IF TLM sends a request of vehicle setup to TBM through ""TELEMATIC_SERVICE_SETUP"" message THEN TLM has to wait for the ""Acnowledge"" through ""SERVICE_SETUP.TelematicSetupACK"" from TBM to confirm the corrected reception and storage of the settings requested"	VF_3355	VF665_V43_R3	1	0
Sys-RA-VF665_V43_VSM-687	295	01.11.01.01.32		none	Setup Acknowledge and Recovery	"IF TLM receives ""SERVICE_SETUP.TelematicSetupACK""equal to ""No_ACK_Required"" value. THEN TLM has to ignore this signal"	VF_3356	VF665_V43_R3	1	0
Sys-RA-VF665_V43_VSM-688	295	01.11.01.01.32		none	Setup Acknowledge and Recovery	"IF TLM receives ""SERVICE_SETUP.TelematicSetupACK""equal to ""ACK_KO"" value. THEN TLM has to visualize a message related to the failure (see HMI document)."	VF_3357	VF665_V43_R3	1	0
Sys-RA-VF665_V43_VSM-689	295	01.11.01.01.32		none	Setup Acknowledge and Recovery	"IF TLM receives ""SERVICE_SETUP.TelematicSetupACK""equal to ""ACK_OK"" value. THEN TLM has to visualize the new parameters transmitted by TBM (""SERVICE_SETUP"" message)."	VF_3358	VF665_V43_R3	1	0
Sys-RA-VF665_V43_VSM-789	295	01.13.02.01.01		none	Setup Acknowledge and Recovery	"In case absence of IPC_VEHICLE_SETUP or IPC_VEHICLE_SETUP2 B-CAN message in Key On, TLM has to store an appropriate DTC in according to validation requirements defined in the CDD document. IF TLM doesn't receive these messages within ""TimeOut1"" THEN TLM has to resend the new vehicle setup request (This logic must be implemented for a max of three times after TLM has to visualize a message to the user about the failure of request )"	VF_120	VF665_V43_R3	0	0
Sys-RA-VF665_V43_VSM-792	295	01.13.02.01.02		none	Setup Acknowledge and Recovery	"WHEN ""LTM_OperationalModeSts.Info"" == ""SNA"" THEN LTM shall: keep the last valid value that has been recognized."	"VF_3182
VF_3183
VF_3184"	VF665_V43_R3	1	0
Sys-RA-VF665_V43_VSM-794	295	01.13.02.01.03		none	Setup Acknowledge and Recovery	"In the following Ignition Working Condition: ""Ignition Off"" ""Ignition On"" ""Ignition On Engine On"" IF TLM does not receive the SERVICE_SETUP message for a time equal to T_REC_TBM AND IF CAN Node 35 (TBM) PROXI Parameter is equals to ""Present"" AND FOTA_State.Info internal signal is equal to ""NO_FOTA_State"" THEN TLM shall set the DTC, according to ""TLM Diagnostic Requirement"" document."	"VF_3492
VF_3493"	VF665_V43_R3	1	0
Sys-RA-VF665_V43_VSM-795	295	01.13.02.01.03		none	Setup Acknowledge and Recovery	"IF TLM doesn't receive ""SERVICE_SETUP.TelematicSetupACK"" within ""TimeOut1"" THEN TLM has to resend the new vehicle setup request (This logic must be implemented for a max of three times after TLM has to visualize a message to the user about the failure of request )"	VF_3494	VF665_V43_R3	1	0
Sys-RA-VF665_V43_VSM-796	295	01.13.02.01.03		none	Setup Acknowledge and Recovery	"As soon as TLM receives again SERVICE_SETUP message, TLM shall: heal the DTC, according to the requirements specified in the ""TLM Diagnostic Requirement"" document."	VF_3495	VF665_V43_R3	0	0
Sys-RA-VF665_V43_VSM-812	295	01.14.01		none	PROXI Configuration	1 Cornering_Light ** ** ** ** LTM PROXI No N.A. Range value is indicated in the standard PROXI. First Trial Value depends on the project Configuration	"VF_143
VF_144
VF_145
VF_146
VF_331
VF_147
VF_148
VF_149
VF_150
VF_189
VF_151"	VF665_V43_R3	1	0
Sys-RA-VF665_V43_VSM-813	295	01.14.01		none	PROXI Configuration	2 Odo_Units_Change ** ** ** ** LTM PROXI No N.A. Range value is indicated in the standard PROXI. First Trial Value depends on the project Configuration	"VF_412
VF_413
VF_414
VF_415
VF_416
VF_417
VF_418
VF_419
VF_420
VF_421
VF_422"	VF665_V43_R3	1	0
Sys-RA-VF665_V43_VSM-814	295	01.14.01		none	PROXI Configuration	3 Fuel_Type ** ** ** ** LTM PROXI No N.A. Range value is indicated in the standard PROXI. First Trial Value depends on the project Configuration	"VF_429
VF_430
VF_431
VF_432
VF_433
VF_434
VF_435
VF_436
VF_437
VF_438
VF_439"	VF665_V43_R3	1	0
Sys-RA-VF665_V43_VSM-815	295	01.14.01		none	PROXI Configuration	4 External_Temperature_Sensor ** ** ** ** LTM PROXI No N.A. Range value is indicated in the standard PROXI. First Trial Value depends on the project Configuration	"VF_450
VF_451
VF_452
VF_453
VF_454
VF_455
VF_456
VF_457
VF_458
VF_459
VF_460"	VF665_V43_R3	1	0
Sys-RA-VF665_V43_VSM-816	295	01.14.01		none	PROXI Configuration	5 Rain_Sensor ** ** ** ** LTM PROXI No N.A. Range value is indicated in the standard PROXI. First Trial Value depends on the project Configuration	"VF_468
VF_469
VF_470
VF_471
VF_472
VF_473
VF_474
VF_475
VF_476
VF_477
VF_478"	VF665_V43_R3	1	0
Sys-RA-VF665_V43_VSM-817	295	01.14.01		none	PROXI Configuration	6 Twilight_Sensor ** ** ** ** LTM PROXI No N.A. Range value is indicated in the standard PROXI. First Trial Value depends on the project Configuration	"VF_491
VF_492
VF_493
VF_494
VF_495
VF_496
VF_497
VF_498
VF_499
VF_500
VF_501"	VF665_V43_R3	1	0
Sys-RA-VF665_V43_VSM-818	295	01.14.01		none	PROXI Configuration	8 Auto_Close_Menu ** ** ** ** LTM PROXI No N.A. Range value is indicated in the standard PROXI. First Trial Value depends on the project Configuration	"VF_542
VF_543
VF_544
VF_545
VF_546
VF_547
VF_548
VF_549
VF_550
VF_551
VF_552"	VF665_V43_R3	1	0
Sys-RA-VF665_V43_VSM-819	295	01.14.01		none	PROXI Configuration	9 TimeOut1 5 [0;10] 0,1 sec LTM DEFINE No Diagnosis Waiting Time of ACK from IPC	"VF_595
VF_596
VF_597
VF_598
VF_599
VF_600
VF_601
VF_602
VF_603
VF_604
VF_605"	VF665_V43_R3	0	0
Sys-RA-VF665_V43_VSM-820	295	01.14.01		none	PROXI Configuration	10 Cluster_Display_Type ** ** ** ** LTM PROXI No N.A. Range value is indicated in the standard PROXI. First Trial Value depends on the project Configuration	"VF_615
VF_616
VF_617
VF_618
VF_619
VF_620
VF_621
VF_622
VF_623
VF_624
VF_625"	VF665_V43_R3	1	0
Sys-RA-VF665_V43_VSM-821	295	01.14.01		none	PROXI Configuration	11 Country_Code ** ** ** ** LTM PROXI No N.A. Range value is indicated in the standard PROXI. First Trial Value depends on the project Configuration	"VF_850
VF_851
VF_852
VF_853
VF_854
VF_855
VF_856
VF_857
VF_858
VF_859
VF_860"	VF665_V43_R3	1	0
Sys-RA-VF665_V43_VSM-822	295	01.14.01		none	PROXI Configuration	12 DRL_Menù_Enable ** ** ** ** LTM PROXI No N.A. Range value is indicated in the standard PROXI. First Trial Value depends on the project Configuration	"VF_916
VF_917
VF_918
VF_919
VF_920
VF_921
VF_922
VF_923
VF_924
VF_925
VF_926"	VF665_V43_R3	1	0
Sys-RA-VF665_V43_VSM-823	295	01.14.01		none	PROXI Configuration	13 Greeting_Lights_Menù ** ** ** ** LTM PROXI No N.A. Range value is indicated in the standard PROXI. First Trial Value depends on the project Configuration	"VF_940
VF_941
VF_942
VF_943
VF_944
VF_945
VF_946
VF_947
VF_948
VF_949
VF_950"	VF665_V43_R3	1	0
Sys-RA-VF665_V43_VSM-824	295	01.14.01		none	PROXI Configuration	14 CAN node 51 (LBSS) ** ** ** ** LTM PROXI No N.A. Range value is indicated in the standard PROXI. First Trial Value depends on the project Configuration	"VF_1164
VF_1165
VF_1166
VF_1167
VF_1168
VF_1169
VF_1170
VF_1171
VF_1172
VF_1173
VF_1174"	VF665_V43_R3	0	0
Sys-RA-VF665_V43_VSM-825	295	01.14.01		none	PROXI Configuration	15 CAN node 52 (RBSS) ** ** ** ** LTM PROXI No N.A. Range value is indicated in the standard PROXI. First Trial Value depends on the project Configuration	"VF_1188
VF_1189
VF_1190
VF_1191
VF_1192
VF_1193
VF_1194
VF_1195
VF_1196
VF_1197
VF_1198"	VF665_V43_R3	0	0
Sys-RA-VF665_V43_VSM-826	295	01.14.01		none	PROXI Configuration	16 Passive_Entry_Menu ** ** ** ** LTM PROXI No N.A. Range value is indicated in the standard PROXI. First Trial Value depends on the project Configuration	"VF_1425
VF_1426
VF_1427
VF_1428
VF_1429
VF_1430
VF_1431
VF_1432
VF_1433
VF_1434
VF_1435"	VF665_V43_R3	1	0
Sys-RA-VF665_V43_VSM-827	295	01.14.01		none	PROXI Configuration	17 Remote_Door_Unlock_Menu ** ** ** ** LTM PROXI No N.A. Range value is indicated in the standard PROXI. First Trial Value depends on the project Configuration	"VF_3186
VF_3187
VF_3188
VF_3189
VF_3190
VF_3191
VF_3192
VF_3193
VF_3194
VF_3195
VF_3196"	VF665_V43_R3	1	0
Sys-RA-VF665_V43_VSM-828	295	01.14.01		none	PROXI Configuration	18 Sound_Horn_Remote_Start_Menu ** ** ** ** LTM PROXI No N.A. Range value is indicated in the standard PROXI. First Trial Value depends on the project Configuration	"VF_1457
VF_1458
VF_1459
VF_1460
VF_1461
VF_1462
VF_1463
VF_1464
VF_1465
VF_1466
VF_1467"	VF665_V43_R3	1	0
Sys-RA-VF665_V43_VSM-829	295	01.14.01		none	PROXI Configuration	19 Horn_Chirp_Menu ** ** ** ** LTM PROXI No N.A. Range value is indicated in the standard PROXI. First Trial Value depends on the project Configuration	"VF_1489
VF_1490
VF_1491
VF_1492
VF_1493
VF_1494
VF_1495
VF_1496
VF_1497
VF_1498
VF_1499"	VF665_V43_R3	1	0
Sys-RA-VF665_V43_VSM-830	295	01.14.01		none	PROXI Configuration	22 Flash_Light_With_Lock_Menu ** ** ** ** LTM PROXI No N.A. Range value is indicated in the standard PROXI. First Trial Value depends on the project Configuration	"VF_1754
VF_1755
VF_1756
VF_1757
VF_1758
VF_1759
VF_1760
VF_1761
VF_1762
VF_1763
VF_1764"	VF665_V43_R3	1	0
Sys-RA-VF665_V43_VSM-831	295	01.14.01		none	PROXI Configuration	23 Tyre_Pressure_Unit_Menu ** ** ** ** LTM PROXI No N.A. Range value is indicated in the standard PROXI. First Trial Value depends on the project Configuration	"VF_1779
VF_1780
VF_1781
VF_1782
VF_1783
VF_1784
VF_1785
VF_1786
VF_1787
VF_1788
VF_1789"	VF665_V43_R3	1	0
Sys-RA-VF665_V43_VSM-832	295	01.14.01		none	PROXI Configuration	25 CAN node 24 (PAM) ** ** ** ** LTM PROXI No N.A. Range value is indicated in the standard PROXI. First Trial Value depends on the project Configuration	"VF_2024
VF_2025
VF_2026
VF_2027
VF_2028
VF_2029
VF_2030
VF_2031
VF_2032
VF_2033
VF_2034"	VF665_V43_R3	0	0
Sys-RA-VF665_V43_VSM-833	295	01.14.01		none	PROXI Configuration	26 Side_Distance_Warning ** ** ** ** LTM PROXI No N.A. Range value is indicated in the standard PROXI. First Trial Value depends on the project Configuration	"VF_2048
VF_2049
VF_2050
VF_2051
VF_2052
VF_2053
VF_2054
VF_2055
VF_2056
VF_2057
VF_2058"	VF665_V43_R3	1	0
Sys-RA-VF665_V43_VSM-834	295	01.14.01		none	PROXI Configuration	27 PAM_Configuration ** ** ** ** LTM PROXI No N.A. Range value is indicated in the standard PROXI. First Trial Value depends on the project Configuration	"VF_2072
VF_2073
VF_2074
VF_2075
VF_2076
VF_2077
VF_2078
VF_2079
VF_2080
VF_2081
VF_2082"	VF665_V43_R3	1	0
Sys-RA-VF665_V43_VSM-835	295	01.14.01		none	PROXI Configuration	28 Auto_Door_Unlock_Menu ** ** ** ** LTM PROXI No N.A. Range value is indicated in the standard PROXI. First Trial Value depends on the project Configuration	"VF_2142
VF_2143
VF_2144
VF_2145
VF_2146
VF_2147
VF_2148
VF_2149
VF_2150
VF_2151
VF_2152"	VF665_V43_R3	1	0
Sys-RA-VF665_V43_VSM-836	295	01.14.01		none	PROXI Configuration	32 Half_HMI_Setting ** ** ** ** LTM PROXI No N.A. Range value is indicated in the standard PROXI. First Trial Value depends on the project Configuration	"VF_2380
VF_2381
VF_2382
VF_2383
VF_2384
VF_2385
VF_2386
VF_2387
VF_2388
VF_2389
VF_2390"	VF665_V43_R3	1	0
Sys-RA-VF665_V43_VSM-837	295	01.14.01		none	PROXI Configuration	33 Half_Torque_Sensibility ** ** ** ** LTM PROXI No N.A. Range value is indicated in the standard PROXI. First Trial Value depends on the project Configuration	"VF_2404
VF_2405
VF_2406
VF_2407
VF_2408
VF_2409
VF_2410
VF_2411
VF_2412
VF_2413
VF_2414"	VF665_V43_R3	1	0
Sys-RA-VF665_V43_VSM-838	295	01.14.01		none	PROXI Configuration	34 AHBM_Feature_Menu ** ** ** ** LTM PROXI No N.A. Range value is indicated in the standard PROXI. First Trial Value depends on the project Configuration	"VF_2611
VF_2612
VF_2613
VF_2614
VF_2615
VF_2616
VF_2617
VF_2618
VF_2619
VF_2620
VF_2621"	VF665_V43_R3	1	0
Sys-RA-VF665_V43_VSM-839	295	01.14.01		none	PROXI Configuration	36 T_EPB_MM 35000 [0;50000] 200 ms LTM DEFINE No N.A. Waiting Time of feedback from IPC for EPB setting	"VF_2920
VF_2921
VF_2922
VF_2923
VF_2924
VF_2925
VF_2926
VF_2927
VF_2928
VF_2929
VF_2930"	VF665_V43_R3	0	0
Sys-RA-VF665_V43_VSM-840	295	01.14.01		none	PROXI Configuration	37 V_Car_Moving 4 [0;7] 0,5 km/h LTM DEFINE No N.A. Speed threshold for car moving	"VF_3057
VF_3058
VF_3059
VF_3060
VF_3061
VF_3062
VF_3063
VF_3064
VF_3065
VF_3066
VF_3067"	VF665_V43_R3	0	0
Sys-RA-VF665_V43_VSM-841	295	01.14.01		none	PROXI Configuration	40 NAV_Presence ** ** ** ** LTM PROXI No N.A. Range value is indicated in the standard PROXI. First Trial Value depends on the project Configuration	"VF_3210
VF_3211
VF_3212
VF_3213
VF_3214
VF_3215
VF_3216
VF_3217
VF_3218
VF_3219
VF_3220"	VF665_V43_R3	1	0
Sys-RA-VF665_V43_VSM-842	295	01.14.01		none	PROXI Configuration	41 Ambient_Lighting_Function ** ** ** ** LTM PROXI No N.A. Range value is indicated in the standard PROXI. First Trial Value depends on the project Configuration	"VF_3222
VF_3223
VF_3224
VF_3225
VF_3226
VF_3227
VF_3228
VF_3229
VF_3230
VF_3231
VF_3232"	VF665_V43_R3	1	0
Sys-RA-VF665_V43_VSM-843	295	01.14.01		none	PROXI Configuration	42 Ambient_Dimmer_Switch ** ** ** ** LTM PROXI No N.A. Range value is indicated in the standard PROXI. First Trial Value depends on the project Configuration	"VF_3234
VF_3235
VF_3236
VF_3237
VF_3238
VF_3239
VF_3240
VF_3241
VF_3242
VF_3243
VF_3244"	VF665_V43_R3	1	0
Sys-RA-VF665_V43_VSM-844	295	01.14.01		none	PROXI Configuration	43 Model_Year ** ** ** ** LTM PROXI No N.A. Range value is indicated in the standard PROXI. First Trial Value depends on the project Configuration	"VF_3307
VF_3308
VF_3309
VF_3310
VF_3311
VF_3312
VF_3313
VF_3314
VF_3315
VF_3316
VF_3317"	VF665_V43_R3	1	0
Sys-RA-VF665_V43_VSM-845	295	01.14.01		none	PROXI Configuration	44 CAN Node 35 (TBM/FTM) ** ** ** ** LTM PROXI No N.A. Range value is indicated in the standard PROXI. First Trial Value depends on the project Configuration	"VF_3421
VF_3422
VF_3423
VF_3424
VF_3425
VF_3426
VF_3427
VF_3428
VF_3429
VF_3430
VF_3431"	VF665_V43_R3	0	0
Sys-RA-VF665_V43_VSM-846	295	01.14.01		none	PROXI Configuration	45 T_REC_TBM 2500 [0;10000] 500 ms LTM SUPPLIER EOL_2 No Diagnosis See ID Description	"VF_3433
VF_3434
VF_3435
VF_3436
VF_3437
VF_3438
VF_3439
VF_3440
VF_3441
VF_3442
VF_3443"	VF665_V43_R3	0	0
Sys-RA-VF665_V43_VSM-869	295	01.14.01		none	PROXI Configuration	48 Geolocation_Menu ** ** ** ** LTM PROXI No N.A. Range value is indicated in the standard PROXI. First Trial Value depends on the project Configuration	"VF_3533
VF_3534
VF_3535
VF_3536
VF_3537
VF_3538
VF_3539
VF_3540
VF_3541
VF_3542
VF_3543"	VF665_V43_R3	1	0
Sys-RA-VF665_V43_VSM-870	295	01.14.01		none	PROXI Configuration	49 Forward_Collision_Mitigation ** ** ** ** LTM PROXI No N.A. Range value is indicated in the standard PROXI. First Trial Value depends on the project Configuration	"VF_3469
VF_3470
VF_3471
VF_3472
VF_3473
VF_3474
VF_3475
VF_3476
VF_3477
VF_3478
VF_3479"	VF665_V43_R3	1	0
Sys-RA-VF665_V43_VSM-875	295	01.14.02.01.01		none	PROXI Configuration	"The ""Cornering_Light"" PROXI parameter is used to show or hide the ""Cornering Lights"" menu item."	VF_156	VF665_V43_R3	1	0
Sys-RA-VF665_V43_VSM-877	295	01.14.02.01.02		none	PROXI Configuration	"The ""Odo_Units Change"" PROXI parameter is used to show or hide the ""Distance"" menu item (only for Japanese market if forseen)."	VF_864	VF665_V43_R3	1	0
Sys-RA-VF665_V43_VSM-879	295	01.14.02.01.03		none	PROXI Configuration	"The ""Fuel_Type"" PROXI parameter is used to show or hide the ""Consumption"" menu item for the alternative fuel versions (CNG or LPG)."	VF_866	VF665_V43_R3	1	0
Sys-RA-VF665_V43_VSM-881	295	01.14.02.01.04		none	PROXI Configuration	"The ""External_Temperature_Sensor"" PROXI parameter is used to show or hide the ""Temperature"" menu item."	VF_877	VF665_V43_R3	1	0
Sys-RA-VF665_V43_VSM-883	295	01.14.02.01.05		none	PROXI Configuration	"The ""Rain_Sensor"" PROXI parameter is used to show or hide the ""Rain sensor"" menu item."	VF_878	VF665_V43_R3	1	0
Sys-RA-VF665_V43_VSM-885	295	01.14.02.01.06		none	PROXI Configuration	"The ""Twilight_Sensor"" PROXI parameter is used to show or hide the ""Headlamp sensor"" menu item."	VF_879	VF665_V43_R3	1	0
Sys-RA-VF665_V43_VSM-887	295	01.14.02.01.07		none	PROXI Configuration	"The ""Auto_Close_Menu"" PROXI parameter is used to show or hide the ""Autoclose"" menu item."	VF_881	VF665_V43_R3	1	0
Sys-RA-VF665_V43_VSM-889	295	01.14.02.01.08		none	PROXI Configuration	"The ""Cluster_Display_Type"" PROXI parameter is used to inform about the tipe of cluster"	VF_882	VF665_V43_R3	1	0
Sys-RA-VF665_V43_VSM-891	295	01.14.02.01.09		none	PROXI Configuration	"The ""Country_Code"" PROXI parameter is used to to manage consumption and temperature measure unit."	VF_883	VF665_V43_R3	1	0
Sys-RA-VF665_V43_VSM-893	295	01.14.02.01.10		none	PROXI Configuration	"The ""DRL_Menù_Enable"" PROXI parameter is used to show or hide the ""Day lights"" menu item."	VF_928	VF665_V43_R3	1	0
Sys-RA-VF665_V43_VSM-895	295	01.14.02.01.11		none	PROXI Configuration	"The ""Greeting_Lights_Menù"" PROXI parameter is used to show or hide the ""Greeting Lights"" menu item."	VF_1640	VF665_V43_R3	1	0
Sys-RA-VF665_V43_VSM-897	295	01.14.02.01.12		none	PROXI Configuration	"The ""CAN node 51 (LBSS)"" PROXI parameter is used to show or hide the ""Blind Spot Detection"" menu item."	VF_1641	VF665_V43_R3	0	0
Sys-RA-VF665_V43_VSM-899	295	01.14.02.01.13		none	PROXI Configuration	"The ""CAN node 52 (RBSS)"" PROXI parameter is used to show or hide the ""Blind Spot Detection"" menu item."	VF_1642	VF665_V43_R3	0	0
Sys-RA-VF665_V43_VSM-901	295	01.14.02.01.14		none	PROXI Configuration	"The ""Passive_Entry_Menu"" PROXI parameter is used to show or hide the ""Passive Entry"" menu item."	VF_1643	VF665_V43_R3	1	0
Sys-RA-VF665_V43_VSM-903	295	01.14.02.01.15		none	PROXI Configuration	"The ""Remote_Door_Unlock _Menu"" PROXI parameter is used to show or hide the ""Remote Door Unlock"" menu item."	VF_1644	VF665_V43_R3	1	0
Sys-RA-VF665_V43_VSM-905	295	01.14.02.01.16		none	PROXI Configuration	"The ""Sound_Horn_Remote_Start _Menu"" PROXI parameter is used to show or hide the ""Sound Horn Remote Start"" menu item."	VF_1645	VF665_V43_R3	1	0
Sys-RA-VF665_V43_VSM-907	295	01.14.02.01.17		none	PROXI Configuration	"The ""Horn_Chirp_Menù"" PROXI parameter is used to show or hide the ""Sound Horn With Lock"" menu item (if Model_Year<20) OR ""Sound Horn with Lock Unlock"" menu item (if Model_Year>=20)"	VF_1646	VF665_V43_R3	2	0
Sys-RA-VF665_V43_VSM-909	295	01.14.02.01.18		none	PROXI Configuration	"The ""Flash_Light_With_Lock_Menu"" PROXI parameter is used to show or hide the ""Flash Light with Lock"" menu item."	VF_2013	VF665_V43_R3	1	0
Sys-RA-VF665_V43_VSM-911	295	01.14.02.01.19		none	PROXI Configuration	"The "" Tyre_Pressure_Unit_Menu ""PROXI parameter is used to show or hide the ""Tyre Pressure"" menu item."	VF_2321	VF665_V43_R3	1	0
Sys-RA-VF665_V43_VSM-913	295	01.14.02.01.20		none	PROXI Configuration	"The ""CAN node 24 (PAM) "" PROXI parameter is used to detect the presence the ""Park Assist Module"""	VF_2327	VF665_V43_R3	0	0
Sys-RA-VF665_V43_VSM-915	295	01.14.02.01.21		none	PROXI Configuration	"The "" Side_Distance_Warning ""PROXI parameter is used to show or hide the "" Side Distance Warning "" menu item."	VF_2328	VF665_V43_R3	1	0
Sys-RA-VF665_V43_VSM-917	295	01.14.02.01.22		none	PROXI Configuration	"The ""PAM_Configuration"" PROXI parameter is used to show or hide the ""Park Assist Module"" menu item."	VF_2329	VF665_V43_R3	1	0
Sys-RA-VF665_V43_VSM-919	295	01.14.02.01.23		none	PROXI Configuration	"The ""Auto_Door_Unlock_Menu"" PROXI parameter is used to show or hide the ""Auto Door Unlock On Exit"" menu item."	VF_2096	VF665_V43_R3	1	0
Sys-RA-VF665_V43_VSM-921	295	01.14.02.01.24		none	PROXI Configuration	"The "" Half_HMI_Setting "" PROXI parameter is used to show or hide the "" LDW Intensity"" menu item."	VF_2428	VF665_V43_R3	1	0
Sys-RA-VF665_V43_VSM-923	295	01.14.02.01.25		none	PROXI Configuration	"The "" Half_Torque_Sensibility "" PROXI parameter is used to show or hide the "" LDW Sensibility"" menu item."	VF_2430	VF665_V43_R3	1	0
Sys-RA-VF665_V43_VSM-925	295	01.14.02.01.26		none	PROXI Configuration	"The "" AHBM_Feature_Menu "" PROXI parameter is used to show or hide the "" Auto High Beam Menu"" menu item."	VF_2647	VF665_V43_R3	1	0
Sys-RA-VF665_V43_VSM-927	295	01.14.02.01.27		none	PROXI Configuration	"The ""NAV_Presence"" PROXI parameter identifies the presence of Navigation functionalities"	VF_3248	VF665_V43_R3	1	0
Sys-RA-VF665_V43_VSM-929	295	01.14.02.01.28		none	PROXI Configuration	"The "" Ambient_Lighting_Function"" PROXI parameter is used to show or hide the ""Interior Ambient Light"" menu item."	VF_3249	VF665_V43_R3	1	0
Sys-RA-VF665_V43_VSM-931	295	01.14.02.01.29		none	PROXI Configuration	"The "" Ambient_Dimmer_Switch"" PROXI parameter is used to show or hide the "" Interior Ambient Light"" menu item."	VF_3250	VF665_V43_R3	1	0
Sys-RA-VF665_V43_VSM-1211	295	01.14.01		none	PROXI Configuration	37 V_Car_Moving 4 [0;7] 0,5 km/h LTM DEFINE No N.A. Speed threshold for car moving	VF_3057	VF665_V43_R3	0	0
Sys-RA-VF665_V43_VSM-990	VF655	01.08.03		none	Clock and Time	TELEMATIC_VEHICLE_SETUP2.EPB_MaintenanceMode_Req	VF_3706	VF655_V43_R3	1	1
Sys-RA-VF665_V43_VSM-992	VF655	01.11.01.01.07	1.11.1.1.7	direct	Wiper and Sensor	"IF the user sets ""Rain_Sensor_Sensibility_Setting.Req"" internal signals to ""Auto 1"" THEN TLM shall set ""TELEMATIC_VEHICLE_SETUP2.RainSensorSensibility_Req"" B-CAN signal equal to ""Auto 1"" and sends this signal to IPC"	VF_483	VF655_V43_R3	3	1
Sys-RA-VF665_V43_VSM-993	VF655	01.11.01.01.07	1.11.1.1.7	direct	Wiper and Sensor	"IF the user sets ""Rain_Sensor_Sensibility_Setting.Req"" internal signals to ""Auto 2"" THEN TLM shall set ""TELEMATIC_VEHICLE_SETUP2.RainSensorSensibility_Req"" B-CAN signal equal to ""Auto 2"" and sends this signal to IPC"	VF_3588	VF655_V43_R3	3	1
Sys-RA-VF665_V43_VSM-994	VF655	01.11.01.01.07	1.11.1.1.7	direct	Wiper and Sensor	"WHEN TLM receives ""IPC_VEHICLE_SETUP2.RainSensorSensibility"" message THEN TLM updates the Rain Sensor information on its display through ""TLM_Vehicle_Setup_Menu.Info"" internal signal"	VF_486	VF655_V43_R3	2	1
Sys-RA-VF665_V43_VSM-1009	VF655	01.11.01.01.10.02	1.11.1.1.10.2	direct	Units	"IF ""Consumption_Unit_Setting.Req"" is equal to ""mpg"" THEN"	VF_3653	VF655_V43_R3	1	0
Sys-RA-VF665_V43_VSM-1028	VF655	01.11.01.01.11	1.11.1.1.11	direct	EPB Maintenance Mode	"IF ""EPB_Maintenance_Menu"" PROXI parameter is equal to ""Absent"" THEN TLM shall not display the EPB Maintance Mode menu item and the user can not perform any setting."	VF_3672	VF655_V43_R3	1	0
Sys-RA-VF665_V43_VSM-1029	VF655	01.11.01.01.11	1.11.1.1.11	direct	EPB Maintenance Mode	"IF "" EPB_Maintenance_Menu "" PROXI parameter is equal to ""Present"" THEN TLM shall display the EPB Maintance Mode menu item and the user can perform setting."	VF_3673	VF655_V43_R3	1	0
Sys-RA-VF665_V43_VSM-1030	VF655	01.11.01.01.11	1.11.1.1.11	direct	EPB Maintenance Mode	"IF the user sets ""Maintenance_Mode_Enable.Req"" internal signals equal to "" On"" THEN TLM shall: Set ""TELEMATIC_VEHICLE_SETUP2.EPB_MaintenanceMode_Req"" B-CAN signal equal to "" On "" and sends this signal to IPC activate and display the Popup related to "" initializing "" like described in the ""Human Machine Interface logic & flow"" document Start T_EPB_MM"	VF_3674	VF655_V43_R3	2	1
Sys-RA-VF665_V43_VSM-1031	VF655	01.11.01.01.11	1.11.1.1.11	direct	EPB Maintenance Mode	T_EPB_MM is the timeout for the EPB Maintenance Mode setting	VF_3675	VF655_V43_R3	0	0
Sys-RA-VF665_V43_VSM-1033	VF655	01.11.01.01.11	1.11.1.1.11	direct	EPB Maintenance Mode	"IF ""IPC_VEHICLE_SETUP2.EPB_MaintenanceMode"" B CAN signal change from ""Off"" to ""On"" THEN TLM shall: activate and display the Popup related to "" the user selected yes to exiting service mode and the first step is to step on the brake pedal "" like described in the ""Human Machine Interface logic & flow"" document reset T_EPB_MM"	VF_3677	VF655_V43_R3	1	1
Sys-RA-VF665_V43_VSM-1034	VF655	01.11.01.01.11	1.11.1.1.11	direct	EPB Maintenance Mode	"IF TLM receives ""IPC_VEHICLE_SETUP2.EPB_Maintenance_Fdbk"" set to "" 2 "" THEN TLM sall: activate and display the Popup related to "" the user elected yes to entering service mode but he vehicle speed is not at 0mph "" like described in the ""Human Machine Interface logic & flow"" document Reset T_EPB_MM"	VF_3678	VF655_V43_R3	1	1
Sys-RA-VF665_V43_VSM-1035	VF655	01.11.01.01.11	1.11.1.1.11	direct	EPB Maintenance Mode	"IF TLM receives ""IPC_VEHICLE_SETUP2.EPB_Maintenance_Fdbk"" set to "" 3 "" THEN TLM sall: activate and display the Popup related to ""the user selected yes to entering service mode but the vehicle is not in park or neutral"" like described in the ""Human Machine Interface logic & flow"" document. Reset T_EPB_MM"	VF_3679	VF655_V43_R3	1	1
Sys-RA-VF665_V43_VSM-1036	VF655	01.11.01.01.11	1.11.1.1.11	direct	EPB Maintenance Mode	"IF TLM receives ""IPC_VEHICLE_SETUP2.EPB_Maintenance_Fdbk"" set to "" 4 "" THEN TLM sall: activate and display the Popup related to ""the user selected yes to entering service mode but the EPB switch is currently engaged"" like described in the ""Human Machine Interface logic & flow"" document Reset T_EPB_MM"	VF_3680	VF655_V43_R3	1	1
Sys-RA-VF665_V43_VSM-1037	VF655	01.11.01.01.11	1.11.1.1.11	direct	EPB Maintenance Mode	"IF TLM receives ""IPC_VEHICLE_SETUP2.EPB_Maintenance_Fdbk"" set to "" 5 "" THEN TLM sall: activate and display the Popup related to "" the user selected yes to entering service mode but the EPB switch is currently engaged"" "" like described in the ""Human Machine Interface logic & flow"" document Reset T_EPB_MM"	VF_3681	VF655_V43_R3	1	1
Sys-RA-VF665_V43_VSM-1038	VF655	01.11.01.01.11	1.11.1.1.11	direct	EPB Maintenance Mode	"IF TLM receives ""IPC_VEHICLE_SETUP2.EPB_Maintenance_Fdbk"" set to "" 6 "" THEN TLM sall: activate and display the Popup related to "" the user selected yes to entering service mode but the brake pedal is currently pressed"" like described in the ""Human Machine Interface logic & flow"" document Reset T_EPB_MM"	VF_3682	VF655_V43_R3	1	1
Sys-RA-VF665_V43_VSM-1039	VF655	01.11.01.01.11	1.11.1.1.11	direct	EPB Maintenance Mode	"ELSE THEN TLM shall: activate and display the Popup related to "" no response from EPB module "" like described in the ""Human Machine Interface logic & flow"" document"	VF_3683	VF655_V43_R3	0	0
Sys-RA-VF665_V43_VSM-1040	VF655	01.11.01.01.11	1.11.1.1.11	direct	EPB Maintenance Mode	"IF TLM receives ""IPC_VEHICLE_SETUP2.EPB_Maintenance_Fdbk"" set to "" 8 "" THEN TLM sall: activate and display the Popup related to "" Brake Service Park Brake Retracted. To reset, press brake pedal and activate Park Brake switch."" like described in the ""Human Machine Interface logic & flow"" document"	VF_3684	VF655_V43_R3	1	1
Sys-RA-VF665_V43_VSM-1041	VF655	01.11.01.01.11	1.11.1.1.11	direct	EPB Maintenance Mode	"IF TLM receives ""IPC_VEHICLE_SETUP2.EPB_Maintenance_Fdbk"" set to "" 9 "" THEN TLM sall: activate and display the Popup related to "" the user selected yes to exiting service mode but the vehicle speed is not at 0mph "" like described in the ""Human Machine Interface logic & flow"" document"	VF_3685	VF655_V43_R3	1	1
Sys-RA-VF665_V43_VSM-1042	VF655	01.11.01.01.11	1.11.1.1.11	direct	EPB Maintenance Mode	"IF TLM receives ""IPC_VEHICLE_SETUP2.EPB_Maintenance_Fdbk"" set to "" 10 "" THEN TLM sall: activate and display the Popup related to “Brake Service To exit Service Mode, vehicle must not be in motion.” like described in the ""Human Machine Interface logic & flow"" document"	VF_3686	VF655_V43_R3	1	1
Sys-RA-VF665_V43_VSM-1043	VF655	01.11.01.01.11	1.11.1.1.11	direct	EPB Maintenance Mode	"IF TLM receives ""IPC_VEHICLE_SETUP2.EPB_Maintenance_Fdbk"" set to "" 11 "" THEN TLM sall: activate and display the Popup related to "" once the Service Mode exit process is complete"" like described in the ""Human Machine Interface logic & flow"" document"	VF_3687	VF655_V43_R3	1	1
Sys-RA-VF665_V43_VSM-1044	VF655	01.11.01.01.11	1.11.1.1.11	direct	EPB Maintenance Mode	"IF ""IPC_VEHICLE_SETUP2.EPB_MaintenanceMode"" B CAN signal is equal to ""On"" THEN"	VF_3688	VF655_V43_R3	1	1
Sys-RA-VF665_V43_VSM-1045	VF655	01.11.01.01.11	1.11.1.1.11	direct	EPB Maintenance Mode	"IF ""STATUS_CCAN3.VehicleSpeedVSOSig"" B CAN signal changes from a value ≤ ""V_Car_Moving"" to a value > ""V_Car_Moving"" OR in case of transition from ""Ignition Off"" to ""Inigtion On"" THEN TLM shall activate and display the PopUp related to "" the user selected yes to exiting service mode and the first step is to step on the brake pedal"" like described in the ""Human Machine Interface logic & flow"" document."	VF_3689	VF655_V43_R3	1	1
Sys-RA-VF665_V43_VSM-1046	VF655	01.11.01.01.11	1.11.1.1.11	direct	EPB Maintenance Mode	"WHEN TLM receives ""IPC_VEHICLE_SETUP2.EPB_MaintenanceMode"" message THEN TLM shall update the EPB Maintenance Mode information on its display through ""TLM_Vehicle_Setup_Menu.Info"" internal signal"	VF_3690	VF655_V43_R3	2	1
Sys-RA-VF665_V43_VSM-1047	VF655	01.11.01.01.11	1.11.1.1.11	direct	EPB Maintenance Mode	"Fore more information about the Popup visualizzation for the EPB Maintenance Mode settings, refer to ""Service Mode Pop-up Messages "" session of the ""Human Machine Interface logic & flow"" document"	VF_3691	VF655_V43_R3	0	0
Sys-RA-VF665_V43_VSM-1049	VF655	01.11.01.01.12	1.11.1.1.12	direct	Auto Park Brake	"IF ""Auto_Park_Brake_Menu"" PROXI parameter is equal to ""Absent"" THEN TLM shall not display the Auto Park Brake menu item and the user can not perform any setting."	VF_3693	VF655_V43_R3	1	0
Sys-RA-VF665_V43_VSM-1050	VF655	01.11.01.01.12	1.11.1.1.12	direct	Auto Park Brake	"IF ""Auto_Park_Brake_Menu"" PROXI parameter is equal to ""Present"" THEN TLM shall display the Auto Park Brake menu item and the user can perform setting."	VF_3694	VF655_V43_R3	1	0
Sys-RA-VF665_V43_VSM-1051	VF655	01.11.01.01.12	1.11.1.1.12	direct	Auto Park Brake	"IF the user sets ""Auto_Park_Brake_Enable.Req"" internal signals to ""On"" THEN TLM shall set ""TELEMATIC_VEHICLE_SETUP.AutoParkBrake_Req"" B-CAN signal equal to ""On"" and sends this signal to IPC"	VF_3695	VF655_V43_R3	2	1
Sys-RA-VF665_V43_VSM-1052	VF655	01.11.01.01.12	1.11.1.1.12	direct	Auto Park Brake	"IF the user sets ""Auto_Park_Brake_Enable.Req"" internal signals to ""Off"" THEN TLM shall set ""TELEMATIC_VEHICLE_SETUP.AutoParkBrake_Req"" B-CAN signal equal to ""Off"" and sends this signal to IPC"	VF_3696	VF655_V43_R3	2	1
Sys-RA-VF665_V43_VSM-1053	VF655	01.11.01.01.12	1.11.1.1.12	direct	Auto Park Brake	"WHEN TLM receives ""IPC_VEHICLE_SETUP.AutoParkBrake"" message THEN TLM updates the Auto Park Brake information on its display through ""TLM_Vehicle_Setup_Menu.Info"" internal signal"	VF_3697	VF655_V43_R3	2	1
Sys-RA-VF665_V43_VSM-1074	VF655	01.11.01.01.16	1.11.1.1.16	direct	Exterior Lighting	"IF ""Brand_configuration_2"" == ""Jeep"" THEN TLM shall display the Headlights Off Delay menu item and the user can perform setting."	VF_2122	VF655_V43_R3	1	0
Sys-RA-VF665_V43_VSM-1094	VF655	01.11.01.01.19	1.11.1.1.19	direct	Door Lock and Access	"IF ""Horn_Chirp_Menu"" PROXI parameter is equal to ""Present"" THEN TLM shall display the Sound Horn with Lock Unlock menu item and the user can perform setting."	VF_3286	VF655_V43_R3	1	0
Sys-RA-VF665_V43_VSM-1127	VF655	01.11.01.01.25	1.11.1.1.25	direct	Park Sense	"IF ""CAN node 24 (PAM)"" PROXI parameter is equal to ""Present"" AND ( ""PAM_Configuration"" PROXI parameter is equal to ""Rear"" OR ""Front And Rear"" ) THEN IPC shall display the ""Rear Park Sense Volume"" menu item and the user can perform setting."	VF_2952	VF655_V43_R3	1	0
Sys-RA-VF665_V43_VSM-1134	VF655	01.11.01.01.25	1.11.1.1.25	direct	Park Sense	"IF ""CAN node 24 (PAM)"" PROXI parameter is equal to ""Present"" AND ""PAM_Configuration"" PROXI parameter is equal to ""Front And Rear"" THEN IPC shall display the ""Front Park Sense Volume"" menu item and the user can perform setting."	VF_2959	VF655_V43_R3	1	0
Sys-RA-VF665_V43_VSM-1161	VF655	01.11.01.01.28	1.11.1.1.28	direct	Rearview Camera	"IF “Rear_View_Camera” PROXI parameter is not equal to ""Present"" THEN the TLM shall not display the Rearview Camera Dynamic Gridlines menu item and the user can not perform any setting."	VF_3562	VF655_V43_R3	1	0
Sys-RA-VF665_V43_VSM-1162	VF655	01.11.01.01.28	1.11.1.1.28	direct	Rearview Camera	"IF “Rear_View_Camera” PROXI parameter is equal to ""Present"" THEN TLM shall display the Rearview Camera Dynamic Gridlines menu item and the user can perform setting with the following options: Off or On."	VF_3563	VF655_V43_R3	1	0
Sys-RA-VF665_V43_VSM-1163	VF655	01.11.01.01.28	1.11.1.1.28	direct	Rearview Camera	"IF the user sets ""RVC_Dynamic_Gridlines.Req"" equal to ""Off"" TLM shall set ""TELEMATIC_VEHICLE_SETUP.DynamicGrid_Req"" BH-CAN signal equal to ""Dynamic Gridlines OFF"" and sends this signal to IPC."	VF_3564	VF655_V43_R3	2	1
Sys-RA-VF665_V43_VSM-1164	VF655	01.11.01.01.28	1.11.1.1.28	direct	Rearview Camera	"IF the user sets ""RVC_Dynamic_Gridlines.Req"" equal to ""On"" TLM shall set ""TELEMATIC_VEHICLE_SETUP.DynamicGrid_Req"" BH-CAN signal equal to ""Dynamic Gridlines ON"" and sends this signal to IPC."	VF_3565	VF655_V43_R3	2	1
Sys-RA-VF665_V43_VSM-1165	VF655	01.11.01.01.28	1.11.1.1.28	direct	Rearview Camera	"WHEN TLM receives ""IPC_VEHICLE_SETUP.DynamicGrid"" message THEN TLM updates the Rearview Camera Dynamic Gridlines setting on its display through ""TLM_Vehicle_Setup_Menu.Info"" internal signal."	VF_3566	VF655_V43_R3	2	1
Sys-RA-VF665_V43_VSM-1167	VF655	01.11.01.01.29	1.11.1.1.29	direct	Rearview Camera	"IF “Rear_View_Camera” PROXI parameter is not equal to ""Present"" THEN the TLM shall not display the Rearview Camera Delay menu item and the user can not perform any setting."	VF_3568	VF655_V43_R3	1	0
Sys-RA-VF665_V43_VSM-1168	VF655	01.11.01.01.29	1.11.1.1.29	direct	Rearview Camera	"IF “Rear_View_Camera” PROXI parameter is equal to ""Present"" THEN TLM shall display the Rearview Camera Delay menu item and the user can perform setting with the following options: Off or On."	VF_3569	VF655_V43_R3	1	0
Sys-RA-VF665_V43_VSM-1169	VF655	01.11.01.01.29	1.11.1.1.29	direct	Rearview Camera	"IF the user sets ""RVC_Delay.Req"" equal to ""Off"" TLM shall set ""TELEMATIC_VEHICLE_SETUP2.Backup_Cam_Delay_Req"" BH-CAN signal equal to ""Off"" and sends this signal to IPC."	VF_3570	VF655_V43_R3	2	1
Sys-RA-VF665_V43_VSM-1170	VF655	01.11.01.01.29	1.11.1.1.29	direct	Rearview Camera	"IF the user sets ""RVC_Delay.Req"" equal to ""On"" TLM shall set ""TELEMATIC_VEHICLE_SETUP2.Backup_Cam_Delay_Req"" BH-CAN signal equal to ""On"" and sends this signal to IPC."	VF_3571	VF655_V43_R3	2	1
Sys-RA-VF665_V43_VSM-1171	VF655	01.11.01.01.29	1.11.1.1.29	direct	Rearview Camera	"WHEN TLM receives ""IPC_VEHICLE_SETUP2.Backup_Cam_Delay"" message THEN TLM updates the Rearview Camera Delay setting on its display through ""TLM_Vehicle_Setup_Menu.Info"" internal signal."	VF_3572	VF655_V43_R3	2	1
Sys-RA-VF665_V43_VSM-1278	nodocid	01.14.02.01.28		none	PROXI Configuration	"The ""Brand_Configuration_2"" PROXI parameter is used to show or hide the ""Headlights Off Delay"" menu item."	VF_3763	(空)	1	0
