path	line	rg_id	side	basis	line_text
docs/fw036/CFTS_EMBEDDED_OBJECTS_SCAN.md	1	R-G28	FO	CONTEXT_KW	# CFTS Embedded Objects — 全 feature 查核表（R-G28 追溯適用第一段）
docs/fw036/CFTS_EMBEDDED_OBJECTS_SCAN.md	4	R-G28	AMBIGUOUS	NO_KW	> 其產物為**今天之事實**，**不表述為「當時已查」**（`FO §9.2 R-G28` 追溯適用之拘束，
docs/fw036/CFTS_EMBEDDED_OBJECTS_SCAN.md	88	R-G28	AMBIGUOUS	NO_KW	- **各 feature 側之記錄**：R-G28 令記入「各該 feature 之 `RECON.md` 或等價處」。
docs/fw036/FEATURE_ONBOARDING.md	24	R-G28	FO	SELF_FILE	- **CFTS 嵌入物件之檢查（R-G28，Pei 2026-08-30，全域）**：intake 時須查
docs/fw036/FEATURE_ONBOARDING.md	29	R-G28	FO	SELF_FILE	條文與其成因見 FO §9.2 R-G28。
docs/fw036/FEATURE_ONBOARDING.md	295	R-G18	FO	SELF_FILE	> 而全案有數十處以「canon」加裸節號指向它們之引用（依 R-G18，今應書
docs/fw036/FEATURE_ONBOARDING.md	526	R-G13	FO	SELF_FILE	| 裁決引用 | 依 **R-G13** 之引用制：`R-XX@<sha8>`，執行層自 repo 讀原文並回報所讀 sha8。得另附原文（附了不算錯）| 執行層依編號猜內容 |
docs/fw036/FEATURE_ONBOARDING.md	536	R-G13	FO	SELF_FILE	**[SUPERSEDED by R-G13 — 逐字照錄之要求部分]**（2026-08-24，23 包 §D）：
docs/fw036/FEATURE_ONBOARDING.md	631	R-G14	FO	SELF_FILE	- **一批一上繳**，前批未覆核不得開下批 —— **除 R-G14 綠色通道生效期間**（FO §9.2）
docs/fw036/FEATURE_ONBOARDING.md	650	R-G18	FO	SELF_FILE	以「canon」加裸 §9.1 之引用因而歧義。整併後**每一節號唯一**（R-G18）。
docs/fw036/FEATURE_ONBOARDING.md	667	R-G27	FO	SELF_FILE	| 9.2 | 全域裁決條文 R-G1 ～ R-G27 | 原第一個 §9 之 §9.2 **併** 第二個 §9 之 §9.1 |
docs/fw036/FEATURE_ONBOARDING.md	701	R-G27	FO	SELF_FILE	### 9.2 全域裁決條文 R-G1 ～ R-G27
docs/fw036/FEATURE_ONBOARDING.md	703	R-G12	FO	SELF_FILE	**本節為 R-G 系列之單一落點。** 整併前 R-G1～R-G12 有兩個表（原第一個 §9 之
docs/fw036/FEATURE_ONBOARDING.md	713	R-G13	FO	SELF_FILE	`docs/fw036/RULINGS.sha.tsv`，供 R-G13 之 `R-Gn@<sha8>` 引用。
docs/fw036/FEATURE_ONBOARDING.md	728	R-G12	FO	SELF_FILE	| R-G12 | `git commit` 一律帶 pathspec | 37 輪 |
docs/fw036/FEATURE_ONBOARDING.md	729	R-G13	FO	SELF_FILE	| R-G13 | 裁決引用制（取代逐字照錄）| 23 包 §D，Pei 2026-08-24 |
docs/fw036/FEATURE_ONBOARDING.md	730	R-G14	FO	SELF_FILE	| R-G14 | 綠色通道（一批一上繳之例外）| 同上 |
docs/fw036/FEATURE_ONBOARDING.md	731	R-G15	FO	SELF_FILE	| R-G15 | Pilot 退出準則 | 同上 |
docs/fw036/FEATURE_ONBOARDING.md	732	R-G16	FO	SELF_FILE	| R-G16 | 預期數字自動生成 | 同上 |
docs/fw036/FEATURE_ONBOARDING.md	733	R-G17	FO	SELF_FILE	| R-G17 | 閘登錄簿與除役 | 同上 |
docs/fw036/FEATURE_ONBOARDING.md	734	R-G18	FO	SELF_FILE	| R-G18 | canon 引用唯一可解析 | 同上，措辭依 24 包 §C 裁定 2 |
docs/fw036/FEATURE_ONBOARDING.md	735	R-G19	FO	SELF_FILE	| R-G19 | prompt 指紋 | 同上 |
docs/fw036/FEATURE_ONBOARDING.md	736	R-G20	FO	SELF_FILE	| R-G20 | 規則副本同步指紋 | 同上 |
docs/fw036/FEATURE_ONBOARDING.md	737	R-G21	FO	SELF_FILE	| R-G21 | 自查表機檢對映 | 同上 |
docs/fw036/FEATURE_ONBOARDING.md	738	R-G22	FO	SELF_FILE	| R-G22 | 條文之任何字元變動皆變更其 sha | 25 包 §C 裁定 C，Pei 2026-08-24 |
docs/fw036/FEATURE_ONBOARDING.md	739	R-G23	FO	SELF_FILE	| R-G23 | 同一工單同時只得有一份有效下放包 | 26 包 §C [DEFAULT]，待 Pei 追認 |
docs/fw036/FEATURE_ONBOARDING.md	740	R-G23	FO	SELF_FILE	| R-G23′ | 單一來源擴至每條線；取號一律 live | 27 包 §二，Pei 裁定 2026-08-24（出處 V33 裁定記錄 4）|
docs/fw036/FEATURE_ONBOARDING.md	741	R-G24	FO	SELF_FILE	| R-G24 | 下放指示之路徑實在性 | bed_lowering 01 包，Pei 裁定 2026-08-26 |
docs/fw036/FEATURE_ONBOARDING.md	742	R-G25	FO	SELF_FILE	| R-G25 | 產出物目錄政策 | 27 包 §C，Pei 裁定 2026-08-24（換號 08-27）|
docs/fw036/FEATURE_ONBOARDING.md	743	R-G26	FO	SELF_FILE	| R-G26 | 工作區清理制 | 同上 |
docs/fw036/FEATURE_ONBOARDING.md	744	R-G27	FO	SELF_FILE	| R-G27 | 來源集中制（`sources/`）| 同上 |
docs/fw036/FEATURE_ONBOARDING.md	745	R-G28	FO	SELF_FILE	| R-G28 | CFTS 嵌入物件之逐 feature 檢查 | sw_update 53／54 包，Pei 裁定 2026-08-30 |
docs/fw036/FEATURE_ONBOARDING.md	746	R-G29	FO	SELF_FILE	| R-G29 | 條文須加框（`body_kind` 不變式） | sw_update 59 包，**分析層 [DEFAULT] 2026-08-30，Pei 得推翻** |
docs/fw036/FEATURE_ONBOARDING.md	824	R-G12	FO	SELF_FILE	#### R-G12 — `git commit` 一律帶 pathspec
docs/fw036/FEATURE_ONBOARDING.md	833	R-G13	FO	SELF_FILE	#### R-G13 — 裁決引用制（取代 FO §8.1「裁決逐字照錄」）
docs/fw036/FEATURE_ONBOARDING.md	836	R-G13	FO	SELF_FILE	R-G13：裁決條文集中於各 feature 之 RULINGS.md 與 canon §9，每條具穩定
docs/fw036/FEATURE_ONBOARDING.md	846	R-G21	FO	SELF_FILE	> **條文逐字不改**，其實指以本註記錄（同 R-G21 之處置）；
docs/fw036/FEATURE_ONBOARDING.md	852	R-G13	FO	SELF_FILE	R-G13 之上繳回報：逐條表列 `ruling_id | 下放引用 sha8 | 實讀 sha8 | 判`，
docs/fw036/FEATURE_ONBOARDING.md	853	R-G13	FO	SELF_FILE	相符者亦列（FO §8.2 精神）。不符者依 R-G13 停下回報。
docs/fw036/FEATURE_ONBOARDING.md	856	R-G14	FO	SELF_FILE	#### R-G14 — 綠色通道（FO §8.8 之例外）
docs/fw036/FEATURE_ONBOARDING.md	859	R-G14	FO	SELF_FILE	R-G14：post-pilot Phase 6 批次，連續 3 批同時滿足
docs/fw036/FEATURE_ONBOARDING.md	864	R-G14	FO	SELF_FILE	重新累計。§8.8「一批一上繳」加註「除 R-G14 生效期間」。
docs/fw036/FEATURE_ONBOARDING.md	867	R-G15	FO	SELF_FILE	#### R-G15 — Pilot 退出準則
docs/fw036/FEATURE_ONBOARDING.md	870	R-G15	FO	SELF_FILE	R-G15：pilot 判定以 done-region check 後之分類計：
docs/fw036/FEATURE_ONBOARDING.md	882	R-G16	FO	SELF_FILE	#### R-G16 — 預期數字自動生成
docs/fw036/FEATURE_ONBOARDING.md	885	R-G16	FO	SELF_FILE	R-G16：下放包之預期數字表由 `scripts/expected_numbers.py` 自
docs/fw036/FEATURE_ONBOARDING.md	891	R-G17	FO	SELF_FILE	#### R-G17 — 閘登錄簿與除役
docs/fw036/FEATURE_ONBOARDING.md	894	R-G17	FO	SELF_FILE	R-G17：`docs/runtime/GATES.tsv` 登錄每支 lint 閘：id、判準一句話、
docs/fw036/FEATURE_ONBOARDING.md	899	R-G17	FO	SELF_FILE	[SUPERSEDED by R-G17 — 管理機制部分]。
docs/fw036/FEATURE_ONBOARDING.md	902	R-G18	FO	SELF_FILE	#### R-G18 — canon 引用唯一可解析
docs/fw036/FEATURE_ONBOARDING.md	908	R-G18	FO	SELF_FILE	R-G18：canon 節號引用一律帶文件前綴（`FO §X` / `IN §X`）；此為書寫
docs/fw036/FEATURE_ONBOARDING.md	917	R-G18	FO	SELF_FILE	> **兩份 canon 之代號**（R-G18 首跑所揭，23a §四-2）：
docs/fw036/FEATURE_ONBOARDING.md	926	R-G19	FO	SELF_FILE	#### R-G19 — prompt 指紋（TC 規則抗漂移之一）
docs/fw036/FEATURE_ONBOARDING.md	929	R-G19	FO	SELF_FILE	R-G19：每批之批次 manifest 記錄本批實際使用之 prompt 模板 sha256 與
docs/fw036/FEATURE_ONBOARDING.md	934	R-G20	FO	SELF_FILE	#### R-G20 — 規則副本同步指紋（TC 規則抗漂移之二）
docs/fw036/FEATURE_ONBOARDING.md	937	R-G20	FO	SELF_FILE	R-G20：每次 pilot review 與 feature close-out，執行層回報
docs/fw036/FEATURE_ONBOARDING.md	943	R-G21	FO	SELF_FILE	#### R-G21 — 自查表機檢對映（TC 規則抗漂移之三）
docs/fw036/FEATURE_ONBOARDING.md	946	R-G21	FO	SELF_FILE	R-G21：§9 自查表逐項標註其保證來源：有對應 lint 閘者記閘 id
docs/fw036/FEATURE_ONBOARDING.md	953	R-G18	FO	SELF_FILE	> 條文原文寫「§9」，依 R-G18 於此註明其實指，**原文不改**。
docs/fw036/FEATURE_ONBOARDING.md	955	R-G22	FO	SELF_FILE	#### R-G22 — 條文之任何字元變動皆變更其 sha
docs/fw036/FEATURE_ONBOARDING.md	958	R-G22	FO	SELF_FILE	R-G22：條文之任何字元變動（含加註、沿革、SUPERSEDED 標記）皆改變其
docs/fw036/FEATURE_ONBOARDING.md	960	R-G13	FO	SELF_FILE	執行層停下回報（R-G13），分析層核對變動性質後於下一包換發新 sha8 引用；
docs/fw036/FEATURE_ONBOARDING.md	966	R-G13	FO	SELF_FILE	> 「加註是否算改動」若不裁，R-G13 之 sha 比對會在每次留痕加註後產生
docs/fw036/FEATURE_ONBOARDING.md	967	R-G13	FO	SELF_FILE	> 一次假性不符，而假性不符多了就會被當成噪音忽略 —— **那正是 R-G13
docs/fw036/FEATURE_ONBOARDING.md	972	R-G23	FO	SELF_FILE	#### R-G23 — 同一工單同時只得有一份有效下放包
docs/fw036/FEATURE_ONBOARDING.md	977	R-G23	FO	SELF_FILE	R-G23 [DEFAULT]：同一工單同時只得有一份有效下放包；發現同輪重複下放
docs/fw036/FEATURE_ONBOARDING.md	988	R-G23	FO	SELF_FILE	> **同一新條號 `R-G23` 被指派給兩件不同的事**
docs/fw036/FEATURE_ONBOARDING.md	996	R-G23	FO	SELF_FILE	#### R-G23′ — 單一來源擴至每條線；取號一律 live
docs/fw036/FEATURE_ONBOARDING.md	999	R-G23	FO	SELF_FILE	R-G23′（擴充，Pei 裁定 2026-08-24，出處 V33 裁定記錄 4）
docs/fw036/FEATURE_ONBOARDING.md	1005	R-G23	FO	SELF_FILE	> **R-G23 本體一字不動**（R-G22：動了 sha 就換發）—— 本條為其 ′ 版擴充，
docs/fw036/FEATURE_ONBOARDING.md	1005	R-G22	FO	SELF_FILE	> **R-G23 本體一字不動**（R-G22：動了 sha 就換發）—— 本條為其 ′ 版擴充，
docs/fw036/FEATURE_ONBOARDING.md	1008	R-G23	FO	SELF_FILE	> **擴充之來源**：R-G23 只管全域線（`docs/fw036`），而**撞號實際發生在
docs/fw036/FEATURE_ONBOARDING.md	1017	R-G24	FO	SELF_FILE	#### R-G24 —— 下放指示之路徑實在性
docs/fw036/FEATURE_ONBOARDING.md	1020	R-G24	FO	SELF_FILE	R-G24（Pei 裁定 2026-08-26）：凡下放包或下放指示要求對某路徑放檔、
docs/fw036/FEATURE_ONBOARDING.md	1057	R-G25	FO	SELF_FILE	#### R-G25 — 產出物目錄政策
docs/fw036/FEATURE_ONBOARDING.md	1060	R-G25	FO	SELF_FILE	R-G25：產出物目錄政策如下表。政策自生效日管新檔；既有檔案不搬移。
docs/fw036/FEATURE_ONBOARDING.md	1079	R-G26	FO	SELF_FILE	#### R-G26 — 工作區清理制
docs/fw036/FEATURE_ONBOARDING.md	1082	R-G26	FO	SELF_FILE	R-G26：superseded 產出（被新版取代之 json、舊 lint 報告）得自工作區
docs/fw036/FEATURE_ONBOARDING.md	1091	R-G12	FO	SELF_FILE	> **專門 commit** 之要求同 R-G12（一律帶 pathspec）：清理與內容變更混在
docs/fw036/FEATURE_ONBOARDING.md	1094	R-G27	FO	SELF_FILE	#### R-G27 — 來源集中制（`sources/`）
docs/fw036/FEATURE_ONBOARDING.md	1097	R-G27	FO	SELF_FILE	R-G27：共用來源文件集中於頂層 sources/：raw/<doc_id>/ 放原檔
docs/fw036/FEATURE_ONBOARDING.md	1107	R-G24	FO	SELF_FILE	> **與 R-G24 之銜接**：新 feature 之 `_intake/{Feature_Name}/` 仍為投遞區，
docs/fw036/FEATURE_ONBOARDING.md	1110	R-G28	FO	SELF_FILE	#### R-G28 — CFTS 嵌入物件之逐 feature 檢查
docs/fw036/FEATURE_ONBOARDING.md	1113	R-G28	FO	SELF_FILE	R-G28（Pei 裁定 2026-08-30）：intake 時須檢查該 feature 之母 CFTS 是否於
docs/fw036/FEATURE_ONBOARDING.md	1159	R-G29	FO	SELF_FILE	#### R-G29 — 條文須加框（`body_kind` 之不變式）
docs/fw036/FEATURE_ONBOARDING.md	1162	R-G29	FO	SELF_FILE	R-G29 [DEFAULT]（分析層 2026-08-30，依上繳包 58 §6(丁)；Pei 得推翻）
docs/fw036/FEATURE_ONBOARDING.md	1166	R-G17	FO	SELF_FILE	判準由 `lint_docs036` 守之，其閘登錄 `GATES.tsv`（R-G17）。
docs/fw036/FEATURE_ONBOARDING.md	1169	R-G13	FO	SELF_FILE	東西 —— 整節。故 R-G13 之引用比對對其失去鑑別力：條文被改與成因被補，
docs/fw036/FEATURE_ONBOARDING.md	1176	R-G13	FO	SELF_FILE	> **[DEFAULT] 之理由**：R-G13／R-G22 皆為 Pei 所裁，
docs/fw036/FEATURE_ONBOARDING.md	1176	R-G22	FO	SELF_FILE	> **[DEFAULT] 之理由**：R-G13／R-G22 皆為 Pei 所裁，
docs/fw036/FEATURE_ONBOARDING.md	1200	R-G25	FO	SELF_FILE	無其他尾綴；sandbox 名之檔不進；每檔須有 MANIFEST 列（R-G25）。
docs/fw036/FEATURE_ONBOARDING.md	1208	R-G12	FO	SELF_FILE	#### R-G4／R-G7 之原文與 R-G12 之來源
docs/fw036/FEATURE_ONBOARDING.md	1213	R-G12	FO	SELF_FILE	**R-G12 之來源**（2026-08-18，Pei 裁定升格）：`052f67d` 與
docs/fw036/FEATURE_ONBOARDING.md	1349	R-G12	FO	SELF_FILE	| 第一個 §9.2 | 全域條文 R-G1～R-G12（集中）| §9.2（**併**，見 §9.8.2）|
docs/fw036/FEATURE_ONBOARDING.md	1352	R-G12	FO	SELF_FILE	| 第二個 §9.1 | R-G1 ～ R-G12（全域裁決條文）| §9.2（**併**，其來源欄升為主表之來源欄）|
docs/fw036/FEATURE_ONBOARDING.md	1361	R-G18	FO	SELF_FILE	**歷史 handoff／upstream 檔中之既有引用不追改**（R-G18），其逐處列於
docs/fw036/FEATURE_ONBOARDING.md	1364	R-G12	FO	SELF_FILE	#### 9.8.2 R-G1～R-G12 兩版摘要之出入（逐條比對結果）
docs/fw036/FEATURE_ONBOARDING.md	1382	R-G12	FO	SELF_FILE	| R-G12 | 第一版載完整判準與 `git add` 之同規 | 取第一版 |
docs/fw036/FRAME_F1.md	26	R-G24	AMBIGUOUS	NO_KW	10 | 投遞區 `_intake/Popup/`（TitleCase，R-G24 已建妥並實測）。  ← 訊號
docs/fw036/FRAME_F1.md	56	R-G27	FO	CONTEXT_KW	56 | **引用原位不搬**（既有共用件，sw_update A-SU3 前例；R-G27「既有檔案  ← 訊號
docs/fw036/FRAME_F1.md	95	R-G13	FO	CONTEXT_KW	111 | 因本次擴範圍而變（變動即停下回報）。理由：R-G13 明定條文落各 feature  ← 訊號
docs/fw036/FRAME_F1_a.md	16	R-G24	AMBIGUOUS	NO_KW	10 | 投遞區 `_intake/Popup/`（TitleCase，R-G24 已建妥並實測）。  ← 訊號
docs/fw036/FRAME_F1_a.md	46	R-G27	FO	CONTEXT_KW	56 | **引用原位不搬**（既有共用件，sw_update A-SU3 前例；R-G27「既有檔案  ← 訊號
docs/fw036/FRAME_F1_a.md	85	R-G13	FO	CONTEXT_KW	111 | 因本次擴範圍而變（變動即停下回報）。理由：R-G13 明定條文落各 feature  ← 訊號
docs/fw036/FRAME_STATE.tsv	2	R-G29	AMBIGUOUS	NO_KW	# 母群：`kind == ruling`（R-G29 之射程；自宣告被取代者已改判 superseded，下放包 69 §三）。
docs/fw036/FRAME_STATE.tsv	5	R-G13	FO	CONTEXT_KW	# R-G13 之比對三段：與 `sha.tsv` 同 → clean；與 `last_known` 同 → 報其 reason，不停止；
docs/fw036/IMPROVEMENT_METRICS.md	23	R-G23	AMBIGUOUS	NO_KW	| `violations_caught` | **撞號 2** | (1) 25 包撞上 23b 與 25 兩份同輪下放包（25 上繳 §五-1）；(2) 26 包三份同輪包且 `R-G23` 一號二用（26 上繳 §八-1）|
docs/fw036/IMPROVEMENT_METRICS.md	24	R-G23	AMBIGUOUS	NO_KW	| | **waiver 假性新增 2** | 26 包內兩次：插入 R-G23 區塊、加 [SUPERSEDED] 標頭，各使被豁免行下移（26 上繳 §五-1）|
docs/fw036/PROJECT_INSTRUCTION_RESYNC.md	1	R-G20	AMBIGUOUS	NO_KW	# Project 指令副本重貼指引（R-G20 首次執行，2026-08-24）
docs/fw036/PROJECT_INSTRUCTION_RESYNC.md	20	R-G20	AMBIGUOUS	NO_KW	### 2-1 sha 行（必改，否則 R-G20 比對永遠不符）
docs/fw036/PROJECT_INSTRUCTION_RESYNC.md	38	R-G20	AMBIGUOUS	NO_KW	現行 sha（R-G20），不符先重貼再審。
docs/fw036/PROJECT_INSTRUCTION_RESYNC.md	44	R-G13	FO	CONTEXT_KW	- **裁決引用**：下放包引用既有裁決以 `R-XX@<sha8>`（R-G13），sha8 以
docs/fw036/PROJECT_INSTRUCTION_RESYNC.md	60	R-G14	FO	CONTEXT_KW	- 一批一上繳；前批未覆核不得開下批（除 R-G14 綠色通道生效期間 ——
docs/fw036/PROJECT_INSTRUCTION_RESYNC.md	71	R-G22	FO	CONTEXT_KW	> 注意：canon 之後每次變動（例如 25 包將加入 R-G22 與 §2.1，IN 若再被
docs/fw036/REMEDIATION_DELIVERY_MGMT_20260821.md	20	R-G25	FO	CONTEXT_KW	依 R-G25「政策自生效日管新檔」，`features/power/delivered/pm_29.xlsx`
docs/fw036/RULINGS.sha.tsv	14	R-G12	FO	CONTEXT_KW	"R-G12	ruling	68321876	68321876e14d0ef61026b58e0cd7669ca6ca44d4353a4030f4062bdcfc436a26	eabe2726	eabe272635a55614906d5e60ba17f8190e36c2c4a386c6be245941a66b105d97	fenced	docs/fw036/FEATURE_ONBOARDING.md"
docs/fw036/RULINGS.sha.tsv	15	R-G13	FO	CONTEXT_KW	"R-G13	ruling	abdc56e3	abdc56e3a9c86c775ec8b448c0747cca9b67dee3dc096601aef16980791465cb	854f1050	854f1050b3cd8cf78234ca0fd012423ccb26079c086728f4ffe9231970ce20fa	fenced	docs/fw036/FEATURE_ONBOARDING.md"
docs/fw036/RULINGS.sha.tsv	16	R-G14	FO	CONTEXT_KW	"R-G14	ruling	fb508d10	fb508d1012978a20215cf046a7954c1e496be4034223e239b0ce31e3fcb82c89	fe92f06c	fe92f06cb81b755576a8fd711374533533991e1b35161cbeaf8662e3d4b428f4	fenced	docs/fw036/FEATURE_ONBOARDING.md"
docs/fw036/RULINGS.sha.tsv	17	R-G15	FO	CONTEXT_KW	"R-G15	ruling	2aa0c28f	2aa0c28fa166c510ebe90ab42ad7d861b48f0a0881fe2d2843f3a843f6f2bf1e	a6d2d055	a6d2d05509f081a231394e5f6eb110734529b10ad36a8f392c186fbf4b6858d1	fenced	docs/fw036/FEATURE_ONBOARDING.md"
docs/fw036/RULINGS.sha.tsv	18	R-G16	FO	CONTEXT_KW	"R-G16	ruling	2ec55d94	2ec55d94365fad4d38b5948eda69fe9f52ed8242d1a68174ba8ae309ed4164e7	7918a7a2	7918a7a22555fcd91974dde9f3d65d4100ea96ceb0121ebbff03078bdb5b226b	fenced	docs/fw036/FEATURE_ONBOARDING.md"
docs/fw036/RULINGS.sha.tsv	19	R-G17	FO	CONTEXT_KW	"R-G17	ruling	24cdeec6	24cdeec65d4b3baf13ae6b12081a6fda0df24d67d61a4a58ec5696be7c2dc63f	fc029a89	fc029a8957099bcb10bc65c846c8bd2bcc887a21f04725571b842458b0876b61	fenced	docs/fw036/FEATURE_ONBOARDING.md"
docs/fw036/RULINGS.sha.tsv	20	R-G18	FO	CONTEXT_KW	"R-G18	ruling	8f61f9fd	8f61f9fd2bedd2985220698780d07e452bd8c9294f7a3d3bd5fad299c4679400	5fe1d67b	5fe1d67bbe8e1a82da86686bb5326cbbdd360b7e763d49c57d4bc40da1c87cd8	fenced	docs/fw036/FEATURE_ONBOARDING.md"
docs/fw036/RULINGS.sha.tsv	21	R-G19	FO	CONTEXT_KW	"R-G19	ruling	bd206972	bd206972e5c52fcb7ddddd587019c0bb04946ae4052f3ccd93e7ea39878f0ed9	d1054896	d10548960db6c58c93f87c2b0c66f68b0e6bfeb52c0561148ce1edac63a6672c	fenced	docs/fw036/FEATURE_ONBOARDING.md"
docs/fw036/RULINGS.sha.tsv	22	R-G20	FO	CONTEXT_KW	"R-G20	ruling	3d0cd37b	3d0cd37b3170d7cd66f12fb2846408a5be4b9d4ed700f0bc58d0bba86cf9c627	8b841b5a	8b841b5ab38a4d5c06c7d165637507f3b6d2ad24383999447ea4babd490b244c	fenced	docs/fw036/FEATURE_ONBOARDING.md"
docs/fw036/RULINGS.sha.tsv	23	R-G21	FO	CONTEXT_KW	"R-G21	ruling	1230e795	1230e795feb9d96ae622fa57756b4503a3366f449fd3ca4fd11fe1d4fc78dd5d	b5ab30d6	b5ab30d6b5264a30450b8ae7a100f0aa07c33317a2ff163bc94b9a2bef7c4b26	fenced	docs/fw036/FEATURE_ONBOARDING.md"
docs/fw036/RULINGS.sha.tsv	24	R-G22	FO	CONTEXT_KW	"R-G22	ruling	bca29f8f	bca29f8fa03e06aa926d8a2dac9001b8f3ee3b33f16e70e8d9ec88038f28d28f	3253a3d6	3253a3d6c4587e9515041c62b84fe3bea308abf52b359eea0a629b7a4ee441b3	fenced	docs/fw036/FEATURE_ONBOARDING.md"
docs/fw036/RULINGS.sha.tsv	25	R-G23	FO	CONTEXT_KW	"R-G23	ruling	67bae889	67bae88907e6f24a021a120eeba5a6bdf72f97e8c76c98b6e0fb67e25ee80354	84988030	84988030143624c8a91f8617ae0170030e9b3a3c6321260c715fabf8cd89932b	fenced	docs/fw036/FEATURE_ONBOARDING.md"
docs/fw036/RULINGS.sha.tsv	26	R-G23	FO	CONTEXT_KW	"R-G23′	ruling	990b1c2e	990b1c2eaa5de10f2e829add466c6c89874941ca4d355185d0fd3d01f8005784	85dcb7aa	85dcb7aa9f822499ccc94fc5c2e22d42f729a505e9ea957b89c7affcc7d5d5bb	fenced	docs/fw036/FEATURE_ONBOARDING.m"
docs/fw036/RULINGS.sha.tsv	27	R-G24	FO	CONTEXT_KW	"R-G24	ruling	bd9a8cc0	bd9a8cc0f28c1608778f8d4320596456435510f81db9aac055138cc8e321821e	20383c2f	20383c2f48ba46e80cb76c37264c71ca43cb2b89a7c7f93776ef1fc8d17551b8	fenced	docs/fw036/FEATURE_ONBOARDING.md"
docs/fw036/RULINGS.sha.tsv	28	R-G25	FO	CONTEXT_KW	"R-G25	ruling	50be5127	50be5127ce261473a8576d55b10d92e8489e32b651cf321ba78b5a22b0bdc801	22923d2e	22923d2efbe102ffd1ff35478081f251d5f942cb6ea8431fe92aba0dfabcc080	fenced	docs/fw036/FEATURE_ONBOARDING.md"
docs/fw036/RULINGS.sha.tsv	29	R-G26	FO	CONTEXT_KW	"R-G26	ruling	ce4fdff2	ce4fdff27c0dbeaf7d5a38a632ca2648336538a897aec171172a64a844101a07	12d1ab96	12d1ab96857cdb8dee57ad24ba1843c0408bc26dfe9011e01fd289f21657b408	fenced	docs/fw036/FEATURE_ONBOARDING.md"
docs/fw036/RULINGS.sha.tsv	30	R-G27	FO	CONTEXT_KW	"R-G27	ruling	2bd39a12	2bd39a1228b991e946fc8e833b71f9d541301ea22d1a5ec2423bab1b0d3ac445	8e2be146	8e2be146378452c4a06ba7ec8571e21e2f80d3c0d277c931edf7573808f0f0a2	fenced	docs/fw036/FEATURE_ONBOARDING.md"
docs/fw036/RULINGS.sha.tsv	31	R-G28	FO	CONTEXT_KW	"R-G28	ruling	0336d5bc	0336d5bcab34c3b74551970a8ada2db4f531fc8d5fdd87a2182b99ba9ac86024	0722d230	0722d230ec44d421bc33babc39c4f1e3eac3bdc4eab4991433dee7c115a9ce9c	fenced	docs/fw036/FEATURE_ONBOARDING.md"
docs/fw036/RULINGS.sha.tsv	32	R-G29	FO	CONTEXT_KW	"R-G29	ruling	15a9a12b	15a9a12b7816880bf5e7849027a181bbf86bfe68fb36ef8f74870a410680d2a3	9c43481c	9c43481cb5c8f047887bb9232a335e8e33737e8a2c9a83ec1e71f2c1e6b0cbc1	fenced	docs/fw036/FEATURE_ONBOARDING.md"
docs/fw036/RULINGS.sha.tsv	34	R-G12	AMBIGUOUS	NO_KW	"R-G4	group	9551aa3b	9551aa3b6223406b9c874993986332c91fc67a823d373d28f6f0a1985ff0d453	9551aa3b	9551aa3b6223406b9c874993986332c91fc67a823d373d28f6f0a1985ff0d453	section	docs/fw036/FEATURE_ONBOARDING.md	"
docs/fw036/RULINGS.sha.tsv	659	R-G14	FO	CONTEXT_KW	"R-VS82	ruling	12177e4f	12177e4fc6c26bf51ccf4c396e74f053582a76768342d8f1f2977de4dac4830a	851375d9	851375d9594e498bfc20bd0c78b2b4946506fb04ae74299f3d5104e3f18d11d1	fenced	features/vehicle_setting/RULING"
docs/fw036/RULINGS.sha.tsv	659	R-G14	FO	CONTEXT_KW	"R-VS82	ruling	12177e4f	12177e4fc6c26bf51ccf4c396e74f053582a76768342d8f1f2977de4dac4830a	851375d9	851375d9594e498bfc20bd0c78b2b4946506fb04ae74299f3d5104e3f18d11d1	fenced	features/vehicle_setting/RULING"
docs/fw036/RULINGS_LEDGER.md	116	R-G12	LEDGER	SELF_FILE	## 參考素材庫條文（R-G12／R-G13／R-G14，Pei 2026-08-24，全域）
docs/fw036/RULINGS_LEDGER.md	116	R-G13	LEDGER	SELF_FILE	## 參考素材庫條文（R-G12／R-G13／R-G14，Pei 2026-08-24，全域）
docs/fw036/RULINGS_LEDGER.md	116	R-G14	LEDGER	SELF_FILE	## 參考素材庫條文（R-G12／R-G13／R-G14，Pei 2026-08-24，全域）
docs/fw036/RULINGS_LEDGER.md	122	R-G12	LEDGER	SELF_FILE	R-G12（參考素材庫之位置與 manifest —— 全域）
docs/fw036/RULINGS_LEDGER.md	140	R-G13	LEDGER	SELF_FILE	(b) 為必填之理由見 R-G13：無涵蓋範圍之登錄，「查無」不構成發現。
docs/fw036/RULINGS_LEDGER.md	144	R-G13	LEDGER	SELF_FILE	R-G13（查無之成立要件 —— 全域）
docs/fw036/RULINGS_LEDGER.md	160	R-G14	LEDGER	SELF_FILE	R-G14（查無台帳 —— 全域）
docs/fw036/RULINGS_LEDGER.md	162	R-G13	LEDGER	SELF_FILE	凡經 R-G13 三要件仍查無者，登記一列，欄位：
docs/fw036/RULINGS_LEDGER.md	179	R-G12	LEDGER	SELF_FILE	| R-G12 | 528 | `c9fb52dea97b2edb` | 是 |
docs/fw036/RULINGS_LEDGER.md	180	R-G13	LEDGER	SELF_FILE	| R-G13 | 387 | `a1ba5e165f2ad121` | 是 |
docs/fw036/RULINGS_LEDGER.md	181	R-G14	LEDGER	SELF_FILE	| R-G14 | 363 | `0d18b275bc9428d6` | 是 |
docs/fw036/RULINGS_LEDGER.md	187	R-G15	LEDGER	SELF_FILE	## 參考資料庫之版本綁定（R-G15，2026-08-24，全域）
docs/fw036/RULINGS_LEDGER.md	193	R-G15	LEDGER	SELF_FILE	R-G15（參考資料庫之版本綁定 —— 全域）
docs/fw036/RULINGS_LEDGER.md	215	R-G15	LEDGER	SELF_FILE	| R-G15 | 561 | `9b4512a26c552666` | 是 |
docs/fw036/RULINGS_LEDGER.md	221	R-G16	LEDGER	SELF_FILE	## 量測與聚合分離（R-G16，2026-08-24，全域）
docs/fw036/RULINGS_LEDGER.md	227	R-G16	LEDGER	SELF_FILE	R-G16（量測與聚合分離 —— 全域）
docs/fw036/RULINGS_LEDGER.md	251	R-G16	LEDGER	SELF_FILE	> R-G16 所稱之「量測條件」**自此明文包含計數口徑** ——
docs/fw036/RULINGS_LEDGER.md	260	R-G13	LEDGER	SELF_FILE	## R-G13 之補充（2026-08-24，全域）
docs/fw036/RULINGS_LEDGER.md	262	R-G13	LEDGER	SELF_FILE	併於 R-G13 原條之下；**原條全文不動**，見上方「參考素材庫條文」節。
docs/fw036/RULINGS_LEDGER.md	265	R-G13	LEDGER	SELF_FILE	R-G13 補充（查詢鍵不限於 DBC —— 併入原條）
docs/fw036/RULINGS_LEDGER.md	280	R-G16	LEDGER	SELF_FILE	| R-G16 | 527 | `14f1899d59fee11d` | 是 |
docs/fw036/RULINGS_LEDGER.md	281	R-G13	LEDGER	SELF_FILE	| R-G13 補充 | 337 | `fd7f12de1170bf84` | 是 |
docs/fw036/RULINGS_LEDGER.md	287	R-G17	LEDGER	SELF_FILE	## 匯出檔自帶字典之校驗（R-G17，2026-08-25，全域）
docs/fw036/RULINGS_LEDGER.md	293	R-G17	LEDGER	SELF_FILE	R-G17（匯出檔之自帶字典須逐欄校驗 —— 全域）
docs/fw036/RULINGS_LEDGER.md	312	R-G17	LEDGER	SELF_FILE	| R-G17 | 394 | `8e1a45c80c9a46a2` | 是 |
docs/fw036/RULINGS_LEDGER.md	318	R-G18	LEDGER	SELF_FILE	## `--scaffold` 搬移之後果（R-G18，2026-08-25，全域）
docs/fw036/RULINGS_LEDGER.md	324	R-G18	LEDGER	SELF_FILE	R-G18（`--scaffold` 之搬移使 intake 不可重現 —— 全域）
docs/fw036/RULINGS_LEDGER.md	346	R-G18	LEDGER	SELF_FILE	| R-G18 | 564 | `f003d7f9833cb671` | 是 |
docs/fw036/RULINGS_LEDGER.md	352	R-G19	LEDGER	SELF_FILE	## R-G19 — 寫回作業規定全專案化（Pei, 2026-08-25）
docs/fw036/RULINGS_LEDGER.md	358	R-G19	LEDGER	SELF_FILE	R-G19（Pei, 2026-08-25）—— 寫回作業規定全專案化
docs/fw036/RULINGS_LEDGER.md	389	R-G19	LEDGER	SELF_FILE	| R-G19 | 882 | `fef0cad264e9ddd2` | 是 |
docs/fw036/RULINGS_LEDGER.md	396	R-G19	LEDGER	SELF_FILE	## 理由與數字、報告與量測（R-G19／R-G20，2026-08-25，全域）
docs/fw036/RULINGS_LEDGER.md	396	R-G20	LEDGER	SELF_FILE	## 理由與數字、報告與量測（R-G19／R-G20，2026-08-25，全域）
docs/fw036/RULINGS_LEDGER.md	402	R-G19	LEDGER	SELF_FILE	R-G19（理由與數字須分別驗證 —— 全域）
docs/fw036/RULINGS_LEDGER.md	417	R-G20	LEDGER	SELF_FILE	R-G20（報告中之摘要數字須為機器輸出 —— 全域）
docs/fw036/RULINGS_LEDGER.md	422	R-G16	LEDGER	SELF_FILE	自動檢查**。R-G16 所列之三次缺陷皆在量測之後的處理階段，
docs/fw036/RULINGS_LEDGER.md	435	R-G21	LEDGER	SELF_FILE	## 授權之界定與斷言之驗證（R-G21／R-G22，2026-08-25，全域）
docs/fw036/RULINGS_LEDGER.md	435	R-G22	LEDGER	SELF_FILE	## 授權之界定與斷言之驗證（R-G21／R-G22，2026-08-25，全域）
docs/fw036/RULINGS_LEDGER.md	441	R-G21	LEDGER	SELF_FILE	R-G21（共用腳本之授權以行為界定，不以處數界定 —— 全域）
docs/fw036/RULINGS_LEDGER.md	470	R-G22	LEDGER	SELF_FILE	R-G22（斷言式表述須由腳本產出 —— R-G20 之延伸，全域）
docs/fw036/RULINGS_LEDGER.md	470	R-G20	LEDGER	SELF_FILE	R-G22（斷言式表述須由腳本產出 —— R-G20 之延伸，全域）
docs/fw036/RULINGS_LEDGER.md	474	R-G20	LEDGER	SELF_FILE	理由：R-G20 所規制者為謄寫之數字，本條所規制者為**數字之間的關係
docs/fw036/RULINGS_LEDGER.md	486	R-G23	LEDGER	SELF_FILE	## 綁定須被檢查（R-G23，2026-08-25，全域）
docs/fw036/RULINGS_LEDGER.md	492	R-G23	LEDGER	SELF_FILE	R-G23（綁定須被檢查，宣告不等於保護 —— 全域）
docs/fw036/RULINGS_LEDGER.md	493	R-G15	LEDGER	SELF_FILE	R-G15 要求 `feature.yaml` 之 `reference:` 節逐項綁定參考資料庫之
docs/fw036/RULINGS_LEDGER.md	510	R-G24	LEDGER	SELF_FILE	## marker 衝突之解（R-G24，2026-08-25，全域）
docs/fw036/RULINGS_LEDGER.md	516	R-G24	LEDGER	SELF_FILE	R-G24（marker 衝突以較嚴者為準 —— 全域）
docs/fw036/RULINGS_LEDGER.md	540	R-G25	LEDGER	SELF_FILE	## 「宣稱不做 X」之測試（R-G25，2026-08-25，全域）
docs/fw036/RULINGS_LEDGER.md	546	R-G25	LEDGER	SELF_FILE	R-G25（「宣稱不做 X」之測試須連跑兩次 —— 全域）
docs/fw036/RULINGS_LEDGER.md	567	R-G25	LEDGER	SELF_FILE	> R-G25 規制「宣稱不做 X」之測試須連跑兩次。其精神及於另一形態 ——
docs/fw036/RULINGS_LEDGER.md	575	R-G26	LEDGER	SELF_FILE	## 合併包 19 之全域條文（R-G26–R-G31，2026-08-25）
docs/fw036/RULINGS_LEDGER.md	577	R-G26	LEDGER	SELF_FILE	來源：`features/display/docs/handoff/14_mapping_audit.md` §四（R-G26／R-G27）與 `features/display/docs/RETROSPECTIVE.md` §四（R-G28–R-G31）。
docs/fw036/RULINGS_LEDGER.md	577	R-G27	LEDGER	SELF_FILE	來源：`features/display/docs/handoff/14_mapping_audit.md` §四（R-G26／R-G27）與 `features/display/docs/RETROSPECTIVE.md` §四（R-G28–R-G31）。
docs/fw036/RULINGS_LEDGER.md	577	R-G28	LEDGER	SELF_FILE	來源：`features/display/docs/handoff/14_mapping_audit.md` §四（R-G26／R-G27）與 `features/display/docs/RETROSPECTIVE.md` §四（R-G28–R-G31）。
docs/fw036/RULINGS_LEDGER.md	581	R-G26	LEDGER	SELF_FILE	R-G26（綠燈須連同其母體一併引用 —— 全域）
docs/fw036/RULINGS_LEDGER.md	598	R-G27	LEDGER	SELF_FILE	R-G27（概念映射須以確切詞組或欄位鍵為據 —— 全域）
docs/fw036/RULINGS_LEDGER.md	624	R-G28	LEDGER	SELF_FILE	R-G28（裁決選單須先驗證其能解題 —— 全域）
docs/fw036/RULINGS_LEDGER.md	637	R-G29	LEDGER	SELF_FILE	R-G29（未驗項分流：交付正確性 vs 鷹架品質 —— 全域）
docs/fw036/RULINGS_LEDGER.md	915	R-G27	LEDGER	SELF_FILE	R-G27 防過寬，本條防過嚴。
docs/fw036/RULINGS_LEDGER.md	1113	R-G23	LEDGER	SELF_FILE	> **取號記錄（R-G23′ live 取號）**：落條前實測 ——
docs/fw036/RULINGS_LEDGER.md	1117	R-G12	LEDGER	SELF_FILE	> **待 Pei 裁：R-G12／R-G13／R-G14 二檔撞號（2026-08-30 實測）**
docs/fw036/RULINGS_LEDGER.md	1117	R-G13	LEDGER	SELF_FILE	> **待 Pei 裁：R-G12／R-G13／R-G14 二檔撞號（2026-08-30 實測）**
docs/fw036/RULINGS_LEDGER.md	1117	R-G14	LEDGER	SELF_FILE	> **待 Pei 裁：R-G12／R-G13／R-G14 二檔撞號（2026-08-30 實測）**
docs/fw036/RULINGS_LEDGER.md	1121	R-G12	LEDGER	SELF_FILE	> | R-G12 | `git commit` 一律帶 pathspec | 參考素材庫之位置與 manifest |
docs/fw036/RULINGS_LEDGER.md	1122	R-G13	LEDGER	SELF_FILE	> | R-G13 | 裁決引用制（`R-XX@<sha8>`）| 查無之成立要件 |
docs/fw036/RULINGS_LEDGER.md	1123	R-G14	LEDGER	SELF_FILE	> | R-G14 | 綠色通道（一批一上繳之例外）| 查無台帳 |
docs/fw036/RULINGS_LEDGER.md	1125	R-G13	LEDGER	SELF_FILE	> 二組皆註「Pei 2026-08-24、全域」。後果：凡引用「R-G13」者皆歧義，
docs/fw036/RULINGS_LEDGER.md	1126	R-G13	LEDGER	SELF_FILE	> 而 R-G13／R-G14 是全案引用最頻之二條。
docs/fw036/RULINGS_LEDGER.md	1126	R-G14	LEDGER	SELF_FILE	> 而 R-G13／R-G14 是全案引用最頻之二條。
docs/fw036/RULINGS_LEDGER.md	1185	R-G22	LEDGER	SELF_FILE	> 依 R-G22 其 sha 必變，須 Pei 另一字）；
docs/fw036/RULINGS_LEDGER.md	1256	R-G25	LEDGER	SELF_FILE	sandbox 名之檔不進 delivered/。每一檔須有 MANIFEST.tsv 一列（R-G25）。
docs/fw036/RULINGS_LEDGER.md	1267	R-G17	LEDGER	SELF_FILE	以上一至七由 lint_docs036 新閘 DELIVERY-SPEC 守之，登 GATES.tsv（R-G17）；
docs/fw036/RULINGS_LEDGER.md	1269	R-G25	LEDGER	SELF_FILE	廢用，新檔不得再落此處（R-G25 之 output/ 讀為含此處）。
docs/fw036/SHA_MIGRATION.tsv	1	R-G22	FO	CONTEXT_KW	# R-G22′ 遷移對照（下放包 57 T69a；下放包 58 T70a 後重生）。
docs/fw036/SHA_MIGRATION.tsv	3	R-G18	AMBIGUOUS	NO_KW	# 歷史包依 R-G18 之精神不追改，故其所引之 sha8 一律為舊式（含成因段）。
docs/fw036/SHA_MIGRATION.tsv	6	R-G13	FO	CONTEXT_KW	# ⚠ `R-G13` 自身之 `body_sha` 亦因本次改制而變（`e67a4fc3` → `854f1050`）——
docs/fw036/SHA_MIGRATION.tsv	20	R-G12	AMBIGUOUS	NO_KW	"R-G12	eabe2726	eabe2726	Y	section	docs/fw036/FEATURE_ONBOARDING.md"
docs/fw036/SHA_MIGRATION.tsv	21	R-G13	AMBIGUOUS	NO_KW	"R-G13	abdc56e3	854f1050	N	fenced	docs/fw036/FEATURE_ONBOARDING.md"
docs/fw036/SHA_MIGRATION.tsv	22	R-G14	AMBIGUOUS	NO_KW	"R-G14	fb508d10	fe92f06c	N	fenced	docs/fw036/FEATURE_ONBOARDING.md"
docs/fw036/SHA_MIGRATION.tsv	23	R-G15	AMBIGUOUS	NO_KW	"R-G15	2aa0c28f	a6d2d055	N	fenced	docs/fw036/FEATURE_ONBOARDING.md"
docs/fw036/SHA_MIGRATION.tsv	24	R-G16	AMBIGUOUS	NO_KW	"R-G16	2ec55d94	7918a7a2	N	fenced	docs/fw036/FEATURE_ONBOARDING.md"
docs/fw036/SHA_MIGRATION.tsv	25	R-G17	AMBIGUOUS	NO_KW	"R-G17	24cdeec6	fc029a89	N	fenced	docs/fw036/FEATURE_ONBOARDING.md"
docs/fw036/SHA_MIGRATION.tsv	26	R-G18	AMBIGUOUS	NO_KW	"R-G18	8f61f9fd	5fe1d67b	N	fenced	docs/fw036/FEATURE_ONBOARDING.md"
docs/fw036/SHA_MIGRATION.tsv	27	R-G19	AMBIGUOUS	NO_KW	"R-G19	bd206972	d1054896	N	fenced	docs/fw036/FEATURE_ONBOARDING.md"
docs/fw036/SHA_MIGRATION.tsv	28	R-G20	AMBIGUOUS	NO_KW	"R-G20	3d0cd37b	8b841b5a	N	fenced	docs/fw036/FEATURE_ONBOARDING.md"
docs/fw036/SHA_MIGRATION.tsv	29	R-G21	AMBIGUOUS	NO_KW	"R-G21	1230e795	b5ab30d6	N	fenced	docs/fw036/FEATURE_ONBOARDING.md"
docs/fw036/SHA_MIGRATION.tsv	30	R-G22	AMBIGUOUS	NO_KW	"R-G22	bca29f8f	3253a3d6	N	fenced	docs/fw036/FEATURE_ONBOARDING.md"
docs/fw036/SHA_MIGRATION.tsv	31	R-G23	AMBIGUOUS	NO_KW	"R-G23	67bae889	84988030	N	fenced	docs/fw036/FEATURE_ONBOARDING.md"
docs/fw036/SHA_MIGRATION.tsv	32	R-G23	AMBIGUOUS	NO_KW	"R-G23′	990b1c2e	85dcb7aa	N	fenced	docs/fw036/FEATURE_ONBOARDING.md"
docs/fw036/SHA_MIGRATION.tsv	33	R-G24	AMBIGUOUS	NO_KW	"R-G24	bd9a8cc0	20383c2f	N	fenced	docs/fw036/FEATURE_ONBOARDING.md"
docs/fw036/SHA_MIGRATION.tsv	34	R-G25	AMBIGUOUS	NO_KW	"R-G25	50be5127	22923d2e	N	fenced	docs/fw036/FEATURE_ONBOARDING.md"
docs/fw036/SHA_MIGRATION.tsv	35	R-G26	AMBIGUOUS	NO_KW	"R-G26	ce4fdff2	12d1ab96	N	fenced	docs/fw036/FEATURE_ONBOARDING.md"
docs/fw036/SHA_MIGRATION.tsv	36	R-G27	AMBIGUOUS	NO_KW	"R-G27	2bd39a12	8e2be146	N	fenced	docs/fw036/FEATURE_ONBOARDING.md"
docs/fw036/SHA_MIGRATION.tsv	37	R-G28	AMBIGUOUS	NO_KW	"R-G28	0336d5bc	0722d230	N	fenced	docs/fw036/FEATURE_ONBOARDING.md"
docs/fw036/handoff/22_process_improvement.md	45	R-G13	FO	CONTEXT_KW	C-1（§8.1，被 R-G13 取代之部分）：
docs/fw036/handoff/22_process_improvement.md	48	R-G14	FO	CONTEXT_KW	C-2（§8.8，被 R-G14 加註）：
docs/fw036/handoff/22_process_improvement.md	51	R-G15	FO	CONTEXT_KW	C-3（§1.2 現行無數字化退出準則；R-G15 為新增，不取代既有文字）
docs/fw036/handoff/22_process_improvement.md	53	R-G17	FO	CONTEXT_KW	C-4（G-A，併入 R-G17 管理）：
docs/fw036/handoff/22_process_improvement.md	58	R-G13	AMBIGUOUS	NO_KW	> 編號自 R-G13 起。canon 現行最末為 R-G12（兩個 §9 皆同）；
docs/fw036/handoff/22_process_improvement.md	58	R-G12	AMBIGUOUS	NO_KW	> 編號自 R-G13 起。canon 現行最末為 R-G12（兩個 §9 皆同）；
docs/fw036/handoff/22_process_improvement.md	59	R-G13	AMBIGUOUS	NO_KW	> W-P1 執行時須先驗 RULINGS_LEDGER 與全 repo 無 R-G13+ 既用，
docs/fw036/handoff/22_process_improvement.md	62	R-G13	FO	CONTEXT_KW	### R-G13 — 裁決引用制（取代 §8.1「裁決逐字照錄」）
docs/fw036/handoff/22_process_improvement.md	65	R-G13	AMBIGUOUS	NO_KW	R-G13：裁決條文集中於各 feature 之 RULINGS.md 與 canon §9，每條具穩定
docs/fw036/handoff/22_process_improvement.md	74	R-G14	FO	CONTEXT_KW	### R-G14 — 綠色通道（§8.8 之例外）
docs/fw036/handoff/22_process_improvement.md	77	R-G14	AMBIGUOUS	NO_KW	R-G14：post-pilot Phase 6 批次，連續 3 批同時滿足
docs/fw036/handoff/22_process_improvement.md	82	R-G14	FO	CONTEXT_KW	重新累計。§8.8「一批一上繳」加註「除 R-G14 生效期間」。
docs/fw036/handoff/22_process_improvement.md	85	R-G15	FO	CONTEXT_KW	### R-G15 — Pilot 退出準則（新增於 canon §1.2）
docs/fw036/handoff/22_process_improvement.md	88	R-G15	FO	CONTEXT_KW	R-G15：pilot 判定以 done-region check 後之分類計：
docs/fw036/handoff/22_process_improvement.md	98	R-G16	FO	CONTEXT_KW	### R-G16 — 預期數字自動生成
docs/fw036/handoff/22_process_improvement.md	101	R-G16	FO	CONTEXT_KW	R-G16：下放包之預期數字表由 `scripts/expected_numbers.py` 自
docs/fw036/handoff/22_process_improvement.md	107	R-G17	FO	CONTEXT_KW	### R-G17 — 閘登錄簿與除役
docs/fw036/handoff/22_process_improvement.md	110	R-G17	FO	CONTEXT_KW	R-G17：`docs/runtime/GATES.tsv` 登錄每支 lint 閘：id、判準一句話、
docs/fw036/handoff/22_process_improvement.md	115	R-G17	FO	CONTEXT_KW	[SUPERSEDED by R-G17 — 管理機制部分]。
docs/fw036/handoff/22_process_improvement.md	118	R-G18	FO	CONTEXT_KW	### R-G18 — canon 引用唯一可解析
docs/fw036/handoff/22_process_improvement.md	121	R-G18	FO	CONTEXT_KW	R-G18：canon 之章節引用（「canon §X」「§5a 第 N 條」「R-Gn」）須全域
docs/fw036/handoff/22_process_improvement.md	127	R-G19	FO	CONTEXT_KW	### R-G19 — prompt 指紋（TC 規則抗漂移之一）
docs/fw036/handoff/22_process_improvement.md	130	R-G19	AMBIGUOUS	NO_KW	R-G19：每批之批次 manifest 記錄本批實際使用之 prompt 模板 sha256 與
docs/fw036/handoff/22_process_improvement.md	135	R-G20	FO	CONTEXT_KW	### R-G20 — 規則副本同步指紋（TC 規則抗漂移之二）
docs/fw036/handoff/22_process_improvement.md	138	R-G20	AMBIGUOUS	NO_KW	R-G20：每次 pilot review 與 feature close-out，執行層回報
docs/fw036/handoff/22_process_improvement.md	144	R-G21	FO	CONTEXT_KW	### R-G21 — 自查表機檢對映（TC 規則抗漂移之三）
docs/fw036/handoff/22_process_improvement.md	147	R-G21	FO	CONTEXT_KW	R-G21：§9 自查表逐項標註其保證來源：有對應 lint 閘者記閘 id
docs/fw036/handoff/22_process_improvement.md	159	R-G13	AMBIGUOUS	NO_KW	1. 驗證 R-G13~R-G21 編號無碰撞（掃全 repo `R-G1[3-9]|R-G2[01]`，
docs/fw036/handoff/22_process_improvement.md	159	R-G21	AMBIGUOUS	NO_KW	1. 驗證 R-G13~R-G21 編號無碰撞（掃全 repo `R-G1[3-9]|R-G2[01]`，
docs/fw036/handoff/22_process_improvement.md	164	R-G13	AMBIGUOUS	NO_KW	3. 追認後之 R-G13~R-G21 併入 canon §9
docs/fw036/handoff/22_process_improvement.md	164	R-G21	AMBIGUOUS	NO_KW	3. 追認後之 R-G13~R-G21 併入 canon §9
docs/fw036/handoff/22_process_improvement.md	170	R-G12	FO	CONTEXT_KW	7. Pei 過目 diff → Pei commit（pathspec 明列，R-G12）
docs/fw036/handoff/22_process_improvement.md	213	R-G13	FO	CONTEXT_KW	- [x] R-G13 裁決引用制 — 區塊已列
docs/fw036/handoff/22_process_improvement.md	214	R-G14	FO	CONTEXT_KW	- [x] R-G14 綠色通道 — 區塊已列
docs/fw036/handoff/22_process_improvement.md	215	R-G15	FO	CONTEXT_KW	- [x] R-G15 pilot 退出準則 — 區塊已列
docs/fw036/handoff/22_process_improvement.md	216	R-G16	FO	CONTEXT_KW	- [x] R-G16 預期數字自動生成 — 區塊已列
docs/fw036/handoff/22_process_improvement.md	217	R-G17	FO	CONTEXT_KW	- [x] R-G17 閘登錄簿與除役 — 區塊已列
docs/fw036/handoff/22_process_improvement.md	218	R-G18	FO	CONTEXT_KW	- [x] R-G18 canon 引用唯一可解析 — 區塊已列
docs/fw036/handoff/22_process_improvement.md	219	R-G19	FO	CONTEXT_KW	- [x] R-G19 prompt 指紋 — 區塊已列
docs/fw036/handoff/22_process_improvement.md	220	R-G20	FO	CONTEXT_KW	- [x] R-G20 規則副本同步指紋 — 區塊已列
docs/fw036/handoff/22_process_improvement.md	221	R-G21	FO	CONTEXT_KW	- [x] R-G21 自查表機檢對映 — 區塊已列
docs/fw036/handoff/22_process_improvement.md	224	R-G12	AMBIGUOUS	NO_KW	G-A、G-D、G-E、G-K、R-G2、R-G5、R-G12、通則 11、A-PJ51。
docs/fw036/handoff/23_process_improvement.md	11	R-G13	AMBIGUOUS	NO_KW	(1) P1–P7 方向與 §D 條文 R-G13~R-G21 視為追認；
docs/fw036/handoff/23_process_improvement.md	11	R-G21	AMBIGUOUS	NO_KW	(1) P1–P7 方向與 §D 條文 R-G13~R-G21 視為追認；
docs/fw036/handoff/23_process_improvement.md	16	R-G13	FO	CONTEXT_KW	- 往返太多 → R-G13（引用制砍抄寫）、R-G14（綠色通道）、R-G16（預期數字自動化）
docs/fw036/handoff/23_process_improvement.md	16	R-G14	FO	CONTEXT_KW	- 往返太多 → R-G13（引用制砍抄寫）、R-G14（綠色通道）、R-G16（預期數字自動化）
docs/fw036/handoff/23_process_improvement.md	16	R-G16	FO	CONTEXT_KW	- 往返太多 → R-G13（引用制砍抄寫）、R-G14（綠色通道）、R-G16（預期數字自動化）
docs/fw036/handoff/23_process_improvement.md	17	R-G17	FO	CONTEXT_KW	- 規則不遵守 → R-G17（閘登錄與除役）、R-G18（引用唯一可解析）、
docs/fw036/handoff/23_process_improvement.md	17	R-G18	FO	CONTEXT_KW	- 規則不遵守 → R-G17（閘登錄與除役）、R-G18（引用唯一可解析）、
docs/fw036/handoff/23_process_improvement.md	18	R-G19	FO	CONTEXT_KW	R-G19（prompt 指紋）、R-G20（規則副本同步）、R-G21（自查表機檢對映）
docs/fw036/handoff/23_process_improvement.md	18	R-G20	FO	CONTEXT_KW	R-G19（prompt 指紋）、R-G20（規則副本同步）、R-G21（自查表機檢對映）
docs/fw036/handoff/23_process_improvement.md	18	R-G21	FO	CONTEXT_KW	R-G19（prompt 指紋）、R-G20（規則副本同步）、R-G21（自查表機檢對映）
docs/fw036/handoff/23_process_improvement.md	53	R-G20	AMBIGUOUS	NO_KW	其所載 sha `fa9833ae64c9092f` 為改寫前之值 — 此即 R-G20 要攔之形態，
docs/fw036/handoff/23_process_improvement.md	58	R-G13	FO	CONTEXT_KW	C-1（§8.1，被 R-G13 取代之部分）：
docs/fw036/handoff/23_process_improvement.md	61	R-G14	FO	CONTEXT_KW	C-2（§8.8，被 R-G14 加註）：
docs/fw036/handoff/23_process_improvement.md	64	R-G15	FO	CONTEXT_KW	C-3（§1.2 現行無數字化退出準則；R-G15 為新增，不取代既有文字）
docs/fw036/handoff/23_process_improvement.md	66	R-G17	FO	CONTEXT_KW	C-4（G-A，併入 R-G17 管理）：
docs/fw036/handoff/23_process_improvement.md	71	R-G13	AMBIGUOUS	NO_KW	> 編號自 R-G13 起。canon 現行最末為 R-G12（兩個 §9 皆同）；
docs/fw036/handoff/23_process_improvement.md	71	R-G12	AMBIGUOUS	NO_KW	> 編號自 R-G13 起。canon 現行最末為 R-G12（兩個 §9 皆同）；
docs/fw036/handoff/23_process_improvement.md	72	R-G13	AMBIGUOUS	NO_KW	> W-P1 執行時須先驗 RULINGS_LEDGER 與全 repo 無 R-G13+ 既用，
docs/fw036/handoff/23_process_improvement.md	75	R-G13	FO	CONTEXT_KW	### R-G13 — 裁決引用制（取代 §8.1「裁決逐字照錄」）
docs/fw036/handoff/23_process_improvement.md	78	R-G13	AMBIGUOUS	NO_KW	R-G13：裁決條文集中於各 feature 之 RULINGS.md 與 canon §9，每條具穩定
docs/fw036/handoff/23_process_improvement.md	87	R-G14	FO	CONTEXT_KW	### R-G14 — 綠色通道（§8.8 之例外）
docs/fw036/handoff/23_process_improvement.md	90	R-G14	AMBIGUOUS	NO_KW	R-G14：post-pilot Phase 6 批次，連續 3 批同時滿足
docs/fw036/handoff/23_process_improvement.md	95	R-G14	FO	CONTEXT_KW	重新累計。§8.8「一批一上繳」加註「除 R-G14 生效期間」。
docs/fw036/handoff/23_process_improvement.md	98	R-G15	FO	CONTEXT_KW	### R-G15 — Pilot 退出準則（新增於 canon §1.2）
docs/fw036/handoff/23_process_improvement.md	101	R-G15	FO	CONTEXT_KW	R-G15：pilot 判定以 done-region check 後之分類計：
docs/fw036/handoff/23_process_improvement.md	111	R-G16	FO	CONTEXT_KW	### R-G16 — 預期數字自動生成
docs/fw036/handoff/23_process_improvement.md	114	R-G16	FO	CONTEXT_KW	R-G16：下放包之預期數字表由 `scripts/expected_numbers.py` 自
docs/fw036/handoff/23_process_improvement.md	120	R-G17	FO	CONTEXT_KW	### R-G17 — 閘登錄簿與除役
docs/fw036/handoff/23_process_improvement.md	123	R-G17	FO	CONTEXT_KW	R-G17：`docs/runtime/GATES.tsv` 登錄每支 lint 閘：id、判準一句話、
docs/fw036/handoff/23_process_improvement.md	128	R-G17	FO	CONTEXT_KW	[SUPERSEDED by R-G17 — 管理機制部分]。
docs/fw036/handoff/23_process_improvement.md	131	R-G18	FO	CONTEXT_KW	### R-G18 — canon 引用唯一可解析
docs/fw036/handoff/23_process_improvement.md	134	R-G18	FO	CONTEXT_KW	R-G18：canon 之章節引用（「canon §X」「§5a 第 N 條」「R-Gn」）須全域
docs/fw036/handoff/23_process_improvement.md	140	R-G19	FO	CONTEXT_KW	### R-G19 — prompt 指紋（TC 規則抗漂移之一）
docs/fw036/handoff/23_process_improvement.md	143	R-G19	AMBIGUOUS	NO_KW	R-G19：每批之批次 manifest 記錄本批實際使用之 prompt 模板 sha256 與
docs/fw036/handoff/23_process_improvement.md	148	R-G20	FO	CONTEXT_KW	### R-G20 — 規則副本同步指紋（TC 規則抗漂移之二）
docs/fw036/handoff/23_process_improvement.md	151	R-G20	AMBIGUOUS	NO_KW	R-G20：每次 pilot review 與 feature close-out，執行層回報
docs/fw036/handoff/23_process_improvement.md	157	R-G21	FO	CONTEXT_KW	### R-G21 — 自查表機檢對映（TC 規則抗漂移之三）
docs/fw036/handoff/23_process_improvement.md	160	R-G21	FO	CONTEXT_KW	R-G21：§9 自查表逐項標註其保證來源：有對應 lint 閘者記閘 id
docs/fw036/handoff/23_process_improvement.md	172	R-G13	AMBIGUOUS	NO_KW	1. 驗證 R-G13~R-G21 編號無碰撞（掃全 repo `R-G1[3-9]|R-G2[01]`，
docs/fw036/handoff/23_process_improvement.md	172	R-G21	AMBIGUOUS	NO_KW	1. 驗證 R-G13~R-G21 編號無碰撞（掃全 repo `R-G1[3-9]|R-G2[01]`，
docs/fw036/handoff/23_process_improvement.md	177	R-G13	AMBIGUOUS	NO_KW	3. R-G13~R-G21 併入 canon §9
docs/fw036/handoff/23_process_improvement.md	177	R-G21	AMBIGUOUS	NO_KW	3. R-G13~R-G21 併入 canon §9
docs/fw036/handoff/23_process_improvement.md	183	R-G12	FO	CONTEXT_KW	7. Pei 過目 diff → Pei commit（pathspec 明列，R-G12）
docs/fw036/handoff/23_process_improvement.md	232	R-G13	FO	CONTEXT_KW	- [x] R-G13 裁決引用制 — 區塊已列
docs/fw036/handoff/23_process_improvement.md	233	R-G14	FO	CONTEXT_KW	- [x] R-G14 綠色通道 — 區塊已列
docs/fw036/handoff/23_process_improvement.md	234	R-G15	FO	CONTEXT_KW	- [x] R-G15 pilot 退出準則 — 區塊已列
docs/fw036/handoff/23_process_improvement.md	235	R-G16	FO	CONTEXT_KW	- [x] R-G16 預期數字自動生成 — 區塊已列
docs/fw036/handoff/23_process_improvement.md	236	R-G17	FO	CONTEXT_KW	- [x] R-G17 閘登錄簿與除役 — 區塊已列
docs/fw036/handoff/23_process_improvement.md	237	R-G18	FO	CONTEXT_KW	- [x] R-G18 canon 引用唯一可解析 — 區塊已列
docs/fw036/handoff/23_process_improvement.md	238	R-G19	FO	CONTEXT_KW	- [x] R-G19 prompt 指紋 — 區塊已列
docs/fw036/handoff/23_process_improvement.md	239	R-G20	FO	CONTEXT_KW	- [x] R-G20 規則副本同步指紋 — 區塊已列
docs/fw036/handoff/23_process_improvement.md	240	R-G21	FO	CONTEXT_KW	- [x] R-G21 自查表機檢對映 — 區塊已列
docs/fw036/handoff/23_process_improvement.md	243	R-G12	AMBIGUOUS	NO_KW	G-A、G-D、G-E、G-K、G-N、R-G2、R-G5、R-G12、S3、通則 11、A-PJ51、
docs/fw036/handoff/23_process_improvement.md	252	R-G20	AMBIGUOUS	NO_KW	2. **Project 指令副本 re-sync**（R-G20 首例）：W-P1 canon 整併 commit 後，
docs/fw036/handoff/23_process_improvement.md	255	R-G14	FO	CONTEXT_KW	3. **R-G14 綠色通道生效起點**：建議 vehicle_setting 產線批次
docs/fw036/handoff/23b_wp2_supplement.md	6	R-G23	AMBIGUOUS	NO_KW	> 依 R-G23（26 包 §C [DEFAULT]）：同輪重複下放者，另一份標 [SUPERSEDED] 不刪。
docs/fw036/handoff/23b_wp2_supplement.md	14	R-G13	AMBIGUOUS	NO_KW	23 包與 24 包之兩項 [DEFAULT]（R-G13 回報格式、sha 變動處置）一併追認轉正式。
docs/fw036/handoff/23b_wp2_supplement.md	16	R-G13	AMBIGUOUS	NO_KW	**本包引用之裁決（R-G13@abdc56e3 格式）**：
docs/fw036/handoff/23b_wp2_supplement.md	17	R-G12	AMBIGUOUS	NO_KW	R-G5@9814d24c、R-G12@eabe2726、R-G13@abdc56e3、R-G14@fb508d10、
docs/fw036/handoff/23b_wp2_supplement.md	17	R-G13	AMBIGUOUS	NO_KW	R-G5@9814d24c、R-G12@eabe2726、R-G13@abdc56e3、R-G14@fb508d10、
docs/fw036/handoff/23b_wp2_supplement.md	17	R-G14	AMBIGUOUS	NO_KW	R-G5@9814d24c、R-G12@eabe2726、R-G13@abdc56e3、R-G14@fb508d10、
docs/fw036/handoff/23b_wp2_supplement.md	18	R-G18	AMBIGUOUS	NO_KW	R-G18@8f61f9fd、R-G20@3d0cd37b、R-VF45@bea4bbb8（加註後之值）
docs/fw036/handoff/23b_wp2_supplement.md	18	R-G20	AMBIGUOUS	NO_KW	R-G18@8f61f9fd、R-G20@3d0cd37b、R-VF45@bea4bbb8（加註後之值）
docs/fw036/handoff/23b_wp2_supplement.md	25	R-G18	FO	CONTEXT_KW	- 歷史 handoff / upstream 不追改（R-G18@8f61f9fd）
docs/fw036/handoff/23b_wp2_supplement.md	39	R-G13	AMBIGUOUS	NO_KW	### 裁定 6 — R-G13 條文內之裸 `canon §9` 維持現狀
docs/fw036/handoff/23b_wp2_supplement.md	42	R-G13	AMBIGUOUS	NO_KW	R-G13 條文本體不改；24 包 §七-2 之加註與 waiver 1 列
docs/fw036/handoff/23b_wp2_supplement.md	46	R-G22	FO	CONTEXT_KW	### 裁定 7 — R-G22（sha 變動之處置；24 包 [DEFAULT] 轉正式）
docs/fw036/handoff/23b_wp2_supplement.md	49	R-G22	FO	CONTEXT_KW	R-G22：條文之任何字元變動（含加註、沿革、SUPERSEDED 標記）皆變更其
docs/fw036/handoff/23b_wp2_supplement.md	51	R-G13	AMBIGUOUS	NO_KW	停下回報（R-G13）；分析層核對變動性質後換發新 sha 引用；屬實質修訂者
docs/fw036/handoff/23b_wp2_supplement.md	55	R-G14	AMBIGUOUS	NO_KW	### 裁定 8 — R-G14 之生效起點（vehicle_setting）
docs/fw036/handoff/23b_wp2_supplement.md	58	R-G14	AMBIGUOUS	NO_KW	R-G14 生效起點：vehicle_setting 量產自本裁定後之首個批次起算，
docs/fw036/handoff/23b_wp2_supplement.md	59	R-G14	AMBIGUOUS	NO_KW	連續 3 批滿足 R-G14@fb508d10 四條件即自第 4 批進通道；四條件、
docs/fw036/handoff/23b_wp2_supplement.md	71	R-G22	FO	CONTEXT_KW	（R-G22 之首次適用）
docs/fw036/handoff/23b_wp2_supplement.md	77	R-G22	FO	CONTEXT_KW	7. **R-G22 與裁定 8 併入 canon §9.2**（隨本包 diff；R-G 最大號 21 → 22，
docs/fw036/handoff/23b_wp2_supplement.md	78	R-G14	AMBIGUOUS	NO_KW	裁定 8 作為 R-G14 錨點段內之「生效起點」小節 —— 依 R-G22，
docs/fw036/handoff/23b_wp2_supplement.md	78	R-G22	FO	CONTEXT_KW	裁定 8 作為 R-G14 錨點段內之「生效起點」小節 —— 依 R-G22，
docs/fw036/handoff/23b_wp2_supplement.md	79	R-G14	AMBIGUOUS	NO_KW	R-G14 之 sha 將變，新 sha 入上繳回報）
docs/fw036/handoff/23b_wp2_supplement.md	90	R-G14	AMBIGUOUS	NO_KW	| 6 | R-G14 之 sha8 | `fb508d10` → **變**（實測回報，R-G22 首例）|
docs/fw036/handoff/23b_wp2_supplement.md	90	R-G22	FO	CONTEXT_KW	| 6 | R-G14 之 sha8 | `fb508d10` → **變**（實測回報，R-G22 首例）|
docs/fw036/handoff/23b_wp2_supplement.md	102	R-G13	FO	CONTEXT_KW	R-G13 引用回報表（本包已附 sha8，首次可比對「不符」）。
docs/fw036/handoff/24_wp1_continuation.md	43	R-G18	FO	CONTEXT_KW	### 裁定 2 — R-G18 以修訂版併入 canon（本包 §D-1 有一處措辭修正）
docs/fw036/handoff/24_wp1_continuation.md	46	R-G18	FO	CONTEXT_KW	R-G18：canon 節號引用一律帶文件前綴（`FO §X` / `IN §X`）；此為書寫
docs/fw036/handoff/24_wp1_continuation.md	69	R-G13	AMBIGUOUS	NO_KW	### [DEFAULT] R-G13 之上繳回報格式（S5，分析層先裁，Pei 事後追認）
docs/fw036/handoff/24_wp1_continuation.md	72	R-G13	FO	CONTEXT_KW	R-G13 之上繳回報：逐條表列 `ruling_id | 下放引用 sha8 | 實讀 sha8 | 判`，
docs/fw036/handoff/24_wp1_continuation.md	73	R-G13	FO	CONTEXT_KW	相符者亦列（FO §8.2 精神）。不符者依 R-G13 停下回報。
docs/fw036/handoff/24_wp1_continuation.md	85	R-G13	AMBIGUOUS	NO_KW	3. R-G13~R-G21 併入 canon §9（R-G18 採 §C 版全文）；§8.1／§8.8／§1.2
docs/fw036/handoff/24_wp1_continuation.md	85	R-G21	AMBIGUOUS	NO_KW	3. R-G13~R-G21 併入 canon §9（R-G18 採 §C 版全文）；§8.1／§8.8／§1.2
docs/fw036/handoff/24_wp1_continuation.md	85	R-G18	FO	CONTEXT_KW	3. R-G13~R-G21 併入 canon §9（R-G18 採 §C 版全文）；§8.1／§8.8／§1.2
docs/fw036/handoff/24_wp1_continuation.md	87	R-G18	FO	CONTEXT_KW	4. **FO 全文引用加前綴**（R-G18 書寫規則首個適用對象）：FO 內部之
docs/fw036/handoff/24_wp1_continuation.md	109	R-G13	AMBIGUOUS	NO_KW	| 3 | ruling 型 unresolved 之 `R-G13`~`R-G21` 類 | 125 → **0**（23a §四-1 之驗收數）|
docs/fw036/handoff/24_wp1_continuation.md	109	R-G21	AMBIGUOUS	NO_KW	| 3 | ruling 型 unresolved 之 `R-G13`~`R-G21` 類 | 125 → **0**（23a §四-1 之驗收數）|
docs/fw036/handoff/24_wp1_continuation.md	129	R-G13	FO	CONTEXT_KW	23 包 §G 全項，另加：R-G13 回報格式首次適用（本包引用之裁決以
docs/fw036/handoff/24_wp1_continuation.md	137	R-G18	AMBIGUOUS	NO_KW	- [x] 裁定 2（R-G18 修訂版）— 區塊已列
docs/fw036/handoff/24_wp1_continuation.md	140	R-G13	AMBIGUOUS	NO_KW	- [x] [DEFAULT] R-G13 回報格式 — 區塊已列，待 Pei 追認
docs/fw036/handoff/24_wp1_continuation.md	142	R-G12	AMBIGUOUS	NO_KW	本包引用之既有條文：R-G5、R-G9、R-G12、R-G13~R-G21（23 包 §D，pre-merge）、
docs/fw036/handoff/24_wp1_continuation.md	142	R-G13	AMBIGUOUS	NO_KW	本包引用之既有條文：R-G5、R-G9、R-G12、R-G13~R-G21（23 包 §D，pre-merge）、
docs/fw036/handoff/24_wp1_continuation.md	142	R-G21	AMBIGUOUS	NO_KW	本包引用之既有條文：R-G5、R-G9、R-G12、R-G13~R-G21（23 包 §D，pre-merge）、
docs/fw036/handoff/25_wp2.md	18	R-G18	AMBIGUOUS	NO_KW	- 歷史 handoff / upstream 檔不改寫（R-G18@`8f61f9fd`）
docs/fw036/handoff/25_wp2.md	37	R-G18	AMBIGUOUS	NO_KW	其餘 active-backlog 留存，依 R-G18 只減不增。
docs/fw036/handoff/25_wp2.md	40	R-G13	AMBIGUOUS	NO_KW	### 裁定 B — R-G13 條文內之 `canon §9`
docs/fw036/handoff/25_wp2.md	43	R-G13	AMBIGUOUS	NO_KW	R-G13 條文本體不改寫；24 包 §七-2 之加註 + waiver 列
docs/fw036/handoff/25_wp2.md	47	R-G22	AMBIGUOUS	NO_KW	### 裁定 C — R-G22（新全域條文，併入 FO §9.2；原分析層 [DEFAULT]）
docs/fw036/handoff/25_wp2.md	50	R-G22	FO	CONTEXT_KW	R-G22：條文之任何字元變動（含加註、沿革、SUPERSEDED 標記）皆改變其
docs/fw036/handoff/25_wp2.md	52	R-G13	FO	CONTEXT_KW	執行層停下回報（R-G13），分析層核對變動性質後於下一包換發新 sha8 引用；
docs/fw036/handoff/25_wp2.md	56	R-G14	AMBIGUOUS	NO_KW	### 裁定 D — R-G14 生效起點（feature-scoped，落 vehicle_setting）
docs/fw036/handoff/25_wp2.md	59	R-G14	FO	CONTEXT_KW	R-VS{next}：R-G14 綠色通道於 vehicle_setting 量產線生效，自本裁定後之
docs/fw036/handoff/25_wp2.md	80	R-G22	FO	CONTEXT_KW	1. **裁定落地**：R-G22 併入 FO §9.2（含 §9.2 導覽表加列）；裁定 D 落
docs/fw036/handoff/25_wp2.md	82	R-G22	FO	CONTEXT_KW	`rulings_hash.py` 重產 tsv（R-G22 與 R-VS{next} 首產 sha）
docs/fw036/handoff/25_wp2.md	104	R-G22	AMBIGUOUS	NO_KW	| 4 | `rulings_hash.py --check` | exit 0；錨點數 186 → **188**（+R-G22、+R-VS{next}）|
docs/fw036/handoff/25_wp2.md	121	R-G13	FO	CONTEXT_KW	23 包 §G 全項 + R-G13 引用表（本包既有引用之 sha8：R-G5@`9814d24c`、
docs/fw036/handoff/25_wp2.md	122	R-G13	FO	CONTEXT_KW	R-G13@`abdc56e3`、R-G14@`fb508d10`、R-G16@`2ec55d94`、R-G17@`24cdeec6`、
docs/fw036/handoff/25_wp2.md	122	R-G14	AMBIGUOUS	NO_KW	R-G13@`abdc56e3`、R-G14@`fb508d10`、R-G16@`2ec55d94`、R-G17@`24cdeec6`、
docs/fw036/handoff/25_wp2.md	122	R-G16	AMBIGUOUS	NO_KW	R-G13@`abdc56e3`、R-G14@`fb508d10`、R-G16@`2ec55d94`、R-G17@`24cdeec6`、
docs/fw036/handoff/25_wp2.md	122	R-G17	AMBIGUOUS	NO_KW	R-G13@`abdc56e3`、R-G14@`fb508d10`、R-G16@`2ec55d94`、R-G17@`24cdeec6`、
docs/fw036/handoff/25_wp2.md	123	R-G18	AMBIGUOUS	NO_KW	R-G18@`8f61f9fd`；實讀不符即停，R-G22 生效後依其處置）+ 38 處逐處
docs/fw036/handoff/25_wp2.md	123	R-G22	FO	CONTEXT_KW	R-G18@`8f61f9fd`；實讀不符即停，R-G22 生效後依其處置）+ 38 處逐處
docs/fw036/handoff/25_wp2.md	130	R-G22	AMBIGUOUS	NO_KW	- [x] 裁定 C／R-G22 — 區塊已列
docs/fw036/handoff/25_wp2.md	134	R-G13	FO	CONTEXT_KW	本包引用之既有條文：R-G5、R-G13、R-G14、R-G16、R-G17、R-G18（sha8 見 §G）、
docs/fw036/handoff/25_wp2.md	134	R-G14	AMBIGUOUS	NO_KW	本包引用之既有條文：R-G5、R-G13、R-G14、R-G16、R-G17、R-G18（sha8 見 §G）、
docs/fw036/handoff/25_wp2.md	134	R-G16	AMBIGUOUS	NO_KW	本包引用之既有條文：R-G5、R-G13、R-G14、R-G16、R-G17、R-G18（sha8 見 §G）、
docs/fw036/handoff/25_wp2.md	134	R-G17	AMBIGUOUS	NO_KW	本包引用之既有條文：R-G5、R-G13、R-G14、R-G16、R-G17、R-G18（sha8 見 §G）、
docs/fw036/handoff/25_wp2.md	134	R-G18	FO	CONTEXT_KW	本包引用之既有條文：R-G5、R-G13、R-G14、R-G16、R-G17、R-G18（sha8 見 §G）、
docs/fw036/handoff/25_wp2.md	135	R-G12	AMBIGUOUS	NO_KW	R-G9、R-G12、G-D、G-N、A-VS02、FO §5a-12、23 包 §E／§G、24 上繳
docs/fw036/handoff/26_wp3.md	5	R-G23	AMBIGUOUS	NO_KW	> `26_wp3_closeout.md` 15:16），各指定不同上繳檔名，且**同一新條號 `R-G23`
docs/fw036/handoff/26_wp3.md	7	R-G23	AMBIGUOUS	NO_KW	> Pei 裁定以 `26_wp3_closeout.md` 為準。**內文一字未改**；依 R-G23 標記不刪。
docs/fw036/handoff/26_wp3.md	28	R-G18	AMBIGUOUS	NO_KW	- 歷史 handoff / upstream 檔不改寫（R-G18@`8f61f9fd`）；
docs/fw036/handoff/26_wp3.md	46	R-G22	FO	CONTEXT_KW	依 R-G22 換發新 sha）：
docs/fw036/handoff/26_wp3.md	63	R-G23	AMBIGUOUS	NO_KW	### 裁定 2 — R-G23（上繳前必跑閘；併入 FO §9.2）
docs/fw036/handoff/26_wp3.md	66	R-G23	AMBIGUOUS	NO_KW	R-G23：以下四閘為上繳包提交前必跑項，任一 FAIL（exit ≠ 0）則不得上繳，
docs/fw036/handoff/26_wp3.md	69	R-G18	FO	CONTEXT_KW	canon_refs.py --waiver --gate（同前，R-G18）、
docs/fw036/handoff/26_wp3.md	86	R-G23	FO	CONTEXT_KW	1. **裁定落地**：R-G23 併入 FO §9.2（先驗全 repo 無 `R-G23` 既用）；
docs/fw036/handoff/26_wp3.md	86	R-G23	FO	CONTEXT_KW	1. **裁定落地**：R-G23 併入 FO §9.2（先驗全 repo 無 `R-G23` 既用）；
docs/fw036/handoff/26_wp3.md	89	R-G19	AMBIGUOUS	NO_KW	2. **R-G19 落地**：`make_batch_context.py` 輸出 prompt 模板 sha256 與
docs/fw036/handoff/26_wp3.md	92	R-G21	AMBIGUOUS	NO_KW	3. **R-G21 落地**：IN §9 自查 17 項逐項對映 —— 有對應閘者記 gate_id
docs/fw036/handoff/26_wp3.md	112	R-G23	AMBIGUOUS	NO_KW	| 1 | FO `^#### R-G23 ` 錨點數 | 0 → **1**；canon R-G 最大號 22 → **23** |
docs/fw036/handoff/26_wp3.md	113	R-G23	AMBIGUOUS	NO_KW	| 2 | `rulings_hash.py --check` | exit 0；錨點 188 → **189**（+R-G23；R-VF83 sha 變、數不變）|
docs/fw036/handoff/26_wp3.md	124	R-G23	FO	CONTEXT_KW	1. `R-G23`／`A-VF{next}` 取號碰撞
docs/fw036/handoff/26_wp3.md	133	R-G13	FO	CONTEXT_KW	23 包 §G 全項 + R-G13 引用表（既有引用 sha8：R-G5@`9814d24c`、
docs/fw036/handoff/26_wp3.md	134	R-G18	AMBIGUOUS	NO_KW	R-G18@`8f61f9fd`、R-G19@`bd206972`、R-G21@`1230e795`、R-G22@`bca29f8f`、
docs/fw036/handoff/26_wp3.md	134	R-G19	AMBIGUOUS	NO_KW	R-G18@`8f61f9fd`、R-G19@`bd206972`、R-G21@`1230e795`、R-G22@`bca29f8f`、
docs/fw036/handoff/26_wp3.md	134	R-G21	AMBIGUOUS	NO_KW	R-G18@`8f61f9fd`、R-G19@`bd206972`、R-G21@`1230e795`、R-G22@`bca29f8f`、
docs/fw036/handoff/26_wp3.md	134	R-G22	FO	CONTEXT_KW	R-G18@`8f61f9fd`、R-G19@`bd206972`、R-G21@`1230e795`、R-G22@`bca29f8f`、
docs/fw036/handoff/26_wp3.md	143	R-G23	AMBIGUOUS	NO_KW	- [x] 裁定 2（R-G23）— 區塊已列
docs/fw036/handoff/26_wp3.md	146	R-G18	FO	CONTEXT_KW	本包引用之既有條文：R-G5、R-G9、R-G18、R-G19、R-G21、R-G22、R-VS82、
docs/fw036/handoff/26_wp3.md	146	R-G19	AMBIGUOUS	NO_KW	本包引用之既有條文：R-G5、R-G9、R-G18、R-G19、R-G21、R-G22、R-VS82、
docs/fw036/handoff/26_wp3.md	146	R-G21	AMBIGUOUS	NO_KW	本包引用之既有條文：R-G5、R-G9、R-G18、R-G19、R-G21、R-G22、R-VS82、
docs/fw036/handoff/26_wp3.md	146	R-G22	AMBIGUOUS	NO_KW	本包引用之既有條文：R-G5、R-G9、R-G18、R-G19、R-G21、R-G22、R-VS82、
docs/fw036/handoff/26_wp3_closeout.md	18	R-G18	AMBIGUOUS	NO_KW	- 歷史 handoff / upstream 檔不改寫（R-G18@`8f61f9fd`）；
docs/fw036/handoff/26_wp3_closeout.md	28	R-G19	FO	CONTEXT_KW	（R-G19 prompt 指紋、R-G21 自查表對映）、25 上繳獨立判斷之
docs/fw036/handoff/26_wp3_closeout.md	28	R-G21	FO	CONTEXT_KW	（R-G19 prompt 指紋、R-G21 自查表對映）、25 上繳獨立判斷之
docs/fw036/handoff/26_wp3_closeout.md	48	R-G22	FO	CONTEXT_KW	- 依 R-G22@`bca29f8f`：R-VF83 因但書而換 sha，新 sha8 於上繳回報，
docs/fw036/handoff/26_wp3_closeout.md	87	R-G23	FO	CONTEXT_KW	R-G23 [DEFAULT]：同一工單同時只得有一份有效下放包；發現同輪重複下放
docs/fw036/handoff/26_wp3_closeout.md	99	R-G23	AMBIGUOUS	NO_KW	4. [DEFAULT] 落檔：R-VS83 入 `vehicle_setting/RULINGS.md`；R-G23 入 FO §9.2；
docs/fw036/handoff/26_wp3_closeout.md	101	R-G19	AMBIGUOUS	NO_KW	5. **W-P3-1（R-G19）**：`make_batch_context.py` 輸出 prompt 模板 sha256 與
docs/fw036/handoff/26_wp3_closeout.md	103	R-G21	AMBIGUOUS	NO_KW	6. **W-P3-2（R-G21）**：IN §9 自查 17 項逐項對映閘 id 或標「人工項」，
docs/fw036/handoff/26_wp3_closeout.md	111	R-G13	AMBIGUOUS	NO_KW	15 個新入 tsv 錨點編號帶 sha 之引用（預期 0，R-G13 之前無 sha 可引）
docs/fw036/handoff/26_wp3_closeout.md	120	R-G23	AMBIGUOUS	NO_KW	| 3 | tsv 錨點數 | 188 → **190**（+R-VS83、+R-G23）|
docs/fw036/handoff/26_wp3_closeout.md	133	R-G21	AMBIGUOUS	NO_KW	2. A-H10 已知案例之對映閘**不轉紅** —— R-G21 之對映失真，停下
docs/fw036/handoff/26_wp3_closeout.md	140	R-G13	AMBIGUOUS	NO_KW	1. 23 包 §G 全項 + R-G13 引用表（本包引用：R-G5@`9814d24c`、
docs/fw036/handoff/26_wp3_closeout.md	141	R-G13	AMBIGUOUS	NO_KW	R-G13@`abdc56e3`、R-G18@`8f61f9fd`、R-G22@`bca29f8f`、
docs/fw036/handoff/26_wp3_closeout.md	141	R-G18	AMBIGUOUS	NO_KW	R-G13@`abdc56e3`、R-G18@`8f61f9fd`、R-G22@`bca29f8f`、
docs/fw036/handoff/26_wp3_closeout.md	141	R-G22	AMBIGUOUS	NO_KW	R-G13@`abdc56e3`、R-G18@`8f61f9fd`、R-G22@`bca29f8f`、
docs/fw036/handoff/26_wp3_closeout.md	146	R-G13	AMBIGUOUS	NO_KW	4. **結案摘要**：22→26 全案之交付清單（條文 R-G13~R-G23、工具五支、
docs/fw036/handoff/26_wp3_closeout.md	146	R-G23	AMBIGUOUS	NO_KW	4. **結案摘要**：22→26 全案之交付清單（條文 R-G13~R-G23、工具五支、
docs/fw036/handoff/26_wp3_closeout.md	157	R-G23	AMBIGUOUS	NO_KW	- [x] R-G23 [DEFAULT] — 區塊已列，待追認
docs/fw036/handoff/26_wp3_closeout.md	159	R-G12	AMBIGUOUS	NO_KW	本包引用之既有條文：R-G5、R-G9、R-G11、R-G12、R-G13、R-G17、R-G18、
docs/fw036/handoff/26_wp3_closeout.md	159	R-G13	AMBIGUOUS	NO_KW	本包引用之既有條文：R-G5、R-G9、R-G11、R-G12、R-G13、R-G17、R-G18、
docs/fw036/handoff/26_wp3_closeout.md	159	R-G17	AMBIGUOUS	NO_KW	本包引用之既有條文：R-G5、R-G9、R-G11、R-G12、R-G13、R-G17、R-G18、
docs/fw036/handoff/26_wp3_closeout.md	159	R-G18	FO	CONTEXT_KW	本包引用之既有條文：R-G5、R-G9、R-G11、R-G12、R-G13、R-G17、R-G18、
docs/fw036/handoff/26_wp3_closeout.md	160	R-G19	AMBIGUOUS	NO_KW	R-G19、R-G21、R-G22、R-VF66、R-VS55、R-VS81、A-VS02、G-D、G-K、G-N、
docs/fw036/handoff/26_wp3_closeout.md	160	R-G21	AMBIGUOUS	NO_KW	R-G19、R-G21、R-G22、R-VF66、R-VS55、R-VS81、A-VS02、G-D、G-K、G-N、
docs/fw036/handoff/26_wp3_closeout.md	160	R-G22	AMBIGUOUS	NO_KW	R-G19、R-G21、R-G22、R-VF66、R-VS55、R-VS81、A-VS02、G-D、G-K、G-N、
docs/fw036/handoff/26_wp3_final.md	5	R-G23	AMBIGUOUS	NO_KW	> **內文一字未改**；依 R-G23（26 包 §C [DEFAULT]）標記不刪。
docs/fw036/handoff/26_wp3_final.md	26	R-G18	AMBIGUOUS	NO_KW	- 歷史 handoff / upstream 檔不改寫（R-G18@`8f61f9fd`）
docs/fw036/handoff/26_wp3_final.md	33	R-G19	FO	CONTEXT_KW	W-P1／W-P2 已 commit。本包收掉：W-P3 原兩項（R-G19 prompt 指紋、
docs/fw036/handoff/26_wp3_final.md	34	R-G21	FO	CONTEXT_KW	R-G21 自查表對映）、25 覆核三裁定之落地、GATES.tsv 補全、
docs/fw036/handoff/26_wp3_final.md	58	R-G23	AMBIGUOUS	NO_KW	### 裁定 2 — R-G23：閘之接入（落 FO §9.2）
docs/fw036/handoff/26_wp3_final.md	61	R-G23	AMBIGUOUS	NO_KW	R-G23：`lint_docs036.py --gate`、`canon_refs.py --waiver --gate`、
docs/fw036/handoff/26_wp3_final.md	87	R-G19	AMBIGUOUS	NO_KW	3. **R-G19 落地**：`make_batch_context.py` 輸出 `prompt_sha8` 與
docs/fw036/handoff/26_wp3_final.md	89	R-G21	AMBIGUOUS	NO_KW	4. **R-G21 落地**：IN §9 自查 17 項逐項對映 —— 有對應閘者記 `gate_id`
docs/fw036/handoff/26_wp3_final.md	109	R-G23	FO	CONTEXT_KW	| 1 | `RULINGS.sha.tsv` 錨點數 | 188 → **190**（+`R-VF83+但書`、+`R-G23`）|
docs/fw036/handoff/26_wp3_final.md	112	R-G23	FO	CONTEXT_KW	| 4 | 四支 gate（R-G23）實跑 | **全部 exit 0** |
docs/fw036/handoff/26_wp3_final.md	123	R-G23	FO	CONTEXT_KW	1. A-VF 取號碰撞、或 `R-G23` 編號碰撞
docs/fw036/handoff/26_wp3_final.md	131	R-G13	AMBIGUOUS	NO_KW	23 包 §G 全項 + R-G13 引用表（本包引用：R-G5@`9814d24c`、
docs/fw036/handoff/26_wp3_final.md	132	R-G13	AMBIGUOUS	NO_KW	R-G13@`abdc56e3`、R-G17@`24cdeec6`、R-G18@`8f61f9fd`、R-G19@`bd206972`、
docs/fw036/handoff/26_wp3_final.md	132	R-G17	AMBIGUOUS	NO_KW	R-G13@`abdc56e3`、R-G17@`24cdeec6`、R-G18@`8f61f9fd`、R-G19@`bd206972`、
docs/fw036/handoff/26_wp3_final.md	132	R-G18	AMBIGUOUS	NO_KW	R-G13@`abdc56e3`、R-G17@`24cdeec6`、R-G18@`8f61f9fd`、R-G19@`bd206972`、
docs/fw036/handoff/26_wp3_final.md	132	R-G19	AMBIGUOUS	NO_KW	R-G13@`abdc56e3`、R-G17@`24cdeec6`、R-G18@`8f61f9fd`、R-G19@`bd206972`、
docs/fw036/handoff/26_wp3_final.md	133	R-G21	AMBIGUOUS	NO_KW	R-G21@`1230e795`、R-G22@`bca29f8f`、R-VF83@`9d5bfa4d`、R-VS82@`12177e4f`；
docs/fw036/handoff/26_wp3_final.md	133	R-G22	AMBIGUOUS	NO_KW	R-G21@`1230e795`、R-G22@`bca29f8f`、R-VF83@`9d5bfa4d`、R-VS82@`12177e4f`；
docs/fw036/handoff/26_wp3_final.md	141	R-G23	AMBIGUOUS	NO_KW	- [x] 裁定 2（R-G23）— 區塊已列
docs/fw036/handoff/27_global_closeout.md	6	R-G23	AMBIGUOUS	NO_KW	——R-G23′ 單線原則，該線現由其自身 session（V34）發包。
docs/fw036/handoff/27_global_closeout.md	12	R-G23	AMBIGUOUS	NO_KW	改指後新值、R-VS83 `1936a6ab`、R-G23′（見 §二落檔後之新值）。
docs/fw036/handoff/27_global_closeout.md	18	R-G23	AMBIGUOUS	NO_KW	## 二、R-G23′ 補 FO §9.2 落點（V33 裁定記錄 4 之待辦）
docs/fw036/handoff/27_global_closeout.md	23	R-G23	FO	CONTEXT_KW	R-G23′（擴充，Pei 裁定 2026-08-24，出處 V33 裁定記錄 4）
docs/fw036/handoff/27_global_closeout.md	29	R-G23	AMBIGUOUS	NO_KW	R-G23 條目加沿革註「′ 版擴充見 FO §9.2」。R-G23 本體一字不動
docs/fw036/handoff/27_global_closeout.md	29	R-G23	AMBIGUOUS	NO_KW	R-G23 條目加沿革註「′ 版擴充見 FO §9.2」。R-G23 本體一字不動
docs/fw036/handoff/27_global_closeout.md	30	R-G22	FO	CONTEXT_KW	（R-G22：動了 sha 就換發）。
docs/fw036/handoff/27_global_closeout.md	84	R-G13	AMBIGUOUS	NO_KW	R-G13 引用表（全帶 sha）、各節實測、waiver 可撤清單、
docs/fw036/handoff/27_global_wrapup.md	11	R-G23	FO	CONTEXT_KW	R-G23′（逐線單一來源＋live 取號）已於 V33 輪裁定，本包補 FO 落點。
docs/fw036/handoff/27_global_wrapup.md	20	R-G18	AMBIGUOUS	NO_KW	- 歷史 handoff／upstream 不改寫（R-G18@`8f61f9fd`）
docs/fw036/handoff/27_global_wrapup.md	30	R-G23	AMBIGUOUS	NO_KW	移交事項（R-G23′ 落點、canon_refs verbatim 判準擴充），全部一輪做完。
docs/fw036/handoff/27_global_wrapup.md	34	R-G24	FO	CONTEXT_KW	> **換號註記（Pei 裁定 2026-08-27）**：本包成於 08-24，當時預配 `R-G24`／
docs/fw036/handoff/27_global_wrapup.md	35	R-G25	AMBIGUOUS	NO_KW	> `R-G25`／`R-G26`。08-26 bed_lowering 01 包已 **live 取號**佔用 `R-G24`
docs/fw036/handoff/27_global_wrapup.md	35	R-G26	AMBIGUOUS	NO_KW	> `R-G25`／`R-G26`。08-26 bed_lowering 01 包已 **live 取號**佔用 `R-G24`
docs/fw036/handoff/27_global_wrapup.md	35	R-G24	FO	CONTEXT_KW	> `R-G25`／`R-G26`。08-26 bed_lowering 01 包已 **live 取號**佔用 `R-G24`
docs/fw036/handoff/27_global_wrapup.md	36	R-G23	FO	CONTEXT_KW	> （下放指示之路徑實在性）。依 R-G23′「取號一律 live」，本包三條順延為
docs/fw036/handoff/27_global_wrapup.md	37	R-G25	AMBIGUOUS	NO_KW	> **`R-G25`／`R-G26`／`R-G27`**，全文（§C／§D-2／§E／§H）同步換號。
docs/fw036/handoff/27_global_wrapup.md	37	R-G26	AMBIGUOUS	NO_KW	> **`R-G25`／`R-G26`／`R-G27`**，全文（§C／§D-2／§E／§H）同步換號。
docs/fw036/handoff/27_global_wrapup.md	37	R-G27	AMBIGUOUS	NO_KW	> **`R-G25`／`R-G26`／`R-G27`**，全文（§C／§D-2／§E／§H）同步換號。
docs/fw036/handoff/27_global_wrapup.md	38	R-G23	FO	CONTEXT_KW	> **此即 R-G23′ 所描述之失效模式本身**：預配之號在落檔時已經不是空號 ——
docs/fw036/handoff/27_global_wrapup.md	39	R-G23	AMBIGUOUS	NO_KW	> R-G23 撞號為其第一例，本包為第二例，且**本包正是寫下 R-G23′ 的那一包**。
docs/fw036/handoff/27_global_wrapup.md	39	R-G23	AMBIGUOUS	NO_KW	> R-G23 撞號為其第一例，本包為第二例，且**本包正是寫下 R-G23′ 的那一包**。
docs/fw036/handoff/27_global_wrapup.md	41	R-G25	FO	CONTEXT_KW	### R-G25 — 產出物目錄政策（FO 新節落點由執行層依整併後結構定，錨點唯一）
docs/fw036/handoff/27_global_wrapup.md	44	R-G25	FO	CONTEXT_KW	R-G25：產出物目錄政策如下表。政策自生效日管新檔；既有檔案不搬移。
docs/fw036/handoff/27_global_wrapup.md	58	R-G26	FO	CONTEXT_KW	### R-G26 — 工作區清理制
docs/fw036/handoff/27_global_wrapup.md	61	R-G26	AMBIGUOUS	NO_KW	R-G26：superseded 產出（被新版取代之 json、舊 lint 報告）得自工作區
docs/fw036/handoff/27_global_wrapup.md	68	R-G27	FO	CONTEXT_KW	### R-G27 — 來源集中制（sources/）
docs/fw036/handoff/27_global_wrapup.md	71	R-G27	FO	CONTEXT_KW	R-G27：共用來源文件集中於頂層 sources/：raw/<doc_id>/ 放原檔
docs/fw036/handoff/27_global_wrapup.md	85	R-G22	FO	CONTEXT_KW	R-VF83（但書後新 sha）、V33 C-1 之兩條換發、R-VS82／83、R-G22／23。
docs/fw036/handoff/27_global_wrapup.md	88	R-G23	AMBIGUOUS	NO_KW	2. **R-G23′ 與 R-G25／26／27 入 FO**：R-G23′ 全文自 V33 §裁定記錄 4 轉錄
docs/fw036/handoff/27_global_wrapup.md	88	R-G25	AMBIGUOUS	NO_KW	2. **R-G23′ 與 R-G25／26／27 入 FO**：R-G23′ 全文自 V33 §裁定記錄 4 轉錄
docs/fw036/handoff/27_global_wrapup.md	88	R-G23	AMBIGUOUS	NO_KW	2. **R-G23′ 與 R-G25／26／27 入 FO**：R-G23′ 全文自 V33 §裁定記錄 4 轉錄
docs/fw036/handoff/27_global_wrapup.md	89	R-G25	AMBIGUOUS	NO_KW	入 FO §9.2；R-G25–27 依 §C 落 FO（節位由執行層定，`canon_refs` 全綠
docs/fw036/handoff/27_global_wrapup.md	108	R-G25	FO	CONTEXT_KW	自行入列。lint 路徑檢查（R-G25 表）接入，僅對**新檔**判紅
docs/fw036/handoff/27_global_wrapup.md	140	R-G22	FO	CONTEXT_KW	2. tsv sha 變動不可歸因（有未經裁定之條文改動 —— R-G22 之攔截對象）
docs/fw036/handoff/27_global_wrapup.md	151	R-G13	AMBIGUOUS	NO_KW	23 包 §G 全項＋R-G13 引用表（R-G5@`9814d24c`、R-G13@`abdc56e3`、
docs/fw036/handoff/27_global_wrapup.md	151	R-G13	AMBIGUOUS	NO_KW	23 包 §G 全項＋R-G13 引用表（R-G5@`9814d24c`、R-G13@`abdc56e3`、
docs/fw036/handoff/27_global_wrapup.md	152	R-G18	AMBIGUOUS	NO_KW	R-G18@`8f61f9fd`、R-G22@`bca29f8f`；本包後 sha 以新 tsv 為準）＋
docs/fw036/handoff/27_global_wrapup.md	152	R-G22	FO	CONTEXT_KW	R-G18@`8f61f9fd`、R-G22@`bca29f8f`；本包後 sha 以新 tsv 為準）＋
docs/fw036/handoff/27_global_wrapup.md	160	R-G25	AMBIGUOUS	NO_KW	- [x] R-G25 目錄政策 — 區塊已列
docs/fw036/handoff/27_global_wrapup.md	161	R-G26	FO	CONTEXT_KW	- [x] R-G26 清理制 — 區塊已列
docs/fw036/handoff/27_global_wrapup.md	162	R-G27	AMBIGUOUS	NO_KW	- [x] R-G27 sources 集中制 — 區塊已列
docs/fw036/handoff/27_global_wrapup.md	163	R-G23	AMBIGUOUS	NO_KW	- [x] R-G23′ 落點（轉錄，非新裁）— §D-2
docs/fw036/handoff/27_global_wrapup.md	166	R-G13	AMBIGUOUS	NO_KW	本包引用：R-G3、R-G5、R-G6、R-G9、R-G13、R-G17、R-G18、R-G22、R-G23、
docs/fw036/handoff/27_global_wrapup.md	166	R-G17	AMBIGUOUS	NO_KW	本包引用：R-G3、R-G5、R-G6、R-G9、R-G13、R-G17、R-G18、R-G22、R-G23、
docs/fw036/handoff/27_global_wrapup.md	166	R-G18	FO	CONTEXT_KW	本包引用：R-G3、R-G5、R-G6、R-G9、R-G13、R-G17、R-G18、R-G22、R-G23、
docs/fw036/handoff/27_global_wrapup.md	166	R-G22	AMBIGUOUS	NO_KW	本包引用：R-G3、R-G5、R-G6、R-G9、R-G13、R-G17、R-G18、R-G22、R-G23、
docs/fw036/handoff/27_global_wrapup.md	166	R-G23	AMBIGUOUS	NO_KW	本包引用：R-G3、R-G5、R-G6、R-G9、R-G13、R-G17、R-G18、R-G22、R-G23、
docs/fw036/handoff/27_queue.md	9	R-G23	FO	CONTEXT_KW	2. R-G23′ 入 FO §9.2（每線單一分析來源 + live 取號；V33 §裁定記錄 4 為出處）
docs/fw036/handoff/55_canon_rg28.md	1	R-G28	AMBIGUOUS	NO_KW	# 下放包 55 —— canon 已改（R-G28 立條）、`RULINGS.sha.tsv` 重生
docs/fw036/handoff/55_canon_rg28.md	20	R-G28	AMBIGUOUS	NO_KW	| 2 | §9.2 索引表 | 新增一列 `R-G28` |
docs/fw036/handoff/55_canon_rg28.md	21	R-G28	AMBIGUOUS	NO_KW	| 3 | §9.2 條文區 | 新增 `#### R-G28` 條文本體 ＋ 成因段（位於 R-G27 之後、`#### R-G4／R-G7 之原文與 R-G12 之來源` 之前） |
docs/fw036/handoff/55_canon_rg28.md	21	R-G27	AMBIGUOUS	NO_KW	| 3 | §9.2 條文區 | 新增 `#### R-G28` 條文本體 ＋ 成因段（位於 R-G27 之後、`#### R-G4／R-G7 之原文與 R-G12 之來源` 之前） |
docs/fw036/handoff/55_canon_rg28.md	21	R-G12	AMBIGUOUS	NO_KW	| 3 | §9.2 條文區 | 新增 `#### R-G28` 條文本體 ＋ 成因段（位於 R-G27 之後、`#### R-G4／R-G7 之原文與 R-G12 之來源` 之前） |
docs/fw036/handoff/55_canon_rg28.md	23	R-G28	AMBIGUOUS	NO_KW	**條文本體**（`R-G28`，逐字如下，供比對）：
docs/fw036/handoff/55_canon_rg28.md	26	R-G28	FO	CONTEXT_KW	R-G28（Pei 裁定 2026-08-30）：intake 時須檢查該 feature 之母 CFTS 是否於
docs/fw036/handoff/55_canon_rg28.md	40	R-G13	FO	CONTEXT_KW	依 **R-G13**（裁決引用制）與 **R-G22**（任何字元變動皆變更其 sha）：
docs/fw036/handoff/55_canon_rg28.md	40	R-G22	FO	CONTEXT_KW	依 **R-G13**（裁決引用制）與 **R-G22**（任何字元變動皆變更其 sha）：
docs/fw036/handoff/55_canon_rg28.md	42	R-G28	AMBIGUOUS	NO_KW	1. `R-G28` 為新條，**`RULINGS.sha.tsv` 中無其列**
docs/fw036/handoff/55_canon_rg28.md	44	R-G27	AMBIGUOUS	NO_KW	切段邏輯若以節界定範圍，**須實測其是否波及鄰條**（尤其 `R-G27`，
docs/fw036/handoff/55_canon_rg28.md	49	R-G22	FO	CONTEXT_KW	> ⚠ **R-G22 之代價於此兌現**：若重生後有任何**既有條**之 sha 改變，
docs/fw036/handoff/55_canon_rg28.md	61	R-G18	FO	CONTEXT_KW	| T67c | **`R-G18` 之 canon 引用閘重跑**：新條文含 `FO §9.2`／`R-G8`／`G-M` 等引用，**須通過 `scripts/canon_refs.py`**；新增之 unresolved／ambiguous 即紅（R-G18「waiver 只減不增」） |
docs/fw036/handoff/55_canon_rg28.md	61	R-G18	FO	CONTEXT_KW	| T67c | **`R-G18` 之 canon 引用閘重跑**：新條文含 `FO §9.2`／`R-G8`／`G-M` 等引用，**須通過 `scripts/canon_refs.py`**；新增之 unresolved／ambiguous 即紅（R-G18「waiver 只減不增」） |
docs/fw036/handoff/55_canon_rg28.md	62	R-G17	FO	CONTEXT_KW	| T67d | **`GATES.tsv` 之檢視**（R-G17）：R-G28 為 intake 階段之人工項，**非 lint 閘**；確認其不需登錄，或依 R-G21 標為「人工項」。**陳報結論，不逕改** |
docs/fw036/handoff/55_canon_rg28.md	62	R-G28	AMBIGUOUS	NO_KW	| T67d | **`GATES.tsv` 之檢視**（R-G17）：R-G28 為 intake 階段之人工項，**非 lint 閘**；確認其不需登錄，或依 R-G21 標為「人工項」。**陳報結論，不逕改** |
docs/fw036/handoff/55_canon_rg28.md	62	R-G21	AMBIGUOUS	NO_KW	| T67d | **`GATES.tsv` 之檢視**（R-G17）：R-G28 為 intake 階段之人工項，**非 lint 閘**；確認其不需登錄，或依 R-G21 標為「人工項」。**陳報結論，不逕改** |
docs/fw036/handoff/55_canon_rg28.md	63	R-G28	AMBIGUOUS	NO_KW	| T67e | **sw_update 側之連動**：`ANCHOR_POOL.md` 附記（上繳包 46 §1 已辦，本項為追認並確認其措辭與 R-G28 之要求相符）；`REASONING.md` 之 intake 規範記明其已升格為 R-G28，**feature 側之記述改為引用而非重述** |
docs/fw036/handoff/55_canon_rg28.md	63	R-G28	AMBIGUOUS	NO_KW	| T67e | **sw_update 側之連動**：`ANCHOR_POOL.md` 附記（上繳包 46 §1 已辦，本項為追認並確認其措辭與 R-G28 之要求相符）；`REASONING.md` 之 intake 規範記明其已升格為 R-G28，**feature 側之記述改為引用而非重述** |
docs/fw036/handoff/55_canon_rg28.md	64	R-G26	AMBIGUOUS	NO_KW	| T67f | **git**：canon 變更 **單獨 commit**（R-G26 之精神：不混入其他變更），pathspec 明列 `docs/fw036/FEATURE_ONBOARDING.md` 與 `docs/fw036/RULINGS.sha.tsv`。**執行層只準備不執行**（R-G5）—— 備妥指令與訊息，由 Pei 執行 |
docs/fw036/handoff/55_canon_rg28.md	76	R-G28	AMBIGUOUS	NO_KW	5. 獨立自評（入 BACKLOG）—— 特別回答：**R-G28 令「查無者亦須記明已查」，
docs/fw036/handoff/56_rg28_close.md	1	R-G28	AMBIGUOUS	NO_KW	# 下放包 56 —— 五項裁定（R-G28 收）、追溯適用之拆段
docs/fw036/handoff/56_rg28_close.md	12	R-G28	AMBIGUOUS	NO_KW	`R-G28` 立條完成，三處落點與條文本體逐字相符（機器比對 `True`）。
docs/fw036/handoff/56_rg28_close.md	15	R-G27	AMBIGUOUS	NO_KW	`R-G27`（與新條相鄰者）逐字元不變。**下放包 55 §二之 ⚠ 未兌現，
docs/fw036/handoff/56_rg28_close.md	16	R-G22	FO	CONTEXT_KW	切段邏輯乾淨，R-G22 之代價在本次為零。**
docs/fw036/handoff/56_rg28_close.md	19	R-G18	AMBIGUOUS	NO_KW	（R-G18 之「waiver 只減不增」成立）。全庫 469 之基線非本變更所致。
docs/fw036/handoff/56_rg28_close.md	29	R-G13	FO	CONTEXT_KW	> **等待期間 `sha.tsv` 是過期的，而過期之 `sha.tsv` 使 R-G13 之引用比對失效** ——
docs/fw036/handoff/56_rg28_close.md	30	R-G13	FO	CONTEXT_KW	> 下放包所引之 `sha8` 對不上，執行層依 R-G13 須停下回報，
docs/fw036/handoff/56_rg28_close.md	38	R-G28	AMBIGUOUS	NO_KW	"git commit -m ""docs(fw036): regenerate RULINGS.sha.tsv after R-G28"
docs/fw036/handoff/56_rg28_close.md	40	R-G28	AMBIGUOUS	NO_KW	New anchors: 53 (R-G28 x1; ics_management x43; driver_distraction x9).
docs/fw036/handoff/56_rg28_close.md	50	R-G28	AMBIGUOUS	NO_KW	### #2 `R-G28` 是否登 `IN §9` 自查表 —— **不登**
docs/fw036/handoff/56_rg28_close.md	54	R-G28	AMBIGUOUS	NO_KW	| | `IN §9` 自查表 | `R-G28` |
docs/fw036/handoff/56_rg28_close.md	60	R-G21	FO	CONTEXT_KW	R-G21 之「人工項」機制針對之對象為 `IN §9` 之項，**本條不在其射程**。
docs/fw036/handoff/56_rg28_close.md	77	R-G28	AMBIGUOUS	NO_KW	| **第二段：出表** | **僅查得有物件者** | **隨其下一批** | 「由圖找列」二欄表，同 R-G28 之要求 |
docs/fw036/handoff/56_rg28_close.md	79	R-G28	AMBIGUOUS	NO_KW	**拘束（逐字入 `R-G28` 之成因段，T68b）**：
docs/fw036/handoff/56_rg28_close.md	92	R-G24	AMBIGUOUS	NO_KW	> 而執行層落檔時 `45` 已被佔用 —— **與 R-G24 同型**（指定路徑前未驗其可用），
docs/fw036/handoff/56_rg28_close.md	116	R-G24	AMBIGUOUS	NO_KW	**惟該目錄之存在須由執行層先驗**（R-G24 之精神；**分析層不指定未驗證之路徑**，
docs/fw036/handoff/56_rg28_close.md	126	R-G28	FO	CONTEXT_KW	| T68b | **`R-G28` 成因段增補**（§二 #3 之拘束逐字）：**事後補查須標明其為事後補查與日期**。⚠ **本項變更條文本體之鄰接文字，須確認其是否改變 `R-G28` 之 sha** —— 若改變，`sha.tsv` 須再重生一次並回報 |
docs/fw036/handoff/56_rg28_close.md	126	R-G28	FO	CONTEXT_KW	| T68b | **`R-G28` 成因段增補**（§二 #3 之拘束逐字）：**事後補查須標明其為事後補查與日期**。⚠ **本項變更條文本體之鄰接文字，須確認其是否改變 `R-G28` 之 sha** —— 若改變，`sha.tsv` 須再重生一次並回報 |
docs/fw036/handoff/57_sha_split.md	35	R-G22	FO	CONTEXT_KW	### #1 `body_sha`／`section_sha` 之分立 —— **准，惟其形式為 R-G22′ 而非推翻 R-G22**
docs/fw036/handoff/57_sha_split.md	35	R-G22	FO	CONTEXT_KW	### #1 `body_sha`／`section_sha` 之分立 —— **准，惟其形式為 R-G22′ 而非推翻 R-G22**
docs/fw036/handoff/57_sha_split.md	37	R-G28	AMBIGUOUS	NO_KW	**執行層之發現成立且重要**：`R-G28` 之**條文本體一字未動而其 sha 變了** ——
docs/fw036/handoff/57_sha_split.md	41	R-G13	AMBIGUOUS	NO_KW	**都會使 R-G13 之引用比對產生一次假性不符**，而條文根本沒動。
docs/fw036/handoff/57_sha_split.md	42	R-G22	AMBIGUOUS	NO_KW	**假性不符多了就會被當成噪音忽略 —— 那正是 R-G22 之成因段自己寫下的憂慮。**
docs/fw036/handoff/57_sha_split.md	44	R-G22	AMBIGUOUS	NO_KW	**惟本項不推翻 R-G22。** R-G22 之立意為
docs/fw036/handoff/57_sha_split.md	44	R-G22	AMBIGUOUS	NO_KW	**惟本項不推翻 R-G22。** R-G22 之立意為
docs/fw036/handoff/57_sha_split.md	48	R-G22	FO	CONTEXT_KW	> **`body_sha`／`section_sha` 之分立恰好達成 R-G22 之立意而免其代價** ——
docs/fw036/handoff/57_sha_split.md	49	R-G22	FO	CONTEXT_KW	> **由機器切開二者，不需任何人判斷**。R-G22 之原則保留，其機制改良。
docs/fw036/handoff/57_sha_split.md	51	R-G22	AMBIGUOUS	NO_KW	**裁定（R-G22′，分析層裁，提 Pei 追認 —— R-G22 本體為 Pei 所裁）**：
docs/fw036/handoff/57_sha_split.md	51	R-G22	AMBIGUOUS	NO_KW	**裁定（R-G22′，分析層裁，提 Pei 追認 —— R-G22 本體為 Pei 所裁）**：
docs/fw036/handoff/57_sha_split.md	54	R-G22	FO	CONTEXT_KW	R-G22′（分析層 2026-08-30，依上繳包 56 §2；Pei 得推翻）
docs/fw036/handoff/57_sha_split.md	58	R-G13	AMBIGUOUS	NO_KW	R-G13 之引用比對**一律用 `body_sha`**；`section_sha` 供
docs/fw036/handoff/57_sha_split.md	60	R-G22	FO	CONTEXT_KW	R-G22 之「任何字元變動皆變更其 sha」對 `section_sha` 維持；
docs/fw036/handoff/57_sha_split.md	110	R-G12	AMBIGUOUS	NO_KW	而**該衝突之成本由對方承擔，其成因卻在本線** —— 同 R-G12 之形態。
docs/fw036/handoff/57_sha_split.md	112	R-G28	AMBIGUOUS	NO_KW	### #6 `R-G28` 新 sha 之提交 —— **與 #1 合併為一次**
docs/fw036/handoff/57_sha_split.md	126	R-G18	AMBIGUOUS	NO_KW	| T69b | **既有引用之影響面實測**：全庫 grep `R-[A-Z]+\d+@[0-9a-f]{8}`，逐處列出其所引之 sha8 於改制後是否仍相符。**不逕改任何包**（歷史檔不追改，R-G18 之精神），**只出清單** |
docs/fw036/handoff/57_sha_split.md	128	R-G24	AMBIGUOUS	NO_KW	| T69d | **全域線編號之記明**（§二 #3）：`31`–`55` 刻意留空及其成因，落 `docs/fw036/` 之索引或等價處。**該處之存在須先驗**（R-G24），無則回報不逕建 |
docs/fw036/handoff/57_sha_split.md	143	R-G12	AMBIGUOUS	NO_KW	而並非每一條 `R-G` 都有 fenced block**（如 `R-G1`–`R-G12` 之數條為散文）。
docs/fw036/handoff/57_sha_split.md	145	R-G13	AMBIGUOUS	NO_KW	而 R-G13 對它們就仍然有假性不符之問題**
docs/fw036/handoff/58_body_kind.md	58	R-G23	AMBIGUOUS	NO_KW	**取首個會漏**：條文分成二框者（如 `R-G23` 與其 `[DEFAULT]` 段），
docs/fw036/handoff/58_body_kind.md	96	R-G13	AMBIGUOUS	NO_KW	> `R-G13` 有 fenced block ＋ `>` 註 → 已屬 545 條；
docs/fw036/handoff/58_body_kind.md	97	R-G12	AMBIGUOUS	NO_KW	> `R-G12` 有規範文字 ＋ 其後之來源段 → **疑 (b)**。
docs/fw036/handoff/58_body_kind.md	105	R-G18	AMBIGUOUS	NO_KW	歷史包依 R-G18 之精神不追改。**惟 `SHA_MIGRATION.tsv` 須於其檔首註明其用途**：
docs/fw036/handoff/58_body_kind.md	108	R-G12	AMBIGUOUS	NO_KW	**併記執行層之發現**：仍相符之 2 處為 `R-G5`／`R-G12`，
docs/fw036/handoff/58_body_kind.md	114	R-G24	AMBIGUOUS	NO_KW	**本項為明確授權新建，非 R-G24 之未驗路徑問題。**
docs/fw036/handoff/59_frame_invariant.md	1	R-G29	FO	CONTEXT_KW	# 下放包 59 —— 七項裁定；R-G29 [DEFAULT]（條文須加框）；偏向指標改制
docs/fw036/handoff/59_frame_invariant.md	11	R-G29	AMBIGUOUS	NO_KW	**本包分析層未編輯任何共用檔。** §三 #2 之 `R-G29` 為 **[DEFAULT] 條文，
docs/fw036/handoff/59_frame_invariant.md	27	R-G12	AMBIGUOUS	NO_KW	**三句更正逐項採認**：`R-G1`–`R-G12` 全為 (a)、
docs/fw036/handoff/59_frame_invariant.md	31	R-G13	FO	CONTEXT_KW	### 2.2 §2 —— `R-G13` 自身之 `body_sha` 因本次改制而變
docs/fw036/handoff/59_frame_invariant.md	61	R-G29	FO	CONTEXT_KW	### #2 「條文須加框」立為不變式 —— **准，[DEFAULT] 立 `R-G29`，提 Pei 追認**
docs/fw036/handoff/59_frame_invariant.md	67	R-G29	AMBIGUOUS	NO_KW	R-G29 [DEFAULT]（分析層 2026-08-30，依上繳包 58 §6(丁)；Pei 得推翻）
docs/fw036/handoff/59_frame_invariant.md	71	R-G17	FO	CONTEXT_KW	判準由 `lint_docs036` 守之，其閘登錄 `GATES.tsv`（R-G17）。
docs/fw036/handoff/59_frame_invariant.md	74	R-G13	AMBIGUOUS	NO_KW	東西 —— 整節。故 R-G13 之引用比對對其失去鑑別力：條文被改與成因被補，
docs/fw036/handoff/59_frame_invariant.md	81	R-G13	AMBIGUOUS	NO_KW	**⚠ 其為 [DEFAULT] 之理由**：R-G13／R-G22 皆為 Pei 所裁，
docs/fw036/handoff/59_frame_invariant.md	81	R-G22	AMBIGUOUS	NO_KW	**⚠ 其為 [DEFAULT] 之理由**：R-G13／R-G22 皆為 Pei 所裁，
docs/fw036/handoff/59_frame_invariant.md	84	R-G13	AMBIGUOUS	NO_KW	### #3 `R-G13` 之 `body_sha` 變動 —— **追認**
docs/fw036/handoff/59_frame_invariant.md	153	R-G29	FO	CONTEXT_KW	| T71b | **`R-G29` [DEFAULT] 落檔**（§三 #2）：寫入 `FO §9.2`（表列 ＋ 條文區），**其位置於 `R-G28` 之後**；`GATES.tsv` 登錄其閘（存量清完前為警示計數，不判紅） |
docs/fw036/handoff/59_frame_invariant.md	153	R-G28	AMBIGUOUS	NO_KW	| T71b | **`R-G29` [DEFAULT] 落檔**（§三 #2）：寫入 `FO §9.2`（表列 ＋ 條文區），**其位置於 `R-G28` 之後**；`GATES.tsv` 登錄其閘（存量清完前為警示計數，不判紅） |
docs/fw036/handoff/59_frame_invariant.md	156	R-G13	AMBIGUOUS	NO_KW	| T71e | **`SHA_MIGRATION.tsv` 註**：增「`R-G13` 自身之 `body_sha` 因本次改制而變」一句（§2.2） |
docs/fw036/handoff/60_frame_batch1.md	31	R-G29	AMBIGUOUS	NO_KW	**追認 26／48，`R-G29` 條文之存量數依實測改記照准。**
docs/fw036/handoff/60_frame_batch1.md	62	R-G29	AMBIGUOUS	NO_KW	| (乙) R-G29 增例外（`>` 區塊亦視為框） | ❌ **判準變成二形式，而「哪一種算」又回到讀者認定** —— R-G29 之立意即在消除此 |
docs/fw036/handoff/60_frame_batch1.md	62	R-G29	AMBIGUOUS	NO_KW	| (乙) R-G29 增例外（`>` 區塊亦視為框） | ❌ **判準變成二形式，而「哪一種算」又回到讀者認定** —— R-G29 之立意即在消除此 |
docs/fw036/handoff/60_frame_batch1.md	63	R-G29	AMBIGUOUS	NO_KW	| **(丙) 以 fenced block 包住其 `>` 區塊** | ✅ **`>` 逐字保留於框內，不改一字；形式統一，R-G29 無需例外** |
docs/fw036/handoff/60_frame_batch1.md	69	R-G29	AMBIGUOUS	NO_KW	> 「**該 feature 之條文書寫慣例與 R-G29 不相容**」。
docs/fw036/handoff/62_reverse_probe.md	88	R-G29	AMBIGUOUS	NO_KW	`R-G29` 之閘於存量清完前只計數不判紅（其條文已如此設計）。
docs/fw036/handoff/62_reverse_probe.md	156	R-G13	FO	CONTEXT_KW	**分批清理期間，R-G13 之比對會逐條地、無預警地開始不符 —— 這要怎麼辦**
docs/fw036/handoff/63_dup_scan.md	47	R-G13	AMBIGUOUS	NO_KW	> **R-G13 在此狀態下二路皆壞**：報不符則停下（**而條文一字未改，停下是錯的**）；
docs/fw036/handoff/63_dup_scan.md	48	R-G13	AMBIGUOUS	NO_KW	> 知其必然不符而不停，**R-G13 即失效**。
docs/fw036/handoff/63_dup_scan.md	58	R-G13	AMBIGUOUS	NO_KW	R-G13 之比對於 `refenced`／`pending-frame` 者，其不符**不觸發停止**，
docs/fw036/handoff/65_frame_b.md	48	R-G24	AMBIGUOUS	NO_KW	| **`R-POP1`** | **全 4 行（9–12）** | 行 10 之括號（`R-G24 已建妥並實測`）為**依據**不是成因段；行 11–12 為名稱與 slug 之規範。**四行皆規範** —— 機器建議之 1 行過窄 |
docs/fw036/handoff/65_frame_b.md	69	R-G29	AMBIGUOUS	NO_KW	`R-G29` 之射程即 `kind == ruling`，`group`／`report`／`superseded` 不在其內。
docs/fw036/handoff/66_frame_c.md	103	R-G13	AMBIGUOUS	NO_KW	R-G13 之比對改三段：
docs/fw036/handoff/69_name_audit.md	54	R-G29	AMBIGUOUS	NO_KW	| **`R-VS37`** | **⚠ 不裁框界 —— 其應自待裁清單移除** | **其首行即載「【經 R-VS37′ 取代，2026-08-20；原文保留不刪，見 R-TM13】」** —— **本條為 `superseded`，不在 `R-G29` 之射程**（下放包 66 §四 #1：射程即 `kind == ruling`）。**其出現於清單，表示 `kind` 之判定漏了「條文自身宣
docs/fw036/handoff/70_wrapup1.md	65	R-G29	AMBIGUOUS	NO_KW	`R-G29` 之閘於存量清完前本即只計數不判紅
docs/fw036/handoff/down/20260902_VS-SL-02.md	38	R-G13	LEDGER	CONTEXT_KW	末段彙總表：8 檔 × 三值。查無者依 R-G13 三要件寫，缺一改記「未查得」。
docs/fw036/handoff/down/20260902_VS-SL-03.md	41	R-G13	LEDGER	CONTEXT_KW	1. 別名查無 9 名（涉 37 列）：逐名列 TC 引用原句與兩表查無之證（R-G13 三要件）
docs/fw036/handoff/down/20260902_VS-SL-04.md	32	R-G13	LEDGER	CONTEXT_KW	`dr_draft_vssl.md` 加：R3 殘餘之設定名逐名列 TC 引句（逐字）＋兩表查無之證（R-G13 三要件）。
docs/fw036/handoff/down/20260902_VS-SL-06.md	37	R-G13	AMBIGUOUS	NO_KW	4. `forms/LOOKUP_MISSES.md` 依 R-G13 增候選：`Easy_Entry_Menù`（值表拼寫差）、No.275 `Alwatys` 原文缺字
docs/fw036/handoff/down/20260902_VS-SL-10.md	20	R-G22	FO	CONTEXT_KW	sha 變動之處置依該條既有但書一之先例（R-G22 註記式樣照抄）。
docs/fw036/handoff/down/20260905_GC-01.md	11	R-G12	AMBIGUOUS	NO_KW	**全域裁決 R-G12～R-G29 為雙軌同號異文。**實測：
docs/fw036/handoff/down/20260905_GC-01.md	11	R-G29	AMBIGUOUS	NO_KW	**全域裁決 R-G12～R-G29 為雙軌同號異文。**實測：
docs/fw036/handoff/down/20260905_GC-01.md	15	R-G12	AMBIGUOUS	BOTH_KW(2/2)	| R-G12 | 參考素材庫之位置與 manifest（L122） | `git commit` 一律帶 pathspec |
docs/fw036/handoff/down/20260905_GC-01.md	16	R-G13	AMBIGUOUS	BOTH_KW(1/1)	| R-G13 | 查無之成立要件（L144） | 裁決引用制 |
docs/fw036/handoff/down/20260905_GC-01.md	17	R-G24	AMBIGUOUS	BOTH_KW(2/3)	| R-G24 | marker 衝突以較嚴者為準（L516） | 下放指示之路徑實在性 |
docs/fw036/handoff/down/20260905_GC-01.md	18	R-G25	AMBIGUOUS	BOTH_KW(3/1)	| R-G25 | 「宣稱不做 X」之測試須連跑兩次（L546） | 產出物目錄政策 |
docs/fw036/handoff/down/20260905_GC-01.md	19	R-G26	AMBIGUOUS	BOTH_KW(3/2)	| R-G26 | 綠燈須連同其母體一併引用（L581） | 工作區清理制 |
docs/fw036/handoff/down/20260905_GC-01.md	20	R-G27	AMBIGUOUS	BOTH_KW(2/2)	| R-G27 | 概念映射須以確切詞組為據（L598） | 來源集中制（`sources/`） |
docs/fw036/handoff/down/20260905_GC-01.md	21	R-G28	AMBIGUOUS	BOTH_KW(2/2)	| R-G28 | 裁決選單須先驗證其能解題（L624） | CFTS 嵌入物件之逐 feature 檢查 |
docs/fw036/handoff/down/20260905_GC-01.md	22	R-G29	AMBIGUOUS	BOTH_KW(2/3)	| R-G29 | 未驗項分流（L637） | 條文須加框（`body_kind`） |
docs/fw036/handoff/down/20260905_GC-01.md	25	R-G18	FO	CONTEXT_KW	後果：`canon_refs`（R-G18 唯一可解析）對 R-G12～R-G29 之任何引用**皆歧義**；
docs/fw036/handoff/down/20260905_GC-01.md	25	R-G12	AMBIGUOUS	NO_KW	後果：`canon_refs`（R-G18 唯一可解析）對 R-G12～R-G29 之任何引用**皆歧義**；
docs/fw036/handoff/down/20260905_GC-01.md	25	R-G29	AMBIGUOUS	NO_KW	後果：`canon_refs`（R-G18 唯一可解析）對 R-G12～R-G29 之任何引用**皆歧義**；
docs/fw036/handoff/down/20260905_GC-01.md	37	R-G12	AMBIGUOUS	NO_KW	FEATURE_ONBOARDING.md §9.2 之 R-G12～R-G29 同號異文者，由 Pei 裁定
docs/fw036/handoff/down/20260905_GC-01.md	37	R-G29	AMBIGUOUS	NO_KW	FEATURE_ONBOARDING.md §9.2 之 R-G12～R-G29 同號異文者，由 Pei 裁定
docs/fw036/handoff/down/20260905_GC-01.md	45	R-G12	AMBIGUOUS	NO_KW	**在 R-G43 裁定前，本包及其後包引用 R-G12～R-G29 一律寫 `R-Gnn(FO)`／`R-Gnn(LEDGER)`。**
docs/fw036/handoff/down/20260905_GC-01.md	45	R-G29	AMBIGUOUS	NO_KW	**在 R-G43 裁定前，本包及其後包引用 R-G12～R-G29 一律寫 `R-Gnn(FO)`／`R-Gnn(LEDGER)`。**
docs/fw036/handoff/down/20260905_GC-01.md	54	R-G27	FO	EXPLICIT	R-G27(FO)「既有 feature 之舊副本不搬」維持，改為「不搬但須登記」。
docs/fw036/handoff/down/20260905_GC-01.md	67	R-G15	LEDGER	EXPLICIT	（R-G15(LEDGER) 之既有機制），並記其與 forms/ 版之差異是否影響已交付 TC；
docs/fw036/handoff/down/20260905_GC-01.md	79	R-G26	FO	EXPLICIT	動作（未入版控，R-G26(FO) 附註不授權執行層）。清空前執行層須出
docs/fw036/handoff/down/20260905_GC-01.md	89	R-G25	FO	EXPLICIT	R-G47：R-G25(FO) 生效（2026-08-24）後產生之 feature 級 lint 報告，
docs/fw036/handoff/down/20260905_GC-01.md	91	R-G26	FO	EXPLICIT	0821 全域基線（八本 .md/.json 對）＋ pm_29 三檔；其餘依 R-G26(FO)
docs/fw036/handoff/down/20260905_GC-01.md	97	R-G25	FO	EXPLICIT	`features/sw_update/reports/` 不存在；`features/sw_update/output/` 非 R-G25(FO) 表列位置。
docs/fw036/handoff/down/20260905_GC-01.md	116	R-G28	FO	EXPLICIT	不得表述為當時已落檔（同 R-G28(FO) 追溯拘束）。INDEX.md 補列 59–73
docs/fw036/handoff/down/20260905_GC-01.md	138	R-G12	AMBIGUOUS	NO_KW	（`docs/`、`features/*/`、`scripts/`）對 R-G12～R-G29 之引用處，
docs/fw036/handoff/down/20260905_GC-01.md	138	R-G29	AMBIGUOUS	NO_KW	（`docs/`、`features/*/`、`scripts/`）對 R-G12～R-G29 之引用處，
docs/fw036/handoff/up/20260902_VS-SL-06.md	98	R-G13	LEDGER	CONTEXT_KW	| `forms/LOOKUP_MISSES.md` | **`B-3`** `Easy_Entry_Menù`（R-G13 三要件齊，判查無）、**`B-4`** No.275 `Alwatys` 原文缺字 |
docs/fw036/upstream/01b_mechanism_setup.md	92	R-G12	AMBIGUOUS	NO_KW	而 `FEATURE_ONBOARDING.md` §9.2 已有全域條文 R-G1～R-G12、§9 有
docs/fw036/upstream/23a_wp1.md	8	R-G18	AMBIGUOUS	NO_KW	因 §F 升級條件 3 於第 5 步首跑即觸發，且另揭一項使 R-G18 無法達標之結構事實。
docs/fw036/upstream/23a_wp1.md	16	R-G13	AMBIGUOUS	NO_KW	| 1 | R-G13~R-G21 編號碰撞驗證 | **交付** —— 無碰撞（§二）|
docs/fw036/upstream/23a_wp1.md	16	R-G21	AMBIGUOUS	NO_KW	| 1 | R-G13~R-G21 編號碰撞驗證 | **交付** —— 無碰撞（§二）|
docs/fw036/upstream/23a_wp1.md	18	R-G13	AMBIGUOUS	NO_KW	| 3 | R-G13~R-G21 併入 canon §9 | **未執行**（同上）|
docs/fw036/upstream/23a_wp1.md	18	R-G21	AMBIGUOUS	NO_KW	| 3 | R-G13~R-G21 併入 canon §9 | **未執行**（同上）|
docs/fw036/upstream/23a_wp1.md	70	R-G13	FO	CONTEXT_KW	**條文本體之雜湊定義**（R-G13 之引用制全靠這一條可重現）：
docs/fw036/upstream/23a_wp1.md	119	R-G13	AMBIGUOUS	NO_KW	所量。本檔自身引用 R-G13~R-G21（尚未併入 canon）與 `FO §X` 前綴，
docs/fw036/upstream/23a_wp1.md	119	R-G21	AMBIGUOUS	NO_KW	所量。本檔自身引用 R-G13~R-G21（尚未併入 canon）與 `FO §X` 前綴，
docs/fw036/upstream/23a_wp1.md	142	R-G13	AMBIGUOUS	NO_KW	| `ruling R-G13`~`R-G21` | **97** | 條文尚未併入 canon（步 3 未執行）。**步 3 完成後此 97 應歸零** —— 這是步 3 的驗收數字 |
docs/fw036/upstream/23a_wp1.md	142	R-G21	AMBIGUOUS	NO_KW	| `ruling R-G13`~`R-G21` | **97** | 條文尚未併入 canon（步 3 未執行）。**步 3 完成後此 97 應歸零** —— 這是步 3 的驗收數字 |
docs/fw036/upstream/23a_wp1.md	193	R-G18	AMBIGUOUS	NO_KW	### 五-2 R-G18 之 FAIL = 0 以 W-P1 所定之作法**無法達成**（Tier 2）
docs/fw036/upstream/23a_wp1.md	195	R-G18	AMBIGUOUS	NO_KW	下放包 §D R-G18 令「unresolved 或 ambiguous > 0 即 FAIL」，
docs/fw036/upstream/23a_wp1.md	213	R-G18	FO	CONTEXT_KW	2. **改 R-G18 之判準**：`ambiguous` 於共用節號上降為 WARN，只 gate `unresolved`。
docs/fw036/upstream/23a_wp1.md	214	R-G18	FO	CONTEXT_KW	代價：R-G18 之立條理由（「canon §9.1 現為歧義引用」）正是共用節號
docs/fw036/upstream/23a_wp1.md	218	R-G17	FO	CONTEXT_KW	**執行層無偏好，但指出第 3 路與 R-G17 之除役機制衝突**（連續 10 輪命中 0 即除役）。
docs/fw036/upstream/23a_wp1.md	232	R-G13	FO	CONTEXT_KW	**其與 R-G13 之關係**：R-G13 之引用格式為 `R-XX@<sha8>`，而 `R-VS59@` 現有
docs/fw036/upstream/23a_wp1.md	232	R-G13	FO	CONTEXT_KW	**其與 R-G13 之關係**：R-G13 之引用格式為 `R-XX@<sha8>`，而 `R-VS59@` 現有
docs/fw036/upstream/23a_wp1.md	234	R-G13	FO	CONTEXT_KW	機器讀不到 —— **R-G13 對這八條無法生效**。
docs/fw036/upstream/23a_wp1.md	242	R-G20	AMBIGUOUS	NO_KW	## 六、R-G20 之首個執行對象（§I-2）—— 不同步已以實測確認
docs/fw036/upstream/23a_wp1.md	249	R-G20	AMBIGUOUS	NO_KW	| 判 | **不符** —— R-G20 所述之不同步經實測確認 |
docs/fw036/upstream/23a_wp1.md	252	R-G20	FO	CONTEXT_KW	依 R-G20，「審查不得在已知不同步之規則副本上進行」。
docs/fw036/upstream/23a_wp1.md	278	R-G12	FO	CONTEXT_KW	**建議之 commit（Pei 執行，pathspec 明列，R-G12）**
docs/fw036/upstream/23a_wp1.md	295	R-G13	AMBIGUOUS	NO_KW	rulings_hash.py emits RULINGS.sha.tsv for R-G13 citation-by-fingerprint;
docs/fw036/upstream/23a_wp1.md	296	R-G18	FO	CONTEXT_KW	canon_refs.py resolves canon references against both canons for R-G18.
docs/fw036/upstream/23a_wp1.md	319	R-G13	FO	CONTEXT_KW	6. **`R-G13` 之「上繳包逐條回報所讀 sha8」尚無格式。** tsv 已具 sha8 欄，
docs/fw036/upstream/23a_wp1.md	327	R-G12	AMBIGUOUS	NO_KW	R-G5、R-G6、R-G9、R-G11、R-G12、R-G13、R-G17、R-G18、R-G20、R-TM13、
docs/fw036/upstream/23a_wp1.md	327	R-G13	AMBIGUOUS	NO_KW	R-G5、R-G6、R-G9、R-G11、R-G12、R-G13、R-G17、R-G18、R-G20、R-TM13、
docs/fw036/upstream/23a_wp1.md	327	R-G17	AMBIGUOUS	NO_KW	R-G5、R-G6、R-G9、R-G11、R-G12、R-G13、R-G17、R-G18、R-G20、R-TM13、
docs/fw036/upstream/23a_wp1.md	327	R-G18	FO	CONTEXT_KW	R-G5、R-G6、R-G9、R-G11、R-G12、R-G13、R-G17、R-G18、R-G20、R-TM13、
docs/fw036/upstream/23a_wp1.md	327	R-G20	AMBIGUOUS	NO_KW	R-G5、R-G6、R-G9、R-G11、R-G12、R-G13、R-G17、R-G18、R-G20、R-TM13、
docs/fw036/upstream/24_wp1_continuation.md	6	R-G13	AMBIGUOUS	NO_KW	結論：**§D 九項作業全數交付**。canon 整併完成、R-G13~R-G21 併入、
docs/fw036/upstream/24_wp1_continuation.md	6	R-G21	AMBIGUOUS	NO_KW	結論：**§D 九項作業全數交付**。canon 整併完成、R-G13~R-G21 併入、
docs/fw036/upstream/24_wp1_continuation.md	18	R-G18	AMBIGUOUS	NO_KW	| 1 | 裁定 2 之措辭修正採 §C 版 | **交付** —— R-G18 條文即 §C 版全文 |
docs/fw036/upstream/24_wp1_continuation.md	20	R-G13	AMBIGUOUS	NO_KW	| 3 | R-G13~R-G21 併入 §9；§8.1／§8.8／§1.2 修訂；裁定 1 之行 432 | **交付**（§三）|
docs/fw036/upstream/24_wp1_continuation.md	20	R-G21	AMBIGUOUS	NO_KW	| 3 | R-G13~R-G21 併入 §9；§8.1／§8.8／§1.2 修訂；裁定 1 之行 432 | **交付**（§三）|
docs/fw036/upstream/24_wp1_continuation.md	36	R-G13	AMBIGUOUS	NO_KW	| 3 | `ruling` 型 unresolved 之 `R-G13`~`R-G21` 類 | 125 → **0** | **0** | **符** |
docs/fw036/upstream/24_wp1_continuation.md	36	R-G21	AMBIGUOUS	NO_KW	| 3 | `ruling` 型 unresolved 之 `R-G13`~`R-G21` 類 | 125 → **0** | **0** | **符** |
docs/fw036/upstream/24_wp1_continuation.md	52	R-G13	AMBIGUOUS	NO_KW	| **條文錨點**（`^#### R-G1 `）| **1** | R-G13 所要之穩定錨點，**單一落點達成** |
docs/fw036/upstream/24_wp1_continuation.md	80	R-G13	AMBIGUOUS	NO_KW	| `docs/fw036/FEATURE_ONBOARDING.md` | **+356 / −86** | §9 整併、R-G13~21 併入、§8.1／§8.8／§1.2 修訂、裁定 1、21 處前綴 |
docs/fw036/upstream/24_wp1_continuation.md	96	R-G21	AMBIGUOUS	NO_KW	| 9.2 | 全域裁決條文 R-G1 ～ R-G21 | 原第一個 §9 之 §9.2 **併** 第二個 §9 之 §9.1 |
docs/fw036/upstream/24_wp1_continuation.md	129	R-G13	FO	CONTEXT_KW	- **§8.1**：「裁決逐字」列改為「裁決引用」（R-G13 之 `R-XX@<sha8>`）。
docs/fw036/upstream/24_wp1_continuation.md	131	R-G13	FO	CONTEXT_KW	`[SUPERSEDED by R-G13 — 逐字照錄之要求部分]` 並記其成因（23 包 §B-2）
docs/fw036/upstream/24_wp1_continuation.md	132	R-G14	FO	CONTEXT_KW	- **§8.8**：「一批一上繳」加註「**除 R-G14 綠色通道生效期間**（FO §9.2）」
docs/fw036/upstream/24_wp1_continuation.md	133	R-G15	FO	CONTEXT_KW	- **§1.2**：pilot protocol 之 Output 項下新增 R-G15 之數字化 verdict 判準
docs/fw036/upstream/24_wp1_continuation.md	137	R-G21	AMBIGUOUS	NO_KW	### 三-4 R-G1～R-G21 之錨點與 sha8（R-G13 之引用基礎）
docs/fw036/upstream/24_wp1_continuation.md	137	R-G13	FO	CONTEXT_KW	### 三-4 R-G1～R-G21 之錨點與 sha8（R-G13 之引用基礎）
docs/fw036/upstream/24_wp1_continuation.md	243	R-G18	AMBIGUOUS	NO_KW	1. **R-G18 明文指名者已改完**：兩份 canon 自身、`docs/fw036/templates/`（§四）
docs/fw036/upstream/24_wp1_continuation.md	319	R-G13	AMBIGUOUS	NO_KW	R-G13：裁決條文集中於各 feature 之 RULINGS.md 與 canon §9，每條具穩定
docs/fw036/upstream/24_wp1_continuation.md	322	R-G13	AMBIGUOUS	NO_KW	該行在 R-G13 之**逐字條文區塊內**。裁定 2 令活躍文件改寫加前綴，
docs/fw036/upstream/24_wp1_continuation.md	325	R-G21	AMBIGUOUS	NO_KW	**處置**（同 R-G21 之既有形態）：條文本體不動，於其後加註
docs/fw036/upstream/24_wp1_continuation.md	381	R-G13	AMBIGUOUS	NO_KW	**FO 之 R-G 編號由 12 升至 21**（R-G13~R-G21 併入）。
docs/fw036/upstream/24_wp1_continuation.md	381	R-G21	AMBIGUOUS	NO_KW	**FO 之 R-G 編號由 12 升至 21**（R-G13~R-G21 併入）。
docs/fw036/upstream/24_wp1_continuation.md	393	R-G21	AMBIGUOUS	NO_KW	（+21 為 canon 之 R-G1~R-G21，+1 為 `RULINGS.md` 之永久對照表節被判 group）。
docs/fw036/upstream/24_wp1_continuation.md	453	R-G13	FO	CONTEXT_KW	## 十一、本包引用之裁決（R-G13 回報格式首次適用，§G）
docs/fw036/upstream/24_wp1_continuation.md	457	R-G13	FO	CONTEXT_KW	故該欄標 `pre-merge`；**canon 側 R-G13~R-G21 之 sha8 為本包併入後首次產生**。
docs/fw036/upstream/24_wp1_continuation.md	457	R-G21	AMBIGUOUS	NO_KW	故該欄標 `pre-merge`；**canon 側 R-G13~R-G21 之 sha8 為本包併入後首次產生**。
docs/fw036/upstream/24_wp1_continuation.md	463	R-G12	AMBIGUOUS	NO_KW	| `R-G12` | pre-merge | `eabe2726` | 首產 |
docs/fw036/upstream/24_wp1_continuation.md	464	R-G13	AMBIGUOUS	NO_KW	| `R-G13` | pre-merge | `abdc56e3` | 首產 |
docs/fw036/upstream/24_wp1_continuation.md	465	R-G14	AMBIGUOUS	NO_KW	| `R-G14` | pre-merge | `fb508d10` | 首產 |
docs/fw036/upstream/24_wp1_continuation.md	466	R-G15	AMBIGUOUS	NO_KW	| `R-G15` | pre-merge | `2aa0c28f` | 首產 |
docs/fw036/upstream/24_wp1_continuation.md	467	R-G16	AMBIGUOUS	NO_KW	| `R-G16` | pre-merge | `2ec55d94` | 首產 |
docs/fw036/upstream/24_wp1_continuation.md	468	R-G17	AMBIGUOUS	NO_KW	| `R-G17` | pre-merge | `24cdeec6` | 首產 |
docs/fw036/upstream/24_wp1_continuation.md	469	R-G18	AMBIGUOUS	NO_KW	| `R-G18` | pre-merge | `8f61f9fd` | 首產（§C 修訂版）|
docs/fw036/upstream/24_wp1_continuation.md	470	R-G19	AMBIGUOUS	NO_KW	| `R-G19` | pre-merge | `bd206972` | 首產 |
docs/fw036/upstream/24_wp1_continuation.md	471	R-G20	AMBIGUOUS	NO_KW	| `R-G20` | pre-merge | `3d0cd37b` | 首產 |
docs/fw036/upstream/24_wp1_continuation.md	472	R-G21	AMBIGUOUS	NO_KW	| `R-G21` | pre-merge | `1230e795` | 首產 |
docs/fw036/upstream/24_wp1_continuation.md	484	R-G18	AMBIGUOUS	NO_KW	**本欄之價值自下一包起顯現**（下放包引 `R-G18@8f61f9fd`，本層讀到不同值即停）。
docs/fw036/upstream/24_wp1_continuation.md	517	R-G20	AMBIGUOUS	NO_KW	**IN 之新 sha256 為 `61ccd5e5…`（sha8 `61ccd5e5`）** —— 依 R-G20@`3d0cd37b`，
docs/fw036/upstream/24_wp1_continuation.md	522	R-G12	FO	CONTEXT_KW	### 十二-2 建議之 commit（Pei 執行，pathspec 明列，R-G12@`eabe2726`）
docs/fw036/upstream/24_wp1_continuation.md	551	R-G13	AMBIGUOUS	NO_KW	feat(fw036): consolidate canon section 9 and land R-G13..R-G21
docs/fw036/upstream/24_wp1_continuation.md	551	R-G21	AMBIGUOUS	NO_KW	feat(fw036): consolidate canon section 9 and land R-G13..R-G21
docs/fw036/upstream/24_wp1_continuation.md	553	R-G12	AMBIGUOUS	NO_KW	Two `## 9.` sections merged into one; R-G1..R-G12 given a single landing
docs/fw036/upstream/24_wp1_continuation.md	555	R-G13	AMBIGUOUS	NO_KW	reconciled with the discrepancies recorded in FO 9.8.2. R-G13..R-G21 land
docs/fw036/upstream/24_wp1_continuation.md	555	R-G21	AMBIGUOUS	NO_KW	reconciled with the discrepancies recorded in FO 9.8.2. R-G13..R-G21 land
docs/fw036/upstream/24_wp1_continuation.md	573	R-G17	FO	CONTEXT_KW	3. **`GATES.tsv`（R-G17）尚未存在**，故 R-G21 之自查表對映無處可落 ——
docs/fw036/upstream/24_wp1_continuation.md	573	R-G21	FO	CONTEXT_KW	3. **`GATES.tsv`（R-G17）尚未存在**，故 R-G21 之自查表對映無處可落 ——
docs/fw036/upstream/24_wp1_continuation.md	575	R-G14	FO	CONTEXT_KW	4. **R-G14 綠色通道尚未有生效起點之裁定**（23 包 §I-3 之開放事項）。
docs/fw036/upstream/24_wp1_continuation.md	576	R-G14	FO	CONTEXT_KW	§8.8 已加註「除 R-G14 生效期間」，但**該期間何時開始未定** ——
docs/fw036/upstream/24_wp1_continuation.md	586	R-G13	AMBIGUOUS	NO_KW	引用，該引用將不符 —— **本包為 sha 首產，故無此情形**，但這是 R-G13
docs/fw036/upstream/25_wp2.md	13	R-G13	FO	CONTEXT_KW	## 一、R-G13 引用回報表（§G；R-G22 生效後首次適用）
docs/fw036/upstream/25_wp2.md	13	R-G22	FO	CONTEXT_KW	## 一、R-G13 引用回報表（§G；R-G22 生效後首次適用）
docs/fw036/upstream/25_wp2.md	20	R-G13	AMBIGUOUS	NO_KW	| `R-G13` | `abdc56e3` | `abdc56e3` | **符** |
docs/fw036/upstream/25_wp2.md	21	R-G14	AMBIGUOUS	NO_KW	| `R-G14` | `fb508d10` | `fb508d10` | **符** |
docs/fw036/upstream/25_wp2.md	22	R-G16	AMBIGUOUS	NO_KW	| `R-G16` | `2ec55d94` | `2ec55d94` | **符** |
docs/fw036/upstream/25_wp2.md	23	R-G17	AMBIGUOUS	NO_KW	| `R-G17` | `24cdeec6` | `24cdeec6` | **符** |
docs/fw036/upstream/25_wp2.md	24	R-G18	AMBIGUOUS	NO_KW	| `R-G18` | `8f61f9fd` | `8f61f9fd` | **符** |
docs/fw036/upstream/25_wp2.md	32	R-G22	FO	CONTEXT_KW	| `R-G22` | `bca29f8f` | `FEATURE_ONBOARDING.md` §9.2 |
docs/fw036/upstream/25_wp2.md	35	R-G14	AMBIGUOUS	NO_KW	**R-G14 之 sha8 未變（`fb508d10`）** —— 見 §五-1 之分歧說明。
docs/fw036/upstream/25_wp2.md	43	R-G22	AMBIGUOUS	NO_KW	| 1 | 裁定 C（R-G22）／D（R-VS82）／E（FO §2.1）落地 ＋ tsv 重產 | **交付**（§三）|
docs/fw036/upstream/25_wp2.md	67	R-G14	AMBIGUOUS	NO_KW	| 11 | R-G14 之 sha8（23b §D-6 預期「變」）| 變 | **不變（`fb508d10`）** | **不符 —— 依 25 包 §C 裁定 D 為正**（§五-1）|
docs/fw036/upstream/25_wp2.md	123	R-G22	AMBIGUOUS	NO_KW	惟本包自身新增之文字（R-G22 區塊、R-VS82 條文與其註、FO §2.1）
docs/fw036/upstream/25_wp2.md	185	R-G14	AMBIGUOUS	NO_KW	| 落點 | R-G14 錨點段內之「生效起點」小節 | **feature-scoped，落 `vehicle_setting/RULINGS.md`** |
docs/fw036/upstream/25_wp2.md	186	R-G14	AMBIGUOUS	NO_KW	| R-G14 之 sha | **會變**（23b §D-6 預期「變」）| **不變** |
docs/fw036/upstream/25_wp2.md	190	R-G14	AMBIGUOUS	NO_KW	落 `R-VS82`（`12177e4f`），R-G14 之 sha8 維持 `fb508d10`。
docs/fw036/upstream/25_wp2.md	192	R-G14	AMBIGUOUS	NO_KW	**其後果之差異不只是形式**：置於 canon 者，其他 feature 讀 R-G14 即見
docs/fw036/upstream/25_wp2.md	193	R-G14	AMBIGUOUS	NO_KW	vehicle_setting 之起算點；置於 feature 者，`R-G14` 保持通則、各 feature
docs/fw036/upstream/25_wp2.md	332	R-G16	AMBIGUOUS	NO_KW	**此為工具設計之已知限制**，非缺陷：R-G16 令「不得預設任一側為準」，
docs/fw036/upstream/25_wp2.md	360	R-G18	FO	CONTEXT_KW	| `canon_refs.py --waiver --gate` | 同上（R-G18 明令「每 feature close-out 必跑」）| waiver 外之 unresolved + ambiguous > 0 | 現為 PASS |
docs/fw036/upstream/25_wp2.md	463	R-G14	FO	CONTEXT_KW	`### R-VS82 —— R-G14 綠色通道於本 feature 之生效起點` 落檔後，
docs/fw036/upstream/25_wp2.md	467	R-G14	AMBIGUOUS	NO_KW	其 `*` 允許零個分隔符 —— 而本條之 slug 恰以另一條號 `R-G14` 起首。
docs/fw036/upstream/25_wp2.md	472	R-G12	AMBIGUOUS	NO_KW	`#### R-G4／R-G7 之原文與 R-G12 之來源` 為真群組），
docs/fw036/upstream/25_wp2.md	490	R-G22	AMBIGUOUS	NO_KW	| `docs/fw036/FEATURE_ONBOARDING.md` | 修改 +20/−2（R-G22、FO §2.1）| 1079 → **1097** |
docs/fw036/upstream/25_wp2.md	520	R-G20	AMBIGUOUS	NO_KW	依 R-G20@`3d0cd37b`，Project 副本之 re-sync 仍以該值為準。
docs/fw036/upstream/25_wp2.md	522	R-G12	FO	CONTEXT_KW	### 十二-2 建議之 commit（Pei 執行，pathspec 明列，R-G12@`eabe2726`）
docs/fw036/upstream/25_wp2.md	546	R-G22	FO	CONTEXT_KW	R-G22 (any character change to a ruling changes its sha) lands in FO 9.2;
docs/fw036/upstream/25_wp2.md	550	R-G17	AMBIGUOUS	NO_KW	data files, and gates_tsv.py builds the R-G17 gate ledger from lint036's
docs/fw036/upstream/25_wp2.md	569	R-G17	FO	CONTEXT_KW	或上繳包回填，本包未做。**R-G17 明列該欄，故現況為欄存在而值未有** ——
docs/fw036/upstream/25_wp2.md	573	R-G17	FO	CONTEXT_KW	R-G17 令「登錄每支 lint 閘」—— **本簿現為 `lint036` 之閘簿，不是全簿**。
docs/fw036/upstream/25_wp2.md	574	R-G21	FO	CONTEXT_KW	3. **R-G21（自查表機檢對映）未做** —— 其為 W-P3 §2 之題。惟 `GATES.tsv`
docs/fw036/upstream/26_wp3_closeout.md	8	R-G13	AMBIGUOUS	NO_KW	另揭並修**一項 R-G13 基礎缺陷**（分隔線被吸入前一條之雜湊，§六）。
docs/fw036/upstream/26_wp3_closeout.md	14	R-G13	AMBIGUOUS	NO_KW	## 一、R-G13 引用回報表（§G-1）
docs/fw036/upstream/26_wp3_closeout.md	19	R-G13	AMBIGUOUS	NO_KW	| `R-G13` | `abdc56e3` | `abdc56e3` | **符** |
docs/fw036/upstream/26_wp3_closeout.md	20	R-G18	AMBIGUOUS	NO_KW	| `R-G18` | `8f61f9fd` | `8f61f9fd` | **符** |
docs/fw036/upstream/26_wp3_closeout.md	21	R-G22	AMBIGUOUS	NO_KW	| `R-G22` | `bca29f8f` | `bca29f8f` | **符** |
docs/fw036/upstream/26_wp3_closeout.md	25	R-G23	AMBIGUOUS	NO_KW	**本包新產之 sha8**：`R-G23` = `67bae889`／`R-VS83` = `1936a6ab`。
docs/fw036/upstream/26_wp3_closeout.md	28	R-G13	AMBIGUOUS	NO_KW	> 而其條文**一字未改** —— 追因得 R-G13 之雜湊定義有缺陷（§六）。
docs/fw036/upstream/26_wp3_closeout.md	30	R-G22	FO	CONTEXT_KW	> 記成一次合法之條文變動**，而 R-G22 恰好會為它背書（「任何字元變動皆變更 sha」
docs/fw036/upstream/26_wp3_closeout.md	54	R-G23	AMBIGUOUS	NO_KW	本包作業期間落檔（`V31 包` 與 `V32 §1`）。本包所增為 `R-G23` 與 `R-VS83` 兩條，
docs/fw036/upstream/26_wp3_closeout.md	67	R-G23	AMBIGUOUS	NO_KW	| 4 | [DEFAULT] 落檔：R-VS83、R-G23、23b 標 [SUPERSEDED] | **交付**（§八）|
docs/fw036/upstream/26_wp3_closeout.md	68	R-G19	FO	CONTEXT_KW	| 5 | R-G19：prompt／exemplar 指紋入 manifest | **交付**（§九）|
docs/fw036/upstream/26_wp3_closeout.md	69	R-G21	AMBIGUOUS	NO_KW	| 6 | R-G21：自查 17 項對映 + A-H10 之 G-K 驗證 | **交付**（§十）|
docs/fw036/upstream/26_wp3_closeout.md	167	R-G18	FO	CONTEXT_KW	且違 R-G18「waiver 只減不增」。依 FO §8.2／裁定 2，附本說明上繳。
docs/fw036/upstream/26_wp3_closeout.md	170	R-G18	FO	CONTEXT_KW	其新寫之 `canon §N` 依 R-G18「適用於所有新寫文件」應書 `FO §N`／`IN §N`；
docs/fw036/upstream/26_wp3_closeout.md	174	R-G18	FO	CONTEXT_KW	### 五-0 本包自身亦踩到 R-G18 一次（自攔自修）
docs/fw036/upstream/26_wp3_closeout.md	183	R-G18	FO	CONTEXT_KW	**其可一般化**：R-G18 之條文寫「canon 節號引用一律帶文件前綴」，
docs/fw036/upstream/26_wp3_closeout.md	186	R-G18	FO	CONTEXT_KW	具名待裁：是否於 R-G18 補一句「並列時逐個帶前綴」。
docs/fw036/upstream/26_wp3_closeout.md	192	R-G23	AMBIGUOUS	NO_KW	| 1 | 於 FO §9.2 插入 R-G23 區塊 | `FEATURE_ONBOARDING.md` 之 `verbatim-ruling-text` 列由 784 → 786 |
docs/fw036/upstream/26_wp3_closeout.md	198	R-G18	AMBIGUOUS	NO_KW	而 `line` 會因**任何上方之插入**而變。R-G18 令「waiver 只減不增，新增即紅」
docs/fw036/upstream/26_wp3_closeout.md	218	R-G13	AMBIGUOUS	NO_KW	| FO §9.2 之 R-G13 條文（既有）| 條文本體以「canon」加裸節號 9 指向本節 → 已以 `verbatim-ruling-text` 豁免 |
docs/fw036/upstream/26_wp3_closeout.md	242	R-G13	AMBIGUOUS	NO_KW	## 六、R-G13 之基礎缺陷 —— 章節分隔線被吸入前一條之雜湊（**已修**）
docs/fw036/upstream/26_wp3_closeout.md	284	R-G22	FO	CONTEXT_KW	25 上繳 §七之 R-G22 論述寫過：「假性不符多了就會被當成噪音忽略 ——
docs/fw036/upstream/26_wp3_closeout.md	285	R-G13	AMBIGUOUS	NO_KW	**而那正是 R-G13 之效力所繫**」。本缺陷正是假性不符之製造機：
docs/fw036/upstream/26_wp3_closeout.md	287	R-G22	FO	CONTEXT_KW	而 R-G22（任何字元變動皆變更 sha）會為它背書 —— 只是這次一個字元都沒變。
docs/fw036/upstream/26_wp3_closeout.md	330	R-G23	FO	CONTEXT_KW	- **`R-G23`**（`67bae889`）入 FO §9.2 —— 同一工單只得一份有效下放包
docs/fw036/upstream/26_wp3_closeout.md	338	R-G23	AMBIGUOUS	NO_KW	| `26_wp3.md` | `[SUPERSEDED by 26_wp3_closeout.md]` | **R-G23（本包所立）** |
docs/fw036/upstream/26_wp3_closeout.md	339	R-G23	AMBIGUOUS	NO_KW	| `26_wp3_final.md` | 同上 | **R-G23（本包所立）** |
docs/fw036/upstream/26_wp3_closeout.md	341	R-G23	AMBIGUOUS	NO_KW	### 八-1 R-G23 在其宣告之同一輪即被違反 —— 且是本包自己
docs/fw036/upstream/26_wp3_closeout.md	345	R-G23	AMBIGUOUS	NO_KW	不同預期數字表，且**同一新條號 `R-G23` 被指派給兩件不同的事**
docs/fw036/upstream/26_wp3_closeout.md	353	R-G23	FO	CONTEXT_KW	**攔下它的不是任何閘** —— 是 `R-G23` 取號時之全 repo 掃描撞到了另兩份檔。
docs/fw036/upstream/26_wp3_closeout.md	357	R-G19	FO	CONTEXT_KW	## 九、R-G19 —— prompt／exemplar 指紋
docs/fw036/upstream/26_wp3_closeout.md	388	R-G21	AMBIGUOUS	NO_KW	## 十、R-G21 —— 自查 17 項對映（§G-3）
docs/fw036/upstream/26_wp3_closeout.md	466	R-G17	FO	CONTEXT_KW	R-G17 之除役統計失真。
docs/fw036/upstream/26_wp3_closeout.md	486	R-G13	FO	CONTEXT_KW	**其理由亦具名**：`R-XX@sha8` 之引用格式自 R-G13 生效（24 包）方始存在，
docs/fw036/upstream/26_wp3_closeout.md	501	R-G13	FO	CONTEXT_KW	| R-G13 | 裁決引用制（`R-XX@sha8`，取代逐字照錄）| `abdc56e3` |
docs/fw036/upstream/26_wp3_closeout.md	502	R-G14	FO	CONTEXT_KW	| R-G14 | 綠色通道（一批一上繳之例外）| `fb508d10` |
docs/fw036/upstream/26_wp3_closeout.md	503	R-G15	FO	CONTEXT_KW	| R-G15 | Pilot 退出準則（數字化 verdict）| `2aa0c28f` |
docs/fw036/upstream/26_wp3_closeout.md	504	R-G16	FO	CONTEXT_KW	| R-G16 | 預期數字自動生成 | `2ec55d94` |
docs/fw036/upstream/26_wp3_closeout.md	505	R-G17	FO	CONTEXT_KW	| R-G17 | 閘登錄簿與除役 | `24cdeec6` |
docs/fw036/upstream/26_wp3_closeout.md	506	R-G18	FO	CONTEXT_KW	| R-G18 | canon 引用唯一可解析（FO／IN 前綴 + waiver）| `8f61f9fd` |
docs/fw036/upstream/26_wp3_closeout.md	507	R-G19	FO	CONTEXT_KW	| R-G19 | prompt 指紋 | `bd206972` |
docs/fw036/upstream/26_wp3_closeout.md	508	R-G20	FO	CONTEXT_KW	| R-G20 | 規則副本同步指紋 | `3d0cd37b` |
docs/fw036/upstream/26_wp3_closeout.md	509	R-G21	FO	CONTEXT_KW	| R-G21 | 自查表機檢對映 | `1230e795` |
docs/fw036/upstream/26_wp3_closeout.md	510	R-G22	FO	CONTEXT_KW	| R-G22 | 條文任何字元變動皆變更其 sha | `bca29f8f` |
docs/fw036/upstream/26_wp3_closeout.md	511	R-G23	FO	CONTEXT_KW	| R-G23 | 同一工單只得一份有效下放包 **[DEFAULT]** | `67bae889` |
docs/fw036/upstream/26_wp3_closeout.md	512	R-G14	AMBIGUOUS	NO_KW	| R-VS82 | R-G14 於 vehicle_setting 之生效起點 | `12177e4f` |
docs/fw036/upstream/26_wp3_closeout.md	519	R-G13	AMBIGUOUS	NO_KW	| `rulings_hash.py` | 條文指紋表（R-G13）|
docs/fw036/upstream/26_wp3_closeout.md	520	R-G18	FO	CONTEXT_KW	| `canon_refs.py` | canon 引用解析 + waiver（R-G18）|
docs/fw036/upstream/26_wp3_closeout.md	521	R-G16	FO	CONTEXT_KW	| `expected_numbers.py` | 預期數字推導（R-G16）|
docs/fw036/upstream/26_wp3_closeout.md	522	R-G17	FO	CONTEXT_KW	| `gates_tsv.py` | 閘登錄簿（R-G17）|
docs/fw036/upstream/26_wp3_closeout.md	523	R-G21	FO	CONTEXT_KW	| `selfcheck_map.py` | 自查表對映（R-G21）|
docs/fw036/upstream/26_wp3_closeout.md	524	R-G19	FO	CONTEXT_KW	| `prompt_fingerprint.py` | prompt／exemplar 指紋（R-G19）|
docs/fw036/upstream/26_wp3_closeout.md	533	R-G12	AMBIGUOUS	NO_KW	R-G1～R-G12 單一落點，兩版摘要出入逐條記於 FO §9.8.2；
docs/fw036/upstream/26_wp3_closeout.md	552	R-G19	FO	CONTEXT_KW	| 9 | `vehicle_setting` 無 `make_batch_context.py` | —— | R-G19 之指紋未接入其批次產線（其批次由逐輪腳本產出）|
docs/fw036/upstream/26_wp3_closeout.md	560	R-G23	AMBIGUOUS	NO_KW	**R-G23（26_wp3.md 版之語意）與裁定 2 皆令其為上繳前必跑，
docs/fw036/upstream/26_wp3_closeout.md	564	R-G19	FO	CONTEXT_KW	非 Pei 所裁。若「模板」之定義有異，指紋所測者即非 R-G19 所指者。
docs/fw036/upstream/26_wp3_closeout.md	572	R-G14	FO	CONTEXT_KW	5. **`R-G14` 綠色通道尚未有任何一批適用。** R-VS82 令自下一量產批起算，
docs/fw036/upstream/26_wp3_closeout.md	586	R-G23	AMBIGUOUS	NO_KW	| `docs/fw036/FEATURE_ONBOARDING.md` | 修改（R-G23、§8.2 增列）| 1097 → 1133 |
docs/fw036/upstream/26_wp3_closeout.md	612	R-G12	FO	CONTEXT_KW	### 十四-2 建議之 commit（Pei 執行，pathspec 明列，R-G12@`eabe2726`）
docs/fw036/upstream/26_wp3_closeout.md	645	R-G23	AMBIGUOUS	NO_KW	R-VF26. R-G23 and R-VS83 land as [DEFAULT] rulings, and gate_all.py runs
docs/fw036/upstream/26_wp3_closeout.md	649	R-G19	FO	CONTEXT_KW	batch (R-G19), listing each source so drift can be attributed rather than
docs/fw036/upstream/26_wp3_closeout.md	651	R-G21	AMBIGUOUS	NO_KW	full, partial or manual (R-G21), naming for each partial item what the gate
docs/fw036/upstream/26_wp3_closeout.md	656	R-G13	AMBIGUOUS	NO_KW	rulings_hash.py had a defect at the base of R-G13: a section's trailing
docs/fw036/upstream/26_wp3_closeout.md	676	R-G19	AMBIGUOUS	NO_KW	—— 該函式是 R-G19 攔漂移之處，而它現在只有原始碼，沒有證據。
docs/fw036/upstream/26_wp3_closeout.md	679	R-G17	FO	CONTEXT_KW	不會被 R-G17 之除役統計涵蓋。** 這與「入簿」二字的字面承諾有落差。
docs/fw036/upstream/27_global_closeout.md	10	R-G23	AMBIGUOUS	NO_KW	**VS 線檔案**：全程唯讀，未改一字（R-G23′ 單線原則）。
docs/fw036/upstream/27_global_closeout.md	14	R-G13	FO	CONTEXT_KW	## 一、R-G13 引用回報表
docs/fw036/upstream/27_global_closeout.md	19	R-G13	AMBIGUOUS	NO_KW	| `R-G13` | `abdc56e3` | 未動 |
docs/fw036/upstream/27_global_closeout.md	20	R-G18	AMBIGUOUS	NO_KW	| `R-G18` | `8f61f9fd` | 未動（其判準之實作改了，條文未改）|
docs/fw036/upstream/27_global_closeout.md	21	R-G22	AMBIGUOUS	NO_KW	| `R-G22` | `bca29f8f` | 未動 |
docs/fw036/upstream/27_global_closeout.md	22	R-G23	AMBIGUOUS	NO_KW	| `R-G23` | `67bae889` | **未動一字**（下放包 §二所令）|
docs/fw036/upstream/27_global_closeout.md	23	R-G23	AMBIGUOUS	NO_KW	| `R-G23′` | **`990b1c2e`** | **本包新產** |
docs/fw036/upstream/27_global_closeout.md	41	R-G23	AMBIGUOUS	NO_KW	| **新增** | **2** | `R-G23′`（本包 §二落檔，`990b1c2e`）、`R-VF95`（V33 §C-1 落檔，`876654d9`）|
docs/fw036/upstream/27_global_closeout.md	51	R-G22	FO	CONTEXT_KW	**R-G22 依其字面正確運作**：任何字元變動皆變更 sha。
docs/fw036/upstream/27_global_closeout.md	52	R-G22	FO	CONTEXT_KW	**具名一項語意落差**：R-G22 說的是「條文」，而工具量的是「錨點本體」；
docs/fw036/upstream/27_global_closeout.md	73	R-G23	AMBIGUOUS	NO_KW	**372 落在調查範圍之數列上**（V33 成文時 `R-VF95`／`R-G23′` 尚未落檔、
docs/fw036/upstream/27_global_closeout.md	205	R-G23	AMBIGUOUS	NO_KW	**本包不落檔**（R-VF83 為 VS 條文，R-G23′ 單線原則）。
docs/fw036/upstream/27_global_closeout.md	225	R-G23	AMBIGUOUS	NO_KW	| `violations_caught` | **撞號 2** | 25 包撞 23b／25 兩份同輪包；26 包三份同輪包且 `R-G23` 一號二用 |
docs/fw036/upstream/27_global_closeout.md	226	R-G23	AMBIGUOUS	NO_KW	| | **waiver 假性新增 2** | 插入 R-G23 區塊、加 [SUPERSEDED] 標頭各一次 |
docs/fw036/upstream/27_global_closeout.md	276	R-G23	AMBIGUOUS	NO_KW	| `docs/fw036/FEATURE_ONBOARDING.md` | 修改（R-G23′ 入 §9.2 ＋ 導覽表一列）|
docs/fw036/upstream/27_global_closeout.md	302	R-G22	FO	CONTEXT_KW	4. **`R-VF94` 之 sha 變動揭出 R-G22 與工具之語意落差**（§二之三條成因）：
docs/fw036/upstream/27_global_closeout.md	303	R-G22	FO	CONTEXT_KW	R-G22 說「條文」，工具量「錨點本體」。**本包只回報，未提修法** ——
docs/fw036/upstream/27_global_closeout.md	304	R-G22	FO	CONTEXT_KW	若要一致，須擇一：條文後之註記另立錨點，或 R-G22 改稱「錨點本體」。
docs/fw036/upstream/27_global_wrapup.md	10	R-G13	AMBIGUOUS	NO_KW	另揭並修**一項 R-G13 工具缺陷**（`<details>` 巢深誤計，§六）。
docs/fw036/upstream/27_global_wrapup.md	17	R-G13	AMBIGUOUS	NO_KW	## 一、R-G13 引用回報表（§G-1）
docs/fw036/upstream/27_global_wrapup.md	22	R-G13	AMBIGUOUS	NO_KW	| `R-G13` | `abdc56e3` | `abdc56e3` | **符** |
docs/fw036/upstream/27_global_wrapup.md	23	R-G18	AMBIGUOUS	NO_KW	| `R-G18` | `8f61f9fd` | `8f61f9fd` | **符** |
docs/fw036/upstream/27_global_wrapup.md	24	R-G22	FO	CONTEXT_KW	| `R-G22` | `bca29f8f` | `bca29f8f` | **符** |
docs/fw036/upstream/27_global_wrapup.md	27	R-G17	AMBIGUOUS	NO_KW	`R-G6` = `6ad48387`／`R-G9` = `d4f630f0`／`R-G17` = `24cdeec6`／
docs/fw036/upstream/27_global_wrapup.md	28	R-G23	AMBIGUOUS	NO_KW	`R-G23` = `67bae889`／`R-G23′` = `990b1c2e`／`R-G24` = `bd9a8cc0`。
docs/fw036/upstream/27_global_wrapup.md	28	R-G23	AMBIGUOUS	NO_KW	`R-G23` = `67bae889`／`R-G23′` = `990b1c2e`／`R-G24` = `bd9a8cc0`。
docs/fw036/upstream/27_global_wrapup.md	28	R-G24	AMBIGUOUS	NO_KW	`R-G23` = `67bae889`／`R-G23′` = `990b1c2e`／`R-G24` = `bd9a8cc0`。
docs/fw036/upstream/27_global_wrapup.md	30	R-G25	AMBIGUOUS	NO_KW	**本包新產之 sha8**：`R-G25` = `50be5127`／`R-G26` = `ce4fdff2`／
docs/fw036/upstream/27_global_wrapup.md	30	R-G26	AMBIGUOUS	NO_KW	**本包新產之 sha8**：`R-G25` = `50be5127`／`R-G26` = `ce4fdff2`／
docs/fw036/upstream/27_global_wrapup.md	31	R-G27	AMBIGUOUS	NO_KW	`R-G27` = `2bd39a12`。
docs/fw036/upstream/27_global_wrapup.md	49	R-G24	AMBIGUOUS	NO_KW	其為 bed_lowering 01 包於 08-26 落檔之 `R-G24`，尚未 commit。
docs/fw036/upstream/27_global_wrapup.md	54	R-G23	AMBIGUOUS	NO_KW	### 二-2 三條新條文之預配號已被佔用 —— **R-G23′ 之失效模式重演，而本包正是寫下 R-G23′ 的那一包**
docs/fw036/upstream/27_global_wrapup.md	54	R-G23	AMBIGUOUS	NO_KW	### 二-2 三條新條文之預配號已被佔用 —— **R-G23′ 之失效模式重演，而本包正是寫下 R-G23′ 的那一包**
docs/fw036/upstream/27_global_wrapup.md	56	R-G24	FO	CONTEXT_KW	本包成於 08-24，§C 預配 `R-G24`／`R-G25`／`R-G26`。
docs/fw036/upstream/27_global_wrapup.md	56	R-G25	AMBIGUOUS	NO_KW	本包成於 08-24，§C 預配 `R-G24`／`R-G25`／`R-G26`。
docs/fw036/upstream/27_global_wrapup.md	56	R-G26	AMBIGUOUS	NO_KW	本包成於 08-24，§C 預配 `R-G24`／`R-G25`／`R-G26`。
docs/fw036/upstream/27_global_wrapup.md	57	R-G24	FO	CONTEXT_KW	08-26 bed_lowering 01 包 **live 取號**佔用 `R-G24`（下放指示之路徑實在性）。
docs/fw036/upstream/27_global_wrapup.md	59	R-G23	FO	CONTEXT_KW	依 R-G23′「取號一律 live」，三條順延為 **`R-G25`／`R-G26`／`R-G27`**，
docs/fw036/upstream/27_global_wrapup.md	59	R-G25	AMBIGUOUS	NO_KW	依 R-G23′「取號一律 live」，三條順延為 **`R-G25`／`R-G26`／`R-G27`**，
docs/fw036/upstream/27_global_wrapup.md	59	R-G26	AMBIGUOUS	NO_KW	依 R-G23′「取號一律 live」，三條順延為 **`R-G25`／`R-G26`／`R-G27`**，
docs/fw036/upstream/27_global_wrapup.md	59	R-G27	AMBIGUOUS	NO_KW	依 R-G23′「取號一律 live」，三條順延為 **`R-G25`／`R-G26`／`R-G27`**，
docs/fw036/upstream/27_global_wrapup.md	62	R-G23	AMBIGUOUS	NO_KW	> **這是 R-G23 撞號之後的第二例。** R-G23′ 之立條理由逐字寫著
docs/fw036/upstream/27_global_wrapup.md	62	R-G23	AMBIGUOUS	NO_KW	> **這是 R-G23 撞號之後的第二例。** R-G23′ 之立條理由逐字寫著
docs/fw036/upstream/27_global_wrapup.md	115	R-G25	AMBIGUOUS	NO_KW	| 3 | 本包 §D-2 新落檔（`R-G25`／`R-G26`／`R-G27`）|
docs/fw036/upstream/27_global_wrapup.md	115	R-G26	AMBIGUOUS	NO_KW	| 3 | 本包 §D-2 新落檔（`R-G25`／`R-G26`／`R-G27`）|
docs/fw036/upstream/27_global_wrapup.md	115	R-G27	AMBIGUOUS	NO_KW	| 3 | 本包 §D-2 新落檔（`R-G25`／`R-G26`／`R-G27`）|
docs/fw036/upstream/27_global_wrapup.md	117	R-G24	AMBIGUOUS	NO_KW	| 1 | `R-G24`（bed_lowering 01 包，本包執行前已在工作區）|
docs/fw036/upstream/27_global_wrapup.md	120	R-G22	FO	CONTEXT_KW	（`R-VF91`–`95`、`R-VS82`／`83`、`R-G22`／`23`）**在舊 tsv 中即已在列**，
docs/fw036/upstream/27_global_wrapup.md	126	R-G23	AMBIGUOUS	NO_KW	### D-2 R-G23′ 與三條新條文入 FO —— **交付**
docs/fw036/upstream/27_global_wrapup.md	128	R-G23	AMBIGUOUS	NO_KW	* `R-G23′` **本輪無須轉錄** —— 其已在 `FO:948–967`（26 包已落）。
docs/fw036/upstream/27_global_wrapup.md	130	R-G25	AMBIGUOUS	NO_KW	* `R-G25`／`R-G26`／`R-G27` 落於 `FO:1012`／`1034`／`1049`，
docs/fw036/upstream/27_global_wrapup.md	130	R-G26	AMBIGUOUS	NO_KW	* `R-G25`／`R-G26`／`R-G27` 落於 `FO:1012`／`1034`／`1049`，
docs/fw036/upstream/27_global_wrapup.md	130	R-G27	AMBIGUOUS	NO_KW	* `R-G25`／`R-G26`／`R-G27` 落於 `FO:1012`／`1034`／`1049`，
docs/fw036/upstream/27_global_wrapup.md	131	R-G21	AMBIGUOUS	NO_KW	§9.2 導覽表加三列，節標題射程由「R-G1 ～ R-G21」更新為「～ R-G27」
docs/fw036/upstream/27_global_wrapup.md	131	R-G27	AMBIGUOUS	NO_KW	§9.2 導覽表加三列，節標題射程由「R-G1 ～ R-G21」更新為「～ R-G27」
docs/fw036/upstream/27_global_wrapup.md	132	R-G22	AMBIGUOUS	NO_KW	（該標題自 `R-G22` 落檔起即已失準，非本包所致）。
docs/fw036/upstream/27_global_wrapup.md	133	R-G25	AMBIGUOUS	NO_KW	* 每條附一段**分工註**：R-G25 與 R-G3（手段 vs 位置）、
docs/fw036/upstream/27_global_wrapup.md	134	R-G26	AMBIGUOUS	NO_KW	R-G26 與 R-G12（專門 commit 之理由）、R-G27 與 R-G24（投遞區 vs 落點）。
docs/fw036/upstream/27_global_wrapup.md	134	R-G12	AMBIGUOUS	NO_KW	R-G26 與 R-G12（專門 commit 之理由）、R-G27 與 R-G24（投遞區 vs 落點）。
docs/fw036/upstream/27_global_wrapup.md	134	R-G27	AMBIGUOUS	NO_KW	R-G26 與 R-G12（專門 commit 之理由）、R-G27 與 R-G24（投遞區 vs 落點）。
docs/fw036/upstream/27_global_wrapup.md	134	R-G24	AMBIGUOUS	NO_KW	R-G26 與 R-G12（專門 commit 之理由）、R-G27 與 R-G24（投遞區 vs 落點）。
docs/fw036/upstream/27_global_wrapup.md	212	R-G25	FO	CONTEXT_KW	**基線制**（R-G25「管新檔；既有不搬移」之落地）：
docs/fw036/upstream/27_global_wrapup.md	227	R-G25	AMBIGUOUS	NO_KW	> 也算違規，基線遂為 **756 列**。R-G25 之表對 `sandbox/` 只限定
docs/fw036/upstream/27_global_wrapup.md	324	R-G18	AMBIGUOUS	NO_KW	**本包不重出 waiver。** R-G18 令 waiver **只減不增，新增即紅**；
docs/fw036/upstream/27_global_wrapup.md	334	R-G13	AMBIGUOUS	NO_KW	## 六、R-G13 之工具缺陷 —— `<details>` 巢深誤計（**已修**）
docs/fw036/upstream/27_global_wrapup.md	367	R-G22	FO	CONTEXT_KW	> R-G22（任何字元變動皆變更 sha）在此**幫不上忙** ——
docs/fw036/upstream/27_global_wrapup.md	378	R-G24	AMBIGUOUS	NO_KW	`RULINGS.sha.tsv` 含 `R-G24`（`bd9a8cc0`）—— 該行之有效性
docs/fw036/upstream/27_global_wrapup.md	400	R-G23	FO	CONTEXT_KW	**這不是下放包寫錯，是下放包沒有過期機制。** R-G23′ 管的是
docs/fw036/upstream/27_global_wrapup.md	432	R-G26	FO	CONTEXT_KW	**R-G26 首輪之可移除數為 0，是這批線的一項體檢結果**。
docs/fw036/upstream/27_global_wrapup.md	440	R-G18	FO	CONTEXT_KW	| 1 | `canon_refs` FAIL 460；waiver 停在 456 列 | **Pei 裁定**（R-G18 只減不增，不得由執行層重出）| `gate_all` exit 0 |
docs/fw036/upstream/27_global_wrapup.md	446	R-G20	AMBIGUOUS	NO_KW	| 7 | IN 副本 sha 更新 | **Pei** | R-G20 |
docs/fw036/upstream/27_global_wrapup.md	459	R-G25	AMBIGUOUS	NO_KW	| `docs/fw036/FEATURE_ONBOARDING.md` | 改：＋`R-G25`／`R-G26`／`R-G27`，導覽表＋3 列，節標題射程 |
docs/fw036/upstream/27_global_wrapup.md	459	R-G26	AMBIGUOUS	NO_KW	| `docs/fw036/FEATURE_ONBOARDING.md` | 改：＋`R-G25`／`R-G26`／`R-G27`，導覽表＋3 列，節標題射程 |
docs/fw036/upstream/27_global_wrapup.md	459	R-G27	AMBIGUOUS	NO_KW	| `docs/fw036/FEATURE_ONBOARDING.md` | 改：＋`R-G25`／`R-G26`／`R-G27`，導覽表＋3 列，節標題射程 |
docs/fw036/upstream/27_global_wrapup.md	478	R-G13	AMBIGUOUS	NO_KW	R-G9@`d4f630f0`、R-G13@`abdc56e3`、R-G17@`24cdeec6`、R-G18@`8f61f9fd`、
docs/fw036/upstream/27_global_wrapup.md	478	R-G17	AMBIGUOUS	NO_KW	R-G9@`d4f630f0`、R-G13@`abdc56e3`、R-G17@`24cdeec6`、R-G18@`8f61f9fd`、
docs/fw036/upstream/27_global_wrapup.md	478	R-G18	FO	CONTEXT_KW	R-G9@`d4f630f0`、R-G13@`abdc56e3`、R-G17@`24cdeec6`、R-G18@`8f61f9fd`、
docs/fw036/upstream/27_global_wrapup.md	479	R-G22	AMBIGUOUS	NO_KW	R-G22@`bca29f8f`、R-G23@`67bae889`、R-G23′@`990b1c2e`、R-G24@`bd9a8cc0`、
docs/fw036/upstream/27_global_wrapup.md	479	R-G23	AMBIGUOUS	NO_KW	R-G22@`bca29f8f`、R-G23@`67bae889`、R-G23′@`990b1c2e`、R-G24@`bd9a8cc0`、
docs/fw036/upstream/27_global_wrapup.md	479	R-G23	AMBIGUOUS	NO_KW	R-G22@`bca29f8f`、R-G23@`67bae889`、R-G23′@`990b1c2e`、R-G24@`bd9a8cc0`、
docs/fw036/upstream/27_global_wrapup.md	479	R-G24	AMBIGUOUS	NO_KW	R-G22@`bca29f8f`、R-G23@`67bae889`、R-G23′@`990b1c2e`、R-G24@`bd9a8cc0`、
docs/fw036/upstream/56_rg28_close.md	6	R-G28	AMBIGUOUS	NO_KW	- **⚠ 本輪二項須先看**：§2 **`R-G28` 之 sha 變了**；§1 四個 feature 各有一批未檢之圖
docs/fw036/upstream/56_rg28_close.md	39	R-G28	AMBIGUOUS	NO_KW	R-G28 令記入「**各該 feature 之 `RECON.md` 或等價處**」。
docs/fw036/upstream/56_rg28_close.md	47	R-G28	AMBIGUOUS	NO_KW	## 2. ⚠ T68b —— **`R-G28` 之 sha 變了**，而其條文本體一字未動
docs/fw036/upstream/56_rg28_close.md	49	R-G28	AMBIGUOUS	NO_KW	拘束文字已逐字增補於 R-G28 之**成因段**（非條文本體）。重生後：
docs/fw036/upstream/56_rg28_close.md	53	R-G28	AMBIGUOUS	NO_KW	| `R-G28` `sha8` | `e1093545` | **`0336d5bc`** |
docs/fw036/upstream/56_rg28_close.md	62	R-G13	FO	CONTEXT_KW	> 而 R-G13 之用途是：下放包引 `sha8`，執行層據以確認**條文未被改過**。
docs/fw036/upstream/56_rg28_close.md	65	R-G13	FO	CONTEXT_KW	> 執行層依 R-G13 須停下回報，而其實條文根本沒動。
docs/fw036/upstream/56_rg28_close.md	68	R-G28	AMBIGUOUS	NO_KW	> **而 R-G28 之條文與其提交時逐字相同。**
docs/fw036/upstream/56_rg28_close.md	72	R-G13	AMBIGUOUS	NO_KW	**R-G13 之引用比對用前者**，後者供「本節有無任何變動」之查核。
docs/fw036/upstream/56_rg28_close.md	97	R-G28	AMBIGUOUS	NO_KW	docs(fw036): regenerate RULINGS.sha.tsv after R-G28 (no existing sha changed;
docs/fw036/upstream/56_rg28_close.md	103	R-G28	AMBIGUOUS	NO_KW	**且該次提交所據之 `R-G28` sha 已因 §2 而失效，須再提交一次。**
docs/fw036/upstream/56_rg28_close.md	193	R-G28	AMBIGUOUS	NO_KW	| 6 | `R-G28` 新 sha `0336d5bc` 之提交（`d7860d0` 所載已失效） | 2、3.1 |
docs/fw036/upstream/57_sha_split.md	5	R-G12	AMBIGUOUS	NO_KW	- **⚠ 三項須先看**：§1 **545 條之引用全部須換發**；§1.2 **74 條之假性不符未解**（含 `R-G1`–`R-G12`）；§5 **選組時二個判準互相衝突，我取了配額**
docs/fw036/upstream/57_sha_split.md	34	R-G12	AMBIGUOUS	NO_KW	### 1.2 ⚠ **74 條之假性不符未解，而 `R-G1`–`R-G12` 全在其中**
docs/fw036/upstream/57_sha_split.md	37	R-G13	AMBIGUOUS	NO_KW	**R-G13 之假性不符對它們一字未解**。其分佈：
docs/fw036/upstream/57_sha_split.md	43	R-G12	AMBIGUOUS	NO_KW	| **`docs/fw036/FEATURE_ONBOARDING.md`** | **12** —— **即 `R-G1` 至 `R-G12`** |
docs/fw036/upstream/57_sha_split.md	73	R-G12	AMBIGUOUS	NO_KW	**仍相符之 2 處為 `R-G5` 與 `R-G12`** —— **正因為它們沒有 fenced block**
docs/fw036/upstream/57_sha_split.md	76	R-G18	AMBIGUOUS	NO_KW	**三個檔皆為歷史包，依 R-G18 之精神不追改。** 清單如上，換發與否屬分析層。
docs/fw036/upstream/57_sha_split.md	84	R-G22	FO	CONTEXT_KW	"git commit -m ""docs(fw036): split body_sha from section_sha (R-G22')"
docs/fw036/upstream/57_sha_split.md	86	R-G13	FO	CONTEXT_KW	R-G13 citations now compare body_sha8. 545 of 619 rulings change; the other
docs/fw036/upstream/57_sha_split.md	88	R-G12	AMBIGUOUS	NO_KW	mismatch problem is unsolved for them (R-G1..R-G12 included).
docs/fw036/upstream/57_sha_split.md	99	R-G24	AMBIGUOUS	NO_KW	**依 R-G24 不逕建**，本節即其記錄：**全域線上繳採下放包號，
docs/fw036/upstream/57_sha_split.md	181	R-G13	AMBIGUOUS	NO_KW	**(乙) 其代價可量**：74 條（**12%**）之 R-G13 假性不符未解；
docs/fw036/upstream/57_sha_split.md	182	R-G12	AMBIGUOUS	NO_KW	**而 `R-G1`–`R-G12` 全在其中** —— 那是全域最常被引用的十二條
docs/fw036/upstream/57_sha_split.md	216	R-G18	AMBIGUOUS	NO_KW	| 5 | 既有 10 處引用之換發與否（歷史包，R-G18 不追改） | 2 |
docs/fw036/upstream/58_body_kind.md	22	R-G12	AMBIGUOUS	NO_KW	我寫過「**74 條之假性不符未解，而 `R-G1`–`R-G12` 全在其中**」，
docs/fw036/upstream/58_body_kind.md	25	R-G12	AMBIGUOUS	NO_KW	**分類後：`R-G1`–`R-G12` 十二條全部為 (a) 類。**
docs/fw036/upstream/58_body_kind.md	29	R-G12	AMBIGUOUS	NO_KW	| `R-G1`–`R-G12` | 1–4 行 | **0** | **0** | **全部 (a)** |
docs/fw036/upstream/58_body_kind.md	31	R-G12	AMBIGUOUS	NO_KW	**逐條目視覆核（`R-G8` 一行、`R-G12` 四行）確認其節內確實全為規範文字。**
docs/fw036/upstream/58_body_kind.md	68	R-G13	FO	CONTEXT_KW	`ics_management` 1、**`docs/fw036/FEATURE_ONBOARDING.md` 1（`R-G13`）**。
docs/fw036/upstream/58_body_kind.md	70	R-G13	FO	CONTEXT_KW	> ⚠ **`R-G13` 自己在這 22 條裡** —— **管引用制的那一條，其 `body_sha` 因本次改制而變**
docs/fw036/upstream/58_body_kind.md	198	R-G12	AMBIGUOUS	NO_KW	**(戊) 一項自陳**：我上一包說「74 條未解、`R-G1`–`R-G12` 全在其中、
docs/fw036/upstream/58_body_kind.md	211	R-G17	FO	CONTEXT_KW	| 2 | **「條文須加框」立為不變式並以 `lint_docs036` 守之** —— 其為 R-G17 之閘登錄對象 | 6(丁) |
docs/fw036/upstream/58_body_kind.md	212	R-G13	AMBIGUOUS	NO_KW	| 3 | `R-G13` 自身之 `body_sha` 因本次改制而變（`e67a4fc3` → `854f1050`）—— 追認 | 2 |
docs/fw036/upstream/59_frame_invariant.md	44	R-G29	AMBIGUOUS	NO_KW	**`R-G29` 條文中之存量數已依實測改記為 `(a) 26／(b) 48`**（T71b）。
docs/fw036/upstream/59_frame_invariant.md	52	R-G12	AMBIGUOUS	NO_KW	| `docs/fw036/FEATURE_ONBOARDING.md` | 12（`R-G1`–`R-G12`） | +24 −0 |
docs/fw036/upstream/59_frame_invariant.md	69	R-G29	FO	CONTEXT_KW	- **T71b**：`R-G29 [DEFAULT]` 已寫入 `FO §9.2`（索引表列 ＋ 條文區，位於 `R-G28` 之後），
docs/fw036/upstream/59_frame_invariant.md	69	R-G28	AMBIGUOUS	NO_KW	- **T71b**：`R-G29 [DEFAULT]` 已寫入 `FO §9.2`（索引表列 ＋ 條文區，位於 `R-G28` 之後），
docs/fw036/upstream/59_frame_invariant.md	71	R-G29	FO	CONTEXT_KW	`GATES.tsv` 增一列 `body_kind`／`lint_docs036`／`R-G29 [DEFAULT]`，
docs/fw036/upstream/59_frame_invariant.md	76	R-G13	FO	CONTEXT_KW	「`R-G13` 自身之 `body_sha` 亦因本次改制而變（`e67a4fc3` → `854f1050`）——
docs/fw036/upstream/59_frame_invariant.md	141	R-G29	AMBIGUOUS	NO_KW	> **「該 feature 之條文書寫慣例與 R-G29 不相容」**。列待裁 #2。
docs/fw036/upstream/59_frame_invariant.md	198	R-G29	AMBIGUOUS	NO_KW	| 1 | **(a)/(b) 之數更正為 26／48**，`R-G29` 條文已依實測改記 —— 追認 | 1 |
docs/fw036/upstream/59_frame_invariant.md	199	R-G29	AMBIGUOUS	NO_KW	| 2 | **`audio_mgmt` 之 7 條以 `>` 書寫條文** —— 其與 R-G29 之相容性須先裁，再談框範圍 | 5 |
docs/fw036/upstream/62_reverse_probe.md	108	R-G13	AMBIGUOUS	NO_KW	### 5.1 §七-5：分批清理期間，R-G13 之比對會逐條無預警地開始不符
docs/fw036/upstream/62_reverse_probe.md	117	R-G13	FO	CONTEXT_KW	**(乙) 而 R-G13 之比對在這種狀態下會給出錯誤之訊號**：執行層讀 repo 得新值、
docs/fw036/upstream/62_reverse_probe.md	118	R-G13	AMBIGUOUS	NO_KW	下放包帶舊值 → **報「不符」→ 依 R-G13 須停下** ——
docs/fw036/upstream/62_reverse_probe.md	120	R-G13	AMBIGUOUS	NO_KW	**R-G13 就失效了** —— **二者皆壞。**
docs/fw036/upstream/62_reverse_probe.md	126	R-G13	AMBIGUOUS	NO_KW	> **R-G13 之比對於 `refenced`／`pending-frame` 者，其不符**不觸發停止**，
docs/fw036/upstream/62_reverse_probe.md	155	R-G13	AMBIGUOUS	NO_KW	| 1 | **`frame_state` 欄之增設**（清理期間 R-G13 之不符不觸發停止） | 5.1(丙) |
docs/fw036/upstream/63_dup_scan.md	78	R-G13	FO	CONTEXT_KW	> **R-G13 若比對 `body_sha8`，其假性不符只有 5 條**（且該 5 條是**真的**變了，
docs/fw036/upstream/63_dup_scan.md	167	R-G13	FO	CONTEXT_KW	| 3 | **以 `frame_state` 之 5 條 `refenced` 回測 R-G13 之實際誤報率** | 可證「假性不符只有 5 條」這句話 —— **即我 §2 之更正本身可被驗證** | 需要一份帶 sha8 之下放包樣本；**手上只有 13 處引用，樣本太小** |
docs/fw036/upstream/64_frame_a.md	23	R-G29	FO	CONTEXT_KW	> **`R-G29` 之射程即 `kind == ruling`** —— `group`／`report`／`superseded` 不在其內，
docs/fw036/upstream/64_frame_a.md	44	R-G24	AMBIGUOUS	NO_KW	10 | 投遞區 `_intake/Popup/`（TitleCase，R-G24 已建妥並實測）。  ← 訊號
docs/fw036/upstream/64_frame_a.md	66	R-G27	FO	CONTEXT_KW	56 | **引用原位不搬**（既有共用件，sw_update A-SU3 前例；R-G27「既有檔案  ← 訊號
docs/fw036/upstream/64_frame_a.md	97	R-G13	FO	CONTEXT_KW	111 | 因本次擴範圍而變（變動即停下回報）。理由：R-G13 明定條文落各 feature  ← 訊號
docs/fw036/upstream/65_frame_b.md	278	R-G13	FO	CONTEXT_KW	> **R-G13 之比對改為三段**：與 `sha.tsv` 相同 → `clean`；
docs/reports/gc_candidates_27.tsv	2	R-G26	AMBIGUOUS	NO_KW	"amfm	—	無候選	已掃，無符合 R-G26 之候選"
docs/reports/gc_candidates_27.tsv	3	R-G26	AMBIGUOUS	NO_KW	"power_moding	—	無候選	已掃，無符合 R-G26 之候選"
docs/reports/gc_candidates_27.tsv	4	R-G26	AMBIGUOUS	NO_KW	"home	—	無候選	已掃，無符合 R-G26 之候選"
docs/reports/gc_candidates_27.tsv	5	R-G26	AMBIGUOUS	NO_KW	"media	—	無候選	已掃，無符合 R-G26 之候選"
docs/reports/gc_candidates_27.tsv	6	R-G26	FO	CONTEXT_KW	"projection	—	無候選	已掃，無符合 R-G26 之候選"
docs/reports/rg_collision_20260905.tsv	13	R-G12	AMBIGUOUS	BOTH_KW(2/2)	"R-G12	參考素材庫之位置與 manifest	docs/fw036/RULINGS_LEDGER.md:122	`git commit` 一律帶 pathspec	docs/fw036/FEATURE_ONBOARDING.md:824	DIFFERENT"
docs/reports/rg_collision_20260905.tsv	14	R-G13	AMBIGUOUS	BOTH_KW(1/2)	"R-G13	查無之成立要件	docs/fw036/RULINGS_LEDGER.md:144	裁決引用制（取代 FO §8.1「裁決逐字照錄」）	docs/fw036/FEATURE_ONBOARDING.md:833	DIFFERENT"
docs/reports/rg_collision_20260905.tsv	15	R-G14	AMBIGUOUS	BOTH_KW(2/1)	"R-G14	查無台帳	docs/fw036/RULINGS_LEDGER.md:160	綠色通道（FO §8.8 之例外）	docs/fw036/FEATURE_ONBOARDING.md:856	DIFFERENT"
docs/reports/rg_collision_20260905.tsv	16	R-G15	AMBIGUOUS	BOTH_KW(2/2)	"R-G15	參考資料庫之版本綁定	docs/fw036/RULINGS_LEDGER.md:193	Pilot 退出準則	docs/fw036/FEATURE_ONBOARDING.md:867	DIFFERENT"
docs/reports/rg_collision_20260905.tsv	17	R-G16	AMBIGUOUS	BOTH_KW(2/1)	"R-G16	量測與聚合分離	docs/fw036/RULINGS_LEDGER.md:227	預期數字自動生成	docs/fw036/FEATURE_ONBOARDING.md:882	DIFFERENT"
docs/reports/rg_collision_20260905.tsv	18	R-G17	AMBIGUOUS	BOTH_KW(3/2)	"R-G17	匯出檔之自帶字典須逐欄校驗	docs/fw036/RULINGS_LEDGER.md:293	閘登錄簿與除役	docs/fw036/FEATURE_ONBOARDING.md:891	DIFFERENT"
docs/reports/rg_collision_20260905.tsv	19	R-G18	AMBIGUOUS	BOTH_KW(2/2)	"R-G18	`--scaffold` 之搬移使 intake 不可重現	docs/fw036/RULINGS_LEDGER.md:324	canon 引用唯一可解析	docs/fw036/FEATURE_ONBOARDING.md:902	DIFFERENT"
docs/reports/rg_collision_20260905.tsv	20	R-G19	AMBIGUOUS	BOTH_KW(1/2)	"R-G19	Pei, 2026-08-25 ｜ 理由與數字須分別驗證	docs/fw036/RULINGS_LEDGER.md:358 ｜ docs/fw036/RULINGS_LEDGER.md:402	prompt 指紋（TC 規則抗漂移之一）	docs/fw036/FEATURE_ONBOARDING.md:926	DIFFERENT	INTRA_LEDGER_DUP"
docs/reports/rg_collision_20260905.tsv	21	R-G20	AMBIGUOUS	BOTH_KW(2/2)	"R-G20	報告中之摘要數字須為機器輸出	docs/fw036/RULINGS_LEDGER.md:417	規則副本同步指紋（TC 規則抗漂移之二）	docs/fw036/FEATURE_ONBOARDING.md:934	DIFFERENT"
docs/reports/rg_collision_20260905.tsv	22	R-G21	AMBIGUOUS	BOTH_KW(3/2)	"R-G21	共用腳本之授權以行為界定，不以處數界定	docs/fw036/RULINGS_LEDGER.md:441	自查表機檢對映（TC 規則抗漂移之三）	docs/fw036/FEATURE_ONBOARDING.md:943	DIFFERENT"
docs/reports/rg_collision_20260905.tsv	23	R-G22	AMBIGUOUS	BOTH_KW(2/2)	"R-G22	斷言式表述須由腳本產出	docs/fw036/RULINGS_LEDGER.md:470	條文之任何字元變動皆變更其 sha	docs/fw036/FEATURE_ONBOARDING.md:955	DIFFERENT"
docs/reports/rg_collision_20260905.tsv	24	R-G23	AMBIGUOUS	BOTH_KW(3/2)	"R-G23	綁定須被檢查，宣告不等於保護	docs/fw036/RULINGS_LEDGER.md:492	同一工單同時只得有一份有效下放包	docs/fw036/FEATURE_ONBOARDING.md:972	DIFFERENT"
docs/reports/rg_collision_20260905.tsv	25	R-G24	AMBIGUOUS	BOTH_KW(2/3)	"R-G24	marker 衝突以較嚴者為準	docs/fw036/RULINGS_LEDGER.md:516	下放指示之路徑實在性	docs/fw036/FEATURE_ONBOARDING.md:1017	DIFFERENT"
docs/reports/rg_collision_20260905.tsv	26	R-G25	AMBIGUOUS	BOTH_KW(3/1)	"R-G25	「宣稱不做 X」之測試須連跑兩次	docs/fw036/RULINGS_LEDGER.md:546	產出物目錄政策	docs/fw036/FEATURE_ONBOARDING.md:1057	DIFFERENT"
docs/reports/rg_collision_20260905.tsv	27	R-G26	AMBIGUOUS	BOTH_KW(3/2)	"R-G26	綠燈須連同其母體一併引用	docs/fw036/RULINGS_LEDGER.md:581	工作區清理制	docs/fw036/FEATURE_ONBOARDING.md:1079	DIFFERENT"
docs/reports/rg_collision_20260905.tsv	28	R-G27	AMBIGUOUS	BOTH_KW(3/2)	"R-G27	概念映射須以確切詞組或欄位鍵為據	docs/fw036/RULINGS_LEDGER.md:598	來源集中制（`sources/`）	docs/fw036/FEATURE_ONBOARDING.md:1094	DIFFERENT"
docs/reports/rg_collision_20260905.tsv	29	R-G28	AMBIGUOUS	BOTH_KW(2/2)	"R-G28	裁決選單須先驗證其能解題	docs/fw036/RULINGS_LEDGER.md:624	CFTS 嵌入物件之逐 feature 檢查	docs/fw036/FEATURE_ONBOARDING.md:1110	DIFFERENT"
docs/reports/rg_collision_20260905.tsv	30	R-G29	AMBIGUOUS	BOTH_KW(3/3)	"R-G29	未驗項分流：交付正確性 vs 鷹架品質	docs/fw036/RULINGS_LEDGER.md:637	條文須加框（`body_kind` 之不變式）	docs/fw036/FEATURE_ONBOARDING.md:1159	DIFFERENT"
docs/reports/rulings_sha_delta_27.tsv	2	R-G24	AMBIGUOUS	NO_KW	"R-G24	—	bd9a8cc0	ruling	docs/fw036/FEATURE_ONBOARDING.md	bed_lowering 01 包落檔（Pei 裁定 2026-08-26），本包前已在工作區"
docs/reports/rulings_sha_delta_27.tsv	3	R-G25	AMBIGUOUS	NO_KW	"R-G25	—	50be5127	ruling	docs/fw036/FEATURE_ONBOARDING.md	本包 §D-2 新落檔（27 包 §C，換號後）"
docs/reports/rulings_sha_delta_27.tsv	4	R-G26	AMBIGUOUS	NO_KW	"R-G26	—	ce4fdff2	ruling	docs/fw036/FEATURE_ONBOARDING.md	本包 §D-2 新落檔（27 包 §C，換號後）"
docs/reports/rulings_sha_delta_27.tsv	5	R-G27	AMBIGUOUS	NO_KW	"R-G27	—	2bd39a12	ruling	docs/fw036/FEATURE_ONBOARDING.md	本包 §D-2 新落檔（27 包 §C，換號後）"
docs/runtime/GATES.tsv	48	R-G29	FO	CONTEXT_KW	"body_kind	lint_docs036	ruling 之節內須有至少一個 fenced block（`body_kind == section` 即缺陷）	R-G29 [DEFAULT]	2026-08-30	每條	**未校準（存量清完前只計數不判紅）**	always	0	0	48	48	N	N"
docs/runtime/profiles/FW036_R1L_VSM_V42_Profile.md	4	R-G13	FO	CONTEXT_KW	`features/vsm_v42/RULINGS.md`（R-G13 引用制）；本檔只載綁定與差異，無全文者以條號指回。
docs/runtime/profiles/FW036_R1L_VSM_V43_Profile.md	3	R-G13	AMBIGUOUS	NO_KW	適用：`features/vsm_v43/`。條文全文讀 `features/vsm_v43/RULINGS.md`（R-G13）；本檔只載綁定。
features/amfm/scripts/make_batch_context.py	484	R-G19	FO	CONTEXT_KW	# --- R-G19：prompt／exemplar 指紋（26 包 §D-5）------------------------------
features/amfm/scripts/make_batch_context.py	487	R-G19	FO	CONTEXT_KW	"""""""本批實際使用之 prompt 模板與 exemplar 集之 sha（R-G19@`bd206972`）。"
features/audio_mgmt/BACKLOG.md	3	R-G29	LEDGER	CONTEXT_KW	依 **R-G29**（未驗項分流：交付正確性 vs 鷹架品質）。
features/audio_mgmt/RULINGS.md	357	R-G14	FO	CONTEXT_KW	**R-AM20：首繳抽查通過，R-G14 綠色通道啟動（附池外除外條款）。**
features/audio_mgmt/RULINGS.md	360	R-G14	FO	CONTEXT_KW	> 依 R-G14 自 B4 起啟動綠色通道自動續批。
features/audio_mgmt/RULINGS.md	365	R-G23	AMBIGUOUS	NO_KW	> 綠色通道不免除 R-G23、R-AM15、§8.4 之任何義務。
features/audio_mgmt/docs/handoff/01_intake_recon.md	159	R-G14	FO	CONTEXT_KW	2. 三批乾淨後啟 R-G14 綠色通道自動續批。
features/audio_mgmt/docs/handoff/02_framework_assignment.md	384	R-G14	FO	CONTEXT_KW	| —— 首繳（3 批）＋ Pei 抽查；乾淨則啟 R-G14 綠色通道 —— | | |
features/audio_mgmt/docs/handoff/03_batch_B1_handoff.md	35	R-G13	AMBIGUOUS	NO_KW	## 三、內容規則（引用式，IN 為準；R-G13 引用替代抄錄）
features/bed_lowering/ANOMALIES.md	12	R-G12	AMBIGUOUS	NO_KW	| A-BLM8 | **R-G12 ~ R-G20 之號在兩份權威間全段撞號** | `docs/fw036/FEATURE_ONBOARDING.md`（§條文表 + §819）與 `docs/fw036/RULINGS_LEDGER.md` 對同一組號給出**完全不同**之條文：R-G15 = 「Pilot 退出準則」(FO) vs 「參考資料庫之版本綁定」(ledger, line 185
features/bed_lowering/ANOMALIES.md	12	R-G20	AMBIGUOUS	BOTH_KW(2/2)	| A-BLM8 | **R-G12 ~ R-G20 之號在兩份權威間全段撞號** | `docs/fw036/FEATURE_ONBOARDING.md`（§條文表 + §819）與 `docs/fw036/RULINGS_LEDGER.md` 對同一組號給出**完全不同**之條文：R-G15 = 「Pilot 退出準則」(FO) vs 「參考資料庫之版本綁定」(ledger, line 185
features/bed_lowering/ANOMALIES.md	12	R-G15	AMBIGUOUS	BOTH_KW(3/2)	| A-BLM8 | **R-G12 ~ R-G20 之號在兩份權威間全段撞號** | `docs/fw036/FEATURE_ONBOARDING.md`（§條文表 + §819）與 `docs/fw036/RULINGS_LEDGER.md` 對同一組號給出**完全不同**之條文：R-G15 = 「Pilot 退出準則」(FO) vs 「參考資料庫之版本綁定」(ledger, line 185
features/bed_lowering/ANOMALIES.md	12	R-G16	AMBIGUOUS	BOTH_KW(2/1)	| A-BLM8 | **R-G12 ~ R-G20 之號在兩份權威間全段撞號** | `docs/fw036/FEATURE_ONBOARDING.md`（§條文表 + §819）與 `docs/fw036/RULINGS_LEDGER.md` 對同一組號給出**完全不同**之條文：R-G15 = 「Pilot 退出準則」(FO) vs 「參考資料庫之版本綁定」(ledger, line 185
features/bed_lowering/ANOMALIES.md	12	R-G19	AMBIGUOUS	BOTH_KW(1/2)	| A-BLM8 | **R-G12 ~ R-G20 之號在兩份權威間全段撞號** | `docs/fw036/FEATURE_ONBOARDING.md`（§條文表 + §819）與 `docs/fw036/RULINGS_LEDGER.md` 對同一組號給出**完全不同**之條文：R-G15 = 「Pilot 退出準則」(FO) vs 「參考資料庫之版本綁定」(ledger, line 185
features/bed_lowering/ANOMALIES.md	12	R-G20	AMBIGUOUS	BOTH_KW(2/2)	| A-BLM8 | **R-G12 ~ R-G20 之號在兩份權威間全段撞號** | `docs/fw036/FEATURE_ONBOARDING.md`（§條文表 + §819）與 `docs/fw036/RULINGS_LEDGER.md` 對同一組號給出**完全不同**之條文：R-G15 = 「Pilot 退出準則」(FO) vs 「參考資料庫之版本綁定」(ledger, line 185
features/bed_lowering/ANOMALIES.md	12	R-G15	AMBIGUOUS	BOTH_KW(3/2)	| A-BLM8 | **R-G12 ~ R-G20 之號在兩份權威間全段撞號** | `docs/fw036/FEATURE_ONBOARDING.md`（§條文表 + §819）與 `docs/fw036/RULINGS_LEDGER.md` 對同一組號給出**完全不同**之條文：R-G15 = 「Pilot 退出準則」(FO) vs 「參考資料庫之版本綁定」(ledger, line 185
features/bed_lowering/ANOMALIES.md	12	R-G19	AMBIGUOUS	BOTH_KW(1/2)	| A-BLM8 | **R-G12 ~ R-G20 之號在兩份權威間全段撞號** | `docs/fw036/FEATURE_ONBOARDING.md`（§條文表 + §819）與 `docs/fw036/RULINGS_LEDGER.md` 對同一組號給出**完全不同**之條文：R-G15 = 「Pilot 退出準則」(FO) vs 「參考資料庫之版本綁定」(ledger, line 185
features/bed_lowering/ANOMALIES.md	12	R-G20	AMBIGUOUS	BOTH_KW(2/2)	| A-BLM8 | **R-G12 ~ R-G20 之號在兩份權威間全段撞號** | `docs/fw036/FEATURE_ONBOARDING.md`（§條文表 + §819）與 `docs/fw036/RULINGS_LEDGER.md` 對同一組號給出**完全不同**之條文：R-G15 = 「Pilot 退出準則」(FO) vs 「參考資料庫之版本綁定」(ledger, line 185
features/bed_lowering/ANOMALIES.md	12	R-G16	AMBIGUOUS	BOTH_KW(2/1)	| A-BLM8 | **R-G12 ~ R-G20 之號在兩份權威間全段撞號** | `docs/fw036/FEATURE_ONBOARDING.md`（§條文表 + §819）與 `docs/fw036/RULINGS_LEDGER.md` 對同一組號給出**完全不同**之條文：R-G15 = 「Pilot 退出準則」(FO) vs 「參考資料庫之版本綁定」(ledger, line 185
features/bed_lowering/ANOMALIES.md	12	R-G18	FO	CONTEXT_KW	| A-BLM8 | **R-G12 ~ R-G20 之號在兩份權威間全段撞號** | `docs/fw036/FEATURE_ONBOARDING.md`（§條文表 + §819）與 `docs/fw036/RULINGS_LEDGER.md` 對同一組號給出**完全不同**之條文：R-G15 = 「Pilot 退出準則」(FO) vs 「參考資料庫之版本綁定」(ledger, line 185
features/bed_lowering/ANOMALIES.md	13	R-G15	AMBIGUOUS	BOTH_KW(3/2)	| A-BLM9 | `reference:` 節缺漏，且四個參考資料庫無從綁定 | 下放包 02 §二 之 `feature.yaml` 草案無 `reference:` 節，而 R-G15（ledger 版）要求每個 feature 逐項綁定其參考資料庫之檔名與 SHA256 | 執行層已補 `reference:` 四項（a03_report／sys1_export／spec_pdf／wor
features/bed_lowering/ANOMALIES.md	14	R-G15	AMBIGUOUS	BOTH_KW(3/2)	| A-BLM10 | **R-G15 所指名之 feature 自己沒有 `reference:` 節** | R-G15 之理由段逐字寫著「`features/vehicle_setting/` 使用 LID v1_76，`features/display/` 使用 v1_78，而沒有任何條文在追這件事」。本包實測：`features/vehicle_setting/feature.yaml`
features/bed_lowering/ANOMALIES.md	14	R-G15	AMBIGUOUS	BOTH_KW(3/2)	| A-BLM10 | **R-G15 所指名之 feature 自己沒有 `reference:` 節** | R-G15 之理由段逐字寫著「`features/vehicle_setting/` 使用 LID v1_76，`features/display/` 使用 v1_78，而沒有任何條文在追這件事」。本包實測：`features/vehicle_setting/feature.yaml`
features/bed_lowering/DELIVERY_NOTE.md	215	R-G14	AMBIGUOUS	NO_KW	| 1 | R-G14 抽樣覆核 | **已完成**。Pei 指定 **B7 全查**（執行層於上繳 13 §四之二所建議者），分析層 2026-08-27 執行完畢：16 條生成 TC 與 13 條 coverage gap 逐條讀畢，**判定通過、無 A 類項**。分流之兩條分界複核成立，`coverage_gap` 13 筆與 `COVERAGE_GAPS.md` 13 列逐 req_id 
features/bed_lowering/RULINGS.md	11	R-G23	FO	CONTEXT_KW	分析層未依 R-G23′ live 取號，自記憶推定「R-BLM3 之後接 4」，
features/bed_lowering/RULINGS.md	205	R-G12	AMBIGUOUS	NO_KW	R-G12 ~ R-G20 於 FO 與 RULINGS_LEDGER 兩份權威間撞號（A-BLM8 實測）。
features/bed_lowering/RULINGS.md	205	R-G20	AMBIGUOUS	NO_KW	R-G12 ~ R-G20 於 FO 與 RULINGS_LEDGER 兩份權威間撞號（A-BLM8 實測）。
features/bed_lowering/RULINGS.md	233	R-G15	AMBIGUOUS	NO_KW	為已知且被接受之後果（R-G15 立條之既存歧異），非新分叉。
features/bed_lowering/RULINGS.md	377	R-G14	AMBIGUOUS	NO_KW	執行，不另立條。B1 首審含 A 類，不計入 R-G14 連續乾淨批數；
features/bed_lowering/batches/B5/manifest.json	6	R-G14	FO	CONTEXT_KW	"""channel"": ""R-G14 綠色通道（B4 複審通過後啟用，本批屬自動續批）"","
features/bed_lowering/batches/B6/manifest.json	6	R-G14	FO	CONTEXT_KW	"""channel"": ""R-G14 綠色通道（B4 複審通過後啟用，本批屬自動續批）"","
features/bed_lowering/batches/B7/manifest.json	6	R-G14	FO	CONTEXT_KW	"""channel"": ""R-G14 綠色通道（B4 複審通過後啟用，本批屬自動續批）"","
features/bed_lowering/docs/handoff/02_wiring_workbook.md	5	R-G23	FO	CONTEXT_KW	取號：落檔當下 `list_directory` 實測 `docs/handoff/` 僅有 `01_intake_recon.md`，故取 02（R-G23′ live 取號）
features/bed_lowering/docs/handoff/02_wiring_workbook.md	85	R-G16	AMBIGUOUS	NO_KW	分析層之實測值見 §六，供對帳。**不符即停下回報，兩側皆查**（R-G16 精神）。
features/bed_lowering/docs/handoff/02_wiring_workbook.md	96	R-G15	FO	CONTEXT_KW	- 退出準則依 R-G15
features/bed_lowering/docs/handoff/02_wiring_workbook.md	97	R-G19	AMBIGUOUS	NO_KW	- 批次 manifest 須記 prompt 模板 sha256 與 exemplar 集 sha256（R-G19）
features/bed_lowering/docs/handoff/02_wiring_workbook.md	98	R-G20	AMBIGUOUS	NO_KW	- 回報 `docs/runtime/ASPICE_SWE6_AI_Instruction.md` 現行 sha256（R-G20）
features/bed_lowering/docs/handoff/02_wiring_workbook.md	104	R-G16	FO	CONTEXT_KW	## 六、預期數字（供對帳，R-G16／R-G8）
features/bed_lowering/docs/handoff/03_pilot_fault_handling.md	53	R-G15	FO	CONTEXT_KW	交 Pei 審（退出準則 R-G15，FO 讀法）
features/bed_lowering/docs/handoff/04_lib_binding_pilot_go.md	7	R-G13	AMBIGUOUS	NO_KW	其餘條款**全部繼續有效**，不重複轉載（R-G13 citation-by-reference）。
features/bed_lowering/docs/handoff/05_pilot_fixes.md	77	R-G19	FO	CONTEXT_KW	2. manifest 重 stamp（R-G19 逐源指紋；上繳 04 已示範過改 yaml 連帶
features/bed_lowering/docs/handoff/06_b_class_reanchor.md	59	R-G19	AMBIGUOUS	NO_KW	2. manifest 重 stamp（R-G19 逐源），`b_class_halted` 四筆改記
features/bed_lowering/docs/handoff/06_b_class_reanchor.md	63	R-G15	FO	CONTEXT_KW	此輪過後即是 pilot 退出審（R-G15，FO 讀法）與工作簿寫回授權，
features/bed_lowering/docs/handoff/07_writeback_debt_batches.md	60	R-G14	AMBIGUOUS	BOTH_KW(1/1)	上繳交審 → 審過寫回。**R-G14 綠色通道**：連續 3 批乾淨（分析層審無 A 類項）
features/bed_lowering/docs/handoff/08_b1_restore_exit.md	52	R-G14	FO	CONTEXT_KW	**綠色通道計數自 B1 起算**（R-G14：連續 3 批分析層審無 A 類項
features/bed_lowering/docs/handoff/09_r16_b1_fixes.md	68	R-G14	AMBIGUOUS	NO_KW	- B1 定版（不回計乾淨批數，R-G14 計數自 B2 起）
features/bed_lowering/docs/handoff/10_b2_activation_gating.md	44	R-G14	AMBIGUOUS	NO_KW	生成完成停，上繳包 10 交分析層複審。**本批為 R-G14 計數第 1 批候選**：
features/bed_lowering/docs/handoff/11_b3_lowering_operation.md	7	R-G14	AMBIGUOUS	NO_KW	**B2 複審通過（2026-08-27），無 A 類項，R-G14 計數 = 1。**
features/bed_lowering/docs/handoff/11_b3_lowering_operation.md	51	R-G14	AMBIGUOUS	NO_KW	**本批為 R-G14 計數第 2 批候選。**
features/bed_lowering/docs/handoff/12_b4_cluster_feedback.md	7	R-G14	AMBIGUOUS	NO_KW	**B3 複審通過（2026-08-27），無 A 類項，R-G14 計數 = 2。**
features/bed_lowering/docs/handoff/12_b4_cluster_feedback.md	46	R-G14	FO	CONTEXT_KW	**本批為 R-G14 計數第 3 批候選 —— 過則綠色通道成立**，
features/bed_lowering/docs/handoff/13_green_channel_b5_b7.md	6	R-G14	FO	CONTEXT_KW	依據：R-BLM15(3)、**R-G14（綠色通道成立）**。下放包 03–12 其餘條款繼續有效。
features/bed_lowering/docs/handoff/13_green_channel_b5_b7.md	8	R-G14	FO	CONTEXT_KW	**B4 複審通過（2026-08-27），無 A 類項。R-G14 計數 = 3 → 綠色通道啟用。**
features/bed_lowering/docs/handoff/14_delivery_prep.md	23	R-G14	AMBIGUOUS	NO_KW	**Pei 之 R-G14 抽樣覆核尚未完成**，本包產出於其完成前**不得視為可交付**
features/bed_lowering/docs/handoff/14_delivery_prep.md	95	R-G14	AMBIGUOUS	NO_KW	1. Pei 之 R-G14 抽樣覆核（建議 B7 全查 + 其餘批各抽 1 parent）
features/bed_lowering/docs/handoff/16_delivery_note_final.md	14	R-G14	AMBIGUOUS	NO_KW	| R-G14 抽樣覆核 | **已完成**——Pei 指定 B7 全查；分析層執行完畢，結果見 §一 |
features/bed_lowering/docs/upstream/02_wiring_workbook.md	9	R-G20	LEDGER	CONTEXT_KW	本包一切數字皆自腳本 stdout 複製，無一憑印象謄寫（R-G20）。
features/bed_lowering/docs/upstream/02_wiring_workbook.md	20	R-G15	FO	CONTEXT_KW	3. **§五 之 R-G15／§六 之 R-G16 等引用落在一段全域撞號區**
features/bed_lowering/docs/upstream/02_wiring_workbook.md	20	R-G16	AMBIGUOUS	NO_KW	3. **§五 之 R-G15／§六 之 R-G16 等引用落在一段全域撞號區**
features/bed_lowering/docs/upstream/02_wiring_workbook.md	21	R-G12	AMBIGUOUS	NO_KW	（R-G12~R-G20 於 FO 與 RULINGS_LEDGER 各有一套不同條文）。本包依 FO
features/bed_lowering/docs/upstream/02_wiring_workbook.md	21	R-G20	AMBIGUOUS	NO_KW	（R-G12~R-G20 於 FO 與 RULINGS_LEDGER 各有一套不同條文）。本包依 FO
features/bed_lowering/docs/upstream/02_wiring_workbook.md	22	R-G18	AMBIGUOUS	NO_KW	讀法執行，語境自洽；但該撞號本身違反 R-G18。→ A-BLM8
features/bed_lowering/docs/upstream/02_wiring_workbook.md	24	R-G23	FO	CONTEXT_KW	以上四項已登錄 `ANOMALIES.md`（A-BLM6 ~ A-BLM9，依 R-G23′ 落檔當下 live 取號，
features/bed_lowering/docs/upstream/02_wiring_workbook.md	29	R-G20	FO	CONTEXT_KW	## 一、R-G20 —— 規則副本現行指紋
features/bed_lowering/docs/upstream/02_wiring_workbook.md	73	R-G16	AMBIGUOUS	NO_KW	**不中止、不報錯、輸出看起來像有值** —— R-G16 所述之「擷取正確而其後階段出錯，
features/bed_lowering/docs/upstream/02_wiring_workbook.md	102	R-G15	LEDGER	CONTEXT_KW	§二 無此節，R-G15（ledger 版）要求之。已補四項，雜湊為本包實算：
features/bed_lowering/docs/upstream/02_wiring_workbook.md	114	R-G15	AMBIGUOUS	NO_KW	生成期首批開工前須先擇定並補綁，否則 R-G15 對該四項之保護為空。
features/bed_lowering/docs/upstream/02_wiring_workbook.md	154	R-G16	LEDGER	CONTEXT_KW	### 3.3 一個計數口徑之修正（R-G16 口徑補充、R-G8）
features/bed_lowering/docs/upstream/02_wiring_workbook.md	252	R-G16	AMBIGUOUS	NO_KW	### 4.5 TSV 之分隔符與正規化（R-G16(a)）
features/bed_lowering/docs/upstream/02_wiring_workbook.md	275	R-G19	FO	CONTEXT_KW	§五 另要求之 R-G19 prompt 指紋與 R-G20 exemplar 集雜湊，
features/bed_lowering/docs/upstream/02_wiring_workbook.md	275	R-G20	AMBIGUOUS	NO_KW	§五 另要求之 R-G19 prompt 指紋與 R-G20 exemplar 集雜湊，
features/bed_lowering/docs/upstream/02_wiring_workbook.md	367	R-G15	AMBIGUOUS	NO_KW	5. **A-BLM8 之撞號僅就本包所引之四條查證**（R-G15／R-G16／R-G19／R-G20），
features/bed_lowering/docs/upstream/02_wiring_workbook.md	367	R-G16	AMBIGUOUS	NO_KW	5. **A-BLM8 之撞號僅就本包所引之四條查證**（R-G15／R-G16／R-G19／R-G20），
features/bed_lowering/docs/upstream/02_wiring_workbook.md	367	R-G19	AMBIGUOUS	NO_KW	5. **A-BLM8 之撞號僅就本包所引之四條查證**（R-G15／R-G16／R-G19／R-G20），
features/bed_lowering/docs/upstream/02_wiring_workbook.md	367	R-G20	AMBIGUOUS	NO_KW	5. **A-BLM8 之撞號僅就本包所引之四條查證**（R-G15／R-G16／R-G19／R-G20），
features/bed_lowering/docs/upstream/02_wiring_workbook.md	368	R-G12	AMBIGUOUS	NO_KW	**R-G12／R-G13／R-G14／R-G17／R-G18 僅自兩份文件之標題列比對，
features/bed_lowering/docs/upstream/02_wiring_workbook.md	368	R-G13	AMBIGUOUS	NO_KW	**R-G12／R-G13／R-G14／R-G17／R-G18 僅自兩份文件之標題列比對，
features/bed_lowering/docs/upstream/02_wiring_workbook.md	368	R-G14	AMBIGUOUS	NO_KW	**R-G12／R-G13／R-G14／R-G17／R-G18 僅自兩份文件之標題列比對，
features/bed_lowering/docs/upstream/02_wiring_workbook.md	368	R-G17	AMBIGUOUS	NO_KW	**R-G12／R-G13／R-G14／R-G17／R-G18 僅自兩份文件之標題列比對，
features/bed_lowering/docs/upstream/02_wiring_workbook.md	368	R-G18	AMBIGUOUS	NO_KW	**R-G12／R-G13／R-G14／R-G17／R-G18 僅自兩份文件之標題列比對，
features/bed_lowering/docs/upstream/02_wiring_workbook.md	370	R-G12	AMBIGUOUS	NO_KW	上界為 R-G12~R-G20 九條 —— **上界未經逐條驗證**。
features/bed_lowering/docs/upstream/02_wiring_workbook.md	370	R-G20	AMBIGUOUS	NO_KW	上界為 R-G12~R-G20 九條 —— **上界未經逐條驗證**。
features/bed_lowering/docs/upstream/03_pilot_fault_handling.md	11	R-G20	AMBIGUOUS	NO_KW	本包一切數字自腳本 stdout 複製（R-G20）。R-G 引用一律 FO 讀法（R-BLM10）。
features/bed_lowering/docs/upstream/03_pilot_fault_handling.md	15	R-G20	FO	CONTEXT_KW	## 一、R-G20 —— 規則副本現行指紋
features/bed_lowering/docs/upstream/03_pilot_fault_handling.md	107	R-G15	AMBIGUOUS	NO_KW	四項中三項相異。**這不是意外，正是 R-G15 立條的原因** ——
features/bed_lowering/docs/upstream/03_pilot_fault_handling.md	119	R-G23	AMBIGUOUS	NO_KW	若實算值與點名所據之來源不符，依 R-G23 停並回報兩值，不自行更新宣告值。
features/bed_lowering/docs/upstream/03_pilot_fault_handling.md	165	R-G19	AMBIGUOUS	NO_KW	此即 R-G19 所指「數字對而理由錯」之形態，故此處具名。
features/bed_lowering/docs/upstream/04_lib_binding_pilot_go.md	11	R-G20	AMBIGUOUS	NO_KW	本包一切數字自腳本 stdout 複製（R-G20）。R-G 引用取 FO 讀法（R-BLM10）。
features/bed_lowering/docs/upstream/04_lib_binding_pilot_go.md	30	R-G15	AMBIGUOUS	NO_KW	少綁它，另外三個庫綁了也查不到東西 —— 這一點 R-G15 之條文沒說，
features/bed_lowering/docs/upstream/04_lib_binding_pilot_go.md	52	R-G23	LEDGER	CONTEXT_KW	比對程式落 `scripts/verify_reference_binding.py`（R-G23 之執行面：
features/bed_lowering/docs/upstream/04_lib_binding_pilot_go.md	196	R-G19	FO	CONTEXT_KW	### 5.3 manifest（R-G19 指紋 + R-G20）
features/bed_lowering/docs/upstream/04_lib_binding_pilot_go.md	196	R-G20	AMBIGUOUS	NO_KW	### 5.3 manifest（R-G19 指紋 + R-G20）
features/bed_lowering/docs/upstream/04_lib_binding_pilot_go.md	241	R-G19	AMBIGUOUS	NO_KW	二是 R-G19「逐源列出方能歸因」之實證 —— 若當初只存一個總 sha，
features/bed_lowering/docs/upstream/04_lib_binding_pilot_go.md	351	R-G15	FO	CONTEXT_KW	待 Pei 逐 TC 審（退出準則 R-G15，FO 讀法）。
features/bed_lowering/docs/upstream/06_b_class_reanchor.md	196	R-G15	FO	CONTEXT_KW	下放包 06 §三-4 載明此輪過後即為 pilot 退出審（R-G15，FO 讀法）
features/bed_lowering/docs/upstream/08_b1_restore_exit.md	21	R-G19	FO	CONTEXT_KW	3. **R-G19 指紋有一個「永遠相符」的缺陷，本包發現並修掉。** B1 之指紋
features/bed_lowering/docs/upstream/08_b1_restore_exit.md	291	R-G14	FO	CONTEXT_KW	4. **R-G14 綠色通道自 B1 起算**（下放包 §三）。本包為第 1 批，
features/bed_lowering/docs/upstream/09_r16_b1_fixes.md	258	R-G14	AMBIGUOUS	NO_KW	複審通過後依 R-BLM16 末段：B1 定版（不回計乾淨批數，R-G14 計數自 B2 起），
features/bed_lowering/docs/upstream/10_b2_activation_gating.md	197	R-G14	AMBIGUOUS	NO_KW	R-G14 計數：本批為第 1 批候選。**執行層不自評** —— §五之
features/bed_lowering/docs/upstream/11_b3_lowering_operation.md	179	R-G14	AMBIGUOUS	NO_KW	**已停。** 交分析層複審。**本批為 R-G14 計數第 2 批候選**（B2 已計 1）。
features/bed_lowering/docs/upstream/12_b4_cluster_feedback.md	175	R-G14	FO	CONTEXT_KW	**已停。** 交分析層複審。**本批為 R-G14 計數第 3 批候選 —— 過則綠色通道成立。**
features/bed_lowering/docs/upstream/13_green_channel_b5_b7.md	1	R-G14	FO	CONTEXT_KW	# 上繳包 13 — Bed Lowering Mode：綠色通道 B5／B6／B7（R-G14）
features/bed_lowering/docs/upstream/13_green_channel_b5_b7.md	7	R-G14	FO	CONTEXT_KW	性質：**R-G14 綠色通道下之合一上繳**（下放包 13 §四許「13a/13b/13c 或合一，執行層決」，取合一）。
features/bed_lowering/docs/upstream/13_green_channel_b5_b7.md	17	R-G14	AMBIGUOUS	NO_KW	下放包 12 §三 曾稱通道成立後「上繳留檔、Pei 抽查」，而 R-G14 原文為
features/bed_lowering/docs/upstream/13_green_channel_b5_b7.md	23	R-G14	AMBIGUOUS	NO_KW	R-G14 所要之三分法與掃描條件見 §四，獨立判斷見 §四-3。
features/bed_lowering/docs/upstream/13_green_channel_b5_b7.md	108	R-G14	AMBIGUOUS	NO_KW	## 四、R-G14 所要之三分法與掃描條件（逐批）
features/bed_lowering/docs/upstream/13_green_channel_b5_b7.md	164	R-G14	AMBIGUOUS	NO_KW	**但這一項請分析層優先覆核** —— 若 R-G14 之抽樣要「至少 1 批全查」，
features/bed_lowering/docs/upstream/13_green_channel_b5_b7.md	237	R-G14	AMBIGUOUS	NO_KW	1. **R-G14 抽樣覆核**：至少 1 批全查 + 其餘批各抽 1 parent
features/bed_lowering/docs/upstream/14_delivery_prep.md	167	R-G14	AMBIGUOUS	NO_KW	1. **R-G14 抽樣覆核** —— 建議全查批取 B7
features/bed_lowering/docs/upstream/15_peer_baseline_measure.md	156	R-G14	AMBIGUOUS	NO_KW	3. R-G14 抽樣覆核與四筆 DR，狀態不變
features/bed_lowering/feature.yaml	159	R-G15	LEDGER	CONTEXT_KW	# R-G15（RULINGS_LEDGER 版）：其變動會使既有產出失效者一律綁定。
features/bed_lowering/feature.yaml	162	R-G15	LEDGER	CONTEXT_KW	# ⚠ 下放包 02 §二 之草案無本節。本節依 R-G15 補入（A-BLM9）。
features/bed_lowering/feature.yaml	182	R-G15	AMBIGUOUS	NO_KW	# 為 R-G15 立條時即存在之歧異，已知且被接受，非本 feature 新開之分叉。
features/bed_lowering/feature.yaml	200	R-G19	FO	CONTEXT_KW	# R-G19（FO 讀法）批次指紋之來源宣告。未宣告則 prompt_fingerprint.py 取
features/bed_lowering/reports/bl_dt_applicability.md	332	R-G13	LEDGER	CONTEXT_KW	### 查無而依 R-G13 三要件記載者
features/bed_lowering/scripts/build_inventory.py	6	R-G20	AMBIGUOUS	NO_KW	the upstream package copies from stdout and transcribes nothing (R-G20).
features/bed_lowering/scripts/build_inventory.py	53	R-G16	AMBIGUOUS	NO_KW	R-G16(a): the field separator must not occur in the data. Tab and newline
features/bed_lowering/scripts/verify_reference_binding.py	4	R-G23	AMBIGUOUS	NO_KW	R-G23: a declaration that is never compared fails the same way as no
features/bed_lowering/scripts/verify_reference_binding.py	45	R-G23	AMBIGUOUS	NO_KW	"print(""R-G23: stop and report. feature.yaml NOT rewritten."")"
features/display/ANOMALIES.md	99	R-G17	AMBIGUOUS	NO_KW	#### 結清（2026-08-25，下放包 07 §1.3 / 步驟 9，R-G17）
features/display/ANOMALIES.md	120	R-G17	AMBIGUOUS	NO_KW	欄位字典，會產生一個做不完的待辦（R-G17 明文警示此點）。
features/display/ANOMALIES.md	240	R-G13	LEDGER	CONTEXT_KW	皆無此 `SG_`，而訊息 `RADIO_B4` 本身存在於 BHCAN2-R1，故屬 R-G13 三要件
features/display/ANOMALIES.md	366	R-G13	AMBIGUOUS	NO_KW	—— **其未載 `CFTS020` 不構成「與本 feature 無關」之證據**（R-G13 第 (3)
features/display/ANOMALIES.md	373	R-G13	AMBIGUOUS	NO_KW	R-G13 之教訓在 PROXI 上重演一次：LID `Proxi & Configuration` 之左欄是
features/display/ANOMALIES.md	395	R-G13	AMBIGUOUS	NO_KW	已依 R-G13 登記為 `forms/LOOKUP_MISSES.md` M-3，並開 DR-DM6
features/display/ANOMALIES.md	625	R-G13	LEDGER	CONTEXT_KW	任何資訊（R-G13 之涵蓋範圍要件反面）。
features/display/ANOMALIES.md	723	R-G16	AMBIGUOUS	NO_KW	- 這與 R-G16 同型：**擷取正確、序列化正確，讀回那一步錯**，
features/display/ANOMALIES.md	747	R-G16	LEDGER	CONTEXT_KW	算術出錯，且輸出「看起來合理」。前五次見 R-G16 與 R-G20 之實例
features/display/ANOMALIES.md	747	R-G20	AMBIGUOUS	NO_KW	算術出錯，且輸出「看起來合理」。前五次見 R-G16 與 R-G20 之實例
features/display/ANOMALIES.md	752	R-G20	AMBIGUOUS	NO_KW	其算式須由腳本輸出而非人工斷言（R-G20 之延伸）。屬 Tier 2
features/display/ANOMALIES.md	1069	R-G19	AMBIGUOUS	NO_KW	> 而非 `{CFTS013-XXX}`。依 R-G19，理由與結論分別查證，故分別更正。
features/display/ANOMALIES.md	1439	R-G27	LEDGER	CONTEXT_KW	**R-G27（概念映射須以確切詞組為據）之反面**：R-G27 防的是**過寬**
features/display/ANOMALIES.md	1439	R-G27	LEDGER	CONTEXT_KW	**R-G27（概念映射須以確切詞組為據）之反面**：R-G27 防的是**過寬**
features/display/ANOMALIES.md	1445	R-G19	LEDGER	CONTEXT_KW	- **已更正**，兩次結果並列於上繳 29 §二，**不刪首算**（R-G19：理由與數字分別查證）
features/display/BACKLOG.md	3	R-G29	LEDGER	CONTEXT_KW	依 **R-G29**（未驗項分流：交付正確性 vs 鷹架品質）建立於 2026-08-25
features/display/BACKLOG.md	58	R-G26	LEDGER	CONTEXT_KW	| B2 | 綠燈表述之補正清單 | 14 §五.4 | R-G26（綠燈須連同母體引用）之回溯適用 |
features/display/BACKLOG.md	71	R-G22	LEDGER	CONTEXT_KW	| B12（＝上繳分流之 B25） | 回溯檢查類文件內之未量測斷言 | 30 §九.1 | **已由 R-G22 條下之指標承載**（31 §五.2）——不另立條。本項續列以記其形態 |
features/display/DATA_REQUESTS.md	13	R-G14	LEDGER	CONTEXT_KW	**R-G14（2026-08-24，全域）**：凡屬「某訊號／參數查無」之 DR，開立前須先
features/display/DATA_REQUESTS.md	14	R-G13	LEDGER	CONTEXT_KW	滿足 R-G13 三要件並登入 `forms/LOOKUP_MISSES.md`。台帳防重複發現、
features/display/DECISIONS.md	105	R-G19	AMBIGUOUS	NO_KW	> 依 R-G19，一個正確的結論配一個錯誤的理由，會使下一個人依那個
features/display/DECISIONS.md	162	R-G24	LEDGER	CONTEXT_KW	> **更正（2026-08-25，R-G24）**：本項於 02 輪（`61d1c12`）由分析層
features/display/DECISIONS.md	163	R-G24	LEDGER	CONTEXT_KW	> 自填為 `[PROPOSED]`，而 `recon.py` 標 `[PEI]`。依 R-G24「marker 衝突
features/display/DECISIONS.md	173	R-G24	LEDGER	CONTEXT_KW	> **更正（2026-08-25，R-G24）**：同上項。02 輪自填 `[PROPOSED]`，
features/display/DECISIONS.md	228	R-G24	LEDGER	CONTEXT_KW	| 11 | `Test Set table (Part N)` | `[PROPOSED]` | **改 `[PEI]`** | R-G24（較嚴者為準；機器是對的） |
features/display/DECISIONS.md	229	R-G24	LEDGER	CONTEXT_KW	| 12 | `profile [OVERRIDE] clauses` | `[PROPOSED]` | **改 `[PEI]`** | R-G24（同上） |
features/display/DECISIONS.md	237	R-G24	LEDGER	CONTEXT_KW	**R-G24 補其未涵蓋向** —— 兩側皆有該項而 marker 不同時取較嚴者，
features/display/DECISIONS.md	266	R-G24	AMBIGUOUS	NO_KW	> **轉錄之限定（R-DM32／R-G24）**：三項之內容皆係分析層提出，
features/display/PLAYBOOK.md	152	R-G22	LEDGER	CONTEXT_KW	**兩次皆為 R-G22 所規制**（斷言須由腳本產出），**而 R-G22 已經在了。**
features/display/PLAYBOOK.md	152	R-G22	LEDGER	CONTEXT_KW	**兩次皆為 R-G22 所規制**（斷言須由腳本產出），**而 R-G22 已經在了。**
features/display/PLAYBOOK.md	158	R-G22	AMBIGUOUS	NO_KW	（同 ledger 之 R-G22 條下指標。）
features/display/RULINGS.md	477	R-G13	LEDGER	CONTEXT_KW	(1) 已依 R-G13 三要件查證而確認不存在（= 查無）
features/display/RULINGS.md	700	R-G13	LEDGER	CONTEXT_KW	查得即用（值域依 R-VS49 以 PROXI 表為權威）；查不得則依 R-G13
features/display/RULINGS.md	803	R-G23	LEDGER	CONTEXT_KW	（上繳 12 §8 第 3 項自陳）。此即 R-G23 所指之「宣告不等於保護」。
features/display/RULINGS.md	980	R-G27	AMBIGUOUS	NO_KW	建立 leaf ↔ 元件映射（R-DM13／R-G27）
features/display/RULINGS.md	1004	R-G19	LEDGER	CONTEXT_KW	依 R-G19，理由與數字須分別成立；一個正確的結論配一個錯誤的理由，
features/display/RULINGS.md	1151	R-G27	AMBIGUOUS	NO_KW	不得以全檔子字串命中為據（R-G27 之逐字原則於本處之應用）。
features/display/RULINGS.md	1217	R-G25	AMBIGUOUS	NO_KW	配套：本條生效後，R-G25 之誘發測試須以「標 lifted」之形態重跑
features/display/RULINGS.md	1334	R-G20	LEDGER	CONTEXT_KW	> markdown 貼入上繳包（R-G20：報告中之摘要數字須為機器輸出）。
features/display/RULINGS.md	1336	R-G17	AMBIGUOUS	NO_KW	> 下放包 07 之 `R-G17` 為全域條文，抄入 `docs/fw036/RULINGS_LEDGER.md`。
features/display/RULINGS.md	1343	R-G16	AMBIGUOUS	NO_KW	> 下放包 06 之 `R-G16` 與 `R-G13 補充` 為全域條文，抄入
features/display/RULINGS.md	1343	R-G13	AMBIGUOUS	NO_KW	> 下放包 06 之 `R-G16` 與 `R-G13 補充` 為全域條文，抄入
features/display/RULINGS.md	1349	R-G15	AMBIGUOUS	NO_KW	> 下放包 05 之 `R-G15` 為全域條文，依該包 §四之指定抄入
features/display/RULINGS.md	1366	R-G24	LEDGER	CONTEXT_KW	| 分析層於 02 輪自填之 `Test Set table`／`profile [OVERRIDE]` 兩項 `[PROPOSED]` | **R-G24**：marker 衝突取較嚴者 → 改為 `[PEI]`；**機器是對的** | 下放包 12 §二 |
features/display/RULINGS.md	1368	R-G12	AMBIGUOUS	NO_KW	> 下放包 04 之 `R-G12`／`R-G13`／`R-G14` 為全域條文，依該包 §四之指定
features/display/RULINGS.md	1368	R-G13	AMBIGUOUS	NO_KW	> 下放包 04 之 `R-G12`／`R-G13`／`R-G14` 為全域條文，依該包 §四之指定
features/display/RULINGS.md	1368	R-G14	AMBIGUOUS	NO_KW	> 下放包 04 之 `R-G12`／`R-G13`／`R-G14` 為全域條文，依該包 §四之指定
features/display/data/lid_v178_vs_v176.tsv.meta.json	17	R-G15	AMBIGUOUS	NO_KW	"""R-G15"""
features/display/data/popup_priority.tsv.meta.json	22	R-G23	AMBIGUOUS	NO_KW	"""R-G23"","
features/display/data/popup_priority.tsv.meta.json	23	R-G26	AMBIGUOUS	NO_KW	"""R-G26"","
features/display/data/popup_priority_sources.tsv.meta.json	24	R-G23	AMBIGUOUS	NO_KW	"""R-G23"","
features/display/data/popup_priority_sources.tsv.meta.json	25	R-G26	AMBIGUOUS	NO_KW	"""R-G26"""
features/display/data/signal_resolution.tsv	3	R-G13	LEDGER	CONTEXT_KW	"CCDMF_RQ_DISP_INTS	255	RADIO_B4.CCDMF_RQ_DISP_INTS	CAN-B	8 bit signal Units are %, Factor = 0.5% 255 = SNA					N	(1) 已依 R-G13 三要件查證而確認不存在（見 forms/LOOKUP_MISSES.md）	LID 解得 CAN 訊號名，但兩本 DBC（BHCAN2-R1／FDC"
features/display/data/signal_resolution.tsv	3	R-G13	LEDGER	CONTEXT_KW	"CCDMF_RQ_DISP_INTS	255	RADIO_B4.CCDMF_RQ_DISP_INTS	CAN-B	8 bit signal Units are %, Factor = 0.5% 255 = SNA					N	(1) 已依 R-G13 三要件查證而確認不存在（見 forms/LOOKUP_MISSES.md）	LID 解得 CAN 訊號名，但兩本 DBC（BHCAN2-R1／FDC"
features/display/data/signal_resolution.tsv	9	R-G13	LEDGER	CONTEXT_KW	"ICSMuteButton	1038	GW_B_5.Mute_Button	CAN-B	1 bit signal 0 = Not_Pressed 1 = Pressed	N/A				N	(1) 已依 R-G13 三要件查證而確認不存在（見 forms/LOOKUP_MISSES.md）	LID 解得 CAN 訊號名，但兩本 DBC（BHCAN2-R1／FDCAN8-R1）皆無此 SG_；R-G1"
features/display/data/signal_resolution.tsv	9	R-G13	LEDGER	CONTEXT_KW	"ICSMuteButton	1038	GW_B_5.Mute_Button	CAN-B	1 bit signal 0 = Not_Pressed 1 = Pressed	N/A				N	(1) 已依 R-G13 三要件查證而確認不存在（見 forms/LOOKUP_MISSES.md）	LID 解得 CAN 訊號名，但兩本 DBC（BHCAN2-R1／FDCAN8-R1）皆無此 SG_；R-G1"
features/display/data/signal_resolution.tsv.meta.json	27	R-G13	AMBIGUOUS	NO_KW	"""R-G13"""
features/display/data/spec_text_layer.tsv.meta.json	17	R-G19	AMBIGUOUS	NO_KW	"""R-G19"","
features/display/docs/INDEX.md	15	R-G12	LEDGER	CONTEXT_KW	| 04 | 2026-08-24 | 參考素材庫（`forms/`）建置；訊號三段解析鏈 | [handoff/04_reference_store.md](handoff/04_reference_store.md) | [upstream/04_reference_store.md](upstream/04_reference_store.md) | R-G12–R-G14（全域，抄入 `d
features/display/docs/INDEX.md	15	R-G14	AMBIGUOUS	NO_KW	| 04 | 2026-08-24 | 參考素材庫（`forms/`）建置；訊號三段解析鏈 | [handoff/04_reference_store.md](handoff/04_reference_store.md) | [upstream/04_reference_store.md](upstream/04_reference_store.md) | R-G12–R-G14（全域，抄入 `d
features/display/docs/INDEX.md	16	R-G15	AMBIGUOUS	NO_KW	| 05 | 2026-08-24 | `[VALUE]` 定義定案、PROXI 開工、DBC 適用性 | [handoff/05_proxi_and_values.md](handoff/05_proxi_and_values.md) | [upstream/05_proxi_and_values.md](upstream/05_proxi_and_values.md) | R-DM18–R-D
features/display/docs/INDEX.md	17	R-G16	LEDGER	CONTEXT_KW	| 06 | 2026-08-25 | 縮寫錨定案、聚合缺陷通則、037 精讀、Polarion 分頁清償 | [handoff/06_glossary_anchor.md](handoff/06_glossary_anchor.md) | [upstream/06_glossary_anchor.md](upstream/06_glossary_anchor.md) | R-DM22／R-DM2
features/display/docs/INDEX.md	17	R-G13	AMBIGUOUS	NO_KW	| 06 | 2026-08-25 | 縮寫錨定案、聚合缺陷通則、037 精讀、Polarion 分頁清償 | [handoff/06_glossary_anchor.md](handoff/06_glossary_anchor.md) | [upstream/06_glossary_anchor.md](upstream/06_glossary_anchor.md) | R-DM22／R-DM2
features/display/docs/INDEX.md	18	R-G17	AMBIGUOUS	NO_KW	| 07 | 2026-08-25 | Q5 定案 B、錨優先序、分隔符正規化；**首次授權改 `scripts/intake.py`** | [handoff/07_pipeline_and_anchors.md](handoff/07_pipeline_and_anchors.md) | [upstream/07_pipeline_and_anchors.md](upstream/07_pip
features/display/docs/INDEX.md	19	R-G18	AMBIGUOUS	NO_KW	| 08 | 2026-08-25 | Q5-B 誤診歸屬、警示分支實測、正規化回施 | [handoff/08_recon_and_norm.md](handoff/08_recon_and_norm.md) | [upstream/08_recon_and_norm.md](upstream/08_recon_and_norm.md) | R-DM28／R-DM29 ＋ R-G18（全域）（逐
features/display/docs/INDEX.md	20	R-G19	AMBIGUOUS	NO_KW	| 09 | 2026-08-25 | 選項 D 執行、sidecar 化、ETM 判準否定 | [handoff/09_recon_crosscheck.md](handoff/09_recon_crosscheck.md) | [upstream/09_recon_crosscheck.md](upstream/09_recon_crosscheck.md) | R-DM30／R-DM31 ＋
features/display/docs/INDEX.md	20	R-G20	AMBIGUOUS	NO_KW	| 09 | 2026-08-25 | 選項 D 執行、sidecar 化、ETM 判準否定 | [handoff/09_recon_crosscheck.md](handoff/09_recon_crosscheck.md) | [upstream/09_recon_crosscheck.md](upstream/09_recon_crosscheck.md) | R-DM30／R-DM31 ＋
features/display/docs/INDEX.md	21	R-G21	AMBIGUOUS	NO_KW	| 10 | 2026-08-25 | 交叉檢查結案、DECISIONS 合併、PROXI 改需求驅動 | [handoff/10_decisions_merge.md](handoff/10_decisions_merge.md) | [upstream/10_decisions_merge.md](upstream/10_decisions_merge.md) | R-DM32–R-DM34 
features/display/docs/INDEX.md	21	R-G22	AMBIGUOUS	NO_KW	| 10 | 2026-08-25 | 交叉檢查結案、DECISIONS 合併、PROXI 改需求驅動 | [handoff/10_decisions_merge.md](handoff/10_decisions_merge.md) | [upstream/10_decisions_merge.md](upstream/10_decisions_merge.md) | R-DM32–R-DM34 
features/display/docs/INDEX.md	22	R-G23	LEDGER	CONTEXT_KW	| 11 | 2026-08-25 | 綁定檢查、合併複驗、待裁期間之不阻塞工作 | [handoff/11_binding_verify.md](handoff/11_binding_verify.md) | [upstream/11_binding_verify.md](upstream/11_binding_verify.md) | R-DM35 ＋ R-G23（全域）（逐字抄錄 2/2，D
features/display/docs/INDEX.md	23	R-G24	LEDGER	CONTEXT_KW	| 12 | 2026-08-25 | marker 衝突裁定、已裁常數改為機器檢查 | [handoff/12_assertions.md](handoff/12_assertions.md) | [upstream/12_assertions.md](upstream/12_assertions.md) | R-DM36／R-DM37 ＋ R-G24（全域）（逐字抄錄 3/3，Display 
features/display/docs/INDEX.md	24	R-G25	AMBIGUOUS	NO_KW	| 13 | 2026-08-25 | 會說謊的警示補測、綁定範圍收束、不阻塞工作見底 | [handoff/13_honest_guards.md](handoff/13_honest_guards.md) | [upstream/13_honest_guards.md](upstream/13_honest_guards.md) | R-DM38／R-DM39 ＋ R-G25（全域）（逐字抄錄
features/display/docs/INDEX.md	25	R-G26	AMBIGUOUS	NO_KW	| 19 | 2026-08-25 | **合併包**：14–18 撤回重排；裁定落地、framework、簽核、pilot-01 | [handoff/19_consolidated.md](handoff/19_consolidated.md) | [upstream/19_consolidated.md](upstream/19_consolidated.md) | R-DM40–46（7 
features/display/docs/INDEX.md	32	R-G25	AMBIGUOUS	NO_KW	| 26 ＋ 26a | 2026-08-25 | 機器抽取原則入條、A-DM35 補件、**STALE 實測失敗** | [handoff/26_extraction_principle.md](handoff/26_extraction_principle.md)、[26a](handoff/26a_materials_landed.md) | [upstream/26_extraction_
features/display/docs/INDEX.md	33	R-G16	AMBIGUOUS	NO_KW	| 27 | 2026-08-25 | A8 解除、STALE 乙案修畢、24-4／24-5 完成 | [handoff/27_stale_fix.md](handoff/27_stale_fix.md) | [upstream/27_stale_fix.md](upstream/27_stale_fix.md) | R-DM54；R-G16 口徑指標 | A-DM37 新增；A-DM35 結案；
features/display/docs/INDEX.md	37	R-G27	AMBIGUOUS	NO_KW	| 30 ＋ 30a | 2026-08-26 | 追五個轉指條號；R-DM51 依據補驗；DR-DM7 結案 | [handoff/30_crossref_chase.md](handoff/30_crossref_chase.md)、[30a](handoff/30a_vf169.md) | [upstream/30_crossref_chase.md](upstream/30_crossre
features/display/docs/INDEX.md	38	R-G22	AMBIGUOUS	NO_KW	| 31 | 2026-08-26 | 讀 71 條漏網；自陳即驗入條 | [handoff/31_missed_clauses.md](handoff/31_missed_clauses.md) | [upstream/31_missed_clauses.md](upstream/31_missed_clauses.md) | R-G38（全域）；R-G22 指標 | A-DM33 母體加註；A
features/display/docs/INDEX.md	95	R-G13	AMBIGUOUS	NO_KW	- `CM_TCH_STAT` 於 BHCAN2 之 0 命中確為「本就不在該匯流排」（R-G13 教案）
features/display/docs/INDEX.md	146	R-G16	AMBIGUOUS	NO_KW	**R-G16 複查**：六支寫檔腳本之逗號串接全改 ` ¦ `；六份 TSV 之筆數
features/display/docs/INDEX.md	265	R-G23	LEDGER	CONTEXT_KW	**R-G23 綁定檢查**：`verify_reference_binding.py` 四項 **4/4 相符**；
features/display/docs/INDEX.md	281	R-G24	LEDGER	CONTEXT_KW	`Test Set table`／`profile [OVERRIDE]` 依 **R-G24** 改為 `[PEI]`
features/display/docs/INDEX.md	284	R-G24	LEDGER	CONTEXT_KW	一項，且該項為 R-DM32／R-G24 皆判取 `[PEI]` 之刻意結果。
features/display/docs/INDEX.md	305	R-G25	LEDGER	CONTEXT_KW	**R-G25 補測三處，全數通過**：`verify_reference_binding.py` 之「不更新
features/display/docs/INDEX.md	404	R-G19	AMBIGUOUS	NO_KW	> **結論不變而理由改變，依 R-G19 分別更正。**
features/display/docs/INDEX.md	521	R-G25	LEDGER	CONTEXT_KW	> R-G25（宣稱不做 X 須跑兩次）之精神在此適用而本輪未做。
features/display/docs/INDEX.md	747	R-G19	AMBIGUOUS	NO_KW	不同的東西」，補驗後**該說法站不住，已具名更正**（R-G19）。
features/display/docs/INDEX.md	767	R-G27	AMBIGUOUS	NO_KW	實際上編碼了一個未被檢查的假設。** R-G27 防過寬，本項是過嚴。
features/display/docs/INDEX.md	831	R-G27	AMBIGUOUS	NO_KW	不得沿用他檔之判準。R-G27 條下留指標 —— **R-G27 防過寬，R-G37 防過嚴。**
features/display/docs/INDEX.md	831	R-G27	AMBIGUOUS	NO_KW	不得沿用他檔之判準。R-G27 條下留指標 —— **R-G27 防過寬，R-G37 防過嚴。**
features/display/docs/INDEX.md	840	R-G22	AMBIGUOUS	NO_KW	登為 **B25**：**R-G22 立於 12 輪規制的正是這件事，
features/display/docs/INDEX.md	911	R-G22	AMBIGUOUS	NO_KW	**第一次是上繳 29 §2.2 的 `All` 那句，本輪才剛把它寫成 R-G22 的指標。**
features/display/docs/INDEX.md	916	R-G22	AMBIGUOUS	NO_KW	> **R-G22 規制它，而 R-G22 已經在了。問題不在缺條文，
features/display/docs/INDEX.md	916	R-G22	AMBIGUOUS	NO_KW	> **R-G22 規制它，而 R-G22 已經在了。問題不在缺條文，
features/display/docs/INDEX.md	963	R-G22	AMBIGUOUS	NO_KW	**兩次皆為 R-G22 所規制，而 R-G22 已經在了**。
features/display/docs/INDEX.md	963	R-G22	AMBIGUOUS	NO_KW	**兩次皆為 R-G22 所規制，而 R-G22 已經在了**。
features/display/docs/Q2_Q3_briefing.md	62	R-G13	LEDGER	CONTEXT_KW	(1) 已依 R-G13 三要件查證而確認不存在（`signal_resolution.tsv` 之 2 列）；
features/display/docs/RETROSPECTIVE.md	5	R-G28	AMBIGUOUS	NO_KW	- 性質：檢討與矯正規則。矯正規則（R-G28–R-G31）之抄錄入台帳
features/display/docs/RETROSPECTIVE.md	36	R-G28	LEDGER	CONTEXT_KW	之讀碼或實測驗證。→ R-G28
features/display/docs/RETROSPECTIVE.md	45	R-G23	AMBIGUOUS	NO_KW	那些條文（R-G23–R-G27）對後面七本工作簿有真實價值 ——
features/display/docs/RETROSPECTIVE.md	45	R-G27	AMBIGUOUS	NO_KW	那些條文（R-G23–R-G27）對後面七本工作簿有真實價值 ——
features/display/docs/RETROSPECTIVE.md	48	R-G29	AMBIGUOUS	NO_KW	**再犯判準**：下放包之步驟中，「不影響交付物正確性」者佔多數。→ R-G29
features/display/docs/RETROSPECTIVE.md	89	R-G16	AMBIGUOUS	NO_KW	2. **獨立重算＋量測條件宣告**（R-G16）—— 分析層與執行層互抓出
features/display/docs/RETROSPECTIVE.md	91	R-G20	AMBIGUOUS	NO_KW	3. **機器數字與斷言**（R-G20/R-G22）—— 立條後立即各攔一次。
features/display/docs/RETROSPECTIVE.md	91	R-G22	LEDGER	CONTEXT_KW	3. **機器數字與斷言**（R-G20/R-G22）—— 立條後立即各攔一次。
features/display/docs/RETROSPECTIVE.md	92	R-G29	LEDGER	CONTEXT_KW	4. **「未驗項」自陳** —— 機制保留，**分流規則改變**（R-G29）。
features/display/docs/RETROSPECTIVE.md	101	R-G28	LEDGER	CONTEXT_KW	R-G28（裁決選單須先驗證其能解題 —— 全域）
features/display/docs/RETROSPECTIVE.md	114	R-G29	LEDGER	CONTEXT_KW	R-G29（未驗項分流：交付正確性 vs 鷹架品質 —— 全域）
features/display/docs/RETROSPECTIVE.md	167	R-G29	AMBIGUOUS	NO_KW	撤回者非取消 —— 記入 `features/display/BACKLOG.md`，依 R-G29 於
features/display/docs/handoff/04_reference_store.md	171	R-G12	LEDGER	CONTEXT_KW	R-G12（參考素材庫之位置與 manifest —— 全域）
features/display/docs/handoff/04_reference_store.md	189	R-G13	LEDGER	CONTEXT_KW	(b) 為必填之理由見 R-G13：無涵蓋範圍之登錄，「查無」不構成發現。
features/display/docs/handoff/04_reference_store.md	193	R-G13	LEDGER	CONTEXT_KW	R-G13（查無之成立要件 —— 全域）
features/display/docs/handoff/04_reference_store.md	209	R-G14	LEDGER	CONTEXT_KW	R-G14（查無台帳 —— 全域）
features/display/docs/handoff/04_reference_store.md	211	R-G13	LEDGER	CONTEXT_KW	凡經 R-G13 三要件仍查無者，登記一列，欄位：
features/display/docs/handoff/04_reference_store.md	266	R-G12	AMBIGUOUS	NO_KW	`R-G12`／`R-G13`／`R-G14` 入 `docs/fw036/RULINGS_LEDGER.md`；
features/display/docs/handoff/04_reference_store.md	266	R-G13	AMBIGUOUS	NO_KW	`R-G12`／`R-G13`／`R-G14` 入 `docs/fw036/RULINGS_LEDGER.md`；
features/display/docs/handoff/04_reference_store.md	266	R-G14	AMBIGUOUS	NO_KW	`R-G12`／`R-G13`／`R-G14` 入 `docs/fw036/RULINGS_LEDGER.md`；
features/display/docs/handoff/04_reference_store.md	269	R-G12	AMBIGUOUS	NO_KW	依 R-G12 六項必填欄位寫入 `FORMS.md` 之新節。
features/display/docs/handoff/04_reference_store.md	271	R-G14	AMBIGUOUS	NO_KW	3. **建 `forms/LOOKUP_MISSES.md`**，依 R-G14 之欄位建表頭。
features/display/docs/handoff/04_reference_store.md	285	R-G13	LEDGER	CONTEXT_KW	逐筆依 R-G13 三要件登記。若全數 resolved，登記「本輪無 miss」一列
features/display/docs/handoff/04_reference_store.md	311	R-G13	LEDGER	CONTEXT_KW	11. 任一「查無」之陳述無法同時滿足 R-G13 三要件 → 不得寫入任何產出，
features/display/docs/handoff/04_reference_store.md	341	R-G12	LEDGER	CONTEXT_KW	| R-G12 | 參考素材庫置於 `forms/`；manifest 六項必填欄位 | 全域 | 是 |
features/display/docs/handoff/04_reference_store.md	342	R-G13	LEDGER	CONTEXT_KW	| R-G13 | 查無之成立三要件 | 全域 | 是 |
features/display/docs/handoff/04_reference_store.md	343	R-G14	LEDGER	CONTEXT_KW	| R-G14 | `forms/LOOKUP_MISSES.md` 查無台帳 | 全域 | 是 |
features/display/docs/handoff/05_proxi_and_values.md	18	R-G14	AMBIGUOUS	NO_KW	R-G14 規定 `forms/LOOKUP_MISSES.md` 須 tracked，而 `forms/*` 會排除它 ——
features/display/docs/handoff/05_proxi_and_values.md	29	R-G15	AMBIGUOUS	NO_KW	執行層之評語逐字採認並升為通則（見 §四 R-G15 之理由段）：
features/display/docs/handoff/05_proxi_and_values.md	39	R-G13	LEDGER	CONTEXT_KW	而訊息 `RADIO_B4` 本身存在於 BHCAN2-R1，故為 R-G13 三要件齊備之真查無。
features/display/docs/handoff/05_proxi_and_values.md	44	R-G13	LEDGER	CONTEXT_KW	特別是第 (3) 項以「訊息本身存在於該 DBC」為據 —— 這正是 R-G13 要的東西。
features/display/docs/handoff/05_proxi_and_values.md	223	R-G15	LEDGER	CONTEXT_KW	R-G15（參考資料庫之版本綁定 —— 全域）
features/display/docs/handoff/05_proxi_and_values.md	247	R-G15	AMBIGUOUS	NO_KW	1. 抄錄 §四五條入指定檔（`R-G15` 入
features/display/docs/handoff/05_proxi_and_values.md	256	R-G15	LEDGER	CONTEXT_KW	4. 依 R-DM19 於 `feature.yaml` 新增 `reference:` 節（R-G15），
features/display/docs/handoff/05_proxi_and_values.md	323	R-G15	LEDGER	CONTEXT_KW	| R-G15 | `feature.yaml` 之 `reference:` 版本綁定 | 全域 | 是 |
features/display/docs/handoff/06_glossary_anchor.md	30	R-G16	AMBIGUOUS	NO_KW	此判斷正確且應升為全域條文，見 §四 R-G16。
features/display/docs/handoff/06_glossary_anchor.md	32	R-G13	AMBIGUOUS	NO_KW	### 1.2 A-DM17 —— R-G13 在 PROXI 上重演
features/display/docs/handoff/06_glossary_anchor.md	38	R-G13	AMBIGUOUS	NO_KW	**R-G13 第 (2) 要件「用什麼名字查」不限於 DBC。** 見 §四 R-G13 之補充。
features/display/docs/handoff/06_glossary_anchor.md	38	R-G13	AMBIGUOUS	NO_KW	**R-G13 第 (2) 要件「用什麼名字查」不限於 DBC。** 見 §四 R-G13 之補充。
features/display/docs/handoff/06_glossary_anchor.md	177	R-G13	LEDGER	CONTEXT_KW	(1) 已依 R-G13 三要件查證而確認不存在（= 查無）
features/display/docs/handoff/06_glossary_anchor.md	191	R-G16	LEDGER	CONTEXT_KW	R-G16（量測與聚合分離 —— 全域）
features/display/docs/handoff/06_glossary_anchor.md	215	R-G13	AMBIGUOUS	NO_KW	R-G13 補充（查詢鍵不限於 DBC —— 併入原條）
features/display/docs/handoff/06_glossary_anchor.md	230	R-G16	AMBIGUOUS	NO_KW	1. 抄錄 §四四條入指定檔（`R-G16` 與 `R-G13 補充` 入
features/display/docs/handoff/06_glossary_anchor.md	230	R-G13	AMBIGUOUS	NO_KW	1. 抄錄 §四四條入指定檔（`R-G16` 與 `R-G13 補充` 入
features/display/docs/handoff/06_glossary_anchor.md	231	R-G13	AMBIGUOUS	NO_KW	`docs/fw036/RULINGS_LEDGER.md`，後者併入 R-G13 原條之下、
features/display/docs/handoff/06_glossary_anchor.md	248	R-G16	AMBIGUOUS	NO_KW	6. 依 R-G16(a)(b)(c) 複查本 feature 現有之十支腳本：
features/display/docs/handoff/06_glossary_anchor.md	278	R-G16	AMBIGUOUS	NO_KW	（R-G16 驗收方式）→ 該產出標記為不可信並停手回報，
features/display/docs/handoff/06_glossary_anchor.md	293	R-G16	AMBIGUOUS	NO_KW	6. R-G16 對十支腳本之複查結果，逐支列筆數變化
features/display/docs/handoff/06_glossary_anchor.md	308	R-G16	LEDGER	CONTEXT_KW	| R-G16 | 量測與聚合分離；分隔符、多值、選定判準三拘束 | 全域 | 是 |
features/display/docs/handoff/06_glossary_anchor.md	309	R-G13	LEDGER	CONTEXT_KW	| R-G13 補充 | 查詢鍵不限於 DBC | 全域 | 是 |
features/display/docs/handoff/07_pipeline_and_anchors.md	83	R-G16	AMBIGUOUS	NO_KW	> 是因為 R-G16(a) 要求分隔符不得為資料中可能出現之字元 ——
features/display/docs/handoff/07_pipeline_and_anchors.md	253	R-G17	LEDGER	CONTEXT_KW	R-G17（匯出檔之自帶字典須逐欄校驗 —— 全域）
features/display/docs/handoff/07_pipeline_and_anchors.md	274	R-G17	AMBIGUOUS	NO_KW	1. 抄錄 §四五條入指定檔（`R-G17` 入 `docs/fw036/RULINGS_LEDGER.md`；
features/display/docs/handoff/07_pipeline_and_anchors.md	293	R-G17	AMBIGUOUS	NO_KW	9. 依 R-G17 與 §1.3 結清 `_polarion` 之校驗：**兩個字典皆已校驗完畢**，
features/display/docs/handoff/07_pipeline_and_anchors.md	345	R-G17	LEDGER	CONTEXT_KW	| R-G17 | 匯出檔自帶字典須逐欄校驗；先分辨字典列與工作項列 | 全域 | 是 |
features/display/docs/handoff/08_recon_and_norm.md	28	R-G18	AMBIGUOUS	NO_KW	`_intake/` 四個目錄為空另有後果，已升為全域條文（§四 R-G18）。
features/display/docs/handoff/08_recon_and_norm.md	197	R-G18	LEDGER	CONTEXT_KW	R-G18（`--scaffold` 之搬移使 intake 不可重現 —— 全域）
features/display/docs/handoff/08_recon_and_norm.md	223	R-G18	AMBIGUOUS	NO_KW	1. 抄錄 §四三條入指定檔（`R-G18` 入 `docs/fw036/RULINGS_LEDGER.md`；
features/display/docs/handoff/08_recon_and_norm.md	291	R-G18	LEDGER	CONTEXT_KW	| R-G18 | `--scaffold` 搬移使 intake 不可重現；空目錄上之 PASS 不成立 | 全域 | 是 |
features/display/docs/handoff/09_recon_crosscheck.md	37	R-G19	AMBIGUOUS	NO_KW	執行層之自評升為全域條文（§四 R-G19）：
features/display/docs/handoff/09_recon_crosscheck.md	47	R-G16	AMBIGUOUS	NO_KW	執行層之歸類正確：與 R-G16 同型（擷取與比對都對，錯在謄寫），
features/display/docs/handoff/09_recon_crosscheck.md	48	R-G20	LEDGER	CONTEXT_KW	且**那一步沒有任何自動檢查**。升為條文，見 §四 R-G20。
features/display/docs/handoff/09_recon_crosscheck.md	109	R-G16	AMBIGUOUS	NO_KW	**不採「保留註解行並明定慣例」之方向。** 理由與 R-G16(a) 同型：
features/display/docs/handoff/09_recon_crosscheck.md	132	R-G19	LEDGER	CONTEXT_KW	R-G19（理由與數字須分別驗證 —— 全域）
features/display/docs/handoff/09_recon_crosscheck.md	147	R-G20	LEDGER	CONTEXT_KW	R-G20（報告中之摘要數字須為機器輸出 —— 全域）
features/display/docs/handoff/09_recon_crosscheck.md	152	R-G16	AMBIGUOUS	NO_KW	自動檢查**。R-G16 所列之三次缺陷皆在量測之後的處理階段，
features/display/docs/handoff/09_recon_crosscheck.md	204	R-G19	AMBIGUOUS	NO_KW	1. 抄錄 §四四條入指定檔（`R-G19`／`R-G20` 入
features/display/docs/handoff/09_recon_crosscheck.md	204	R-G20	AMBIGUOUS	NO_KW	1. 抄錄 §四四條入指定檔（`R-G19`／`R-G20` 入
features/display/docs/handoff/09_recon_crosscheck.md	207	R-G20	AMBIGUOUS	NO_KW	**核對表之數字依 R-G20 自腳本輸出貼入。**
features/display/docs/handoff/09_recon_crosscheck.md	211	R-G16	AMBIGUOUS	NO_KW	**處理前後之資料列數逐檔並列**（R-G16 之還原檢查）。
features/display/docs/handoff/09_recon_crosscheck.md	259	R-G20	AMBIGUOUS	NO_KW	1. §四四條之抄錄核對表（依 R-G20 自腳本輸出貼入）
features/display/docs/handoff/09_recon_crosscheck.md	276	R-G19	LEDGER	CONTEXT_KW	| R-G19 | 理由與數字須分別驗證；未驗之理由須標記 | 全域 | 是 |
features/display/docs/handoff/09_recon_crosscheck.md	277	R-G20	LEDGER	CONTEXT_KW	| R-G20 | 報告中之摘要數字須為機器輸出，不得謄寫 | 全域 | 是 |
features/display/docs/handoff/10_decisions_merge.md	26	R-G21	LEDGER	CONTEXT_KW	四處全部在授權之**行為範圍**內，予以追認。條文見 §四 R-G21。
features/display/docs/handoff/10_decisions_merge.md	37	R-G22	LEDGER	CONTEXT_KW	其自評採認並升為條文（§四 R-G22）：
features/display/docs/handoff/10_decisions_merge.md	54	R-G19	AMBIGUOUS	NO_KW	結果相同（空 map），理由不同。**這正是 R-G19 所指之形態**，
features/display/docs/handoff/10_decisions_merge.md	112	R-G13	LEDGER	CONTEXT_KW	查不得即依 R-G13 三要件登記 `LOOKUP_MISSES.md` 並開 DR。
features/display/docs/handoff/10_decisions_merge.md	135	R-G21	LEDGER	CONTEXT_KW	R-G21（共用腳本之授權以行為界定，不以處數界定 —— 全域）
features/display/docs/handoff/10_decisions_merge.md	155	R-G22	LEDGER	CONTEXT_KW	R-G22（斷言式表述須由腳本產出 —— R-G20 之延伸，全域）
features/display/docs/handoff/10_decisions_merge.md	155	R-G20	AMBIGUOUS	NO_KW	R-G22（斷言式表述須由腳本產出 —— R-G20 之延伸，全域）
features/display/docs/handoff/10_decisions_merge.md	159	R-G20	LEDGER	CONTEXT_KW	理由：R-G20 所規制者為謄寫之數字，本條所規制者為**數字之間的關係
features/display/docs/handoff/10_decisions_merge.md	199	R-G13	LEDGER	CONTEXT_KW	查得即用（值域依 R-VS49 以 PROXI 表為權威）；查不得則依 R-G13
features/display/docs/handoff/10_decisions_merge.md	230	R-G21	AMBIGUOUS	NO_KW	1. 抄錄 §四五條入指定檔（`R-G21`／`R-G22` 入
features/display/docs/handoff/10_decisions_merge.md	230	R-G22	AMBIGUOUS	NO_KW	1. 抄錄 §四五條入指定檔（`R-G21`／`R-G22` 入
features/display/docs/handoff/10_decisions_merge.md	232	R-G20	AMBIGUOUS	NO_KW	`features/display/RULINGS.md`），核對表依 R-G20 由腳本產出。
features/display/docs/handoff/10_decisions_merge.md	311	R-G21	LEDGER	CONTEXT_KW	| R-G21 | 共用腳本授權以行為界定，不以處數界定 | 全域 | 是 |
features/display/docs/handoff/10_decisions_merge.md	312	R-G22	LEDGER	CONTEXT_KW	| R-G22 | 斷言式表述（互斥／窮盡／合計）須由腳本產出 | 全域 | 是 |
features/display/docs/handoff/11_binding_verify.md	26	R-G22	AMBIGUOUS	NO_KW	### 1.2 §7.4 之自查 —— R-G22 立條後第一次生效
features/display/docs/handoff/11_binding_verify.md	37	R-G22	AMBIGUOUS	NO_KW	R-G22 於立條後之第一份文件即攔下兩處，條文有效。
features/display/docs/handoff/11_binding_verify.md	60	R-G23	LEDGER	CONTEXT_KW	| 5 | `reference:` 綁了 sha256 但無腳本比對 | 立 R-G23（§四）＋ 步驟 2 |
features/display/docs/handoff/11_binding_verify.md	62	R-G15	LEDGER	CONTEXT_KW	第 5 項是本包之重點：**R-G15 要求綁定可見，但可見不等於被檢查。**
features/display/docs/handoff/11_binding_verify.md	109	R-G23	LEDGER	CONTEXT_KW	R-G23（綁定須被檢查，宣告不等於保護 —— 全域）
features/display/docs/handoff/11_binding_verify.md	110	R-G15	LEDGER	CONTEXT_KW	R-G15 要求 `feature.yaml` 之 `reference:` 節逐項綁定參考資料庫之
features/display/docs/handoff/11_binding_verify.md	146	R-G23	AMBIGUOUS	NO_KW	1. 抄錄 §四二條（`R-G23` 入 `docs/fw036/RULINGS_LEDGER.md`；
features/display/docs/handoff/11_binding_verify.md	149	R-G23	LEDGER	CONTEXT_KW	2. **實作 `reference:` 綁定檢查（R-G23）**：
features/display/docs/handoff/11_binding_verify.md	168	R-G16	AMBIGUOUS	NO_KW	**資料列數處理前後並列**（R-G16 還原檢查）。
features/display/docs/handoff/11_binding_verify.md	173	R-G15	AMBIGUOUS	NO_KW	**不實作自動失效機制**，僅使綁定可見（同 R-G15 之分寸）。
features/display/docs/handoff/11_binding_verify.md	187	R-G23	LEDGER	CONTEXT_KW	`feature.yaml` 之宣告值**（R-G23）。
features/display/docs/handoff/11_binding_verify.md	212	R-G23	LEDGER	CONTEXT_KW	| R-G23 | 綁定須被檢查；失敗時停手不得更新宣告值 | 全域 | 是 |
features/display/docs/handoff/12_assertions.md	31	R-G24	LEDGER	CONTEXT_KW	拒絕替一條不存在的規則作主。**正確。** 裁定見 §四 R-G24。
features/display/docs/handoff/12_assertions.md	46	R-G19	AMBIGUOUS	NO_KW	與 R-G19 同型，且對象是自己的產出。記明。
features/display/docs/handoff/12_assertions.md	55	R-G24	LEDGER	CONTEXT_KW	| 2 | `Test Set table (Part N)` | **改為 `[PEI]`**（依 R-G24，較嚴者為準；且該項本即 Tier 2） |
features/display/docs/handoff/12_assertions.md	101	R-G24	LEDGER	CONTEXT_KW	R-G24（marker 衝突以較嚴者為準 —— 全域）
features/display/docs/handoff/12_assertions.md	164	R-G24	AMBIGUOUS	NO_KW	1. 抄錄 §四三條（`R-G24` 入 `docs/fw036/RULINGS_LEDGER.md`；
features/display/docs/handoff/12_assertions.md	172	R-G24	AMBIGUOUS	NO_KW	（R-G24；不刪除原記錄，R-TM13）
features/display/docs/handoff/12_assertions.md	193	R-G16	AMBIGUOUS	NO_KW	串接前後各跑一次，確認其產出之資料列數不變（R-G16 還原檢查）。
features/display/docs/handoff/12_assertions.md	199	R-G23	AMBIGUOUS	NO_KW	（與 R-G23 同分寸：察覺變動，不代為採納。）
features/display/docs/handoff/12_assertions.md	238	R-G24	LEDGER	CONTEXT_KW	| R-G24 | marker 衝突取較嚴者，不問在哪一側 | 全域 | 是 |
features/display/docs/handoff/13_honest_guards.md	30	R-G25	AMBIGUOUS	NO_KW	其一般化提案予以採納並立為全域條文（§四 R-G25），
features/display/docs/handoff/13_honest_guards.md	64	R-G25	AMBIGUOUS	NO_KW	| 5 | A-DM28 之一般化未實作 | 立 R-G25（§四）＋ 步驟 2 |
features/display/docs/handoff/13_honest_guards.md	101	R-G25	LEDGER	CONTEXT_KW	R-G25（「宣稱不做 X」之測試須連跑兩次 —— 全域）
features/display/docs/handoff/13_honest_guards.md	133	R-G23	LEDGER	CONTEXT_KW	（上繳 12 §8 第 3 項自陳）。此即 R-G23 所指之「宣告不等於保護」。
features/display/docs/handoff/13_honest_guards.md	170	R-G25	AMBIGUOUS	NO_KW	1. 抄錄 §四三條（`R-G25` 入 `docs/fw036/RULINGS_LEDGER.md`；
features/display/docs/handoff/13_honest_guards.md	174	R-G25	AMBIGUOUS	NO_KW	2. **依 R-G25 補測既有之兩處宣稱**（上繳 12 §8 第 5 項自陳）：
features/display/docs/handoff/13_honest_guards.md	232	R-G25	LEDGER	CONTEXT_KW	2. R-G25 兩處補測之輸出（各含兩次執行與標的未變之證明）
features/display/docs/handoff/13_honest_guards.md	245	R-G25	LEDGER	CONTEXT_KW	| R-G25 | 「宣稱不做 X」之測試須連跑兩次；含標的未變之驗證 | 全域 | 是 |
features/display/docs/handoff/14_mapping_audit.md	32	R-G26	AMBIGUOUS	NO_KW	升為全域條文（§四 R-G26）。
features/display/docs/handoff/14_mapping_audit.md	40	R-G27	LEDGER	CONTEXT_KW	執行層之自評採認並升為全域條文（§四 R-G27）：
features/display/docs/handoff/14_mapping_audit.md	97	R-G27	AMBIGUOUS	NO_KW	## 三、R-G27 之回溯適用 —— 交叉檢查之涵蓋面須自我審查
features/display/docs/handoff/14_mapping_audit.md	115	R-G26	LEDGER	CONTEXT_KW	R-G26（綠燈須連同其母體一併引用 —— 全域）
features/display/docs/handoff/14_mapping_audit.md	132	R-G27	LEDGER	CONTEXT_KW	R-G27（概念映射須以確切詞組或欄位鍵為據 —— 全域）
features/display/docs/handoff/14_mapping_audit.md	176	R-G26	AMBIGUOUS	NO_KW	1. 抄錄 §四三條（`R-G26`／`R-G27` 入 `docs/fw036/RULINGS_LEDGER.md`；
features/display/docs/handoff/14_mapping_audit.md	176	R-G27	AMBIGUOUS	NO_KW	1. 抄錄 §四三條（`R-G26`／`R-G27` 入 `docs/fw036/RULINGS_LEDGER.md`；
features/display/docs/handoff/14_mapping_audit.md	183	R-G27	LEDGER	CONTEXT_KW	3. **依 R-G27 回溯審查上繳 09 §4 之 17 項交叉檢查表**（§三）：
features/display/docs/handoff/14_mapping_audit.md	189	R-G26	LEDGER	CONTEXT_KW	4. **依 R-G26 檢查本 feature 既有產出中之綠燈表述**：
features/display/docs/handoff/14_mapping_audit.md	243	R-G26	LEDGER	CONTEXT_KW	4. R-G26 之綠燈表述補正清單
features/display/docs/handoff/14_mapping_audit.md	255	R-G26	LEDGER	CONTEXT_KW	| R-G26 | 綠燈須連同母體引用；禁止單獨引「N of N」 | 全域 | 是 |
features/display/docs/handoff/14_mapping_audit.md	256	R-G27	LEDGER	CONTEXT_KW	| R-G27 | 概念映射須逐字；回溯適用於既有對照表 | 全域 | 是 |
features/display/docs/handoff/15_scope_settled.md	320	R-G26	AMBIGUOUS	NO_KW	3. `verify_reference_binding.py` 十一項輸出（含 `entries: 11`，R-G26）
features/display/docs/handoff/16_sysad_allocation.md	150	R-G19	LEDGER	CONTEXT_KW	依 R-G19，理由與數字須分別成立。
features/display/docs/handoff/16_sysad_allocation.md	159	R-G27	AMBIGUOUS	NO_KW	依 R-DM13／R-G27，**不得以語意相近建立映射**。
features/display/docs/handoff/16_sysad_allocation.md	188	R-G27	AMBIGUOUS	NO_KW	建立 leaf ↔ 元件映射（R-DM13／R-G27）
features/display/docs/handoff/16_sysad_allocation.md	210	R-G19	LEDGER	CONTEXT_KW	依 R-G19，理由與數字須分別成立；一個正確的結論配一個錯誤的理由，
features/display/docs/handoff/17_framework_pilot.md	15	R-G28	AMBIGUOUS	NO_KW	1. 抄錄 `RETROSPECTIVE.md` §四之 **R-G28–R-G31** 入
features/display/docs/handoff/17_framework_pilot.md	102	R-G28	AMBIGUOUS	NO_KW	R-G28–31 核對表；BACKLOG.md；framework.md 落檔確認；
features/display/docs/handoff/17_framework_pilot.md	103	R-G29	LEDGER	CONTEXT_KW	batch_context 全文；前置複驗三項；未驗項分流（A/B 標記，R-G29）；
features/display/docs/handoff/18_pilot01.md	33	R-G24	AMBIGUOUS	NO_KW	> **轉錄之限定（R-DM32／R-G24）**：第 2、3 兩項之內容係分析層於同輪
features/display/docs/handoff/18_pilot01.md	146	R-G29	LEDGER	CONTEXT_KW	6. 未驗項分流（A／B 標記，R-G29）
features/display/docs/handoff/19_consolidated.md	65	R-G29	AMBIGUOUS	NO_KW	| 1 | 建 `features/display/BACKLOG.md`，收本節末之撤回清單 | 17 §一.2 | R-G29 之載體 |
features/display/docs/handoff/19_consolidated.md	68	R-G26	AMBIGUOUS	NO_KW	| 4 | 抄錄 **R-G26／R-G27／R-G28／R-G29／R-G30／R-G31** 入 `RULINGS_LEDGER.md` | 14 §四、`docs/RETROSPECTIVE.md` §四 | 全域；R-G29/30/31 界定本輪之作法本身 |
features/display/docs/handoff/19_consolidated.md	68	R-G27	AMBIGUOUS	NO_KW	| 4 | 抄錄 **R-G26／R-G27／R-G28／R-G29／R-G30／R-G31** 入 `RULINGS_LEDGER.md` | 14 §四、`docs/RETROSPECTIVE.md` §四 | 全域；R-G29/30/31 界定本輪之作法本身 |
features/display/docs/handoff/19_consolidated.md	68	R-G28	AMBIGUOUS	NO_KW	| 4 | 抄錄 **R-G26／R-G27／R-G28／R-G29／R-G30／R-G31** 入 `RULINGS_LEDGER.md` | 14 §四、`docs/RETROSPECTIVE.md` §四 | 全域；R-G29/30/31 界定本輪之作法本身 |
features/display/docs/handoff/19_consolidated.md	68	R-G29	AMBIGUOUS	NO_KW	| 4 | 抄錄 **R-G26／R-G27／R-G28／R-G29／R-G30／R-G31** 入 `RULINGS_LEDGER.md` | 14 §四、`docs/RETROSPECTIVE.md` §四 | 全域；R-G29/30/31 界定本輪之作法本身 |
features/display/docs/handoff/19_consolidated.md	68	R-G29	AMBIGUOUS	NO_KW	| 4 | 抄錄 **R-G26／R-G27／R-G28／R-G29／R-G30／R-G31** 入 `RULINGS_LEDGER.md` | 14 §四、`docs/RETROSPECTIVE.md` §四 | 全域；R-G29/30/31 界定本輪之作法本身 |
features/display/docs/handoff/19_consolidated.md	85	R-G29	AMBIGUOUS	NO_KW	| 項 | 原出處 | 類別（R-G29） |
features/display/docs/handoff/19_consolidated.md	119	R-G24	AMBIGUOUS	NO_KW	> **轉錄之限定（R-DM32／R-G24）**：三項之內容皆係分析層提出，
features/display/docs/handoff/19_consolidated.md	153	R-G26	AMBIGUOUS	NO_KW	本輪一次抄錄 **12 條**（R-DM40–46 七條、R-G26–31 六條中之六條），
features/display/docs/handoff/19_consolidated.md	157	R-G20	LEDGER	CONTEXT_KW	（R-G20：不得謄寫）
features/display/docs/handoff/19_consolidated.md	167	R-G26	AMBIGUOUS	NO_KW	44. 步驟 7 之綁定若非 **11/11** 或 `entries` 非 11 → 停（R-G26）
features/display/docs/handoff/19_consolidated.md	197	R-G28	LEDGER	CONTEXT_KW	該檢討寫完後之次包即再犯一次，故模式一之矯正不能只靠 R-G28
features/display/docs/handoff/19_consolidated.md	213	R-G29	LEDGER	CONTEXT_KW	9. 未驗項分流（A／B，R-G29）
features/display/docs/handoff/20_pilot01_tc.md	36	R-G26	LEDGER	CONTEXT_KW	**這是 R-G26 在一個我沒預見的場合生效。** 該條立時針對的是綁定檢查之
features/display/docs/handoff/20_pilot01_tc.md	226	R-G29	LEDGER	CONTEXT_KW	7. 未驗項分流（A／B，R-G29）
features/display/docs/handoff/21_pilot01_rev2.md	187	R-G29	LEDGER	CONTEXT_KW	6. 未驗項分流（A／B，R-G29）
features/display/docs/handoff/22_pilot01_rev3.md	35	R-G19	AMBIGUOUS	NO_KW	**結論不變（#2 仍 deferred），理由改變**，並依 R-G19 於四處分別更正留註。
features/display/docs/handoff/22_pilot01_rev3.md	37	R-G19	AMBIGUOUS	NO_KW	R-G19 立條之後第三次生效，且這次是在**同一份文件之撰寫過程中**攔下。
features/display/docs/handoff/22_pilot01_rev3.md	201	R-G29	LEDGER	CONTEXT_KW	7. 未驗項分流（A／B，R-G29）
features/display/docs/handoff/23_pilot01_closeout.md	191	R-G29	LEDGER	CONTEXT_KW	5. 未驗項分流（A／B，R-G29）
features/display/docs/handoff/24_cfts013.md	172	R-G27	AMBIGUOUS	NO_KW	不得以全檔子字串命中為據（R-G27 之逐字原則於本處之應用）。
features/display/docs/handoff/24_cfts013.md	196	R-G26	AMBIGUOUS	NO_KW	**十二項**逐項回報（附 `entries: 12`，R-G26）。
features/display/docs/handoff/24_cfts013.md	232	R-G29	LEDGER	CONTEXT_KW	8. 未驗項分流（A／B，R-G29）
features/display/docs/handoff/25_disclosure_lifecycle.md	250	R-G29	LEDGER	CONTEXT_KW	6. 未驗項分流（A／B，R-G29）
features/display/docs/handoff/26_extraction_principle.md	98	R-G25	AMBIGUOUS	NO_KW	> **沒有證明它在解除發生時抓得到**。R-G25 之精神在此適用而本輪未做
features/display/docs/handoff/26_extraction_principle.md	103	R-G25	LEDGER	CONTEXT_KW	R-G25 原文規制「宣稱不做 X」之測試；本處為其近親：
features/display/docs/handoff/26_extraction_principle.md	104	R-G25	LEDGER	CONTEXT_KW	**一個方向恆為 0 之檢查，其有效性未被證明。** 併入 R-G25 之適用範圍，
features/display/docs/handoff/26_extraction_principle.md	123	R-G13	AMBIGUOUS	NO_KW	**依 R-G13（citation-by-reference）之前提：被引用之條文須可取得。**
features/display/docs/handoff/26_extraction_principle.md	184	R-G25	LEDGER	CONTEXT_KW	**R-G25 之適用範圍註記（不改原條文）**：R-G25 規制「宣稱不做 X」
features/display/docs/handoff/26_extraction_principle.md	184	R-G25	LEDGER	CONTEXT_KW	**R-G25 之適用範圍註記（不改原條文）**：R-G25 規制「宣稱不做 X」
features/display/docs/handoff/26_extraction_principle.md	195	R-G25	AMBIGUOUS	NO_KW	（置放依 R-G34）；R-G25 之適用範圍註記以指標形態記於 R-G25 條下
features/display/docs/handoff/26_extraction_principle.md	195	R-G25	AMBIGUOUS	NO_KW	（置放依 R-G34）；R-G25 之適用範圍註記以指標形態記於 R-G25 條下
features/display/docs/handoff/26_extraction_principle.md	209	R-G25	AMBIGUOUS	NO_KW	4. **`STALE` 方向之實測**（R-G25 之適用）：
features/display/docs/handoff/26_extraction_principle.md	216	R-G25	LEDGER	CONTEXT_KW	依 R-G25 之形態：**還原後再跑一次**，確認兩次輸出一致。
features/display/docs/handoff/26_extraction_principle.md	248	R-G25	AMBIGUOUS	NO_KW	1. R-G35／R-G36 之抄錄核對表（各自獨立）；R-G25 指標之置放
features/display/docs/handoff/26_extraction_principle.md	254	R-G29	LEDGER	CONTEXT_KW	7. 未驗項分流（A／B，R-G29）
features/display/docs/handoff/26a_materials_landed.md	29	R-G18	LEDGER	CONTEXT_KW	> 分類不可重現（R-G18），但本檔不經 intake 分類，
features/display/docs/handoff/26a_materials_landed.md	61	R-G12	AMBIGUOUS	NO_KW	| git | `inputs/` 由 `.gitignore` 排除（R-G12），**此重複不會出現在任何 diff** |
features/display/docs/handoff/26a_materials_landed.md	64	R-G23	LEDGER	CONTEXT_KW	這正是 R-G23 所指之「宣告不等於保護」之另一面 ——
features/display/docs/handoff/26a_materials_landed.md	72	R-G23	AMBIGUOUS	NO_KW	| **乙** | 有意置入且為不同版本 → 須說明其與原檔之關係，並裁定何者為準；若為新版，`sys2_export` 之 sha256 須重裁（**不得靜默更新**，R-G23） |
features/display/docs/handoff/27_stale_fix.md	69	R-G25	AMBIGUOUS	NO_KW	條文見 §三 R-DM54。**修畢須重跑 R-G25 之誘發測試**（步驟 2）——
features/display/docs/handoff/27_stale_fix.md	109	R-G16	LEDGER	CONTEXT_KW	- **B15（計數須具名口徑）**：採認。以指標形態註於 ledger 之 R-G16 條下
features/display/docs/handoff/27_stale_fix.md	116	R-G29	LEDGER	CONTEXT_KW	R-G29 之分流已含其處置路徑（A 類次包處理），本次之一輪延遲
features/display/docs/handoff/27_stale_fix.md	131	R-G25	LEDGER	CONTEXT_KW	- **重跑 R-G25 誘發測試**：對 `multi-stage` 一項**於拋棄式複本**
features/display/docs/handoff/27_stale_fix.md	141	R-G16	AMBIGUOUS	NO_KW	R-G16 之口徑指標置於 ledger 該條下（非 fence）。
features/display/docs/handoff/27_stale_fix.md	179	R-G25	AMBIGUOUS	NO_KW	配套：本條生效後，R-G25 之誘發測試須以「標 lifted」之形態重跑
features/display/docs/handoff/27_stale_fix.md	206	R-G29	LEDGER	CONTEXT_KW	6. 未驗項分流（A／B，R-G29）
features/display/docs/handoff/28_cfts013_full_and_rvc.md	45	R-G16	AMBIGUOUS	NO_KW	與 `CFTS013-967`（B2）。計數附口徑（R-G16）。
features/display/docs/handoff/28_cfts013_full_and_rvc.md	138	R-G29	LEDGER	CONTEXT_KW	4. 未驗項分流（A／B，R-G29）
features/display/docs/handoff/29_a3_and_arbitration.md	237	R-G29	LEDGER	CONTEXT_KW	7. 未驗項分流（A／B，R-G29）
features/display/docs/handoff/30_crossref_chase.md	124	R-G27	AMBIGUOUS	NO_KW	R-G27 防過寬，本條防過嚴。
features/display/docs/handoff/30_crossref_chase.md	176	R-G29	LEDGER	CONTEXT_KW	6. 未驗項分流（A／B，R-G29）
features/display/docs/handoff/31_missed_clauses.md	49	R-G22	AMBIGUOUS	NO_KW	> R-G22 立於 12 輪，規制的正是這件事，**而我在一份宣告自己在做回溯檢查
features/display/docs/handoff/31_missed_clauses.md	52	R-G22	AMBIGUOUS	NO_KW	**不另立條** —— R-G22 已規制且其文字足夠。改於 R-G22 條下留指標
features/display/docs/handoff/31_missed_clauses.md	52	R-G22	AMBIGUOUS	NO_KW	**不另立條** —— R-G22 已規制且其文字足夠。改於 R-G22 條下留指標
features/display/docs/handoff/31_missed_clauses.md	220	R-G22	LEDGER	CONTEXT_KW	**R-G22 條下留指標**（非 fence，不入核對表母體）：
features/display/docs/handoff/31_missed_clauses.md	257	R-G22	AMBIGUOUS	NO_KW	2. R-G38 抄錄核對表；R-G22 指標之置放
features/display/docs/handoff/31_missed_clauses.md	260	R-G29	LEDGER	CONTEXT_KW	5. 未驗項分流（A／B，R-G29）**——依 R-G38，可驗者當場驗**
features/display/docs/handoff/32_ops01.md	72	R-G22	AMBIGUOUS	NO_KW	**同意，不立條。** R-G22 已規制、其指標已於本輪置入 R-G22 條下。
features/display/docs/handoff/32_ops01.md	72	R-G22	AMBIGUOUS	NO_KW	**同意，不立條。** R-G22 已規制、其指標已於本輪置入 R-G22 條下。
features/display/docs/handoff/32_ops01.md	186	R-G29	LEDGER	CONTEXT_KW	4. 未驗項分流（A／B，R-G29）——**依 R-G38 篩過**
features/display/docs/handoff/33_ops01_scoped.md	145	R-G29	LEDGER	CONTEXT_KW	6. 未驗項分流（A／B，R-G29）——依 R-G38 篩過
features/display/docs/proxi_triage_proposal.md	143	R-G13	LEDGER	CONTEXT_KW	才改記 (1) 並依 R-G13 三要件登入 `forms/LOOKUP_MISSES.md`
features/display/docs/upstream/04_reference_store.md	13	R-G14	AMBIGUOUS	NO_KW	### 0.1 `.gitignore` 改了一行 —— 否則 R-G14 無法執行
features/display/docs/upstream/04_reference_store.md	17	R-G14	AMBIGUOUS	NO_KW	**R-G14 要求 `forms/LOOKUP_MISSES.md` 為 tracked**，而
features/display/docs/upstream/04_reference_store.md	25	R-G14	AMBIGUOUS	NO_KW	# R-G14 (2026-08-24): the全案 lookup-miss ledger lives in forms/ and must
features/display/docs/upstream/04_reference_store.md	26	R-G12	AMBIGUOUS	NO_KW	# be tracked. The reference databases themselves (DBC/PROXI/LID, R-G12)
features/display/docs/upstream/04_reference_store.md	78	R-G12	AMBIGUOUS	NO_KW	| R-G12 | 528 | `c9fb52dea97b1e7d` | 是 |
features/display/docs/upstream/04_reference_store.md	79	R-G13	AMBIGUOUS	NO_KW	| R-G13 | 387 | `a1ba5e165f2ac4a9` | 是 |
features/display/docs/upstream/04_reference_store.md	80	R-G14	AMBIGUOUS	NO_KW	| R-G14 | 363 | `0d18b275bc94b0a9` | 是 |
features/display/docs/upstream/04_reference_store.md	105	R-G12	LEDGER	CONTEXT_KW	依 **R-G12**（Pei 2026-08-24，全域）：DBC、PROXI 表、LID 對照表一律置於
features/display/docs/upstream/04_reference_store.md	111	R-G13	LEDGER	CONTEXT_KW	與日期。(b) 為必填之理由見 **R-G13**：無涵蓋範圍之登錄，「查無」不構成發現。
features/display/docs/upstream/04_reference_store.md	125	R-G13	AMBIGUOUS	NO_KW	**本檔本就不該有，不得記為缺漏**（R-G13 之教案）
features/display/docs/upstream/04_reference_store.md	193	R-G14	LEDGER	CONTEXT_KW	依 **R-G14**（Pei 2026-08-24，全域）。本檔為全案唯一之查無台帳，
features/display/docs/upstream/04_reference_store.md	197	R-G13	LEDGER	CONTEXT_KW	登記門檻為 **R-G13** 之三要件，缺一不得登記為「查無」，只得記為「未查得」：
features/display/docs/upstream/04_reference_store.md	239	R-G13	LEDGER	CONTEXT_KW	兩筆皆滿足 R-G13 三要件 —— 特別是第 (3) 項：`RADIO_B4` 與 `GW_B_5`
features/display/docs/upstream/04_reference_store.md	418	R-G13	AMBIGUOUS	NO_KW	| CCDMF_RQ_DISP_INTS | 255 | RADIO_B4.CCDMF_RQ_DISP_INTS | CAN-B |  |  | N | LID 解得 CAN 訊號名，但兩本 DBC（BHCAN2-R1／FDCAN8-R1）皆無此 SG_；R-G13(3)：訊息 RADIO_B4 於 BHCAN2-R1 存在 |
features/display/docs/upstream/04_reference_store.md	424	R-G13	AMBIGUOUS	NO_KW	| ICSMuteButton | 1038 | GW_B_5.Mute_Button | CAN-B |  |  | N | LID 解得 CAN 訊號名，但兩本 DBC（BHCAN2-R1／FDCAN8-R1）皆無此 SG_；R-G13(3)：訊息 GW_B_5 於 BHCAN2-R1 存在 |
features/display/docs/upstream/04_reference_store.md	463	R-G13	LEDGER	CONTEXT_KW	而訊息 `RADIO_B4` 本身存在 → R-G13 三要件齊備之真查無）
features/display/docs/upstream/04_reference_store.md	528	R-G13	LEDGER	CONTEXT_KW	皆無此 `SG_`，而訊息 `RADIO_B4` 本身存在於 BHCAN2-R1，故屬 R-G13 三要件
features/display/docs/upstream/04_reference_store.md	811	R-G12	AMBIGUOUS	NO_KW	- R-G12/13/14 (global) into docs/fw036/RULINGS_LEDGER.md; R-DM16/17 into
features/display/docs/upstream/04_reference_store.md	815	R-G14	AMBIGUOUS	NO_KW	- forms/LOOKUP_MISSES.md created (R-G14); .gitignore negation added so it
features/display/docs/upstream/05_proxi_and_values.md	29	R-G15	AMBIGUOUS	NO_KW	| R-G15 | 561 | `9b4512a26c55e0e9` | 是 |
features/display/docs/upstream/05_proxi_and_values.md	125	R-G15	LEDGER	CONTEXT_KW	## 4. `feature.yaml` 之 `reference:` 節（步驟 4，R-G15）
features/display/docs/upstream/05_proxi_and_values.md	128	R-G15	LEDGER	CONTEXT_KW	# R-G15（2026-08-24，全域）：參考資料庫之版本綁定。逐項記檔名與 SHA256，
features/display/docs/upstream/05_proxi_and_values.md	132	R-G12	AMBIGUOUS	NO_KW	# 檔案本身不入 git（R-G12）；台帳見 forms/FORMS.md。
features/display/docs/upstream/05_proxi_and_values.md	148	R-G15	AMBIGUOUS	NO_KW	`forms/FORMS.md` 之四個條目已各加「使用中之 feature（R-G15 反向記載）」
features/display/docs/upstream/05_proxi_and_values.md	223	R-G13	AMBIGUOUS	NO_KW	### 6.1 一處實作缺陷之自我更正 —— R-G13 在 PROXI 上重演
features/display/docs/upstream/05_proxi_and_values.md	255	R-G13	LEDGER	CONTEXT_KW	`DSP_SK_PRSNT` 為 R-G13 三要件齊備之真查無，且**涵蓋範圍明確應含**：
features/display/docs/upstream/05_proxi_and_values.md	276	R-G13	AMBIGUOUS	NO_KW	證據（R-G13 第 (3) 要件之反面）。
features/display/docs/upstream/05_proxi_and_values.md	363	R-G15	LEDGER	CONTEXT_KW	本 feature 之 15 個 `$Signal$` **全部相同**。R-G15 之版本綁定仍必要 ——
features/display/docs/upstream/05_proxi_and_values.md	409	R-G13	AMBIGUOUS	NO_KW	同類 soft-key 參數之存在（作為 R-G13 第 (3) 要件之證據）；
features/display/docs/upstream/05_proxi_and_values.md	420	R-G15	AMBIGUOUS	NO_KW	- R-DM18/19/20/21 + R-G15 verbatim (5/5, 23/23 cumulative); R-DM16 kept
features/display/docs/upstream/05_proxi_and_values.md	426	R-G15	LEDGER	CONTEXT_KW	- feature.yaml gains reference: (R-G15) binding all four databases by
features/display/docs/upstream/06_glossary_anchor.md	24	R-G16	AMBIGUOUS	NO_KW	| R-G16 | 527 | `14f1899d59fe6b0f` | 是 |
features/display/docs/upstream/06_glossary_anchor.md	25	R-G13	AMBIGUOUS	NO_KW	| R-G13 補充 | 337 | `fd7f12de11704a94` | 是 |
features/display/docs/upstream/06_glossary_anchor.md	27	R-G13	AMBIGUOUS	NO_KW	**4/4 逐字元相符**；Display 累計 **25/25**。`R-G13 補充` 併於原條之下，
features/display/docs/upstream/06_glossary_anchor.md	28	R-G13	AMBIGUOUS	NO_KW	**R-G13 原文一字未動**。
features/display/docs/upstream/06_glossary_anchor.md	252	R-G13	LEDGER	CONTEXT_KW	| `signal_resolution.tsv` | `resolved = N` 2 列 | **(1) 已查證不存在** | R-G13 三要件齊備，已登入 `LOOKUP_MISSES.md` M-1／M-2 |
features/display/docs/upstream/06_glossary_anchor.md	263	R-G16	AMBIGUOUS	NO_KW	## 6. R-G16 對自有腳本之複查（步驟 6）
features/display/docs/upstream/06_glossary_anchor.md	278	R-G16	AMBIGUOUS	NO_KW	### 6.1 還原檢查（R-G16 驗收方式）—— 停止條件 17 **未觸發**
features/display/docs/upstream/06_glossary_anchor.md	297	R-G16	AMBIGUOUS	NO_KW	> 逗號）。改掉不是因為它壞了，是因為 R-G16(a) 要求分隔符不得為資料中
features/display/docs/upstream/06_glossary_anchor.md	310	R-G13	LEDGER	CONTEXT_KW	依 R-G13 之涵蓋範圍要件，以其空值推論任何事都不成立。
features/display/docs/upstream/06_glossary_anchor.md	442	R-G16	AMBIGUOUS	NO_KW	- R-DM22/23 + R-G16 and the R-G13 supplement verbatim (4/4, 25/25)
features/display/docs/upstream/06_glossary_anchor.md	442	R-G13	AMBIGUOUS	NO_KW	- R-DM22/23 + R-G16 and the R-G13 supplement verbatim (4/4, 25/25)
features/display/docs/upstream/06_glossary_anchor.md	454	R-G16	AMBIGUOUS	NO_KW	- R-G16 audit of 6 writers: comma joins replaced with U+00A6; all six row
features/display/docs/upstream/07_pipeline_and_anchors.md	32	R-G17	AMBIGUOUS	NO_KW	| — | R-G17 | `docs/fw036/RULINGS_LEDGER.md` | 394 | `8e1a45c80c9a3d95` | 是 |
features/display/docs/upstream/07_pipeline_and_anchors.md	439	R-G17	AMBIGUOUS	NO_KW	## 9. `_polarion` 校驗之結清（步驟 9，R-G17）
features/display/docs/upstream/07_pipeline_and_anchors.md	449	R-G17	AMBIGUOUS	NO_KW	R-G17 之警示（誤把工作項列計入會產生做不完的待辦）在本案即為實例。
features/display/docs/upstream/07_pipeline_and_anchors.md	504	R-G17	AMBIGUOUS	NO_KW	- R-DM24/25/26/27 + R-G17 verbatim (5/5, 29/29 cumulative)
features/display/docs/upstream/08_recon_and_norm.md	18	R-G18	AMBIGUOUS	NO_KW	| — | R-G18 | `docs/fw036/RULINGS_LEDGER.md` | 564 | `f003d7f9833cb671` | 是 |
features/display/docs/upstream/08_recon_and_norm.md	30	R-G16	AMBIGUOUS	NO_KW	> 記此事之理由與 R-G16 同：擷取與比對都對，錯在「把結果謄進報告」
features/display/docs/upstream/08_recon_and_norm.md	256	R-G18	AMBIGUOUS	NO_KW	- R-DM28/29 + R-G18 verbatim (3/3, 31/31 cumulative)
features/display/docs/upstream/09_recon_crosscheck.md	26	R-G20	AMBIGUOUS	NO_KW	依 R-G20，本表由 `features/display/scripts/transcribe_rulings.py` 直接
features/display/docs/upstream/09_recon_crosscheck.md	29	R-G20	LEDGER	CONTEXT_KW	## 抄錄核對表 — 09_recon_crosscheck.md（機器輸出，R-G20）
features/display/docs/upstream/09_recon_crosscheck.md	35	R-G19	AMBIGUOUS	NO_KW	| — | R-G19 | `docs/fw036/RULINGS_LEDGER.md` | 317 | `0142c78328137804` | 是 |
features/display/docs/upstream/09_recon_crosscheck.md	36	R-G20	AMBIGUOUS	NO_KW	| — | R-G20 | `docs/fw036/RULINGS_LEDGER.md` | 302 | `8331a721f109d0ca` | 是 |
features/display/docs/upstream/09_recon_crosscheck.md	314	R-G19	AMBIGUOUS	NO_KW	R-G19 所指者同型：`sys1_export` 明明宣告了，若日後有人依「Display 無
features/display/docs/upstream/09_recon_crosscheck.md	420	R-G20	AMBIGUOUS	NO_KW	（R-G20 之延伸）。屬 Tier 2。
features/display/docs/upstream/09_recon_crosscheck.md	464	R-G19	AMBIGUOUS	NO_KW	- R-DM30/31 + R-G19/R-G20 verbatim (4/4, 33/33 cumulative); the check
features/display/docs/upstream/09_recon_crosscheck.md	464	R-G20	AMBIGUOUS	NO_KW	- R-DM30/31 + R-G19/R-G20 verbatim (4/4, 33/33 cumulative); the check
features/display/docs/upstream/10_decisions_merge.md	13	R-G20	LEDGER	CONTEXT_KW	## 抄錄核對表 — 10_decisions_merge.md（機器輸出，R-G20）
features/display/docs/upstream/10_decisions_merge.md	20	R-G21	AMBIGUOUS	NO_KW	| — | R-G21 | `docs/fw036/RULINGS_LEDGER.md` | 369 | `27b095bdf3ff9f61` | 是 |
features/display/docs/upstream/10_decisions_merge.md	21	R-G22	AMBIGUOUS	NO_KW	| — | R-G22 | `docs/fw036/RULINGS_LEDGER.md` | 356 | `4aa04c2c9abb9cbe` | 是 |
features/display/docs/upstream/10_decisions_merge.md	312	R-G22	LEDGER	CONTEXT_KW	依 R-G22，briefing 中之斷言以腳本覆核，查出兩處並更正：
features/display/docs/upstream/10_decisions_merge.md	357	R-G21	AMBIGUOUS	NO_KW	- R-DM32/33/34 + R-G21/R-G22 verbatim (5/5, 36/36 cumulative)
features/display/docs/upstream/10_decisions_merge.md	357	R-G22	AMBIGUOUS	NO_KW	- R-DM32/33/34 + R-G21/R-G22 verbatim (5/5, 36/36 cumulative)
features/display/docs/upstream/11_binding_verify.md	32	R-G20	LEDGER	CONTEXT_KW	## 抄錄核對表 — 11_binding_verify.md（機器輸出，R-G20）
features/display/docs/upstream/11_binding_verify.md	37	R-G23	AMBIGUOUS	NO_KW	| — | R-G23 | `docs/fw036/RULINGS_LEDGER.md` | 389 | `d55dd4244d483911` | 是 |
features/display/docs/upstream/11_binding_verify.md	43	R-G23	LEDGER	CONTEXT_KW	## 2. `reference:` 綁定檢查（步驟 2，R-G23）
features/display/docs/upstream/11_binding_verify.md	48	R-G23	AMBIGUOUS	NO_KW	# reference binding check (R-G23)
features/display/docs/upstream/11_binding_verify.md	75	R-G23	AMBIGUOUS	NO_KW	R-G23: stop and report. Do NOT update the declared value in feature.yaml —
features/display/docs/upstream/11_binding_verify.md	172	R-G16	AMBIGUOUS	NO_KW	列數未變（R-G16 還原檢查通過）。上輪 §8 第 3 項「會過期而不出聲」
features/display/docs/upstream/11_binding_verify.md	177	R-G19	AMBIGUOUS	NO_KW	> 三次 `NameError` 後補上。記此事是因為它與 R-G19 同型 ——
features/display/docs/upstream/11_binding_verify.md	192	R-G15	AMBIGUOUS	NO_KW	**未實作自動失效機制**（同 R-G15 之分寸）：記錄使綁定可見，
features/display/docs/upstream/11_binding_verify.md	232	R-G23	AMBIGUOUS	NO_KW	- R-DM35 + R-G23 verbatim (2/2, 37/37 cumulative)
features/display/docs/upstream/12_assertions.md	13	R-G20	LEDGER	CONTEXT_KW	## 抄錄核對表 — 12_assertions.md（機器輸出，R-G20）
features/display/docs/upstream/12_assertions.md	19	R-G24	AMBIGUOUS	NO_KW	| — | R-G24 | `docs/fw036/RULINGS_LEDGER.md` | 556 | `6651aa3f59c5f458` | 是 |
features/display/docs/upstream/12_assertions.md	32	R-G24	AMBIGUOUS	NO_KW	| 2 | `Test Set table (Part N)` | `[PROPOSED]` | **`[PEI]`** | R-G24 |
features/display/docs/upstream/12_assertions.md	33	R-G24	AMBIGUOUS	NO_KW	| 3 | `profile [OVERRIDE] clauses` | `[PROPOSED]` | **`[PEI]`** | R-G24 |
features/display/docs/upstream/12_assertions.md	39	R-G24	AMBIGUOUS	NO_KW	R-G24 與 R-DM32 之關係：**兩條方向相反而判準一致 —— 寧可多問一個問題。**
features/display/docs/upstream/12_assertions.md	53	R-G24	LEDGER	CONTEXT_KW	R-DM32（機器不得降格）與 R-G24（取較嚴者）**兩條皆判取 `[PEI]`**。
features/display/docs/upstream/12_assertions.md	143	R-G23	AMBIGUOUS	NO_KW	# reference binding check (R-G23)
features/display/docs/upstream/12_assertions.md	271	R-G24	LEDGER	CONTEXT_KW	- R-DM36/37 + R-G24 verbatim (3/3, 39/39 cumulative)
features/display/docs/upstream/12_assertions.md	274	R-G24	AMBIGUOUS	NO_KW	[PEI] per R-G24. The machine was right and my round-02 [PROPOSED] was
features/display/docs/upstream/12_assertions.md	278	R-G24	LEDGER	CONTEXT_KW	R-G24 resolve to [PEI]
features/display/docs/upstream/13_honest_guards.md	24	R-G20	LEDGER	CONTEXT_KW	## 抄錄核對表 — 13_honest_guards.md（機器輸出，R-G20）
features/display/docs/upstream/13_honest_guards.md	30	R-G25	AMBIGUOUS	NO_KW	| — | R-G25 | `docs/fw036/RULINGS_LEDGER.md` | 447 | `dc9a4256970d342f` | 是 |
features/display/docs/upstream/13_honest_guards.md	36	R-G25	LEDGER	CONTEXT_KW	## 2. R-G25 之三處補測（步驟 2）
features/display/docs/upstream/13_honest_guards.md	38	R-G25	LEDGER	CONTEXT_KW	R-G25 要求二事：(a) 連跑兩次，第二次仍應出現同一訊息；
features/display/docs/upstream/13_honest_guards.md	156	R-G23	AMBIGUOUS	NO_KW	# reference binding check (R-G23)
features/display/docs/upstream/13_honest_guards.md	260	R-G25	AMBIGUOUS	NO_KW	- R-DM38/39 + R-G25 verbatim (3/3, 41/41 cumulative)
features/display/docs/upstream/13_honest_guards.md	261	R-G25	AMBIGUOUS	NO_KW	- R-G25 applied to the three existing claims: the binding check and both
features/display/docs/upstream/19_consolidated.md	48	R-G26	AMBIGUOUS	NO_KW	| — | R-G26 | `14_mapping_audit.md` | `RULINGS_LEDGER.md` | 373 | `9e0017d2dc41ae5a` | 是 |
features/display/docs/upstream/19_consolidated.md	49	R-G27	AMBIGUOUS	NO_KW	| — | R-G27 | `14_mapping_audit.md` | `RULINGS_LEDGER.md` | 492 | `88ba3d9edfd9c582` | 是 |
features/display/docs/upstream/19_consolidated.md	50	R-G28	AMBIGUOUS	NO_KW	| — | R-G28 | `RETROSPECTIVE.md` | `RULINGS_LEDGER.md` | 275 | `0cc5651fc6fe8049` | 是 |
features/display/docs/upstream/19_consolidated.md	51	R-G29	AMBIGUOUS	NO_KW	| — | R-G29 | `RETROSPECTIVE.md` | `RULINGS_LEDGER.md` | 323 | `afea86b9cf96650e` | 是 |
features/display/docs/upstream/19_consolidated.md	64	R-G29	LEDGER	CONTEXT_KW	依 **R-G29** 分 A（交付正確性）／B（鷹架品質）：
features/display/docs/upstream/19_consolidated.md	71	R-G26	LEDGER	CONTEXT_KW	| B | B2 | 綠燈表述之補正清單 | R-G26 之回溯適用 |
features/display/docs/upstream/19_consolidated.md	83	R-G23	AMBIGUOUS	NO_KW	# reference binding check (R-G23)
features/display/docs/upstream/19_consolidated.md	105	R-G26	AMBIGUOUS	NO_KW	依 **R-G26**，此處連同母體引用：11 之組成為原 9 項 ＋ Pop Up List 兩檔。
features/display/docs/upstream/19_consolidated.md	212	R-G26	AMBIGUOUS	NO_KW	對一條殘批執行，其 PASS 之涵蓋面會被誤讀為整批（R-G26 之情形）
features/display/docs/upstream/19_consolidated.md	248	R-G26	AMBIGUOUS	NO_KW	**不以「0 條全過」記為 PASS**（canon §5a；R-G26）。
features/display/docs/upstream/19_consolidated.md	252	R-G29	LEDGER	CONTEXT_KW	## 9. 未驗項分流（R-G29）
features/display/docs/upstream/19_consolidated.md	271	R-G26	AMBIGUOUS	NO_KW	(R-DM40-46 into the feature ledger, R-G26-31 into the global one).
features/display/docs/upstream/19_consolidated.md	293	R-G29	AMBIGUOUS	NO_KW	- BACKLOG.md created per R-G29, two A-class items that block delivery
features/display/docs/upstream/20_pilot01_tc.md	174	R-G20	AMBIGUOUS	NO_KW	**可機器驗者以腳本執行，結果貼入（R-G20）；須判斷者逐條說明。**
features/display/docs/upstream/20_pilot01_tc.md	264	R-G26	LEDGER	CONTEXT_KW	**母體**（依 R-G26 連同綠燈一併引用）：`資料列數：3`、`header 第 9 列`、
features/display/docs/upstream/20_pilot01_tc.md	301	R-G29	LEDGER	CONTEXT_KW	## 7. 未驗項分流（R-G29）
features/display/docs/upstream/21_pilot01_rev2.md	22	R-G19	LEDGER	CONTEXT_KW	為 `Radio:noSys`」。**結論不變（#2 仍 deferred），理由改變。** 依 R-G19
features/display/docs/upstream/21_pilot01_rev2.md	514	R-G23	LEDGER	CONTEXT_KW	### 5.4 綁定檢查（R-G23，產出前執行）
features/display/docs/upstream/21_pilot01_rev2.md	517	R-G23	AMBIGUOUS	NO_KW	# reference binding check (R-G23)
features/display/docs/upstream/21_pilot01_rev2.md	543	R-G29	LEDGER	CONTEXT_KW	## 六、未驗項分流（A／B，R-G29）
features/display/docs/upstream/22_pilot01_rev3.md	37	R-G20	LEDGER	CONTEXT_KW	## 抄錄核對表 — 22_pilot01_rev3.md（機器輸出，R-G20）
features/display/docs/upstream/22_pilot01_rev3.md	150	R-G19	AMBIGUOUS	NO_KW	`{CFTS013-XXX}` 所在條為 `Radio:noSys`。**依 R-G19 一併更正。**
features/display/docs/upstream/22_pilot01_rev3.md	391	R-G23	LEDGER	CONTEXT_KW	### 5.5 綁定檢查（R-G23，產出前執行）
features/display/docs/upstream/22_pilot01_rev3.md	394	R-G23	AMBIGUOUS	NO_KW	# reference binding check (R-G23)
features/display/docs/upstream/22_pilot01_rev3.md	518	R-G29	LEDGER	CONTEXT_KW	## 七、未驗項分流（A／B，R-G29）
features/display/docs/upstream/23_pilot01_closeout.md	79	R-G20	LEDGER	CONTEXT_KW	### 1.2 核對表（機器輸出，R-G20）
features/display/docs/upstream/23_pilot01_closeout.md	81	R-G20	LEDGER	CONTEXT_KW	## 抄錄核對表 — 23_pilot01_closeout.md（機器輸出，R-G20）
features/display/docs/upstream/23_pilot01_closeout.md	397	R-G23	AMBIGUOUS	NO_KW	`_verify_bindings()`，故其讀取之 DBC 已受 R-G23 檢查）。
features/display/docs/upstream/23_pilot01_closeout.md	402	R-G29	LEDGER	CONTEXT_KW	## 六、未驗項分流（A／B，R-G29）
features/display/docs/upstream/25_disclosure_lifecycle.md	60	R-G20	LEDGER	CONTEXT_KW	## 抄錄核對表 — 24_cfts013.md（機器輸出，R-G20）
features/display/docs/upstream/25_disclosure_lifecycle.md	69	R-G20	LEDGER	CONTEXT_KW	## 抄錄核對表 — 25_disclosure_lifecycle.md（機器輸出，R-G20）
features/display/docs/upstream/25_disclosure_lifecycle.md	289	R-G26	LEDGER	CONTEXT_KW	**該條件無從通過，因為第 12 項之檔案不存在。** 依 R-G26，
features/display/docs/upstream/25_disclosure_lifecycle.md	294	R-G29	LEDGER	CONTEXT_KW	## 六、未驗項分流（A／B，R-G29）
features/display/docs/upstream/25_disclosure_lifecycle.md	382	R-G25	LEDGER	CONTEXT_KW	**沒有證明它在解除發生時抓得到**。R-G25（宣稱不做 X 須跑兩次）
features/display/docs/upstream/26_extraction_principle.md	20	R-G25	AMBIGUOUS	NO_KW	| 26-1 抄錄 | R-G35／R-G36 → ledger，**兩條相符**；R-G25 指標已置（非 fence） |
features/display/docs/upstream/26_extraction_principle.md	37	R-G25	AMBIGUOUS	NO_KW	## 一、R-G35／R-G36 之抄錄核對表；R-G25 指標之置放
features/display/docs/upstream/26_extraction_principle.md	42	R-G20	LEDGER	CONTEXT_KW	## 抄錄核對表 — 26_extraction_principle.md（機器輸出，R-G20）
features/display/docs/upstream/26_extraction_principle.md	53	R-G25	AMBIGUOUS	NO_KW	### 1.1 R-G25 之適用範圍註記（指標形態，不入核對表母體）
features/display/docs/upstream/26_extraction_principle.md	55	R-G25	AMBIGUOUS	NO_KW	置於 ledger 之 R-G25 條下，逐字：
features/display/docs/upstream/26_extraction_principle.md	58	R-G25	LEDGER	CONTEXT_KW	> R-G25 規制「宣稱不做 X」之測試須連跑兩次。其精神及於另一形態 ——
features/display/docs/upstream/26_extraction_principle.md	280	R-G25	LEDGER	CONTEXT_KW	### 5.4 還原與 R-G25 之連跑兩次
features/display/docs/upstream/26_extraction_principle.md	303	R-G23	LEDGER	CONTEXT_KW	機器保證（R-DM30 sidecar、R-G23 綁定、R-G20 核對表）都是靠
features/display/docs/upstream/26_extraction_principle.md	303	R-G20	AMBIGUOUS	NO_KW	機器保證（R-DM30 sidecar、R-G23 綁定、R-G20 核對表）都是靠
features/display/docs/upstream/26_extraction_principle.md	354	R-G16	AMBIGUOUS	NO_KW	（R-G16 之量測條件要求於此處之應用）。
features/display/docs/upstream/26_extraction_principle.md	452	R-G29	LEDGER	CONTEXT_KW	## 八、未驗項分流（A／B，R-G29）
features/display/docs/upstream/26_extraction_principle.md	479	R-G16	AMBIGUOUS	NO_KW	| **B15** | **下放包之計數未具名口徑** | 本輪兩項（`DCSD` 94／`952` 2）以口徑釐清後相符；建議日後一律附口徑（R-G16） |
features/display/docs/upstream/26_extraction_principle.md	502	R-G25	AMBIGUOUS	NO_KW	- the induced test required by R-G25 shows check_disclosure.py cannot see a
features/display/docs/upstream/27_stale_fix.md	20	R-G16	AMBIGUOUS	NO_KW	| 5 抄錄 | R-DM54 相符；R-DM 區塊累計 **56**，順序驗證 exit 0；R-G16 口徑指標已置 |
features/display/docs/upstream/27_stale_fix.md	102	R-G20	LEDGER	CONTEXT_KW	## 抄錄核對表 — 27_stale_fix.md（機器輸出，R-G20）
features/display/docs/upstream/27_stale_fix.md	111	R-G16	AMBIGUOUS	NO_KW	R-G16 之口徑指標（非 fence，不入核對表母體）已置於 ledger 該條下：
features/display/docs/upstream/27_stale_fix.md	114	R-G16	LEDGER	CONTEXT_KW	> R-G16 所稱之「量測條件」**自此明文包含計數口徑** ——
features/display/docs/upstream/27_stale_fix.md	140	R-G25	AMBIGUOUS	NO_KW	### 2.3 誘發測試全輸出（R-G25 適用註記）
features/display/docs/upstream/27_stale_fix.md	213	R-G23	AMBIGUOUS	NO_KW	# reference binding check (R-G23)
features/display/docs/upstream/27_stale_fix.md	235	R-G26	LEDGER	CONTEXT_KW	**`entries: 12`／12 of 12 match**（R-G26：綠燈連同母體引用）。
features/display/docs/upstream/27_stale_fix.md	258	R-G23	AMBIGUOUS	NO_KW	**入口呼叫 `verify_reference_binding.py`**（R-G23），失敗即 exit。
features/display/docs/upstream/27_stale_fix.md	263	R-G23	AMBIGUOUS	NO_KW	binding: entries: 12（R-G23 已於入口比對）
features/display/docs/upstream/27_stale_fix.md	363	R-G23	AMBIGUOUS	NO_KW	"""R-G23"","
features/display/docs/upstream/27_stale_fix.md	364	R-G26	AMBIGUOUS	NO_KW	"""R-G26"""
features/display/docs/upstream/27_stale_fix.md	378	R-G16	AMBIGUOUS	NO_KW	2. **母體之口徑差異**（依本輪新立之 R-G16 口徑要求，先行具名）：
features/display/docs/upstream/27_stale_fix.md	421	R-G29	LEDGER	CONTEXT_KW	## 六、未驗項分流（A／B，R-G29）
features/display/docs/upstream/28_cfts013_full_and_rvc.md	49	R-G26	LEDGER	CONTEXT_KW	**`entries: 13`／13 of 13 match**（R-G26：綠燈連同母體）。
features/display/docs/upstream/28_cfts013_full_and_rvc.md	112	R-G16	AMBIGUOUS	NO_KW	## A4 —— 佔位符與 967 之複核（口徑並列，R-G16）
features/display/docs/upstream/28_cfts013_full_and_rvc.md	144	R-G16	AMBIGUOUS	NO_KW	（口徑並列，R-G16）。即 CFTS_020 內那 5 次佔位符
features/display/docs/upstream/28_cfts013_full_and_rvc.md	881	R-G13	LEDGER	CONTEXT_KW	任何資訊（R-G13 之涵蓋範圍要件反面）。
features/display/docs/upstream/28_cfts013_full_and_rvc.md	960	R-G29	LEDGER	CONTEXT_KW	## 四、未驗項分流（A／B，R-G29）
features/display/docs/upstream/29_a3_and_arbitration.md	31	R-G20	LEDGER	CONTEXT_KW	## 抄錄核對表 — 29_a3_and_arbitration.md（機器輸出，R-G20）
features/display/docs/upstream/29_a3_and_arbitration.md	85	R-G27	AMBIGUOUS	NO_KW	> R-G27 防的是**過寬**，本項是**過嚴** —— 兩者同源。
features/display/docs/upstream/29_a3_and_arbitration.md	192	R-G19	AMBIGUOUS	NO_KW	不同的東西」—— **補驗後該說法站不住**，此處具名更正（R-G19）。
features/display/docs/upstream/29_a3_and_arbitration.md	275	R-G23	AMBIGUOUS	NO_KW	入口呼叫 `verify_reference_binding.py`（R-G23）。
features/display/docs/upstream/29_a3_and_arbitration.md	331	R-G23	AMBIGUOUS	NO_KW	"""R-G23"","
features/display/docs/upstream/29_a3_and_arbitration.md	332	R-G26	AMBIGUOUS	NO_KW	"""R-G26"","
features/display/docs/upstream/29_a3_and_arbitration.md	461	R-G29	LEDGER	CONTEXT_KW	## 七、未驗項分流（A／B，R-G29）
features/display/docs/upstream/30_crossref_chase.md	313	R-G19	AMBIGUOUS	NO_KW	該回溯結論之依據為假。依 R-G19 具名更正，並重做回溯：
features/display/docs/upstream/30_crossref_chase.md	361	R-G19	AMBIGUOUS	NO_KW	依 R-G19 分別更正 —— **這一次我重做了回溯，沒有再用一句斷言代替它。**
features/display/docs/upstream/30_crossref_chase.md	367	R-G20	LEDGER	CONTEXT_KW	## 抄錄核對表 — 30_crossref_chase.md（機器輸出，R-G20）
features/display/docs/upstream/30_crossref_chase.md	376	R-G27	AMBIGUOUS	NO_KW	另於 **R-G27 條下留指標**（非 fence，不入核對表母體）：
features/display/docs/upstream/30_crossref_chase.md	509	R-G29	LEDGER	CONTEXT_KW	## 七、未驗項分流（A／B，R-G29）
features/display/docs/upstream/30_crossref_chase.md	536	R-G22	LEDGER	CONTEXT_KW	| **B25** | **29 輪「CFTS_020 不含 `All`」之斷言未經量測即寫入上繳包** | 本輪更正（§1.6）。**其形態為 R-G22 所規制者 —— 斷言須由腳本產出，而我當時是憑印象寫的** |
features/display/docs/upstream/30_crossref_chase.md	592	R-G22	AMBIGUOUS	NO_KW	**但那是運氣，不是我的工作。** R-G22 立於 12 輪，
features/display/docs/upstream/31_missed_clauses.md	21	R-G22	AMBIGUOUS	NO_KW	| §五.2 | R-G38 抄錄相符；R-G22 條下指標已置 |
features/display/docs/upstream/31_missed_clauses.md	33	R-G20	LEDGER	CONTEXT_KW	## 抄錄核對表 — 31_missed_clauses.md（機器輸出，R-G20）
features/display/docs/upstream/31_missed_clauses.md	42	R-G22	AMBIGUOUS	NO_KW	**R-G22 條下之指標**（非 fence，不入核對表母體）已置，逐字：
features/display/docs/upstream/31_missed_clauses.md	312	R-G29	LEDGER	CONTEXT_KW	## 五、未驗項分流（A／B，R-G29）—— **依 R-G38，可驗者當場驗**
features/display/docs/upstream/31_missed_clauses.md	332	R-G22	AMBIGUOUS	NO_KW	> **這正是本輪剛寫進 R-G22 指標的那個形態，我在同一份文件裡犯了第二次。**
features/display/docs/upstream/31_missed_clauses.md	495	R-G22	LEDGER	CONTEXT_KW	| B25 | 回溯檢查文件內之未量測斷言 | **已由 R-G22 條下之指標承載**；**本輪又犯一次**，見 §5.2 之框註 |
features/display/docs/upstream/31_missed_clauses.md	556	R-G22	LEDGER	CONTEXT_KW	（`All` 那句），本輪剛把它寫成 R-G22 之指標。**
features/display/docs/upstream/31_missed_clauses.md	562	R-G22	AMBIGUOUS	NO_KW	它是正文裡的一句判定。**R-G22 規制它，而 R-G22 已經在了。**
features/display/docs/upstream/31_missed_clauses.md	562	R-G22	AMBIGUOUS	NO_KW	它是正文裡的一句判定。**R-G22 規制它，而 R-G22 已經在了。**
features/display/docs/upstream/32_ops01.md	272	R-G29	LEDGER	CONTEXT_KW	## 四、未驗項分流（A／B，R-G29）——**依 R-G38 篩過**
features/display/docs/upstream/33_ops01_scoped.md	14	R-G20	LEDGER	CONTEXT_KW	## 抄錄核對表 — 33_ops01_scoped.md（機器輸出，R-G20）
features/display/docs/upstream/34_closeout.md	15	R-G20	LEDGER	CONTEXT_KW	## 抄錄核對表 — 34_closeout.md（機器輸出，R-G20）
features/display/docs/upstream/34_closeout.md	171	R-G23	LEDGER	CONTEXT_KW	(b) 覆寫後 R-G23 之綁定檢查將由 **13/13 轉為 12/13** ——
features/display/feature.yaml	21	R-G15	LEDGER	CONTEXT_KW	# R-G15（2026-08-24，全域）：參考資料庫之版本綁定。逐項記檔名與 SHA256，
features/display/feature.yaml	25	R-G12	AMBIGUOUS	NO_KW	# 檔案本身不入 git（R-G12）；台帳見 forms/FORMS.md。
features/display/feature.yaml	51	R-G23	LEDGER	CONTEXT_KW	# 比對 —— 即 R-G23 所指之「宣告不等於保護」。
features/display/generated/pilot-01.json	103	R-G19	AMBIGUOUS	NO_KW	"""reasoning"": ""**rev2（21 包）之三項變更**：(1) 原 #2（保護性關閉）deferred —— 見下；(2) 門檻值依 §8.7.1 移入 `pre_conditions` 之具體值形態，`input_test_data` 依 §4.5 SWC 基準改 `NA`；(3) 補列邊界負向條（§9 第 11 項、§8.3）。\n\n**原 #2 deferred 之依據**：2"
features/display/scripts/dbc_probe.py	71	R-G23	AMBIGUOUS	NO_KW	"""""""R-G23: refuse to measure against unbound reference material."
features/display/scripts/dbc_probe.py	86	R-G23	AMBIGUOUS	NO_KW	"""(R-G23). Do not update the declared sha256; report it."")"
features/display/scripts/lid_version_diff.py	54	R-G23	AMBIGUOUS	NO_KW	"""""""R-G23: refuse to measure against unbound reference material."
features/display/scripts/lid_version_diff.py	69	R-G23	AMBIGUOUS	NO_KW	"""(R-G23). Do not update the declared sha256; report it."")"
features/display/scripts/lid_version_diff.py	154	R-G15	AMBIGUOUS	NO_KW	"rulings=[""R-G15""],"
features/display/scripts/popup_priority.py	109	R-G23	AMBIGUOUS	NO_KW	"rulings=[""R-G36"", ""R-DM30"", ""R-G23"", ""R-G26"", ""R-G33""],"
features/display/scripts/popup_priority.py	109	R-G26	AMBIGUOUS	NO_KW	"rulings=[""R-G36"", ""R-DM30"", ""R-G23"", ""R-G26"", ""R-G33""],"
features/display/scripts/popup_priority_sources.py	42	R-G23	LEDGER	CONTEXT_KW	"""""""R-G23：使用受綁定素材前先比對（同 signal_resolution.py 之慣例）。"""""""
features/display/scripts/popup_priority_sources.py	97	R-G23	AMBIGUOUS	NO_KW	"rulings=[""R-G36"", ""R-DM51"", ""R-DM30"", ""R-G23"", ""R-G26""],"
features/display/scripts/popup_priority_sources.py	97	R-G26	AMBIGUOUS	NO_KW	"rulings=[""R-G36"", ""R-DM51"", ""R-DM30"", ""R-G23"", ""R-G26""],"
features/display/scripts/popup_priority_sources.py	113	R-G23	AMBIGUOUS	NO_KW	"print(f""binding: entries: {entries}（R-G23 已於入口比對）"")"
features/display/scripts/probe_spec_mode.py	155	R-G23	AMBIGUOUS	NO_KW	# R-G23 之同分寸，施於自己的量測：the sidecar records what each
features/display/scripts/probe_spec_mode.py	171	R-G23	AMBIGUOUS	NO_KW	"f""NOT updating the expectation (R-G23 分寸：察覺變動，"""
features/display/scripts/probe_spec_mode.py	180	R-G19	AMBIGUOUS	NO_KW	"rulings=[""R-G19"", ""R-DM34"", ""A-DM26""],"
features/display/scripts/proxi_candidates.py	9	R-G13	AMBIGUOUS	NO_KW	-> R-G13(2): the LID's left column is a Logical Identifier, NOT the
features/display/scripts/proxi_candidates.py	109	R-G23	AMBIGUOUS	NO_KW	"""""""R-G23: refuse to measure against unbound reference material."
features/display/scripts/proxi_candidates.py	124	R-G23	AMBIGUOUS	NO_KW	"""(R-G23). Do not update the declared sha256; report it."")"
features/display/scripts/proxi_candidates.py	315	R-G15	AMBIGUOUS	NO_KW	# R-G15/R-G23: this index is only as current as the files it was
features/display/scripts/proxi_candidates.py	315	R-G23	AMBIGUOUS	NO_KW	# R-G15/R-G23: this index is only as current as the files it was
features/display/scripts/signal_resolution.py	22	R-G13	AMBIGUOUS	NO_KW	- when nothing matches, R-G13(3) is answered explicitly: whether the LID's
features/display/scripts/signal_resolution.py	80	R-G13	LEDGER	CONTEXT_KW	# R-DM23: every `resolved = N` on this sheet is (1) —— R-G13 三要件皆
features/display/scripts/signal_resolution.py	83	R-G13	LEDGER	CONTEXT_KW	"N_SEM = ""(1) 已依 R-G13 三要件查證而確認不存在（見 forms/LOOKUP_MISSES.md）"""
features/display/scripts/signal_resolution.py	95	R-G23	AMBIGUOUS	NO_KW	"""""""R-G23: refuse to measure against unbound reference material."
features/display/scripts/signal_resolution.py	110	R-G23	AMBIGUOUS	NO_KW	"""(R-G23). Do not update the declared sha256; report it."")"
features/display/scripts/signal_resolution.py	146	R-G13	LEDGER	CONTEXT_KW	# R-DM23: every `resolved = N` on this sheet is (1) —— R-G13 三要件皆
features/display/scripts/signal_resolution.py	149	R-G13	LEDGER	CONTEXT_KW	"N_SEM = ""(1) 已依 R-G13 三要件查證而確認不存在（見 forms/LOOKUP_MISSES.md）"""
features/display/scripts/signal_resolution.py	197	R-G13	AMBIGUOUS	NO_KW	"""FDCAN8-R1）皆無此 SG_；R-G13(3)：訊息 """
features/display/scripts/signal_resolution.py	205	R-G16	AMBIGUOUS	NO_KW	# R-G16(c): record WHY this DBC was chosen, not just
features/display/scripts/signal_resolution.py	225	R-G13	AMBIGUOUS	NO_KW	"rulings=[""R-DM17"", ""R-DM19"", ""R-DM21"", ""R-DM23"", ""R-G13""],"
features/display/scripts/transcribe_rulings.py	2	R-G20	AMBIGUOUS	NO_KW	"""""""Transcribe a handoff's rulings and emit the check table (R-G20)."
features/display/scripts/transcribe_rulings.py	57	R-G20	LEDGER	CONTEXT_KW	"print(f""## 抄錄核對表 — {args.handoff}（機器輸出，R-G20）\n"")"
features/display/scripts/verify_reference_binding.py	2	R-G23	AMBIGUOUS	NO_KW	"""""""Verify feature.yaml's `reference:` bindings against the files (R-G23)."
features/display/scripts/verify_reference_binding.py	4	R-G15	LEDGER	CONTEXT_KW	R-G15 made the binding visible. Visible is not checked: a declared sha256
features/display/scripts/verify_reference_binding.py	13	R-G23	AMBIGUOUS	NO_KW	nobody ruled on (R-G23).
features/display/scripts/verify_reference_binding.py	40	R-G23	AMBIGUOUS	NO_KW	"print(""# reference binding check (R-G23)"")"
features/display/scripts/verify_reference_binding.py	78	R-G23	AMBIGUOUS	NO_KW	"print(""\nR-G23: stop and report. Do NOT update the declared value in """
features/display/scripts/write_back_036.py	7	R-G23	LEDGER	CONTEXT_KW	(ii) 使 R-G23 之綁定檢查由 13/13 轉為 12/13。
features/driver_distraction/docs/handoff/06_market_config.md	77	R-G15	AMBIGUOUS	NO_KW	| T11a | 該檔入 `feature.yaml` `reference` 節：`market_config`，file 記 `forms/SR24 R1 Market Configuration Table v1.6.xlsx`，**sha256 自實體檔重算**（R-G15；綁 `forms/` 原件，不複製入 feature inputs/，同 R-DD5 之理） |
features/driver_distraction/docs/upstream/07_pilot.md	27	R-G13	AMBIGUOUS	NO_KW	`docs/fw036/FEATURE_ONBOARDING.md` R-G13 逐字：
features/driver_distraction/docs/upstream/07_pilot.md	543	R-G19	AMBIGUOUS	NO_KW	因為兩帶前綴相同。**錯的方法配對的答案**，正是 R-G19 所指的那件事。
features/driver_distraction/docs/upstream/10_dr_triage.md	254	R-G19	LEDGER	CONTEXT_KW	### 4.4 ⚠ 要點 1 之一項措辭精度（R-G19：理由與數字須分別驗證）
features/driver_distraction/docs/upstream/11_framework_fix.md	167	R-G19	AMBIGUOUS	NO_KW	> 我上一輪引 §5.7 是**引錯條而結論對**。這正是 R-G19 所指之形態
features/home/scripts/make_batch_context.py	332	R-G19	FO	CONTEXT_KW	# --- R-G19：prompt／exemplar 指紋（26 包 §D-5）------------------------------
features/home/scripts/make_batch_context.py	335	R-G19	FO	CONTEXT_KW	"""""""本批實際使用之 prompt 模板與 exemplar 集之 sha（R-G19@`bd206972`）。"
features/ics_management/.gitignore	4	R-G25	AMBIGUOUS	NO_KW	# 036 表單之工作副本（落點依 R-G25 為 sandbox/，見 feature.yaml 之註）。
features/ics_management/.gitignore	16	R-G25	AMBIGUOUS	NO_KW	# 落點取 generated/ 而非下放包所令之 batches/，同為 R-G25 之故
features/ics_management/ANOMALIES.md	16	R-G25	AMBIGUOUS	NO_KW	| A-ICS10 | 分析層之誤（自承）：下放包 01 缺 FO §8.1 五成分（禁區、R-XX@sha8 引用、預期數字、掃描條件、升級條件），且未查 R-G25 即指定 workbook/／batches/ 落點（lint_paths 實測基線外 4）。自下放包 02 起依 FO §8.1 全成分書寫 | CLOSED（落點已由 R-ICS5 採認改正） |
features/ics_management/ANOMALIES.md	26	R-G23	AMBIGUOUS	NO_KW	| A-ICS20 | `RULINGS.md` 於 2026-08-29 13:43 遭非本對話之作者改寫（`## R-ICS2` 改題為 `## R-ICS2 v1` 並附 `R-ICS2 v2`，同時登 A-ICS14–18、DR-ICS11／12）。內容審閱無誤，且 v2 以「來源文件屬性形制分流」優於本對話原擬之一律「軸缺失 = 不設限」，故採 v2、撤回原擬條文，編號重排自 R-ICS
features/ics_management/ANOMALIES.md	27	R-G13	FO	CONTEXT_KW	| A-ICS21 | R-G13 指紋與 R-ICS17(d) 改題之衝突：`R-ICS2 v1` 之 sha8 由 **`ad557b5d`（上繳包 01／02 所引）** 變為 **`4a8819f0`（上繳包 03 實測）**，而圍籬內容對 commit `87963f3` 之 diff 為 0 行——條文未變，變的是標題與作廢註記（即 R-ICS17(d) 所令之作法）。**新舊 sha
features/ics_management/ANOMALIES.md	76	R-G23	AMBIGUOUS	NO_KW	| A-ICS70 | **分析層之誤（自承，違 R-G23）**：審 upstream-11 時直接以「上輪落到 R-ICS39，故下一號為 40」落條，**未先讀 `RULINGS.md` 取現場號**，而該檔已存一則 `R-ICS40`（題「並列雙錨之適用限、加錨粒度、跨家族排序、全稱母條之具現」，內容較完整且已涵蓋 upstream-11 §8 之八項）。後果：檔內一度出現**二則 `##
features/ics_management/RULINGS.md	4	R-G23	FO	CONTEXT_KW	不與既有 feature 共用序號。取號依 R-G23：落檔當下 grep 本檔與
features/ics_management/RULINGS.md	81	R-G25	AMBIGUOUS	NO_KW	執行層依 R-G25 落 `sandbox/`（.xlsx）與 `generated/b01/`（.json），
features/ics_management/RULINGS.md	376	R-G23	FO	CONTEXT_KW	(i)   寫前 live grep `^## R-ICS` 取現行最大號（R-G23）；
features/ics_management/RULINGS.md	427	R-G13	AMBIGUOUS	NO_KW	R-ICS19（R-G13 指紋與 R-ICS17(d) 改題之交互）
features/ics_management/RULINGS.md	433	R-G13	FO	CONTEXT_KW	而 R-G13 之設計為「sha 不符即停下」—— 二條直接衝突。
features/ics_management/RULINGS.md	438	R-G13	FO	CONTEXT_KW	diff 非 0 行 → 條文已變，依 R-G13 停下並報。
features/ics_management/RULINGS.md	857	R-G13	AMBIGUOUS	NO_KW	含任一非註記之差異行 → 依 R-G13 停下。
features/ics_management/RULINGS.md	1279	R-G23	AMBIGUOUS	NO_KW	> ⚠ **以下為作廢之重複草案**（A-ICS70：分析層違 R-G23，未取現場號即落條，
features/ics_management/RULINGS.md	1432	R-G23	AMBIGUOUS	NO_KW	(d) 本條之立，係分析層於審 upstream-11 時違 R-G23（未取現場號即落條）
features/ics_management/RULINGS.md	2297	R-G25	FO	CONTEXT_KW	(e) 本條**只管新交付件**。依 R-G25「政策自生效日管新檔；既有檔案不搬移」，
features/ics_management/RULINGS.md	2308	R-G25	AMBIGUOUS	NO_KW	（Pei 直接裁定，2026-08-30；FO R-G25、R-G1；FORMS.md；
features/ics_management/RULINGS.md	2355	R-G25	FO	CONTEXT_KW	R-ICS56(a)(b)、R-ICS57、R-G7 反向驗證、R-G3、R-G25）
features/ics_management/docs/INDEX.md	179	R-G13	AMBIGUOUS	NO_KW	**(1) R-G13 與 R-ICS17(d) 之交互**（改題即改指紋，`R-ICS2 v1` 由 `ad557b5d` → `4a8819f0`，
features/ics_management/docs/INDEX.md	249	R-G25	AMBIGUOUS	NO_KW	依 R-G25 與 `scripts/lint_paths.py` 之實跑；理由與證據見上繳包 §二。
features/ics_management/docs/handoff/02_signal_resolution_and_ignore_face.md	45	R-G23	AMBIGUOUS	NO_KW	實測後回報**，分析層不自記憶推定（R-G23／R-G13）。回報之 sha8 與本表「待實測」
features/ics_management/docs/handoff/02_signal_resolution_and_ignore_face.md	45	R-G13	FO	CONTEXT_KW	實測後回報**，分析層不自記憶推定（R-G23／R-G13）。回報之 sha8 與本表「待實測」
features/ics_management/docs/handoff/12_anchor_addition.md	21	R-G23	AMBIGUOUS	NO_KW	`RULINGS.md` 現況之量測**，逕以 `R-ICS40`／`R-ICS41` 落條，違 **R-G23**。
features/ics_management/docs/handoff/15_binding_and_backfill.md	96	R-G15	AMBIGUOUS	NO_KW	若該表另有 R-G15 之反向記載列，一併增列；**若無該列，不新建**。
features/ics_management/docs/handoff/16_binding_and_backfill_exec.md	88	R-G15	AMBIGUOUS	NO_KW	（現為 `display` 單一）。若該表另有 R-G15 之反向記載列，一併增列；
features/ics_management/docs/reports/11_rulings_snapshot.md	16	R-G23	FO	CONTEXT_KW	不與既有 feature 共用序號。取號依 R-G23：落檔當下 grep 本檔與
features/ics_management/docs/reports/11_rulings_snapshot.md	93	R-G25	AMBIGUOUS	NO_KW	執行層依 R-G25 落 `sandbox/`（.xlsx）與 `generated/b01/`（.json），
features/ics_management/docs/reports/11_rulings_snapshot.md	388	R-G23	FO	CONTEXT_KW	(i)   寫前 live grep `^## R-ICS` 取現行最大號（R-G23）；
features/ics_management/docs/reports/11_rulings_snapshot.md	439	R-G13	AMBIGUOUS	NO_KW	R-ICS19（R-G13 指紋與 R-ICS17(d) 改題之交互）
features/ics_management/docs/reports/11_rulings_snapshot.md	445	R-G13	FO	CONTEXT_KW	而 R-G13 之設計為「sha 不符即停下」—— 二條直接衝突。
features/ics_management/docs/reports/11_rulings_snapshot.md	450	R-G13	FO	CONTEXT_KW	diff 非 0 行 → 條文已變，依 R-G13 停下並報。
features/ics_management/docs/reports/11_rulings_snapshot.md	869	R-G13	AMBIGUOUS	NO_KW	含任一非註記之差異行 → 依 R-G13 停下。
features/ics_management/docs/reports/12_rulings_snapshot.md	15	R-G23	FO	CONTEXT_KW	不與既有 feature 共用序號。取號依 R-G23：落檔當下 grep 本檔與
features/ics_management/docs/reports/12_rulings_snapshot.md	92	R-G25	AMBIGUOUS	NO_KW	執行層依 R-G25 落 `sandbox/`（.xlsx）與 `generated/b01/`（.json），
features/ics_management/docs/reports/12_rulings_snapshot.md	387	R-G23	FO	CONTEXT_KW	(i)   寫前 live grep `^## R-ICS` 取現行最大號（R-G23）；
features/ics_management/docs/reports/12_rulings_snapshot.md	438	R-G13	AMBIGUOUS	NO_KW	R-ICS19（R-G13 指紋與 R-ICS17(d) 改題之交互）
features/ics_management/docs/reports/12_rulings_snapshot.md	444	R-G13	FO	CONTEXT_KW	而 R-G13 之設計為「sha 不符即停下」—— 二條直接衝突。
features/ics_management/docs/reports/12_rulings_snapshot.md	449	R-G13	FO	CONTEXT_KW	diff 非 0 行 → 條文已變，依 R-G13 停下並報。
features/ics_management/docs/reports/12_rulings_snapshot.md	868	R-G13	AMBIGUOUS	NO_KW	含任一非註記之差異行 → 依 R-G13 停下。
features/ics_management/docs/reports/12_rulings_snapshot.md	1290	R-G23	AMBIGUOUS	NO_KW	> ⚠ **以下為作廢之重複草案**（A-ICS70：分析層違 R-G23，未取現場號即落條，
features/ics_management/docs/reports/12_rulings_snapshot.md	1443	R-G23	AMBIGUOUS	NO_KW	(d) 本條之立，係分析層於審 upstream-11 時違 R-G23（未取現場號即落條）
features/ics_management/docs/reports/13_pdt27_dbc_vs_dr16.md	239	R-G15	AMBIGUOUS	NO_KW	「**使用中之 feature（R-G15 反向記載）**：`display`（R-DM19 選定為其 B-CAN 資料庫）」，
features/ics_management/docs/reports/13_rulings_snapshot.md	15	R-G23	FO	CONTEXT_KW	不與既有 feature 共用序號。取號依 R-G23：落檔當下 grep 本檔與
features/ics_management/docs/reports/13_rulings_snapshot.md	92	R-G25	AMBIGUOUS	NO_KW	執行層依 R-G25 落 `sandbox/`（.xlsx）與 `generated/b01/`（.json），
features/ics_management/docs/reports/13_rulings_snapshot.md	387	R-G23	FO	CONTEXT_KW	(i)   寫前 live grep `^## R-ICS` 取現行最大號（R-G23）；
features/ics_management/docs/reports/13_rulings_snapshot.md	438	R-G13	AMBIGUOUS	NO_KW	R-ICS19（R-G13 指紋與 R-ICS17(d) 改題之交互）
features/ics_management/docs/reports/13_rulings_snapshot.md	444	R-G13	FO	CONTEXT_KW	而 R-G13 之設計為「sha 不符即停下」—— 二條直接衝突。
features/ics_management/docs/reports/13_rulings_snapshot.md	449	R-G13	FO	CONTEXT_KW	diff 非 0 行 → 條文已變，依 R-G13 停下並報。
features/ics_management/docs/reports/13_rulings_snapshot.md	868	R-G13	AMBIGUOUS	NO_KW	含任一非註記之差異行 → 依 R-G13 停下。
features/ics_management/docs/reports/13_rulings_snapshot.md	1290	R-G23	AMBIGUOUS	NO_KW	> ⚠ **以下為作廢之重複草案**（A-ICS70：分析層違 R-G23，未取現場號即落條，
features/ics_management/docs/reports/13_rulings_snapshot.md	1443	R-G23	AMBIGUOUS	NO_KW	(d) 本條之立，係分析層於審 upstream-11 時違 R-G23（未取現場號即落條）
features/ics_management/docs/reports/14_bhcan2_binding_impact.md	25	R-G12	LEDGER	CONTEXT_KW	依 **R-G12**（Pei 2026-08-24，全域）：DBC、PROXI 表、LID 對照表一律置於
features/ics_management/docs/reports/14_bhcan2_binding_impact.md	31	R-G13	LEDGER	CONTEXT_KW	與日期。(b) 為必填之理由見 **R-G13**：無涵蓋範圍之登錄，「查無」不構成發現。
features/ics_management/docs/reports/14_bhcan2_binding_impact.md	42	R-G15	LEDGER	CONTEXT_KW	> **使用中之 feature（R-G15 反向記載）**：`display`（R-DM19 選定為其 B-CAN 資料庫）。各該 feature 之 `feature.yaml` `reference:` 節載其 SHA256。
features/ics_management/docs/reports/14_bhcan2_binding_impact.md	51	R-G13	AMBIGUOUS	NO_KW	**本檔本就不該有，不得記為缺漏**（R-G13 之教案）
features/ics_management/docs/reports/14_bhcan2_binding_impact.md	73	R-G15	LEDGER	CONTEXT_KW	> **使用中之 feature（R-G15 反向記載）**：`display`（R-DM19）。各該 feature 之 `feature.yaml` `reference:` 節載其 SHA256。
features/ics_management/docs/reports/14_bhcan2_binding_impact.md	102	R-G12	AMBIGUOUS	NO_KW	（`features/vehicle_setting/inputs/`）與 R-G12「DBC 一律置於 `forms/`」不合。
features/ics_management/docs/reports/14_bhcan2_binding_impact.md	126	R-G15	AMBIGUOUS	NO_KW	# R-G15：其變動會使既有產出失效者一律綁定。
features/ics_management/docs/reports/14_bhcan2_binding_impact.md	215	R-G23	LEDGER	CONTEXT_KW	—— 該節之 10 個 sha 是宣告，不是保護（此即 display RULINGS 所稱 R-G23 之「宣告不等於保護」）。
features/ics_management/docs/reports/14_bhcan2_binding_impact.md	329	R-G15	LEDGER	CONTEXT_KW	`> **使用中之 feature（R-G15 反向記載）**：`display`（R-DM19 選定為其 B-CAN 資料庫）。各該 feature 之 `feature.yaml` `reference:` 節載其 SHA256。`
features/ics_management/docs/reports/14_bhcan2_binding_impact.md	330	R-G15	LEDGER	CONTEXT_KW	依 R-G15 之反向記載義務，綁定後**此列須增列 `ics_management`**。該列在 `forms/`，不在 `features/display/`。
features/ics_management/docs/reports/14_bhcan2_binding_impact.md	491	R-G12	AMBIGUOUS	NO_KW	與 R-G12「DBC 一律置於 `forms/`」不合。此為 A-DM14 成立時未見之條件變化。
features/ics_management/docs/reports/14_bhcan2_binding_impact.md	500	R-G12	AMBIGUOUS	NO_KW	附帶：此二檔位於 `features/vehicle_setting/inputs/`，與 R-G12「DBC 一律置於 `forms/`」不合，
features/ics_management/docs/reports/14_bhcan2_binding_impact.md	537	R-G15	AMBIGUOUS	NO_KW	（例如 R-G15 反向記載未同步更新是否構成缺失）。該面屬分析層。
features/ics_management/docs/reports/14_bhcan2_binding_impact.md	547	R-G15	AMBIGUOUS	NO_KW	若分析層認為 R-G15 之反向記載義務及於 display 之 `RULINGS.md:394–396`
features/ics_management/docs/reports/14_rulings_snapshot.md	15	R-G23	FO	CONTEXT_KW	不與既有 feature 共用序號。取號依 R-G23：落檔當下 grep 本檔與
features/ics_management/docs/reports/14_rulings_snapshot.md	92	R-G25	AMBIGUOUS	NO_KW	執行層依 R-G25 落 `sandbox/`（.xlsx）與 `generated/b01/`（.json），
features/ics_management/docs/reports/14_rulings_snapshot.md	387	R-G23	FO	CONTEXT_KW	(i)   寫前 live grep `^## R-ICS` 取現行最大號（R-G23）；
features/ics_management/docs/reports/14_rulings_snapshot.md	438	R-G13	AMBIGUOUS	NO_KW	R-ICS19（R-G13 指紋與 R-ICS17(d) 改題之交互）
features/ics_management/docs/reports/14_rulings_snapshot.md	444	R-G13	FO	CONTEXT_KW	而 R-G13 之設計為「sha 不符即停下」—— 二條直接衝突。
features/ics_management/docs/reports/14_rulings_snapshot.md	449	R-G13	FO	CONTEXT_KW	diff 非 0 行 → 條文已變，依 R-G13 停下並報。
features/ics_management/docs/reports/14_rulings_snapshot.md	868	R-G13	AMBIGUOUS	NO_KW	含任一非註記之差異行 → 依 R-G13 停下。
features/ics_management/docs/reports/14_rulings_snapshot.md	1290	R-G23	AMBIGUOUS	NO_KW	> ⚠ **以下為作廢之重複草案**（A-ICS70：分析層違 R-G23，未取現場號即落條，
features/ics_management/docs/reports/14_rulings_snapshot.md	1443	R-G23	AMBIGUOUS	NO_KW	(d) 本條之立，係分析層於審 upstream-11 時違 R-G23（未取現場號即落條）
features/ics_management/docs/reports/15_rulings_snapshot.md	15	R-G23	FO	CONTEXT_KW	不與既有 feature 共用序號。取號依 R-G23：落檔當下 grep 本檔與
features/ics_management/docs/reports/15_rulings_snapshot.md	92	R-G25	AMBIGUOUS	NO_KW	執行層依 R-G25 落 `sandbox/`（.xlsx）與 `generated/b01/`（.json），
features/ics_management/docs/reports/15_rulings_snapshot.md	387	R-G23	FO	CONTEXT_KW	(i)   寫前 live grep `^## R-ICS` 取現行最大號（R-G23）；
features/ics_management/docs/reports/15_rulings_snapshot.md	438	R-G13	AMBIGUOUS	NO_KW	R-ICS19（R-G13 指紋與 R-ICS17(d) 改題之交互）
features/ics_management/docs/reports/15_rulings_snapshot.md	444	R-G13	FO	CONTEXT_KW	而 R-G13 之設計為「sha 不符即停下」—— 二條直接衝突。
features/ics_management/docs/reports/15_rulings_snapshot.md	449	R-G13	FO	CONTEXT_KW	diff 非 0 行 → 條文已變，依 R-G13 停下並報。
features/ics_management/docs/reports/15_rulings_snapshot.md	868	R-G13	AMBIGUOUS	NO_KW	含任一非註記之差異行 → 依 R-G13 停下。
features/ics_management/docs/reports/15_rulings_snapshot.md	1290	R-G23	AMBIGUOUS	NO_KW	> ⚠ **以下為作廢之重複草案**（A-ICS70：分析層違 R-G23，未取現場號即落條，
features/ics_management/docs/reports/15_rulings_snapshot.md	1443	R-G23	AMBIGUOUS	NO_KW	(d) 本條之立，係分析層於審 upstream-11 時違 R-G23（未取現場號即落條）
features/ics_management/docs/reports/16_rulings_snapshot.md	16	R-G23	FO	CONTEXT_KW	不與既有 feature 共用序號。取號依 R-G23：落檔當下 grep 本檔與
features/ics_management/docs/reports/16_rulings_snapshot.md	93	R-G25	AMBIGUOUS	NO_KW	執行層依 R-G25 落 `sandbox/`（.xlsx）與 `generated/b01/`（.json），
features/ics_management/docs/reports/16_rulings_snapshot.md	388	R-G23	FO	CONTEXT_KW	(i)   寫前 live grep `^## R-ICS` 取現行最大號（R-G23）；
features/ics_management/docs/reports/16_rulings_snapshot.md	439	R-G13	AMBIGUOUS	NO_KW	R-ICS19（R-G13 指紋與 R-ICS17(d) 改題之交互）
features/ics_management/docs/reports/16_rulings_snapshot.md	445	R-G13	FO	CONTEXT_KW	而 R-G13 之設計為「sha 不符即停下」—— 二條直接衝突。
features/ics_management/docs/reports/16_rulings_snapshot.md	450	R-G13	FO	CONTEXT_KW	diff 非 0 行 → 條文已變，依 R-G13 停下並報。
features/ics_management/docs/reports/16_rulings_snapshot.md	869	R-G13	AMBIGUOUS	NO_KW	含任一非註記之差異行 → 依 R-G13 停下。
features/ics_management/docs/reports/16_rulings_snapshot.md	1291	R-G23	AMBIGUOUS	NO_KW	> ⚠ **以下為作廢之重複草案**（A-ICS70：分析層違 R-G23，未取現場號即落條，
features/ics_management/docs/reports/16_rulings_snapshot.md	1444	R-G23	AMBIGUOUS	NO_KW	(d) 本條之立，係分析層於審 upstream-11 時違 R-G23（未取現場號即落條）
features/ics_management/docs/reports/17_rulings_snapshot.md	16	R-G23	FO	CONTEXT_KW	不與既有 feature 共用序號。取號依 R-G23：落檔當下 grep 本檔與
features/ics_management/docs/reports/17_rulings_snapshot.md	93	R-G25	AMBIGUOUS	NO_KW	執行層依 R-G25 落 `sandbox/`（.xlsx）與 `generated/b01/`（.json），
features/ics_management/docs/reports/17_rulings_snapshot.md	388	R-G23	FO	CONTEXT_KW	(i)   寫前 live grep `^## R-ICS` 取現行最大號（R-G23）；
features/ics_management/docs/reports/17_rulings_snapshot.md	439	R-G13	AMBIGUOUS	NO_KW	R-ICS19（R-G13 指紋與 R-ICS17(d) 改題之交互）
features/ics_management/docs/reports/17_rulings_snapshot.md	445	R-G13	FO	CONTEXT_KW	而 R-G13 之設計為「sha 不符即停下」—— 二條直接衝突。
features/ics_management/docs/reports/17_rulings_snapshot.md	450	R-G13	FO	CONTEXT_KW	diff 非 0 行 → 條文已變，依 R-G13 停下並報。
features/ics_management/docs/reports/17_rulings_snapshot.md	869	R-G13	AMBIGUOUS	NO_KW	含任一非註記之差異行 → 依 R-G13 停下。
features/ics_management/docs/reports/17_rulings_snapshot.md	1291	R-G23	AMBIGUOUS	NO_KW	> ⚠ **以下為作廢之重複草案**（A-ICS70：分析層違 R-G23，未取現場號即落條，
features/ics_management/docs/reports/17_rulings_snapshot.md	1444	R-G23	AMBIGUOUS	NO_KW	(d) 本條之立，係分析層於審 upstream-11 時違 R-G23（未取現場號即落條）
features/ics_management/docs/reports/18_failure_history.md	46	R-G23	AMBIGUOUS	NO_KW	**事實**：審 upstream-11 時直接以「上輪落到 R-ICS39，故下一號為 40」落條，未先讀 `RULINGS.md` 取現場號（違 R-G23）；該檔已存正本 `R-ICS40`，檔內一度出現二則 `## R-ICS40`，ledger 之相異 ruling_id 與錨點計數均會失真。
features/ics_management/docs/reports/18_rulings_snapshot.md	16	R-G23	FO	CONTEXT_KW	不與既有 feature 共用序號。取號依 R-G23：落檔當下 grep 本檔與
features/ics_management/docs/reports/18_rulings_snapshot.md	93	R-G25	AMBIGUOUS	NO_KW	執行層依 R-G25 落 `sandbox/`（.xlsx）與 `generated/b01/`（.json），
features/ics_management/docs/reports/18_rulings_snapshot.md	388	R-G23	FO	CONTEXT_KW	(i)   寫前 live grep `^## R-ICS` 取現行最大號（R-G23）；
features/ics_management/docs/reports/18_rulings_snapshot.md	439	R-G13	AMBIGUOUS	NO_KW	R-ICS19（R-G13 指紋與 R-ICS17(d) 改題之交互）
features/ics_management/docs/reports/18_rulings_snapshot.md	445	R-G13	FO	CONTEXT_KW	而 R-G13 之設計為「sha 不符即停下」—— 二條直接衝突。
features/ics_management/docs/reports/18_rulings_snapshot.md	450	R-G13	FO	CONTEXT_KW	diff 非 0 行 → 條文已變，依 R-G13 停下並報。
features/ics_management/docs/reports/18_rulings_snapshot.md	869	R-G13	AMBIGUOUS	NO_KW	含任一非註記之差異行 → 依 R-G13 停下。
features/ics_management/docs/reports/18_rulings_snapshot.md	1291	R-G23	AMBIGUOUS	NO_KW	> ⚠ **以下為作廢之重複草案**（A-ICS70：分析層違 R-G23，未取現場號即落條，
features/ics_management/docs/reports/18_rulings_snapshot.md	1444	R-G23	AMBIGUOUS	NO_KW	(d) 本條之立，係分析層於審 upstream-11 時違 R-G23（未取現場號即落條）
features/ics_management/docs/reports/19_delivery_checklist_ics.md	171	R-G26	AMBIGUOUS	NO_KW	其從未出過 repo —— 同一 session 內交付即發現缺陷。git 歷史為其歸檔（R-G26）。
features/ics_management/docs/reports/19_delivery_checklist_ics.md	172	R-G25	FO	CONTEXT_KW	**此為 R-G25「`delivered/` 只進不改」之具名例外**，理由為該件自始即不該進。
features/ics_management/docs/reports/19_rulings_snapshot.md	16	R-G23	FO	CONTEXT_KW	不與既有 feature 共用序號。取號依 R-G23：落檔當下 grep 本檔與
features/ics_management/docs/reports/19_rulings_snapshot.md	93	R-G25	AMBIGUOUS	NO_KW	執行層依 R-G25 落 `sandbox/`（.xlsx）與 `generated/b01/`（.json），
features/ics_management/docs/reports/19_rulings_snapshot.md	388	R-G23	FO	CONTEXT_KW	(i)   寫前 live grep `^## R-ICS` 取現行最大號（R-G23）；
features/ics_management/docs/reports/19_rulings_snapshot.md	439	R-G13	AMBIGUOUS	NO_KW	R-ICS19（R-G13 指紋與 R-ICS17(d) 改題之交互）
features/ics_management/docs/reports/19_rulings_snapshot.md	445	R-G13	FO	CONTEXT_KW	而 R-G13 之設計為「sha 不符即停下」—— 二條直接衝突。
features/ics_management/docs/reports/19_rulings_snapshot.md	450	R-G13	FO	CONTEXT_KW	diff 非 0 行 → 條文已變，依 R-G13 停下並報。
features/ics_management/docs/reports/19_rulings_snapshot.md	869	R-G13	AMBIGUOUS	NO_KW	含任一非註記之差異行 → 依 R-G13 停下。
features/ics_management/docs/reports/19_rulings_snapshot.md	1291	R-G23	AMBIGUOUS	NO_KW	> ⚠ **以下為作廢之重複草案**（A-ICS70：分析層違 R-G23，未取現場號即落條，
features/ics_management/docs/reports/19_rulings_snapshot.md	1444	R-G23	AMBIGUOUS	NO_KW	(d) 本條之立，係分析層於審 upstream-11 時違 R-G23（未取現場號即落條）
features/ics_management/docs/reports/19b_rulings_snapshot.md	16	R-G23	FO	CONTEXT_KW	不與既有 feature 共用序號。取號依 R-G23：落檔當下 grep 本檔與
features/ics_management/docs/reports/19b_rulings_snapshot.md	93	R-G25	AMBIGUOUS	NO_KW	執行層依 R-G25 落 `sandbox/`（.xlsx）與 `generated/b01/`（.json），
features/ics_management/docs/reports/19b_rulings_snapshot.md	388	R-G23	FO	CONTEXT_KW	(i)   寫前 live grep `^## R-ICS` 取現行最大號（R-G23）；
features/ics_management/docs/reports/19b_rulings_snapshot.md	439	R-G13	AMBIGUOUS	NO_KW	R-ICS19（R-G13 指紋與 R-ICS17(d) 改題之交互）
features/ics_management/docs/reports/19b_rulings_snapshot.md	445	R-G13	FO	CONTEXT_KW	而 R-G13 之設計為「sha 不符即停下」—— 二條直接衝突。
features/ics_management/docs/reports/19b_rulings_snapshot.md	450	R-G13	FO	CONTEXT_KW	diff 非 0 行 → 條文已變，依 R-G13 停下並報。
features/ics_management/docs/reports/19b_rulings_snapshot.md	869	R-G13	AMBIGUOUS	NO_KW	含任一非註記之差異行 → 依 R-G13 停下。
features/ics_management/docs/reports/19b_rulings_snapshot.md	1291	R-G23	AMBIGUOUS	NO_KW	> ⚠ **以下為作廢之重複草案**（A-ICS70：分析層違 R-G23，未取現場號即落條，
features/ics_management/docs/reports/19b_rulings_snapshot.md	1444	R-G23	AMBIGUOUS	NO_KW	(d) 本條之立，係分析層於審 upstream-11 時違 R-G23（未取現場號即落條）
features/ics_management/docs/upstream/01_onboarding_first_batch.md	24	R-G13	FO	CONTEXT_KW	## §1 讀取之裁決與其指紋（R-G13）
features/ics_management/docs/upstream/01_onboarding_first_batch.md	53	R-G25	AMBIGUOUS	NO_KW	**兩處落點與下放包所令不同，理由為 R-G25，非自裁**：
features/ics_management/docs/upstream/01_onboarding_first_batch.md	55	R-G25	FO	CONTEXT_KW	1. 下放包令 `workbook/`，實落 `sandbox/`。R-G25 之落點政策令 `.xlsx` 之合法落點
features/ics_management/docs/upstream/01_onboarding_first_batch.md	404	R-G13	AMBIGUOUS	NO_KW	R-ICS1、R-ICS2、R-ICS3、R-ICS4、A-ICS1、A-ICS6、R-G13、R-G15、R-G25、
features/ics_management/docs/upstream/01_onboarding_first_batch.md	404	R-G15	AMBIGUOUS	NO_KW	R-ICS1、R-ICS2、R-ICS3、R-ICS4、A-ICS1、A-ICS6、R-G13、R-G15、R-G25、
features/ics_management/docs/upstream/01_onboarding_first_batch.md	404	R-G25	AMBIGUOUS	NO_KW	R-ICS1、R-ICS2、R-ICS3、R-ICS4、A-ICS1、A-ICS6、R-G13、R-G15、R-G25、
features/ics_management/docs/upstream/02_signal_resolution_and_ignore_face.md	444	R-G13	AMBIGUOUS	NO_KW	R-G13、R-G23、R-G25；R-DD5、R-DD6 v2、R-DD9、R-DD10、R-DD13、R-DD22、R-DD23、
features/ics_management/docs/upstream/02_signal_resolution_and_ignore_face.md	444	R-G23	AMBIGUOUS	NO_KW	R-G13、R-G23、R-G25；R-DD5、R-DD6 v2、R-DD9、R-DD10、R-DD13、R-DD22、R-DD23、
features/ics_management/docs/upstream/02_signal_resolution_and_ignore_face.md	444	R-G25	AMBIGUOUS	NO_KW	R-G13、R-G23、R-G25；R-DD5、R-DD6 v2、R-DD9、R-DD10、R-DD13、R-DD22、R-DD23、
features/ics_management/docs/upstream/03_parallel_guard_and_display_unlock.md	63	R-G13	FO	CONTEXT_KW	### 1.1 **【重】`R-ICS2 v1` 之 sha8 已變 —— R-G13 與 R-ICS17(d) 之交互**
features/ics_management/docs/upstream/03_parallel_guard_and_display_unlock.md	73	R-G13	FO	CONTEXT_KW	故「**依 R-ICS17(d) 正確改題之條文，其 R-G13 指紋必然改變**」。
features/ics_management/docs/upstream/03_parallel_guard_and_display_unlock.md	74	R-G13	FO	CONTEXT_KW	後果是舊包所引之 sha8 一律對不上，而 R-G13 之設計正是「sha 不符即停下」（FO §8.4）。
features/ics_management/docs/upstream/03_parallel_guard_and_display_unlock.md	440	R-G13	FO	CONTEXT_KW	1. **【最重】R-G13 與 R-ICS17(d) 之交互**（§1.1）：依 (d) 正確改題之條文，
features/ics_management/docs/upstream/03_parallel_guard_and_display_unlock.md	441	R-G13	FO	CONTEXT_KW	其 R-G13 指紋必然改變（`R-ICS2 v1`：`ad557b5d` → `4a8819f0`，圍欄內容 `diff` 0 行）。
features/ics_management/docs/upstream/03_parallel_guard_and_display_unlock.md	553	R-G13	AMBIGUOUS	NO_KW	R-G13、R-G18、R-G23、R-G25；R-DD4、R-DD9、R-DD10、R-DD12、R-DD13、R-DD23、R-DD24、
features/ics_management/docs/upstream/03_parallel_guard_and_display_unlock.md	553	R-G18	FO	CONTEXT_KW	R-G13、R-G18、R-G23、R-G25；R-DD4、R-DD9、R-DD10、R-DD12、R-DD13、R-DD23、R-DD24、
features/ics_management/docs/upstream/03_parallel_guard_and_display_unlock.md	553	R-G23	AMBIGUOUS	NO_KW	R-G13、R-G18、R-G23、R-G25；R-DD4、R-DD9、R-DD10、R-DD12、R-DD13、R-DD23、R-DD24、
features/ics_management/docs/upstream/03_parallel_guard_and_display_unlock.md	553	R-G25	AMBIGUOUS	NO_KW	R-G13、R-G18、R-G23、R-G25；R-DD4、R-DD9、R-DD10、R-DD12、R-DD13、R-DD23、R-DD24、
features/ics_management/docs/upstream/03_parallel_guard_and_display_unlock.md	564	R-G13	AMBIGUOUS	NO_KW	§1.1（R-G13 與 R-ICS17(d) 之交互）、§4-4(b)(c)（方括號／單引號之 profile 缺口）、
features/ics_management/docs/upstream/04_profile_signals_and_navigation.md	469	R-G13	AMBIGUOUS	NO_KW	R-G13、R-G18、R-G23、R-G25；R-DD12、R-DD26 v2；R-TM13；
features/ics_management/docs/upstream/04_profile_signals_and_navigation.md	469	R-G18	FO	CONTEXT_KW	R-G13、R-G18、R-G23、R-G25；R-DD12、R-DD26 v2；R-TM13；
features/ics_management/docs/upstream/04_profile_signals_and_navigation.md	469	R-G23	AMBIGUOUS	NO_KW	R-G13、R-G18、R-G23、R-G25；R-DD12、R-DD26 v2；R-TM13；
features/ics_management/docs/upstream/04_profile_signals_and_navigation.md	469	R-G25	AMBIGUOUS	NO_KW	R-G13、R-G18、R-G23、R-G25；R-DD12、R-DD26 v2；R-TM13；
features/ics_management/docs/upstream/05_anchor_rework_and_pre_delivery.md	365	R-G13	AMBIGUOUS	NO_KW	R-G13、R-G23、R-G25；R-DD3 同族、R-DD26 v2；R-TM13；R-6；
features/ics_management/docs/upstream/05_anchor_rework_and_pre_delivery.md	365	R-G23	AMBIGUOUS	NO_KW	R-G13、R-G23、R-G25；R-DD3 同族、R-DD26 v2；R-TM13；R-6；
features/ics_management/docs/upstream/05_anchor_rework_and_pre_delivery.md	365	R-G25	AMBIGUOUS	NO_KW	R-G13、R-G23、R-G25；R-DD3 同族、R-DD26 v2；R-TM13；R-6；
features/ics_management/docs/upstream/07_unblock_and_recovery.md	460	R-G13	AMBIGUOUS	NO_KW	R-G13、R-G23、R-G25；R-DD3 同族、R-DD25(a)、R-DD26 v2；R-TM13；R-4；R-6；R-S4；
features/ics_management/docs/upstream/07_unblock_and_recovery.md	460	R-G23	AMBIGUOUS	NO_KW	R-G13、R-G23、R-G25；R-DD3 同族、R-DD25(a)、R-DD26 v2；R-TM13；R-4；R-6；R-S4；
features/ics_management/docs/upstream/07_unblock_and_recovery.md	460	R-G25	AMBIGUOUS	NO_KW	R-G13、R-G23、R-G25；R-DD3 同族、R-DD25(a)、R-DD26 v2；R-TM13；R-4；R-6；R-S4；
features/ics_management/docs/upstream/08_s118_comparison_and_rework.md	372	R-G13	FO	CONTEXT_KW	DR-ICS1 ~ DR-ICS17；R-G13、R-G23、R-G25；R-DD23、R-DD24、R-DD26 v2；R-TM13；R-3；R-4；
features/ics_management/docs/upstream/08_s118_comparison_and_rework.md	372	R-G23	AMBIGUOUS	NO_KW	DR-ICS1 ~ DR-ICS17；R-G13、R-G23、R-G25；R-DD23、R-DD24、R-DD26 v2；R-TM13；R-3；R-4；
features/ics_management/docs/upstream/08_s118_comparison_and_rework.md	372	R-G25	AMBIGUOUS	NO_KW	DR-ICS1 ~ DR-ICS17；R-G13、R-G23、R-G25；R-DD23、R-DD24、R-DD26 v2；R-TM13；R-3；R-4；
features/ics_management/docs/upstream/09_tlm_referent_measurement.md	366	R-G13	AMBIGUOUS	NO_KW	R-G13、R-G23、R-G25；R-DD23、R-DD24、R-DD26 v2；R-TM13；
features/ics_management/docs/upstream/09_tlm_referent_measurement.md	366	R-G23	AMBIGUOUS	NO_KW	R-G13、R-G23、R-G25；R-DD23、R-DD24、R-DD26 v2；R-TM13；
features/ics_management/docs/upstream/09_tlm_referent_measurement.md	366	R-G25	AMBIGUOUS	NO_KW	R-G13、R-G23、R-G25；R-DD23、R-DD24、R-DD26 v2；R-TM13；
features/ics_management/docs/upstream/10_variant_attribution.md	362	R-G13	AMBIGUOUS	NO_KW	DR-ICS1 ~ DR-ICS18；R-G13、R-G23、R-G25；R-DD26 v2；R-TM13；
features/ics_management/docs/upstream/10_variant_attribution.md	362	R-G23	AMBIGUOUS	NO_KW	DR-ICS1 ~ DR-ICS18；R-G13、R-G23、R-G25；R-DD26 v2；R-TM13；
features/ics_management/docs/upstream/10_variant_attribution.md	362	R-G25	AMBIGUOUS	NO_KW	DR-ICS1 ~ DR-ICS18；R-G13、R-G23、R-G25；R-DD26 v2；R-TM13；
features/ics_management/docs/upstream/11_generation_and_rerun.md	380	R-G13	AMBIGUOUS	NO_KW	R-G13、R-G23、R-G25；R-DD26 v2；R-TM13；R-1 v2、R-3；
features/ics_management/docs/upstream/11_generation_and_rerun.md	380	R-G23	AMBIGUOUS	NO_KW	R-G13、R-G23、R-G25；R-DD26 v2；R-TM13；R-1 v2、R-3；
features/ics_management/docs/upstream/11_generation_and_rerun.md	380	R-G25	AMBIGUOUS	NO_KW	R-G13、R-G23、R-G25；R-DD26 v2；R-TM13；R-1 v2、R-3；
features/ics_management/docs/upstream/12_anchor_addition.md	384	R-G13	AMBIGUOUS	NO_KW	R-G13、R-G23、R-G25；R-DD26 v2；R-TM13；
features/ics_management/docs/upstream/12_anchor_addition.md	384	R-G23	AMBIGUOUS	NO_KW	R-G13、R-G23、R-G25；R-DD26 v2；R-TM13；
features/ics_management/docs/upstream/12_anchor_addition.md	384	R-G25	AMBIGUOUS	NO_KW	R-G13、R-G23、R-G25；R-DD26 v2；R-TM13；
features/ics_management/docs/upstream/13_freeze.md	362	R-G13	AMBIGUOUS	NO_KW	A-DM14；DR-ICS1 ~ DR-ICS20；R-G13、R-G17、R-G18、R-G25；
features/ics_management/docs/upstream/13_freeze.md	362	R-G17	AMBIGUOUS	NO_KW	A-DM14；DR-ICS1 ~ DR-ICS20；R-G13、R-G17、R-G18、R-G25；
features/ics_management/docs/upstream/13_freeze.md	362	R-G18	FO	CONTEXT_KW	A-DM14；DR-ICS1 ~ DR-ICS20；R-G13、R-G17、R-G18、R-G25；
features/ics_management/docs/upstream/13_freeze.md	362	R-G25	AMBIGUOUS	NO_KW	A-DM14；DR-ICS1 ~ DR-ICS20；R-G13、R-G17、R-G18、R-G25；
features/ics_management/docs/upstream/14_signal_identity_and_direction.md	207	R-G15	AMBIGUOUS	NO_KW	（綁定後 `FORMS.md` 行 467 之 R-G15 反向記載列須增列 `ics_management`，
features/ics_management/docs/upstream/14_signal_identity_and_direction.md	380	R-G15	AMBIGUOUS	NO_KW	A-DM14、R-DM19、R-G15；DR-ICS1 ~ DR-ICS21；R-G13、R-G17、R-G18、R-G25；
features/ics_management/docs/upstream/14_signal_identity_and_direction.md	380	R-G13	AMBIGUOUS	NO_KW	A-DM14、R-DM19、R-G15；DR-ICS1 ~ DR-ICS21；R-G13、R-G17、R-G18、R-G25；
features/ics_management/docs/upstream/14_signal_identity_and_direction.md	380	R-G17	AMBIGUOUS	NO_KW	A-DM14、R-DM19、R-G15；DR-ICS1 ~ DR-ICS21；R-G13、R-G17、R-G18、R-G25；
features/ics_management/docs/upstream/14_signal_identity_and_direction.md	380	R-G18	FO	CONTEXT_KW	A-DM14、R-DM19、R-G15；DR-ICS1 ~ DR-ICS21；R-G13、R-G17、R-G18、R-G25；
features/ics_management/docs/upstream/14_signal_identity_and_direction.md	380	R-G25	AMBIGUOUS	NO_KW	A-DM14、R-DM19、R-G15；DR-ICS1 ~ DR-ICS21；R-G13、R-G17、R-G18、R-G25；
features/ics_management/docs/upstream/15_binding_and_backfill.md	326	R-G13	AMBIGUOUS	NO_KW	DR-ICS1 ~ DR-ICS21；R-G13、R-G17、R-G18、R-G25；
features/ics_management/docs/upstream/15_binding_and_backfill.md	326	R-G17	AMBIGUOUS	NO_KW	DR-ICS1 ~ DR-ICS21；R-G13、R-G17、R-G18、R-G25；
features/ics_management/docs/upstream/15_binding_and_backfill.md	326	R-G18	FO	CONTEXT_KW	DR-ICS1 ~ DR-ICS21；R-G13、R-G17、R-G18、R-G25；
features/ics_management/docs/upstream/15_binding_and_backfill.md	326	R-G25	AMBIGUOUS	NO_KW	DR-ICS1 ~ DR-ICS21；R-G13、R-G17、R-G18、R-G25；
features/ics_management/docs/upstream/16_binding_and_backfill_exec.md	41	R-G15	AMBIGUOUS	NO_KW	改前：`> **使用中之 feature（R-G15 反向記載）**：`display`（R-DM19 選定為其 B-CAN 資料庫）。…`
features/ics_management/docs/upstream/16_binding_and_backfill_exec.md	44	R-G15	AMBIGUOUS	NO_KW	**該表無獨立之 R-G15 反向記載列**（反向記載即嵌於各檔標題下之引述行），
features/ics_management/docs/upstream/16_binding_and_backfill_exec.md	58	R-G23	AMBIGUOUS	NO_KW	| **永不回寫宣告值**（R-G23）| 同 | 沿用 |
features/ics_management/docs/upstream/16_binding_and_backfill_exec.md	453	R-G15	AMBIGUOUS	NO_KW	A-DM14、R-DM19、R-G15、R-G23；DR-ICS1 ~ DR-ICS21；R-G13、R-G17、R-G18、R-G25；
features/ics_management/docs/upstream/16_binding_and_backfill_exec.md	453	R-G23	AMBIGUOUS	NO_KW	A-DM14、R-DM19、R-G15、R-G23；DR-ICS1 ~ DR-ICS21；R-G13、R-G17、R-G18、R-G25；
features/ics_management/docs/upstream/16_binding_and_backfill_exec.md	453	R-G13	AMBIGUOUS	NO_KW	A-DM14、R-DM19、R-G15、R-G23；DR-ICS1 ~ DR-ICS21；R-G13、R-G17、R-G18、R-G25；
features/ics_management/docs/upstream/16_binding_and_backfill_exec.md	453	R-G17	AMBIGUOUS	NO_KW	A-DM14、R-DM19、R-G15、R-G23；DR-ICS1 ~ DR-ICS21；R-G13、R-G17、R-G18、R-G25；
features/ics_management/docs/upstream/16_binding_and_backfill_exec.md	453	R-G18	FO	CONTEXT_KW	A-DM14、R-DM19、R-G15、R-G23；DR-ICS1 ~ DR-ICS21；R-G13、R-G17、R-G18、R-G25；
features/ics_management/docs/upstream/16_binding_and_backfill_exec.md	453	R-G25	AMBIGUOUS	NO_KW	A-DM14、R-DM19、R-G15、R-G23；DR-ICS1 ~ DR-ICS21；R-G13、R-G17、R-G18、R-G25；
features/ics_management/docs/upstream/17_sys2_master_table.md	427	R-G13	AMBIGUOUS	NO_KW	DR-ICS1 ~ DR-ICS21；R-G13、R-G15、R-G17、R-G18、R-G23、R-G25；
features/ics_management/docs/upstream/17_sys2_master_table.md	427	R-G15	AMBIGUOUS	NO_KW	DR-ICS1 ~ DR-ICS21；R-G13、R-G15、R-G17、R-G18、R-G23、R-G25；
features/ics_management/docs/upstream/17_sys2_master_table.md	427	R-G17	AMBIGUOUS	NO_KW	DR-ICS1 ~ DR-ICS21；R-G13、R-G15、R-G17、R-G18、R-G23、R-G25；
features/ics_management/docs/upstream/17_sys2_master_table.md	427	R-G18	FO	CONTEXT_KW	DR-ICS1 ~ DR-ICS21；R-G13、R-G15、R-G17、R-G18、R-G23、R-G25；
features/ics_management/docs/upstream/17_sys2_master_table.md	427	R-G23	AMBIGUOUS	NO_KW	DR-ICS1 ~ DR-ICS21；R-G13、R-G15、R-G17、R-G18、R-G23、R-G25；
features/ics_management/docs/upstream/17_sys2_master_table.md	427	R-G25	AMBIGUOUS	NO_KW	DR-ICS1 ~ DR-ICS21；R-G13、R-G15、R-G17、R-G18、R-G23、R-G25；
features/ics_management/feature.yaml	20	R-G25	FO	CONTEXT_KW	# ⚠ 落點為 `sandbox/` 而非下放包 §一-1 所令之 `workbook/`：R-G25 之落點政策
features/ics_management/feature.yaml	119	R-G15	AMBIGUOUS	NO_KW	# R-G15：其變動會使既有產出失效者一律綁定。
features/ics_management/feature.yaml	181	R-G19	FO	CONTEXT_KW	# R-G19 批次指紋之來源宣告。b01 之 TC 由 Claude Code session 依 canon
features/ics_management/scripts/verify_reference_binding.py	2	R-G23	LEDGER	CONTEXT_KW	"""""""驗 `feature.yaml` 之 `reference:` 綁定與實體檔相符（R-G23／R-G40）。"
features/ics_management/scripts/verify_reference_binding.py	7	R-G15	AMBIGUOUS	NO_KW	R-G15 使綁定可見。可見不等於受檢：一個宣告了卻無人比對的 sha256，
features/ics_management/scripts/verify_reference_binding.py	16	R-G23	AMBIGUOUS	NO_KW	那會默默採納一個無人裁定過的資料庫版本（R-G23）。
features/ics_management/scripts/verify_reference_binding.py	44	R-G23	AMBIGUOUS	NO_KW	"print(""# reference binding check (R-G23)"")"
features/ics_management/scripts/verify_reference_binding.py	82	R-G23	AMBIGUOUS	NO_KW	"print(""\nR-G23: stop and report. Do NOT update the declared value in """
features/media/scripts/make_batch_context.py	158	R-G19	FO	CONTEXT_KW	# --- R-G19：prompt／exemplar 指紋（26 包 §D-5）------------------------------
features/media/scripts/make_batch_context.py	161	R-G19	FO	CONTEXT_KW	"""""""本批實際使用之 prompt 模板與 exemplar 集之 sha（R-G19@`bd206972`）。"
features/popup/PLAYBOOK.md	171	R-G25	AMBIGUOUS	NO_KW	`sandbox/base/`（R-G25：xlsx 只准在此改）。**位元組相同之複製**，
features/popup/RULINGS.md	3	R-G23	FO	CONTEXT_KW	取號依 R-G23′：落檔當下 live 取號（本檔建立時無既存 `### R-POP`，自 1 起）。
features/popup/RULINGS.md	11	R-G24	AMBIGUOUS	NO_KW	投遞區 `_intake/Popup/`（TitleCase，R-G24 已建妥並實測）。
features/popup/RULINGS.md	61	R-G27	FO	CONTEXT_KW	**引用原位不搬**（既有共用件，sw_update A-SU3 前例；R-G27「既有檔案
features/popup/RULINGS.md	120	R-G13	FO	CONTEXT_KW	因本次擴範圍而變（變動即停下回報）。理由：R-G13 明定條文落各 feature
features/popup/RUNBOOK.md	8	R-G27	FO	CONTEXT_KW	- [x] Source files —— **不落 `inputs/`**：R-G27 之 `sources/raw/<doc_id>/`
features/popup/docs/INDEX.md	22	R-G13	AMBIGUOUS	NO_KW	R-G13：引用者自 repo 讀原文）。四件 anomaly 全數處分：
features/popup/docs/handoff/01_intake_recon.md	11	R-G27	FO	CONTEXT_KW	- `sources/raw/` 落檔後不得改動（R-G27：內容爭議以 raw 為準）
features/popup/docs/handoff/01_intake_recon.md	77	R-G13	AMBIGUOUS	NO_KW	全文落於 `features/popup/RULINGS.md`（R-G13：引用者自 repo 讀原文）：
features/popup/docs/handoff/01_intake_recon.md	80	R-G24	AMBIGUOUS	NO_KW	list_directory 實測存在 —— R-G24）
features/popup/docs/handoff/01_intake_recon.md	140	R-G27	FO	CONTEXT_KW	3. 依 R-G27 落 `sources/`：`raw/<doc_id>/` 收三原檔、
features/popup/docs/handoff/01_intake_recon.md	146	R-G27	AMBIGUOUS	NO_KW	引用來源（R-G27），不存原檔副本
features/popup/docs/handoff/01_intake_recon.md	149	R-G25	AMBIGUOUS	NO_KW	6. 工作簿自 R-G1 母本起建，落 `sandbox/`（R-G25；xlsx 只准在此修改）
features/popup/docs/handoff/01_intake_recon.md	166	R-G13	FO	CONTEXT_KW	- R-G13 引用回報：本包引用之裁決為 R-POP1～R-POP5、R-G1、R-G3、R-G5、
features/popup/docs/handoff/01_intake_recon.md	167	R-G24	AMBIGUOUS	NO_KW	R-G24、R-G25、R-G27（R-POP 系列同包新立，讀 `features/popup/RULINGS.md`
features/popup/docs/handoff/01_intake_recon.md	167	R-G25	AMBIGUOUS	NO_KW	R-G24、R-G25、R-G27（R-POP 系列同包新立，讀 `features/popup/RULINGS.md`
features/popup/docs/handoff/01_intake_recon.md	167	R-G27	AMBIGUOUS	NO_KW	R-G24、R-G25、R-G27（R-POP 系列同包新立，讀 `features/popup/RULINGS.md`
features/popup/docs/handoff/01_intake_recon.md	177	R-G27	FO	CONTEXT_KW	- `sources/` 既有內容與 R-G27 落點衝突（MANIFEST 現為僅表頭，預期無衝突）
features/popup/docs/handoff/02_wiring_tooling_pilot.md	13	R-G25	AMBIGUOUS	NO_KW	- xlsx 只准在 `sandbox/` 修改（R-G25）；不得以 openpyxl `wb.save()` 寫回
features/popup/docs/handoff/02_wiring_tooling_pilot.md	23	R-G13	FO	CONTEXT_KW	## 裁決引用（R-G13）
features/popup/docs/handoff/02_wiring_tooling_pilot.md	26	R-G25	AMBIGUOUS	NO_KW	§六-1 重產 tsv 後以實值回報）；另引 R-G3、R-G5、R-G10、R-G25、G-B、
features/popup/docs/handoff/02_wiring_tooling_pilot.md	88	R-G18	FO	CONTEXT_KW	| lint | 全綠 | gate_all 五支；canon_refs 既存 463 不因本包增減（本包新檔引用一律帶前綴，R-G18） |
features/popup/docs/handoff/02_wiring_tooling_pilot.md	93	R-G13	FO	CONTEXT_KW	- R-G13 引用表（R-POP1～11 之 sha8 實值，取自重產後 tsv）
features/popup/docs/handoff/02_wiring_tooling_pilot.md	95	R-G21	FO	CONTEXT_KW	- pilot 語料全文（generated/ json）＋逐 TC 自查表人工項勾檢（R-G21）
features/popup/docs/handoff/03_pilot_fixes.md	18	R-G13	AMBIGUOUS	NO_KW	## 裁決引用（R-G13）
features/popup/docs/handoff/03_pilot_fixes.md	21	R-G13	AMBIGUOUS	NO_KW	另引 R-G3、R-G5、R-G13、G-D、G-K、G-N。
features/popup/docs/handoff/03_pilot_fixes.md	124	R-G13	FO	CONTEXT_KW	- R-G13 引用表（R-POP12～17 之 sha8，取自重產後 tsv）
features/popup/docs/handoff/04_f7_ledger_close.md	14	R-G13	AMBIGUOUS	NO_KW	## 裁決引用（R-G13）
features/popup/docs/handoff/04_f7_ledger_close.md	144	R-G29	AMBIGUOUS	NO_KW	4. `canon_refs` +3（兩本 BACKLOG ＋ 上繳包之 `R-G29` 引用）：修 `R-G29`
features/popup/docs/handoff/04_f7_ledger_close.md	144	R-G29	AMBIGUOUS	NO_KW	4. `canon_refs` +3（兩本 BACKLOG ＋ 上繳包之 `R-G29` 引用）：修 `R-G29`
features/popup/docs/handoff/04_f7_ledger_close.md	173	R-G13	FO	CONTEXT_KW	- R-G13 引用表（含 R-POP13／R-POP15 之**新** sha8）
features/popup/docs/handoff/05_delivery_prep.md	17	R-G13	AMBIGUOUS	NO_KW	## 裁決引用（R-G13）
features/popup/docs/handoff/05_delivery_prep.md	97	R-G29	AMBIGUOUS	NO_KW	（既存 ＋ 本包新增之 `R-G29` 引用））
features/popup/docs/handoff/05_delivery_prep.md	124	R-G13	FO	CONTEXT_KW	- R-G13 引用表（含 R-POP18、R-POP20 之**新** sha8）
features/popup/docs/upstream/01_intake_recon.md	86	R-G27	FO	CONTEXT_KW	## 三、`sources/` 落檔與 doc_id 定案（下放包 §六-3，R-G27）
features/popup/docs/upstream/01_intake_recon.md	121	R-G27	FO	CONTEXT_KW	- **`inputs/` 恆空**（R-G27／下放包 §六-4「不存原檔副本」）——
features/popup/docs/upstream/01_intake_recon.md	230	R-G25	AMBIGUOUS	NO_KW	| 落點 | `features/popup/sandbox/base/`（R-G25：**xlsx 唯一可改之處**）|
features/popup/docs/upstream/01_intake_recon.md	235	R-G25	AMBIGUOUS	NO_KW	`lint_paths.py --gate` PASS —— `sandbox/` 之 xlsx 為 R-G25 表列之合法落點。
features/popup/docs/upstream/01_intake_recon.md	323	R-G13	FO	CONTEXT_KW	## 八、R-G13 引用回報
features/popup/docs/upstream/01_intake_recon.md	335	R-G13	AMBIGUOUS	NO_KW	| R-G13 | `abdc56e3` | `:788` | 本表本身 |
features/popup/docs/upstream/01_intake_recon.md	336	R-G24	AMBIGUOUS	NO_KW	| R-G24 | `bd9a8cc0` | `:972` | `_intake/Popup/` 為暫存投遞區 |
features/popup/docs/upstream/01_intake_recon.md	337	R-G25	AMBIGUOUS	NO_KW	| R-G25 | `50be5127` | `:1012` | 工作簿落 `sandbox/`；`lint_paths` 實跑 |
features/popup/docs/upstream/01_intake_recon.md	338	R-G27	FO	CONTEXT_KW	| R-G27 | `2bd39a12` | `:1049` | `sources/` 集中制；raw 落檔後不改 |
features/popup/docs/upstream/01_intake_recon.md	428	R-G13	AMBIGUOUS	NO_KW	| `RULINGS.sha.tsv` | `rulings_hash.py` 之預設範圍是否納入 `features/popup/RULINGS.md` | R-G13 引用之可查證性 |
features/popup/docs/upstream/01_intake_recon.md	446	R-G28	AMBIGUOUS	NO_KW	請於下一包以 `R-G28`（或分析層另定之號）補立，執行層據以回填
features/popup/docs/upstream/02_wiring_tooling_pilot.md	234	R-G25	AMBIGUOUS	NO_KW	| 輸出 | `sandbox/pilot01/`（同名），R-G25 |
features/popup/docs/upstream/02_wiring_tooling_pilot.md	318	R-G13	FO	CONTEXT_KW	## 八、R-G13 引用表（sha8 取自**重產後**之 tracked tsv）
features/popup/docs/upstream/02_wiring_tooling_pilot.md	336	R-G13	AMBIGUOUS	NO_KW	| R-G13 | `abdc56e3` | `:788` | 本表本身 |
features/popup/docs/upstream/02_wiring_tooling_pilot.md	337	R-G25	AMBIGUOUS	NO_KW	| R-G25 | `50be5127` | `:1012` | 輸出落 `sandbox/`；`lint_paths` 實跑 |
features/popup/docs/upstream/02_wiring_tooling_pilot.md	338	R-G27	FO	CONTEXT_KW	| R-G27 | `2bd39a12` | `:1049` | Pop Up List 引用原位不搬 |
features/popup/docs/upstream/03_pilot_fixes.md	483	R-G29	AMBIGUOUS	NO_KW	| `canon_refs --waiver --gate` | **1** | 464 | **467** | **本包 +3** —— 兩本新建 BACKLOG ＋ 本上繳包，各一處 `R-G29` 引用；`R-G29` 為既存 unresolved target（全 repo 48 處，`features/display/BACKLOG.md:3` 同式）。**實測隔離**：暫移該三檔重跑 
features/popup/docs/upstream/03_pilot_fixes.md	483	R-G29	AMBIGUOUS	NO_KW	| `canon_refs --waiver --gate` | **1** | 464 | **467** | **本包 +3** —— 兩本新建 BACKLOG ＋ 本上繳包，各一處 `R-G29` 引用；`R-G29` 為既存 unresolved target（全 repo 48 處，`features/display/BACKLOG.md:3` 同式）。**實測隔離**：暫移該三檔重跑 
features/popup/docs/upstream/03_pilot_fixes.md	493	R-G29	AMBIGUOUS	NO_KW	亦未為了湊數字而把 `R-G29` 之引用從三檔刪掉 —— 那是把出處抹掉換一個綠燈。
features/popup/docs/upstream/03_pilot_fixes.md	522	R-G29	AMBIGUOUS	NO_KW	| **獨立判斷（已揭露）** | (a) `design_method` 取狀態轉換而非負向測試（§四）；(b) `ledger_xref` 另立於 `scripts/` 而不改 vehicle_category 之同名檔（§五-2）；(c) `ledger_xref` 之號碼收集跨全檔而不限主表（§五-2，與 `lint_docs036` 刻意分野）；(d) 兩本 BACKLOG 沿 `fea
features/popup/docs/upstream/03_pilot_fixes.md	538	R-G13	FO	CONTEXT_KW	## 十、R-G13 引用表（sha8 取自重產後之 `docs/fw036/RULINGS.sha.tsv`）
features/popup/docs/upstream/03_pilot_fixes.md	549	R-G13	AMBIGUOUS	NO_KW	另引 R-G3、R-G5、R-G8、R-G13、R-G25、R-G29、G-B、G-D、G-F、G-K、G-N。
features/popup/docs/upstream/03_pilot_fixes.md	549	R-G25	AMBIGUOUS	NO_KW	另引 R-G3、R-G5、R-G8、R-G13、R-G25、R-G29、G-B、G-D、G-F、G-K、G-N。
features/popup/docs/upstream/03_pilot_fixes.md	549	R-G29	AMBIGUOUS	NO_KW	另引 R-G3、R-G5、R-G8、R-G13、R-G25、R-G29、G-B、G-D、G-F、G-K、G-N。
features/popup/docs/upstream/03_pilot_fixes.md	701	R-G29	AMBIGUOUS	NO_KW	| 4 | `canon_refs` +3（兩本新 BACKLOG ＋ 本上繳包之 `R-G29`）：修 `R-G29` 之可解析性、或改寫兩檔之引用、或維持 | §八-4 |
features/popup/docs/upstream/03_pilot_fixes.md	701	R-G29	AMBIGUOUS	NO_KW	| 4 | `canon_refs` +3（兩本新 BACKLOG ＋ 本上繳包之 `R-G29`）：修 `R-G29` 之可解析性、或改寫兩檔之引用、或維持 | §八-4 |
features/popup/docs/upstream/04_f7_ledger_close.md	406	R-G29	AMBIGUOUS	NO_KW	| `features/projection/BACKLOG.md:3` 之 `R-G29` | **+1** | 暫移該檔 → 468，放回 → 469 |
features/popup/docs/upstream/04_f7_ledger_close.md	407	R-G29	AMBIGUOUS	NO_KW	| 本上繳包 §十 引用表之 `R-G29` | **+1** | 暫移本檔 → 469，放回 → 470 |
features/popup/docs/upstream/04_f7_ledger_close.md	416	R-G29	AMBIGUOUS	NO_KW	**不調和**：未塞 `CANON_REFS_WAIVER.tsv`、未刪 `R-G29` 引用、
features/popup/docs/upstream/04_f7_ledger_close.md	440	R-G29	AMBIGUOUS	NO_KW	| **獨立判斷（已揭露）** | (a) 001 之回調保留「the elapsed time」，未逐字照抄 R-POP20 示例（§二-2）；(b) 內容判準加第二條門檻「單列但佔 ≥ 50%」以接住 power 之切段續段（§三-1）；(c) 標題式登記只作存在性佐證、不參與重複判定（§三-2）；(d) `projection/BACKLOG.md` 沿 display 體例含 `R-G29
features/popup/docs/upstream/04_f7_ledger_close.md	457	R-G13	FO	CONTEXT_KW	## 十、R-G13 引用表（sha8 取自重產後之 `docs/fw036/RULINGS.sha.tsv`）
features/popup/docs/upstream/04_f7_ledger_close.md	471	R-G13	AMBIGUOUS	NO_KW	另引 R-G2、R-G3、R-G5、R-G8、R-G13、R-G25、R-G29、R-TM13、
features/popup/docs/upstream/04_f7_ledger_close.md	471	R-G25	AMBIGUOUS	NO_KW	另引 R-G2、R-G3、R-G5、R-G8、R-G13、R-G25、R-G29、R-TM13、
features/popup/docs/upstream/04_f7_ledger_close.md	471	R-G29	AMBIGUOUS	NO_KW	另引 R-G2、R-G3、R-G5、R-G8、R-G13、R-G25、R-G29、R-TM13、
features/popup/docs/upstream/04_f7_ledger_close.md	550	R-G29	AMBIGUOUS	NO_KW	| 4 | `canon_refs` 之 `R-G29` 引用（現三本 BACKLOG ＋ 兩份上繳包）| 仍待 —— 分析層意見為維持；本包再 **+2**（projection/BACKLOG ＋ 本上繳包）|
features/popup/docs/upstream/05_delivery_prep.md	101	R-G25	FO	CONTEXT_KW	不入 R-G25 之副檔名落點檢查。實測 `lint_paths` 之違規數**未因本包增加**
features/popup/docs/upstream/05_delivery_prep.md	271	R-G29	AMBIGUOUS	NO_KW	- 下放包 §五預測「本包新增之 `R-G29` 引用」會使其上升。**實際未上升**：
features/popup/docs/upstream/05_delivery_prep.md	273	R-G29	AMBIGUOUS	NO_KW	本上繳包）**一處 `R-G29` 都沒引** —— 它們引的是 R-G1／R-G2／R-G12／
features/popup/docs/upstream/05_delivery_prep.md	273	R-G12	AMBIGUOUS	NO_KW	本上繳包）**一處 `R-G29` 都沒引** —— 它們引的是 R-G1／R-G2／R-G12／
features/popup/docs/upstream/05_delivery_prep.md	274	R-G13	AMBIGUOUS	NO_KW	R-G13／R-G15／R-G25／R-G27 與 R-POP 系列，皆可解析
features/popup/docs/upstream/05_delivery_prep.md	274	R-G15	AMBIGUOUS	NO_KW	R-G13／R-G15／R-G25／R-G27 與 R-POP 系列，皆可解析
features/popup/docs/upstream/05_delivery_prep.md	274	R-G25	AMBIGUOUS	NO_KW	R-G13／R-G15／R-G25／R-G27 與 R-POP 系列，皆可解析
features/popup/docs/upstream/05_delivery_prep.md	274	R-G27	AMBIGUOUS	NO_KW	R-G13／R-G15／R-G25／R-G27 與 R-POP 系列，皆可解析
features/popup/docs/upstream/05_delivery_prep.md	345	R-G13	FO	CONTEXT_KW	## 十、R-G13 引用表（sha8 取自重產後之 `docs/fw036/RULINGS.sha.tsv`）
features/popup/docs/upstream/05_delivery_prep.md	362	R-G12	AMBIGUOUS	NO_KW	另引 R-G1、R-G2、R-G3、R-G5、R-G8、R-G12、R-G13、R-G15、R-G25、R-G27、
features/popup/docs/upstream/05_delivery_prep.md	362	R-G13	AMBIGUOUS	NO_KW	另引 R-G1、R-G2、R-G3、R-G5、R-G8、R-G12、R-G13、R-G15、R-G25、R-G27、
features/popup/docs/upstream/05_delivery_prep.md	362	R-G15	AMBIGUOUS	NO_KW	另引 R-G1、R-G2、R-G3、R-G5、R-G8、R-G12、R-G13、R-G15、R-G25、R-G27、
features/popup/docs/upstream/05_delivery_prep.md	362	R-G25	AMBIGUOUS	NO_KW	另引 R-G1、R-G2、R-G3、R-G5、R-G8、R-G12、R-G13、R-G15、R-G25、R-G27、
features/popup/docs/upstream/05_delivery_prep.md	362	R-G27	AMBIGUOUS	NO_KW	另引 R-G1、R-G2、R-G3、R-G5、R-G8、R-G12、R-G13、R-G15、R-G25、R-G27、
features/popup/feature.yaml	5	R-G27	FO	CONTEXT_KW	# 下放包 01 §六-4：來源以 `sources/` 之 doc_id 引用（R-G27），
features/popup/feature.yaml	14	R-G27	FO	CONTEXT_KW	# R-G27 之 doc_id ↔ `sources/MANIFEST.tsv`。目前無腳本以 doc_id 解析路徑，
features/popup/feature.yaml	21	R-G25	AMBIGUOUS	NO_KW	# 工作簿自 R-G1 母本起建，落 sandbox/（R-G25：xlsx 只准在此改）
features/popup/output/DELIVERY_NOTE.md	115	R-G27	FO	CONTEXT_KW	### 來源三件（`sources/MANIFEST.tsv`，R-G27 之 doc_id）
features/popup/scripts/gen_pilot.py	9	R-G25	AMBIGUOUS	NO_KW	**R-G25**：輸出落 `features/popup/sandbox/<tag>/`。
features/power/ANOMALIES.md	400	R-G13	LEDGER	CONTEXT_KW	| A-PW355 | **B4 之「DBC 對照 0 / 13」為未查而非查無** | 55 包 B4 以**規格原名**（`X.Info` / `X.Req`）直查 DBC，跳過 R-DM17 三段鏈之段 1（規格名 → LID）與段 2（LID → `MESSAGE.Signal`），只做段 3 | **新增（58 包，R-P368）**，分析層自陳其未查 `forms/`。依 **R-G1
features/power/ANOMALIES.md	406	R-G13	LEDGER	CONTEXT_KW	| A-PW361 | **R-P368 段 1 之入口窄讀為 LID 單一檔，致三檔從未被查** | Pei 08-30 指示為「以 `forms` 為主」，未限於 LID／DBC；R-P368(a) 將段 1 定為 LID `CAN Mapping`，(c) 之 PROXI 路徑又以「PROXI 參數」為前提 —— `.Req` 類設定值與 `.Info` 類致能狀態從未被拿去查 `HMI S
features/power/ANOMALIES.md	410	R-G13	LEDGER	CONTEXT_KW	| A-PW365 | **63 包機掃所得之 6 個「查無」經人讀後全部推翻** | 65 包 §0 分析層人讀六名七條：**查無 0**、TC 措辭問題 6、新開 DR 1（`-224`，未尋獲文件型）| **新增（65 包，R-P383）**。⚠ **執行層於 63 包已保留**（「本輪仍非人讀」「6 個查無不足以登 R-G13」），該保留正確 —— **若當時逕行開 6 個 DR 並登 M
features/power/ANOMALIES.md	412	R-G13	LEDGER	CONTEXT_KW	| A-PW367 | **整個 `VC_*` 命名空間不存在於任一參考檔** | `VC_` 前綴之名：PROXI `Format` **0**、LID `Logical Identifier` **0**、BHCAN2 `SG_` **0**、FDCAN8 `SG_` **0**、SR26 全 3 分頁 **0**、SR24 全 8 分頁 **0**；而 CFTS009 內 `$VC_*$` 
features/power/RULINGS.md	12439	R-G13	AMBIGUOUS	NO_KW	相容性 C(2,2) = 1 對，並依 R-P364(d) 對既有 canon（R-6 / R-13 / R-1 v3 / R-G13 / R-G14 /
features/power/RULINGS.md	12439	R-G14	AMBIGUOUS	NO_KW	相容性 C(2,2) = 1 對，並依 R-P364(d) 對既有 canon（R-6 / R-13 / R-1 v3 / R-G13 / R-G14 /
features/power/RULINGS.md	12459	R-G13	LEDGER	CONTEXT_KW	段 3 查無者始得記「查無」，且須滿足 R-G13 三要件並登
features/power/RULINGS.md	12460	R-G14	LEDGER	CONTEXT_KW	`forms/LOOKUP_MISSES.md`（R-G14），同時 ANOMALIES + DR 三處各登
features/power/RULINGS.md	12476	R-G13	LEDGER	CONTEXT_KW	結果 ∈ {解得, 未解得(止於段1), 未解得(止於段2), 查無(R-G13), B-1 衝突}
features/power/RULINGS.md	12492	R-G13	LEDGER	CONTEXT_KW	> **依 R-G13 為「未查」而非「查無」**，已由 58 包 B4′ 重做（A-PW355）。
features/power/RULINGS.md	12559	R-G13	LEDGER	CONTEXT_KW	有錨（補入代理量表）／查無（R-G13 三要件齊備，開 DR、登 M-n）／
features/power/RULINGS.md	12802	R-G13	LEDGER	CONTEXT_KW	查無（分析層自負 R-G13 三要件，開 DR、登 M-n）／
features/power/RULINGS.md	12831	R-G13	LEDGER	CONTEXT_KW	> 其 6 個「查無」不足以登 R-G13 之查無。
features/power/RULINGS.md	12905	R-G13	LEDGER	CONTEXT_KW	「本輪仍非人讀、6 個查無不足以登 R-G13」之保留一致。
features/power/RULINGS.md	13044	R-G13	LEDGER	CONTEXT_KW	故依 R-G13 第 3 項（涵蓋範圍是否本應包含之）**無法認定任一檔本應包含之**，
features/power/data/58_b4_b2_report.md	73	R-G13	LEDGER	CONTEXT_KW	| **段 3 查無（R-G13）** | **0** |
features/power/data/59_b7_b3_report.md	106	R-G13	LEDGER	CONTEXT_KW	**不等於 R-G13 意義下之「查無」**（其三要件中「查了哪些檔／用什麼名字查」
features/power/data/59_b7_b3_report.md	109	R-G13	LEDGER	CONTEXT_KW	依 R-G13 與 R-P368(d) 之精神，**未達查無者不得登 DR**。
features/power/data/60_62_report.md	30	R-G13	AMBIGUOUS	NO_KW	依 R-G13 登記為**已查之檔**而非缺漏。
features/power/data/63_report.md	88	R-G13	AMBIGUOUS	NO_KW	與 59 包之「TC 措辭」為**不同之查詢名**（R-G13 第 2 項）。
features/power/data/63_report.md	102	R-G13	LEDGER	CONTEXT_KW	**故 6 個「查無」仍不足以登記為 R-G13 意義下之查無** —— 其查詢名非純規格用語。
features/power/data/63_report.md	120	R-G13	LEDGER	CONTEXT_KW	2. **G252 之「查無者有 DR 號」**（§5）：6 名仍未達 R-G13 要件；
features/power/data/65_report.md	88	R-G13	LEDGER	CONTEXT_KW	執行層於 63 包已保留（「本輪仍非人讀」「6 個查無不足以登 R-G13」），**該保留正確**——
features/power/data/66_report.md	76	R-G13	AMBIGUOUS	NO_KW	與 M-1 / M-2 同型，惟未達 R-G13，**不登 M-n**）、
features/power/data/67_report.md	34	R-G13	LEDGER	CONTEXT_KW	依 R-G13 第 3 項（涵蓋範圍是否本應包含之）**無法認定任一檔本應包含之**，
features/power/data/dr_pw23_internal_signals_55.md	5	R-G13	LEDGER	CONTEXT_KW	> 依 R-G13 為「**未查**」而非「查無」（A-PW355）。本檔保留不刪（R-P329 之慣例），
features/power/data/dr_pw23_internal_signals_58.md	8	R-G13	LEDGER	CONTEXT_KW	> 55 包版以**規格原名直查 DBC**、跳過段 1–2，其「DBC 對照 0 / 13」依 R-G13
features/power/data/dr_pw23_internal_signals_58.md	69	R-G13	LEDGER	CONTEXT_KW	R-G13 之三要件中，第 2 項（用什麼名字查）在十一筆上不成立 ——
features/power/data/g252_six_63.md	5	R-G13	LEDGER	CONTEXT_KW	> 有錨（指明段落與代理量）／查無（分析層自負 R-G13 三要件）／
features/power/data/lookups_66.md	4	R-G13	LEDGER	CONTEXT_KW	> **命中即候選，非認定**（R-P375(d)）；查無者記「未解得」，**不記查無**（R-G13 / R-P368(d)）。
features/power/data/lookups_66.md	88	R-G13	AMBIGUOUS	NO_KW	| `$Door_Ajar_Status$` | 段 1 LID **r474 有列**，惟 `Atlantis High` 欄空 | **未解得（止於段 2）** —— 與 M-1 / M-2 同型，惟本輪未達 R-G13（未確認該欄本應有值），不登 M-n |
features/power/data/proxy_reachability_55.md	16	R-G13	LEDGER	CONTEXT_KW	依 R-G13，本檔不得作為登記「查無」之依據。
features/power/data/proxy_reachability_63.md	4	R-G13	AMBIGUOUS	NO_KW	> 與 59 包之差別為**查詢名稱種類**（R-G13 第 2 項）：59 包查 TC 措辭，本檔查規格用語。
features/power/data/proxy_reachability_63.md	18	R-G13	AMBIGUOUS	NO_KW	本檔所做者為**第二次機器掃描，改以規格用語為查詢名**（R-G13 第 2 項之變更），
features/power/data/proxy_reachability_63.md	25	R-G13	LEDGER	CONTEXT_KW	**故本輪之 6 個「查無」仍不足以登記為 R-G13 意義下之查無** ——
features/power/docs/handoff/58_forms_resolution.md	16	R-G13	LEDGER	CONTEXT_KW	在 R-DM17 三段鏈上只做了段 3，**故 0/13 不是查無，是未查**（R-G13）。
features/power/docs/handoff/58_forms_resolution.md	38	R-G13	LEDGER	CONTEXT_KW	段 3 查無者始得記「查無」，且須滿足 R-G13 三要件並登
features/power/docs/handoff/58_forms_resolution.md	39	R-G14	LEDGER	CONTEXT_KW	`forms/LOOKUP_MISSES.md`（R-G14），同時 ANOMALIES + DR 三處各登
features/power/docs/handoff/58_forms_resolution.md	55	R-G13	LEDGER	CONTEXT_KW	結果 ∈ {解得, 未解得(止於段1), 未解得(止於段2), 查無(R-G13), B-1 衝突}
features/power/docs/handoff/58_forms_resolution.md	71	R-G13	LEDGER	CONTEXT_KW	- `forms/LOOKUP_MISSES.md`：段 3 查無者依 R-G13 登 M-n（先讀現有 M-1~M-3，勿重複）
features/power/docs/handoff/58_forms_resolution.md	86	R-G13	LEDGER	CONTEXT_KW	- 新增：B4 以規格原名直查 DBC，跳過 LID 段 1–2，「0/13」為未查非查無（R-G13）
features/power/docs/handoff/58_forms_resolution.md	90	R-G14	LEDGER	CONTEXT_KW	DR-PW23 附表待重做；DR-PW26 不變。段 3 查無者之 DR 依 R-G14 與 M-n 並登。
features/power/docs/handoff/58_forms_resolution.md	113	R-G13	LEDGER	CONTEXT_KW	**對既有 canon（R-P364(d)）**：R-P368 對 R-6（verbatim 保留原文）— 合；對 R-13（查無保留原名）— (f) 合；對 R-1 v3 (a)(d) — 合，(a) 為其解析程序；對 R-G13/R-G14 — (d) 合；對 R-DM17/R-DM21 — 採其三段鏈；對 R-P355(b) — 重定義「已有 DBC 對照」，加註處理；對 R-P365(b)
features/power/docs/handoff/58_forms_resolution.md	113	R-G14	LEDGER	CONTEXT_KW	**對既有 canon（R-P364(d)）**：R-P368 對 R-6（verbatim 保留原文）— 合；對 R-13（查無保留原名）— (f) 合；對 R-1 v3 (a)(d) — 合，(a) 為其解析程序；對 R-G13/R-G14 — (d) 合；對 R-DM17/R-DM21 — 採其三段鏈；對 R-P355(b) — 重定義「已有 DBC 對照」，加註處理；對 R-P365(b)
features/power/docs/handoff/60_k1_g252.md	7	R-G13	AMBIGUOUS	NO_KW	G252「不為 51 名開 DR」之判斷正確（R-G13 精神）；K-1 乙之實查證據充分。
features/power/docs/handoff/60_k1_g252.md	39	R-G13	LEDGER	CONTEXT_KW	有錨（補入代理量表）／查無（R-G13 三要件齊備，開 DR、登 M-n）／
features/power/docs/handoff/60_k1_g252.md	85	R-G13	AMBIGUOUS	NO_KW	對既有 canon：R-P371 對 R-P368(b)（不得語意跳接）— 三項逐字證據，合；對 R-P368(e)（不得逕用 R4）— (d) 合；對 R-13 — (c) 回滾條款保留，合。R-P372 對 R-G13/R-G14 — 合。R-P373 對 IN §4.5 — 為其解釋；對 R-1 v3 (a) — (d) 合；對 R-P366 — 改其 (c) 判準，加註處理。無違反。
features/power/docs/handoff/60_k1_g252.md	85	R-G14	AMBIGUOUS	NO_KW	對既有 canon：R-P371 對 R-P368(b)（不得語意跳接）— 三項逐字證據，合；對 R-P368(e)（不得逕用 R4）— (d) 合；對 R-13 — (c) 回滾條款保留，合。R-P372 對 R-G13/R-G14 — 合。R-P373 對 IN §4.5 — 為其解釋；對 R-1 v3 (a) — (d) 合；對 R-P366 — 改其 (c) 判準，加註處理。無違反。
features/power/docs/handoff/64_rulings.md	36	R-G13	LEDGER	CONTEXT_KW	查無（分析層自負 R-G13 三要件，開 DR、登 M-n）／
features/power/docs/handoff/64_rulings.md	69	R-G13	LEDGER	CONTEXT_KW	R-P381 對 R-G13 — 分析層自負三要件，合；對 R-P372(a) — 「人讀」改由分析層，加註；對 A-PW355 教訓 — 合。
features/power/docs/handoff/65_rulings.md	86	R-G13	LEDGER	CONTEXT_KW	對既有 canon（引用＋觸及）：R-P383 對 §8.2.1 — `-172` 落實；對 R-P376(a) — `-117` 排除，合；對 S6 — PENDING 維持，合；對 R-G13 — 無查無故不觸。R-P384 對 R-P353(ii) — 解釋其「具名」，非改；對 IN §11 — 區分書寫與抽取，合；對 R-13 — (a) 合；對 R-P382 — 退回其產出，加註。R-P
features/power/docs/handoff/66_thirtynine.md	21	R-G13	LEDGER	CONTEXT_KW	| **查無（R-G13）** | **0** |
features/power/scripts/g252_six_63.py	87	R-G13	LEDGER	CONTEXT_KW	"""> 有錨（指明段落與代理量）／查無（分析層自負 R-G13 三要件）／"","
features/power/scripts/lookups_66.py	8	R-G13	LEDGER	CONTEXT_KW	**不得記查無**（R-G13 / R-P368(d)）。
features/power/scripts/lookups_66.py	103	R-G13	LEDGER	CONTEXT_KW	"""**不記查無**（R-G13 / R-P368(d)）。"", """"]"
features/power/scripts/proxy_reachability_59.py	153	R-G13	LEDGER	CONTEXT_KW	"""依 R-G13，本檔不得作為登記「查無」之依據。"","
features/power/scripts/proxy_recheck_63.py	5	R-G13	LEDGER	CONTEXT_KW	有錨（補入代理量表）／查無（R-G13 三要件齊備）／待併案。
features/power/scripts/proxy_recheck_63.py	11	R-G13	AMBIGUOUS	NO_KW	本檔以 **`test_item` 上半之規格逐字**查 —— 二者為不同之查詢名稱種類（R-G13 第 2 項）。
features/power/scripts/proxy_recheck_63.py	106	R-G13	AMBIGUOUS	NO_KW	"""> 與 59 包之差別為**查詢名稱種類**（R-G13 第 2 項）："""
features/power_moding/docs/upstream/01_intake.md	440	R-G12	FO	CONTEXT_KW	## 10. 建議之 commit 訊息與 pathspec（**未執行**，R-G5 / R-G12）
features/power_moding/docs/upstream/15_marker_prefix_and_priority.md	536	R-G12	FO	CONTEXT_KW	**pathspec（14 路徑，R-G12 —— 逐一具名，不用 `git add .`／`-A`）**：
features/power_moding/docs/upstream/16_verdict_blindspot.md	427	R-G12	FO	CONTEXT_KW	**pathspec（8 路徑，R-G12 —— 逐一具名）**：
features/power_moding/docs/upstream/17_scope_of_inventory.md	530	R-G12	FO	CONTEXT_KW	**pathspec（10 路徑，R-G12 —— 逐一具名）**：
features/power_moding/docs/upstream/18_break_the_circle.md	636	R-G12	FO	CONTEXT_KW	**pathspec（10 路徑，R-G12 —— 逐一具名）**：
features/power_moding/docs/upstream/19_broken_source.md	678	R-G12	FO	CONTEXT_KW	**pathspec（15 路徑，R-G12 —— 逐一具名）**：
features/power_moding/docs/upstream/20_matrix_scope.md	435	R-G12	FO	CONTEXT_KW	**pathspec（9 路徑，R-G12 —— 逐一具名）**：
features/power_moding/docs/upstream/21_predicate_criterion.md	396	R-G12	FO	CONTEXT_KW	**pathspec（10 路徑，R-G12 —— 逐一具名）**：
features/power_moding/docs/upstream/22_popup_conflict.md	448	R-G12	FO	CONTEXT_KW	**pathspec（12 路徑，R-G12 —— 逐一具名）**：
features/power_moding/docs/upstream/23_spec_internal_conflict.md	405	R-G12	FO	CONTEXT_KW	**pathspec（12 路徑，R-G12 —— 逐一具名）**：
features/power_moding/docs/upstream/24_positive_form.md	438	R-G12	FO	CONTEXT_KW	**pathspec（16 路徑，R-G12 —— 逐一具名）**：
features/power_moding/docs/upstream/25_limitation_union.md	402	R-G12	FO	CONTEXT_KW	**pathspec（8 路徑，R-G12 —— 逐一具名）**：
features/power_moding/docs/upstream/26_enumeration_over_keywords.md	379	R-G12	FO	CONTEXT_KW	**pathspec（9 路徑，R-G12 —— 逐一具名）**：
features/power_moding/docs/upstream/27_verdict_for_every_cell.md	474	R-G12	FO	CONTEXT_KW	**pathspec（8 路徑，R-G12 —— 逐一具名）**：
features/power_moding/docs/upstream/28_batch2.md	393	R-G12	FO	CONTEXT_KW	**pathspec（逐一具名，R-G12）**：
features/power_moding/docs/upstream/29_batch2_review.md	446	R-G12	FO	CONTEXT_KW	| 他 feature 之檔案 | **未觸** —— 工作區中 `display`／`vehicle_setting`／`time_management`／`docs/fw036` 之異動屬併行 session，**不入 pathspec**（R-G12） |
features/projection/BACKLOG.md	3	R-G29	LEDGER	CONTEXT_KW	依 **R-G29**（未驗項分流：交付正確性 vs 鷹架品質）。
features/sw_update/ANCHOR_POOL.md	1011	R-G28	FO	CONTEXT_KW	> **`R-G28`**（`FO §9.2`）—— 其令「嵌入物件之 ObjectID 落於錨點池號段內而
features/sw_update/ANOMALIES.md	26	R-G13	AMBIGUOUS	NO_KW	`docs/handoff/02_asu1_rulings.md` §一 —— 依 R-G13 citation-by-reference，
features/sw_update/BACKLOG.md	743	R-G28	AMBIGUOUS	NO_KW	## B-31 R-G28 之追溯適用：「沒查」與「查了沒有」對既有 feature 已不可區辨
features/sw_update/BACKLOG.md	745	R-G28	AMBIGUOUS	NO_KW	**觀察**（下放包 55 §四-5 之問）：R-G28 令「查無者亦須記明已查」，
features/sw_update/BACKLOG.md	774	R-G28	AMBIGUOUS	NO_KW	**觀察**（T68b 實測）：`R-G28` 之**條文本體一字未動**，
features/sw_update/BACKLOG.md	778	R-G13	FO	CONTEXT_KW	**其後果**：R-G13 之用途是「下放包引 `sha8`，執行層據以確認條文未被改過」。
features/sw_update/BACKLOG.md	780	R-G13	FO	CONTEXT_KW	都會使該條 sha8 變動 → 執行層依 R-G13 停下回報 → 而條文根本沒動。**
features/sw_update/BACKLOG.md	783	R-G28	AMBIGUOUS	NO_KW	**而 R-G28 之條文與其提交時逐字相同。**
features/sw_update/BACKLOG.md	787	R-G13	AMBIGUOUS	NO_KW	**R-G13 之引用比對用前者**，後者供「本節有無任何變動」之查核。
features/sw_update/BACKLOG.md	823	R-G13	AMBIGUOUS	NO_KW	| 無 fenced block（`body_kind = section`） | **74** —— 其二值相同，**R-G13 之假性不符未解** |
features/sw_update/BACKLOG.md	829	R-G12	AMBIGUOUS	NO_KW	**其代價落在高流量區**：`R-G1`–`R-G12` **全部無框**，
features/sw_update/BACKLOG.md	862	R-G12	AMBIGUOUS	NO_KW	**併記一項自陳**：上繳包 57 §1.2 稱「74 條未解、`R-G1`–`R-G12` 全在其中、
features/sw_update/BACKLOG.md	948	R-G13	AMBIGUOUS	NO_KW	## B-39 sha 於框界清理期間必然逐條不符，而 R-G13 對此無旗標
features/sw_update/BACKLOG.md	954	R-G13	AMBIGUOUS	NO_KW	**R-G13 於此狀態下二者皆壞**：
features/sw_update/BACKLOG.md	956	R-G13	AMBIGUOUS	NO_KW	或執行層知道「現在本來就會不符」而不停（**則 R-G13 失效**）。
features/sw_update/BACKLOG.md	960	R-G13	AMBIGUOUS	NO_KW	**R-G13 之比對對後二者，其不符不觸發停止，改報「框界作業中，非條文變動」**。
features/sw_update/BACKLOG.md	1022	R-G13	FO	CONTEXT_KW	**R-G13 若比對 `body_sha8`，假性不符只有 5 條**；
features/sw_update/REASONING.md	649	R-G28	AMBIGUOUS	NO_KW	> **本則已於 2026-08-30 升格為全域條文 `R-G28`**（下放包 55；`FO §9.2`）。
features/sw_update/REASONING.md	650	R-G28	AMBIGUOUS	NO_KW	> **feature 側不重述其內容，一律引用** —— 見 `FO §9.2 R-G28`
features/sw_update/RULINGS.md	96	R-G13	AMBIGUOUS	NO_KW	承載（R-G13）。抄錄逐字，不改寫、不合併、不為欄寬而縮寫（R-G23）。
features/sw_update/RULINGS.md	96	R-G23	AMBIGUOUS	NO_KW	承載（R-G13）。抄錄逐字，不改寫、不合併、不為欄寬而縮寫（R-G23）。
features/sw_update/docs/INDEX.md	14	R-G24	AMBIGUOUS	NO_KW	| 上繳 `45` | **永久留空** | 下放包 52 §四 指定上繳檔名為 `45_status_reporting.md`，而該包（T64）順延一批後執行，其間 `46`／`47` 已被佔用，其上繳遂落 `48`。**分析層指定檔名前未驗其可用**（下放包 56 §二 #4，與 R-G24 同型） |
features/sw_update/docs/handoff/01_intake_recon.md	33	R-G23	AMBIGUOUS	NO_KW	> 抄錄時逐字，不改寫、不合併、不為欄寬而縮寫（R-G23）。抄畢於上繳包附逐條核對結果。
features/sw_update/docs/handoff/01_intake_recon.md	321	R-G15	LEDGER	CONTEXT_KW	| T9 | 依 §六草案填 `feature.yaml`。`reference:` 綁定判準照 R-G15 / R-DM37：其變動會使既有產出失效者一律綁定 | 1 |
features/sw_update/docs/handoff/02_asu1_rulings.md	25	R-G13	AMBIGUOUS	NO_KW	A-SU1 於 `ANOMALIES.md` 改記 RESOLVED，處分文引用本包（R-G13
features/sw_update/docs/handoff/02_asu1_rulings.md	104	R-G23	AMBIGUOUS	NO_KW	抄入 `features/sw_update/RULINGS.md`，逐字（R-G23）：
features/sw_update/docs/upstream/01_intake_recon.md	236	R-G13	LEDGER	CONTEXT_KW	- **A-SU1 → RESOLVED**（處分引用下放包 02 §一，R-G13 citation-by-reference）
features/sw_update/docs/upstream/01_intake_recon.md	244	R-G15	LEDGER	CONTEXT_KW	已填實。`reference:` 綁定判準依 R-G15／R-DM37（其變動會使既有產出失效者一律綁定）：
features/sw_update/docs/upstream/18_pilot_review.md	60	R-G25	AMBIGUOUS	NO_KW	- 輸出：`sandbox/pilot01/…_ext.xlsx`（R-G25）｜母本未動
features/sw_update/docs/upstream/18_pilot_review.md	90	R-G25	AMBIGUOUS	NO_KW	受檢物：`features/sw_update/sandbox/pilot01/…_ext.xlsx`（R-G25，5 列 × 14 欄）。
features/sw_update/docs/upstream/18_pilot_review.md	104	R-G25	AMBIGUOUS	NO_KW	（`sandbox/pilot01/*.xlsx` 為 R-G25 之合法落點）。
features/sw_update/docs/upstream/19_observability.md	45	R-G25	AMBIGUOUS	NO_KW	產出：`sandbox/pilot02/…_ext.xlsx`（R-G25，5 列 × 14 欄）。
features/sw_update/docs/upstream/25_batch1_review.md	118	R-G25	AMBIGUOUS	NO_KW	`sandbox/batch01/`（R-G25，`inputs/` 母本一字未動）。專案名稱取 036 母本
features/sw_update/docs/upstream/49_canon_rg28.md	1	R-G28	AMBIGUOUS	NO_KW	# 上繳包 49 —— T67 執行結果（下放包 55，canon 之 R-G28）
features/sw_update/docs/upstream/49_canon_rg28.md	15	R-G28	FO	CONTEXT_KW	| 1 | §0 Tier 0 之 bullet | ✅ 存在（`- **CFTS 嵌入物件之檢查（R-G28，Pei 2026-08-30，全域）**：…`） |
features/sw_update/docs/upstream/49_canon_rg28.md	16	R-G28	FO	CONTEXT_KW	| 2 | §9.2 索引表 | ✅ 新增一列 `\| R-G28 \| CFTS 嵌入物件之逐 feature 檢查 \| sw_update 53／54 包，Pei 裁定 2026-08-30 \|` |
features/sw_update/docs/upstream/49_canon_rg28.md	17	R-G28	FO	CONTEXT_KW	| 3 | §9.2 條文區 | ✅ `#### R-G28` 位於 **R-G27 之後**、`#### R-G4／R-G7 之原文與 R-G12 之來源` **之前**，與下放包所述之落點相符 |
features/sw_update/docs/upstream/49_canon_rg28.md	17	R-G27	AMBIGUOUS	NO_KW	| 3 | §9.2 條文區 | ✅ `#### R-G28` 位於 **R-G27 之後**、`#### R-G4／R-G7 之原文與 R-G12 之來源` **之前**，與下放包所述之落點相符 |
features/sw_update/docs/upstream/49_canon_rg28.md	17	R-G12	AMBIGUOUS	NO_KW	| 3 | §9.2 條文區 | ✅ `#### R-G28` 位於 **R-G27 之後**、`#### R-G4／R-G7 之原文與 R-G12 之來源` **之前**，與下放包所述之落點相符 |
features/sw_update/docs/upstream/49_canon_rg28.md	39	R-G28	AMBIGUOUS	NO_KW	**44 列之來源**：`FEATURE_ONBOARDING.md` 26 列（R-G28 插入使其後各條行號位移）、
features/sw_update/docs/upstream/49_canon_rg28.md	43	R-G27	AMBIGUOUS	NO_KW	> 新條之文字**沒有**被算進鄰條（`R-G27` 之 sha 逐字元不變）。
features/sw_update/docs/upstream/49_canon_rg28.md	44	R-G22	FO	CONTEXT_KW	> **R-G22 之代價在本次是零。**
features/sw_update/docs/upstream/49_canon_rg28.md	46	R-G28	AMBIGUOUS	NO_KW	### 2.2 `R-G28` 之錨點列
features/sw_update/docs/upstream/49_canon_rg28.md	49	R-G28	FO	CONTEXT_KW	R-G28  ruling  e1093545  e109354588e2d9b748b07b321b05f6e106a4b3a60a28659a09dc2da41fae2290
features/sw_update/docs/upstream/49_canon_rg28.md	58	R-G28	AMBIGUOUS	NO_KW	| `docs/fw036/FEATURE_ONBOARDING.md` | **1**（`R-G28`） |
features/sw_update/docs/upstream/49_canon_rg28.md	80	R-G28	AMBIGUOUS	NO_KW	| §0 bullet（行 21–32）＋ §9.2 R-G28（行 1065–1115） | **16** | 16（use 11／mention 5） | **0** |
features/sw_update/docs/upstream/49_canon_rg28.md	82	R-G18	FO	CONTEXT_KW	> **R-G18 之「waiver 只減不增」成立：本變更未新增任何 unresolved 或 ambiguous 引用。**
features/sw_update/docs/upstream/49_canon_rg28.md	89	R-G28	AMBIGUOUS	NO_KW	**結論：`R-G28` 不應登錄 `GATES.tsv`。**
features/sw_update/docs/upstream/49_canon_rg28.md	99	R-G17	AMBIGUOUS	NO_KW	**全簿 46 列無一為人工項** —— R-G17 之條文亦明言其登錄對象為「每支 **lint 閘**」。
features/sw_update/docs/upstream/49_canon_rg28.md	101	R-G28	AMBIGUOUS	NO_KW	**R-G28 為 intake 階段之人工程序，無對應機檢**，故：
features/sw_update/docs/upstream/49_canon_rg28.md	105	R-G21	FO	CONTEXT_KW	- **其人力承擔之正確落點為 `IN §9` 自查表之「人工項」**（R-G21）——
features/sw_update/docs/upstream/49_canon_rg28.md	114	R-G28	AMBIGUOUS	NO_KW	| `ANCHOR_POOL.md` 附記 | **措辭已相符**（其已載「號段內不等於語料內」「三機制對其無效」「本池覆蓋止於文字層／R-G8」）；**加註追認 R-G28 為其升格後之條文** |
features/sw_update/docs/upstream/49_canon_rg28.md	115	R-G28	AMBIGUOUS	NO_KW	| `REASONING.md` 之 intake 規範 | **改為引用而非重述** —— 原「由圖找列」條文段改寫為指向 `FO §9.2 R-G28`，並列其於本 feature 之實施記錄（上繳包 46、47 §1.3） |
features/sw_update/docs/upstream/49_canon_rg28.md	126	R-G28	FO	CONTEXT_KW	docs(fw036): land handoff 55 and the R-G28 canon change (CFTS embedded objects checked per feature)
features/sw_update/docs/upstream/49_canon_rg28.md	144	R-G28	AMBIGUOUS	NO_KW	"git commit -m ""docs(fw036): regenerate RULINGS.sha.tsv after R-G28 (no existing sha changed)"" \"
features/sw_update/docs/upstream/49_canon_rg28.md	157	R-G28	AMBIGUOUS	NO_KW	**答：不可區辨，而這一點本身就是 R-G28 那句話存在的理由 —— 它現在正好證明了自己。**
features/sw_update/docs/upstream/49_canon_rg28.md	159	R-G28	AMBIGUOUS	NO_KW	**(甲) 事實**：R-G28 令「查無者亦須記明已查」，**其立意正是使「沒查」與「查了沒有」分開**。
features/sw_update/docs/upstream/49_canon_rg28.md	184	R-G28	FO	CONTEXT_KW	R-G28 現在把那件事變成義務，**而它變成義務之前，我已經漏了兩天**（上繳包 46 §6(戊)）。
features/sw_update/docs/upstream/49_canon_rg28.md	194	R-G28	AMBIGUOUS	NO_KW	| 2 | **`R-G28` 是否登錄 `IN §9` 自查表為人工項**（R-G21）—— canon 編輯，Tier 2 | 4 |
features/sw_update/docs/upstream/49_canon_rg28.md	194	R-G21	FO	CONTEXT_KW	| 2 | **`R-G28` 是否登錄 `IN §9` 自查表為人工項**（R-G21）—— canon 編輯，Tier 2 | 4 |
features/sw_update/feature.yaml	128	R-G15	AMBIGUOUS	NO_KW	# T4' 綁定掃描結果（R-G15／R-DM37：其變動會使既有產出失效者一律綁定）
features/sw_update/scripts/gen_batch01.py	33	R-G25	AMBIGUOUS	NO_KW	`AH`（remarks）未寫。輸出落 `sandbox/batch01/`（R-G25），`inputs/` 之母本一字不動。
features/sw_update/scripts/gen_pilot.py	26	R-G25	AMBIGUOUS	NO_KW	**本檔為 lint 之受檢物，不是交付本**：輸出落 `sandbox/pilot01/`（R-G25），
features/sw_update/scripts/gen_pilot.py	180	R-G25	AMBIGUOUS	NO_KW	"print(f""- 輸出：`sandbox/{TAG}/…_ext.xlsx`（R-G25）｜母本未動\n"")"
features/sxm/scripts/make_batch_context.py	617	R-G19	FO	CONTEXT_KW	# --- R-G19：prompt／exemplar 指紋（26 包 §D-5）------------------------------
features/sxm/scripts/make_batch_context.py	620	R-G19	FO	CONTEXT_KW	"""""""本批實際使用之 prompt 模板與 exemplar 集之 sha（R-G19@`bd206972`）。"
features/time_management/ANOMALIES.md	1814	R-G19	AMBIGUOUS	NO_KW	A-TM30（OPEN，Tier 2 —— 跨 feature，已由 R-G19-3 承接）
features/time_management/ANOMALIES.md	1827	R-G19	AMBIGUOUS	NO_KW	本條之**建議仍成立且已升格**：R-G19-3 明訂基準 SHA 須對宣告路徑實測、
features/time_management/ANOMALIES.md	1861	R-G19	AMBIGUOUS	NO_KW	而沒有任何既有閘門以「與 repo 外之送審件一致」為判準。R-G19-4 補上了
features/time_management/BACKLOG.md	3	R-G29	LEDGER	CONTEXT_KW	依 **R-G29**（未驗項分流：交付正確性 vs 鷹架品質）。
features/time_management/RULINGS.md	3216	R-G19	AMBIGUOUS	NO_KW	任何變更依 R-G19-4 先裁後動。
features/time_management/RULINGS.md	3224	R-G19	AMBIGUOUS	NO_KW	F/G/I 各 59 處，**其餘欄全分頁零變更**（R-G19-4 驗收判準）。
features/time_management/docs/handoff/27_wtm26_return.md	194	R-G19	AMBIGUOUS	NO_KW	部分更正（建議仍成立，已由 R-G19-3 承接）。
features/time_management/docs/handoff/28_wtm26a1_testitem.md	142	R-G19	AMBIGUOUS	NO_KW	任何變更依 R-G19-4 先裁後動。
features/time_management/docs/handoff/28_wtm26a1_testitem.md	164	R-G19	AMBIGUOUS	NO_KW	- 驗收（R-G19-4）：F/G 各 59 處、I 欄 59 處（T1），其餘欄零變更
features/time_management/docs/handoff/29_global_writeback.md	1	R-G19	LEDGER	CONTEXT_KW	# 29 — R-G19：寫回作業規定全專案化（rev A, 2026-08-25）
features/time_management/docs/handoff/29_global_writeback.md	13	R-G19	LEDGER	CONTEXT_KW	R-G19（Pei, 2026-08-25）—— 寫回作業規定全專案化
features/time_management/docs/handoff/29_global_writeback.md	46	R-G19	AMBIGUOUS	NO_KW	1. `docs/fw036/RULINGS_LEDGER.md` —— 已由分析層追加 R-G19 條目
features/time_management/docs/handoff/29_global_writeback.md	50	R-G19	AMBIGUOUS	NO_KW	3. 各在辦 feature 之 PLAYBOOK 或 profile 加一行「寫回依 R-G19」：
features/time_management/docs/handoff/29_global_writeback.md	54	R-G19	AMBIGUOUS	NO_KW	2026-08-13 執行層草擬、待 Pei 簽）之關係：R-G19 第 6 項重申其
features/time_management/docs/handoff/30_wtm26a1_return.md	7	R-G19	AMBIGUOUS	NO_KW	輸出：`output/…_SWQT_20260825-A1.xlsx`（`--out`，R-G19-2）
features/time_management/docs/handoff/30_wtm26a1_return.md	9	R-G19	AMBIGUOUS	NO_KW	dry-run 先行（R-G19-1）：已執行，tc_id 起訖與 test_group 於 dry-run 即確認。
features/time_management/docs/handoff/30_wtm26a1_return.md	25	R-G19	AMBIGUOUS	NO_KW	## §2 驗收 —— 全欄逐列 diff（R-G19-4）
features/time_management/docs/handoff/30_wtm26a1_return.md	79	R-G19	AMBIGUOUS	NO_KW	仍成立且已由 R-G19-3 承接。
features/user_profiles/ANOMALIES.md	477	R-G12	AMBIGUOUS	NO_KW	**兩次皆非疏忽，是該作法本身會產生此結果**（R-G12 之立條理由）。
features/user_profiles/ANOMALIES.md	483	R-G12	FO	CONTEXT_KW	**再犯之防線**：**R-G12**（git commit 一律帶 pathspec），已升全域並寫入
features/user_profiles/RULINGS.md	1003	R-G12	AMBIGUOUS	NO_KW	### 全域條文（R-G12，於本包首次落檔）
features/user_profiles/RULINGS.md	1006	R-G12	FO	CONTEXT_KW	R-G12 git commit 一律帶 pathspec（全域，Pei 2026-08-18 裁定升格）
features/user_profiles/RULINGS.md	1022	R-G12	AMBIGUOUS	NO_KW	- **R-G12**：已寫入 `docs/fw036/FEATURE_ONBOARDING.md` 之**全域條文段**，
features/user_profiles/docs/INDEX.md	26	R-G12	AMBIGUOUS	NO_KW	| 14＋15 | 2026-08-18 | **pilot 覆核之修正（D-1～D-5／S-1／N-1～N-3）＋ `052f67d` 處置** | [handoff/14_pilot_review.md](handoff/14_pilot_review.md)＋[15_commit_disposition.md](handoff/15_commit_disposition.md) | [ups
features/user_profiles/docs/INDEX.md	61	R-G12	AMBIGUOUS	NO_KW	| 53 | 2026-08-19 | **close-out：ENTRY 002 ＋ 全域同步（最後一個作業輪次）** | [handoff/53_closeout.md](handoff/53_closeout.md) | [upstream/53_closeout.md](upstream/53_closeout.md) ＋ [53_review_pack_33a](upstream/53_
features/user_profiles/docs/INDEX.md	123	R-G12	AMBIGUOUS	NO_KW	- **canon 同步**：`FEATURE_ONBOARDING.md` **§9** —— R-G1～R-G12 ＋ G-A～G-M，
features/user_profiles/docs/INDEX.md	1218	R-G12	FO	CONTEXT_KW	- **15 包**：R-U55（案 1，不動歷史）、**R-G12 升 canon** §9.2（同時補列 R-G10／R-G11）；
features/user_profiles/docs/INDEX.md	1220	R-G12	FO	CONTEXT_KW	待執行之 git 清單依 R-G12 全部帶 pathspec，**canon 與 feature 分兩次 commit**。
features/user_profiles/docs/handoff/15_commit_disposition.md	21	R-G12	FO	CONTEXT_KW	R-G12 git commit 一律帶 pathspec（全域，Pei 2026-08-18 裁定升格）
features/user_profiles/docs/handoff/15_commit_disposition.md	33	R-G12	AMBIGUOUS	NO_KW	**本包產生之新條文清單（自檢）**：R-U55 ✓　R-G12 ✓（皆以區塊形式出現）
features/user_profiles/docs/handoff/15_commit_disposition.md	37	R-G12	AMBIGUOUS	NO_KW	1. **條文入庫** — R-U55、R-G12 逐字追加；R-G12 併全域段。
features/user_profiles/docs/handoff/15_commit_disposition.md	37	R-G12	AMBIGUOUS	NO_KW	1. **條文入庫** — R-U55、R-G12 逐字追加；R-G12 併全域段。
features/user_profiles/docs/handoff/15_commit_disposition.md	41	R-G12	FO	CONTEXT_KW	2. **待執行之 git 指令清單** — 依 R-G12 重寫（全部帶 pathspec），
features/user_profiles/docs/handoff/15_commit_disposition.md	45	R-G12	AMBIGUOUS	NO_KW	3. **R-G12 之跨 feature 通知** — 於 `docs/fw036/FEATURE_ONBOARDING.md`
features/user_profiles/docs/handoff/15_commit_disposition.md	46	R-G12	AMBIGUOUS	NO_KW	之全域條文段寫入 R-G12，使其他 session 讀得到。
features/user_profiles/docs/handoff/16_pilot_review2.md	87	R-G12	AMBIGUOUS	NO_KW	- 任何 git 操作（R-G5／R-G12）
features/user_profiles/docs/handoff/17_batch01.md	88	R-G12	AMBIGUOUS	NO_KW	- 任何 git 操作（R-G5／R-G12）
features/user_profiles/docs/handoff/18_provenance2.md	83	R-G12	AMBIGUOUS	NO_KW	- 任何 git 操作（R-G5／R-G12）
features/user_profiles/docs/handoff/19_batch02.md	100	R-G12	AMBIGUOUS	NO_KW	- 任何 git 操作（R-G5／R-G12）
features/user_profiles/docs/handoff/20_batch01_review.md	103	R-G12	AMBIGUOUS	NO_KW	- 任何 git 操作（R-G5／R-G12）
features/user_profiles/docs/handoff/20_batch03.md	105	R-G12	AMBIGUOUS	NO_KW	- 任何 git 操作（R-G5／R-G12）
features/user_profiles/docs/handoff/21_consistency.md	102	R-G12	AMBIGUOUS	NO_KW	- 任何 git 操作（R-G5／R-G12）；`378cce5` 由 Pei 執行，已確認
features/user_profiles/docs/handoff/22_review_fixes.md	96	R-G12	AMBIGUOUS	NO_KW	- 任何 git 操作（R-G5／R-G12）
features/user_profiles/docs/handoff/23_delegation.md	88	R-G12	AMBIGUOUS	NO_KW	- 任何寫入性 git（R-G5／R-G12）
features/user_profiles/docs/handoff/24_review_close.md	92	R-G12	AMBIGUOUS	NO_KW	- 任何寫入性 git（R-G5／R-G12）
features/user_profiles/docs/handoff/25_batch03_sample.md	90	R-G12	AMBIGUOUS	NO_KW	- 任何寫入性 git（R-G5／R-G12）
features/user_profiles/docs/handoff/26_scope.md	81	R-G12	AMBIGUOUS	NO_KW	- 任何寫入性 git（R-G5／R-G12）
features/user_profiles/docs/handoff/27_rd_review.md	73	R-G12	AMBIGUOUS	NO_KW	- 任何寫入性 git（R-G5／R-G12）
features/user_profiles/docs/handoff/28_batch03_go.md	91	R-G12	AMBIGUOUS	NO_KW	- 任何寫入性 git（R-G5／R-G12）
features/user_profiles/docs/handoff/29_pack_and_sample.md	75	R-G12	AMBIGUOUS	NO_KW	- 任何寫入性 git（R-G5／R-G12）
features/user_profiles/docs/handoff/30_review_batch03.md	60	R-G12	AMBIGUOUS	NO_KW	- 任何寫入性 git（R-G5／R-G12）
features/user_profiles/docs/handoff/31_review_batch03b.md	75	R-G12	AMBIGUOUS	NO_KW	- 任何寫入性 git（R-G5／R-G12）
features/user_profiles/docs/handoff/32_review_batch03c.md	66	R-G12	AMBIGUOUS	NO_KW	- 任何寫入性 git（R-G5／R-G12）
features/user_profiles/docs/handoff/33_review_close3.md	65	R-G12	AMBIGUOUS	NO_KW	- 任何寫入性 git（R-G5／R-G12）
features/user_profiles/docs/handoff/34_batch04_go.md	80	R-G12	AMBIGUOUS	NO_KW	- 任何寫入性 git（R-G5／R-G12）
features/user_profiles/docs/handoff/35_review_batch04.md	78	R-G12	AMBIGUOUS	NO_KW	- 任何寫入性 git（R-G5／R-G12）
features/user_profiles/docs/handoff/36_review_batch04b.md	77	R-G12	AMBIGUOUS	NO_KW	- 任何寫入性 git（R-G5／R-G12）
features/user_profiles/docs/handoff/37_j15_and_assignment.md	72	R-G12	AMBIGUOUS	NO_KW	- 任何寫入性 git（R-G5／R-G12）
features/user_profiles/docs/handoff/38_batch05_sample.md	72	R-G12	AMBIGUOUS	NO_KW	- 任何寫入性 git（R-G5／R-G12）
features/user_profiles/docs/handoff/39_rd_disposition.md	60	R-G12	AMBIGUOUS	NO_KW	- 任何寫入性 git（R-G5／R-G12）
features/user_profiles/docs/handoff/40_parallel.md	77	R-G12	AMBIGUOUS	NO_KW	- 任何寫入性 git（R-G5／R-G12）
features/user_profiles/docs/handoff/41_batch06.md	76	R-G12	AMBIGUOUS	NO_KW	- 任何寫入性 git（R-G5／R-G12）
features/user_profiles/docs/handoff/42_writeback.md	77	R-G12	AMBIGUOUS	NO_KW	- 任何寫入性 git（R-G5／R-G12）
features/user_profiles/docs/handoff/43_yaml_and_dryrun.md	69	R-G12	AMBIGUOUS	NO_KW	- 任何寫入性 git（R-G5／R-G12）
features/user_profiles/docs/handoff/44_pack_refresh.md	75	R-G12	AMBIGUOUS	NO_KW	- 任何寫入性 git（R-G5／R-G12）
features/user_profiles/docs/handoff/45_fingerprints.md	86	R-G12	AMBIGUOUS	NO_KW	- 任何寫入性 git（R-G5／R-G12）
features/user_profiles/docs/handoff/46_review_note.md	57	R-G12	AMBIGUOUS	NO_KW	- 任何寫入性 git（R-G5／R-G12）
features/user_profiles/docs/handoff/47_review_batch06b.md	60	R-G12	AMBIGUOUS	NO_KW	- 任何寫入性 git（R-G5／R-G12）
features/user_profiles/docs/handoff/48_delivery_build.md	65	R-G12	AMBIGUOUS	NO_KW	- 任何寫入性 git（R-G5／R-G12）
features/user_profiles/docs/handoff/49_remarks_scope.md	72	R-G12	AMBIGUOUS	NO_KW	- 任何寫入性 git（R-G5／R-G12）
features/user_profiles/docs/handoff/50_review_near_close.md	61	R-G12	AMBIGUOUS	NO_KW	- 任何寫入性 git（R-G5／R-G12）
features/user_profiles/docs/handoff/51_remarks_classification.md	83	R-G12	AMBIGUOUS	NO_KW	- 任何寫入性 git（R-G5／R-G12）
features/user_profiles/docs/handoff/52_upstream_materials.md	105	R-G12	AMBIGUOUS	NO_KW	- 任何寫入性 git（R-G5／R-G12）
features/user_profiles/docs/handoff/53_closeout.md	53	R-G12	AMBIGUOUS	NO_KW	本 feature 產出 **R-G1～R-G12 十二條全域條文** 與 **G-A～G-K 十一項常規**，
features/user_profiles/docs/handoff/53_closeout.md	94	R-G12	AMBIGUOUS	NO_KW	- 任何寫入性 git（R-G5／R-G12）—— 備完整指令清單供 Pei 執行
features/user_profiles/docs/upstream/14_pilot_fixes.md	5	R-G12	AMBIGUOUS	NO_KW	`15_commit_disposition.md`（R-U55、R-G12）
features/user_profiles/docs/upstream/14_pilot_fixes.md	290	R-G12	AMBIGUOUS	NO_KW	## 6. 15 包 —— `052f67d` 之處置與 R-G12
features/user_profiles/docs/upstream/14_pilot_fixes.md	295	R-G12	AMBIGUOUS	NO_KW	**R-G12 逐字**（全域條文，另立小節）。自檢：本包列 2 條，入庫 2 條，**餘數 0**。
features/user_profiles/docs/upstream/14_pilot_fixes.md	308	R-G12	AMBIGUOUS	NO_KW	末段並記：**本項不因 R-G12 之防線改記 RESOLVED** —— 防線防的是下一次。
features/user_profiles/docs/upstream/14_pilot_fixes.md	310	R-G12	AMBIGUOUS	NO_KW	### 6.3 R-G12 之跨 feature 通知
features/user_profiles/docs/upstream/14_pilot_fixes.md	313	R-G12	AMBIGUOUS	NO_KW	（標題由「R-G1～R-G9」改為「R-G1～R-G12」；同時補入先前已裁而未升表之
features/user_profiles/docs/upstream/14_pilot_fixes.md	343	R-G12	FO	CONTEXT_KW	## 9. 待執行之 git 指令清單 —— **依 R-G12 全部帶 pathspec**（15 包作業 2）
features/user_profiles/docs/upstream/14_pilot_fixes.md	348	R-G12	FO	CONTEXT_KW	# 1) 加入索引 —— 一律帶明確路徑，不用 `git add .` / `-A`（R-G12）
features/user_profiles/docs/upstream/14_pilot_fixes.md	364	R-G12	FO	CONTEXT_KW	# 2) 提交 —— **一律帶 pathspec**（R-G12）；分兩次，因兩者歸屬不同
features/user_profiles/docs/upstream/14_pilot_fixes.md	389	R-G12	AMBIGUOUS	NO_KW	| 8 | 檔案追加 | `RULINGS.md`（R-U55／R-G12 逐字＋回報）、`ANOMALIES.md`（**A-UP10 ACCEPTED** ＋檔頭定義）| 否 |
features/user_profiles/docs/upstream/14_pilot_fixes.md	390	R-G12	AMBIGUOUS	NO_KW	| 9 | **檔案編輯（canon）** | `docs/fw036/FEATURE_ONBOARDING.md` §9.2（**R-G12 升格**，並補列先前已裁之 R-G10／R-G11）| 否 |
features/user_profiles/docs/upstream/16_pilot_review2.md	5	R-G12	AMBIGUOUS	NO_KW	- **本輪未執行任何 git**（R-G5／R-G12）；**未寫回工作簿**（R-U14）
features/user_profiles/docs/upstream/16_pilot_review2.md	325	R-G12	AMBIGUOUS	NO_KW	### 8.1 待 Pei 之 git 指令清單（依 R-G12，**未執行**）
features/user_profiles/docs/upstream/17_batch01.md	6	R-G12	AMBIGUOUS	NO_KW	- **本輪未執行任何 git**（R-G5／R-G12）；**未寫回工作簿**（R-U14）
features/user_profiles/docs/upstream/21_consistency.md	244	R-G12	AMBIGUOUS	NO_KW	若分析層認為 R-G5／R-G12 之「不執行 git」及於唯讀指令，請於下包明示，
features/user_profiles/docs/upstream/53_closeout.md	14	R-G12	AMBIGUOUS	NO_KW	| §四 close-out | 4.1 canon 同步（**R-G1～R-G12 ＋ G-A～G-M** 寫入全域段）／4.2 G-L／4.3 **具名缺口**／4.4 G-M／4.5 狀態板與索引 —— **五項全做** |
features/user_profiles/docs/upstream/53_closeout.md	144	R-G12	AMBIGUOUS	NO_KW	### 4.1 canon 同步：**R-G1～R-G12 ＋ G-A～G-M 寫入全域段**
features/user_profiles/docs/upstream/53_closeout.md	148	R-G12	AMBIGUOUS	NO_KW	- **§9.1** R-G1 ～ R-G12 逐條一句話 ＋ 來源輪次
features/user_profiles/docs/upstream/53_closeout.md	245	R-G12	FO	CONTEXT_KW	# 2) commit（R-G12：一律帶 pathspec）
features/user_profiles/docs/upstream/53_closeout.md	264	R-G12	AMBIGUOUS	NO_KW	- canon sync: R-G1..R-G12 and G-A..G-M written into FEATURE_ONBOARDING §9
features/vehicle_category/RULINGS.md	8	R-G23	AMBIGUOUS	NO_KW	Q1 甲／Q2 准／Q3 甲／Q4 准）。抄錄逐字，不改寫、不合併、不為欄寬而縮寫（R-G23）。
features/vehicle_category/RULINGS.md	300	R-G15	LEDGER	CONTEXT_KW	執行層推定第七項為下放包全文並依 R-G15 判準排除 —— 推定過程正確，
features/vehicle_category/RULINGS.md	306	R-G15	AMBIGUOUS	NO_KW	本 feature 之產出不觸及該四檔，不符 R-G15「其變動會使既有產出失效」
features/vehicle_category/docs/handoff/01_intake_recon.md	32	R-G23	AMBIGUOUS	NO_KW	> 抄錄時逐字，不改寫、不合併、不為欄寬而縮寫（R-G23）。抄畢於上繳包附逐條核對結果。
features/vehicle_category/docs/handoff/01_intake_recon.md	307	R-G15	LEDGER	CONTEXT_KW	| T9 | 依 §八之草案填 `feature.yaml`。`reference:` 節須綁定：三份素材 + 036 母本 + `forms/HMI Settings List R1 SR25 Post R1L-R (Feb 13 2026).xlsx` + `forms/Pop Up List HMI R1 (26PI).xlsx`，逐項記 SHA256（R-G15 / R-DM37 判準：其
features/vehicle_category/docs/handoff/02_rulings.md	81	R-G23	AMBIGUOUS	NO_KW	> 逐字，不改寫、不合併、不為欄寬而縮寫（R-G23）。抄畢附逐條核對結果。
features/vehicle_category/docs/handoff/02_rulings.md	219	R-G15	LEDGER	CONTEXT_KW	執行層推定第七項為下放包全文並依 R-G15 判準排除 —— 推定過程正確，
features/vehicle_category/docs/handoff/02_rulings.md	225	R-G15	AMBIGUOUS	NO_KW	本 feature 之產出不觸及該四檔，不符 R-G15「其變動會使既有產出失效」
features/vehicle_category/docs/handoff/03_rulings.md	47	R-G23	AMBIGUOUS	NO_KW	> 逐字，不改寫、不合併、不為欄寬而縮寫（R-G23）。抄畢附 byte-level diff。
features/vehicle_category/docs/upstream/01_intake_recon.md	517	R-G15	LEDGER	CONTEXT_KW	不符 R-G15／R-DM37 之判準）。若 Pei 認為應納入，一行即可補。
features/vehicle_category/feature.yaml	109	R-G15	LEDGER	CONTEXT_KW	# R-G15 / R-DM37 判準：其變動會使既有產出失效者一律綁定。
features/vehicle_category/feature.yaml	139	R-G15	AMBIGUOUS	NO_KW	# 本 feature 之產出不觸及該四檔，不符 R-G15「其變動會使既有產出失效」之判準。
features/vehicle_category/feature.yaml	144	R-G15	LEDGER	CONTEXT_KW	# 執行層曾推定第七項為下放包全文並依 R-G15 排除 —— 推定過程正確，
features/vehicle_setting/BACKLOG.md	3	R-G29	LEDGER	CONTEXT_KW	依 **R-G29**（未驗項分流：交付正確性 vs 鷹架品質）建立於 2026-08-25
features/vehicle_setting/RULINGS.md	1488	R-G22	FO	CONTEXT_KW	> **本但書使本條之 sha 改變**（R-G22@`bca29f8f`：條文之任何字元變動皆變更其 sha）。
features/vehicle_setting/RULINGS.md	1506	R-G22	FO	CONTEXT_KW	> **本但書使本條之 sha 再度改變**（R-G22：條文之任何字元變動皆變更其 sha）。
features/vehicle_setting/RULINGS.md	5307	R-G13	AMBIGUOUS	NO_KW	> 同 R-G13／R-G21 之處置。`canon_refs` 之該筆 ambiguous **暫留不抑制**：
features/vehicle_setting/RULINGS.md	5307	R-G21	LEDGER	CONTEXT_KW	> 同 R-G13／R-G21 之處置。`canon_refs` 之該筆 ambiguous **暫留不抑制**：
features/vehicle_setting/RULINGS.md	7128	R-G14	FO	CONTEXT_KW	## 主線 —— 25 包（W-P2；R-G14 綠色通道之生效起點）
features/vehicle_setting/RULINGS.md	7133	R-G14	FO	CONTEXT_KW	### R-VS82 —— R-G14 綠色通道於本 feature 之生效起點（25 包 §C 裁定 D，**Pei 裁定 2026-08-24**）
features/vehicle_setting/RULINGS.md	7137	R-G14	FO	CONTEXT_KW	R-G14 綠色通道於 vehicle_setting 量產線生效，自本裁定後之**下一量產批**
features/vehicle_setting/RULINGS.md	7142	R-G14	AMBIGUOUS	NO_KW	一律照 FO §9.2 之 R-G14 原文，本條不另訂。
features/vehicle_setting/RULINGS.md	7147	R-G14	AMBIGUOUS	NO_KW	> **本條為 feature-scoped，不改 R-G14 之條文本體** —— 故 R-G14 之
features/vehicle_setting/RULINGS.md	7147	R-G14	AMBIGUOUS	NO_KW	> **本條為 feature-scoped，不改 R-G14 之條文本體** —— 故 R-G14 之
features/vehicle_setting/RULINGS.md	7149	R-G14	AMBIGUOUS	NO_KW	> （其擬將生效起點作為 R-G14 錨點段內之小節，R-G14 之 sha 因而會變）；
features/vehicle_setting/RULINGS.md	7149	R-G14	AMBIGUOUS	NO_KW	> （其擬將生效起點作為 R-G14 錨點段內之小節，R-G14 之 sha 因而會變）；
features/vehicle_setting/RULINGS.md	7181	R-G23	FO	CONTEXT_KW	> **取號說明（R-G23′，Pei 裁定 2026-08-24）**：本條之號以**落檔當下 live 取號**
features/vehicle_setting/docs/handoff/V33_number_hygiene_wvf71.md	16	R-G23	FO	CONTEXT_KW	4. **R-G23′（擴充，Pei 裁定）**：單一來源之範圍由全域線擴至**每條線** ——
features/vehicle_setting/docs/handoff/V33_number_hygiene_wvf71.md	58	R-G22	FO	CONTEXT_KW	- L4666／L4744 所在條文因引用改指而文字變動 —— 依 R-G22@`bca29f8f`
features/vehicle_setting/docs/handoff/V33_number_hygiene_wvf71.md	86	R-G13	AMBIGUOUS	NO_KW	本包上繳之 R-G13 引用表中，VS 條文之 sha 欄一律標 **`tsv-pending`**；
features/vehicle_setting/docs/handoff/V33_number_hygiene_wvf71.md	129	R-G13	AMBIGUOUS	NO_KW	23 包 §G 全項＋R-G13 引用表（全域條文帶 sha：R-G5@`9814d24c`、
features/vehicle_setting/docs/handoff/V33_number_hygiene_wvf71.md	130	R-G13	AMBIGUOUS	NO_KW	R-G13@`abdc56e3`、R-G18@`8f61f9fd`、R-G22@`bca29f8f`；VS 條文標
features/vehicle_setting/docs/handoff/V33_number_hygiene_wvf71.md	130	R-G18	AMBIGUOUS	NO_KW	R-G13@`abdc56e3`、R-G18@`8f61f9fd`、R-G22@`bca29f8f`；VS 條文標
features/vehicle_setting/docs/handoff/V33_number_hygiene_wvf71.md	130	R-G22	FO	CONTEXT_KW	R-G13@`abdc56e3`、R-G18@`8f61f9fd`、R-G22@`bca29f8f`；VS 條文標
features/vehicle_setting/docs/handoff/V33_number_hygiene_wvf71.md	136	R-G23	AMBIGUOUS	NO_KW	- [x] R-G23′ 擴充（Pei 裁定）— §裁定記錄 4，FO 落點待補
features/vehicle_setting/docs/handoff/V33_number_hygiene_wvf71.md	141	R-G13	AMBIGUOUS	NO_KW	本包引用：R-G5、R-G13、R-G18、R-G22、R-G23、R-VF18、R-VF91、R-VF92、
features/vehicle_setting/docs/handoff/V33_number_hygiene_wvf71.md	141	R-G18	FO	CONTEXT_KW	本包引用：R-G5、R-G13、R-G18、R-G22、R-G23、R-VF18、R-VF91、R-VF92、
features/vehicle_setting/docs/handoff/V33_number_hygiene_wvf71.md	141	R-G22	AMBIGUOUS	NO_KW	本包引用：R-G5、R-G13、R-G18、R-G22、R-G23、R-VF18、R-VF91、R-VF92、
features/vehicle_setting/docs/handoff/V33_number_hygiene_wvf71.md	141	R-G23	AMBIGUOUS	NO_KW	本包引用：R-G5、R-G13、R-G18、R-G22、R-G23、R-VF18、R-VF91、R-VF92、
features/vehicle_setting/docs/handoff/V72_reorder_dispatch.md	17	R-G13	AMBIGUOUS	NO_KW	全文已落 `docs/fw036/RULINGS_LEDGER.md`（引用即據，R-G13）。
features/vehicle_setting/docs/handoff/V73_u72_review.md	69	R-G29	LEDGER	CONTEXT_KW	## 5. 未驗項分流（R-G29）
features/vehicle_setting/docs/upstream/U73_v73_landed.md	100	R-G29	LEDGER	CONTEXT_KW	## 四、`BACKLOG.md` —— 新建（V73 §5 之分流，R-G29）
features/vehicle_setting/docs/upstream/U73_v73_landed.md	113	R-G29	AMBIGUOUS	NO_KW	**未結 DR 37 項亦未入** —— 其記於 `DATA_REQUESTS.md`（R-G29 之「已知而不入本檔者」）。
features/vehicle_setting/docs/upstream/U73_v73_landed.md	119	R-G29	LEDGER	CONTEXT_KW	**有，二項** —— **皆為 V73 §5 已分流者，本包不重複展開**（R-G29：
features/vehicle_setting/docs/upstream/V19a_pilot_collision_report.md	63	R-G12	FO	CONTEXT_KW	此即 R-G12 所防之形態，而這次的加害者是本 session。**請儘速處置。**
features/vehicle_setting/docs/upstream/V33_number_hygiene_wvf71.md	5	R-G23	AMBIGUOUS	NO_KW	> 本檔保留不刪（R-VF18、R-G23）；內文一字未改。
features/vehicle_setting/docs/upstream/V33_number_hygiene_wvf71.md	21	R-G13	AMBIGUOUS	NO_KW	## 一、R-G13 引用回報表（§G）
features/vehicle_setting/docs/upstream/V33_number_hygiene_wvf71.md	28	R-G13	AMBIGUOUS	NO_KW	| `R-G13` | `abdc56e3` | `abdc56e3` | **符** |
features/vehicle_setting/docs/upstream/V33_number_hygiene_wvf71.md	29	R-G18	AMBIGUOUS	NO_KW	| `R-G18` | `8f61f9fd` | `8f61f9fd` | **符** |
features/vehicle_setting/docs/upstream/V33_number_hygiene_wvf71.md	30	R-G22	AMBIGUOUS	NO_KW	| `R-G22` | `bca29f8f` | `bca29f8f` | **符** |
features/vehicle_setting/docs/upstream/V33_number_hygiene_wvf71.md	66	R-G23	FO	CONTEXT_KW	與 §E-1 預期相符。**依 R-G23′「落檔當下 live 取號，不得預先配號」**，
features/vehicle_setting/docs/upstream/V33_number_hygiene_wvf71.md	161	R-G18	FO	CONTEXT_KW	**未以重產 waiver 消解之**（§A 令 `docs/fw036/` 不碰，且重產屬「增」，違 R-G18）。
features/vehicle_setting/docs/upstream/V33_number_hygiene_wvf71.md	216	R-G23	AMBIGUOUS	NO_KW	**§C 已全數交付**（其為 R-G23′ 所生之編號整治，與改善案直接相關），
features/vehicle_setting/docs/upstream/V33_number_hygiene_wvf71.md	225	R-G13	FO	CONTEXT_KW	在 tsv 重產前，任何引用它的下放包只能以編號引用 —— **即 R-G13 生效前之狀態**。
features/vehicle_setting/docs/upstream/V33a_c_only.md	17	R-G13	AMBIGUOUS	NO_KW	## 一、R-G13 引用回報表
features/vehicle_setting/docs/upstream/V33a_c_only.md	24	R-G13	AMBIGUOUS	NO_KW	| `R-G13` | `abdc56e3` | `abdc56e3` | **符** |
features/vehicle_setting/docs/upstream/V33a_c_only.md	25	R-G18	AMBIGUOUS	NO_KW	| `R-G18` | `8f61f9fd` | `8f61f9fd` | **符** |
features/vehicle_setting/docs/upstream/V33a_c_only.md	26	R-G22	AMBIGUOUS	NO_KW	| `R-G22` | `bca29f8f` | `bca29f8f` | **符** |
features/vehicle_setting/docs/upstream/V33a_c_only.md	35	R-G23	FO	CONTEXT_KW	**取號時點為落檔前一刻**（R-G23′：落檔當下 live 取號，不得預先配號）：
features/vehicle_setting/docs/upstream/V33a_c_only.md	105	R-G22	FO	CONTEXT_KW	因引用改指而**文字變動**者二條，依 R-G22@`bca29f8f` 其 sha 將換發：
features/vehicle_setting/docs/upstream/V33a_c_only.md	169	R-G18	AMBIGUOUS	NO_KW	**未以重產 waiver 消解之** —— §A 令 `docs/fw036/` 不碰，且重產屬「增」，違 R-G18。
features/vehicle_setting/docs/upstream/V33a_c_only.md	204	R-G23	AMBIGUOUS	NO_KW	（R-VF18、R-G23 之處置：另一份標 [SUPERSEDED] 不刪）。
features/vehicle_setting/docs/upstream/V33a_c_only.md	212	R-G13	FO	CONTEXT_KW	即 R-G13 生效前之狀態。**VS 線於 V34 引用本條時須注意此點。**
features/vehicle_setting/reports/dr_draft_vssl.md	7	R-G13	LEDGER	CONTEXT_KW	本文面三節可整體轉寄，亦可拆節分寄。每節之「查無」皆依 R-G13 三要件
features/vehicle_setting/scripts/vf230_wvf68_selfcheck.py	118	R-G20	AMBIGUOUS	NO_KW	# 二處各寫一份則其分岔不會被任何檢查攔下（R-G20 之同一顧慮）。
features/vsm_v42/ANOMALIES.md	18	R-G24	AMBIGUOUS	NO_KW	投遞區存在（`drwxr-xr-x`，R-G24 路徑實在），**內含 0 files**。
features/vsm_v42/ANOMALIES.md	37	R-G27	FO	CONTEXT_KW	—— 其得作為 sha 比對之對照方，不得作為本線之原檔（R-G27「新 feature
features/vsm_v42/ANOMALIES.md	66	R-G23	FO	CONTEXT_KW	- **附註**：上繳 00 §8「A-VL2 起之號保留給該三項」**不承認** —— R-G23 為落檔當下 live 取號，
features/vsm_v42/ANOMALIES.md	81	R-G29	AMBIGUOUS	NO_KW	working 版相對 HEAD 多出 **16 個條號**：`R-G29`、`R-G42`、
features/vsm_v42/ANOMALIES.md	237	R-G28	FO	CONTEXT_KW	- **登記日**：2026-09-01（下放包 02 之 W-2，R-G28 檢查）
features/vsm_v42/ANOMALIES.md	244	R-G28	AMBIGUOUS	NO_KW	正是 R-G28 所指「圖中載有未見於 docx 之數值與流程」之型態。
features/vsm_v42/ANOMALIES.md	255	R-G28	AMBIGUOUS	NO_KW	P4 逐 TC 需驗因果方向時依圖判，圖為來源（R-G28 型），不臆測。**本條 RESOLVED。**
features/vsm_v42/RULINGS.md	3	R-G23	FO	CONTEXT_KW	Feature slug：`vsm_v42`。條號系列 **`R-VL`**（本線單一來源，R-G23 live 取號）。
features/vsm_v42/RULINGS.md	43	R-G13	AMBIGUOUS	BOTH_KW(1/1)	(b) 併採 PM 之三條（引用制 R-G13，執行層自 features/power/RULINGS.md 讀原文）：
features/vsm_v42/RULINGS.md	54	R-G14	LEDGER	CONTEXT_KW	段 3 查無者始得記「查無」並登 forms/LOOKUP_MISSES.md（R-G14）＋ ANOMALIES ＋ DR。
features/vsm_v42/RULINGS.md	109	R-G24	AMBIGUOUS	NO_KW	投遞區 _intake/Vehicle_Setup_VF665/（TitleCase；R-G24，已建妥並 list_directory 實測）。
features/vsm_v42/RULINGS.md	110	R-G27	FO	CONTEXT_KW	原檔落點 sources/raw/<doc_id>/，feature.yaml 以 doc_id 引用（R-G27；新 feature 不存
features/vsm_v42/RULINGS.md	217	R-G28	AMBIGUOUS	NO_KW	(e) Functional Diagram 之流向不於 P3 文字化；P4 逐 TC 需驗因果方向時依圖判，圖為來源（R-G28 型），不臆測。
features/vsm_v42/docs/INDEX.md	12	R-G15	FO	CONTEXT_KW	| 04 | `handoff/04_p3_framework.md` | `upstream/04_p3_framework.md` | 2026-09-02 | **P3：W-8～W-12**。R-VL15/16 落地（v3 就地更新 9 列）→ **E32 B-1 = 0、解得 99**；framework Layer 3 回填 **21/24**（3 家族未對映）；**E34 十組全相符（
features/vsm_v42/docs/handoff/00_intake_and_rulings.md	23	R-G13	FO	CONTEXT_KW	## 二、裁決引用（R-G13 引用制）
features/vsm_v42/docs/handoff/00_intake_and_rulings.md	36	R-G13	AMBIGUOUS	BOTH_KW(1/1)	引用之全域條文：R-G1（BLANK 模板）、R-G13／R-G14（引用制、LOOKUP_MISSES）、R-G23（取號）、
features/vsm_v42/docs/handoff/00_intake_and_rulings.md	36	R-G14	LEDGER	CONTEXT_KW	引用之全域條文：R-G1（BLANK 模板）、R-G13／R-G14（引用制、LOOKUP_MISSES）、R-G23（取號）、
features/vsm_v42/docs/handoff/00_intake_and_rulings.md	36	R-G23	FO	CONTEXT_KW	引用之全域條文：R-G1（BLANK 模板）、R-G13／R-G14（引用制、LOOKUP_MISSES）、R-G23（取號）、
features/vsm_v42/docs/handoff/00_intake_and_rulings.md	37	R-G24	FO	CONTEXT_KW	R-G24（路徑實在性）、R-G27（sources/）、R-G28（CFTS 嵌入物件檢查 —— 本線母件為 VF 非 CFTS，
features/vsm_v42/docs/handoff/00_intake_and_rulings.md	37	R-G27	FO	CONTEXT_KW	R-G24（路徑實在性）、R-G27（sources/）、R-G28（CFTS 嵌入物件檢查 —— 本線母件為 VF 非 CFTS，
features/vsm_v42/docs/handoff/00_intake_and_rulings.md	37	R-G28	FO	CONTEXT_KW	R-G24（路徑實在性）、R-G27（sources/）、R-G28（CFTS 嵌入物件檢查 —— 本線母件為 VF 非 CFTS，
features/vsm_v42/docs/handoff/00_intake_and_rulings.md	57	R-G24	AMBIGUOUS	NO_KW	## 四、Pei 之投遞動作（路徑已建妥並實測，R-G24）
features/vsm_v42/docs/handoff/00_intake_and_rulings.md	68	R-G27	AMBIGUOUS	NO_KW	"`feature.yaml`：`feature: ""Vehicle Setup Management R1 Low""`、`test_group` 同值（R-VL3）；`tc_id_prefix: ""NR1L-VSM42-""`（R-VL3；若模板無此鍵則新增並註明依據）；paths 改以 doc_id 引用（R-G27）。"
features/vsm_v42/docs/handoff/00_intake_and_rulings.md	71	R-G27	FO	CONTEXT_KW	依 R-G27：`sources/raw/<doc_id>/` 放原檔、`sources/extracted/<doc_id>/` 放抽取形、`sources/MANIFEST.tsv` 逐檔加列（doc_id／檔名／sha256／版本／features=`vsm_v42`；#5 若與 `vehicle_setting/inputs/` 同 sha 則 features 欄記 `vsm_v42,v
features/vsm_v42/docs/handoff/00_intake_and_rulings.md	73	R-G28	FO	CONTEXT_KW	R-G28：檢查 VF665 V42 docx 是否含嵌入物件（`word/embeddings/`、`word/media/`）；有者清點並出「由圖找列」表，無者記「已查、無」。
features/vsm_v42/docs/handoff/00_intake_and_rulings.md	117	R-G28	FO	CONTEXT_KW	3. R-G28 嵌入物件檢查結果
features/vsm_v42/docs/handoff/01_sources_recon.md	7	R-G27	FO	CONTEXT_KW	V42 規格 R6 docx、V42 SYSRA、兩份 037、SYSAD。W-2 以此為來源落 `sources/raw/`（R-G27），落完後 `inputs/` 清空（該目錄 gitignored），不得保留副本。
features/vsm_v42/docs/handoff/01_sources_recon.md	19	R-G23	FO	CONTEXT_KW	| 三項候選 anomaly 未先登 | 對；惟「A-VL2 起保留」不承認，見 A-VL2 附註（R-G23 live 取號） |
features/vsm_v42/docs/handoff/01_sources_recon.md	28	R-G13	FO	CONTEXT_KW	## 二、裁決引用（R-G13）
features/vsm_v42/docs/handoff/01_sources_recon.md	45	R-G28	FO	CONTEXT_KW	- R-G28：對 #1 docx 之 `word/embeddings/`、`word/media/` 清點。
features/vsm_v42/docs/handoff/01_sources_recon.md	54	R-G14	LEDGER	CONTEXT_KW	`forms/LOOKUP_MISSES.md` 只登段 3 實查後之「查無」（R-G14）。
features/vsm_v42/docs/handoff/02_sources_recon.md	44	R-G27	FO	CONTEXT_KW	- `extract_source.py` 對 #1 docx 不支援（A-VT7）、對 SYSRA 之 §F-6 誤報型（A-VT8）為已知：docx 依 R-G27 自 raw 直讀 `word/document.xml`；SYSRA 若同樣觸 §F-6 則記其儲存格座標、不改腳本、計數自 raw 直讀。
features/vsm_v42/docs/handoff/02_sources_recon.md	45	R-G28	AMBIGUOUS	NO_KW	- R-G28：#1 docx zip members 與 `word/media/` 清點。
features/vsm_v42/docs/handoff/02_sources_recon.md	54	R-G13	LEDGER	CONTEXT_KW	- 結果標籤：段 1 擴充比對未做者不得記「查無」，記「未解得(止於段1)」；「查無(R-G13)」只在三要件皆滿足且已登 `forms/LOOKUP_MISSES.md` 時用。
features/vsm_v42/docs/handoff/03_signal_atlantis.md	43	R-G13	LEDGER	CONTEXT_KW	5. 結果值域：`段3待ATL-Mi DBC | 未解得(止於段1) | 未解得(止於段2) | 訊息名不符(R-13) | B-1 衝突 | UI路徑(R-P375b) | PROXI路徑(R-P375b/c) | UI+PROXI 雙路徑 | 查無(R-G13)`。
features/vsm_v42/docs/upstream/00_intake_recon.md	9	R-G27	FO	CONTEXT_KW	| 改對了 | W-1 全部：`new_feature.py --adopt-existing` 執行、`feature.yaml` 依 R-VL3／R-G27 填寫 |
features/vsm_v42/docs/upstream/00_intake_recon.md	57	R-G27	FO	CONTEXT_KW	| `sources.*` | 五個 doc_id | R-G27 |
features/vsm_v42/docs/upstream/00_intake_recon.md	58	R-G27	FO	CONTEXT_KW	| `paths.*` | `../../sources/raw/<doc_id>/…` 相對 glob | R-G27（feature 端不存原檔副本） |
features/vsm_v42/docs/upstream/00_intake_recon.md	99	R-G27	FO	CONTEXT_KW	該檔**未被取用為本線之代品**（R-G27：新 feature 一律走 `sources/`）。
features/vsm_v42/docs/upstream/00_intake_recon.md	104	R-G28	FO	CONTEXT_KW	## 3. R-G28 嵌入物件檢查結果
features/vsm_v42/docs/upstream/00_intake_recon.md	110	R-G28	AMBIGUOUS	NO_KW	其 `word/media/` 本不存在，查了亦為假陰）。R-G28 之「查無亦須記明」須以原檔為之，
features/vsm_v42/docs/upstream/00_intake_recon.md	181	R-G14	AMBIGUOUS	NO_KW	`forms/LOOKUP_MISSES.md` **未新增任何列**（R-G14 之登錄前提為段 3 實查，本包未查）。
features/vsm_v42/docs/upstream/00_intake_recon.md	231	R-G29	FO	CONTEXT_KW	五條**皆為 `fenced` 本體**（R-G29 body_kind 閘之要求），無 `section` 型。
features/vsm_v42/docs/upstream/00_intake_recon.md	242	R-G27	FO	CONTEXT_KW	| R-G27／R-G28 | `docs/fw036/FEATURE_ONBOARDING.md` §9.2 | `sources/` 集中制；嵌入物件逐 feature 檢查 |
features/vsm_v42/docs/upstream/00_intake_recon.md	242	R-G28	FO	CONTEXT_KW	| R-G27／R-G28 | `docs/fw036/FEATURE_ONBOARDING.md` §9.2 | `sources/` 集中制；嵌入物件逐 feature 檢查 |
features/vsm_v42/docs/upstream/00_intake_recon.md	267	R-G25	AMBIGUOUS	NO_KW	"""batches"", ""generated"", ""scripts"", ""docs""]`）。R-G25 要求 xlsx 只准在 sandbox 改。"
features/vsm_v42/docs/upstream/00_intake_recon.md	303	R-G29	FO	CONTEXT_KW	移除 `body_kind`（R-G29）。**無一列涉 vsm_v42。**
features/vsm_v42/docs/upstream/00_intake_recon.md	329	R-G13	FO	CONTEXT_KW	引用制（R-G13）之驗證面不因未回填而缺。
features/vsm_v42/docs/upstream/01_sources_recon.md	33	R-G29	AMBIGUOUS	NO_KW	| `R-G29`、`R-G42` | canon 第 9.2 節（全域） |
features/vsm_v42/docs/upstream/01_sources_recon.md	100	R-G28	FO	CONTEXT_KW	R-G28 之嵌入物件清點**未執行**（其為 W-2 之末項）。
features/vsm_v42/docs/upstream/01_sources_recon.md	241	R-G29	AMBIGUOUS	NO_KW	九條 R-VL 皆為 `fenced` 本體，無 `section` 型（R-G29 之要求）。
features/vsm_v42/docs/upstream/01_sources_recon.md	326	R-G29	AMBIGUOUS	NO_KW	若逕自重生，將把他線 16 條未入庫之新條號（`R-G29`、`R-G42`、`R-ICS45`–`R-ICS58`）
features/vsm_v42/docs/upstream/01_sources_recon.md	357	R-G29	AMBIGUOUS	NO_KW	1. **Pei 將 `docs/fw036/RULINGS.sha.tsv`（及其同批他線變更：`R-G29`、`R-G42`、
features/vsm_v42/docs/upstream/02_sources_recon.md	26	R-G29	AMBIGUOUS	NO_KW	> 只提交台帳會登記一條正文不在庫之條文。`R-G29` HEAD 已有；
features/vsm_v42/docs/upstream/02_sources_recon.md	70	R-G29	AMBIGUOUS	NO_KW	十一條 R-VL 皆為 `fenced` 本體（R-G29 之要求），無 `section` 型。
features/vsm_v42/docs/upstream/02_sources_recon.md	131	R-G27	AMBIGUOUS	NO_KW	### 2.3 sources 落檔（R-G27／R-VL11(a)）
features/vsm_v42/docs/upstream/02_sources_recon.md	173	R-G28	AMBIGUOUS	NO_KW	### 2.5 E22 與 R-G28
features/vsm_v42/docs/upstream/02_sources_recon.md	309	R-G13	LEDGER	CONTEXT_KW	| 查無(R-G13) | **0** | 0 | 0 | 0 | 0 | 0 |
features/vsm_v42/docs/upstream/02_sources_recon.md	315	R-G13	LEDGER	CONTEXT_KW	**「查無(R-G13)」為 0**：其須三要件皆滿足並登 `forms/LOOKUP_MISSES.md`（R-G14）；
features/vsm_v42/docs/upstream/02_sources_recon.md	315	R-G14	LEDGER	CONTEXT_KW	**「查無(R-G13)」為 0**：其須三要件皆滿足並登 `forms/LOOKUP_MISSES.md`（R-G14）；
features/vsm_v42/docs/upstream/03_signal_atlantis.md	148	R-G13	LEDGER	CONTEXT_KW	| 查無(R-G13) | 0 | 0 | 0 | 0 | 0 | 0 |
features/vsm_v42/docs/upstream/04_p3_framework.md	87	R-G13	LEDGER	CONTEXT_KW	| 查無(R-G13) | 0 | — | — | — | — | — |
features/vsm_v42/docs/upstream/04_p3_framework.md	138	R-G15	AMBIGUOUS	NO_KW	—— 早於本線。**照辦即覆寫他線之正確記載**（FO 第 8.5 節之三：不越權；R-G15 之記載真實性）。
features/vsm_v42/docs/upstream/04_p3_framework.md	141	R-G15	AMBIGUOUS	NO_KW	`> **使用中之 feature（R-G15 反向記載）**` 行**追加** `vsm_v42`／`vsm_v43`，
features/vsm_v42/docs/upstream/04_p3_framework.md	148	R-G13	AMBIGUOUS	NO_KW	| `SR24 Market Config v1.6` | **0 命中** —— 與 power 同，屬 (d) 之預期範圍，**非缺漏**（R-G13）；本線 251 名對該分頁零交集，登記為已查之檔 |
features/vsm_v42/docs/upstream/04_p3_framework.md	352	R-G15	AMBIGUOUS	NO_KW	| `forms/FORMS.md` | 三條目補 R-G15 反向記載；§範圍限制 加註失效（**本包例外授權此一檔**） |
features/vsm_v42/feature.yaml	5	R-G27	FO	CONTEXT_KW	# 下放包 00 §五 W-1。來源以 `sources/` 之 doc_id 引用（R-G27）——
features/vsm_v42/feature.yaml	18	R-G27	FO	CONTEXT_KW	# R-G27 之 doc_id ↔ `sources/MANIFEST.tsv`（W-2 落列）。
features/vsm_v42/feature.yaml	29	R-G25	AMBIGUOUS	NO_KW	# （R-G25：xlsx 只准在此改）；R-VL1「BLANK 起建」。W-2 後產生。
features/vsm_v43/.gitignore	4	R-G25	AMBIGUOUS	NO_KW	# 036 母本之工作副本（落點依 R-G25 為 sandbox/）。與 forms/*、
features/vsm_v43/ANOMALIES.md	28	R-G28	AMBIGUOUS	NO_KW	- **影響**：W-2（sources 落檔／sha／R-G28）、W-3（recon）、W-4（SYSRA 分層預查）、
features/vsm_v43/ANOMALIES.md	114	R-G27	FO	CONTEXT_KW	R-G27 之「raw 為權威、extracted 為衍生物」仍成立，故不阻塞：W-5 直讀 `raw/` 之
features/vsm_v43/RECON.md	22	R-G27	AMBIGUOUS	NO_KW	## 2. 素材與 sha256（R-G27 落點）
features/vsm_v43/RECON.md	107	R-G13	LEDGER	CONTEXT_KW	| 結果值域 | `解得 \| 訊息名不符(R-13) \| 未解得（CAN-C DBC 未到件） \| 未解得(止於段1) \| 未解得(止於段2) \| B-1 衝突 \| UI路徑(R-P375b) \| PROXI路徑(R-P375b/c) \| UI+PROXI 雙路徑 \| 查無(R-G13)`；`段3待ATL-Mi DBC` 隨到件作廢 | R-VT14(a)／R-VT15(d) |
features/vsm_v43/RULINGS.md	3	R-G23	FO	CONTEXT_KW	Feature slug：`vsm_v43`。條號系列 **`R-VT`**（本線單一來源，R-G23 live 取號）。
features/vsm_v43/RULINGS.md	38	R-G13	AMBIGUOUS	BOTH_KW(1/1)	(b) 併採 PM 之三條（引用制 R-G13，執行層自 features/power/RULINGS.md 讀原文）：
features/vsm_v43/RULINGS.md	83	R-G24	AMBIGUOUS	NO_KW	投遞區 _intake/Vehicle_Setup_VF665/（與 vsm_v42 共用投遞區，落點分開；R-G24 已建妥實測）。
features/vsm_v43/RULINGS.md	84	R-G27	FO	CONTEXT_KW	原檔落點 sources/raw/<doc_id>/，feature.yaml 以 doc_id 引用（R-G27）。
features/vsm_v43/RULINGS.md	147	R-G13	LEDGER	CONTEXT_KW	(c) `signal_chain_v43.tsv` 之「查無(R-G13)」102 列標籤改「未解得(止於段1)」；
features/vsm_v43/RULINGS.md	148	R-G13	LEDGER	CONTEXT_KW	「查無(R-G13)」僅於三要件皆滿足且已登 forms/LOOKUP_MISSES.md 時用。
features/vsm_v43/RULINGS.md	152	R-G28	AMBIGUOUS	NO_KW	(e) #1 docx 之 `word/media/image1.wmf`：列 P3 待辦，於 framework 鎖定前轉圖一看；不施作 R-G28 二欄表。
features/vsm_v43/data/signal_chain_v43.tsv	2	R-G13	LEDGER	CONTEXT_KW	"Ambient_Lighting_level_Setting.Req	內部					查無(R-G13)"
features/vsm_v43/data/signal_chain_v43.tsv	3	R-G13	LEDGER	CONTEXT_KW	"AppPrivacyMode_Enable.Req	內部					查無(R-G13)"
features/vsm_v43/data/signal_chain_v43.tsv	4	R-G13	LEDGER	CONTEXT_KW	"App_ClearPersonalData_Enable.Req	內部					查無(R-G13)"
features/vsm_v43/data/signal_chain_v43.tsv	5	R-G13	LEDGER	CONTEXT_KW	"App_PrivacyMode_Enable.Req	內部					查無(R-G13)"
features/vsm_v43/data/signal_chain_v43.tsv	6	R-G13	LEDGER	CONTEXT_KW	"App_RestoreApp_Enable.Req	內部					查無(R-G13)"
features/vsm_v43/data/signal_chain_v43.tsv	7	R-G13	LEDGER	CONTEXT_KW	"App_RestoreDefaultSetting_Enable.Req	內部					查無(R-G13)"
features/vsm_v43/data/signal_chain_v43.tsv	8	R-G13	LEDGER	CONTEXT_KW	"AudioRepetition.Info	內部					查無(R-G13)"
features/vsm_v43/data/signal_chain_v43.tsv	9	R-G13	LEDGER	CONTEXT_KW	"Auto_High_Beam_Enable.Req	內部					查無(R-G13)"
features/vsm_v43/data/signal_chain_v43.tsv	10	R-G13	LEDGER	CONTEXT_KW	"Auto_Park_Brake_Enable.Req	內部					查無(R-G13)"
features/vsm_v43/data/signal_chain_v43.tsv	11	R-G13	LEDGER	CONTEXT_KW	"Auto_Unlock_Door_Exit_Enable.Req	內部					查無(R-G13)"
features/vsm_v43/data/signal_chain_v43.tsv	13	R-G13	LEDGER	CONTEXT_KW	"BRAKE1.VehicleSpeedVSOSigFailSts	CAN			BRAKE1.VehicleSpeedVSOSigFailSts		查無(R-G13)"
features/vsm_v43/data/signal_chain_v43.tsv	15	R-G13	LEDGER	CONTEXT_KW	"ClearPersonalData_Enable.Req	內部					查無(R-G13)"
features/vsm_v43/data/signal_chain_v43.tsv	16	R-G13	LEDGER	CONTEXT_KW	"Consumption_Unit_Setting.Req	內部					查無(R-G13)"
features/vsm_v43/data/signal_chain_v43.tsv	17	R-G13	LEDGER	CONTEXT_KW	"Cornering_Enable.Req	內部					查無(R-G13)"
features/vsm_v43/data/signal_chain_v43.tsv	18	R-G13	LEDGER	CONTEXT_KW	"DRL_Enable.Req	內部					查無(R-G13)"
features/vsm_v43/data/signal_chain_v43.tsv	19	R-G13	LEDGER	CONTEXT_KW	"Day1_Setting.Info	內部					查無(R-G13)"
features/vsm_v43/data/signal_chain_v43.tsv	20	R-G13	LEDGER	CONTEXT_KW	"Day1_Setting.Req	內部					查無(R-G13)"
features/vsm_v43/data/signal_chain_v43.tsv	21	R-G13	LEDGER	CONTEXT_KW	"Day2_Setting.Info	內部					查無(R-G13)"
features/vsm_v43/data/signal_chain_v43.tsv	22	R-G13	LEDGER	CONTEXT_KW	"Day2_Setting.Req	內部					查無(R-G13)"
features/vsm_v43/data/signal_chain_v43.tsv	23	R-G13	LEDGER	CONTEXT_KW	"Distance_Unit_Setting.Req	內部					查無(R-G13)"
features/vsm_v43/data/signal_chain_v43.tsv	24	R-G13	LEDGER	CONTEXT_KW	"External_Light_Sensor_Level.Req	內部					查無(R-G13)"
features/vsm_v43/data/signal_chain_v43.tsv	25	R-G13	LEDGER	CONTEXT_KW	"External_Light_Sensor_Level_Setting.Req	內部					查無(R-G13)"
features/vsm_v43/data/signal_chain_v43.tsv	26	R-G13	LEDGER	CONTEXT_KW	"FOTA_State.Info	內部					查無(R-G13)"
features/vsm_v43/data/signal_chain_v43.tsv	27	R-G13	LEDGER	CONTEXT_KW	"FSCWPlus_Activation_Mode_Setting.Req	內部					查無(R-G13)"
features/vsm_v43/data/signal_chain_v43.tsv	28	R-G13	LEDGER	CONTEXT_KW	"FSCWPlus_Setting.Req	內部					查無(R-G13)"
features/vsm_v43/data/signal_chain_v43.tsv	29	R-G13	LEDGER	CONTEXT_KW	"Flash_Light_With_Lock_Enable.Req	內部					查無(R-G13)"
features/vsm_v43/data/signal_chain_v43.tsv	30	R-G13	LEDGER	CONTEXT_KW	"GPS_Automatic_Time_Adj_Enable.Req	內部					查無(R-G13)"
features/vsm_v43/data/signal_chain_v43.tsv	31	R-G13	LEDGER	CONTEXT_KW	"GPS_Automatic_Time_Adj_Setup.Info	內部					查無(R-G13)"
features/vsm_v43/data/signal_chain_v43.tsv	32	R-G13	LEDGER	CONTEXT_KW	"Geolocation_Enable.Req	內部					查無(R-G13)"
features/vsm_v43/data/signal_chain_v43.tsv	33	R-G13	LEDGER	CONTEXT_KW	"GreetingLights_Enable.Req	內部					查無(R-G13)"
features/vsm_v43/data/signal_chain_v43.tsv	34	R-G13	LEDGER	CONTEXT_KW	"Headlights_Off_Delay_Setting.Req	內部					查無(R-G13)"
features/vsm_v43/data/signal_chain_v43.tsv	35	R-G13	LEDGER	CONTEXT_KW	"Hour1_Setting.Info	內部					查無(R-G13)"
features/vsm_v43/data/signal_chain_v43.tsv	36	R-G13	LEDGER	CONTEXT_KW	"Hour1_Setting.Req	內部					查無(R-G13)"
features/vsm_v43/data/signal_chain_v43.tsv	37	R-G13	LEDGER	CONTEXT_KW	"Hour2_Setting.Info	內部					查無(R-G13)"
features/vsm_v43/data/signal_chain_v43.tsv	38	R-G13	LEDGER	CONTEXT_KW	"Hour2_Setting.Req	內部					查無(R-G13)"
features/vsm_v43/data/signal_chain_v43.tsv	39	R-G13	LEDGER	CONTEXT_KW	"Hour_Mode_Setting.Req	內部					查無(R-G13)"
features/vsm_v43/data/signal_chain_v43.tsv	46	R-G13	LEDGER	CONTEXT_KW	"IPC_VEHICLE_SETUP.CorneringLightsEnable	CAN			IPC_VEHICLE_SETUP.CorneringLightsEnable		查無(R-G13)"
features/vsm_v43/data/signal_chain_v43.tsv	70	R-G13	LEDGER	CONTEXT_KW	"IPC_VEHICLE_SETUP2.EPB_Maintenance_Fdbk	CAN			IPC_VEHICLE_SETUP2.EPB_Maintenance_Fdbk		查無(R-G13)"
features/vsm_v43/data/signal_chain_v43.tsv	77	R-G13	LEDGER	CONTEXT_KW	"IPC_VEHICLE_SETUP2.RainSensorSensibility	CAN			IPC_VEHICLE_SETUP2.RainSensorSensibility		查無(R-G13)"
features/vsm_v43/data/signal_chain_v43.tsv	78	R-G13	LEDGER	CONTEXT_KW	"IPC_VEHICLE_SETUP2.TyrePressureUnit	CAN			IPC_VEHICLE_SETUP2.TyrePressureUnit		查無(R-G13)"
features/vsm_v43/data/signal_chain_v43.tsv	79	R-G13	LEDGER	CONTEXT_KW	"IPC_VEHICLE_SETUP3.SoundHornLockUnlock	CAN			IPC_VEHICLE_SETUP3.SoundHornLockUnlock		查無(R-G13)"
features/vsm_v43/data/signal_chain_v43.tsv	80	R-G13	LEDGER	CONTEXT_KW	"LDW_Intensity_Setting.Req	內部					查無(R-G13)"
features/vsm_v43/data/signal_chain_v43.tsv	81	R-G13	LEDGER	CONTEXT_KW	"LDW_Sensibility_Setting.Req	內部					查無(R-G13)"
features/vsm_v43/data/signal_chain_v43.tsv	82	R-G13	LEDGER	CONTEXT_KW	"LTM_CmdIgnSts.Info	內部					查無(R-G13)"
features/vsm_v43/data/signal_chain_v43.tsv	83	R-G13	LEDGER	CONTEXT_KW	"LTM_OperationalModeSts.Info	內部					查無(R-G13)"
features/vsm_v43/data/signal_chain_v43.tsv	84	R-G13	LEDGER	CONTEXT_KW	"Language_Setting.Req	內部					查無(R-G13)"
features/vsm_v43/data/signal_chain_v43.tsv	85	R-G13	LEDGER	CONTEXT_KW	"Maintenance_Mode_Enable.Req	內部					查無(R-G13)"
features/vsm_v43/data/signal_chain_v43.tsv	86	R-G13	LEDGER	CONTEXT_KW	"Minute1_Setting.Info	內部					查無(R-G13)"
features/vsm_v43/data/signal_chain_v43.tsv	87	R-G13	LEDGER	CONTEXT_KW	"Minute1_Setting.Req	內部					查無(R-G13)"
features/vsm_v43/data/signal_chain_v43.tsv	88	R-G13	LEDGER	CONTEXT_KW	"Minute2_Setting.Info	內部					查無(R-G13)"
features/vsm_v43/data/signal_chain_v43.tsv	89	R-G13	LEDGER	CONTEXT_KW	"Minute2_Setting.Req	內部					查無(R-G13)"
features/vsm_v43/data/signal_chain_v43.tsv	91	R-G13	LEDGER	CONTEXT_KW	"Month1_Setting.Info	內部					查無(R-G13)"
features/vsm_v43/data/signal_chain_v43.tsv	92	R-G13	LEDGER	CONTEXT_KW	"Month1_Setting.Req	內部					查無(R-G13)"
features/vsm_v43/data/signal_chain_v43.tsv	93	R-G13	LEDGER	CONTEXT_KW	"Month2_Setting.Info	內部					查無(R-G13)"
features/vsm_v43/data/signal_chain_v43.tsv	94	R-G13	LEDGER	CONTEXT_KW	"Month2_Setting.Req	內部					查無(R-G13)"
features/vsm_v43/data/signal_chain_v43.tsv	95	R-G13	LEDGER	CONTEXT_KW	"NavigationRepetition.Info	內部					查無(R-G13)"
features/vsm_v43/data/signal_chain_v43.tsv	96	R-G13	LEDGER	CONTEXT_KW	"Pam_AlertMode_Setting.Req	內部					查無(R-G13)"
features/vsm_v43/data/signal_chain_v43.tsv	97	R-G13	LEDGER	CONTEXT_KW	"Pam_Chime_Volume_Front_Setting.Req	內部					查無(R-G13)"
features/vsm_v43/data/signal_chain_v43.tsv	98	R-G13	LEDGER	CONTEXT_KW	"Pam_Chime_Volume_Rear_Setting.Req	內部					查無(R-G13)"
features/vsm_v43/data/signal_chain_v43.tsv	99	R-G13	LEDGER	CONTEXT_KW	"Passive_Entry_Enable.Req	內部					查無(R-G13)"
features/vsm_v43/data/signal_chain_v43.tsv	102	R-G13	LEDGER	CONTEXT_KW	"RVC_Delay.Req	內部					查無(R-G13)"
features/vsm_v43/data/signal_chain_v43.tsv	103	R-G13	LEDGER	CONTEXT_KW	"RVC_Dynamic_Gridlines.Req	內部					查無(R-G13)"
features/vsm_v43/data/signal_chain_v43.tsv	104	R-G13	LEDGER	CONTEXT_KW	"Rain_Sensor_Level_Setting.Req	內部					查無(R-G13)"
features/vsm_v43/data/signal_chain_v43.tsv	105	R-G13	LEDGER	CONTEXT_KW	"Rain_Sensor_Sensibility_Setting.Req	內部					查無(R-G13)"
features/vsm_v43/data/signal_chain_v43.tsv	107	R-G13	LEDGER	CONTEXT_KW	"Remote_Door_Unlock_Setting.Req	內部					查無(R-G13)"
features/vsm_v43/data/signal_chain_v43.tsv	109	R-G13	LEDGER	CONTEXT_KW	"RestoreApp_Enable.Req	內部					查無(R-G13)"
features/vsm_v43/data/signal_chain_v43.tsv	111	R-G13	LEDGER	CONTEXT_KW	"RestoreDefaultSetting_Enable.Req	內部					查無(R-G13)"
features/vsm_v43/data/signal_chain_v43.tsv	115	R-G13	LEDGER	CONTEXT_KW	"SERVICE_SETUP.RestoreDefaulSetting	CAN			SERVICE_SETUP.RestoreDefaulSetting		查無(R-G13)"
features/vsm_v43/data/signal_chain_v43.tsv	118	R-G13	LEDGER	CONTEXT_KW	"SERVICE_SETUP.TelematicSetupAck	CAN			SERVICE_SETUP.TelematicSetupAck		查無(R-G13)"
features/vsm_v43/data/signal_chain_v43.tsv	120	R-G13	LEDGER	CONTEXT_KW	"STATUS_CCAN3.VehicleSpeedVSOSigFailSts	CAN			STATUS_CCAN3.VehicleSpeedVSOSigFailSts		查無(R-G13)"
features/vsm_v43/data/signal_chain_v43.tsv	121	R-G13	LEDGER	CONTEXT_KW	"Sdw_Chime_Volume_Setting.Req	內部					查無(R-G13)"
features/vsm_v43/data/signal_chain_v43.tsv	122	R-G13	LEDGER	CONTEXT_KW	"Sdw_Setting.Req	內部					查無(R-G13)"
features/vsm_v43/data/signal_chain_v43.tsv	123	R-G13	LEDGER	CONTEXT_KW	"Server_App.GUI	內部					查無(R-G13)"
features/vsm_v43/data/signal_chain_v43.tsv	124	R-G13	LEDGER	CONTEXT_KW	"Sound_Horn_Lock_Unlock_Setting.Req	內部					查無(R-G13)"
features/vsm_v43/data/signal_chain_v43.tsv	125	R-G13	LEDGER	CONTEXT_KW	"Speed_Lock_Door_Enable.Req	內部					查無(R-G13)"
features/vsm_v43/data/signal_chain_v43.tsv	126	R-G13	LEDGER	CONTEXT_KW	"TBM_CmdIgnSts.Info	內部					查無(R-G13)"
features/vsm_v43/data/signal_chain_v43.tsv	127	R-G13	LEDGER	CONTEXT_KW	"TBM_OperationalModeSts.Info	內部					查無(R-G13)"
features/vsm_v43/data/signal_chain_v43.tsv	131	R-G13	LEDGER	CONTEXT_KW	"TELEMATIC_SERVICE_SETUP.RestoreDefaultSettimgReq	CAN			TELEMATIC_SERVICE_SETUP.RestoreDefaultSettimgReq		查無(R-G13)"
features/vsm_v43/data/signal_chain_v43.tsv	137	R-G13	LEDGER	CONTEXT_KW	"TELEMATIC_VEHICLE_SETUP.ConsumptionUnit_Req	CAN			TELEMATIC_VEHICLE_SETUP.ConsumptionUnit_Req		查無(R-G13)"
features/vsm_v43/data/signal_chain_v43.tsv	140	R-G13	LEDGER	CONTEXT_KW	"TELEMATIC_VEHICLE_SETUP.DistanceUnit_Req	CAN			TELEMATIC_VEHICLE_SETUP.DistanceUnit_Req		查無(R-G13)"
features/vsm_v43/data/signal_chain_v43.tsv	142	R-G13	LEDGER	CONTEXT_KW	"TELEMATIC_VEHICLE_SETUP.ExternalLightSensorLevel_Req	CAN			TELEMATIC_VEHICLE_SETUP.ExternalLightSensorLevel_Req		查無(R-G13)"
features/vsm_v43/data/signal_chain_v43.tsv	146	R-G13	LEDGER	CONTEXT_KW	"TELEMATIC_VEHICLE_SETUP.PamAlertMode_Req	CAN			TELEMATIC_VEHICLE_SETUP.PamAlertMode_Req		查無(R-G13)"
features/vsm_v43/data/signal_chain_v43.tsv	153	R-G13	LEDGER	CONTEXT_KW	"TELEMATIC_VEHICLE_SETUP.SdwChimeVolume_Req	CAN			TELEMATIC_VEHICLE_SETUP.SdwChimeVolume_Req		查無(R-G13)"
features/vsm_v43/data/signal_chain_v43.tsv	154	R-G13	LEDGER	CONTEXT_KW	"TELEMATIC_VEHICLE_SETUP.Sdw_Req	CAN			TELEMATIC_VEHICLE_SETUP.Sdw_Req		查無(R-G13)"
features/vsm_v43/data/signal_chain_v43.tsv	156	R-G13	LEDGER	CONTEXT_KW	"TELEMATIC_VEHICLE_SETUP.TemperatureUnit_Req	CAN			TELEMATIC_VEHICLE_SETUP.TemperatureUnit_Req		查無(R-G13)"
features/vsm_v43/data/signal_chain_v43.tsv	166	R-G13	LEDGER	CONTEXT_KW	"TELEMATIC_VEHICLE_SETUP2.RainSensorSensibility_Req	CAN			TELEMATIC_VEHICLE_SETUP2.RainSensorSensibility_Req		查無(R-G13)"
features/vsm_v43/data/signal_chain_v43.tsv	167	R-G13	LEDGER	CONTEXT_KW	"TELEMATIC_VEHICLE_SETUP2.TyrePressureUnit_Req	CAN			TELEMATIC_VEHICLE_SETUP2.TyrePressureUnit_Req		查無(R-G13)"
features/vsm_v43/data/signal_chain_v43.tsv	168	R-G13	LEDGER	CONTEXT_KW	"TELEMATIC_VEHICLE_SETUP3.SoundHornLockUnlock_Req	CAN			TELEMATIC_VEHICLE_SETUP3.SoundHornLockUnlock_Req		查無(R-G13)"
features/vsm_v43/data/signal_chain_v43.tsv	169	R-G13	LEDGER	CONTEXT_KW	"TLM_Display.GUI	內部					查無(R-G13)"
features/vsm_v43/data/signal_chain_v43.tsv	170	R-G13	LEDGER	CONTEXT_KW	"TLM_Vehicle_Setup_Menu.Info	內部					查無(R-G13)"
features/vsm_v43/data/signal_chain_v43.tsv	171	R-G13	LEDGER	CONTEXT_KW	"Temperature_Unit_Setting.Req	內部					查無(R-G13)"
features/vsm_v43/data/signal_chain_v43.tsv	172	R-G13	LEDGER	CONTEXT_KW	"Time_Date_Setting_Feedback.Info	內部					查無(R-G13)"
features/vsm_v43/data/signal_chain_v43.tsv	173	R-G13	LEDGER	CONTEXT_KW	"Tyre_Pressure_Unit_Setting.Req	內部					查無(R-G13)"
features/vsm_v43/data/signal_chain_v43.tsv	174	R-G13	LEDGER	CONTEXT_KW	"Units_Setting.Req	內部					查無(R-G13)"
features/vsm_v43/data/signal_chain_v43.tsv	175	R-G13	LEDGER	CONTEXT_KW	"Year1_Setting.Info	內部					查無(R-G13)"
features/vsm_v43/data/signal_chain_v43.tsv	176	R-G13	LEDGER	CONTEXT_KW	"Year1_Setting.Req	內部					查無(R-G13)"
features/vsm_v43/data/signal_chain_v43.tsv	177	R-G13	LEDGER	CONTEXT_KW	"Year2_Setting.Info	內部					查無(R-G13)"
features/vsm_v43/data/signal_chain_v43.tsv	178	R-G13	LEDGER	CONTEXT_KW	"Year2_Setting.Req	內部					查無(R-G13)"
features/vsm_v43/data/signal_chain_v43.tsv	179	R-G13	LEDGER	CONTEXT_KW	"Year3_Setting.Info	內部					查無(R-G13)"
features/vsm_v43/data/signal_chain_v43.tsv	180	R-G13	LEDGER	CONTEXT_KW	"Year3_Setting.Req	內部					查無(R-G13)"
features/vsm_v43/data/signal_chain_v43.tsv	181	R-G13	LEDGER	CONTEXT_KW	"Year4_Setting.Info	內部					查無(R-G13)"
features/vsm_v43/data/signal_chain_v43.tsv	182	R-G13	LEDGER	CONTEXT_KW	"Year4_Setting.Req	內部					查無(R-G13)"
features/vsm_v43/docs/handoff/00_intake_and_rulings.md	25	R-G13	FO	CONTEXT_KW	## 二、裁決引用（R-G13）
features/vsm_v43/docs/handoff/00_intake_and_rulings.md	37	R-G13	AMBIGUOUS	NO_KW	全域：R-G1、R-G13／R-G14、R-G23、R-G24、R-G27、R-G28、R-G42。PM：R-P353、R-P355、R-P368。
features/vsm_v43/docs/handoff/00_intake_and_rulings.md	37	R-G14	AMBIGUOUS	NO_KW	全域：R-G1、R-G13／R-G14、R-G23、R-G24、R-G27、R-G28、R-G42。PM：R-P353、R-P355、R-P368。
features/vsm_v43/docs/handoff/00_intake_and_rulings.md	37	R-G23	AMBIGUOUS	NO_KW	全域：R-G1、R-G13／R-G14、R-G23、R-G24、R-G27、R-G28、R-G42。PM：R-P353、R-P355、R-P368。
features/vsm_v43/docs/handoff/00_intake_and_rulings.md	37	R-G24	AMBIGUOUS	NO_KW	全域：R-G1、R-G13／R-G14、R-G23、R-G24、R-G27、R-G28、R-G42。PM：R-P353、R-P355、R-P368。
features/vsm_v43/docs/handoff/00_intake_and_rulings.md	37	R-G27	FO	CONTEXT_KW	全域：R-G1、R-G13／R-G14、R-G23、R-G24、R-G27、R-G28、R-G42。PM：R-P353、R-P355、R-P368。
features/vsm_v43/docs/handoff/00_intake_and_rulings.md	37	R-G28	AMBIGUOUS	NO_KW	全域：R-G1、R-G13／R-G14、R-G23、R-G24、R-G27、R-G28、R-G42。PM：R-P353、R-P355、R-P368。
features/vsm_v43/docs/handoff/00_intake_and_rulings.md	57	R-G27	AMBIGUOUS	NO_KW	**W-2 sources 落檔**：同 `vsm_v42` W-2（R-G27）；#3 若 sha 與 `vsm_v42` 已落者相同則不重存，MANIFEST features 欄加 `vsm_v43`。R-G28 嵌入物件檢查對 #1。
features/vsm_v43/docs/handoff/00_intake_and_rulings.md	57	R-G28	FO	CONTEXT_KW	**W-2 sources 落檔**：同 `vsm_v42` W-2（R-G27）；#3 若 sha 與 `vsm_v42` 已落者相同則不重存，MANIFEST features 欄加 `vsm_v43`。R-G28 嵌入物件檢查對 #1。
features/vsm_v43/docs/handoff/00_intake_and_rulings.md	83	R-G28	AMBIGUOUS	NO_KW	scaffold 輸出；sources 落檔與 sha；R-G28 結果；`RECON.md`（機器或人工，註明何者）；E1–E9 對照；
features/vsm_v43/docs/handoff/01_sources_recon.md	7	R-G27	FO	CONTEXT_KW	V43 規格 R4 docx、V43 SYSRA、SYSAD，**另含 V42 之兩份 037**。W-2 以此為來源落 `sources/raw/`（R-G27），落完後 `inputs/` 清空。
features/vsm_v43/docs/handoff/01_sources_recon.md	30	R-G13	FO	CONTEXT_KW	## 二、裁決引用（R-G13）
features/vsm_v43/docs/handoff/01_sources_recon.md	39	R-G27	FO	CONTEXT_KW	**W-2 sources 落檔**：#1、#2 依 R-G27 落 `sources/raw/`、`extracted/`、MANIFEST 加列（features=`vsm_v43`）；#3 若 vsm_v42 已落則 MANIFEST `features` 欄加 `vsm_v43`，未落則記缺。
features/vsm_v43/docs/handoff/01_sources_recon.md	41	R-G28	FO	CONTEXT_KW	docx magic bytes 判讀；R-G28 對 #1 清點嵌入物件。
features/vsm_v43/docs/handoff/02_signal_redo.md	20	R-G13	LEDGER	CONTEXT_KW	| 「查無(R-G13)」102 列偏嚴、PROXI 只抽 2 名（§十-1／-2） | 執行層自報正確 → **R-VT10(c)(d)**，本包 W-5′ 重做 |
features/vsm_v43/docs/handoff/02_signal_redo.md	35	R-G13	LEDGER	CONTEXT_KW	3. 結果值域（取代 01 包）：`解得 | 未解得(止於段1) | 未解得(止於段2) | 訊息名不符(R-13) | B-1 衝突 | UI路徑(R-P375b) | PROXI路徑(R-P375b/c) | 查無(R-G13)`。「查無(R-G13)」只在段 1 擴充比對已做、段 3 實查、且登 `forms/LOOKUP_MISSES.md` 三者皆滿足時用。
features/vsm_v43/docs/handoff/02_signal_redo.md	35	R-G13	LEDGER	CONTEXT_KW	3. 結果值域（取代 01 包）：`解得 | 未解得(止於段1) | 未解得(止於段2) | 訊息名不符(R-13) | B-1 衝突 | UI路徑(R-P375b) | PROXI路徑(R-P375b/c) | 查無(R-G13)`。「查無(R-G13)」只在段 1 擴充比對已做、段 3 實查、且登 `forms/LOOKUP_MISSES.md` 三者皆滿足時用。
features/vsm_v43/docs/handoff/03_signal_round2.md	22	R-G13	LEDGER	CONTEXT_KW	| `查無(R-G13)` 歸零、`LOOKUP_MISSES.md` 未寫 | 對（三要件未滿足） |
features/vsm_v43/docs/handoff/03_signal_round2.md	23	R-G28	AMBIGUOUS	NO_KW	| WMF 轉圖、抽樣核對無圖獨有訊號、不施作 R-G28 二欄表 | 核實 |
features/vsm_v43/docs/handoff/04_signal_atlantis.md	43	R-G13	LEDGER	CONTEXT_KW	6. 結果值域：`段3待ATL-Mi DBC | 未解得(止於段1) | 未解得(止於段2) | 訊息名不符(R-13) | B-1 衝突 | UI路徑(R-P375b) | PROXI路徑(R-P375b/c) | UI+PROXI 雙路徑 | 查無(R-G13)`。原 28 列 R-13：Atlantis 欄命中者改記段 2 主值＋`段3待ATL-Mi DBC`；未命中者維持 R-13。
features/vsm_v43/docs/handoff/05_p3_close.md	33	R-G13	AMBIGUOUS	BOTH_KW(1/1)	| E33 | v5 B-1／查無(R-G13) | 0／0 |
features/vsm_v43/docs/upstream/00_intake_recon.md	24	R-G28	AMBIGUOUS	NO_KW	| W-2 | sources 落檔／sha／R-G28 | **未執行**（無原檔，A-VT1） |
features/vsm_v43/docs/upstream/00_intake_recon.md	103	R-G28	FO	CONTEXT_KW	**故 W-2 之 sources 落檔與 sha：無可落、無可算。R-G28（CFTS 嵌入物件）：無母檔可查，
features/vsm_v43/docs/upstream/00_intake_recon.md	206	R-G13	FO	CONTEXT_KW	## 七、R-VT 條文 sha8（R-G13）
features/vsm_v43/docs/upstream/00_intake_recon.md	218	R-G29	FO	CONTEXT_KW	五條 `body_kind` 皆為 `fenced`（合 R-G29）。
features/vsm_v43/docs/upstream/01_sources_recon.md	54	R-G28	AMBIGUOUS	NO_KW	## 三、W-2 —— sources 落檔、sha、sandbox、R-G28
features/vsm_v43/docs/upstream/01_sources_recon.md	66	R-G27	FO	CONTEXT_KW	### 3.2 落檔（R-G27）
features/vsm_v43/docs/upstream/01_sources_recon.md	101	R-G27	AMBIGUOUS	NO_KW	**不改腳本、不放寬自驗**；W-4／RECON 之計數改自 `raw/` 直讀（R-G27：raw 為權威）。
features/vsm_v43/docs/upstream/01_sources_recon.md	129	R-G28	FO	CONTEXT_KW	### 3.5 R-G28（CFTS 嵌入物件）
features/vsm_v43/docs/upstream/01_sources_recon.md	133	R-G28	FO	CONTEXT_KW	依 R-G28「查無者亦記明已查」，於此記明。
features/vsm_v43/docs/upstream/01_sources_recon.md	135	R-G28	FO	CONTEXT_KW	**另行清點 #1 docx 自身之內嵌物**（R-G28 之同一風險面，非其字面要求）：
features/vsm_v43/docs/upstream/01_sources_recon.md	138	R-G28	FO	CONTEXT_KW	**提請 P3 決定**是否對此單一 WMF 施作 R-G28 之二欄表，理由是 R-G28 之成因
features/vsm_v43/docs/upstream/01_sources_recon.md	138	R-G28	FO	CONTEXT_KW	**提請 P3 決定**是否對此單一 WMF 施作 R-G28 之二欄表，理由是 R-G28 之成因
features/vsm_v43/docs/upstream/01_sources_recon.md	173	R-G27	AMBIGUOUS	NO_KW	## 2. 素材與 sha256（R-G27 落點）
features/vsm_v43/docs/upstream/01_sources_recon.md	376	R-G27	FO	CONTEXT_KW	（`extract_source.py` 不支援 `.docx`，A-VT7；依 R-G27「raw 為權威」直讀。）
features/vsm_v43/docs/upstream/01_sources_recon.md	415	R-G13	LEDGER	CONTEXT_KW	| 查無(R-G13) | **102** |
features/vsm_v43/docs/upstream/01_sources_recon.md	418	R-G13	LEDGER	CONTEXT_KW	`查無(R-G13)` 102 列中 **87 列為內部訊號**（`.Req`／`.Info`／`.GUI`）——
features/vsm_v43/docs/upstream/01_sources_recon.md	422	R-G13	LEDGER	CONTEXT_KW	R-G13 三要件與 `forms/LOOKUP_MISSES.md`（R-G14）之登錄**本包未做** ——
features/vsm_v43/docs/upstream/01_sources_recon.md	422	R-G14	LEDGER	CONTEXT_KW	R-G13 三要件與 `forms/LOOKUP_MISSES.md`（R-G14）之登錄**本包未做** ——
features/vsm_v43/docs/upstream/01_sources_recon.md	423	R-G13	LEDGER	CONTEXT_KW	理由：R-G13 之「查無」須滿足三要件，而段 1 之 R-P368(b) 擴充比對尚未施作（見 7.2），
features/vsm_v43/docs/upstream/01_sources_recon.md	425	R-G13	LEDGER	CONTEXT_KW	TSV 之 `查無(R-G13)` 標籤因此**偏嚴**，此為本包之未竟項，列入 §十獨立判斷。
features/vsm_v43/docs/upstream/01_sources_recon.md	552	R-G25	FO	CONTEXT_KW	| `lint_paths` | **無關** | 四筆紅全在 `features/driver_distraction/workbook/*.xlsx`（2）、`ics_management/delivered/`（1）、`sw_update/delivered/`（1）。**本包新增之 `features/vsm_v43/sandbox/base/*.xlsx` 未判紅** —— `sandb
features/vsm_v43/docs/upstream/01_sources_recon.md	563	R-G13	LEDGER	CONTEXT_KW	命中 23／181。**故 §七 之「查無(R-G13)」102 列標籤偏嚴** ——
features/vsm_v43/docs/upstream/01_sources_recon.md	565	R-G13	LEDGER	CONTEXT_KW	而 R-G13 之「查無」須滿足三要件（本包未滿足，亦未登 `forms/LOOKUP_MISSES.md`）。
features/vsm_v43/docs/upstream/02_signal_redo.md	27	R-G13	LEDGER	CONTEXT_KW	| 正確地不動 | 舊 `signal_chain_v43.tsv` **不覆寫**（02 包明令，另存 v2）；`查無(R-G13)` 標籤**全面撤除**而非改判（R-VT10(c)）；擴充比對**只實作 02 包所列四規則**，`.` 分隔之變體只量測不採用（02 包 §七）；V42 側**只讀** `signal_chain_v42.tsv`，不存在即記「待 vsm_v42」；A-VT16
features/vsm_v43/docs/upstream/02_signal_redo.md	117	R-G13	LEDGER	CONTEXT_KW	| 未解得(止於段1) | **113** | —（原記 `查無(R-G13)` 102） |
features/vsm_v43/docs/upstream/02_signal_redo.md	120	R-G13	LEDGER	CONTEXT_KW	| 查無(R-G13) | **0** | 102 |
features/vsm_v43/docs/upstream/02_signal_redo.md	123	R-G13	LEDGER	CONTEXT_KW	**`查無(R-G13)` 歸零之理由**：R-VT10(c) —— 三要件（段 1 擴充比對已做、段 3 實查、
features/vsm_v43/docs/upstream/02_signal_redo.md	213	R-G13	LEDGER	CONTEXT_KW	B-1 依 R-VT9 重分類（0）、E9 基線 56、`查無(R-G13)` 標籤撤除、
features/vsm_v43/docs/upstream/02_signal_redo.md	242	R-G28	FO	CONTEXT_KW	依 R-VT10(e)，**不施作 R-G28 二欄表**。
features/vsm_v43/docs/upstream/03_signal_round2.md	126	R-G13	LEDGER	CONTEXT_KW	| 查無(R-G13) | 0 | **0** | 0 |
features/vsm_v43/docs/upstream/04_signal_atlantis.md	149	R-G13	LEDGER	CONTEXT_KW	| 查無(R-G13) | 0 | **0** | 0 |
features/vsm_v43/docs/upstream/05_p3_close.md	16	R-G13	AMBIGUOUS	BOTH_KW(1/1)	| E33 | B-1／查無(R-G13) | 0／0 | **0／0** | ✅ |
features/vsm_v43/docs/upstream/05_p3_close.md	114	R-G13	LEDGER	CONTEXT_KW	| **查無(R-G13)** | 0 | **0** | 0 |
features/vsm_v43/feature.yaml	14	R-G27	FO	CONTEXT_KW	# 素材落點依 R-VT5／R-G27：原檔入 `sources/raw/<doc_id>/`，本檔以 doc_id 引用。
features/vsm_v43/feature.yaml	17	R-G27	FO	CONTEXT_KW	# （5 件）。已依 R-G27 落 `sources/raw/<doc_id>/` 並清空 `inputs/`（01 包前提）。
scripts/canon_refs.py	2	R-G18	FO	CONTEXT_KW	"""""""canon 引用之唯一可解析性（R-G18）。"
scripts/canon_refs.py	7	R-G18	AMBIGUOUS	NO_KW	**本專案有兩份 canon**（R-G18 首跑所揭；「canon §X」之歧義主要源於此）：
scripts/canon_refs.py	23	R-G12	AMBIGUOUS	NO_KW	| `ruling`  | `R-G12` | FO §9.2 之全域條文編號（全域命名空間）|
scripts/canon_refs.py	39	R-G18	FO	CONTEXT_KW	**waiver（R-G18 之修訂版，24 包 §C 裁定 2）**：歷史 handoff / upstream 檔
scripts/canon_refs.py	72	R-G18	AMBIGUOUS	NO_KW	# **任何在被豁免行之上插入一行即製造一次假性新增** —— 而 R-G18 令
scripts/canon_refs.py	87	R-G18	AMBIGUOUS	NO_KW	# --- 使用／提及之二分（R-G18 之精度；27 包 §三）------------------------------
scripts/canon_refs.py	420	R-G18	FO	CONTEXT_KW	"ap = argparse.ArgumentParser(description=""canon 引用解析器（R-G18）"")"
scripts/expected_numbers.py	2	R-G16	FO	CONTEXT_KW	"""""""下放包之預期數字表（R-G16）。"
scripts/expected_numbers.py	4	R-G16	FO	CONTEXT_KW	R-G16 令下放包之預期數字由本工具自 `feature.yaml` + 批次清單 + `lint_defs`
scripts/expected_numbers.py	151	R-G16	FO	CONTEXT_KW	"L = [f""# 預期數字表 —— {c.feature} / {c.profile}（`expected_numbers.py` 產出，R-G16）"","
scripts/expected_numbers.py	178	R-G16	FO	CONTEXT_KW	"ap = argparse.ArgumentParser(description=""預期數字表（R-G16）"")"
scripts/extract_source.py	2	R-G27	FO	CONTEXT_KW	"""""""來源文件之文字形抽取（R-G27，27 包 §D-7）。"
scripts/extract_source.py	156	R-G27	AMBIGUOUS	NO_KW	"ap = argparse.ArgumentParser(description=""來源文件抽取（R-G27）"")"
scripts/gate_all.py	10	R-G18	FO	CONTEXT_KW	| `canon_refs.py --waiver --gate` | canon 引用之唯一可解析（R-G18）|
scripts/gate_all.py	11	R-G13	AMBIGUOUS	NO_KW	| `rulings_hash.py --check` | 條文指紋表與現行條文相符（R-G13）|
scripts/gate_all.py	12	R-G17	FO	CONTEXT_KW	| `gates_tsv.py --check` | 閘登錄簿與現行閘相符（R-G17）|
scripts/gate_all.py	13	R-G25	FO	CONTEXT_KW	| `lint_paths.py --gate` | 產出物落點與 delivered/ 之 sha 對照（R-G25，27 包接入）|
scripts/gates_tsv.py	2	R-G17	FO	CONTEXT_KW	"""""""閘登錄簿 `docs/runtime/GATES.tsv`（R-G17）。"
scripts/gates_tsv.py	4	R-G17	FO	CONTEXT_KW	R-G17 令每支 lint 閘登錄 id、判準一句話、來源裁決、生效日、近 10 輪命中數，
scripts/gates_tsv.py	133	R-G21	AMBIGUOUS	NO_KW	"""""""自 `selfcheck_map.py` 取 gate_id → 自查項之反向索引（R-G21）。"""""""
scripts/gates_tsv.py	195	R-G17	FO	CONTEXT_KW	"ap = argparse.ArgumentParser(description=""閘登錄簿（R-G17）"")"
scripts/intake.py	494	R-G27	FO	CONTEXT_KW	# --- sources/ 讀取路徑（R-G27，27 包 §D-7）-----------------------------------
scripts/intake.py	502	R-G27	FO	CONTEXT_KW	**既有 feature 之舊路徑一律 fallback**（R-G27：舊副本不搬）——
scripts/intake.py	556	R-G27	FO	CONTEXT_KW	# R-G27：原檔全 repo 一份 —— 不再搬入 inputs/，改以 sources/ 引用。
scripts/intake.py	557	R-G26	AMBIGUOUS	NO_KW	# _intake/ 之副本留原地，其為重複檔，由 Pei 依 R-G26 之清單處置。
scripts/intake.py	598	R-G27	AMBIGUOUS	NO_KW	"print(f""SOURCES (R-G27): {d}"")"
scripts/lint_paths.py	2	R-G25	AMBIGUOUS	NO_KW	"""""""產出物落點檢查（R-G25）。"
scripts/lint_paths.py	4	R-G25	AMBIGUOUS	NO_KW	R-G25 之政策**自生效日管新檔；既有檔案不搬移**——故本工具以一份
scripts/lint_paths.py	9	R-G25	FO	CONTEXT_KW	另檢 `delivered/` 之 sha 對照（R-G25 末句）：
scripts/lint_paths.py	26	R-G25	FO	CONTEXT_KW	# R-G25 之表：各副檔名於 `features/<f>/` 下之合法第一層目錄。
scripts/lint_paths.py	27	R-G24	AMBIGUOUS	NO_KW	# `inputs/` 為來源投遞之最終落點（R-G24 附記），非產出物，一併視為合法。
scripts/lint_paths.py	29	R-G25	FO	CONTEXT_KW	# `sandbox/` 為作業區，三種副檔名皆容——R-G25 之表對其只限定 xlsx 之
scripts/lint_paths.py	81	R-G25	FO	CONTEXT_KW	"""""""`delivered/` 之 sha 對照（R-G25 末句）。"""""""
scripts/lint_paths.py	108	R-G25	AMBIGUOUS	NO_KW	"ap = argparse.ArgumentParser(description=""產出物落點檢查（R-G25）"")"
scripts/prompt_fingerprint.py	2	R-G19	FO	CONTEXT_KW	"""""""批次 manifest 之 prompt／exemplar 指紋（R-G19）。"
scripts/prompt_fingerprint.py	4	R-G19	FO	CONTEXT_KW	R-G19 令每批之 manifest 記錄本批**實際使用**之 prompt 模板 sha256 與
scripts/prompt_fingerprint.py	146	R-G19	FO	CONTEXT_KW	"ap = argparse.ArgumentParser(description=""prompt／exemplar 指紋（R-G19）"")"
scripts/prompt_fingerprint.py	165	R-G19	AMBIGUOUS	NO_KW	"print(""\nR-G19：與前批不符而下放包未宣告變更者，該批退回。"", file=sys.stderr)"
scripts/rulings_hash.py	2	R-G13	FO	CONTEXT_KW	"""""""裁決條文之指紋表（R-G13）。"
scripts/rulings_hash.py	4	R-G13	FO	CONTEXT_KW	R-G13 以 `R-XX@<sha8>` 為下放包之引用格式，執行層自 repo 讀原文並回報
scripts/rulings_hash.py	44	R-G14	FO	CONTEXT_KW	# 不得只憑「slug 以條號起首」—— `### R-VS82 —— R-G14 綠色通道之生效起點`
scripts/rulings_hash.py	53	R-G13	FO	CONTEXT_KW	# 理由 —— R-G13 明定條文落各 feature 之 RULINGS.md，tsv 不涵蓋則引用制半殘：
scripts/rulings_hash.py	65	R-G22	FO	CONTEXT_KW	body_kind: str       # fenced | section —— `section` 者其二值相同（R-G22′ 之殘餘）
scripts/rulings_hash.py	105	R-G13	AMBIGUOUS	NO_KW	R-G13 之 sha 比對就會被當成噪音忽略，而**那正是 R-G13 之效力所繫**。
scripts/rulings_hash.py	105	R-G13	AMBIGUOUS	NO_KW	R-G13 之 sha 比對就會被當成噪音忽略，而**那正是 R-G13 之效力所繫**。
scripts/rulings_hash.py	123	R-G22	AMBIGUOUS	NO_KW	"""""""取條文本體（R-G22′，下放包 57 §二 #1）。"
scripts/rulings_hash.py	126	R-G23	AMBIGUOUS	NO_KW	**取全部而非首個**（下放包 58 §三 #2）：條文分成二框者（如 `R-G23` 與其
scripts/rulings_hash.py	130	R-G13	AMBIGUOUS	NO_KW	**該類條之 `body_sha` 與 `section_sha` 相同，R-G13 之假性不符對其未解**
scripts/rulings_hash.py	263	R-G13	AMBIGUOUS	NO_KW	"ap = argparse.ArgumentParser(description=""裁決條文指紋表（R-G13）"")"
scripts/selfcheck_map.py	2	R-G21	FO	CONTEXT_KW	"""""""IN §9 自查表之機檢對映（R-G21@`1230e795`）。"
scripts/selfcheck_map.py	4	R-G21	FO	CONTEXT_KW	R-G21 令 §9 自查表**逐項標註其保證來源**：有對應 lint 閘者記閘 id
scripts/selfcheck_map.py	100	R-G21	AMBIGUOUS	NO_KW	"raise SystemExit(f""對映表與 IN §9 之項目不一致：{missing}（R-G21 令 17 項全數分類）"")"
scripts/selfcheck_map.py	126	R-G21	FO	CONTEXT_KW	"ap = argparse.ArgumentParser(description=""自查表機檢對映（R-G21）"")"
scripts/workspace_gc.py	2	R-G26	FO	CONTEXT_KW	"""""""工作區清理候選（R-G26，27 包 §D-6）。"
scripts/workspace_gc.py	14	R-G26	AMBIGUOUS	NO_KW	刪除由 Pei 依清單以**專門 commit** 為之（R-G26）。
scripts/workspace_gc.py	123	R-G26	FO	CONTEXT_KW	"ap = argparse.ArgumentParser(description=""工作區清理候選（R-G26）；本工具不刪檔"")"
scripts/workspace_gc.py	145	R-G26	AMBIGUOUS	NO_KW	"rows.append((feature, ""—"", ""無候選"", ""已掃，無符合 R-G26 之候選""))"
