file	sha12	sheet	row	col	klass	rule	old_text	new_text
pm_29.xlsx	35305835796a	Test Case Specification&Result	10	proc	mechanical	d-read	1. Read the signal $STATUS_TELEMATIC.PowerSts_Telematic$ and check that it is 4 (Full_Operation)	1. Read STATUS_TELEMATIC.PowerSts_Telematic and check that it is 4 (Full_Operation)
pm_29.xlsx	35305835796a	Test Case Specification&Result	10	er	needs_ruling	er-tail-is-received→is sent <時機>	1. The signal value $STATUS_TELEMATIC.PowerSts_Telematic$ = 4 (Full_Operation) is received	
pm_29.xlsx	35305835796a	Test Case Specification&Result	11	proc	mechanical	d-read	1. Read the signal $STATUS_TELEMATIC.PowerSts_Telematic$ and check that it is 4 (Full_Operation)	1. Read STATUS_TELEMATIC.PowerSts_Telematic and check that it is 4 (Full_Operation)
pm_29.xlsx	35305835796a	Test Case Specification&Result	11	er	needs_ruling	er-tail-is-received→is sent <時機>	1. The signal value $STATUS_TELEMATIC.PowerSts_Telematic$ = 4 (Full_Operation) is received	
pm_29.xlsx	35305835796a	Test Case Specification&Result	12	proc	mechanical	d-read	1. Read the signal $STATUS_TELEMATIC.PowerSts_Telematic$ and check that it is 4 (Full_Operation)	1. Read STATUS_TELEMATIC.PowerSts_Telematic and check that it is 4 (Full_Operation)
pm_29.xlsx	35305835796a	Test Case Specification&Result	12	er	needs_ruling	er-tail-is-received→is sent <時機>	1. The signal value $STATUS_TELEMATIC.PowerSts_Telematic$ = 4 (Full_Operation) is received	
pm_29.xlsx	35305835796a	Test Case Specification&Result	13	proc	mechanical	d-read	1. Read the signal $STATUS_TELEMATIC.PowerSts_Telematic$ and check that it is 4 (Full_Operation)	1. Read STATUS_TELEMATIC.PowerSts_Telematic and check that it is 4 (Full_Operation)
pm_29.xlsx	35305835796a	Test Case Specification&Result	13	er	needs_ruling	er-tail-is-received→is sent <時機>	1. The signal value $STATUS_TELEMATIC.PowerSts_Telematic$ = 4 (Full_Operation) is received	
pm_29.xlsx	35305835796a	Test Case Specification&Result	14	proc	mechanical	c-send	1. Send the signal $STATUS_BH_BCM1.OperationalModeSts$ = 5 (Ignition_Pre_Start)	1. Send CAN: STATUS_BH_BCM1.OperationalModeSts = 5 (Ignition_Pre_Start)
pm_29.xlsx	35305835796a	Test Case Specification&Result	14	proc	mechanical	d-read	2. Read the signal $STATUS_TELEMATIC.PowerSts_Telematic$ and check that it is 4 (Full_Operation)	2. Read STATUS_TELEMATIC.PowerSts_Telematic and check that it is 4 (Full_Operation)
pm_29.xlsx	35305835796a	Test Case Specification&Result	14	er	mechanical	d-er-signal	1. The signal $STATUS_BH_BCM1.OperationalModeSts$ = 5 (Ignition_Pre_Start) is registered without a bus error	1. STATUS_BH_BCM1.OperationalModeSts = 5 (Ignition_Pre_Start) is registered without a bus error
pm_29.xlsx	35305835796a	Test Case Specification&Result	14	er	needs_ruling	er-tail-is-received→is sent <時機>	2. The signal value $STATUS_TELEMATIC.PowerSts_Telematic$ = 4 (Full_Operation) is received	
pm_29.xlsx	35305835796a	Test Case Specification&Result	15	proc	mechanical	c-send	1. Send the signal $STATUS_BH_BCM1.OperationalModeSts$ = 6 (Ignition_Start)	1. Send CAN: STATUS_BH_BCM1.OperationalModeSts = 6 (Ignition_Start)
pm_29.xlsx	35305835796a	Test Case Specification&Result	15	proc	mechanical	d-read	2. Read the signal $STATUS_TELEMATIC.PowerSts_Telematic$ and check that it is 4 (Full_Operation)	2. Read STATUS_TELEMATIC.PowerSts_Telematic and check that it is 4 (Full_Operation)
pm_29.xlsx	35305835796a	Test Case Specification&Result	15	er	mechanical	d-er-signal	1. The signal $STATUS_BH_BCM1.OperationalModeSts$ = 6 (Ignition_Start) is registered without a bus error	1. STATUS_BH_BCM1.OperationalModeSts = 6 (Ignition_Start) is registered without a bus error
pm_29.xlsx	35305835796a	Test Case Specification&Result	15	er	needs_ruling	er-tail-is-received→is sent <時機>	2. The signal value $STATUS_TELEMATIC.PowerSts_Telematic$ = 4 (Full_Operation) is received	
pm_29.xlsx	35305835796a	Test Case Specification&Result	16	proc	mechanical	c-send	1. Send the signal $STATUS_BH_BCM1.OperationalModeSts$ = 7 (Ignition_Cranking)	1. Send CAN: STATUS_BH_BCM1.OperationalModeSts = 7 (Ignition_Cranking)
pm_29.xlsx	35305835796a	Test Case Specification&Result	16	proc	mechanical	d-read	2. Read the signal $STATUS_TELEMATIC.PowerSts_Telematic$ and check that it is 4 (Full_Operation)	2. Read STATUS_TELEMATIC.PowerSts_Telematic and check that it is 4 (Full_Operation)
pm_29.xlsx	35305835796a	Test Case Specification&Result	16	er	mechanical	d-er-signal	1. The signal $STATUS_BH_BCM1.OperationalModeSts$ = 7 (Ignition_Cranking) is registered without a bus error	1. STATUS_BH_BCM1.OperationalModeSts = 7 (Ignition_Cranking) is registered without a bus error
pm_29.xlsx	35305835796a	Test Case Specification&Result	16	er	needs_ruling	er-tail-is-received→is sent <時機>	2. The signal value $STATUS_TELEMATIC.PowerSts_Telematic$ = 4 (Full_Operation) is received	
pm_29.xlsx	35305835796a	Test Case Specification&Result	17	proc	mechanical	c-send	1. Send the signal $STATUS_BH_BCM1.OperationalModeSts$ = 8 (Ignition_On_EngOn)	1. Send CAN: STATUS_BH_BCM1.OperationalModeSts = 8 (Ignition_On_EngOn)
pm_29.xlsx	35305835796a	Test Case Specification&Result	17	proc	mechanical	d-read	2. Read the signal $STATUS_TELEMATIC.PowerSts_Telematic$ and check that it is 4 (Full_Operation)	2. Read STATUS_TELEMATIC.PowerSts_Telematic and check that it is 4 (Full_Operation)
pm_29.xlsx	35305835796a	Test Case Specification&Result	17	er	mechanical	d-er-signal	1. The signal $STATUS_BH_BCM1.OperationalModeSts$ = 8 (Ignition_On_EngOn) is registered without a bus error	1. STATUS_BH_BCM1.OperationalModeSts = 8 (Ignition_On_EngOn) is registered without a bus error
pm_29.xlsx	35305835796a	Test Case Specification&Result	17	er	needs_ruling	er-tail-is-received→is sent <時機>	2. The signal value $STATUS_TELEMATIC.PowerSts_Telematic$ = 4 (Full_Operation) is received	
pm_29.xlsx	35305835796a	Test Case Specification&Result	21	proc	mechanical	d-read	1. Read the signal $STATUS_TELEMATIC.PowerSts_Telematic$ and check that it is 3 (Idle)	1. Read STATUS_TELEMATIC.PowerSts_Telematic and check that it is 3 (Idle)
pm_29.xlsx	35305835796a	Test Case Specification&Result	21	er	needs_ruling	er-tail-is-received→is sent <時機>	1. The signal value $STATUS_TELEMATIC.PowerSts_Telematic$ = 3 (Idle) is received	
pm_29.xlsx	35305835796a	Test Case Specification&Result	22	proc	mechanical	d-read	1. Read the signal $STATUS_TELEMATIC.PowerSts_Telematic$ and check that it is 3 (Idle)	1. Read STATUS_TELEMATIC.PowerSts_Telematic and check that it is 3 (Idle)
pm_29.xlsx	35305835796a	Test Case Specification&Result	22	er	needs_ruling	er-tail-is-received→is sent <時機>	1. The signal value $STATUS_TELEMATIC.PowerSts_Telematic$ = 3 (Idle) is received	
pm_29.xlsx	35305835796a	Test Case Specification&Result	25	proc	mechanical	c-send	1. Send the signal $STATUS_BH_BCM2.RemStActvSts$ = 1 (Remote Start Active)	1. Send CAN: STATUS_BH_BCM2.RemStActvSts = 1 (Remote Start Active)
pm_29.xlsx	35305835796a	Test Case Specification&Result	25	proc	mechanical	d-read	2. Read the signal $STATUS_TELEMATIC.PowerSts_Telematic$ and check that it is 7 (Partial_Operation)	2. Read STATUS_TELEMATIC.PowerSts_Telematic and check that it is 7 (Partial_Operation)
pm_29.xlsx	35305835796a	Test Case Specification&Result	25	er	mechanical	d-er-signal	1. The signal $STATUS_BH_BCM2.RemStActvSts$ = 1 (Remote Start Active) is registered without a bus error	1. STATUS_BH_BCM2.RemStActvSts = 1 (Remote Start Active) is registered without a bus error
pm_29.xlsx	35305835796a	Test Case Specification&Result	25	er	needs_ruling	er-tail-is-received→is sent <時機>	2. The signal value $STATUS_TELEMATIC.PowerSts_Telematic$ = 7 (Partial_Operation) is received	
pm_29.xlsx	35305835796a	Test Case Specification&Result	26	proc	mechanical	c-send	1. Send the signal $STATUS_BH_BCM2.RemStActvSts$ = 1 (Remote Start Active)	1. Send CAN: STATUS_BH_BCM2.RemStActvSts = 1 (Remote Start Active)
pm_29.xlsx	35305835796a	Test Case Specification&Result	26	proc	mechanical	d-read	2. Read the signal $STATUS_TELEMATIC.PowerSts_Telematic$ and check that it is 7 (Partial_Operation)	2. Read STATUS_TELEMATIC.PowerSts_Telematic and check that it is 7 (Partial_Operation)
pm_29.xlsx	35305835796a	Test Case Specification&Result	26	er	mechanical	d-er-signal	1. The signal $STATUS_BH_BCM2.RemStActvSts$ = 1 (Remote Start Active) is registered without a bus error	1. STATUS_BH_BCM2.RemStActvSts = 1 (Remote Start Active) is registered without a bus error
pm_29.xlsx	35305835796a	Test Case Specification&Result	26	er	needs_ruling	er-tail-is-received→is sent <時機>	2. The signal value $STATUS_TELEMATIC.PowerSts_Telematic$ = 7 (Partial_Operation) is received	
pm_29.xlsx	35305835796a	Test Case Specification&Result	27	proc	mechanical	c-send	1. Send the signal $STATUS_BH_BCM2.RemStActvSts$ = 1 (Remote Start Active)	1. Send CAN: STATUS_BH_BCM2.RemStActvSts = 1 (Remote Start Active)
pm_29.xlsx	35305835796a	Test Case Specification&Result	27	proc	mechanical	d-read	2. Read the signal $STATUS_TELEMATIC.PowerSts_Telematic$ and check that it is 7 (Partial_Operation)	2. Read STATUS_TELEMATIC.PowerSts_Telematic and check that it is 7 (Partial_Operation)
pm_29.xlsx	35305835796a	Test Case Specification&Result	27	er	mechanical	d-er-signal	1. The signal $STATUS_BH_BCM2.RemStActvSts$ = 1 (Remote Start Active) is registered without a bus error	1. STATUS_BH_BCM2.RemStActvSts = 1 (Remote Start Active) is registered without a bus error
pm_29.xlsx	35305835796a	Test Case Specification&Result	27	er	needs_ruling	er-tail-is-received→is sent <時機>	2. The signal value $STATUS_TELEMATIC.PowerSts_Telematic$ = 7 (Partial_Operation) is received	
pm_29.xlsx	35305835796a	Test Case Specification&Result	31	proc	mechanical	d-read	1. Read the signal $STATUS_TELEMATIC.PowerSts_Telematic$ and check that it is 2 (Timed)	1. Read STATUS_TELEMATIC.PowerSts_Telematic and check that it is 2 (Timed)
pm_29.xlsx	35305835796a	Test Case Specification&Result	31	er	needs_ruling	er-tail-is-received→is sent <時機>	1. The signal value $STATUS_TELEMATIC.PowerSts_Telematic$ = 2 (Timed) is received	
pm_29.xlsx	35305835796a	Test Case Specification&Result	32	proc	mechanical	d-read	1. Read the signal $STATUS_TELEMATIC.PowerSts_Telematic$ and check that it is 2 (Timed)	1. Read STATUS_TELEMATIC.PowerSts_Telematic and check that it is 2 (Timed)
pm_29.xlsx	35305835796a	Test Case Specification&Result	32	er	needs_ruling	er-tail-is-received→is sent <時機>	1. The signal value $STATUS_TELEMATIC.PowerSts_Telematic$ = 2 (Timed) is received	
pm_29.xlsx	35305835796a	Test Case Specification&Result	33	proc	mechanical	d-read	1. Read the signal $STATUS_TELEMATIC.PowerSts_Telematic$ and check that it is 2 (Timed)	1. Read STATUS_TELEMATIC.PowerSts_Telematic and check that it is 2 (Timed)
pm_29.xlsx	35305835796a	Test Case Specification&Result	33	er	needs_ruling	er-tail-is-received→is sent <時機>	1. The signal value $STATUS_TELEMATIC.PowerSts_Telematic$ = 2 (Timed) is received	
pm_29.xlsx	35305835796a	Test Case Specification&Result	34	proc	mechanical	d-read	1. Read the signal $STATUS_TELEMATIC.PowerSts_Telematic$ and check that it is 2 (Timed)	1. Read STATUS_TELEMATIC.PowerSts_Telematic and check that it is 2 (Timed)
pm_29.xlsx	35305835796a	Test Case Specification&Result	34	proc	mechanical	d-read	3. Read the signal $STATUS_TELEMATIC.PowerSts_Telematic$ and check that it is no longer 2 (Timed)	3. Read STATUS_TELEMATIC.PowerSts_Telematic and check that it is no longer 2 (Timed)
pm_29.xlsx	35305835796a	Test Case Specification&Result	34	er	needs_ruling	er-tail-is-received→is sent <時機>	1. The signal value $STATUS_TELEMATIC.PowerSts_Telematic$ = 2 (Timed) is received	
pm_29.xlsx	35305835796a	Test Case Specification&Result	34	er	mechanical	d-er-value	3. The signal value $STATUS_TELEMATIC.PowerSts_Telematic$ is no longer 2 (Timed)	3. STATUS_TELEMATIC.PowerSts_Telematic is no longer 2 (Timed)
pm_29.xlsx	35305835796a	Test Case Specification&Result	35	proc	mechanical	d-read	1. Read the signal $STATUS_TELEMATIC.PowerSts_Telematic$ and check that it is 2 (Timed)	1. Read STATUS_TELEMATIC.PowerSts_Telematic and check that it is 2 (Timed)
pm_29.xlsx	35305835796a	Test Case Specification&Result	35	er	needs_ruling	er-tail-is-received→is sent <時機>	1. The signal value $STATUS_TELEMATIC.PowerSts_Telematic$ = 2 (Timed) is received	
pm_29.xlsx	35305835796a	Test Case Specification&Result	39	proc	mechanical	d-read	1. Read the signal $STATUS_TELEMATIC.PowerSts_Telematic$ and check that it is 1 (Standby)	1. Read STATUS_TELEMATIC.PowerSts_Telematic and check that it is 1 (Standby)
pm_29.xlsx	35305835796a	Test Case Specification&Result	39	er	needs_ruling	er-tail-is-received→is sent <時機>	1. The signal value $STATUS_TELEMATIC.PowerSts_Telematic$ = 1 (Standby) is received	
pm_29.xlsx	35305835796a	Test Case Specification&Result	40	proc	mechanical	d-read	1. Read the signal $STATUS_TELEMATIC.PowerSts_Telematic$ and check that it is 1 (Standby)	1. Read STATUS_TELEMATIC.PowerSts_Telematic and check that it is 1 (Standby)
pm_29.xlsx	35305835796a	Test Case Specification&Result	40	er	needs_ruling	er-tail-is-received→is sent <時機>	1. The signal value $STATUS_TELEMATIC.PowerSts_Telematic$ = 1 (Standby) is received	
pm_29.xlsx	35305835796a	Test Case Specification&Result	41	proc	mechanical	d-read	1. Read the signal $STATUS_TELEMATIC.PowerSts_Telematic$ and check that it is 1 (Standby)	1. Read STATUS_TELEMATIC.PowerSts_Telematic and check that it is 1 (Standby)
pm_29.xlsx	35305835796a	Test Case Specification&Result	41	er	needs_ruling	er-tail-is-received→is sent <時機>	1. The signal value $STATUS_TELEMATIC.PowerSts_Telematic$ = 1 (Standby) is received	
pm_29.xlsx	35305835796a	Test Case Specification&Result	42	proc	mechanical	d-read	1. Read the signal $STATUS_TELEMATIC.PowerSts_Telematic$ and check that it is 1 (Standby)	1. Read STATUS_TELEMATIC.PowerSts_Telematic and check that it is 1 (Standby)
pm_29.xlsx	35305835796a	Test Case Specification&Result	42	er	needs_ruling	er-tail-is-received→is sent <時機>	1. The signal value $STATUS_TELEMATIC.PowerSts_Telematic$ = 1 (Standby) is received	
pm_29.xlsx	35305835796a	Test Case Specification&Result	43	proc	mechanical	d-read	1. Read the signal $STATUS_TELEMATIC.PowerSts_Telematic$ and check that it is 1 (Standby)	1. Read STATUS_TELEMATIC.PowerSts_Telematic and check that it is 1 (Standby)
pm_29.xlsx	35305835796a	Test Case Specification&Result	43	er	needs_ruling	er-tail-is-received→is sent <時機>	1. The signal value $STATUS_TELEMATIC.PowerSts_Telematic$ = 1 (Standby) is received	
pm_29.xlsx	35305835796a	Test Case Specification&Result	44	proc	mechanical	d-read	1. Read the signal $STATUS_TELEMATIC.PowerSts_Telematic$ and check that it is 1 (Standby)	1. Read STATUS_TELEMATIC.PowerSts_Telematic and check that it is 1 (Standby)
pm_29.xlsx	35305835796a	Test Case Specification&Result	44	er	needs_ruling	er-tail-is-received→is sent <時機>	1. The signal value $STATUS_TELEMATIC.PowerSts_Telematic$ = 1 (Standby) is received	
pm_29.xlsx	35305835796a	Test Case Specification&Result	45	proc	mechanical	d-read	2. Read the signal $STATUS_TELEMATIC.PowerSts_Telematic$ and check that it is 1 (Standby)	2. Read STATUS_TELEMATIC.PowerSts_Telematic and check that it is 1 (Standby)
pm_29.xlsx	35305835796a	Test Case Specification&Result	45	er	needs_ruling	er-tail-is-received→is sent <時機>	2. The signal value $STATUS_TELEMATIC.PowerSts_Telematic$ = 1 (Standby) is received	
pm_29.xlsx	35305835796a	Test Case Specification&Result	46	proc	mechanical	d-read	1. Read the signal $STATUS_TELEMATIC.PowerSts_Telematic$ and check that it is 0 (Sleep)	1. Read STATUS_TELEMATIC.PowerSts_Telematic and check that it is 0 (Sleep)
pm_29.xlsx	35305835796a	Test Case Specification&Result	46	er	needs_ruling	er-tail-is-received→is sent <時機>	1. The signal value $STATUS_TELEMATIC.PowerSts_Telematic$ = 0 (Sleep) is received	
pm_29.xlsx	35305835796a	Test Case Specification&Result	47	proc	mechanical	d-read	1. Read the signal $STATUS_TELEMATIC.PowerSts_Telematic$ and check that it is 0 (Sleep)	1. Read STATUS_TELEMATIC.PowerSts_Telematic and check that it is 0 (Sleep)
pm_29.xlsx	35305835796a	Test Case Specification&Result	47	er	needs_ruling	er-tail-is-received→is sent <時機>	1. The signal value $STATUS_TELEMATIC.PowerSts_Telematic$ = 0 (Sleep) is received	
pm_29.xlsx	35305835796a	Test Case Specification&Result	48	proc	mechanical	d-read	1. Read the signal $STATUS_TELEMATIC.PowerSts_Telematic$ and check that it is 0 (Sleep)	1. Read STATUS_TELEMATIC.PowerSts_Telematic and check that it is 0 (Sleep)
pm_29.xlsx	35305835796a	Test Case Specification&Result	48	er	needs_ruling	er-tail-is-received→is sent <時機>	1. The signal value $STATUS_TELEMATIC.PowerSts_Telematic$ = 0 (Sleep) is received	
pm_29.xlsx	35305835796a	Test Case Specification&Result	49	proc	mechanical	d-read	1. Read the signal $STATUS_TELEMATIC.PowerSts_Telematic$ and check that it is 0 (Sleep)	1. Read STATUS_TELEMATIC.PowerSts_Telematic and check that it is 0 (Sleep)
pm_29.xlsx	35305835796a	Test Case Specification&Result	49	er	needs_ruling	er-tail-is-received→is sent <時機>	1. The signal value $STATUS_TELEMATIC.PowerSts_Telematic$ = 0 (Sleep) is received	
pm_29.xlsx	35305835796a	Test Case Specification&Result	50	proc	mechanical	d-read	1. Read the signal $STATUS_TELEMATIC.PowerSts_Telematic$ and check that it is 0 (Sleep)	1. Read STATUS_TELEMATIC.PowerSts_Telematic and check that it is 0 (Sleep)
pm_29.xlsx	35305835796a	Test Case Specification&Result	50	er	needs_ruling	er-tail-is-received→is sent <時機>	1. The signal value $STATUS_TELEMATIC.PowerSts_Telematic$ = 0 (Sleep) is received	
pm_29.xlsx	35305835796a	Test Case Specification&Result	51	proc	mechanical	d-read	1. Read the signal $STATUS_TELEMATIC.PowerSts_Telematic$ and check that it is 0 (Sleep)	1. Read STATUS_TELEMATIC.PowerSts_Telematic and check that it is 0 (Sleep)
pm_29.xlsx	35305835796a	Test Case Specification&Result	51	er	needs_ruling	er-tail-is-received→is sent <時機>	1. The signal value $STATUS_TELEMATIC.PowerSts_Telematic$ = 0 (Sleep) is received	
pm_29.xlsx	35305835796a	Test Case Specification&Result	52	proc	mechanical	d-read	2. Read the signal $STATUS_TELEMATIC.PowerSts_Telematic$ and check that it is 0 (Sleep)	2. Read STATUS_TELEMATIC.PowerSts_Telematic and check that it is 0 (Sleep)
pm_29.xlsx	35305835796a	Test Case Specification&Result	52	er	needs_ruling	er-tail-is-received→is sent <時機>	2. The signal value $STATUS_TELEMATIC.PowerSts_Telematic$ = 0 (Sleep) is received	
pm_29.xlsx	35305835796a	Test Case Specification&Result	53	proc	mechanical	d-read	2. Read the signal $STATUS_TELEMATIC.PowerSts_Telematic$ and check that it is 6 (Bench)	2. Read STATUS_TELEMATIC.PowerSts_Telematic and check that it is 6 (Bench)
pm_29.xlsx	35305835796a	Test Case Specification&Result	53	er	needs_ruling	er-tail-is-received→is sent <時機>	2. The signal value $STATUS_TELEMATIC.PowerSts_Telematic$ = 6 (Bench) is received	
pm_29.xlsx	35305835796a	Test Case Specification&Result	54	proc	mechanical	d-read	2. Read the signal $STATUS_TELEMATIC.PowerSts_Telematic$ and check that it is 6 (Bench)	2. Read STATUS_TELEMATIC.PowerSts_Telematic and check that it is 6 (Bench)
pm_29.xlsx	35305835796a	Test Case Specification&Result	54	er	needs_ruling	er-tail-is-received→is sent <時機>	2. The signal value $STATUS_TELEMATIC.PowerSts_Telematic$ = 6 (Bench) is received	
pm_29.xlsx	35305835796a	Test Case Specification&Result	55	proc	mechanical	d-read	2. Read the signal $STATUS_TELEMATIC.PowerSts_Telematic$ and check that it is 6 (Bench)	2. Read STATUS_TELEMATIC.PowerSts_Telematic and check that it is 6 (Bench)
pm_29.xlsx	35305835796a	Test Case Specification&Result	55	er	needs_ruling	er-tail-is-received→is sent <時機>	2. The signal value $STATUS_TELEMATIC.PowerSts_Telematic$ = 6 (Bench) is received	
pm_29.xlsx	35305835796a	Test Case Specification&Result	61	proc	mechanical	d-read	2. Read the signal $STATUS_TELEMATIC.PowerSts_Telematic$ and check that it is 0 (Sleep)	2. Read STATUS_TELEMATIC.PowerSts_Telematic and check that it is 0 (Sleep)
pm_29.xlsx	35305835796a	Test Case Specification&Result	61	proc	mechanical	c-send	3. Send the signal $STATUS_BH_BCM1.OperationalModeSts$ = 4 (Ignition_On) and check that the HU powers up automatically and shows the splash screen	3. Send CAN: STATUS_BH_BCM1.OperationalModeSts = 4 (Ignition_On) and check that the HU powers up automatically and shows the splash screen
pm_29.xlsx	35305835796a	Test Case Specification&Result	61	er	needs_ruling	er-tail-is-received→is sent <時機>	2. The signal value $STATUS_TELEMATIC.PowerSts_Telematic$ = 0 (Sleep) is received	
pm_29.xlsx	35305835796a	Test Case Specification&Result	62	proc	mechanical	d-read	2. Read the signal $STATUS_TELEMATIC.PowerSts_Telematic$ and check that it is 0 (Sleep)	2. Read STATUS_TELEMATIC.PowerSts_Telematic and check that it is 0 (Sleep)
pm_29.xlsx	35305835796a	Test Case Specification&Result	62	er	needs_ruling	er-tail-is-received→is sent <時機>	2. The signal value $STATUS_TELEMATIC.PowerSts_Telematic$ = 0 (Sleep) is received	
pm_29.xlsx	35305835796a	Test Case Specification&Result	63	proc	mechanical	d-read	2. Read the signal $STATUS_TELEMATIC.PowerSts_Telematic$ and check that it is 0 (Sleep)	2. Read STATUS_TELEMATIC.PowerSts_Telematic and check that it is 0 (Sleep)
pm_29.xlsx	35305835796a	Test Case Specification&Result	63	er	needs_ruling	er-tail-is-received→is sent <時機>	2. The signal value $STATUS_TELEMATIC.PowerSts_Telematic$ = 0 (Sleep) is received	
pm_29.xlsx	35305835796a	Test Case Specification&Result	64	proc	mechanical	d-read	2. Read the signal $STATUS_TELEMATIC.PowerSts_Telematic$ and check that it is 0 (Sleep)	2. Read STATUS_TELEMATIC.PowerSts_Telematic and check that it is 0 (Sleep)
pm_29.xlsx	35305835796a	Test Case Specification&Result	64	er	needs_ruling	er-tail-is-received→is sent <時機>	2. The signal value $STATUS_TELEMATIC.PowerSts_Telematic$ = 0 (Sleep) is received	
pm_29.xlsx	35305835796a	Test Case Specification&Result	65	proc	mechanical	d-read	2. Read the signal $STATUS_TELEMATIC.PowerSts_Telematic$ and check that it is 0 (Sleep)	2. Read STATUS_TELEMATIC.PowerSts_Telematic and check that it is 0 (Sleep)
pm_29.xlsx	35305835796a	Test Case Specification&Result	65	er	needs_ruling	er-tail-is-received→is sent <時機>	2. The signal value $STATUS_TELEMATIC.PowerSts_Telematic$ = 0 (Sleep) is received	
pm_29.xlsx	35305835796a	Test Case Specification&Result	70	proc	mechanical	d-read	2. Read the signal $STATUS_TELEMATIC.PowerSts_Telematic$ and check that it is 0 (Sleep)	2. Read STATUS_TELEMATIC.PowerSts_Telematic and check that it is 0 (Sleep)
pm_29.xlsx	35305835796a	Test Case Specification&Result	70	er	needs_ruling	er-tail-is-received→is sent <時機>	2. The signal value $STATUS_TELEMATIC.PowerSts_Telematic$ = 0 (Sleep) is received	
pm_29.xlsx	35305835796a	Test Case Specification&Result	71	proc	mechanical	d-read	2. Read the signal $STATUS_TELEMATIC.PowerSts_Telematic$ and check that it is 4 (Full_Operation)	2. Read STATUS_TELEMATIC.PowerSts_Telematic and check that it is 4 (Full_Operation)
pm_29.xlsx	35305835796a	Test Case Specification&Result	71	er	needs_ruling	er-tail-is-received→is sent <時機>	2. The signal value $STATUS_TELEMATIC.PowerSts_Telematic$ = 4 (Full_Operation) is received	
pm_29.xlsx	35305835796a	Test Case Specification&Result	72	proc	mechanical	d-read	3. Read the signal $STATUS_TELEMATIC.PowerSts_Telematic$ and check that it is 4 (Full_Operation)	3. Read STATUS_TELEMATIC.PowerSts_Telematic and check that it is 4 (Full_Operation)
pm_29.xlsx	35305835796a	Test Case Specification&Result	72	er	needs_ruling	er-tail-is-received→is sent <時機>	3. The signal value $STATUS_TELEMATIC.PowerSts_Telematic$ = 4 (Full_Operation) is received	
pm_29.xlsx	35305835796a	Test Case Specification&Result	73	proc	mechanical	d-read	2. Read the signal $STATUS_TELEMATIC.PowerSts_Telematic$ and check that it is 4 (Full_Operation)	2. Read STATUS_TELEMATIC.PowerSts_Telematic and check that it is 4 (Full_Operation)
pm_29.xlsx	35305835796a	Test Case Specification&Result	73	er	needs_ruling	er-tail-is-received→is sent <時機>	2. The signal value $STATUS_TELEMATIC.PowerSts_Telematic$ = 4 (Full_Operation) is received	
pm_29.xlsx	35305835796a	Test Case Specification&Result	74	proc	mechanical	d-read	2. Read the signal $STATUS_TELEMATIC.PowerSts_Telematic$ and check that it is 4 (Full_Operation)	2. Read STATUS_TELEMATIC.PowerSts_Telematic and check that it is 4 (Full_Operation)
pm_29.xlsx	35305835796a	Test Case Specification&Result	74	er	needs_ruling	er-tail-is-received→is sent <時機>	2. The signal value $STATUS_TELEMATIC.PowerSts_Telematic$ = 4 (Full_Operation) is received	
pm_29.xlsx	35305835796a	Test Case Specification&Result	75	proc	mechanical	d-read	2. Read the signal $STATUS_TELEMATIC.PowerSts_Telematic$ and check that it is 3 (Idle)	2. Read STATUS_TELEMATIC.PowerSts_Telematic and check that it is 3 (Idle)
pm_29.xlsx	35305835796a	Test Case Specification&Result	75	er	needs_ruling	er-tail-is-received→is sent <時機>	2. The signal value $STATUS_TELEMATIC.PowerSts_Telematic$ = 3 (Idle) is received	
pm_29.xlsx	35305835796a	Test Case Specification&Result	76	proc	mechanical	d-read	2. Read the signal $STATUS_TELEMATIC.PowerSts_Telematic$ and check that it is 4 (Full_Operation)	2. Read STATUS_TELEMATIC.PowerSts_Telematic and check that it is 4 (Full_Operation)
pm_29.xlsx	35305835796a	Test Case Specification&Result	76	er	needs_ruling	er-tail-is-received→is sent <時機>	2. The signal value $STATUS_TELEMATIC.PowerSts_Telematic$ = 4 (Full_Operation) is received	
pm_29.xlsx	35305835796a	Test Case Specification&Result	81	proc	mechanical	d-read	2. Read the signal $STATUS_TELEMATIC.PowerSts_Telematic$ and check that it is 0 (Sleep)	2. Read STATUS_TELEMATIC.PowerSts_Telematic and check that it is 0 (Sleep)
pm_29.xlsx	35305835796a	Test Case Specification&Result	81	er	needs_ruling	er-tail-is-received→is sent <時機>	2. The signal value $STATUS_TELEMATIC.PowerSts_Telematic$ = 0 (Sleep) is received	
pm_29.xlsx	35305835796a	Test Case Specification&Result	82	proc	mechanical	c-send	1. Send the signal $STATUS_BH_BCM2.RemStActvSts$ = 1 (Remote Start Active)	1. Send CAN: STATUS_BH_BCM2.RemStActvSts = 1 (Remote Start Active)
pm_29.xlsx	35305835796a	Test Case Specification&Result	82	proc	mechanical	d-read	2. Read the signal $STATUS_TELEMATIC.PowerSts_Telematic$ and check that it is 7 (Partial_Operation)	2. Read STATUS_TELEMATIC.PowerSts_Telematic and check that it is 7 (Partial_Operation)
pm_29.xlsx	35305835796a	Test Case Specification&Result	82	er	mechanical	d-er-signal	1. The signal $STATUS_BH_BCM2.RemStActvSts$ = 1 (Remote Start Active) is registered without a bus error	1. STATUS_BH_BCM2.RemStActvSts = 1 (Remote Start Active) is registered without a bus error
pm_29.xlsx	35305835796a	Test Case Specification&Result	82	er	needs_ruling	er-tail-is-received→is sent <時機>	2. The signal value $STATUS_TELEMATIC.PowerSts_Telematic$ = 7 (Partial_Operation) is received	
pm_29.xlsx	35305835796a	Test Case Specification&Result	83	proc	mechanical	c-send	1. Send the signal $STATUS_BH_BCM2.RemStActvSts$ = 1 (Remote Start Active)	1. Send CAN: STATUS_BH_BCM2.RemStActvSts = 1 (Remote Start Active)
pm_29.xlsx	35305835796a	Test Case Specification&Result	83	proc	mechanical	d-read	2. Read the signal $STATUS_TELEMATIC.PowerSts_Telematic$ and check that it is 7 (Partial_Operation)	2. Read STATUS_TELEMATIC.PowerSts_Telematic and check that it is 7 (Partial_Operation)
pm_29.xlsx	35305835796a	Test Case Specification&Result	83	er	mechanical	d-er-signal	1. The signal $STATUS_BH_BCM2.RemStActvSts$ = 1 (Remote Start Active) is registered without a bus error	1. STATUS_BH_BCM2.RemStActvSts = 1 (Remote Start Active) is registered without a bus error
pm_29.xlsx	35305835796a	Test Case Specification&Result	83	er	needs_ruling	er-tail-is-received→is sent <時機>	2. The signal value $STATUS_TELEMATIC.PowerSts_Telematic$ = 7 (Partial_Operation) is received	
pm_29.xlsx	35305835796a	Test Case Specification&Result	84	proc	mechanical	c-send	1. Send the signal $STATUS_BH_BCM2.RemStActvSts$ = 1 (Remote Start Active)	1. Send CAN: STATUS_BH_BCM2.RemStActvSts = 1 (Remote Start Active)
pm_29.xlsx	35305835796a	Test Case Specification&Result	84	proc	mechanical	d-read	2. Read the signal $STATUS_TELEMATIC.PowerSts_Telematic$ and check that it is 7 (Partial_Operation)	2. Read STATUS_TELEMATIC.PowerSts_Telematic and check that it is 7 (Partial_Operation)
pm_29.xlsx	35305835796a	Test Case Specification&Result	84	er	mechanical	d-er-signal	1. The signal $STATUS_BH_BCM2.RemStActvSts$ = 1 (Remote Start Active) is registered without a bus error	1. STATUS_BH_BCM2.RemStActvSts = 1 (Remote Start Active) is registered without a bus error
pm_29.xlsx	35305835796a	Test Case Specification&Result	84	er	needs_ruling	er-tail-is-received→is sent <時機>	2. The signal value $STATUS_TELEMATIC.PowerSts_Telematic$ = 7 (Partial_Operation) is received	
pm_29.xlsx	35305835796a	Test Case Specification&Result	85	proc	mechanical	c-send	1. Send the signal $STATUS_BH_BCM2.RemStActvSts$ = 1 (Remote Start Active)	1. Send CAN: STATUS_BH_BCM2.RemStActvSts = 1 (Remote Start Active)
pm_29.xlsx	35305835796a	Test Case Specification&Result	85	proc	mechanical	d-read	2. Read the signal $STATUS_TELEMATIC.PowerSts_Telematic$ and check that it is 7 (Partial_Operation)	2. Read STATUS_TELEMATIC.PowerSts_Telematic and check that it is 7 (Partial_Operation)
pm_29.xlsx	35305835796a	Test Case Specification&Result	85	er	mechanical	d-er-signal	1. The signal $STATUS_BH_BCM2.RemStActvSts$ = 1 (Remote Start Active) is registered without a bus error	1. STATUS_BH_BCM2.RemStActvSts = 1 (Remote Start Active) is registered without a bus error
pm_29.xlsx	35305835796a	Test Case Specification&Result	85	er	needs_ruling	er-tail-is-received→is sent <時機>	2. The signal value $STATUS_TELEMATIC.PowerSts_Telematic$ = 7 (Partial_Operation) is received	
pm_29.xlsx	35305835796a	Test Case Specification&Result	86	proc	mechanical	d-read	1. Read the signal $STATUS_TELEMATIC.PowerSts_Telematic$ and check that it is 7 (Partial_Operation)	1. Read STATUS_TELEMATIC.PowerSts_Telematic and check that it is 7 (Partial_Operation)
pm_29.xlsx	35305835796a	Test Case Specification&Result	86	er	needs_ruling	er-tail-is-received→is sent <時機>	1. The signal value $STATUS_TELEMATIC.PowerSts_Telematic$ = 7 (Partial_Operation) is received	
pm_29.xlsx	35305835796a	Test Case Specification&Result	87	proc	mechanical	d-read	1. Read the signal $STATUS_TELEMATIC.PowerSts_Telematic$ and check that it is 7 (Partial_Operation)	1. Read STATUS_TELEMATIC.PowerSts_Telematic and check that it is 7 (Partial_Operation)
pm_29.xlsx	35305835796a	Test Case Specification&Result	87	er	needs_ruling	er-tail-is-received→is sent <時機>	1. The signal value $STATUS_TELEMATIC.PowerSts_Telematic$ = 7 (Partial_Operation) is received	
pm_29.xlsx	35305835796a	Test Case Specification&Result	88	proc	mechanical	d-read	1. Read the signal $STATUS_TELEMATIC.PowerSts_Telematic$ and check that it is 7 (Partial_Operation)	1. Read STATUS_TELEMATIC.PowerSts_Telematic and check that it is 7 (Partial_Operation)
pm_29.xlsx	35305835796a	Test Case Specification&Result	88	er	needs_ruling	er-tail-is-received→is sent <時機>	1. The signal value $STATUS_TELEMATIC.PowerSts_Telematic$ = 7 (Partial_Operation) is received	
pm_29.xlsx	35305835796a	Test Case Specification&Result	89	proc	mechanical	d-read	1. Read the signal $STATUS_TELEMATIC.PowerSts_Telematic$ and check that it is 7 (Partial_Operation)	1. Read STATUS_TELEMATIC.PowerSts_Telematic and check that it is 7 (Partial_Operation)
pm_29.xlsx	35305835796a	Test Case Specification&Result	89	er	needs_ruling	er-tail-is-received→is sent <時機>	1. The signal value $STATUS_TELEMATIC.PowerSts_Telematic$ = 7 (Partial_Operation) is received	
pm_29.xlsx	35305835796a	Test Case Specification&Result	90	proc	mechanical	d-read	1. Read the signal $STATUS_TELEMATIC.PowerSts_Telematic$ and check that it is 7 (Partial_Operation)	1. Read STATUS_TELEMATIC.PowerSts_Telematic and check that it is 7 (Partial_Operation)
pm_29.xlsx	35305835796a	Test Case Specification&Result	90	er	needs_ruling	er-tail-is-received→is sent <時機>	1. The signal value $STATUS_TELEMATIC.PowerSts_Telematic$ = 7 (Partial_Operation) is received	
pm_29.xlsx	35305835796a	Test Case Specification&Result	91	proc	mechanical	d-read	1. Read the signal $STATUS_TELEMATIC.PowerSts_Telematic$ and check that it is 7 (Partial_Operation)	1. Read STATUS_TELEMATIC.PowerSts_Telematic and check that it is 7 (Partial_Operation)
pm_29.xlsx	35305835796a	Test Case Specification&Result	91	er	needs_ruling	er-tail-is-received→is sent <時機>	1. The signal value $STATUS_TELEMATIC.PowerSts_Telematic$ = 7 (Partial_Operation) is received	
pm_29.xlsx	35305835796a	Test Case Specification&Result	93	proc	mechanical	c-send	1. Send the signal $STATUS_BH_BCM2.RemStActvSts$ = 1 (Remote Start Active)	1. Send CAN: STATUS_BH_BCM2.RemStActvSts = 1 (Remote Start Active)
pm_29.xlsx	35305835796a	Test Case Specification&Result	93	proc	mechanical	c-send	2. Send the signal $STATUS_BH_BCM2.RemStActvSts$ = 0 (Remote Start Not Active)	2. Send CAN: STATUS_BH_BCM2.RemStActvSts = 0 (Remote Start Not Active)
pm_29.xlsx	35305835796a	Test Case Specification&Result	93	er	mechanical	d-er-signal	1. The signal $STATUS_BH_BCM2.RemStActvSts$ = 1 (Remote Start Active) is sent	1. STATUS_BH_BCM2.RemStActvSts = 1 (Remote Start Active) is sent
pm_29.xlsx	35305835796a	Test Case Specification&Result	93	er	mechanical	d-er-signal	2. The signal $STATUS_BH_BCM2.RemStActvSts$ = 0 (Remote Start Not Active) is registered without a bus error	2. STATUS_BH_BCM2.RemStActvSts = 0 (Remote Start Not Active) is registered without a bus error
pm_29.xlsx	35305835796a	Test Case Specification&Result	95	proc	mechanical	c-send	1. Send the signal $STATUS_BH_BCM1.OperationalModeSts$ = 2 (Ignition_Off)	1. Send CAN: STATUS_BH_BCM1.OperationalModeSts = 2 (Ignition_Off)
pm_29.xlsx	35305835796a	Test Case Specification&Result	95	proc	mechanical	d-read	2. Read the signal $STATUS_TELEMATIC.PowerSts_Telematic$ and check that it is 1 (Standby)	2. Read STATUS_TELEMATIC.PowerSts_Telematic and check that it is 1 (Standby)
pm_29.xlsx	35305835796a	Test Case Specification&Result	95	er	mechanical	d-er-signal	1. The signal $STATUS_BH_BCM1.OperationalModeSts$ = 2 (Ignition_Off) is registered without a bus error	1. STATUS_BH_BCM1.OperationalModeSts = 2 (Ignition_Off) is registered without a bus error
pm_29.xlsx	35305835796a	Test Case Specification&Result	95	er	needs_ruling	er-tail-is-received→is sent <時機>	2. The signal value $STATUS_TELEMATIC.PowerSts_Telematic$ = 1 (Standby) is received	
pm_29.xlsx	35305835796a	Test Case Specification&Result	96	proc	mechanical	c-send	1. Send the signal $STATUS_BH_BCM1.OperationalModeSts$ = 2 (Ignition_Off)	1. Send CAN: STATUS_BH_BCM1.OperationalModeSts = 2 (Ignition_Off)
pm_29.xlsx	35305835796a	Test Case Specification&Result	96	proc	mechanical	d-read	2. Read the signal $STATUS_TELEMATIC.PowerSts_Telematic$ and check that it is 2 (Timed)	2. Read STATUS_TELEMATIC.PowerSts_Telematic and check that it is 2 (Timed)
pm_29.xlsx	35305835796a	Test Case Specification&Result	96	proc	mechanical	d-read	4. Read the signal $STATUS_TELEMATIC.PowerSts_Telematic$ and check that it is no longer 2 (Timed)	4. Read STATUS_TELEMATIC.PowerSts_Telematic and check that it is no longer 2 (Timed)
pm_29.xlsx	35305835796a	Test Case Specification&Result	96	er	mechanical	d-er-signal	1. The signal $STATUS_BH_BCM1.OperationalModeSts$ = 2 (Ignition_Off) is registered without a bus error	1. STATUS_BH_BCM1.OperationalModeSts = 2 (Ignition_Off) is registered without a bus error
pm_29.xlsx	35305835796a	Test Case Specification&Result	96	er	needs_ruling	er-tail-is-received→is sent <時機>	2. The signal value $STATUS_TELEMATIC.PowerSts_Telematic$ = 2 (Timed) is received	
pm_29.xlsx	35305835796a	Test Case Specification&Result	96	er	mechanical	d-er-value	4. The signal value $STATUS_TELEMATIC.PowerSts_Telematic$ is no longer 2 (Timed)	4. STATUS_TELEMATIC.PowerSts_Telematic is no longer 2 (Timed)
pm_29.xlsx	35305835796a	Test Case Specification&Result	97	proc	mechanical	c-send	1. Send the signal $STATUS_BH_BCM1.DriverDoorSts$ = 1 (Open)	1. Send CAN: STATUS_BH_BCM1.DriverDoorSts = 1 (Open)
pm_29.xlsx	35305835796a	Test Case Specification&Result	97	proc	mechanical	d-read	2. Read the signal $STATUS_TELEMATIC.PowerSts_Telematic$ and check that it is 1 (Standby)	2. Read STATUS_TELEMATIC.PowerSts_Telematic and check that it is 1 (Standby)
pm_29.xlsx	35305835796a	Test Case Specification&Result	97	er	mechanical	d-er-signal	1. The signal $STATUS_BH_BCM1.DriverDoorSts$ = 1 (Open) is registered without a bus error	1. STATUS_BH_BCM1.DriverDoorSts = 1 (Open) is registered without a bus error
pm_29.xlsx	35305835796a	Test Case Specification&Result	97	er	needs_ruling	er-tail-is-received→is sent <時機>	2. The signal value $STATUS_TELEMATIC.PowerSts_Telematic$ = 1 (Standby) is received	
pm_29.xlsx	35305835796a	Test Case Specification&Result	98	proc	mechanical	c-send	1. Send the signal $STATUS_BH_BCM1.OperationalModeSts$ = 2 (Ignition_Off)	1. Send CAN: STATUS_BH_BCM1.OperationalModeSts = 2 (Ignition_Off)
pm_29.xlsx	35305835796a	Test Case Specification&Result	98	proc	mechanical	d-read	2. Read the signal $STATUS_TELEMATIC.PowerSts_Telematic$ and check that it is 2 (Timed)	2. Read STATUS_TELEMATIC.PowerSts_Telematic and check that it is 2 (Timed)
pm_29.xlsx	35305835796a	Test Case Specification&Result	98	er	mechanical	d-er-signal	1. The signal $STATUS_BH_BCM1.OperationalModeSts$ = 2 (Ignition_Off) is registered without a bus error	1. STATUS_BH_BCM1.OperationalModeSts = 2 (Ignition_Off) is registered without a bus error
pm_29.xlsx	35305835796a	Test Case Specification&Result	98	er	needs_ruling	er-tail-is-received→is sent <時機>	2. The signal value $STATUS_TELEMATIC.PowerSts_Telematic$ = 2 (Timed) is received	
pm_29.xlsx	35305835796a	Test Case Specification&Result	99	proc	mechanical	c-send	1. Send the signal $STATUS_BH_BCM1.OperationalModeSts$ = 2 (Ignition_Off)	1. Send CAN: STATUS_BH_BCM1.OperationalModeSts = 2 (Ignition_Off)
pm_29.xlsx	35305835796a	Test Case Specification&Result	99	proc	mechanical	d-read	2. Read the signal $STATUS_TELEMATIC.PowerSts_Telematic$ and check that it is 1 (Standby)	2. Read STATUS_TELEMATIC.PowerSts_Telematic and check that it is 1 (Standby)
pm_29.xlsx	35305835796a	Test Case Specification&Result	99	er	mechanical	d-er-signal	1. The signal $STATUS_BH_BCM1.OperationalModeSts$ = 2 (Ignition_Off) is registered without a bus error	1. STATUS_BH_BCM1.OperationalModeSts = 2 (Ignition_Off) is registered without a bus error
pm_29.xlsx	35305835796a	Test Case Specification&Result	99	er	needs_ruling	er-tail-is-received→is sent <時機>	2. The signal value $STATUS_TELEMATIC.PowerSts_Telematic$ = 1 (Standby) is received	
pm_29.xlsx	35305835796a	Test Case Specification&Result	100	proc	mechanical	c-send	1. Send the signal $STATUS_BH_BCM1.OperationalModeSts$ = 2 (Ignition_Off)	1. Send CAN: STATUS_BH_BCM1.OperationalModeSts = 2 (Ignition_Off)
pm_29.xlsx	35305835796a	Test Case Specification&Result	100	proc	mechanical	d-read	2. Read the signal $STATUS_TELEMATIC.PowerSts_Telematic$ and check that it is 2 (Timed)	2. Read STATUS_TELEMATIC.PowerSts_Telematic and check that it is 2 (Timed)
pm_29.xlsx	35305835796a	Test Case Specification&Result	100	er	mechanical	d-er-signal	1. The signal $STATUS_BH_BCM1.OperationalModeSts$ = 2 (Ignition_Off) is registered without a bus error	1. STATUS_BH_BCM1.OperationalModeSts = 2 (Ignition_Off) is registered without a bus error
pm_29.xlsx	35305835796a	Test Case Specification&Result	100	er	needs_ruling	er-tail-is-received→is sent <時機>	2. The signal value $STATUS_TELEMATIC.PowerSts_Telematic$ = 2 (Timed) is received	
pm_29.xlsx	35305835796a	Test Case Specification&Result	101	pre	mechanical	sig-bare	2. $STATUS_BH_BCM1.OperationalModeSts$ = 10 (Ignition_Pre_Off)	2. STATUS_BH_BCM1.OperationalModeSts = 10 (Ignition_Pre_Off)
pm_29.xlsx	35305835796a	Test Case Specification&Result	101	proc	mechanical	c-send	1. Send the signal $STATUS_BH_BCM2.RemStActvSts$ = 1 (Remote Start Active)	1. Send CAN: STATUS_BH_BCM2.RemStActvSts = 1 (Remote Start Active)
pm_29.xlsx	35305835796a	Test Case Specification&Result	101	proc	mechanical	c-send	2. Send the signal $STATUS_BH_BCM2.RemStActvSts$ = 0 (Remote Start Not Active)	2. Send CAN: STATUS_BH_BCM2.RemStActvSts = 0 (Remote Start Not Active)
pm_29.xlsx	35305835796a	Test Case Specification&Result	101	er	mechanical	d-er-signal	1. The signal $STATUS_BH_BCM2.RemStActvSts$ = 1 (Remote Start Active) is sent	1. STATUS_BH_BCM2.RemStActvSts = 1 (Remote Start Active) is sent
pm_29.xlsx	35305835796a	Test Case Specification&Result	101	er	mechanical	d-er-signal	2. The signal $STATUS_BH_BCM2.RemStActvSts$ = 0 (Remote Start Not Active) is registered without a bus error	2. STATUS_BH_BCM2.RemStActvSts = 0 (Remote Start Not Active) is registered without a bus error
pm_29.xlsx	35305835796a	Test Case Specification&Result	102	proc	mechanical	c-send	2. Send the signal $STATUS_BH_BCM1.OperationalModeSts$ = 4 (Ignition_On) and check that the HU does not power up automatically	2. Send CAN: STATUS_BH_BCM1.OperationalModeSts = 4 (Ignition_On) and check that the HU does not power up automatically
pm_29.xlsx	35305835796a	Test Case Specification&Result	102	proc	mechanical	d-read	3. Read the signal $STATUS_TELEMATIC.PowerSts_Telematic$ and check that it is 3 (Idle)	3. Read STATUS_TELEMATIC.PowerSts_Telematic and check that it is 3 (Idle)
pm_29.xlsx	35305835796a	Test Case Specification&Result	102	er	needs_ruling	er-tail-is-received→is sent <時機>	3. The signal value $STATUS_TELEMATIC.PowerSts_Telematic$ = 3 (Idle) is received	
pm_29.xlsx	35305835796a	Test Case Specification&Result	103	proc	mechanical	c-send	1. Send the signal $CLIMATIC_PANEL.Radio_btn0$ = 0 (Not_Pressed)	1. Send CAN: CLIMATIC_PANEL.Radio_btn0 = 0 (Not_Pressed)
pm_29.xlsx	35305835796a	Test Case Specification&Result	103	proc	mechanical	c-send	2. Send the signal $CLIMATIC_PANEL.Radio_btn0$ = 1 (Pressed)	2. Send CAN: CLIMATIC_PANEL.Radio_btn0 = 1 (Pressed)
pm_29.xlsx	35305835796a	Test Case Specification&Result	103	proc	mechanical	c-send	3. Send the signal $STATUS_BH_BCM1.OperationalModeSts$ = 4 (Ignition_On) and check that the HU does not power up automatically	3. Send CAN: STATUS_BH_BCM1.OperationalModeSts = 4 (Ignition_On) and check that the HU does not power up automatically
pm_29.xlsx	35305835796a	Test Case Specification&Result	103	proc	mechanical	d-read	4. Read the signal $STATUS_TELEMATIC.PowerSts_Telematic$ and check that it is 3 (Idle)	4. Read STATUS_TELEMATIC.PowerSts_Telematic and check that it is 3 (Idle)
pm_29.xlsx	35305835796a	Test Case Specification&Result	103	er	mechanical	d-er-signal	1. The signal $CLIMATIC_PANEL.Radio_btn0$ = 0 (Not_Pressed) is sent	1. CLIMATIC_PANEL.Radio_btn0 = 0 (Not_Pressed) is sent
pm_29.xlsx	35305835796a	Test Case Specification&Result	103	er	mechanical	d-er-signal	2. The signal $CLIMATIC_PANEL.Radio_btn0$ = 1 (Pressed) is registered without a bus error	2. CLIMATIC_PANEL.Radio_btn0 = 1 (Pressed) is registered without a bus error
pm_29.xlsx	35305835796a	Test Case Specification&Result	103	er	needs_ruling	er-tail-is-received→is sent <時機>	4. The signal value $STATUS_TELEMATIC.PowerSts_Telematic$ = 3 (Idle) is received	
pm_29.xlsx	35305835796a	Test Case Specification&Result	104	proc	mechanical	c-send	2. Send the signal $STATUS_BH_BCM1.OperationalModeSts$ = 4 (Ignition_On) and check that the HU does not power up automatically	2. Send CAN: STATUS_BH_BCM1.OperationalModeSts = 4 (Ignition_On) and check that the HU does not power up automatically
pm_29.xlsx	35305835796a	Test Case Specification&Result	104	proc	mechanical	d-read	3. Read the signal $STATUS_TELEMATIC.PowerSts_Telematic$ and check that it is 3 (Idle)	3. Read STATUS_TELEMATIC.PowerSts_Telematic and check that it is 3 (Idle)
pm_29.xlsx	35305835796a	Test Case Specification&Result	104	er	needs_ruling	er-tail-is-received→is sent <時機>	3. The signal value $STATUS_TELEMATIC.PowerSts_Telematic$ = 3 (Idle) is received	
pm_29.xlsx	35305835796a	Test Case Specification&Result	105	proc	mechanical	c-send	1. Send the signal $CLIMATIC_PANEL.Radio_btn0$ = 0 (Not_Pressed)	1. Send CAN: CLIMATIC_PANEL.Radio_btn0 = 0 (Not_Pressed)
pm_29.xlsx	35305835796a	Test Case Specification&Result	105	proc	mechanical	c-send	2. Send the signal $CLIMATIC_PANEL.Radio_btn0$ = 1 (Pressed)	2. Send CAN: CLIMATIC_PANEL.Radio_btn0 = 1 (Pressed)
pm_29.xlsx	35305835796a	Test Case Specification&Result	105	proc	mechanical	c-send	3. Send the signal $STATUS_BH_BCM1.OperationalModeSts$ = 4 (Ignition_On) and check that the HU does not power up automatically	3. Send CAN: STATUS_BH_BCM1.OperationalModeSts = 4 (Ignition_On) and check that the HU does not power up automatically
pm_29.xlsx	35305835796a	Test Case Specification&Result	105	proc	mechanical	d-read	4. Read the signal $STATUS_TELEMATIC.PowerSts_Telematic$ and check that it is 3 (Idle)	4. Read STATUS_TELEMATIC.PowerSts_Telematic and check that it is 3 (Idle)
pm_29.xlsx	35305835796a	Test Case Specification&Result	105	er	mechanical	d-er-signal	1. The signal $CLIMATIC_PANEL.Radio_btn0$ = 0 (Not_Pressed) is sent	1. CLIMATIC_PANEL.Radio_btn0 = 0 (Not_Pressed) is sent
pm_29.xlsx	35305835796a	Test Case Specification&Result	105	er	mechanical	d-er-signal	2. The signal $CLIMATIC_PANEL.Radio_btn0$ = 1 (Pressed) is registered without a bus error	2. CLIMATIC_PANEL.Radio_btn0 = 1 (Pressed) is registered without a bus error
pm_29.xlsx	35305835796a	Test Case Specification&Result	105	er	needs_ruling	er-tail-is-received→is sent <時機>	4. The signal value $STATUS_TELEMATIC.PowerSts_Telematic$ = 3 (Idle) is received	
pm_29.xlsx	35305835796a	Test Case Specification&Result	106	proc	mechanical	d-read	2. Read the signal $STATUS_TELEMATIC.PowerSts_Telematic$ and check that it is 4 (Full_Operation)	2. Read STATUS_TELEMATIC.PowerSts_Telematic and check that it is 4 (Full_Operation)
pm_29.xlsx	35305835796a	Test Case Specification&Result	106	er	needs_ruling	er-tail-is-received→is sent <時機>	2. The signal value $STATUS_TELEMATIC.PowerSts_Telematic$ = 4 (Full_Operation) is received	
pm_29.xlsx	35305835796a	Test Case Specification&Result	108	proc	mechanical	c-send	1. Send the signal $STATUS_BH_BCM1.OperationalModeSts$ = 2 (Ignition_Off)	1. Send CAN: STATUS_BH_BCM1.OperationalModeSts = 2 (Ignition_Off)
pm_29.xlsx	35305835796a	Test Case Specification&Result	108	proc	mechanical	d-read	2. Read the signal $STATUS_TELEMATIC.PowerSts_Telematic$ and check that it is 1 (Standby)	2. Read STATUS_TELEMATIC.PowerSts_Telematic and check that it is 1 (Standby)
pm_29.xlsx	35305835796a	Test Case Specification&Result	108	er	mechanical	d-er-signal	1. The signal $STATUS_BH_BCM1.OperationalModeSts$ = 2 (Ignition_Off) is registered without a bus error	1. STATUS_BH_BCM1.OperationalModeSts = 2 (Ignition_Off) is registered without a bus error
pm_29.xlsx	35305835796a	Test Case Specification&Result	108	er	needs_ruling	er-tail-is-received→is sent <時機>	2. The signal value $STATUS_TELEMATIC.PowerSts_Telematic$ = 1 (Standby) is received	
pm_29.xlsx	35305835796a	Test Case Specification&Result	109	proc	mechanical	c-send	1. Send the signal $STATUS_BH_BCM1.OperationalModeSts$ = 10 (Ignition_Pre_Off)	1. Send CAN: STATUS_BH_BCM1.OperationalModeSts = 10 (Ignition_Pre_Off)
pm_29.xlsx	35305835796a	Test Case Specification&Result	109	proc	mechanical	d-read	2. Read the signal $STATUS_TELEMATIC.PowerSts_Telematic$ and check that it is 1 (Standby)	2. Read STATUS_TELEMATIC.PowerSts_Telematic and check that it is 1 (Standby)
pm_29.xlsx	35305835796a	Test Case Specification&Result	109	er	mechanical	d-er-signal	1. The signal $STATUS_BH_BCM1.OperationalModeSts$ = 10 (Ignition_Pre_Off) is registered without a bus error	1. STATUS_BH_BCM1.OperationalModeSts = 10 (Ignition_Pre_Off) is registered without a bus error
pm_29.xlsx	35305835796a	Test Case Specification&Result	109	er	needs_ruling	er-tail-is-received→is sent <時機>	2. The signal value $STATUS_TELEMATIC.PowerSts_Telematic$ = 1 (Standby) is received	
pm_29.xlsx	35305835796a	Test Case Specification&Result	110	proc	mechanical	d-read	2. Read the signal $STATUS_TELEMATIC.PowerSts_Telematic$ and check that it is still 3 (Idle)	2. Read STATUS_TELEMATIC.PowerSts_Telematic and check that it is still 3 (Idle)
pm_29.xlsx	35305835796a	Test Case Specification&Result	110	er	needs_ruling	er-tail-is-received→is sent <時機>	2. The signal value $STATUS_TELEMATIC.PowerSts_Telematic$ = 3 (Idle) is received	
pm_29.xlsx	35305835796a	Test Case Specification&Result	111	proc	mechanical	c-send	3. Send the signal $STATUS_BH_BCM1.OperationalModeSts$ = 4 (Ignition_On) and check that the HU powers up automatically and shows the splash screen	3. Send CAN: STATUS_BH_BCM1.OperationalModeSts = 4 (Ignition_On) and check that the HU powers up automatically and shows the splash screen
pm_29.xlsx	35305835796a	Test Case Specification&Result	111	proc	mechanical	d-read	4. Read the signal $STATUS_TELEMATIC.PowerSts_Telematic$ and check that it is 4 (Full_Operation)	4. Read STATUS_TELEMATIC.PowerSts_Telematic and check that it is 4 (Full_Operation)
pm_29.xlsx	35305835796a	Test Case Specification&Result	111	er	needs_ruling	er-tail-is-received→is sent <時機>	4. The signal value $STATUS_TELEMATIC.PowerSts_Telematic$ = 4 (Full_Operation) is received	
pm_29.xlsx	35305835796a	Test Case Specification&Result	112	proc	mechanical	c-send	1. Send the signal $CLIMATIC_PANEL.Radio_btn0$ = 0 (Not_Pressed)	1. Send CAN: CLIMATIC_PANEL.Radio_btn0 = 0 (Not_Pressed)
pm_29.xlsx	35305835796a	Test Case Specification&Result	112	proc	mechanical	c-send	2. Send the signal $CLIMATIC_PANEL.Radio_btn0$ = 1 (Pressed)	2. Send CAN: CLIMATIC_PANEL.Radio_btn0 = 1 (Pressed)
pm_29.xlsx	35305835796a	Test Case Specification&Result	112	proc	mechanical	d-read	3. Read the signal $STATUS_TELEMATIC.PowerSts_Telematic$ and check that it is still 3 (Idle)	3. Read STATUS_TELEMATIC.PowerSts_Telematic and check that it is still 3 (Idle)
pm_29.xlsx	35305835796a	Test Case Specification&Result	112	er	mechanical	d-er-signal	1. The signal $CLIMATIC_PANEL.Radio_btn0$ = 0 (Not_Pressed) is sent	1. CLIMATIC_PANEL.Radio_btn0 = 0 (Not_Pressed) is sent
pm_29.xlsx	35305835796a	Test Case Specification&Result	112	er	mechanical	d-er-signal	2. The signal $CLIMATIC_PANEL.Radio_btn0$ = 1 (Pressed) is registered without a bus error	2. CLIMATIC_PANEL.Radio_btn0 = 1 (Pressed) is registered without a bus error
pm_29.xlsx	35305835796a	Test Case Specification&Result	112	er	needs_ruling	er-tail-is-received→is sent <時機>	3. The signal value $STATUS_TELEMATIC.PowerSts_Telematic$ = 3 (Idle) is received	
pm_29.xlsx	35305835796a	Test Case Specification&Result	113	proc	mechanical	c-send	1. Send the signal $CLIMATIC_PANEL.Radio_btn0$ = 0 (Not_Pressed)	1. Send CAN: CLIMATIC_PANEL.Radio_btn0 = 0 (Not_Pressed)
pm_29.xlsx	35305835796a	Test Case Specification&Result	113	proc	mechanical	c-send	2. Send the signal $CLIMATIC_PANEL.Radio_btn0$ = 1 (Pressed)	2. Send CAN: CLIMATIC_PANEL.Radio_btn0 = 1 (Pressed)
pm_29.xlsx	35305835796a	Test Case Specification&Result	113	proc	mechanical	c-send	4. Send the signal $STATUS_BH_BCM1.OperationalModeSts$ = 4 (Ignition_On) and check that the HU powers up automatically and shows the splash screen	4. Send CAN: STATUS_BH_BCM1.OperationalModeSts = 4 (Ignition_On) and check that the HU powers up automatically and shows the splash screen
pm_29.xlsx	35305835796a	Test Case Specification&Result	113	proc	mechanical	d-read	5. Read the signal $STATUS_TELEMATIC.PowerSts_Telematic$ and check that it is 4 (Full_Operation)	5. Read STATUS_TELEMATIC.PowerSts_Telematic and check that it is 4 (Full_Operation)
pm_29.xlsx	35305835796a	Test Case Specification&Result	113	er	mechanical	d-er-signal	1. The signal $CLIMATIC_PANEL.Radio_btn0$ = 0 (Not_Pressed) is sent	1. CLIMATIC_PANEL.Radio_btn0 = 0 (Not_Pressed) is sent
pm_29.xlsx	35305835796a	Test Case Specification&Result	113	er	mechanical	d-er-signal	2. The signal $CLIMATIC_PANEL.Radio_btn0$ = 1 (Pressed) is registered without a bus error	2. CLIMATIC_PANEL.Radio_btn0 = 1 (Pressed) is registered without a bus error
pm_29.xlsx	35305835796a	Test Case Specification&Result	113	er	needs_ruling	er-tail-is-received→is sent <時機>	5. The signal value $STATUS_TELEMATIC.PowerSts_Telematic$ = 4 (Full_Operation) is received	
pm_29.xlsx	35305835796a	Test Case Specification&Result	114	proc	mechanical	c-send	2. Send the signal $STATUS_BH_BCM1.OperationalModeSts$ = 4 (Ignition_On) and check that the HU powers up automatically and shows the splash screen	2. Send CAN: STATUS_BH_BCM1.OperationalModeSts = 4 (Ignition_On) and check that the HU powers up automatically and shows the splash screen
pm_29.xlsx	35305835796a	Test Case Specification&Result	114	proc	mechanical	d-read	3. Read the signal $STATUS_TELEMATIC.PowerSts_Telematic$ and check that it is 4 (Full_Operation)	3. Read STATUS_TELEMATIC.PowerSts_Telematic and check that it is 4 (Full_Operation)
pm_29.xlsx	35305835796a	Test Case Specification&Result	114	er	needs_ruling	er-tail-is-received→is sent <時機>	3. The signal value $STATUS_TELEMATIC.PowerSts_Telematic$ = 4 (Full_Operation) is received	
pm_29.xlsx	35305835796a	Test Case Specification&Result	115	proc	mechanical	d-read	2. Read the signal $STATUS_TELEMATIC.PowerSts_Telematic$ and check that it is 3 (Idle)	2. Read STATUS_TELEMATIC.PowerSts_Telematic and check that it is 3 (Idle)
pm_29.xlsx	35305835796a	Test Case Specification&Result	115	er	needs_ruling	er-tail-is-received→is sent <時機>	2. The signal value $STATUS_TELEMATIC.PowerSts_Telematic$ = 3 (Idle) is received	
pm_29.xlsx	35305835796a	Test Case Specification&Result	116	proc	mechanical	d-read	2. Read the signal $STATUS_TELEMATIC.PowerSts_Telematic$ and check that it is still 4 (Full_Operation)	2. Read STATUS_TELEMATIC.PowerSts_Telematic and check that it is still 4 (Full_Operation)
pm_29.xlsx	35305835796a	Test Case Specification&Result	116	er	needs_ruling	er-tail-is-received→is sent <時機>	2. The signal value $STATUS_TELEMATIC.PowerSts_Telematic$ = 4 (Full_Operation) is received	
pm_29.xlsx	35305835796a	Test Case Specification&Result	117	proc	mechanical	d-read	2. Read the signal $STATUS_TELEMATIC.PowerSts_Telematic$ and check that it is still 3 (Idle)	2. Read STATUS_TELEMATIC.PowerSts_Telematic and check that it is still 3 (Idle)
pm_29.xlsx	35305835796a	Test Case Specification&Result	117	er	needs_ruling	er-tail-is-received→is sent <時機>	2. The signal value $STATUS_TELEMATIC.PowerSts_Telematic$ = 3 (Idle) is received	
pm_29.xlsx	35305835796a	Test Case Specification&Result	118	proc	mechanical	d-read	3. Read the signal $STATUS_TELEMATIC.PowerSts_Telematic$ and check that it is 5 (Logistic_On)	3. Read STATUS_TELEMATIC.PowerSts_Telematic and check that it is 5 (Logistic_On)
pm_29.xlsx	35305835796a	Test Case Specification&Result	118	er	needs_ruling	er-tail-is-received→is sent <時機>	3. The signal value $STATUS_TELEMATIC.PowerSts_Telematic$ = 5 (Logistic_On) is received	
pm_29.xlsx	35305835796a	Test Case Specification&Result	119	pre	mechanical	sig-bare	2. $STATUS_BH_BCM1.OperationalModeSts$ = 2 (Ignition_Off)	2. STATUS_BH_BCM1.OperationalModeSts = 2 (Ignition_Off)
pm_29.xlsx	35305835796a	Test Case Specification&Result	119	proc	mechanical	c-send	1. Send the signal $STATUS_BH_BCM1.OperationalModeSts$ = PENDING: DR-PW20	1. Send CAN: STATUS_BH_BCM1.OperationalModeSts = PENDING: DR-PW20
pm_29.xlsx	35305835796a	Test Case Specification&Result	119	proc	mechanical	c-send	2. Send the signal $STATUS_BH_BCM1.OperationalModeSts$ = 4 (Ignition_On) and check that the HU powers up automatically and shows the splash screen	2. Send CAN: STATUS_BH_BCM1.OperationalModeSts = 4 (Ignition_On) and check that the HU powers up automatically and shows the splash screen
pm_29.xlsx	35305835796a	Test Case Specification&Result	119	proc	mechanical	d-read	3. Read the signal $STATUS_TELEMATIC.PowerSts_Telematic$ and check that it is 4 (Full_Operation)	3. Read STATUS_TELEMATIC.PowerSts_Telematic and check that it is 4 (Full_Operation)
pm_29.xlsx	35305835796a	Test Case Specification&Result	119	er	mechanical	d-er-signal	1. The signal $STATUS_BH_BCM1.OperationalModeSts$ = PENDING: DR-PW20 is registered without a bus error	1. STATUS_BH_BCM1.OperationalModeSts = PENDING: DR-PW20 is registered without a bus error
pm_29.xlsx	35305835796a	Test Case Specification&Result	119	er	needs_ruling	er-tail-is-received→is sent <時機>	3. The signal value $STATUS_TELEMATIC.PowerSts_Telematic$ = 4 (Full_Operation) is received	
pm_29.xlsx	35305835796a	Test Case Specification&Result	120	pre	mechanical	sig-bare	2. $STATUS_BH_BCM1.OperationalModeSts$ = 2 (Ignition_Off)	2. STATUS_BH_BCM1.OperationalModeSts = 2 (Ignition_Off)
pm_29.xlsx	35305835796a	Test Case Specification&Result	120	pre	mechanical	sig-bare	3. $STATUS_BH_BCM2.RemStActvSts$ = 0 (Remote Start Not Active)	3. STATUS_BH_BCM2.RemStActvSts = 0 (Remote Start Not Active)
pm_29.xlsx	35305835796a	Test Case Specification&Result	120	proc	mechanical	c-send	1. Send the signal $STATUS_BH_BCM1.OperationalModeSts$ = PENDING: DR-PW20	1. Send CAN: STATUS_BH_BCM1.OperationalModeSts = PENDING: DR-PW20
pm_29.xlsx	35305835796a	Test Case Specification&Result	120	proc	mechanical	c-send	2. Send the signal $STATUS_BH_BCM1.OperationalModeSts$ = 4 (Ignition_On) and check that the HU powers up automatically and shows the splash screen	2. Send CAN: STATUS_BH_BCM1.OperationalModeSts = 4 (Ignition_On) and check that the HU powers up automatically and shows the splash screen
pm_29.xlsx	35305835796a	Test Case Specification&Result	120	proc	mechanical	d-read	4. Read the signal $STATUS_TELEMATIC.PowerSts_Telematic$ and check that it is 4 (Full_Operation)	4. Read STATUS_TELEMATIC.PowerSts_Telematic and check that it is 4 (Full_Operation)
pm_29.xlsx	35305835796a	Test Case Specification&Result	120	er	mechanical	d-er-signal	1. The signal $STATUS_BH_BCM1.OperationalModeSts$ = PENDING: DR-PW20 is registered without a bus error	1. STATUS_BH_BCM1.OperationalModeSts = PENDING: DR-PW20 is registered without a bus error
pm_29.xlsx	35305835796a	Test Case Specification&Result	120	er	needs_ruling	er-tail-is-received→is sent <時機>	4. The signal value $STATUS_TELEMATIC.PowerSts_Telematic$ = 4 (Full_Operation) is received	
pm_29.xlsx	35305835796a	Test Case Specification&Result	122	proc	mechanical	d-read	2. Read the signal $STATUS_TELEMATIC.PowerSts_Telematic$ and check that it is 1 (Standby)	2. Read STATUS_TELEMATIC.PowerSts_Telematic and check that it is 1 (Standby)
pm_29.xlsx	35305835796a	Test Case Specification&Result	122	er	needs_ruling	er-tail-is-received→is sent <時機>	2. The signal value $STATUS_TELEMATIC.PowerSts_Telematic$ = 1 (Standby) is received	
pm_29.xlsx	35305835796a	Test Case Specification&Result	123	proc	mechanical	d-read	2. Read the signal $STATUS_TELEMATIC.PowerSts_Telematic$ and check that it is still 2 (Timed)	2. Read STATUS_TELEMATIC.PowerSts_Telematic and check that it is still 2 (Timed)
pm_29.xlsx	35305835796a	Test Case Specification&Result	123	er	needs_ruling	er-tail-is-received→is sent <時機>	2. The signal value $STATUS_TELEMATIC.PowerSts_Telematic$ = 2 (Timed) is received	
pm_29.xlsx	35305835796a	Test Case Specification&Result	124	proc	mechanical	d-read	3. Read the signal $STATUS_TELEMATIC.PowerSts_Telematic$ and check that it is 1 (Standby)	3. Read STATUS_TELEMATIC.PowerSts_Telematic and check that it is 1 (Standby)
pm_29.xlsx	35305835796a	Test Case Specification&Result	124	er	needs_ruling	er-tail-is-received→is sent <時機>	3. The signal value $STATUS_TELEMATIC.PowerSts_Telematic$ = 1 (Standby) is received	
pm_29.xlsx	35305835796a	Test Case Specification&Result	125	proc	mechanical	c-send	1. Send the signal $CLIMATIC_PANEL.Radio_btn0$ = 0 (Not_Pressed)	1. Send CAN: CLIMATIC_PANEL.Radio_btn0 = 0 (Not_Pressed)
pm_29.xlsx	35305835796a	Test Case Specification&Result	125	proc	mechanical	c-send	2. Send the signal $CLIMATIC_PANEL.Radio_btn0$ = 1 (Pressed)	2. Send CAN: CLIMATIC_PANEL.Radio_btn0 = 1 (Pressed)
pm_29.xlsx	35305835796a	Test Case Specification&Result	125	er	mechanical	d-er-signal	1. The signal $CLIMATIC_PANEL.Radio_btn0$ = 0 (Not_Pressed) is sent	1. CLIMATIC_PANEL.Radio_btn0 = 0 (Not_Pressed) is sent
pm_29.xlsx	35305835796a	Test Case Specification&Result	125	er	mechanical	d-er-signal	2. The signal $CLIMATIC_PANEL.Radio_btn0$ = 1 (Pressed) is registered without a bus error	2. CLIMATIC_PANEL.Radio_btn0 = 1 (Pressed) is registered without a bus error
pm_29.xlsx	35305835796a	Test Case Specification&Result	126	pre	mechanical	sig-bare	3. The transfer popup is shown after the $CLIMATIC_PANEL.Radio_btn0$ press	3. The transfer popup is shown after the CLIMATIC_PANEL.Radio_btn0 press
pm_29.xlsx	35305835796a	Test Case Specification&Result	126	proc	mechanical	d-read	2. Read the signal $STATUS_TELEMATIC.PowerSts_Telematic$ and check that it is 1 (Standby)	2. Read STATUS_TELEMATIC.PowerSts_Telematic and check that it is 1 (Standby)
pm_29.xlsx	35305835796a	Test Case Specification&Result	126	er	needs_ruling	er-tail-is-received→is sent <時機>	2. The signal value $STATUS_TELEMATIC.PowerSts_Telematic$ = 1 (Standby) is received	
pm_29.xlsx	35305835796a	Test Case Specification&Result	127	pre	mechanical	sig-bare	3. The transfer popup is shown after the $CLIMATIC_PANEL.Radio_btn0$ press	3. The transfer popup is shown after the CLIMATIC_PANEL.Radio_btn0 press
pm_29.xlsx	35305835796a	Test Case Specification&Result	127	proc	mechanical	d-read	2. Read the signal $STATUS_TELEMATIC.PowerSts_Telematic$ and check that it is still 2 (Timed)	2. Read STATUS_TELEMATIC.PowerSts_Telematic and check that it is still 2 (Timed)
pm_29.xlsx	35305835796a	Test Case Specification&Result	127	er	needs_ruling	er-tail-is-received→is sent <時機>	2. The signal value $STATUS_TELEMATIC.PowerSts_Telematic$ = 2 (Timed) is received	
pm_29.xlsx	35305835796a	Test Case Specification&Result	128	proc	mechanical	c-send	1. Send the signal $CLIMATIC_PANEL.Radio_btn0$ = 0 (Not_Pressed)	1. Send CAN: CLIMATIC_PANEL.Radio_btn0 = 0 (Not_Pressed)
pm_29.xlsx	35305835796a	Test Case Specification&Result	128	proc	mechanical	c-send	2. Send the signal $CLIMATIC_PANEL.Radio_btn0$ = 1 (Pressed)	2. Send CAN: CLIMATIC_PANEL.Radio_btn0 = 1 (Pressed)
pm_29.xlsx	35305835796a	Test Case Specification&Result	128	proc	mechanical	d-read	4. Read the signal $STATUS_TELEMATIC.PowerSts_Telematic$ and check that it is 1 (Standby)	4. Read STATUS_TELEMATIC.PowerSts_Telematic and check that it is 1 (Standby)
pm_29.xlsx	35305835796a	Test Case Specification&Result	128	er	mechanical	d-er-signal	1. The signal $CLIMATIC_PANEL.Radio_btn0$ = 0 (Not_Pressed) is sent	1. CLIMATIC_PANEL.Radio_btn0 = 0 (Not_Pressed) is sent
pm_29.xlsx	35305835796a	Test Case Specification&Result	128	er	mechanical	d-er-signal	2. The signal $CLIMATIC_PANEL.Radio_btn0$ = 1 (Pressed) is registered without a bus error	2. CLIMATIC_PANEL.Radio_btn0 = 1 (Pressed) is registered without a bus error
pm_29.xlsx	35305835796a	Test Case Specification&Result	128	er	needs_ruling	er-tail-is-received→is sent <時機>	4. The signal value $STATUS_TELEMATIC.PowerSts_Telematic$ = 1 (Standby) is received	
pm_29.xlsx	35305835796a	Test Case Specification&Result	129	pre	needs_ruling	proxi-R-G70(e)-vs-R-VS86	2. PROXI Brand_Configuration_2 = Jeep	
pm_29.xlsx	35305835796a	Test Case Specification&Result	129	pre	needs_ruling	proxi-R-G70(e)-vs-R-VS86	3. PROXI SWITCH_OFF_DOOR = enable	
pm_29.xlsx	35305835796a	Test Case Specification&Result	129	proc	mechanical	c-send	1. Send the signal $STATUS_BH_BCM1.DriverDoorSts$ = 1 (Open)	1. Send CAN: STATUS_BH_BCM1.DriverDoorSts = 1 (Open)
pm_29.xlsx	35305835796a	Test Case Specification&Result	129	proc	mechanical	d-read	3. Read the signal $STATUS_TELEMATIC.PowerSts_Telematic$ and check that it is 1 (Standby)	3. Read STATUS_TELEMATIC.PowerSts_Telematic and check that it is 1 (Standby)
pm_29.xlsx	35305835796a	Test Case Specification&Result	129	er	mechanical	d-er-signal	1. The signal $STATUS_BH_BCM1.DriverDoorSts$ = 1 (Open) is registered without a bus error	1. STATUS_BH_BCM1.DriverDoorSts = 1 (Open) is registered without a bus error
pm_29.xlsx	35305835796a	Test Case Specification&Result	129	er	needs_ruling	er-tail-is-received→is sent <時機>	3. The signal value $STATUS_TELEMATIC.PowerSts_Telematic$ = 1 (Standby) is received	
pm_29.xlsx	35305835796a	Test Case Specification&Result	130	pre	needs_ruling	proxi-R-G70(e)-vs-R-VS86	2. PROXI Brand_Configuration_2 = Jeep	
pm_29.xlsx	35305835796a	Test Case Specification&Result	130	pre	needs_ruling	proxi-R-G70(e)-vs-R-VS86	3. PROXI SWITCH_OFF_DOOR = enable	
pm_29.xlsx	35305835796a	Test Case Specification&Result	130	proc	mechanical	c-send	1. Send the signal $STATUS_BH_BCM1.PsngrDoorSts$ = 1 (Open)	1. Send CAN: STATUS_BH_BCM1.PsngrDoorSts = 1 (Open)
pm_29.xlsx	35305835796a	Test Case Specification&Result	130	proc	mechanical	d-read	2. Read the signal $STATUS_TELEMATIC.PowerSts_Telematic$ and check that it is still 2 (Timed)	2. Read STATUS_TELEMATIC.PowerSts_Telematic and check that it is still 2 (Timed)
pm_29.xlsx	35305835796a	Test Case Specification&Result	130	er	mechanical	d-er-signal	1. The signal $STATUS_BH_BCM1.PsngrDoorSts$ = 1 (Open) is registered without a bus error	1. STATUS_BH_BCM1.PsngrDoorSts = 1 (Open) is registered without a bus error
pm_29.xlsx	35305835796a	Test Case Specification&Result	130	er	needs_ruling	er-tail-is-received→is sent <時機>	2. The signal value $STATUS_TELEMATIC.PowerSts_Telematic$ = 2 (Timed) is received	
pm_29.xlsx	35305835796a	Test Case Specification&Result	131	pre	needs_ruling	proxi-R-G70(e)-vs-R-VS86	2. PROXI Brand_Configuration_2 = Jeep	
pm_29.xlsx	35305835796a	Test Case Specification&Result	131	pre	needs_ruling	proxi-R-G70(e)-vs-R-VS86	3. PROXI SWITCH_OFF_DOOR = enable	
pm_29.xlsx	35305835796a	Test Case Specification&Result	131	proc	mechanical	c-send	1. Send the signal $STATUS_BH_BCM1.DriverDoorSts$ = 1 (Open)	1. Send CAN: STATUS_BH_BCM1.DriverDoorSts = 1 (Open)
pm_29.xlsx	35305835796a	Test Case Specification&Result	131	proc	mechanical	d-read	2. Read the signal $STATUS_TELEMATIC.PowerSts_Telematic$ and check that it is still 2 (Timed)	2. Read STATUS_TELEMATIC.PowerSts_Telematic and check that it is still 2 (Timed)
pm_29.xlsx	35305835796a	Test Case Specification&Result	131	er	mechanical	d-er-signal	1. The signal $STATUS_BH_BCM1.DriverDoorSts$ = 1 (Open) is registered without a bus error	1. STATUS_BH_BCM1.DriverDoorSts = 1 (Open) is registered without a bus error
pm_29.xlsx	35305835796a	Test Case Specification&Result	131	er	needs_ruling	er-tail-is-received→is sent <時機>	2. The signal value $STATUS_TELEMATIC.PowerSts_Telematic$ = 2 (Timed) is received	
pm_29.xlsx	35305835796a	Test Case Specification&Result	132	pre	needs_ruling	proxi-R-G70(e)-vs-R-VS86	2. PROXI Brand_Configuration_2 = a value other than Jeep	
pm_29.xlsx	35305835796a	Test Case Specification&Result	132	pre	needs_ruling	proxi-R-G70(e)-vs-R-VS86	3. PROXI SWITCH_OFF_DOOR = enable	
pm_29.xlsx	35305835796a	Test Case Specification&Result	132	proc	mechanical	c-send	1. Send the signal $STATUS_BH_BCM1.DriverDoorSts$ = 1 (Open)	1. Send CAN: STATUS_BH_BCM1.DriverDoorSts = 1 (Open)
pm_29.xlsx	35305835796a	Test Case Specification&Result	132	proc	mechanical	d-read	2. Read the signal $STATUS_TELEMATIC.PowerSts_Telematic$ and check that it is still 2 (Timed)	2. Read STATUS_TELEMATIC.PowerSts_Telematic and check that it is still 2 (Timed)
pm_29.xlsx	35305835796a	Test Case Specification&Result	132	er	mechanical	d-er-signal	1. The signal $STATUS_BH_BCM1.DriverDoorSts$ = 1 (Open) is registered without a bus error	1. STATUS_BH_BCM1.DriverDoorSts = 1 (Open) is registered without a bus error
pm_29.xlsx	35305835796a	Test Case Specification&Result	132	er	needs_ruling	er-tail-is-received→is sent <時機>	2. The signal value $STATUS_TELEMATIC.PowerSts_Telematic$ = 2 (Timed) is received	
pm_29.xlsx	35305835796a	Test Case Specification&Result	135	proc	mechanical	d-read	3. Read the signal $STATUS_TELEMATIC.PowerSts_Telematic$ and check that it is 2 (Timed)	3. Read STATUS_TELEMATIC.PowerSts_Telematic and check that it is 2 (Timed)
pm_29.xlsx	35305835796a	Test Case Specification&Result	135	er	needs_ruling	er-tail-is-received→is sent <時機>	3. The signal value $STATUS_TELEMATIC.PowerSts_Telematic$ = 2 (Timed) is received	
pm_29.xlsx	35305835796a	Test Case Specification&Result	136	pre	needs_ruling	proxi-R-G70(e)-vs-R-VS86	2. PROXI Switch_Off_Time = 20 minutes	
pm_29.xlsx	35305835796a	Test Case Specification&Result	137	pre	needs_ruling	proxi-R-G70(e)-vs-R-VS86	4. PROXI Switch_Off_Time = 20 minutes	
pm_29.xlsx	35305835796a	Test Case Specification&Result	138	proc	mechanical	d-read	3. Read the signal $STATUS_TELEMATIC.PowerSts_Telematic$ and check that it is 2 (Timed)	3. Read STATUS_TELEMATIC.PowerSts_Telematic and check that it is 2 (Timed)
pm_29.xlsx	35305835796a	Test Case Specification&Result	138	er	needs_ruling	er-tail-is-received→is sent <時機>	3. The signal value $STATUS_TELEMATIC.PowerSts_Telematic$ = 2 (Timed) is received	
pm_29.xlsx	35305835796a	Test Case Specification&Result	139	pre	needs_ruling	proxi-R-G70(e)-vs-R-VS86	2. PROXI Switch_Off_Time = 20 minutes	
pm_29.xlsx	35305835796a	Test Case Specification&Result	140	pre	needs_ruling	proxi-R-G70(e)-vs-R-VS86	2. PROXI PwrAccDelayAct = 10 minutes	
pm_29.xlsx	35305835796a	Test Case Specification&Result	145	proc	mechanical	d-read	2. Read the signal $STATUS_TELEMATIC.PowerSts_Telematic$ and check that it is still 1 (Standby)	2. Read STATUS_TELEMATIC.PowerSts_Telematic and check that it is still 1 (Standby)
pm_29.xlsx	35305835796a	Test Case Specification&Result	145	er	needs_ruling	er-tail-is-received→is sent <時機>	2. The signal value $STATUS_TELEMATIC.PowerSts_Telematic$ = 1 (Standby) is received	
pm_29.xlsx	35305835796a	Test Case Specification&Result	146	proc	mechanical	c-send	1. Send the signal $STATUS_BH_BCM2.RemStActvSts$ = 0 (Remote Start Not Active)	1. Send CAN: STATUS_BH_BCM2.RemStActvSts = 0 (Remote Start Not Active)
pm_29.xlsx	35305835796a	Test Case Specification&Result	146	proc	mechanical	c-send	2. Send the signal $STATUS_BH_BCM2.RemStActvSts$ = 1 (Remote Start Active)	2. Send CAN: STATUS_BH_BCM2.RemStActvSts = 1 (Remote Start Active)
pm_29.xlsx	35305835796a	Test Case Specification&Result	146	proc	mechanical	d-read	3. Read the signal $STATUS_TELEMATIC.PowerSts_Telematic$ and check that it is 7 (Partial_Operation)	3. Read STATUS_TELEMATIC.PowerSts_Telematic and check that it is 7 (Partial_Operation)
pm_29.xlsx	35305835796a	Test Case Specification&Result	146	er	mechanical	d-er-signal	1. The signal $STATUS_BH_BCM2.RemStActvSts$ = 0 (Remote Start Not Active) is sent	1. STATUS_BH_BCM2.RemStActvSts = 0 (Remote Start Not Active) is sent
pm_29.xlsx	35305835796a	Test Case Specification&Result	146	er	mechanical	d-er-signal	2. The signal $STATUS_BH_BCM2.RemStActvSts$ = 1 (Remote Start Active) is registered without a bus error	2. STATUS_BH_BCM2.RemStActvSts = 1 (Remote Start Active) is registered without a bus error
pm_29.xlsx	35305835796a	Test Case Specification&Result	146	er	needs_ruling	er-tail-is-received→is sent <時機>	3. The signal value $STATUS_TELEMATIC.PowerSts_Telematic$ = 7 (Partial_Operation) is received	
pm_29.xlsx	35305835796a	Test Case Specification&Result	147	proc	mechanical	c-send	1. Send the signal $STATUS_BH_BCM1.OperationalModeSts$ = 10 (Ignition_Pre_Off)	1. Send CAN: STATUS_BH_BCM1.OperationalModeSts = 10 (Ignition_Pre_Off)
pm_29.xlsx	35305835796a	Test Case Specification&Result	147	proc	mechanical	d-read	2. Read the signal $STATUS_TELEMATIC.PowerSts_Telematic$ and check that it is 1 (Standby)	2. Read STATUS_TELEMATIC.PowerSts_Telematic and check that it is 1 (Standby)
pm_29.xlsx	35305835796a	Test Case Specification&Result	147	er	mechanical	d-er-signal	1. The signal $STATUS_BH_BCM1.OperationalModeSts$ = 10 (Ignition_Pre_Off) is registered without a bus error	1. STATUS_BH_BCM1.OperationalModeSts = 10 (Ignition_Pre_Off) is registered without a bus error
pm_29.xlsx	35305835796a	Test Case Specification&Result	147	er	needs_ruling	er-tail-is-received→is sent <時機>	2. The signal value $STATUS_TELEMATIC.PowerSts_Telematic$ = 1 (Standby) is received	
pm_29.xlsx	35305835796a	Test Case Specification&Result	148	proc	mechanical	c-send	1. Send the signal $STATUS_BH_BCM1.OperationalModeSts$ = 2 (Ignition_Off)	1. Send CAN: STATUS_BH_BCM1.OperationalModeSts = 2 (Ignition_Off)
pm_29.xlsx	35305835796a	Test Case Specification&Result	148	proc	mechanical	d-read	2. Read the signal $STATUS_TELEMATIC.PowerSts_Telematic$ and check that it is 1 (Standby)	2. Read STATUS_TELEMATIC.PowerSts_Telematic and check that it is 1 (Standby)
pm_29.xlsx	35305835796a	Test Case Specification&Result	148	er	mechanical	d-er-signal	1. The signal $STATUS_BH_BCM1.OperationalModeSts$ = 2 (Ignition_Off) is registered without a bus error	1. STATUS_BH_BCM1.OperationalModeSts = 2 (Ignition_Off) is registered without a bus error
pm_29.xlsx	35305835796a	Test Case Specification&Result	148	er	needs_ruling	er-tail-is-received→is sent <時機>	2. The signal value $STATUS_TELEMATIC.PowerSts_Telematic$ = 1 (Standby) is received	
pm_29.xlsx	35305835796a	Test Case Specification&Result	152	proc	mechanical	c-send	2. Send the signal $STATUS_BH_BCM1.OperationalModeSts$ = 4 (Ignition_On) and check that the HU powers up automatically and shows the splash screen	2. Send CAN: STATUS_BH_BCM1.OperationalModeSts = 4 (Ignition_On) and check that the HU powers up automatically and shows the splash screen
pm_29.xlsx	35305835796a	Test Case Specification&Result	153	proc	mechanical	d-read	2. Read the signal $STATUS_TELEMATIC.PowerSts_Telematic$ and check that it is 4 (Full_Operation)	2. Read STATUS_TELEMATIC.PowerSts_Telematic and check that it is 4 (Full_Operation)
pm_29.xlsx	35305835796a	Test Case Specification&Result	153	er	needs_ruling	er-tail-is-received→is sent <時機>	2. The signal value $STATUS_TELEMATIC.PowerSts_Telematic$ = 4 (Full_Operation) is received	
pm_29.xlsx	35305835796a	Test Case Specification&Result	154	proc	mechanical	c-send	3. Send the signal $STATUS_BH_BCM1.OperationalModeSts$ = 4 (Ignition_On) and check that the HU does not power up automatically	3. Send CAN: STATUS_BH_BCM1.OperationalModeSts = 4 (Ignition_On) and check that the HU does not power up automatically
pm_29.xlsx	35305835796a	Test Case Specification&Result	154	proc	mechanical	d-read	4. Read the signal $STATUS_TELEMATIC.PowerSts_Telematic$ and check that it is 3 (Idle)	4. Read STATUS_TELEMATIC.PowerSts_Telematic and check that it is 3 (Idle)
pm_29.xlsx	35305835796a	Test Case Specification&Result	154	er	needs_ruling	er-tail-is-received→is sent <時機>	4. The signal value $STATUS_TELEMATIC.PowerSts_Telematic$ = 3 (Idle) is received	
pm_29.xlsx	35305835796a	Test Case Specification&Result	155	proc	mechanical	d-read	3. Read the signal $STATUS_TELEMATIC.PowerSts_Telematic$ and check that it is 4 (Full_Operation)	3. Read STATUS_TELEMATIC.PowerSts_Telematic and check that it is 4 (Full_Operation)
pm_29.xlsx	35305835796a	Test Case Specification&Result	155	er	needs_ruling	er-tail-is-received→is sent <時機>	3. The signal value $STATUS_TELEMATIC.PowerSts_Telematic$ = 4 (Full_Operation) is received	
pm_29.xlsx	35305835796a	Test Case Specification&Result	156	proc	mechanical	d-read	3. Read the signal $STATUS_TELEMATIC.PowerSts_Telematic$ and check that it is 3 (Idle)	3. Read STATUS_TELEMATIC.PowerSts_Telematic and check that it is 3 (Idle)
pm_29.xlsx	35305835796a	Test Case Specification&Result	156	er	needs_ruling	er-tail-is-received→is sent <時機>	3. The signal value $STATUS_TELEMATIC.PowerSts_Telematic$ = 3 (Idle) is received	
pm_29.xlsx	35305835796a	Test Case Specification&Result	157	proc	mechanical	c-send	1. Send the signal $STATUS_BH_BCM2.RemStActvSts$ = 0 (Remote Start Not Active)	1. Send CAN: STATUS_BH_BCM2.RemStActvSts = 0 (Remote Start Not Active)
pm_29.xlsx	35305835796a	Test Case Specification&Result	157	proc	mechanical	c-send	2. Send the signal $STATUS_BH_BCM2.RemStActvSts$ = 1 (Remote Start Active)	2. Send CAN: STATUS_BH_BCM2.RemStActvSts = 1 (Remote Start Active)
pm_29.xlsx	35305835796a	Test Case Specification&Result	157	proc	mechanical	c-send	4. Send the signal $STATUS_BH_BCM1.OperationalModeSts$ = 4 (Ignition_On) and check that the HU powers up automatically and shows the splash screen	4. Send CAN: STATUS_BH_BCM1.OperationalModeSts = 4 (Ignition_On) and check that the HU powers up automatically and shows the splash screen
pm_29.xlsx	35305835796a	Test Case Specification&Result	157	proc	mechanical	d-read	5. Read the signal $STATUS_TELEMATIC.PowerSts_Telematic$ and check that it is 7 (Partial_Operation)	5. Read STATUS_TELEMATIC.PowerSts_Telematic and check that it is 7 (Partial_Operation)
pm_29.xlsx	35305835796a	Test Case Specification&Result	157	er	mechanical	d-er-signal	1. The signal $STATUS_BH_BCM2.RemStActvSts$ = 0 (Remote Start Not Active) is sent	1. STATUS_BH_BCM2.RemStActvSts = 0 (Remote Start Not Active) is sent
pm_29.xlsx	35305835796a	Test Case Specification&Result	157	er	mechanical	d-er-signal	2. The signal $STATUS_BH_BCM2.RemStActvSts$ = 1 (Remote Start Active) is registered without a bus error	2. STATUS_BH_BCM2.RemStActvSts = 1 (Remote Start Active) is registered without a bus error
pm_29.xlsx	35305835796a	Test Case Specification&Result	157	er	needs_ruling	er-tail-is-received→is sent <時機>	5. The signal value $STATUS_TELEMATIC.PowerSts_Telematic$ = 7 (Partial_Operation) is received	
pm_29.xlsx	35305835796a	Test Case Specification&Result	158	proc	mechanical	d-read	3. Read the signal $STATUS_TELEMATIC.PowerSts_Telematic$ and check that it is 1 (Standby)	3. Read STATUS_TELEMATIC.PowerSts_Telematic and check that it is 1 (Standby)
pm_29.xlsx	35305835796a	Test Case Specification&Result	158	er	needs_ruling	er-tail-is-received→is sent <時機>	3. The signal value $STATUS_TELEMATIC.PowerSts_Telematic$ = 1 (Standby) is received	
pm_29.xlsx	35305835796a	Test Case Specification&Result	159	proc	mechanical	d-read	4. Read the signal $STATUS_TELEMATIC.PowerSts_Telematic$ and check that it is 1 (Standby)	4. Read STATUS_TELEMATIC.PowerSts_Telematic and check that it is 1 (Standby)
pm_29.xlsx	35305835796a	Test Case Specification&Result	159	er	needs_ruling	er-tail-is-received→is sent <時機>	4. The signal value $STATUS_TELEMATIC.PowerSts_Telematic$ = 1 (Standby) is received	
pm_29.xlsx	35305835796a	Test Case Specification&Result	160	proc	mechanical	d-read	3. Read the signal $STATUS_TELEMATIC.PowerSts_Telematic$ and check that it is still 2 (Timed)	3. Read STATUS_TELEMATIC.PowerSts_Telematic and check that it is still 2 (Timed)
pm_29.xlsx	35305835796a	Test Case Specification&Result	160	proc	mechanical	d-read	5. Read the signal $STATUS_TELEMATIC.PowerSts_Telematic$ and check that it is still 2 (Timed)	5. Read STATUS_TELEMATIC.PowerSts_Telematic and check that it is still 2 (Timed)
pm_29.xlsx	35305835796a	Test Case Specification&Result	160	er	needs_ruling	er-tail-is-received→is sent <時機>	3. The signal value $STATUS_TELEMATIC.PowerSts_Telematic$ = 2 (Timed) is received	
pm_29.xlsx	35305835796a	Test Case Specification&Result	160	er	needs_ruling	er-tail-is-received→is sent <時機>	5. The signal value $STATUS_TELEMATIC.PowerSts_Telematic$ = 2 (Timed) is received	
pm_29.xlsx	35305835796a	Test Case Specification&Result	161	proc	mechanical	d-read	3. Read the signal $STATUS_TELEMATIC.PowerSts_Telematic$ and check that it is still 2 (Timed)	3. Read STATUS_TELEMATIC.PowerSts_Telematic and check that it is still 2 (Timed)
pm_29.xlsx	35305835796a	Test Case Specification&Result	161	er	needs_ruling	er-tail-is-received→is sent <時機>	3. The signal value $STATUS_TELEMATIC.PowerSts_Telematic$ = 2 (Timed) is received	
pm_29.xlsx	35305835796a	Test Case Specification&Result	162	proc	mechanical	d-read	2. Read the signal $STATUS_TELEMATIC.PowerSts_Telematic$ and check that it is 1 (Standby)	2. Read STATUS_TELEMATIC.PowerSts_Telematic and check that it is 1 (Standby)
pm_29.xlsx	35305835796a	Test Case Specification&Result	162	er	needs_ruling	er-tail-is-received→is sent <時機>	2. The signal value $STATUS_TELEMATIC.PowerSts_Telematic$ = 1 (Standby) is received	
pm_29.xlsx	35305835796a	Test Case Specification&Result	163	proc	mechanical	d-read	3. Read the signal $STATUS_TELEMATIC.PowerSts_Telematic$ and check that it is 1 (Standby)	3. Read STATUS_TELEMATIC.PowerSts_Telematic and check that it is 1 (Standby)
pm_29.xlsx	35305835796a	Test Case Specification&Result	163	er	needs_ruling	er-tail-is-received→is sent <時機>	3. The signal value $STATUS_TELEMATIC.PowerSts_Telematic$ = 1 (Standby) is received	
pm_29.xlsx	35305835796a	Test Case Specification&Result	164	proc	mechanical	d-read	2. Read the signal $STATUS_TELEMATIC.PowerSts_Telematic$ and check that it is 1 (Standby)	2. Read STATUS_TELEMATIC.PowerSts_Telematic and check that it is 1 (Standby)
pm_29.xlsx	35305835796a	Test Case Specification&Result	164	er	needs_ruling	er-tail-is-received→is sent <時機>	2. The signal value $STATUS_TELEMATIC.PowerSts_Telematic$ = 1 (Standby) is received	
pm_29.xlsx	35305835796a	Test Case Specification&Result	165	proc	mechanical	d-read	3. Read the signal $STATUS_TELEMATIC.PowerSts_Telematic$ and check that it is 1 (Standby)	3. Read STATUS_TELEMATIC.PowerSts_Telematic and check that it is 1 (Standby)
pm_29.xlsx	35305835796a	Test Case Specification&Result	165	er	needs_ruling	er-tail-is-received→is sent <時機>	3. The signal value $STATUS_TELEMATIC.PowerSts_Telematic$ = 1 (Standby) is received	
pm_29.xlsx	35305835796a	Test Case Specification&Result	166	proc	mechanical	c-send	1. Send the signal $STATUS_BH_BCM1.OperationalModeSts$ = 2 (Ignition_Off) while the call stays active	1. Send CAN: STATUS_BH_BCM1.OperationalModeSts = 2 (Ignition_Off) while the call stays active
pm_29.xlsx	35305835796a	Test Case Specification&Result	166	proc	mechanical	d-read	2. Read the signal $STATUS_TELEMATIC.PowerSts_Telematic$ and check that it is 2 (Timed)	2. Read STATUS_TELEMATIC.PowerSts_Telematic and check that it is 2 (Timed)
pm_29.xlsx	35305835796a	Test Case Specification&Result	166	er	mechanical	d-er-signal	1. The signal $STATUS_BH_BCM1.OperationalModeSts$ = 2 (Ignition_Off) is registered without a bus error	1. STATUS_BH_BCM1.OperationalModeSts = 2 (Ignition_Off) is registered without a bus error
pm_29.xlsx	35305835796a	Test Case Specification&Result	166	er	needs_ruling	er-tail-is-received→is sent <時機>	2. The signal value $STATUS_TELEMATIC.PowerSts_Telematic$ = 2 (Timed) is received	
pm_29.xlsx	35305835796a	Test Case Specification&Result	167	proc	mechanical	d-read	2. Read the signal $STATUS_TELEMATIC.PowerSts_Telematic$ and check that it is 1 (Standby)	2. Read STATUS_TELEMATIC.PowerSts_Telematic and check that it is 1 (Standby)
pm_29.xlsx	35305835796a	Test Case Specification&Result	167	er	needs_ruling	er-tail-is-received→is sent <時機>	2. The signal value $STATUS_TELEMATIC.PowerSts_Telematic$ = 1 (Standby) is received	
pm_29.xlsx	35305835796a	Test Case Specification&Result	168	proc	mechanical	d-read	3. Read the signal $STATUS_TELEMATIC.PowerSts_Telematic$ and check that it is 1 (Standby)	3. Read STATUS_TELEMATIC.PowerSts_Telematic and check that it is 1 (Standby)
pm_29.xlsx	35305835796a	Test Case Specification&Result	168	er	needs_ruling	er-tail-is-received→is sent <時機>	3. The signal value $STATUS_TELEMATIC.PowerSts_Telematic$ = 1 (Standby) is received	
pm_29.xlsx	35305835796a	Test Case Specification&Result	169	proc	mechanical	c-send	1. Send the signal $STATUS_BH_BCM1.OperationalModeSts$ = 10 (Ignition_Pre_Off) while the call stays active	1. Send CAN: STATUS_BH_BCM1.OperationalModeSts = 10 (Ignition_Pre_Off) while the call stays active
pm_29.xlsx	35305835796a	Test Case Specification&Result	169	proc	mechanical	d-read	2. Read the signal $STATUS_TELEMATIC.PowerSts_Telematic$ and check that it is 2 (Timed)	2. Read STATUS_TELEMATIC.PowerSts_Telematic and check that it is 2 (Timed)
pm_29.xlsx	35305835796a	Test Case Specification&Result	169	er	mechanical	d-er-signal	1. The signal $STATUS_BH_BCM1.OperationalModeSts$ = 10 (Ignition_Pre_Off) is registered without a bus error	1. STATUS_BH_BCM1.OperationalModeSts = 10 (Ignition_Pre_Off) is registered without a bus error
pm_29.xlsx	35305835796a	Test Case Specification&Result	169	er	needs_ruling	er-tail-is-received→is sent <時機>	2. The signal value $STATUS_TELEMATIC.PowerSts_Telematic$ = 2 (Timed) is received	
pm_29.xlsx	35305835796a	Test Case Specification&Result	170	pre	mechanical	sig-bare	1. $STATUS_BH_BCM1.OperationalModeSts$ = 4 (Ignition_On)	1. STATUS_BH_BCM1.OperationalModeSts = 4 (Ignition_On)
pm_29.xlsx	35305835796a	Test Case Specification&Result	170	proc	mechanical	c-send	1. Send the signal $STATUS_BH_BCM1.OperationalModeSts$ = 15 (SNA)	1. Send CAN: STATUS_BH_BCM1.OperationalModeSts = 15 (SNA)
pm_29.xlsx	35305835796a	Test Case Specification&Result	170	proc	mechanical	d-read	2. Read the signal $STATUS_TELEMATIC.PowerSts_Telematic$ and check that it is PENDING: DR-PW20	2. Read STATUS_TELEMATIC.PowerSts_Telematic and check that it is PENDING: DR-PW20
pm_29.xlsx	35305835796a	Test Case Specification&Result	170	er	mechanical	d-er-signal	1. The signal $STATUS_BH_BCM1.OperationalModeSts$ = 15 (SNA) is registered without a bus error	1. STATUS_BH_BCM1.OperationalModeSts = 15 (SNA) is registered without a bus error
pm_29.xlsx	35305835796a	Test Case Specification&Result	170	er	needs_ruling	er-tail-is-received→is sent <時機>	2. The signal value $STATUS_TELEMATIC.PowerSts_Telematic$ = PENDING: DR-PW20 is received	
pm_29.xlsx	35305835796a	Test Case Specification&Result	171	pre	needs_ruling	proxi-R-G70(e)-vs-R-VS86	2. PROXI Switch_Off_Time is configured to a known value	
pm_29.xlsx	35305835796a	Test Case Specification&Result	171	proc	needs_ruling	proxi-R-G70(e)-vs-R-VS86	2. Open the timeout setting entry in the HU menu and read the timeout setting value and check that it is the configured PROXI Switch_Off_Time value	
pm_29.xlsx	35305835796a	Test Case Specification&Result	171	er	needs_ruling	proxi-R-G70(e)-vs-R-VS86	2. The timeout setting value is the configured PROXI Switch_Off_Time value	
pm_29.xlsx	35305835796a	Test Case Specification&Result	172	pre	needs_ruling	proxi-R-G70(e)-vs-R-VS86	3. PROXI Switch_Off_Time is configured to a known value	
pm_29.xlsx	35305835796a	Test Case Specification&Result	172	proc	needs_ruling	proxi-R-G70(e)-vs-R-VS86	2. Open the timeout setting entry in the HU menu and read the timeout setting value and check that it is the configured PROXI Switch_Off_Time value	
pm_29.xlsx	35305835796a	Test Case Specification&Result	172	er	needs_ruling	proxi-R-G70(e)-vs-R-VS86	2. The timeout setting value is the configured PROXI Switch_Off_Time value	
pm_29.xlsx	35305835796a	Test Case Specification&Result	175	proc	mechanical	c-send	1. Send the signal $STATUS_BH_BCM1.OperationalModeSts$ = 2 (Ignition_Off)	1. Send CAN: STATUS_BH_BCM1.OperationalModeSts = 2 (Ignition_Off)
pm_29.xlsx	35305835796a	Test Case Specification&Result	175	proc	mechanical	d-read	2. Read the signal $STATUS_TELEMATIC.PowerSts_Telematic$ and check that it is 1 (Standby)	2. Read STATUS_TELEMATIC.PowerSts_Telematic and check that it is 1 (Standby)
pm_29.xlsx	35305835796a	Test Case Specification&Result	175	er	mechanical	d-er-signal	1. The signal $STATUS_BH_BCM1.OperationalModeSts$ = 2 (Ignition_Off) is registered without a bus error	1. STATUS_BH_BCM1.OperationalModeSts = 2 (Ignition_Off) is registered without a bus error
pm_29.xlsx	35305835796a	Test Case Specification&Result	175	er	needs_ruling	er-tail-is-received→is sent <時機>	2. The signal value $STATUS_TELEMATIC.PowerSts_Telematic$ = 1 (Standby) is received	
pm_29.xlsx	35305835796a	Test Case Specification&Result	176	proc	mechanical	c-send	1. Send the signal $STATUS_BH_BCM1.OperationalModeSts$ = 2 (Ignition_Off)	1. Send CAN: STATUS_BH_BCM1.OperationalModeSts = 2 (Ignition_Off)
pm_29.xlsx	35305835796a	Test Case Specification&Result	176	proc	mechanical	d-read	2. Read the signal $STATUS_TELEMATIC.PowerSts_Telematic$ and check that it is 1 (Standby)	2. Read STATUS_TELEMATIC.PowerSts_Telematic and check that it is 1 (Standby)
pm_29.xlsx	35305835796a	Test Case Specification&Result	176	er	mechanical	d-er-signal	1. The signal $STATUS_BH_BCM1.OperationalModeSts$ = 2 (Ignition_Off) is registered without a bus error	1. STATUS_BH_BCM1.OperationalModeSts = 2 (Ignition_Off) is registered without a bus error
pm_29.xlsx	35305835796a	Test Case Specification&Result	176	er	needs_ruling	er-tail-is-received→is sent <時機>	2. The signal value $STATUS_TELEMATIC.PowerSts_Telematic$ = 1 (Standby) is received	
pm_29.xlsx	35305835796a	Test Case Specification&Result	177	proc	mechanical	c-send	1. Send the signal $STATUS_BH_BCM1.OperationalModeSts$ = 2 (Ignition_Off)	1. Send CAN: STATUS_BH_BCM1.OperationalModeSts = 2 (Ignition_Off)
pm_29.xlsx	35305835796a	Test Case Specification&Result	177	proc	mechanical	d-read	2. Read the signal $STATUS_TELEMATIC.PowerSts_Telematic$ and check that it is 1 (Standby)	2. Read STATUS_TELEMATIC.PowerSts_Telematic and check that it is 1 (Standby)
pm_29.xlsx	35305835796a	Test Case Specification&Result	177	er	mechanical	d-er-signal	1. The signal $STATUS_BH_BCM1.OperationalModeSts$ = 2 (Ignition_Off) is registered without a bus error	1. STATUS_BH_BCM1.OperationalModeSts = 2 (Ignition_Off) is registered without a bus error
pm_29.xlsx	35305835796a	Test Case Specification&Result	177	er	needs_ruling	er-tail-is-received→is sent <時機>	2. The signal value $STATUS_TELEMATIC.PowerSts_Telematic$ = 1 (Standby) is received	
pm_29.xlsx	35305835796a	Test Case Specification&Result	178	proc	mechanical	c-send	1. Send the signal $STATUS_BH_BCM1.OperationalModeSts$ = 2 (Ignition_Off)	1. Send CAN: STATUS_BH_BCM1.OperationalModeSts = 2 (Ignition_Off)
pm_29.xlsx	35305835796a	Test Case Specification&Result	178	proc	mechanical	d-read	2. Read the signal $STATUS_TELEMATIC.PowerSts_Telematic$ and check that it is 1 (Standby)	2. Read STATUS_TELEMATIC.PowerSts_Telematic and check that it is 1 (Standby)
pm_29.xlsx	35305835796a	Test Case Specification&Result	178	er	mechanical	d-er-signal	1. The signal $STATUS_BH_BCM1.OperationalModeSts$ = 2 (Ignition_Off) is registered without a bus error	1. STATUS_BH_BCM1.OperationalModeSts = 2 (Ignition_Off) is registered without a bus error
pm_29.xlsx	35305835796a	Test Case Specification&Result	178	er	needs_ruling	er-tail-is-received→is sent <時機>	2. The signal value $STATUS_TELEMATIC.PowerSts_Telematic$ = 1 (Standby) is received	
pm_29.xlsx	35305835796a	Test Case Specification&Result	179	proc	mechanical	c-send	1. Send the signal $STATUS_BH_BCM1.OperationalModeSts$ = 2 (Ignition_Off)	1. Send CAN: STATUS_BH_BCM1.OperationalModeSts = 2 (Ignition_Off)
pm_29.xlsx	35305835796a	Test Case Specification&Result	179	proc	mechanical	d-read	2. Read the signal $STATUS_TELEMATIC.PowerSts_Telematic$ and check that it is 1 (Standby)	2. Read STATUS_TELEMATIC.PowerSts_Telematic and check that it is 1 (Standby)
pm_29.xlsx	35305835796a	Test Case Specification&Result	179	er	mechanical	d-er-signal	1. The signal $STATUS_BH_BCM1.OperationalModeSts$ = 2 (Ignition_Off) is registered without a bus error	1. STATUS_BH_BCM1.OperationalModeSts = 2 (Ignition_Off) is registered without a bus error
pm_29.xlsx	35305835796a	Test Case Specification&Result	179	er	needs_ruling	er-tail-is-received→is sent <時機>	2. The signal value $STATUS_TELEMATIC.PowerSts_Telematic$ = 1 (Standby) is received	
pm_29.xlsx	35305835796a	Test Case Specification&Result	180	proc	mechanical	c-send	1. Send the signal $STATUS_BH_BCM1.OperationalModeSts$ = 2 (Ignition_Off)	1. Send CAN: STATUS_BH_BCM1.OperationalModeSts = 2 (Ignition_Off)
pm_29.xlsx	35305835796a	Test Case Specification&Result	180	proc	mechanical	d-read	2. Read the signal $STATUS_TELEMATIC.PowerSts_Telematic$ and check that it is 1 (Standby)	2. Read STATUS_TELEMATIC.PowerSts_Telematic and check that it is 1 (Standby)
pm_29.xlsx	35305835796a	Test Case Specification&Result	180	er	mechanical	d-er-signal	1. The signal $STATUS_BH_BCM1.OperationalModeSts$ = 2 (Ignition_Off) is registered without a bus error	1. STATUS_BH_BCM1.OperationalModeSts = 2 (Ignition_Off) is registered without a bus error
pm_29.xlsx	35305835796a	Test Case Specification&Result	180	er	needs_ruling	er-tail-is-received→is sent <時機>	2. The signal value $STATUS_TELEMATIC.PowerSts_Telematic$ = 1 (Standby) is received	
pm_29.xlsx	35305835796a	Test Case Specification&Result	181	proc	mechanical	c-send	1. Send the signal $STATUS_BH_BCM1.OperationalModeSts$ = 10 (Ignition_Pre_Off)	1. Send CAN: STATUS_BH_BCM1.OperationalModeSts = 10 (Ignition_Pre_Off)
pm_29.xlsx	35305835796a	Test Case Specification&Result	181	proc	mechanical	d-read	2. Read the signal $STATUS_TELEMATIC.PowerSts_Telematic$ and check that it is 1 (Standby)	2. Read STATUS_TELEMATIC.PowerSts_Telematic and check that it is 1 (Standby)
pm_29.xlsx	35305835796a	Test Case Specification&Result	181	er	mechanical	d-er-signal	1. The signal $STATUS_BH_BCM1.OperationalModeSts$ = 10 (Ignition_Pre_Off) is registered without a bus error	1. STATUS_BH_BCM1.OperationalModeSts = 10 (Ignition_Pre_Off) is registered without a bus error
pm_29.xlsx	35305835796a	Test Case Specification&Result	181	er	needs_ruling	er-tail-is-received→is sent <時機>	2. The signal value $STATUS_TELEMATIC.PowerSts_Telematic$ = 1 (Standby) is received	
pm_29.xlsx	35305835796a	Test Case Specification&Result	182	proc	mechanical	c-send	1. Send the signal $STATUS_BH_BCM1.OperationalModeSts$ = 10 (Ignition_Pre_Off)	1. Send CAN: STATUS_BH_BCM1.OperationalModeSts = 10 (Ignition_Pre_Off)
pm_29.xlsx	35305835796a	Test Case Specification&Result	182	proc	mechanical	d-read	2. Read the signal $STATUS_TELEMATIC.PowerSts_Telematic$ and check that it is 1 (Standby)	2. Read STATUS_TELEMATIC.PowerSts_Telematic and check that it is 1 (Standby)
pm_29.xlsx	35305835796a	Test Case Specification&Result	182	er	mechanical	d-er-signal	1. The signal $STATUS_BH_BCM1.OperationalModeSts$ = 10 (Ignition_Pre_Off) is registered without a bus error	1. STATUS_BH_BCM1.OperationalModeSts = 10 (Ignition_Pre_Off) is registered without a bus error
pm_29.xlsx	35305835796a	Test Case Specification&Result	182	er	needs_ruling	er-tail-is-received→is sent <時機>	2. The signal value $STATUS_TELEMATIC.PowerSts_Telematic$ = 1 (Standby) is received	
pm_29.xlsx	35305835796a	Test Case Specification&Result	183	proc	mechanical	c-send	1. Send the signal $STATUS_BH_BCM1.OperationalModeSts$ = 10 (Ignition_Pre_Off)	1. Send CAN: STATUS_BH_BCM1.OperationalModeSts = 10 (Ignition_Pre_Off)
pm_29.xlsx	35305835796a	Test Case Specification&Result	183	proc	mechanical	d-read	2. Read the signal $STATUS_TELEMATIC.PowerSts_Telematic$ and check that it is 1 (Standby)	2. Read STATUS_TELEMATIC.PowerSts_Telematic and check that it is 1 (Standby)
pm_29.xlsx	35305835796a	Test Case Specification&Result	183	er	mechanical	d-er-signal	1. The signal $STATUS_BH_BCM1.OperationalModeSts$ = 10 (Ignition_Pre_Off) is registered without a bus error	1. STATUS_BH_BCM1.OperationalModeSts = 10 (Ignition_Pre_Off) is registered without a bus error
pm_29.xlsx	35305835796a	Test Case Specification&Result	183	er	needs_ruling	er-tail-is-received→is sent <時機>	2. The signal value $STATUS_TELEMATIC.PowerSts_Telematic$ = 1 (Standby) is received	
pm_29.xlsx	35305835796a	Test Case Specification&Result	184	proc	mechanical	c-send	1. Send the signal $STATUS_BH_BCM1.OperationalModeSts$ = 10 (Ignition_Pre_Off)	1. Send CAN: STATUS_BH_BCM1.OperationalModeSts = 10 (Ignition_Pre_Off)
pm_29.xlsx	35305835796a	Test Case Specification&Result	184	proc	mechanical	d-read	2. Read the signal $STATUS_TELEMATIC.PowerSts_Telematic$ and check that it is 1 (Standby)	2. Read STATUS_TELEMATIC.PowerSts_Telematic and check that it is 1 (Standby)
pm_29.xlsx	35305835796a	Test Case Specification&Result	184	er	mechanical	d-er-signal	1. The signal $STATUS_BH_BCM1.OperationalModeSts$ = 10 (Ignition_Pre_Off) is registered without a bus error	1. STATUS_BH_BCM1.OperationalModeSts = 10 (Ignition_Pre_Off) is registered without a bus error
pm_29.xlsx	35305835796a	Test Case Specification&Result	184	er	needs_ruling	er-tail-is-received→is sent <時機>	2. The signal value $STATUS_TELEMATIC.PowerSts_Telematic$ = 1 (Standby) is received	
pm_29.xlsx	35305835796a	Test Case Specification&Result	185	proc	mechanical	c-send	1. Send the signal $STATUS_BH_BCM1.OperationalModeSts$ = 10 (Ignition_Pre_Off)	1. Send CAN: STATUS_BH_BCM1.OperationalModeSts = 10 (Ignition_Pre_Off)
pm_29.xlsx	35305835796a	Test Case Specification&Result	185	proc	mechanical	d-read	2. Read the signal $STATUS_TELEMATIC.PowerSts_Telematic$ and check that it is 1 (Standby)	2. Read STATUS_TELEMATIC.PowerSts_Telematic and check that it is 1 (Standby)
pm_29.xlsx	35305835796a	Test Case Specification&Result	185	er	mechanical	d-er-signal	1. The signal $STATUS_BH_BCM1.OperationalModeSts$ = 10 (Ignition_Pre_Off) is registered without a bus error	1. STATUS_BH_BCM1.OperationalModeSts = 10 (Ignition_Pre_Off) is registered without a bus error
pm_29.xlsx	35305835796a	Test Case Specification&Result	185	er	needs_ruling	er-tail-is-received→is sent <時機>	2. The signal value $STATUS_TELEMATIC.PowerSts_Telematic$ = 1 (Standby) is received	
pm_29.xlsx	35305835796a	Test Case Specification&Result	186	proc	mechanical	c-send	1. Send the signal $STATUS_BH_BCM1.OperationalModeSts$ = 10 (Ignition_Pre_Off)	1. Send CAN: STATUS_BH_BCM1.OperationalModeSts = 10 (Ignition_Pre_Off)
pm_29.xlsx	35305835796a	Test Case Specification&Result	186	proc	mechanical	d-read	2. Read the signal $STATUS_TELEMATIC.PowerSts_Telematic$ and check that it is 1 (Standby)	2. Read STATUS_TELEMATIC.PowerSts_Telematic and check that it is 1 (Standby)
pm_29.xlsx	35305835796a	Test Case Specification&Result	186	er	mechanical	d-er-signal	1. The signal $STATUS_BH_BCM1.OperationalModeSts$ = 10 (Ignition_Pre_Off) is registered without a bus error	1. STATUS_BH_BCM1.OperationalModeSts = 10 (Ignition_Pre_Off) is registered without a bus error
pm_29.xlsx	35305835796a	Test Case Specification&Result	186	er	needs_ruling	er-tail-is-received→is sent <時機>	2. The signal value $STATUS_TELEMATIC.PowerSts_Telematic$ = 1 (Standby) is received	
pm_29.xlsx	35305835796a	Test Case Specification&Result	187	proc	mechanical	c-send	1. Send the signal $STATUS_BH_BCM1.OperationalModeSts$ = 2 (Ignition_Off)	1. Send CAN: STATUS_BH_BCM1.OperationalModeSts = 2 (Ignition_Off)
pm_29.xlsx	35305835796a	Test Case Specification&Result	187	proc	mechanical	d-read	2. Read the signal $STATUS_TELEMATIC.PowerSts_Telematic$ and check that it is 0 (Sleep)	2. Read STATUS_TELEMATIC.PowerSts_Telematic and check that it is 0 (Sleep)
pm_29.xlsx	35305835796a	Test Case Specification&Result	187	er	mechanical	d-er-signal	1. The signal $STATUS_BH_BCM1.OperationalModeSts$ = 2 (Ignition_Off) is registered without a bus error	1. STATUS_BH_BCM1.OperationalModeSts = 2 (Ignition_Off) is registered without a bus error
pm_29.xlsx	35305835796a	Test Case Specification&Result	187	er	needs_ruling	er-tail-is-received→is sent <時機>	2. The signal value $STATUS_TELEMATIC.PowerSts_Telematic$ = 0 (Sleep) is received	
pm_29.xlsx	35305835796a	Test Case Specification&Result	188	proc	mechanical	c-send	1. Send the signal $STATUS_BH_BCM1.OperationalModeSts$ = 2 (Ignition_Off)	1. Send CAN: STATUS_BH_BCM1.OperationalModeSts = 2 (Ignition_Off)
pm_29.xlsx	35305835796a	Test Case Specification&Result	188	proc	mechanical	d-read	2. Read the signal $STATUS_TELEMATIC.PowerSts_Telematic$ and check that it is 0 (Sleep)	2. Read STATUS_TELEMATIC.PowerSts_Telematic and check that it is 0 (Sleep)
pm_29.xlsx	35305835796a	Test Case Specification&Result	188	er	mechanical	d-er-signal	1. The signal $STATUS_BH_BCM1.OperationalModeSts$ = 2 (Ignition_Off) is registered without a bus error	1. STATUS_BH_BCM1.OperationalModeSts = 2 (Ignition_Off) is registered without a bus error
pm_29.xlsx	35305835796a	Test Case Specification&Result	188	er	needs_ruling	er-tail-is-received→is sent <時機>	2. The signal value $STATUS_TELEMATIC.PowerSts_Telematic$ = 0 (Sleep) is received	
pm_29.xlsx	35305835796a	Test Case Specification&Result	189	proc	mechanical	c-send	1. Send the signal $STATUS_BH_BCM1.OperationalModeSts$ = 2 (Ignition_Off)	1. Send CAN: STATUS_BH_BCM1.OperationalModeSts = 2 (Ignition_Off)
pm_29.xlsx	35305835796a	Test Case Specification&Result	189	proc	mechanical	d-read	2. Read the signal $STATUS_TELEMATIC.PowerSts_Telematic$ and check that it is 0 (Sleep)	2. Read STATUS_TELEMATIC.PowerSts_Telematic and check that it is 0 (Sleep)
pm_29.xlsx	35305835796a	Test Case Specification&Result	189	er	mechanical	d-er-signal	1. The signal $STATUS_BH_BCM1.OperationalModeSts$ = 2 (Ignition_Off) is registered without a bus error	1. STATUS_BH_BCM1.OperationalModeSts = 2 (Ignition_Off) is registered without a bus error
pm_29.xlsx	35305835796a	Test Case Specification&Result	189	er	needs_ruling	er-tail-is-received→is sent <時機>	2. The signal value $STATUS_TELEMATIC.PowerSts_Telematic$ = 0 (Sleep) is received	
pm_29.xlsx	35305835796a	Test Case Specification&Result	190	proc	mechanical	c-send	1. Send the signal $STATUS_BH_BCM1.OperationalModeSts$ = 2 (Ignition_Off)	1. Send CAN: STATUS_BH_BCM1.OperationalModeSts = 2 (Ignition_Off)
pm_29.xlsx	35305835796a	Test Case Specification&Result	190	proc	mechanical	d-read	2. Read the signal $STATUS_TELEMATIC.PowerSts_Telematic$ and check that it is 0 (Sleep)	2. Read STATUS_TELEMATIC.PowerSts_Telematic and check that it is 0 (Sleep)
pm_29.xlsx	35305835796a	Test Case Specification&Result	190	er	mechanical	d-er-signal	1. The signal $STATUS_BH_BCM1.OperationalModeSts$ = 2 (Ignition_Off) is registered without a bus error	1. STATUS_BH_BCM1.OperationalModeSts = 2 (Ignition_Off) is registered without a bus error
pm_29.xlsx	35305835796a	Test Case Specification&Result	190	er	needs_ruling	er-tail-is-received→is sent <時機>	2. The signal value $STATUS_TELEMATIC.PowerSts_Telematic$ = 0 (Sleep) is received	
pm_29.xlsx	35305835796a	Test Case Specification&Result	191	proc	mechanical	c-send	1. Send the signal $STATUS_BH_BCM1.OperationalModeSts$ = 2 (Ignition_Off)	1. Send CAN: STATUS_BH_BCM1.OperationalModeSts = 2 (Ignition_Off)
pm_29.xlsx	35305835796a	Test Case Specification&Result	191	proc	mechanical	d-read	2. Read the signal $STATUS_TELEMATIC.PowerSts_Telematic$ and check that it is 0 (Sleep)	2. Read STATUS_TELEMATIC.PowerSts_Telematic and check that it is 0 (Sleep)
pm_29.xlsx	35305835796a	Test Case Specification&Result	191	er	mechanical	d-er-signal	1. The signal $STATUS_BH_BCM1.OperationalModeSts$ = 2 (Ignition_Off) is registered without a bus error	1. STATUS_BH_BCM1.OperationalModeSts = 2 (Ignition_Off) is registered without a bus error
pm_29.xlsx	35305835796a	Test Case Specification&Result	191	er	needs_ruling	er-tail-is-received→is sent <時機>	2. The signal value $STATUS_TELEMATIC.PowerSts_Telematic$ = 0 (Sleep) is received	
pm_29.xlsx	35305835796a	Test Case Specification&Result	192	proc	mechanical	c-send	1. Send the signal $STATUS_BH_BCM1.OperationalModeSts$ = 2 (Ignition_Off)	1. Send CAN: STATUS_BH_BCM1.OperationalModeSts = 2 (Ignition_Off)
pm_29.xlsx	35305835796a	Test Case Specification&Result	192	proc	mechanical	d-read	2. Read the signal $STATUS_TELEMATIC.PowerSts_Telematic$ and check that it is 0 (Sleep)	2. Read STATUS_TELEMATIC.PowerSts_Telematic and check that it is 0 (Sleep)
pm_29.xlsx	35305835796a	Test Case Specification&Result	192	er	mechanical	d-er-signal	1. The signal $STATUS_BH_BCM1.OperationalModeSts$ = 2 (Ignition_Off) is registered without a bus error	1. STATUS_BH_BCM1.OperationalModeSts = 2 (Ignition_Off) is registered without a bus error
pm_29.xlsx	35305835796a	Test Case Specification&Result	192	er	needs_ruling	er-tail-is-received→is sent <時機>	2. The signal value $STATUS_TELEMATIC.PowerSts_Telematic$ = 0 (Sleep) is received	
pm_29.xlsx	35305835796a	Test Case Specification&Result	193	proc	mechanical	c-send	1. Send the signal $STATUS_BH_BCM1.OperationalModeSts$ = 10 (Ignition_Pre_Off)	1. Send CAN: STATUS_BH_BCM1.OperationalModeSts = 10 (Ignition_Pre_Off)
pm_29.xlsx	35305835796a	Test Case Specification&Result	193	proc	mechanical	d-read	2. Read the signal $STATUS_TELEMATIC.PowerSts_Telematic$ and check that it is 0 (Sleep)	2. Read STATUS_TELEMATIC.PowerSts_Telematic and check that it is 0 (Sleep)
pm_29.xlsx	35305835796a	Test Case Specification&Result	193	er	mechanical	d-er-signal	1. The signal $STATUS_BH_BCM1.OperationalModeSts$ = 10 (Ignition_Pre_Off) is registered without a bus error	1. STATUS_BH_BCM1.OperationalModeSts = 10 (Ignition_Pre_Off) is registered without a bus error
pm_29.xlsx	35305835796a	Test Case Specification&Result	193	er	needs_ruling	er-tail-is-received→is sent <時機>	2. The signal value $STATUS_TELEMATIC.PowerSts_Telematic$ = 0 (Sleep) is received	
pm_29.xlsx	35305835796a	Test Case Specification&Result	194	proc	mechanical	c-send	1. Send the signal $STATUS_BH_BCM1.OperationalModeSts$ = 10 (Ignition_Pre_Off)	1. Send CAN: STATUS_BH_BCM1.OperationalModeSts = 10 (Ignition_Pre_Off)
pm_29.xlsx	35305835796a	Test Case Specification&Result	194	proc	mechanical	d-read	2. Read the signal $STATUS_TELEMATIC.PowerSts_Telematic$ and check that it is 0 (Sleep)	2. Read STATUS_TELEMATIC.PowerSts_Telematic and check that it is 0 (Sleep)
pm_29.xlsx	35305835796a	Test Case Specification&Result	194	er	mechanical	d-er-signal	1. The signal $STATUS_BH_BCM1.OperationalModeSts$ = 10 (Ignition_Pre_Off) is registered without a bus error	1. STATUS_BH_BCM1.OperationalModeSts = 10 (Ignition_Pre_Off) is registered without a bus error
pm_29.xlsx	35305835796a	Test Case Specification&Result	194	er	needs_ruling	er-tail-is-received→is sent <時機>	2. The signal value $STATUS_TELEMATIC.PowerSts_Telematic$ = 0 (Sleep) is received	
pm_29.xlsx	35305835796a	Test Case Specification&Result	195	proc	mechanical	c-send	1. Send the signal $STATUS_BH_BCM1.OperationalModeSts$ = 10 (Ignition_Pre_Off)	1. Send CAN: STATUS_BH_BCM1.OperationalModeSts = 10 (Ignition_Pre_Off)
pm_29.xlsx	35305835796a	Test Case Specification&Result	195	proc	mechanical	d-read	2. Read the signal $STATUS_TELEMATIC.PowerSts_Telematic$ and check that it is 0 (Sleep)	2. Read STATUS_TELEMATIC.PowerSts_Telematic and check that it is 0 (Sleep)
pm_29.xlsx	35305835796a	Test Case Specification&Result	195	er	mechanical	d-er-signal	1. The signal $STATUS_BH_BCM1.OperationalModeSts$ = 10 (Ignition_Pre_Off) is registered without a bus error	1. STATUS_BH_BCM1.OperationalModeSts = 10 (Ignition_Pre_Off) is registered without a bus error
pm_29.xlsx	35305835796a	Test Case Specification&Result	195	er	needs_ruling	er-tail-is-received→is sent <時機>	2. The signal value $STATUS_TELEMATIC.PowerSts_Telematic$ = 0 (Sleep) is received	
pm_29.xlsx	35305835796a	Test Case Specification&Result	196	proc	mechanical	c-send	1. Send the signal $STATUS_BH_BCM1.OperationalModeSts$ = 10 (Ignition_Pre_Off)	1. Send CAN: STATUS_BH_BCM1.OperationalModeSts = 10 (Ignition_Pre_Off)
pm_29.xlsx	35305835796a	Test Case Specification&Result	196	proc	mechanical	d-read	2. Read the signal $STATUS_TELEMATIC.PowerSts_Telematic$ and check that it is 0 (Sleep)	2. Read STATUS_TELEMATIC.PowerSts_Telematic and check that it is 0 (Sleep)
pm_29.xlsx	35305835796a	Test Case Specification&Result	196	er	mechanical	d-er-signal	1. The signal $STATUS_BH_BCM1.OperationalModeSts$ = 10 (Ignition_Pre_Off) is registered without a bus error	1. STATUS_BH_BCM1.OperationalModeSts = 10 (Ignition_Pre_Off) is registered without a bus error
pm_29.xlsx	35305835796a	Test Case Specification&Result	196	er	needs_ruling	er-tail-is-received→is sent <時機>	2. The signal value $STATUS_TELEMATIC.PowerSts_Telematic$ = 0 (Sleep) is received	
pm_29.xlsx	35305835796a	Test Case Specification&Result	197	proc	mechanical	c-send	1. Send the signal $STATUS_BH_BCM1.OperationalModeSts$ = 10 (Ignition_Pre_Off)	1. Send CAN: STATUS_BH_BCM1.OperationalModeSts = 10 (Ignition_Pre_Off)
pm_29.xlsx	35305835796a	Test Case Specification&Result	197	proc	mechanical	d-read	2. Read the signal $STATUS_TELEMATIC.PowerSts_Telematic$ and check that it is 0 (Sleep)	2. Read STATUS_TELEMATIC.PowerSts_Telematic and check that it is 0 (Sleep)
pm_29.xlsx	35305835796a	Test Case Specification&Result	197	er	mechanical	d-er-signal	1. The signal $STATUS_BH_BCM1.OperationalModeSts$ = 10 (Ignition_Pre_Off) is registered without a bus error	1. STATUS_BH_BCM1.OperationalModeSts = 10 (Ignition_Pre_Off) is registered without a bus error
pm_29.xlsx	35305835796a	Test Case Specification&Result	197	er	needs_ruling	er-tail-is-received→is sent <時機>	2. The signal value $STATUS_TELEMATIC.PowerSts_Telematic$ = 0 (Sleep) is received	
pm_29.xlsx	35305835796a	Test Case Specification&Result	198	proc	mechanical	c-send	1. Send the signal $STATUS_BH_BCM1.OperationalModeSts$ = 10 (Ignition_Pre_Off)	1. Send CAN: STATUS_BH_BCM1.OperationalModeSts = 10 (Ignition_Pre_Off)
pm_29.xlsx	35305835796a	Test Case Specification&Result	198	proc	mechanical	d-read	2. Read the signal $STATUS_TELEMATIC.PowerSts_Telematic$ and check that it is 0 (Sleep)	2. Read STATUS_TELEMATIC.PowerSts_Telematic and check that it is 0 (Sleep)
pm_29.xlsx	35305835796a	Test Case Specification&Result	198	er	mechanical	d-er-signal	1. The signal $STATUS_BH_BCM1.OperationalModeSts$ = 10 (Ignition_Pre_Off) is registered without a bus error	1. STATUS_BH_BCM1.OperationalModeSts = 10 (Ignition_Pre_Off) is registered without a bus error
pm_29.xlsx	35305835796a	Test Case Specification&Result	198	er	needs_ruling	er-tail-is-received→is sent <時機>	2. The signal value $STATUS_TELEMATIC.PowerSts_Telematic$ = 0 (Sleep) is received	
pm_29.xlsx	35305835796a	Test Case Specification&Result	203	proc	mechanical	c-send	1. Send the signal $CLIMATIC_PANEL.Radio_btn0$ = 0 (Not_Pressed)	1. Send CAN: CLIMATIC_PANEL.Radio_btn0 = 0 (Not_Pressed)
pm_29.xlsx	35305835796a	Test Case Specification&Result	203	proc	mechanical	c-send	2. Send the signal $CLIMATIC_PANEL.Radio_btn0$ = 1 (Pressed)	2. Send CAN: CLIMATIC_PANEL.Radio_btn0 = 1 (Pressed)
pm_29.xlsx	35305835796a	Test Case Specification&Result	203	er	mechanical	d-er-signal	1. The signal $CLIMATIC_PANEL.Radio_btn0$ = 0 (Not_Pressed) is sent	1. CLIMATIC_PANEL.Radio_btn0 = 0 (Not_Pressed) is sent
pm_29.xlsx	35305835796a	Test Case Specification&Result	203	er	mechanical	d-er-signal	2. The signal $CLIMATIC_PANEL.Radio_btn0$ = 1 (Pressed) is registered without a bus error	2. CLIMATIC_PANEL.Radio_btn0 = 1 (Pressed) is registered without a bus error
pm_29.xlsx	35305835796a	Test Case Specification&Result	204	proc	mechanical	c-send	1. Send the signal $CLIMATIC_PANEL.Radio_btn0$ = 0 (Not_Pressed)	1. Send CAN: CLIMATIC_PANEL.Radio_btn0 = 0 (Not_Pressed)
pm_29.xlsx	35305835796a	Test Case Specification&Result	204	proc	mechanical	c-send	2. Send the signal $CLIMATIC_PANEL.Radio_btn0$ = 1 (Pressed)	2. Send CAN: CLIMATIC_PANEL.Radio_btn0 = 1 (Pressed)
pm_29.xlsx	35305835796a	Test Case Specification&Result	204	er	mechanical	d-er-signal	1. The signal $CLIMATIC_PANEL.Radio_btn0$ = 0 (Not_Pressed) is sent	1. CLIMATIC_PANEL.Radio_btn0 = 0 (Not_Pressed) is sent
pm_29.xlsx	35305835796a	Test Case Specification&Result	204	er	mechanical	d-er-signal	2. The signal $CLIMATIC_PANEL.Radio_btn0$ = 1 (Pressed) is registered without a bus error	2. CLIMATIC_PANEL.Radio_btn0 = 1 (Pressed) is registered without a bus error
pm_29.xlsx	35305835796a	Test Case Specification&Result	205	proc	mechanical	d-read	3. Read the signal $STATUS_TELEMATIC.PowerSts_Telematic$ and check that it is still 1 (Standby)	3. Read STATUS_TELEMATIC.PowerSts_Telematic and check that it is still 1 (Standby)
pm_29.xlsx	35305835796a	Test Case Specification&Result	205	er	needs_ruling	er-tail-is-received→is sent <時機>	3. The signal value $STATUS_TELEMATIC.PowerSts_Telematic$ = 1 (Standby) is received	
pm_29.xlsx	35305835796a	Test Case Specification&Result	206	proc	mechanical	d-read	3. Read the signal $STATUS_TELEMATIC.PowerSts_Telematic$ and check that it is still 0 (Sleep)	3. Read STATUS_TELEMATIC.PowerSts_Telematic and check that it is still 0 (Sleep)
pm_29.xlsx	35305835796a	Test Case Specification&Result	206	er	needs_ruling	er-tail-is-received→is sent <時機>	3. The signal value $STATUS_TELEMATIC.PowerSts_Telematic$ = 0 (Sleep) is received	
pm_29.xlsx	35305835796a	Test Case Specification&Result	207	pre	needs_ruling	proxi-R-G70(e)-vs-R-VS86	1. PROXI Rear_View_Camera = Present	
pm_29.xlsx	35305835796a	Test Case Specification&Result	208	pre	needs_ruling	proxi-R-G70(e)-vs-R-VS86	1. PROXI Rear_View_Camera = Present	
pm_29.xlsx	35305835796a	Test Case Specification&Result	209	proc	mechanical	d-read	3. Read the signal $STATUS_TELEMATIC.PowerSts_Telematic$ and check that it is still 1 (Standby)	3. Read STATUS_TELEMATIC.PowerSts_Telematic and check that it is still 1 (Standby)
pm_29.xlsx	35305835796a	Test Case Specification&Result	209	er	needs_ruling	er-tail-is-received→is sent <時機>	3. The signal value $STATUS_TELEMATIC.PowerSts_Telematic$ = 1 (Standby) is received	
pm_29.xlsx	35305835796a	Test Case Specification&Result	210	proc	mechanical	d-read	3. Read the signal $STATUS_TELEMATIC.PowerSts_Telematic$ and check that it is still 0 (Sleep)	3. Read STATUS_TELEMATIC.PowerSts_Telematic and check that it is still 0 (Sleep)
pm_29.xlsx	35305835796a	Test Case Specification&Result	210	er	needs_ruling	er-tail-is-received→is sent <時機>	3. The signal value $STATUS_TELEMATIC.PowerSts_Telematic$ = 0 (Sleep) is received	
pm_29.xlsx	35305835796a	Test Case Specification&Result	211	pre	mechanical	sig-bare	3. The $STATUS_BH_BCM1.OperationalModeSts$ transition has occurred	3. The STATUS_BH_BCM1.OperationalModeSts transition has occurred
pm_29.xlsx	35305835796a	Test Case Specification&Result	211	proc	mechanical	d-read	3. Read the signal $STATUS_TELEMATIC.PowerSts_Telematic$ and check that it is 4 (Full_Operation)	3. Read STATUS_TELEMATIC.PowerSts_Telematic and check that it is 4 (Full_Operation)
pm_29.xlsx	35305835796a	Test Case Specification&Result	211	er	needs_ruling	er-tail-is-received→is sent <時機>	3. The signal value $STATUS_TELEMATIC.PowerSts_Telematic$ = 4 (Full_Operation) is received	
pm_29.xlsx	35305835796a	Test Case Specification&Result	212	pre	mechanical	sig-bare	3. The $STATUS_BH_BCM1.OperationalModeSts$ transition has occurred	3. The STATUS_BH_BCM1.OperationalModeSts transition has occurred
pm_29.xlsx	35305835796a	Test Case Specification&Result	212	proc	mechanical	d-read	3. Read the signal $STATUS_TELEMATIC.PowerSts_Telematic$ and check that it is 3 (Idle)	3. Read STATUS_TELEMATIC.PowerSts_Telematic and check that it is 3 (Idle)
pm_29.xlsx	35305835796a	Test Case Specification&Result	212	er	needs_ruling	er-tail-is-received→is sent <時機>	3. The signal value $STATUS_TELEMATIC.PowerSts_Telematic$ = 3 (Idle) is received	
pm_29.xlsx	35305835796a	Test Case Specification&Result	213	pre	mechanical	sig-bare	3. The $STATUS_BH_BCM1.OperationalModeSts$ transition has occurred	3. The STATUS_BH_BCM1.OperationalModeSts transition has occurred
pm_29.xlsx	35305835796a	Test Case Specification&Result	213	proc	mechanical	d-read	2. Read the signal $STATUS_TELEMATIC.PowerSts_Telematic$ and check that it is 4 (Full_Operation)	2. Read STATUS_TELEMATIC.PowerSts_Telematic and check that it is 4 (Full_Operation)
pm_29.xlsx	35305835796a	Test Case Specification&Result	213	er	needs_ruling	er-tail-is-received→is sent <時機>	2. The signal value $STATUS_TELEMATIC.PowerSts_Telematic$ = 4 (Full_Operation) is received	
pm_29.xlsx	35305835796a	Test Case Specification&Result	214	pre	mechanical	sig-bare	3. The $STATUS_BH_BCM1.OperationalModeSts$ transition has occurred	3. The STATUS_BH_BCM1.OperationalModeSts transition has occurred
pm_29.xlsx	35305835796a	Test Case Specification&Result	214	proc	mechanical	d-read	2. Read the signal $STATUS_TELEMATIC.PowerSts_Telematic$ and check that it is 3 (Idle)	2. Read STATUS_TELEMATIC.PowerSts_Telematic and check that it is 3 (Idle)
pm_29.xlsx	35305835796a	Test Case Specification&Result	214	er	needs_ruling	er-tail-is-received→is sent <時機>	2. The signal value $STATUS_TELEMATIC.PowerSts_Telematic$ = 3 (Idle) is received	
pm_29.xlsx	35305835796a	Test Case Specification&Result	215	proc	mechanical	c-send	2. Send the signal $STATUS_BH_BCM1.OperationalModeSts$ = 4 (Ignition_On) on the ex-factory unit and check that the HU powers up automatically and shows the splash screen	2. Send CAN: STATUS_BH_BCM1.OperationalModeSts = 4 (Ignition_On) on the ex-factory unit and check that the HU powers up automatically and shows the splash screen
pm_29.xlsx	35305835796a	Test Case Specification&Result	216	proc	mechanical	d-read	3. Read the signal $STATUS_TELEMATIC.PowerSts_Telematic$ and check that it is still 3 (Idle)	3. Read STATUS_TELEMATIC.PowerSts_Telematic and check that it is still 3 (Idle)
pm_29.xlsx	35305835796a	Test Case Specification&Result	216	er	needs_ruling	er-tail-is-received→is sent <時機>	3. The signal value $STATUS_TELEMATIC.PowerSts_Telematic$ = 3 (Idle) is received	
pm_29.xlsx	35305835796a	Test Case Specification&Result	217	proc	mechanical	c-send	2. Send the signal $STATUS_BH_BCM1.OperationalModeSts$ = 4 (Ignition_On) and check that the HU does not power up automatically	2. Send CAN: STATUS_BH_BCM1.OperationalModeSts = 4 (Ignition_On) and check that the HU does not power up automatically
pm_29.xlsx	35305835796a	Test Case Specification&Result	217	proc	mechanical	d-read	3. Read the signal $STATUS_TELEMATIC.PowerSts_Telematic$ and check that it is 3 (Idle)	3. Read STATUS_TELEMATIC.PowerSts_Telematic and check that it is 3 (Idle)
pm_29.xlsx	35305835796a	Test Case Specification&Result	217	er	needs_ruling	er-tail-is-received→is sent <時機>	3. The signal value $STATUS_TELEMATIC.PowerSts_Telematic$ = 3 (Idle) is received	
pm_29.xlsx	35305835796a	Test Case Specification&Result	218	proc	mechanical	c-send	3. Send the signal $STATUS_BH_BCM1.OperationalModeSts$ = 4 (Ignition_On) and check that the HU powers up automatically and shows the splash screen	3. Send CAN: STATUS_BH_BCM1.OperationalModeSts = 4 (Ignition_On) and check that the HU powers up automatically and shows the splash screen
pm_29.xlsx	35305835796a	Test Case Specification&Result	218	proc	mechanical	d-read	4. Read the signal $STATUS_TELEMATIC.PowerSts_Telematic$ and check that it is 4 (Full_Operation)	4. Read STATUS_TELEMATIC.PowerSts_Telematic and check that it is 4 (Full_Operation)
pm_29.xlsx	35305835796a	Test Case Specification&Result	218	er	needs_ruling	er-tail-is-received→is sent <時機>	4. The signal value $STATUS_TELEMATIC.PowerSts_Telematic$ = 4 (Full_Operation) is received	
pm_29.xlsx	35305835796a	Test Case Specification&Result	219	proc	mechanical	d-read	3. Read the signal $STATUS_TELEMATIC.PowerSts_Telematic$ and check that it is still 7 (Partial_Operation)	3. Read STATUS_TELEMATIC.PowerSts_Telematic and check that it is still 7 (Partial_Operation)
pm_29.xlsx	35305835796a	Test Case Specification&Result	219	er	needs_ruling	er-tail-is-received→is sent <時機>	3. The signal value $STATUS_TELEMATIC.PowerSts_Telematic$ = 7 (Partial_Operation) is received	
pm_29.xlsx	35305835796a	Test Case Specification&Result	225	pre	needs_ruling	proxi-R-G70(e)-vs-R-VS86	1. PROXI VC_MODEL_YEAR = 2025	
pm_29.xlsx	35305835796a	Test Case Specification&Result	225	pre	needs_ruling	proxi-R-G70(e)-vs-R-VS86	2. PROXI VC_VEH_LINE = DT	
pm_29.xlsx	35305835796a	Test Case Specification&Result	225	pre	needs_ruling	proxi-R-G70(e)-vs-R-VS86	3. PROXI VC_SpecialPKG_IC = 147 (Tungsten)	
pm_29.xlsx	35305835796a	Test Case Specification&Result	226	pre	needs_ruling	proxi-R-G70(e)-vs-R-VS86	2. PROXI VC_VEH_LINE = DT	
pm_29.xlsx	35305835796a	Test Case Specification&Result	226	pre	needs_ruling	proxi-R-G70(e)-vs-R-VS86	3. PROXI SplashScreen_Type = 7 (Klipsch)	
pm_29.xlsx	35305835796a	Test Case Specification&Result	228	pre	needs_ruling	proxi-R-G70(e)-vs-R-VS86	3. PROXI Switch_Off_Time = 20 minutes	
pm_29.xlsx	35305835796a	Test Case Specification&Result	229	pre	needs_ruling	proxi-R-G70(e)-vs-R-VS86	3. PROXI Switch_Off_Time = 20 minutes	
pm_29.xlsx	35305835796a	Test Case Specification&Result	230	pre	needs_ruling	proxi-R-G70(e)-vs-R-VS86	3. PROXI Switch_Off_Time = 20 minutes	
pm_29.xlsx	35305835796a	Test Case Specification&Result	231	pre	needs_ruling	proxi-R-G70(e)-vs-R-VS86	3. PROXI Switch_Off_Time = 60 minutes	
pm_29.xlsx	35305835796a	Test Case Specification&Result	232	pre	needs_ruling	proxi-R-G70(e)-vs-R-VS86	3. PROXI Switch_Off_Time = 60 minutes	
pm_29.xlsx	35305835796a	Test Case Specification&Result	233	pre	needs_ruling	proxi-R-G70(e)-vs-R-VS86	3. PROXI Switch_Off_Time = 60 minutes	
pm_29.xlsx	35305835796a	Test Case Specification&Result	234	pre	needs_ruling	proxi-R-G70(e)-vs-R-VS86	3. PROXI Switch_Off_Time = 180 minutes	
pm_29.xlsx	35305835796a	Test Case Specification&Result	235	pre	needs_ruling	proxi-R-G70(e)-vs-R-VS86	3. PROXI Switch_Off_Time = 180 minutes	
pm_29.xlsx	35305835796a	Test Case Specification&Result	236	pre	needs_ruling	proxi-R-G70(e)-vs-R-VS86	3. PROXI Switch_Off_Time = 180 minutes	
pm_29.xlsx	35305835796a	Test Case Specification&Result	238	proc	mechanical	d-read	2. Read the signal $STATUS_TELEMATIC.PowerSts_Telematic$ and check that it is 0 (Sleep)	2. Read STATUS_TELEMATIC.PowerSts_Telematic and check that it is 0 (Sleep)
pm_29.xlsx	35305835796a	Test Case Specification&Result	238	er	needs_ruling	er-tail-is-received→is sent <時機>	2. The signal value $STATUS_TELEMATIC.PowerSts_Telematic$ = 0 (Sleep) is received	
pm_29.xlsx	35305835796a	Test Case Specification&Result	239	proc	mechanical	d-read	2. Read the signal $STATUS_TELEMATIC.PowerSts_Telematic$ and check that it is still 1 (Standby) while the boot is not ended	2. Read STATUS_TELEMATIC.PowerSts_Telematic and check that it is still 1 (Standby) while the boot is not ended
pm_29.xlsx	35305835796a	Test Case Specification&Result	239	er	needs_ruling	er-tail-is-received→is sent <時機>	2. The signal value $STATUS_TELEMATIC.PowerSts_Telematic$ = 1 (Standby) is received while the boot is not ended	
pm_29.xlsx	35305835796a	Test Case Specification&Result	240	proc	mechanical	d-read	2. Read the signal $STATUS_TELEMATIC.PowerSts_Telematic$ and check that it is still 1 (Standby) while the boot is not ended	2. Read STATUS_TELEMATIC.PowerSts_Telematic and check that it is still 1 (Standby) while the boot is not ended
pm_29.xlsx	35305835796a	Test Case Specification&Result	240	proc	mechanical	d-read	4. Read the signal $STATUS_TELEMATIC.PowerSts_Telematic$ and check that it is 0 (Sleep)	4. Read STATUS_TELEMATIC.PowerSts_Telematic and check that it is 0 (Sleep)
pm_29.xlsx	35305835796a	Test Case Specification&Result	240	er	needs_ruling	er-tail-is-received→is sent <時機>	2. The signal value $STATUS_TELEMATIC.PowerSts_Telematic$ = 1 (Standby) is received while the boot is not ended	
pm_29.xlsx	35305835796a	Test Case Specification&Result	240	er	needs_ruling	er-tail-is-received→is sent <時機>	4. The signal value $STATUS_TELEMATIC.PowerSts_Telematic$ = 0 (Sleep) is received	
pm_29.xlsx	35305835796a	Test Case Specification&Result	241	proc	mechanical	d-read	2. Read the signal $STATUS_TELEMATIC.PowerSts_Telematic$ and check that it is still 1 (Standby) while the boot is not ended	2. Read STATUS_TELEMATIC.PowerSts_Telematic and check that it is still 1 (Standby) while the boot is not ended
pm_29.xlsx	35305835796a	Test Case Specification&Result	241	er	needs_ruling	er-tail-is-received→is sent <時機>	2. The signal value $STATUS_TELEMATIC.PowerSts_Telematic$ = 1 (Standby) is received while the boot is not ended	
pm_29.xlsx	35305835796a	Test Case Specification&Result	251	proc	mechanical	d-read	2. Read the signal $STATUS_TELEMATIC.PowerSts_Telematic$ and check that it is still 2 (Timed)	2. Read STATUS_TELEMATIC.PowerSts_Telematic and check that it is still 2 (Timed)
pm_29.xlsx	35305835796a	Test Case Specification&Result	251	er	needs_ruling	er-tail-is-received→is sent <時機>	2. The signal value $STATUS_TELEMATIC.PowerSts_Telematic$ = 2 (Timed) is received	
pm_29.xlsx	35305835796a	Test Case Specification&Result	252	proc	mechanical	c-send	1. Send the signal $STATUS_BH_BCM1.OperationalModeSts$ = 10 (Ignition_Pre_Off) while the call stays active	1. Send CAN: STATUS_BH_BCM1.OperationalModeSts = 10 (Ignition_Pre_Off) while the call stays active
pm_29.xlsx	35305835796a	Test Case Specification&Result	252	er	mechanical	d-er-signal	1. The signal $STATUS_BH_BCM1.OperationalModeSts$ = 10 (Ignition_Pre_Off) is registered without a bus error	1. STATUS_BH_BCM1.OperationalModeSts = 10 (Ignition_Pre_Off) is registered without a bus error
pm_29.xlsx	35305835796a	Test Case Specification&Result	254	proc	mechanical	d-read	3. Read the signal $STATUS_TELEMATIC.PowerSts_Telematic$ and check that it is still 2 (Timed)	3. Read STATUS_TELEMATIC.PowerSts_Telematic and check that it is still 2 (Timed)
pm_29.xlsx	35305835796a	Test Case Specification&Result	254	er	needs_ruling	er-tail-is-received→is sent <時機>	3. The signal value $STATUS_TELEMATIC.PowerSts_Telematic$ = 2 (Timed) is received	
pm_29.xlsx	35305835796a	Test Case Specification&Result	255	proc	mechanical	d-read	3. Read the signal $STATUS_TELEMATIC.PowerSts_Telematic$ and check that it is still 2 (Timed)	3. Read STATUS_TELEMATIC.PowerSts_Telematic and check that it is still 2 (Timed)
pm_29.xlsx	35305835796a	Test Case Specification&Result	255	er	needs_ruling	er-tail-is-received→is sent <時機>	3. The signal value $STATUS_TELEMATIC.PowerSts_Telematic$ = 2 (Timed) is received	
pm_29.xlsx	35305835796a	Test Case Specification&Result	264	proc	mechanical	d-read	4. Read the signal $STATUS_TELEMATIC.PowerSts_Telematic$ and check that it is 3 (Idle)	4. Read STATUS_TELEMATIC.PowerSts_Telematic and check that it is 3 (Idle)
pm_29.xlsx	35305835796a	Test Case Specification&Result	264	er	needs_ruling	er-tail-is-received→is sent <時機>	4. The signal value $STATUS_TELEMATIC.PowerSts_Telematic$ = 3 (Idle) is received	
pm_29.xlsx	35305835796a	Test Case Specification&Result	266	proc	mechanical	d-read	3. Read the signal $STATUS_TELEMATIC.PowerSts_Telematic$ and check that it is 1 (Standby)	3. Read STATUS_TELEMATIC.PowerSts_Telematic and check that it is 1 (Standby)
pm_29.xlsx	35305835796a	Test Case Specification&Result	266	er	needs_ruling	er-tail-is-received→is sent <時機>	3. The signal value $STATUS_TELEMATIC.PowerSts_Telematic$ = 1 (Standby) is received	
pm_29.xlsx	35305835796a	Test Case Specification&Result	267	proc	mechanical	d-read	3. Read the signal $STATUS_TELEMATIC.PowerSts_Telematic$ and check that it is 6 (Bench)	3. Read STATUS_TELEMATIC.PowerSts_Telematic and check that it is 6 (Bench)
pm_29.xlsx	35305835796a	Test Case Specification&Result	267	er	needs_ruling	er-tail-is-received→is sent <時機>	3. The signal value $STATUS_TELEMATIC.PowerSts_Telematic$ = 6 (Bench) is received	
pm_29.xlsx	35305835796a	Test Case Specification&Result	270	proc	mechanical	c-send	3. Send the signal $STATUS_LIN.PN14_LS_Actv$ = 1 (Active)	3. Send CAN: STATUS_LIN.PN14_LS_Actv = 1 (Active)
pm_29.xlsx	35305835796a	Test Case Specification&Result	270	proc	mechanical	c-send	4. Send the signal $STATUS_LIN.PN14_LS_Lvl7$ = 1 (Active)	4. Send CAN: STATUS_LIN.PN14_LS_Lvl7 = 1 (Active)
pm_29.xlsx	35305835796a	Test Case Specification&Result	270	er	mechanical	d-er-signal	3. The signal $STATUS_LIN.PN14_LS_Actv$ = 1 (Active) is registered without a bus error	3. STATUS_LIN.PN14_LS_Actv = 1 (Active) is registered without a bus error
pm_29.xlsx	35305835796a	Test Case Specification&Result	270	er	mechanical	d-er-signal	4. The signal $STATUS_LIN.PN14_LS_Lvl7$ = 1 (Active) is registered without a bus error	4. STATUS_LIN.PN14_LS_Lvl7 = 1 (Active) is registered without a bus error
pm_29.xlsx	35305835796a	Test Case Specification&Result	271	proc	mechanical	sig-bare	1. Stop the broadcast of $STATUS_LIN.PN14_LS_Actv$ and $STATUS_LIN.PN14_LS_Lvl7$ on the bus	1. Stop the broadcast of STATUS_LIN.PN14_LS_Actv and STATUS_LIN.PN14_LS_Lvl7 on the bus
pm_29.xlsx	35305835796a	Test Case Specification&Result	272	proc	mechanical	sig-bare	1. Stop the broadcast of $STATUS_LIN.PN14_LS_Actv$ and $STATUS_LIN.PN14_LS_Lvl7$ on the bus	1. Stop the broadcast of STATUS_LIN.PN14_LS_Actv and STATUS_LIN.PN14_LS_Lvl7 on the bus
pm_29.xlsx	35305835796a	Test Case Specification&Result	273	proc	mechanical	sig-bare	1. Stop the broadcast of $STATUS_LIN.PN14_LS_Actv$ and $STATUS_LIN.PN14_LS_Lvl7$ on the bus	1. Stop the broadcast of STATUS_LIN.PN14_LS_Actv and STATUS_LIN.PN14_LS_Lvl7 on the bus
pm_29.xlsx	35305835796a	Test Case Specification&Result	274	proc	mechanical	sig-bare	1. Stop the broadcast of $STATUS_LIN.PN14_LS_Actv$ and $STATUS_LIN.PN14_LS_Lvl7$ on the bus	1. Stop the broadcast of STATUS_LIN.PN14_LS_Actv and STATUS_LIN.PN14_LS_Lvl7 on the bus
pm_29.xlsx	35305835796a	Test Case Specification&Result	276	proc	mechanical	c-send	2. Send the signal $STATUS_LIN.Batt_ST_Crit$ = 1 (True)	2. Send CAN: STATUS_LIN.Batt_ST_Crit = 1 (True)
pm_29.xlsx	35305835796a	Test Case Specification&Result	276	er	mechanical	d-er-signal	2. The signal $STATUS_LIN.Batt_ST_Crit$ = 1 (True) is registered without a bus error	2. STATUS_LIN.Batt_ST_Crit = 1 (True) is registered without a bus error
pm_29.xlsx	35305835796a	Test Case Specification&Result	281	proc	mechanical	c-send	1. Send the signal $STATUS_LIN.Batt_ST_Crit$ = 0 (False) and start a timer at the moment the signal changes	1. Send CAN: STATUS_LIN.Batt_ST_Crit = 0 (False) and start a timer at the moment the signal changes
pm_29.xlsx	35305835796a	Test Case Specification&Result	281	er	mechanical	d-er-signal	1. The signal $STATUS_LIN.Batt_ST_Crit$ = 0 (False) is registered without a bus error	1. STATUS_LIN.Batt_ST_Crit = 0 (False) is registered without a bus error
pm_29.xlsx	35305835796a	Test Case Specification&Result	282	proc	mechanical	c-send	1. Send the signal $STATUS_LIN.Batt_ST_Crit$ = 0 (False) and start a timer at the moment the signal changes	1. Send CAN: STATUS_LIN.Batt_ST_Crit = 0 (False) and start a timer at the moment the signal changes
pm_29.xlsx	35305835796a	Test Case Specification&Result	282	er	mechanical	d-er-signal	1. The signal $STATUS_LIN.Batt_ST_Crit$ = 0 (False) is registered without a bus error	1. STATUS_LIN.Batt_ST_Crit = 0 (False) is registered without a bus error
pm_29.xlsx	35305835796a	Test Case Specification&Result	283	proc	mechanical	c-send	1. Send the signal $STATUS_LIN.Batt_ST_Crit$ = 0 (False) and start a timer at the moment the signal changes	1. Send CAN: STATUS_LIN.Batt_ST_Crit = 0 (False) and start a timer at the moment the signal changes
pm_29.xlsx	35305835796a	Test Case Specification&Result	283	er	mechanical	d-er-signal	1. The signal $STATUS_LIN.Batt_ST_Crit$ = 0 (False) is registered without a bus error	1. STATUS_LIN.Batt_ST_Crit = 0 (False) is registered without a bus error
pm_29.xlsx	35305835796a	Test Case Specification&Result	284	proc	mechanical	c-send	1. Send the signal $STATUS_LIN.Batt_ST_Crit$ = 0 (False) and start a timer at the moment the signal changes	1. Send CAN: STATUS_LIN.Batt_ST_Crit = 0 (False) and start a timer at the moment the signal changes
pm_29.xlsx	35305835796a	Test Case Specification&Result	284	er	mechanical	d-er-signal	1. The signal $STATUS_LIN.Batt_ST_Crit$ = 0 (False) is registered without a bus error	1. STATUS_LIN.Batt_ST_Crit = 0 (False) is registered without a bus error
pm_29.xlsx	35305835796a	Test Case Specification&Result	285	proc	mechanical	sig-bare	1. Stop the broadcast of $STATUS_LIN.PN14_LS_Actv$ and $STATUS_LIN.PN14_LS_Lvl7$ on the bus	1. Stop the broadcast of STATUS_LIN.PN14_LS_Actv and STATUS_LIN.PN14_LS_Lvl7 on the bus
pm_29.xlsx	35305835796a	Test Case Specification&Result	285	proc	mechanical	c-send	2. Send the signal $STATUS_LIN.PN14_LS_Actv$ = 0 (Not_Active)	2. Send CAN: STATUS_LIN.PN14_LS_Actv = 0 (Not_Active)
pm_29.xlsx	35305835796a	Test Case Specification&Result	285	proc	mechanical	c-send	3. Send the signal $STATUS_LIN.PN14_LS_Lvl7$ = 0 (Not_Active)	3. Send CAN: STATUS_LIN.PN14_LS_Lvl7 = 0 (Not_Active)
pm_29.xlsx	35305835796a	Test Case Specification&Result	285	er	mechanical	d-er-signal	2. The signal $STATUS_LIN.PN14_LS_Actv$ = 0 (Not_Active) is registered without a bus error	2. STATUS_LIN.PN14_LS_Actv = 0 (Not_Active) is registered without a bus error
pm_29.xlsx	35305835796a	Test Case Specification&Result	285	er	mechanical	d-er-signal	3. The signal $STATUS_LIN.PN14_LS_Lvl7$ = 0 (Not_Active) is registered without a bus error	3. STATUS_LIN.PN14_LS_Lvl7 = 0 (Not_Active) is registered without a bus error
pm_29.xlsx	35305835796a	Test Case Specification&Result	286	proc	mechanical	c-send	1. Send the signal $STATUS_LIN.PN14_LS_Actv$ = 1 (Active)	1. Send CAN: STATUS_LIN.PN14_LS_Actv = 1 (Active)
pm_29.xlsx	35305835796a	Test Case Specification&Result	286	proc	mechanical	c-send	2. Send the signal $STATUS_LIN.PN14_LS_Lvl7$ = 1 (Active)	2. Send CAN: STATUS_LIN.PN14_LS_Lvl7 = 1 (Active)
pm_29.xlsx	35305835796a	Test Case Specification&Result	286	er	mechanical	d-er-signal	1. The signal $STATUS_LIN.PN14_LS_Actv$ = 1 (Active) is registered without a bus error	1. STATUS_LIN.PN14_LS_Actv = 1 (Active) is registered without a bus error
pm_29.xlsx	35305835796a	Test Case Specification&Result	286	er	mechanical	d-er-signal	2. The signal $STATUS_LIN.PN14_LS_Lvl7$ = 1 (Active) is registered without a bus error	2. STATUS_LIN.PN14_LS_Lvl7 = 1 (Active) is registered without a bus error
pm_29.xlsx	35305835796a	Test Case Specification&Result	287	proc	mechanical	c-send	1. Send the signal $STATUS_LIN.Batt_ST_Crit$ = 1 (True)	1. Send CAN: STATUS_LIN.Batt_ST_Crit = 1 (True)
pm_29.xlsx	35305835796a	Test Case Specification&Result	287	er	mechanical	d-er-signal	1. The signal $STATUS_LIN.Batt_ST_Crit$ = 1 (True) is registered without a bus error	1. STATUS_LIN.Batt_ST_Crit = 1 (True) is registered without a bus error
pm_29.xlsx	35305835796a	Test Case Specification&Result	289	proc	mechanical	c-send	2. Send the signal $STATUS_LIN.Batt_ST_Crit$ = 1 (True)	2. Send CAN: STATUS_LIN.Batt_ST_Crit = 1 (True)
pm_29.xlsx	35305835796a	Test Case Specification&Result	289	er	mechanical	d-er-signal	2. The signal $STATUS_LIN.Batt_ST_Crit$ = 1 (True) is registered without a bus error	2. STATUS_LIN.Batt_ST_Crit = 1 (True) is registered without a bus error
pm_29.xlsx	35305835796a	Test Case Specification&Result	294	pre	mechanical	sig-bare	2. $STATUS_LIN.Batt_ST_Crit$ = 1 (True) is held on the bus	2. STATUS_LIN.Batt_ST_Crit = 1 (True) is held on the bus
pm_29.xlsx	35305835796a	Test Case Specification&Result	294	proc	mechanical	sig-bare	1. Keep the signal $STATUS_LIN.Batt_ST_Crit$ = 1 (True) held on the bus	1. Keep the signal STATUS_LIN.Batt_ST_Crit = 1 (True) held on the bus
pm_29.xlsx	35305835796a	Test Case Specification&Result	294	er	mechanical	d-er-signal	1. The signal $STATUS_LIN.Batt_ST_Crit$ = 1 (True) stays on the bus	1. STATUS_LIN.Batt_ST_Crit = 1 (True) stays on the bus
pm_29.xlsx	35305835796a	Test Case Specification&Result	295	proc	mechanical	c-send	3. Send the signal $STATUS_LIN.PN14_LS_Actv$ = 1 (Active)	3. Send CAN: STATUS_LIN.PN14_LS_Actv = 1 (Active)
pm_29.xlsx	35305835796a	Test Case Specification&Result	295	proc	mechanical	c-send	4. Send the signal $STATUS_LIN.PN14_LS_Lvl7$ = 1 (Active)	4. Send CAN: STATUS_LIN.PN14_LS_Lvl7 = 1 (Active)
pm_29.xlsx	35305835796a	Test Case Specification&Result	295	er	mechanical	d-er-signal	3. The signal $STATUS_LIN.PN14_LS_Actv$ = 1 (Active) is registered without a bus error	3. STATUS_LIN.PN14_LS_Actv = 1 (Active) is registered without a bus error
pm_29.xlsx	35305835796a	Test Case Specification&Result	295	er	mechanical	d-er-signal	4. The signal $STATUS_LIN.PN14_LS_Lvl7$ = 1 (Active) is registered without a bus error	4. STATUS_LIN.PN14_LS_Lvl7 = 1 (Active) is registered without a bus error
pm_29.xlsx	35305835796a	Test Case Specification&Result	297	proc	mechanical	c-send	2. Send the signal $STATUS_LIN.Batt_ST_Crit$ = 1 (True)	2. Send CAN: STATUS_LIN.Batt_ST_Crit = 1 (True)
pm_29.xlsx	35305835796a	Test Case Specification&Result	297	er	mechanical	d-er-signal	2. The signal $STATUS_LIN.Batt_ST_Crit$ = 1 (True) is registered without a bus error	2. STATUS_LIN.Batt_ST_Crit = 1 (True) is registered without a bus error
pm_29.xlsx	35305835796a	Test Case Specification&Result	315	pre	needs_ruling	proxi-R-G70(e)-vs-R-VS86	3. PROXI VC_SpecialPKG is available with a second value mapped to a different theme	
pm_29.xlsx	35305835796a	Test Case Specification&Result	315	proc	needs_ruling	proxi-R-G70(e)-vs-R-VS86	1. Set PROXI VC_SpecialPKG to the second value mapped to a different theme	
pm_29.xlsx	35305835796a	Test Case Specification&Result	315	er	needs_ruling	proxi-R-G70(e)-vs-R-VS86	1. PROXI VC_SpecialPKG carries the second value mapped to a different theme	
pm_29.xlsx	35305835796a	Test Case Specification&Result	316	pre	needs_ruling	proxi-R-G70(e)-vs-R-VS86	1. PROXI VC_VEH_BRAND = Chrysler	
pm_29.xlsx	35305835796a	Test Case Specification&Result	317	pre	needs_ruling	proxi-R-G70(e)-vs-R-VS86	1. PROXI VC_VEH_BRAND = Jeep	
pm_29.xlsx	35305835796a	Test Case Specification&Result	318	pre	needs_ruling	proxi-R-G70(e)-vs-R-VS86	1. PROXI VC_VEH_BRAND = Fiat	
pm_29.xlsx	35305835796a	Test Case Specification&Result	319	pre	needs_ruling	proxi-R-G70(e)-vs-R-VS86	1. PROXI VC_VEH_BRAND = Chrysler	
pm_29.xlsx	35305835796a	Test Case Specification&Result	320	pre	needs_ruling	proxi-R-G70(e)-vs-R-VS86	1. PROXI VC_VEH_BRAND = Jeep	
pm_29.xlsx	35305835796a	Test Case Specification&Result	321	pre	needs_ruling	proxi-R-G70(e)-vs-R-VS86	1. PROXI VC_VEH_BRAND = Fiat	
pm_29.xlsx	35305835796a	Test Case Specification&Result	322	pre	needs_ruling	proxi-R-G70(e)-vs-R-VS86	1. PROXI VC_VEH_BRAND = Jeep	
pm_29.xlsx	35305835796a	Test Case Specification&Result	323	pre	needs_ruling	proxi-R-G70(e)-vs-R-VS86	1. PROXI VC_VEH_BRAND = Fiat	
pm_29.xlsx	35305835796a	Test Case Specification&Result	324	pre	needs_ruling	proxi-R-G70(e)-vs-R-VS86	1. PROXI VC_VEH_BRAND = Abarth	
pm_29.xlsx	35305835796a	Test Case Specification&Result	325	pre	needs_ruling	proxi-R-G70(e)-vs-R-VS86	2. PROXI VC_VEH_LINE is configured to a known value	
pm_29.xlsx	35305835796a	Test Case Specification&Result	325	pre	needs_ruling	proxi-R-G70(e)-vs-R-VS86	3. PROXI Car_Shape_Configuration is configured to a known value	
pm_29.xlsx	35305835796a	Test Case Specification&Result	325	pre	needs_ruling	proxi-R-G70(e)-vs-R-VS86	4. PROXI Number_of_Doors is configured to a known value	
pm_29.xlsx	35305835796a	Test Case Specification&Result	326	pre	needs_ruling	proxi-R-G70(e)-vs-R-VS86	2. PROXI VC_VEH_LINE is configured to a known value	
pm_29.xlsx	35305835796a	Test Case Specification&Result	327	pre	needs_ruling	proxi-R-G70(e)-vs-R-VS86	2. PROXI VC_VEH_LINE is configured to a known value	
pm_29.xlsx	35305835796a	Test Case Specification&Result	327	pre	needs_ruling	proxi-R-G70(e)-vs-R-VS86	3. PROXI Car_Shape_Configuration is configured to a known value	
pm_29.xlsx	35305835796a	Test Case Specification&Result	327	pre	needs_ruling	proxi-R-G70(e)-vs-R-VS86	4. PROXI Number_of_Doors is configured to a known value	
pm_29.xlsx	35305835796a	Test Case Specification&Result	328	pre	needs_ruling	proxi-R-G70(e)-vs-R-VS86	2. PROXI VC_VEH_LINE is configured to a known value	
pm_29.xlsx	35305835796a	Test Case Specification&Result	330	pre	needs_ruling	proxi-R-G70(e)-vs-R-VS86	3. PROXI VC_SpecialPKG is available with a second value mapped to a different theme	
pm_29.xlsx	35305835796a	Test Case Specification&Result	330	proc	needs_ruling	proxi-R-G70(e)-vs-R-VS86	1. Set PROXI VC_SpecialPKG to the second value mapped to a different theme	
pm_29.xlsx	35305835796a	Test Case Specification&Result	330	er	needs_ruling	proxi-R-G70(e)-vs-R-VS86	1. PROXI VC_SpecialPKG carries the second value mapped to a different theme	
pm_29.xlsx	35305835796a	Test Case Specification&Result	331	pre	needs_ruling	proxi-R-G70(e)-vs-R-VS86	1. PROXI VC_VEH_LINE = M240	
pm_29.xlsx	35305835796a	Test Case Specification&Result	332	pre	needs_ruling	proxi-R-G70(e)-vs-R-VS86	1. PROXI VC_VEH_LINE is at a value other than M240	
pm_29.xlsx	35305835796a	Test Case Specification&Result	332	pre	needs_ruling	proxi-R-G70(e)-vs-R-VS86	2. PROXI VC_VEH_BRAND is configured to a known value	
pm_29.xlsx	35305835796a	Test Case Specification&Result	332	proc	needs_ruling	proxi-R-G70(e)-vs-R-VS86	2. Read the shown seat graphic and check that it is the graphic assigned to the configured PROXI VC_VEH_BRAND value	
pm_29.xlsx	35305835796a	Test Case Specification&Result	333	pre	needs_ruling	proxi-R-G70(e)-vs-R-VS86	1. PROXI VC_VEH_LINE is configured to a known value	
pm_29.xlsx	35305835796a	Test Case Specification&Result	349	pre	mechanical	sig-bare	1. $STATUS_BH_BCM1.OperationalModeSts$ = 15 (SNA)	1. STATUS_BH_BCM1.OperationalModeSts = 15 (SNA)
pm_29.xlsx	35305835796a	Test Case Specification&Result	349	proc	mechanical	c-send	1. Send the signal $STATUS_BH_BCM1.OperationalModeSts$ = PENDING: DR-PW20	1. Send CAN: STATUS_BH_BCM1.OperationalModeSts = PENDING: DR-PW20
pm_29.xlsx	35305835796a	Test Case Specification&Result	349	proc	mechanical	d-read+sig-bare	2. Read the signal $STATUS_TELEMATIC.PowerSts_Telematic$ and check that it is the value the state diagram defines for the updated $STATUS_BH_BCM1.OperationalModeSts$ value	2. Read STATUS_TELEMATIC.PowerSts_Telematic and check that it is the value the state diagram defines for the updated STATUS_BH_BCM1.OperationalModeSts value
pm_29.xlsx	35305835796a	Test Case Specification&Result	349	er	mechanical	d-er-signal	1. The signal $STATUS_BH_BCM1.OperationalModeSts$ = PENDING: DR-PW20 is registered without a bus error	1. STATUS_BH_BCM1.OperationalModeSts = PENDING: DR-PW20 is registered without a bus error
pm_29.xlsx	35305835796a	Test Case Specification&Result	349	er	mechanical	sig-bare	2. The HU follows the state diagram using the updated $STATUS_BH_BCM1.OperationalModeSts$ value	2. The HU follows the state diagram using the updated STATUS_BH_BCM1.OperationalModeSts value
pm_29.xlsx	35305835796a	Test Case Specification&Result	367	pre	needs_ruling	proxi-R-G70(e)-vs-R-VS86	1. PROXI VC_MODEL_YEAR = 2025	
pm_29.xlsx	35305835796a	Test Case Specification&Result	367	pre	needs_ruling	proxi-R-G70(e)-vs-R-VS86	2. PROXI VC_VEH_LINE = DT	
pm_29.xlsx	35305835796a	Test Case Specification&Result	367	pre	needs_ruling	proxi-R-G70(e)-vs-R-VS86	3. PROXI VC_SpecialPKG_IC = 147 (Tungsten)	
pm_29.xlsx	35305835796a	Test Case Specification&Result	368	pre	needs_ruling	proxi-R-G70(e)-vs-R-VS86	2. PROXI VC_VEH_LINE = DT	
pm_29.xlsx	35305835796a	Test Case Specification&Result	368	pre	needs_ruling	proxi-R-G70(e)-vs-R-VS86	3. PROXI SplashScreen_Type = 7 (Klipsch)	
pm_29.xlsx	35305835796a	Test Case Specification&Result	369	proc	mechanical	d-read	1. Read the signal $STATUS_TELEMATIC.PowerSts_Telematic$ and check that it is 3 (Idle)	1. Read STATUS_TELEMATIC.PowerSts_Telematic and check that it is 3 (Idle)
pm_29.xlsx	35305835796a	Test Case Specification&Result	369	er	needs_ruling	er-tail-is-received→is sent <時機>	1. The signal value $STATUS_TELEMATIC.PowerSts_Telematic$ = 3 (Idle) is received	
pm_29.xlsx	35305835796a	Test Case Specification&Result	370	proc	mechanical	d-read	1. Read the signal $STATUS_TELEMATIC.PowerSts_Telematic$ and check that it is 3 (Idle)	1. Read STATUS_TELEMATIC.PowerSts_Telematic and check that it is 3 (Idle)
pm_29.xlsx	35305835796a	Test Case Specification&Result	370	er	needs_ruling	er-tail-is-received→is sent <時機>	1. The signal value $STATUS_TELEMATIC.PowerSts_Telematic$ = 3 (Idle) is received	
pm_29.xlsx	35305835796a	Test Case Specification&Result	371	proc	mechanical	d-read	1. Read the signal $STATUS_TELEMATIC.PowerSts_Telematic$ and check that it is 3 (Idle)	1. Read STATUS_TELEMATIC.PowerSts_Telematic and check that it is 3 (Idle)
pm_29.xlsx	35305835796a	Test Case Specification&Result	371	er	needs_ruling	er-tail-is-received→is sent <時機>	1. The signal value $STATUS_TELEMATIC.PowerSts_Telematic$ = 3 (Idle) is received	
pm_29.xlsx	35305835796a	Test Case Specification&Result	372	proc	mechanical	d-read	1. Read the signal $STATUS_TELEMATIC.PowerSts_Telematic$ and check that it is 3 (Idle)	1. Read STATUS_TELEMATIC.PowerSts_Telematic and check that it is 3 (Idle)
pm_29.xlsx	35305835796a	Test Case Specification&Result	372	er	needs_ruling	er-tail-is-received→is sent <時機>	1. The signal value $STATUS_TELEMATIC.PowerSts_Telematic$ = 3 (Idle) is received	
pm_29.xlsx	35305835796a	Test Case Specification&Result	373	proc	mechanical	d-read	1. Read the signal $STATUS_TELEMATIC.PowerSts_Telematic$ and check that it is 3 (Idle)	1. Read STATUS_TELEMATIC.PowerSts_Telematic and check that it is 3 (Idle)
pm_29.xlsx	35305835796a	Test Case Specification&Result	373	er	needs_ruling	er-tail-is-received→is sent <時機>	1. The signal value $STATUS_TELEMATIC.PowerSts_Telematic$ = 3 (Idle) is received	
pm_29.xlsx	35305835796a	Test Case Specification&Result	374	proc	mechanical	d-read	2. Read the signal $STATUS_TELEMATIC.PowerSts_Telematic$ and check that it is 2 (Timed)	2. Read STATUS_TELEMATIC.PowerSts_Telematic and check that it is 2 (Timed)
pm_29.xlsx	35305835796a	Test Case Specification&Result	374	er	needs_ruling	er-tail-is-received→is sent <時機>	2. The signal value $STATUS_TELEMATIC.PowerSts_Telematic$ = 2 (Timed) is received	
pm_29.xlsx	35305835796a	Test Case Specification&Result	375	proc	mechanical	d-read	2. Read the signal $STATUS_TELEMATIC.PowerSts_Telematic$ and check that it is 4 (Full_Operation)	2. Read STATUS_TELEMATIC.PowerSts_Telematic and check that it is 4 (Full_Operation)
pm_29.xlsx	35305835796a	Test Case Specification&Result	375	er	needs_ruling	er-tail-is-received→is sent <時機>	2. The signal value $STATUS_TELEMATIC.PowerSts_Telematic$ = 4 (Full_Operation) is received	
pm_29.xlsx	35305835796a	Test Case Specification&Result	376	proc	mechanical	d-read	2. Read the signal $STATUS_TELEMATIC.PowerSts_Telematic$ and check that it is 2 (Timed)	2. Read STATUS_TELEMATIC.PowerSts_Telematic and check that it is 2 (Timed)
pm_29.xlsx	35305835796a	Test Case Specification&Result	376	er	needs_ruling	er-tail-is-received→is sent <時機>	2. The signal value $STATUS_TELEMATIC.PowerSts_Telematic$ = 2 (Timed) is received	
pm_29.xlsx	35305835796a	Test Case Specification&Result	377	proc	mechanical	d-read	2. Read the signal $STATUS_TELEMATIC.PowerSts_Telematic$ and check that it is 2 (Timed)	2. Read STATUS_TELEMATIC.PowerSts_Telematic and check that it is 2 (Timed)
pm_29.xlsx	35305835796a	Test Case Specification&Result	377	er	needs_ruling	er-tail-is-received→is sent <時機>	2. The signal value $STATUS_TELEMATIC.PowerSts_Telematic$ = 2 (Timed) is received	
pm_29.xlsx	35305835796a	Test Case Specification&Result	378	proc	mechanical	d-read	2. Read the signal $STATUS_TELEMATIC.PowerSts_Telematic$ and check that it is 4 (Full_Operation)	2. Read STATUS_TELEMATIC.PowerSts_Telematic and check that it is 4 (Full_Operation)
pm_29.xlsx	35305835796a	Test Case Specification&Result	378	er	needs_ruling	er-tail-is-received→is sent <時機>	2. The signal value $STATUS_TELEMATIC.PowerSts_Telematic$ = 4 (Full_Operation) is received	
pm_29.xlsx	35305835796a	Test Case Specification&Result	379	proc	mechanical	d-read	2. Read the signal $STATUS_TELEMATIC.PowerSts_Telematic$ and check that it is 2 (Timed)	2. Read STATUS_TELEMATIC.PowerSts_Telematic and check that it is 2 (Timed)
pm_29.xlsx	35305835796a	Test Case Specification&Result	379	er	needs_ruling	er-tail-is-received→is sent <時機>	2. The signal value $STATUS_TELEMATIC.PowerSts_Telematic$ = 2 (Timed) is received	
pm_29.xlsx	35305835796a	Test Case Specification&Result	380	proc	mechanical	d-read	2. Read the signal $STATUS_TELEMATIC.PowerSts_Telematic$ and check that it is 2 (Timed)	2. Read STATUS_TELEMATIC.PowerSts_Telematic and check that it is 2 (Timed)
pm_29.xlsx	35305835796a	Test Case Specification&Result	380	er	needs_ruling	er-tail-is-received→is sent <時機>	2. The signal value $STATUS_TELEMATIC.PowerSts_Telematic$ = 2 (Timed) is received	
pm_29.xlsx	35305835796a	Test Case Specification&Result	381	proc	mechanical	d-read	2. Read the signal $STATUS_TELEMATIC.PowerSts_Telematic$ and check that it is 2 (Timed)	2. Read STATUS_TELEMATIC.PowerSts_Telematic and check that it is 2 (Timed)
pm_29.xlsx	35305835796a	Test Case Specification&Result	381	er	needs_ruling	er-tail-is-received→is sent <時機>	2. The signal value $STATUS_TELEMATIC.PowerSts_Telematic$ = 2 (Timed) is received	
pm_29.xlsx	35305835796a	Test Case Specification&Result	382	proc	mechanical	d-read	2. Read the signal $STATUS_TELEMATIC.PowerSts_Telematic$ and check that it is 2 (Timed)	2. Read STATUS_TELEMATIC.PowerSts_Telematic and check that it is 2 (Timed)
pm_29.xlsx	35305835796a	Test Case Specification&Result	382	er	needs_ruling	er-tail-is-received→is sent <時機>	2. The signal value $STATUS_TELEMATIC.PowerSts_Telematic$ = 2 (Timed) is received	
pm_29.xlsx	35305835796a	Test Case Specification&Result	383	proc	mechanical	d-read	2. Read the signal $STATUS_TELEMATIC.PowerSts_Telematic$ and check that it is 2 (Timed)	2. Read STATUS_TELEMATIC.PowerSts_Telematic and check that it is 2 (Timed)
pm_29.xlsx	35305835796a	Test Case Specification&Result	383	er	needs_ruling	er-tail-is-received→is sent <時機>	2. The signal value $STATUS_TELEMATIC.PowerSts_Telematic$ = 2 (Timed) is received	
pm_29.xlsx	35305835796a	Test Case Specification&Result	384	proc	mechanical	d-read	2. Read the signal $STATUS_TELEMATIC.PowerSts_Telematic$ and check that it is 2 (Timed)	2. Read STATUS_TELEMATIC.PowerSts_Telematic and check that it is 2 (Timed)
pm_29.xlsx	35305835796a	Test Case Specification&Result	384	er	needs_ruling	er-tail-is-received→is sent <時機>	2. The signal value $STATUS_TELEMATIC.PowerSts_Telematic$ = 2 (Timed) is received	
pm_29.xlsx	35305835796a	Test Case Specification&Result	385	proc	mechanical	d-read	2. Read the signal $STATUS_TELEMATIC.PowerSts_Telematic$ and check that it is 2 (Timed)	2. Read STATUS_TELEMATIC.PowerSts_Telematic and check that it is 2 (Timed)
pm_29.xlsx	35305835796a	Test Case Specification&Result	385	er	needs_ruling	er-tail-is-received→is sent <時機>	2. The signal value $STATUS_TELEMATIC.PowerSts_Telematic$ = 2 (Timed) is received	
pm_29.xlsx	35305835796a	Test Case Specification&Result	386	proc	mechanical	d-read	2. Read the signal $STATUS_TELEMATIC.PowerSts_Telematic$ and check that it is 4 (Full_Operation)	2. Read STATUS_TELEMATIC.PowerSts_Telematic and check that it is 4 (Full_Operation)
pm_29.xlsx	35305835796a	Test Case Specification&Result	386	er	needs_ruling	er-tail-is-received→is sent <時機>	2. The signal value $STATUS_TELEMATIC.PowerSts_Telematic$ = 4 (Full_Operation) is received	
pm_29.xlsx	35305835796a	Test Case Specification&Result	387	pre	needs_ruling	proxi-R-G70(e)-vs-R-VS86	2. PROXI Ecall_Button_Variant = SOS	
pm_29.xlsx	35305835796a	Test Case Specification&Result	388	pre	needs_ruling	proxi-R-G70(e)-vs-R-VS86	2. PROXI Ecall_Button_Variant = Help	
pm_29.xlsx	35305835796a	Test Case Specification&Result	389	pre	needs_ruling	proxi-R-G70(e)-vs-R-VS86	1. PROXI VC_VEH_BRAND is at a value other than Maserati	
pm_29.xlsx	35305835796a	Test Case Specification&Result	390	pre	needs_ruling	proxi-R-G70(e)-vs-R-VS86	1. PROXI VC_VEH_BRAND is at a value other than Maserati	
pm_29.xlsx	35305835796a	Test Case Specification&Result	391	pre	needs_ruling	proxi-R-G70(e)-vs-R-VS86	1. PROXI VC_VEH_BRAND is at a value other than Maserati	
pm_29.xlsx	35305835796a	Test Case Specification&Result	392	pre	needs_ruling	proxi-R-G70(e)-vs-R-VS86	1. PROXI VC_VEH_BRAND is at a value other than Maserati	
pm_29.xlsx	35305835796a	Test Case Specification&Result	392	pre	needs_ruling	proxi-R-G70(e)-vs-R-VS86	2. PROXI TBM_Present = Present	
pm_29.xlsx	35305835796a	Test Case Specification&Result	393	pre	needs_ruling	proxi-R-G70(e)-vs-R-VS86	1. PROXI VC_VEH_BRAND is at a value other than Maserati	
pm_29.xlsx	35305835796a	Test Case Specification&Result	393	pre	needs_ruling	proxi-R-G70(e)-vs-R-VS86	2. PROXI TBM_Present = Not Present	
pm_29.xlsx	35305835796a	Test Case Specification&Result	394	pre	needs_ruling	proxi-R-G70(e)-vs-R-VS86	1. PROXI VC_VEH_BRAND is at a value other than Maserati	
pm_29.xlsx	35305835796a	Test Case Specification&Result	394	pre	needs_ruling	proxi-R-G70(e)-vs-R-VS86	2. PROXI TBM_Present = Present	
pm_29.xlsx	35305835796a	Test Case Specification&Result	395	pre	needs_ruling	proxi-R-G70(e)-vs-R-VS86	2. PROXI VC_VEH_BRAND = a value other than Maserati	
pm_29.xlsx	35305835796a	Test Case Specification&Result	395	pre	needs_ruling	proxi-R-G70(e)-vs-R-VS86	3. PROXI TBM_Present = Not Present	
pm_29.xlsx	35305835796a	Test Case Specification&Result	396	pre	needs_ruling	proxi-R-G70(e)-vs-R-VS86	2. PROXI VC_VEH_BRAND = a value other than Maserati	
pm_29.xlsx	35305835796a	Test Case Specification&Result	396	pre	needs_ruling	proxi-R-G70(e)-vs-R-VS86	3. PROXI Country_Code = a value that does not require SOS or Geolocation	
pm_29.xlsx	35305835796a	Test Case Specification&Result	397	pre	needs_ruling	proxi-R-G70(e)-vs-R-VS86	2. PROXI VC_VEH_BRAND = a value other than Maserati	
pm_29.xlsx	35305835796a	Test Case Specification&Result	397	pre	needs_ruling	proxi-R-G70(e)-vs-R-VS86	3. PROXI TBM_Present = Present	
pm_29.xlsx	35305835796a	Test Case Specification&Result	397	pre	needs_ruling	proxi-R-G70(e)-vs-R-VS86	4. PROXI Country_Code = a value that requires geolocation and SOS in the disclaimer	
pm_29.xlsx	35305835796a	Test Case Specification&Result	399	proc	mechanical	d-read	4. Read the signal $STATUS_TELEMATIC.PowerSts_Telematic$ and check that it is 3 (Idle)	4. Read STATUS_TELEMATIC.PowerSts_Telematic and check that it is 3 (Idle)
pm_29.xlsx	35305835796a	Test Case Specification&Result	399	er	needs_ruling	er-tail-is-received→is sent <時機>	4. The signal value $STATUS_TELEMATIC.PowerSts_Telematic$ = 3 (Idle) is received	
