outline	sibling_outline	verdict	provisional	source	reviewed_at	reason
10.1	12.7	not-sibling	true	vocab	129	[逐對] **同形異義** —— ch11／ch12 之 `Auto` 出現於 HVS6 之 `Auto Comfort Settings options for heated/vented seats`（座椅之自動舒適設定），與 HVAC 之 AUTO 模式非同一功能；12.7 之 `FAN`／`MODE` 指 popup 圖片之版面規則，非風速或氣流模式本身。共有語彙為字面巧合（41 §3 規則二：一節已生成、一節未生成）
10.1	14.1	not-broken-by-3-samples (class)	true	vocab	129	**類級判定，措辭依 41 §4 訂正。** 原記 `not-sibling (class)` 為過度陳述：本類之依據為三對抽樣未破，而三對之力度**足以破類，不足以證類**（R-C37：一個反例即證偽，N 個正例不證真）。本對尚未逐對判定；依 41 §3 規則二／三，其所屬節生成之日轉為逐對判定，類級判定不因曾通過而免除。[類級 `HVAC`] `HVAC` 為系統名而非需求名，幾乎任何氣候節皆含之。**類級判定之效力低於逐對判定** —— 日後若本類中發現真 sibling，本類之判定即失效。抽樣覆核見上繳 29 §3.3
10.1	14.1.1	not-broken-by-3-samples (class)	true	vocab	129	**類級判定，措辭依 41 §4 訂正。** 原記 `not-sibling (class)` 為過度陳述：本類之依據為三對抽樣未破，而三對之力度**足以破類，不足以證類**（R-C37：一個反例即證偽，N 個正例不證真）。本對尚未逐對判定；依 41 §3 規則二／三，其所屬節生成之日轉為逐對判定，類級判定不因曾通過而免除。[類級 `HVAC`] `HVAC` 為系統名而非需求名，幾乎任何氣候節皆含之。**類級判定之效力低於逐對判定** —— 日後若本類中發現真 sibling，本類之判定即失效。抽樣覆核見上繳 29 §3.3
10.1	14.10	not-sibling	true	vocab	129	[逐對] 共有 ['HVAC', 'MODE']。ch10 之 ECO 行為為 standard AUTO 之外加狀態，其對造為 2.3（standard AUTO）而非本對；共有語彙為控制名
10.1	14.10.1	not-sibling	true	vocab	129	[逐對] ch14 之各節定 popup 之**呈現條件**（互動性、simulated off/idle、下螢幕不觸發、widget 顯示中之取捨），其對象為全部 HVAC popup；對造節定的是**該 popup 所示之內容**或某功能自身之行為。同一 popup 之兩個不同面向，非同一需求（41 §3 規則二：一節已生成、一節未生成）
10.1	14.11	not-broken-by-3-samples (class)	true	vocab	129	**類級判定，措辭依 41 §4 訂正。** 原記 `not-sibling (class)` 為過度陳述：本類之依據為三對抽樣未破，而三對之力度**足以破類，不足以證類**（R-C37：一個反例即證偽，N 個正例不證真）。本對尚未逐對判定；依 41 §3 規則二／三，其所屬節生成之日轉為逐對判定，類級判定不因曾通過而免除。[類級 `HVAC`] `HVAC` 為系統名而非需求名，幾乎任何氣候節皆含之。**類級判定之效力低於逐對判定** —— 日後若本類中發現真 sibling，本類之判定即失效。抽樣覆核見上繳 29 §3.3
10.1	14.12	not-broken-by-3-samples (class)	true	vocab	129	**類級判定，措辭依 41 §4 訂正。** 原記 `not-sibling (class)` 為過度陳述：本類之依據為三對抽樣未破，而三對之力度**足以破類，不足以證類**（R-C37：一個反例即證偽，N 個正例不證真）。本對尚未逐對判定；依 41 §3 規則二／三，其所屬節生成之日轉為逐對判定，類級判定不因曾通過而免除。[類級 `HVAC`] `HVAC` 為系統名而非需求名，幾乎任何氣候節皆含之。**類級判定之效力低於逐對判定** —— 日後若本類中發現真 sibling，本類之判定即失效。抽樣覆核見上繳 29 §3.3
10.1	14.13	not-sibling	true	vocab	129	[逐對] 共有 ['HVAC', 'MODE']。ch10 之 ECO 行為為 standard AUTO 之外加狀態，其對造為 2.3（standard AUTO）而非本對；共有語彙為控制名
10.1	14.19	not-sibling	true	vocab	129	[逐對] ch14 之各節定 popup 之**呈現條件**（互動性、simulated off/idle、下螢幕不觸發、widget 顯示中之取捨），其對象為全部 HVAC popup；對造節定的是**該 popup 所示之內容**或某功能自身之行為。同一 popup 之兩個不同面向，非同一需求（41 §3 規則二：一節已生成、一節未生成）
10.1	14.2	not-broken-by-3-samples (class)	true	vocab	129	**類級判定，措辭依 41 §4 訂正。** 原記 `not-sibling (class)` 為過度陳述：本類之依據為三對抽樣未破，而三對之力度**足以破類，不足以證類**（R-C37：一個反例即證偽，N 個正例不證真）。本對尚未逐對判定；依 41 §3 規則二／三，其所屬節生成之日轉為逐對判定，類級判定不因曾通過而免除。[類級 `HVAC`] `HVAC` 為系統名而非需求名，幾乎任何氣候節皆含之。**類級判定之效力低於逐對判定** —— 日後若本類中發現真 sibling，本類之判定即失效。抽樣覆核見上繳 29 §3.3
10.1	14.3	not-sibling	true	vocab	129	[逐對] 共有 ['HVAC', 'MODE']。ch10 之 ECO 行為為 standard AUTO 之外加狀態，其對造為 2.3（standard AUTO）而非本對；共有語彙為控制名
10.1	14.4	not-sibling	true	vocab	129	[逐對] 共有 ['HVAC', 'MODE']。ch10 之 ECO 行為為 standard AUTO 之外加狀態，其對造為 2.3（standard AUTO）而非本對；共有語彙為控制名
10.1	14.5	not-broken-by-3-samples (class)	true	vocab	129	**類級判定，措辭依 41 §4 訂正。** 原記 `not-sibling (class)` 為過度陳述：本類之依據為三對抽樣未破，而三對之力度**足以破類，不足以證類**（R-C37：一個反例即證偽，N 個正例不證真）。本對尚未逐對判定；依 41 §3 規則二／三，其所屬節生成之日轉為逐對判定，類級判定不因曾通過而免除。[類級 `HVAC`] `HVAC` 為系統名而非需求名，幾乎任何氣候節皆含之。**類級判定之效力低於逐對判定** —— 日後若本類中發現真 sibling，本類之判定即失效。抽樣覆核見上繳 29 §3.3
10.1	14.6	not-broken-by-3-samples (class)	true	vocab	129	**類級判定，措辭依 41 §4 訂正。** 原記 `not-sibling (class)` 為過度陳述：本類之依據為三對抽樣未破，而三對之力度**足以破類，不足以證類**（R-C37：一個反例即證偽，N 個正例不證真）。本對尚未逐對判定；依 41 §3 規則二／三，其所屬節生成之日轉為逐對判定，類級判定不因曾通過而免除。[類級 `HVAC`] `HVAC` 為系統名而非需求名，幾乎任何氣候節皆含之。**類級判定之效力低於逐對判定** —— 日後若本類中發現真 sibling，本類之判定即失效。抽樣覆核見上繳 29 §3.3
10.1	14.7	not-broken-by-3-samples (class)	true	vocab	129	**類級判定，措辭依 41 §4 訂正。** 原記 `not-sibling (class)` 為過度陳述：本類之依據為三對抽樣未破，而三對之力度**足以破類，不足以證類**（R-C37：一個反例即證偽，N 個正例不證真）。本對尚未逐對判定；依 41 §3 規則二／三，其所屬節生成之日轉為逐對判定，類級判定不因曾通過而免除。[類級 `HVAC`] `HVAC` 為系統名而非需求名，幾乎任何氣候節皆含之。**類級判定之效力低於逐對判定** —— 日後若本類中發現真 sibling，本類之判定即失效。抽樣覆核見上繳 29 §3.3
10.1	14.8	not-broken-by-3-samples (class)	true	vocab	129	**類級判定，措辭依 41 §4 訂正。** 原記 `not-sibling (class)` 為過度陳述：本類之依據為三對抽樣未破，而三對之力度**足以破類，不足以證類**（R-C37：一個反例即證偽，N 個正例不證真）。本對尚未逐對判定；依 41 §3 規則二／三，其所屬節生成之日轉為逐對判定，類級判定不因曾通過而免除。[類級 `HVAC`] `HVAC` 為系統名而非需求名，幾乎任何氣候節皆含之。**類級判定之效力低於逐對判定** —— 日後若本類中發現真 sibling，本類之判定即失效。抽樣覆核見上繳 29 §3.3
10.1	14.9	not-broken-by-3-samples (class)	true	vocab	129	**類級判定，措辭依 41 §4 訂正。** 原記 `not-sibling (class)` 為過度陳述：本類之依據為三對抽樣未破，而三對之力度**足以破類，不足以證類**（R-C37：一個反例即證偽，N 個正例不證真）。本對尚未逐對判定；依 41 §3 規則二／三，其所屬節生成之日轉為逐對判定，類級判定不因曾通過而免除。[類級 `HVAC`] `HVAC` 為系統名而非需求名，幾乎任何氣候節皆含之。**類級判定之效力低於逐對判定** —— 日後若本類中發現真 sibling，本類之判定即失效。抽樣覆核見上繳 29 §3.3
10.1	15.1	not-sibling	true	vocab	129	[逐對] 共有 ['HVAC', 'MODE']。ch10 之 ECO 行為為 standard AUTO 之外加狀態，其對造為 2.3（standard AUTO）而非本對；共有語彙為控制名
10.1	16.10	not-sibling	true	vocab	129	[逐對] **鏡射關係，非 §4.6 sibling** —— ch16 為 EMEA ICS 車輛之另一套介面，其節與 ch2／ch3 之對應已記於 `ch16_mirror_map.tsv`，兩套介面**不會同時出現於同一車輛**，故 `10.1` 與 `16.10` 無共存之車輛可言。ch10 側另有一層：ch16 十八節無 ECO HVAC 之對應節，該表 ch10 側全無列（41 §3 規則二：一節已生成、一節未生成）
10.1	16.11	not-sibling	true	vocab	129	[逐對] **鏡射關係，非 §4.6 sibling** —— ch16 為 EMEA ICS 車輛之另一套介面，其節與 ch2／ch3 之對應已記於 `ch16_mirror_map.tsv`，兩套介面**不會同時出現於同一車輛**，故 `10.1` 與 `16.11` 無共存之車輛可言。ch10 側另有一層：ch16 十八節無 ECO HVAC 之對應節，該表 ch10 側全無列（41 §3 規則二：一節已生成、一節未生成）
10.1	16.12	not-sibling	true	vocab	129	[逐對] **鏡射關係，非 §4.6 sibling** —— ch16 為 EMEA ICS 車輛之另一套介面，其節與 ch2／ch3 之對應已記於 `ch16_mirror_map.tsv`，兩套介面**不會同時出現於同一車輛**，故 `10.1` 與 `16.12` 無共存之車輛可言。ch10 側另有一層：ch16 十八節無 ECO HVAC 之對應節，該表 ch10 側全無列（41 §3 規則二：一節已生成、一節未生成）
10.1	16.12.1	not-sibling	true	vocab	129	[逐對] **鏡射關係，非 §4.6 sibling** —— ch16 為 EMEA ICS 車輛之另一套介面，其節與 ch2／ch3 之對應已記於 `ch16_mirror_map.tsv`，兩套介面**不會同時出現於同一車輛**，故 `10.1` 與 `16.12.1` 無共存之車輛可言。ch10 側另有一層：ch16 十八節無 ECO HVAC 之對應節，該表 ch10 側全無列（41 §3 規則二：一節已生成、一節未生成）
10.1	16.13	not-sibling	true	vocab	129	[逐對] **鏡射關係，非 §4.6 sibling** —— ch16 為 EMEA ICS 車輛之另一套介面，其節與 ch2／ch3 之對應已記於 `ch16_mirror_map.tsv`，兩套介面**不會同時出現於同一車輛**，故 `10.1` 與 `16.13` 無共存之車輛可言。ch10 側另有一層：ch16 十八節無 ECO HVAC 之對應節，該表 ch10 側全無列（41 §3 規則二：一節已生成、一節未生成）
10.1	16.3	not-sibling	true	vocab	129	[逐對] **鏡射關係，非 §4.6 sibling** —— ch16 為 EMEA ICS 車輛之另一套介面，其節與 ch2／ch3 之對應已記於 `ch16_mirror_map.tsv`，兩套介面**不會同時出現於同一車輛**，故 `10.1` 與 `16.3` 無共存之車輛可言。ch10 側另有一層：ch16 十八節無 ECO HVAC 之對應節，該表 ch10 側全無列（41 §3 規則二：一節已生成、一節未生成）
10.1	16.8	not-sibling	true	vocab	129	[逐對] **鏡射關係，非 §4.6 sibling** —— ch16 為 EMEA ICS 車輛之另一套介面，其節與 ch2／ch3 之對應已記於 `ch16_mirror_map.tsv`，兩套介面**不會同時出現於同一車輛**，故 `10.1` 與 `16.8` 無共存之車輛可言。ch10 側另有一層：ch16 十八節無 ECO HVAC 之對應節，該表 ch10 側全無列（41 §3 規則二：一節已生成、一節未生成）
10.2	11.5	not-sibling	true	vocab	129	[逐對] **同形異義** —— ch11／ch12 之 `Auto` 出現於 HVS6 之 `Auto Comfort Settings options for heated/vented seats`（座椅之自動舒適設定），與 HVAC 之 AUTO 模式非同一功能；12.7 之 `FAN`／`MODE` 指 popup 圖片之版面規則，非風速或氣流模式本身。共有語彙為字面巧合（41 §3 規則二：一節已生成、一節未生成）
10.2	12.6	not-sibling	true	vocab	129	[逐對] **同形異義** —— ch11／ch12 之 `Auto` 出現於 HVS6 之 `Auto Comfort Settings options for heated/vented seats`（座椅之自動舒適設定），與 HVAC 之 AUTO 模式非同一功能；12.7 之 `FAN`／`MODE` 指 popup 圖片之版面規則，非風速或氣流模式本身。共有語彙為字面巧合（41 §3 規則二：一節已生成、一節未生成）
10.2	14.19	not-sibling	true	vocab	129	[逐對] ch14 之各節定 popup 之**呈現條件**（互動性、simulated off/idle、下螢幕不觸發、widget 顯示中之取捨），其對象為全部 HVAC popup；對造節定的是**該 popup 所示之內容**或某功能自身之行為。同一 popup 之兩個不同面向，非同一需求（41 §3 規則二：一節已生成、一節未生成）
10.2	15.1	not-sibling	true	vocab	129	[逐對] HVACP11.1 為進入／退出某功能時**顯示哪一個 popup** 之對照表（且明言圖為示例），對造節定的是該功能自身之狀態或組合。非同一需求（41 §3 規則二：一節已生成、一節未生成）
10.2	16.13	not-sibling	true	vocab	129	[逐對] **鏡射關係，非 §4.6 sibling** —— ch16 為 EMEA ICS 車輛之另一套介面，其節與 ch2／ch3 之對應已記於 `ch16_mirror_map.tsv`，兩套介面**不會同時出現於同一車輛**，故 `10.2` 與 `16.13` 無共存之車輛可言。ch10 側另有一層：ch16 十八節無 ECO HVAC 之對應節，該表 ch10 側全無列（41 §3 規則二：一節已生成、一節未生成）
10.2	16.14	not-sibling	false	vocab	129	**42 §1 之重新確認（43 §1 修正觸發）。** ch10（ECO HVAC）與 16.14（ICS 之 MTC 界定）非同一需求：ch16 十八節無 ECO HVAC 之對應節，且 16.14 之 `MTC` 為氣候控制型式（第一軸）、ch10 之 `HVAC Mode` 為系統內之一種模式（第十五軸），兩個 `HVAC`／`AUTO` 指涉層級不同。**新證據**：批次 6 已產出 16.14 之三條 TC，其可觀察量為 MTC 畫面與 MTC 溫度 popup，與 ch10 之 AUTO 三狀態、Menu Bar icon、AUTO popup 文字**無一重疊**。verdict 維持
10.2	16.3	not-sibling	true	vocab	129	[逐對] **鏡射關係，非 §4.6 sibling** —— ch16 為 EMEA ICS 車輛之另一套介面，其節與 ch2／ch3 之對應已記於 `ch16_mirror_map.tsv`，兩套介面**不會同時出現於同一車輛**，故 `10.2` 與 `16.3` 無共存之車輛可言。ch10 側另有一層：ch16 十八節無 ECO HVAC 之對應節，該表 ch10 側全無列（41 §3 規則二：一節已生成、一節未生成）
10.2	16.7	not-sibling	false	vocab	129	**43 §1 之重新確認（批次 7 使對造落地）。** ch10（ECO HVAC）之能力於 ch16 十八節無對應節（`ch16_mirror_map.tsv` 之 ch10 側全無列）；且 ch10 自身以委派字面回指標準 AUTO（10.5 `see standard ICE AUTO logics`），委派不是重述。**新證據**：本批之 ch16 TC 所驗者為溫度／風速之值域與呈現，與 ch10 之 AUTO 三狀態、Menu Bar icon、AUTO popup 文字無一重疊。verdict 維持
10.2	16.8	not-sibling	true	vocab	129	[逐對] **鏡射關係，非 §4.6 sibling** —— ch16 為 EMEA ICS 車輛之另一套介面，其節與 ch2／ch3 之對應已記於 `ch16_mirror_map.tsv`，兩套介面**不會同時出現於同一車輛**，故 `10.2` 與 `16.8` 無共存之車輛可言。ch10 側另有一層：ch16 十八節無 ECO HVAC 之對應節，該表 ch10 側全無列（41 §3 規則二：一節已生成、一節未生成）
10.2	17.2	not-sibling	false	vocab	129	**43 §1 之重新確認（批次 8 使 17.2 落地）。** 非 sibling —— ch10 之 AUTO ECO 三狀態其可觀察端由 **10.8 明指為 `the Comfort main Menu Bar icon`**，而 17.2 之 `auto button` 在**首頁 widget** 上，兩者為不同元件。**新證據**：`-118`（widget 之 auto button）與 ch10 之 `-073`／`-077`～`-080` 逐條比對，可觀察量無一重疊。**惟其交界已登 DATA_REQUESTS #26**（widget 顯示中時 AUTO ECO 之回饋於何處）—— 交界不是 sibling，兩者分列
10.3	11.5	not-broken-by-3-samples (class)	true	via-hierarchy	129	**本對僅因階層關係而成為候選（43 §2，`source = via-hierarchy`）。** `10.3` 與 `11.5` 之詞彙集**無交集**；其共有語彙 ['AUTO'] 係由特化詞導出之泛化詞（表：`AUTO ECO` → `AUTO`, `ECO HVAC` → `HVAC`, `MAX A/C` → `A/C`, `MAX DEF` → `DEFROST`, `REAR DEF` → `DEFROST`）。**階層不是等價** —— 每個 AUTO ECO 都是 AUTO，但 AUTO 不必然是 AUTO ECO，故本表單向且其輸出另標來源，不併入等價組。依 43 §2，**不逐對**，沿用該高頻詞之類級處置；其效力同 41 §4：三對抽樣足以破類、不足以證類，所屬節生成之日轉為逐對判定。
10.3	12.6	not-broken-by-3-samples (class)	true	via-hierarchy	129	**本對僅因階層關係而成為候選（43 §2，`source = via-hierarchy`）。** `10.3` 與 `12.6` 之詞彙集**無交集**；其共有語彙 ['AUTO'] 係由特化詞導出之泛化詞（表：`AUTO ECO` → `AUTO`, `ECO HVAC` → `HVAC`, `MAX A/C` → `A/C`, `MAX DEF` → `DEFROST`, `REAR DEF` → `DEFROST`）。**階層不是等價** —— 每個 AUTO ECO 都是 AUTO，但 AUTO 不必然是 AUTO ECO，故本表單向且其輸出另標來源，不併入等價組。依 43 §2，**不逐對**，沿用該高頻詞之類級處置；其效力同 41 §4：三對抽樣足以破類、不足以證類，所屬節生成之日轉為逐對判定。
10.3	14.19	not-broken-by-3-samples (class)	true	via-hierarchy	129	**本對僅因階層關係而成為候選（43 §2，`source = via-hierarchy`）。** `10.3` 與 `14.19` 之詞彙集**無交集**；其共有語彙 ['AUTO'] 係由特化詞導出之泛化詞（表：`AUTO ECO` → `AUTO`, `ECO HVAC` → `HVAC`, `MAX A/C` → `A/C`, `MAX DEF` → `DEFROST`, `REAR DEF` → `DEFROST`）。**階層不是等價** —— 每個 AUTO ECO 都是 AUTO，但 AUTO 不必然是 AUTO ECO，故本表單向且其輸出另標來源，不併入等價組。依 43 §2，**不逐對**，沿用該高頻詞之類級處置；其效力同 41 §4：三對抽樣足以破類、不足以證類，所屬節生成之日轉為逐對判定。
10.3	15.1	not-broken-by-3-samples (class)	true	via-hierarchy	129	**本對僅因階層關係而成為候選（43 §2，`source = via-hierarchy`）。** `10.3` 與 `15.1` 之詞彙集**無交集**；其共有語彙 ['AUTO'] 係由特化詞導出之泛化詞（表：`AUTO ECO` → `AUTO`, `ECO HVAC` → `HVAC`, `MAX A/C` → `A/C`, `MAX DEF` → `DEFROST`, `REAR DEF` → `DEFROST`）。**階層不是等價** —— 每個 AUTO ECO 都是 AUTO，但 AUTO 不必然是 AUTO ECO，故本表單向且其輸出另標來源，不併入等價組。依 43 §2，**不逐對**，沿用該高頻詞之類級處置；其效力同 41 §4：三對抽樣足以破類、不足以證類，所屬節生成之日轉為逐對判定。
10.3	16.13	not-broken-by-3-samples (class)	true	via-hierarchy	129	**本對僅因階層關係而成為候選（43 §2，`source = via-hierarchy`）。** `10.3` 與 `16.13` 之詞彙集**無交集**；其共有語彙 ['AUTO'] 係由特化詞導出之泛化詞（表：`AUTO ECO` → `AUTO`, `ECO HVAC` → `HVAC`, `MAX A/C` → `A/C`, `MAX DEF` → `DEFROST`, `REAR DEF` → `DEFROST`）。**階層不是等價** —— 每個 AUTO ECO 都是 AUTO，但 AUTO 不必然是 AUTO ECO，故本表單向且其輸出另標來源，不併入等價組。依 43 §2，**不逐對**，沿用該高頻詞之類級處置；其效力同 41 §4：三對抽樣足以破類、不足以證類，所屬節生成之日轉為逐對判定。
10.3	16.14	not-sibling	false	via-hierarchy	129	**42 §1 之重新確認（43 §1 修正觸發）。** ch10（ECO HVAC）與 16.14（ICS 之 MTC 界定）非同一需求：ch16 十八節無 ECO HVAC 之對應節，且 16.14 之 `MTC` 為氣候控制型式（第一軸）、ch10 之 `HVAC Mode` 為系統內之一種模式（第十五軸），兩個 `HVAC`／`AUTO` 指涉層級不同。**新證據**：批次 6 已產出 16.14 之三條 TC，其可觀察量為 MTC 畫面與 MTC 溫度 popup，與 ch10 之 AUTO 三狀態、Menu Bar icon、AUTO popup 文字**無一重疊**。verdict 維持
10.3	16.3	not-broken-by-3-samples (class)	true	via-hierarchy	129	**本對僅因階層關係而成為候選（43 §2，`source = via-hierarchy`）。** `10.3` 與 `16.3` 之詞彙集**無交集**；其共有語彙 ['AUTO'] 係由特化詞導出之泛化詞（表：`AUTO ECO` → `AUTO`, `ECO HVAC` → `HVAC`, `MAX A/C` → `A/C`, `MAX DEF` → `DEFROST`, `REAR DEF` → `DEFROST`）。**階層不是等價** —— 每個 AUTO ECO 都是 AUTO，但 AUTO 不必然是 AUTO ECO，故本表單向且其輸出另標來源，不併入等價組。依 43 §2，**不逐對**，沿用該高頻詞之類級處置；其效力同 41 §4：三對抽樣足以破類、不足以證類，所屬節生成之日轉為逐對判定。
10.3	16.7	not-sibling	false	via-hierarchy	129	**43 §1 之重新確認（批次 7 使對造落地）。** ch10（ECO HVAC）之能力於 ch16 十八節無對應節（`ch16_mirror_map.tsv` 之 ch10 側全無列）；且 ch10 自身以委派字面回指標準 AUTO（10.5 `see standard ICE AUTO logics`），委派不是重述。**新證據**：本批之 ch16 TC 所驗者為溫度／風速之值域與呈現，與 ch10 之 AUTO 三狀態、Menu Bar icon、AUTO popup 文字無一重疊。verdict 維持
10.3	16.8	not-broken-by-3-samples (class)	true	via-hierarchy	129	**本對僅因階層關係而成為候選（43 §2，`source = via-hierarchy`）。** `10.3` 與 `16.8` 之詞彙集**無交集**；其共有語彙 ['AUTO'] 係由特化詞導出之泛化詞（表：`AUTO ECO` → `AUTO`, `ECO HVAC` → `HVAC`, `MAX A/C` → `A/C`, `MAX DEF` → `DEFROST`, `REAR DEF` → `DEFROST`）。**階層不是等價** —— 每個 AUTO ECO 都是 AUTO，但 AUTO 不必然是 AUTO ECO，故本表單向且其輸出另標來源，不併入等價組。依 43 §2，**不逐對**，沿用該高頻詞之類級處置；其效力同 41 §4：三對抽樣足以破類、不足以證類，所屬節生成之日轉為逐對判定。
10.3	17.2	not-sibling	false	via-hierarchy	129	**43 §1 之重新確認（批次 8 使 17.2 落地）。** 非 sibling —— ch10 之 AUTO ECO 三狀態其可觀察端由 **10.8 明指為 `the Comfort main Menu Bar icon`**，而 17.2 之 `auto button` 在**首頁 widget** 上，兩者為不同元件。**新證據**：`-118`（widget 之 auto button）與 ch10 之 `-073`／`-077`～`-080` 逐條比對，可觀察量無一重疊。**惟其交界已登 DATA_REQUESTS #26**（widget 顯示中時 AUTO ECO 之回饋於何處）—— 交界不是 sibling，兩者分列
10.4	11.5	not-sibling	true	vocab	129	[逐對] **同形異義** —— ch11／ch12 之 `Auto` 出現於 HVS6 之 `Auto Comfort Settings options for heated/vented seats`（座椅之自動舒適設定），與 HVAC 之 AUTO 模式非同一功能；12.7 之 `FAN`／`MODE` 指 popup 圖片之版面規則，非風速或氣流模式本身。共有語彙為字面巧合（41 §3 規則二：一節已生成、一節未生成）
10.4	12.6	not-sibling	true	vocab	129	[逐對] **同形異義** —— ch11／ch12 之 `Auto` 出現於 HVS6 之 `Auto Comfort Settings options for heated/vented seats`（座椅之自動舒適設定），與 HVAC 之 AUTO 模式非同一功能；12.7 之 `FAN`／`MODE` 指 popup 圖片之版面規則，非風速或氣流模式本身。共有語彙為字面巧合（41 §3 規則二：一節已生成、一節未生成）
10.4	14.19	not-sibling	true	vocab	129	[逐對] ch14 之各節定 popup 之**呈現條件**（互動性、simulated off/idle、下螢幕不觸發、widget 顯示中之取捨），其對象為全部 HVAC popup；對造節定的是**該 popup 所示之內容**或某功能自身之行為。同一 popup 之兩個不同面向，非同一需求（41 §3 規則二：一節已生成、一節未生成）
10.4	15.1	not-sibling	true	vocab	129	[逐對] HVACP11.1 為進入／退出某功能時**顯示哪一個 popup** 之對照表（且明言圖為示例），對造節定的是該功能自身之狀態或組合。非同一需求（41 §3 規則二：一節已生成、一節未生成）
10.4	16.13	not-sibling	true	vocab	129	[逐對] **鏡射關係，非 §4.6 sibling** —— ch16 為 EMEA ICS 車輛之另一套介面，其節與 ch2／ch3 之對應已記於 `ch16_mirror_map.tsv`，兩套介面**不會同時出現於同一車輛**，故 `10.4` 與 `16.13` 無共存之車輛可言。ch10 側另有一層：ch16 十八節無 ECO HVAC 之對應節，該表 ch10 側全無列（41 §3 規則二：一節已生成、一節未生成）
10.4	16.14	not-sibling	false	vocab	129	**42 §1 之重新確認（43 §1 修正觸發）。** ch10（ECO HVAC）與 16.14（ICS 之 MTC 界定）非同一需求：ch16 十八節無 ECO HVAC 之對應節，且 16.14 之 `MTC` 為氣候控制型式（第一軸）、ch10 之 `HVAC Mode` 為系統內之一種模式（第十五軸），兩個 `HVAC`／`AUTO` 指涉層級不同。**新證據**：批次 6 已產出 16.14 之三條 TC，其可觀察量為 MTC 畫面與 MTC 溫度 popup，與 ch10 之 AUTO 三狀態、Menu Bar icon、AUTO popup 文字**無一重疊**。verdict 維持
10.4	16.3	not-sibling	true	vocab	129	[逐對] **鏡射關係，非 §4.6 sibling** —— ch16 為 EMEA ICS 車輛之另一套介面，其節與 ch2／ch3 之對應已記於 `ch16_mirror_map.tsv`，兩套介面**不會同時出現於同一車輛**，故 `10.4` 與 `16.3` 無共存之車輛可言。ch10 側另有一層：ch16 十八節無 ECO HVAC 之對應節，該表 ch10 側全無列（41 §3 規則二：一節已生成、一節未生成）
10.4	16.7	not-sibling	false	vocab	129	**43 §1 之重新確認（批次 7 使對造落地）。** ch10（ECO HVAC）之能力於 ch16 十八節無對應節（`ch16_mirror_map.tsv` 之 ch10 側全無列）；且 ch10 自身以委派字面回指標準 AUTO（10.5 `see standard ICE AUTO logics`），委派不是重述。**新證據**：本批之 ch16 TC 所驗者為溫度／風速之值域與呈現，與 ch10 之 AUTO 三狀態、Menu Bar icon、AUTO popup 文字無一重疊。verdict 維持
10.4	16.8	not-sibling	true	vocab	129	[逐對] **鏡射關係，非 §4.6 sibling** —— ch16 為 EMEA ICS 車輛之另一套介面，其節與 ch2／ch3 之對應已記於 `ch16_mirror_map.tsv`，兩套介面**不會同時出現於同一車輛**，故 `10.4` 與 `16.8` 無共存之車輛可言。ch10 側另有一層：ch16 十八節無 ECO HVAC 之對應節，該表 ch10 側全無列（41 §3 規則二：一節已生成、一節未生成）
10.4	17.2	not-sibling	false	vocab	129	**43 §1 之重新確認（批次 8 使 17.2 落地）。** 非 sibling —— ch10 之 AUTO ECO 三狀態其可觀察端由 **10.8 明指為 `the Comfort main Menu Bar icon`**，而 17.2 之 `auto button` 在**首頁 widget** 上，兩者為不同元件。**新證據**：`-118`（widget 之 auto button）與 ch10 之 `-073`／`-077`～`-080` 逐條比對，可觀察量無一重疊。**惟其交界已登 DATA_REQUESTS #26**（widget 顯示中時 AUTO ECO 之回饋於何處）—— 交界不是 sibling，兩者分列
10.5	11.2	not-broken-by-3-samples (class)	true	vocab	129	**類級判定，措辭依 41 §4 訂正。** 原記 `not-sibling (class)` 為過度陳述：本類之依據為三對抽樣未破，而三對之力度**足以破類，不足以證類**（R-C37：一個反例即證偽，N 個正例不證真）。本對尚未逐對判定；依 41 §3 規則二／三，其所屬節生成之日轉為逐對判定，類級判定不因曾通過而免除。[類級 `FAN`] `FAN` 為泛用控制名（且涵蓋座椅送風）；共有該詞不表示述及同一需求。**類級判定之效力低於逐對判定** —— 日後若本類中發現真 sibling，本類之判定即失效。抽樣覆核見上繳 29 §3.3
10.5	11.5	not-sibling	true	vocab	129	[逐對] **同形異義** —— ch11／ch12 之 `Auto` 出現於 HVS6 之 `Auto Comfort Settings options for heated/vented seats`（座椅之自動舒適設定），與 HVAC 之 AUTO 模式非同一功能；12.7 之 `FAN`／`MODE` 指 popup 圖片之版面規則，非風速或氣流模式本身。共有語彙為字面巧合（41 §3 規則二：一節已生成、一節未生成）
10.5	12.2	not-broken-by-3-samples (class)	true	vocab	129	**類級判定，措辭依 41 §4 訂正。** 原記 `not-sibling (class)` 為過度陳述：本類之依據為三對抽樣未破，而三對之力度**足以破類，不足以證類**（R-C37：一個反例即證偽，N 個正例不證真）。本對尚未逐對判定；依 41 §3 規則二／三，其所屬節生成之日轉為逐對判定，類級判定不因曾通過而免除。[類級 `FAN`] `FAN` 為泛用控制名（且涵蓋座椅送風）；共有該詞不表示述及同一需求。**類級判定之效力低於逐對判定** —— 日後若本類中發現真 sibling，本類之判定即失效。抽樣覆核見上繳 29 §3.3
10.5	12.6	not-sibling	true	vocab	129	[逐對] **同形異義** —— ch11／ch12 之 `Auto` 出現於 HVS6 之 `Auto Comfort Settings options for heated/vented seats`（座椅之自動舒適設定），與 HVAC 之 AUTO 模式非同一功能；12.7 之 `FAN`／`MODE` 指 popup 圖片之版面規則，非風速或氣流模式本身。共有語彙為字面巧合（41 §3 規則二：一節已生成、一節未生成）
10.5	12.7	not-sibling	true	vocab	129	[逐對] 共有 ['FAN', 'MODE']。ch10 之 ECO 行為為 standard AUTO 之外加狀態，其對造為 2.3（standard AUTO）而非本對；共有語彙為控制名
10.5	12.9	not-broken-by-3-samples (class)	true	vocab	129	**類級判定，措辭依 41 §4 訂正。** 原記 `not-sibling (class)` 為過度陳述：本類之依據為三對抽樣未破，而三對之力度**足以破類，不足以證類**（R-C37：一個反例即證偽，N 個正例不證真）。本對尚未逐對判定；依 41 §3 規則二／三，其所屬節生成之日轉為逐對判定，類級判定不因曾通過而免除。[類級 `FAN`] `FAN` 為泛用控制名（且涵蓋座椅送風）；共有該詞不表示述及同一需求。**類級判定之效力低於逐對判定** —— 日後若本類中發現真 sibling，本類之判定即失效。抽樣覆核見上繳 29 §3.3
10.5	14.1.1	not-broken-by-3-samples (class)	true	vocab	129	**類級判定，措辭依 41 §4 訂正。** 原記 `not-sibling (class)` 為過度陳述：本類之依據為三對抽樣未破，而三對之力度**足以破類，不足以證類**（R-C37：一個反例即證偽，N 個正例不證真）。本對尚未逐對判定；依 41 §3 規則二／三，其所屬節生成之日轉為逐對判定，類級判定不因曾通過而免除。[類級 `FAN`] `FAN` 為泛用控制名（且涵蓋座椅送風）；共有該詞不表示述及同一需求。**類級判定之效力低於逐對判定** —— 日後若本類中發現真 sibling，本類之判定即失效。抽樣覆核見上繳 29 §3.3
10.5	14.10	not-sibling	true	vocab	129	[逐對] ch14 之各節定 popup 之**呈現條件**（互動性、simulated off/idle、下螢幕不觸發、widget 顯示中之取捨），其對象為全部 HVAC popup；對造節定的是**該 popup 所示之內容**或某功能自身之行為。同一 popup 之兩個不同面向，非同一需求（41 §3 規則二：一節已生成、一節未生成）
10.5	14.10.1	not-sibling	true	vocab	129	[逐對] 共有 ['FAN', 'MODE']。ch10 之 ECO 行為為 standard AUTO 之外加狀態，其對造為 2.3（standard AUTO）而非本對；共有語彙為控制名
10.5	14.11	not-broken-by-3-samples (class)	true	vocab	129	**類級判定，措辭依 41 §4 訂正。** 原記 `not-sibling (class)` 為過度陳述：本類之依據為三對抽樣未破，而三對之力度**足以破類，不足以證類**（R-C37：一個反例即證偽，N 個正例不證真）。本對尚未逐對判定；依 41 §3 規則二／三，其所屬節生成之日轉為逐對判定，類級判定不因曾通過而免除。[類級 `FAN`] `FAN` 為泛用控制名（且涵蓋座椅送風）；共有該詞不表示述及同一需求。**類級判定之效力低於逐對判定** —— 日後若本類中發現真 sibling，本類之判定即失效。抽樣覆核見上繳 29 §3.3
10.5	14.13	not-sibling	true	vocab	129	[逐對] 共有 ['FAN', 'MODE']。ch10 之 ECO 行為為 standard AUTO 之外加狀態，其對造為 2.3（standard AUTO）而非本對；共有語彙為控制名
10.5	14.19	not-sibling	true	vocab	129	[逐對] 共有 ['AUTO', 'FAN', 'MODE']。ch10 之 ECO 行為為 standard AUTO 之外加狀態，其對造為 2.3（standard AUTO）而非本對；共有語彙為控制名
10.5	14.3	not-sibling	true	vocab	129	[逐對] 共有 ['FAN', 'MODE']。ch10 之 ECO 行為為 standard AUTO 之外加狀態，其對造為 2.3（standard AUTO）而非本對；共有語彙為控制名
10.5	14.4	not-sibling	true	vocab	129	[逐對] ch14 之各節定 popup 之**呈現條件**（互動性、simulated off/idle、下螢幕不觸發、widget 顯示中之取捨），其對象為全部 HVAC popup；對造節定的是**該 popup 所示之內容**或某功能自身之行為。同一 popup 之兩個不同面向，非同一需求（41 §3 規則二：一節已生成、一節未生成）
10.5	15.1	not-sibling	true	vocab	129	[逐對] 共有 ['AUTO', 'FAN', 'MODE']。ch10 之 ECO 行為為 standard AUTO 之外加狀態，其對造為 2.3（standard AUTO）而非本對；共有語彙為控制名
10.5	16.10	not-sibling	true	vocab	129	[逐對] 共有 ['FAN', 'MODE']。鏡射關係而非 §4.6 sibling —— ch16 為 EMEA ICS 變體，兩者不會同時出現於同一車輛；該關係由 `ch16_mirror_map.tsv` 承載
10.5	16.11	not-sibling	true	vocab	129	[逐對] 共有 ['FAN', 'MODE']。鏡射關係而非 §4.6 sibling —— ch16 為 EMEA ICS 變體，兩者不會同時出現於同一車輛；該關係由 `ch16_mirror_map.tsv` 承載
10.5	16.12	not-sibling	true	vocab	129	[逐對] 共有 ['FAN', 'MODE']。鏡射關係而非 §4.6 sibling —— ch16 為 EMEA ICS 變體，兩者不會同時出現於同一車輛；該關係由 `ch16_mirror_map.tsv` 承載
10.5	16.12.1	not-sibling	true	vocab	129	[逐對] **鏡射關係，非 §4.6 sibling** —— ch16 為 EMEA ICS 車輛之另一套介面，其節與 ch2／ch3 之對應已記於 `ch16_mirror_map.tsv`，兩套介面**不會同時出現於同一車輛**，故 `10.5` 與 `16.12.1` 無共存之車輛可言。ch10 側另有一層：ch16 十八節無 ECO HVAC 之對應節，該表 ch10 側全無列（41 §3 規則二：一節已生成、一節未生成）
10.5	16.13	not-sibling	true	vocab	129	[逐對] 共有 ['AUTO', 'FAN', 'MODE']。鏡射關係而非 §4.6 sibling —— ch16 為 EMEA ICS 變體，兩者不會同時出現於同一車輛；該關係由 `ch16_mirror_map.tsv` 承載
10.5	16.14	not-sibling	false	vocab	129	**42 §1 之重新確認（43 §1 修正觸發）。** ch10（ECO HVAC）與 16.14（ICS 之 MTC 界定）非同一需求：ch16 十八節無 ECO HVAC 之對應節，且 16.14 之 `MTC` 為氣候控制型式（第一軸）、ch10 之 `HVAC Mode` 為系統內之一種模式（第十五軸），兩個 `HVAC`／`AUTO` 指涉層級不同。**新證據**：批次 6 已產出 16.14 之三條 TC，其可觀察量為 MTC 畫面與 MTC 溫度 popup，與 ch10 之 AUTO 三狀態、Menu Bar icon、AUTO popup 文字**無一重疊**。verdict 維持
10.5	16.17	not-sibling	false	vocab	129	**43 §1 之重新確認（批次 7 使對造落地）。** ch10（ECO HVAC）之能力於 ch16 十八節無對應節（`ch16_mirror_map.tsv` 之 ch10 側全無列）；且 ch10 自身以委派字面回指標準 AUTO（10.5 `see standard ICE AUTO logics`），委派不是重述。**新證據**：本批之 ch16 TC 所驗者為溫度／風速之值域與呈現，與 ch10 之 AUTO 三狀態、Menu Bar icon、AUTO popup 文字無一重疊。verdict 維持
10.5	16.2	not-sibling	false	vocab	129	**42 §1 之重新確認（43 §1 修正觸發）。** ch10 之 AUTO ECO 為 ch2／ch16 標準 AUTO 之外加狀態（10.5 明寫 `see standard ICE AUTO logics`），16.2 為 ICS 介面之狀態同步與 popup 通則，非同一需求。**新證據**：16.2 之九條 TC 所驗者為反映方向與 popup 條件，無一條驗 AUTO 之狀態數或其標籤。verdict 維持
10.5	16.3	not-sibling	true	vocab	129	[逐對] 共有 ['AUTO', 'FAN', 'MODE']。鏡射關係而非 §4.6 sibling —— ch16 為 EMEA ICS 變體，兩者不會同時出現於同一車輛；該關係由 `ch16_mirror_map.tsv` 承載
10.5	16.7	not-sibling	false	vocab	129	**43 §1 之重新確認（批次 7 使對造落地）。** ch10（ECO HVAC）之能力於 ch16 十八節無對應節（`ch16_mirror_map.tsv` 之 ch10 側全無列）；且 ch10 自身以委派字面回指標準 AUTO（10.5 `see standard ICE AUTO logics`），委派不是重述。**新證據**：本批之 ch16 TC 所驗者為溫度／風速之值域與呈現，與 ch10 之 AUTO 三狀態、Menu Bar icon、AUTO popup 文字無一重疊。verdict 維持
10.5	16.8	not-sibling	true	vocab	129	[逐對] 共有 ['AUTO', 'FAN', 'MODE']。鏡射關係而非 §4.6 sibling —— ch16 為 EMEA ICS 變體，兩者不會同時出現於同一車輛；該關係由 `ch16_mirror_map.tsv` 承載
10.5	17.2	not-sibling	false	vocab	129	**43 §1 之重新確認（批次 8 使 17.2 落地）。** 非 sibling —— ch10 之 AUTO ECO 三狀態其可觀察端由 **10.8 明指為 `the Comfort main Menu Bar icon`**，而 17.2 之 `auto button` 在**首頁 widget** 上，兩者為不同元件。**新證據**：`-118`（widget 之 auto button）與 ch10 之 `-073`／`-077`～`-080` 逐條比對，可觀察量無一重疊。**惟其交界已登 DATA_REQUESTS #26**（widget 顯示中時 AUTO ECO 之回饋於何處）—— 交界不是 sibling，兩者分列
10.6	11.2	not-broken-by-3-samples (class)	true	vocab	129	**類級判定，措辭依 41 §4 訂正。** 原記 `not-sibling (class)` 為過度陳述：本類之依據為三對抽樣未破，而三對之力度**足以破類，不足以證類**（R-C37：一個反例即證偽，N 個正例不證真）。本對尚未逐對判定；依 41 §3 規則二／三，其所屬節生成之日轉為逐對判定，類級判定不因曾通過而免除。[類級 `FAN`] `FAN` 為泛用控制名（且涵蓋座椅送風）；共有該詞不表示述及同一需求。**類級判定之效力低於逐對判定** —— 日後若本類中發現真 sibling，本類之判定即失效。抽樣覆核見上繳 29 §3.3
10.6	11.5	not-sibling	true	vocab	129	[逐對] **同形異義** —— ch11／ch12 之 `Auto` 出現於 HVS6 之 `Auto Comfort Settings options for heated/vented seats`（座椅之自動舒適設定），與 HVAC 之 AUTO 模式非同一功能；12.7 之 `FAN`／`MODE` 指 popup 圖片之版面規則，非風速或氣流模式本身。共有語彙為字面巧合（41 §3 規則二：一節已生成、一節未生成）
10.6	12.2	not-broken-by-3-samples (class)	true	vocab	129	**類級判定，措辭依 41 §4 訂正。** 原記 `not-sibling (class)` 為過度陳述：本類之依據為三對抽樣未破，而三對之力度**足以破類，不足以證類**（R-C37：一個反例即證偽，N 個正例不證真）。本對尚未逐對判定；依 41 §3 規則二／三，其所屬節生成之日轉為逐對判定，類級判定不因曾通過而免除。[類級 `FAN`] `FAN` 為泛用控制名（且涵蓋座椅送風）；共有該詞不表示述及同一需求。**類級判定之效力低於逐對判定** —— 日後若本類中發現真 sibling，本類之判定即失效。抽樣覆核見上繳 29 §3.3
10.6	12.6	not-sibling	true	vocab	129	[逐對] **同形異義** —— ch11／ch12 之 `Auto` 出現於 HVS6 之 `Auto Comfort Settings options for heated/vented seats`（座椅之自動舒適設定），與 HVAC 之 AUTO 模式非同一功能；12.7 之 `FAN`／`MODE` 指 popup 圖片之版面規則，非風速或氣流模式本身。共有語彙為字面巧合（41 §3 規則二：一節已生成、一節未生成）
10.6	12.7	not-sibling	true	vocab	129	[逐對] 共有 ['FAN', 'MODE']。ch10 之 ECO 行為為 standard AUTO 之外加狀態，其對造為 2.3（standard AUTO）而非本對；共有語彙為控制名
10.6	12.9	not-broken-by-3-samples (class)	true	vocab	129	**類級判定，措辭依 41 §4 訂正。** 原記 `not-sibling (class)` 為過度陳述：本類之依據為三對抽樣未破，而三對之力度**足以破類，不足以證類**（R-C37：一個反例即證偽，N 個正例不證真）。本對尚未逐對判定；依 41 §3 規則二／三，其所屬節生成之日轉為逐對判定，類級判定不因曾通過而免除。[類級 `FAN`] `FAN` 為泛用控制名（且涵蓋座椅送風）；共有該詞不表示述及同一需求。**類級判定之效力低於逐對判定** —— 日後若本類中發現真 sibling，本類之判定即失效。抽樣覆核見上繳 29 §3.3
10.6	14.1.1	not-broken-by-3-samples (class)	true	vocab	129	**類級判定，措辭依 41 §4 訂正。** 原記 `not-sibling (class)` 為過度陳述：本類之依據為三對抽樣未破，而三對之力度**足以破類，不足以證類**（R-C37：一個反例即證偽，N 個正例不證真）。本對尚未逐對判定；依 41 §3 規則二／三，其所屬節生成之日轉為逐對判定，類級判定不因曾通過而免除。[類級 `FAN`] `FAN` 為泛用控制名（且涵蓋座椅送風）；共有該詞不表示述及同一需求。**類級判定之效力低於逐對判定** —— 日後若本類中發現真 sibling，本類之判定即失效。抽樣覆核見上繳 29 §3.3
10.6	14.10	not-sibling	true	vocab	129	[逐對] ch14 之各節定 popup 之**呈現條件**（互動性、simulated off/idle、下螢幕不觸發、widget 顯示中之取捨），其對象為全部 HVAC popup；對造節定的是**該 popup 所示之內容**或某功能自身之行為。同一 popup 之兩個不同面向，非同一需求（41 §3 規則二：一節已生成、一節未生成）
10.6	14.10.1	not-sibling	true	vocab	129	[逐對] 共有 ['FAN', 'MODE']。ch10 之 ECO 行為為 standard AUTO 之外加狀態，其對造為 2.3（standard AUTO）而非本對；共有語彙為控制名
10.6	14.11	not-broken-by-3-samples (class)	true	vocab	129	**類級判定，措辭依 41 §4 訂正。** 原記 `not-sibling (class)` 為過度陳述：本類之依據為三對抽樣未破，而三對之力度**足以破類，不足以證類**（R-C37：一個反例即證偽，N 個正例不證真）。本對尚未逐對判定；依 41 §3 規則二／三，其所屬節生成之日轉為逐對判定，類級判定不因曾通過而免除。[類級 `FAN`] `FAN` 為泛用控制名（且涵蓋座椅送風）；共有該詞不表示述及同一需求。**類級判定之效力低於逐對判定** —— 日後若本類中發現真 sibling，本類之判定即失效。抽樣覆核見上繳 29 §3.3
10.6	14.13	not-sibling	true	vocab	129	[逐對] 共有 ['FAN', 'MODE']。ch10 之 ECO 行為為 standard AUTO 之外加狀態，其對造為 2.3（standard AUTO）而非本對；共有語彙為控制名
10.6	14.19	not-sibling	true	vocab	129	[逐對] 共有 ['AUTO', 'FAN', 'MODE']。ch10 之 ECO 行為為 standard AUTO 之外加狀態，其對造為 2.3（standard AUTO）而非本對；共有語彙為控制名
10.6	14.3	not-sibling	true	vocab	129	[逐對] 共有 ['FAN', 'MODE']。ch10 之 ECO 行為為 standard AUTO 之外加狀態，其對造為 2.3（standard AUTO）而非本對；共有語彙為控制名
10.6	14.4	not-sibling	true	vocab	129	[逐對] ch14 之各節定 popup 之**呈現條件**（互動性、simulated off/idle、下螢幕不觸發、widget 顯示中之取捨），其對象為全部 HVAC popup；對造節定的是**該 popup 所示之內容**或某功能自身之行為。同一 popup 之兩個不同面向，非同一需求（41 §3 規則二：一節已生成、一節未生成）
10.6	15.1	not-sibling	true	vocab	129	[逐對] 共有 ['AUTO', 'FAN', 'MODE']。ch10 之 ECO 行為為 standard AUTO 之外加狀態，其對造為 2.3（standard AUTO）而非本對；共有語彙為控制名
10.6	16.10	not-sibling	true	vocab	129	[逐對] 共有 ['FAN', 'MODE']。鏡射關係而非 §4.6 sibling —— ch16 為 EMEA ICS 變體，兩者不會同時出現於同一車輛；該關係由 `ch16_mirror_map.tsv` 承載
10.6	16.11	not-sibling	true	vocab	129	[逐對] 共有 ['FAN', 'MODE']。鏡射關係而非 §4.6 sibling —— ch16 為 EMEA ICS 變體，兩者不會同時出現於同一車輛；該關係由 `ch16_mirror_map.tsv` 承載
10.6	16.12	not-sibling	true	vocab	129	[逐對] 共有 ['FAN', 'MODE']。鏡射關係而非 §4.6 sibling —— ch16 為 EMEA ICS 變體，兩者不會同時出現於同一車輛；該關係由 `ch16_mirror_map.tsv` 承載
10.6	16.12.1	not-sibling	true	vocab	129	[逐對] **鏡射關係，非 §4.6 sibling** —— ch16 為 EMEA ICS 車輛之另一套介面，其節與 ch2／ch3 之對應已記於 `ch16_mirror_map.tsv`，兩套介面**不會同時出現於同一車輛**，故 `10.6` 與 `16.12.1` 無共存之車輛可言。ch10 側另有一層：ch16 十八節無 ECO HVAC 之對應節，該表 ch10 側全無列（41 §3 規則二：一節已生成、一節未生成）
10.6	16.13	not-sibling	true	vocab	129	[逐對] 共有 ['AUTO', 'FAN', 'MODE']。鏡射關係而非 §4.6 sibling —— ch16 為 EMEA ICS 變體，兩者不會同時出現於同一車輛；該關係由 `ch16_mirror_map.tsv` 承載
10.6	16.14	not-sibling	false	vocab	129	**42 §1 之重新確認（43 §1 修正觸發）。** ch10（ECO HVAC）與 16.14（ICS 之 MTC 界定）非同一需求：ch16 十八節無 ECO HVAC 之對應節，且 16.14 之 `MTC` 為氣候控制型式（第一軸）、ch10 之 `HVAC Mode` 為系統內之一種模式（第十五軸），兩個 `HVAC`／`AUTO` 指涉層級不同。**新證據**：批次 6 已產出 16.14 之三條 TC，其可觀察量為 MTC 畫面與 MTC 溫度 popup，與 ch10 之 AUTO 三狀態、Menu Bar icon、AUTO popup 文字**無一重疊**。verdict 維持
10.6	16.17	not-sibling	false	vocab	129	**43 §1 之重新確認（批次 7 使對造落地）。** ch10（ECO HVAC）之能力於 ch16 十八節無對應節（`ch16_mirror_map.tsv` 之 ch10 側全無列）；且 ch10 自身以委派字面回指標準 AUTO（10.5 `see standard ICE AUTO logics`），委派不是重述。**新證據**：本批之 ch16 TC 所驗者為溫度／風速之值域與呈現，與 ch10 之 AUTO 三狀態、Menu Bar icon、AUTO popup 文字無一重疊。verdict 維持
10.6	16.2	not-sibling	false	vocab	129	**42 §1 之重新確認（43 §1 修正觸發）。** ch10 之 AUTO ECO 為 ch2／ch16 標準 AUTO 之外加狀態（10.5 明寫 `see standard ICE AUTO logics`），16.2 為 ICS 介面之狀態同步與 popup 通則，非同一需求。**新證據**：16.2 之九條 TC 所驗者為反映方向與 popup 條件，無一條驗 AUTO 之狀態數或其標籤。verdict 維持
10.6	16.3	not-sibling	true	vocab	129	[逐對] 共有 ['AUTO', 'FAN', 'MODE']。鏡射關係而非 §4.6 sibling —— ch16 為 EMEA ICS 變體，兩者不會同時出現於同一車輛；該關係由 `ch16_mirror_map.tsv` 承載
10.6	16.7	not-sibling	false	vocab	129	**43 §1 之重新確認（批次 7 使對造落地）。** ch10（ECO HVAC）之能力於 ch16 十八節無對應節（`ch16_mirror_map.tsv` 之 ch10 側全無列）；且 ch10 自身以委派字面回指標準 AUTO（10.5 `see standard ICE AUTO logics`），委派不是重述。**新證據**：本批之 ch16 TC 所驗者為溫度／風速之值域與呈現，與 ch10 之 AUTO 三狀態、Menu Bar icon、AUTO popup 文字無一重疊。verdict 維持
10.6	16.8	not-sibling	true	vocab	129	[逐對] 共有 ['AUTO', 'FAN', 'MODE']。鏡射關係而非 §4.6 sibling —— ch16 為 EMEA ICS 變體，兩者不會同時出現於同一車輛；該關係由 `ch16_mirror_map.tsv` 承載
10.6	17.2	not-sibling	false	vocab	129	**43 §1 之重新確認（批次 8 使 17.2 落地）。** 非 sibling —— ch10 之 AUTO ECO 三狀態其可觀察端由 **10.8 明指為 `the Comfort main Menu Bar icon`**，而 17.2 之 `auto button` 在**首頁 widget** 上，兩者為不同元件。**新證據**：`-118`（widget 之 auto button）與 ch10 之 `-073`／`-077`～`-080` 逐條比對，可觀察量無一重疊。**惟其交界已登 DATA_REQUESTS #26**（widget 顯示中時 AUTO ECO 之回饋於何處）—— 交界不是 sibling，兩者分列
10.7	11.5	not-sibling	true	vocab	129	[逐對] **同形異義** —— ch11／ch12 之 `Auto` 出現於 HVS6 之 `Auto Comfort Settings options for heated/vented seats`（座椅之自動舒適設定），與 HVAC 之 AUTO 模式非同一功能；12.7 之 `FAN`／`MODE` 指 popup 圖片之版面規則，非風速或氣流模式本身。共有語彙為字面巧合（41 §3 規則二：一節已生成、一節未生成）
10.7	12.6	not-sibling	true	vocab	129	[逐對] **同形異義** —— ch11／ch12 之 `Auto` 出現於 HVS6 之 `Auto Comfort Settings options for heated/vented seats`（座椅之自動舒適設定），與 HVAC 之 AUTO 模式非同一功能；12.7 之 `FAN`／`MODE` 指 popup 圖片之版面規則，非風速或氣流模式本身。共有語彙為字面巧合（41 §3 規則二：一節已生成、一節未生成）
10.7	14.1	not-broken-by-3-samples (class)	true	vocab	129	**類級判定，措辭依 41 §4 訂正。** 原記 `not-sibling (class)` 為過度陳述：本類之依據為三對抽樣未破，而三對之力度**足以破類，不足以證類**（R-C37：一個反例即證偽，N 個正例不證真）。本對尚未逐對判定；依 41 §3 規則二／三，其所屬節生成之日轉為逐對判定，類級判定不因曾通過而免除。[類級 `HVAC`] `HVAC` 為系統名而非需求名，幾乎任何氣候節皆含之。**類級判定之效力低於逐對判定** —— 日後若本類中發現真 sibling，本類之判定即失效。抽樣覆核見上繳 29 §3.3
10.7	14.1.1	not-broken-by-3-samples (class)	true	vocab	129	**類級判定，措辭依 41 §4 訂正。** 原記 `not-sibling (class)` 為過度陳述：本類之依據為三對抽樣未破，而三對之力度**足以破類，不足以證類**（R-C37：一個反例即證偽，N 個正例不證真）。本對尚未逐對判定；依 41 §3 規則二／三，其所屬節生成之日轉為逐對判定，類級判定不因曾通過而免除。[類級 `HVAC`] `HVAC` 為系統名而非需求名，幾乎任何氣候節皆含之。**類級判定之效力低於逐對判定** —— 日後若本類中發現真 sibling，本類之判定即失效。抽樣覆核見上繳 29 §3.3
10.7	14.10	not-broken-by-3-samples (class)	true	vocab	129	**類級判定，措辭依 41 §4 訂正。** 原記 `not-sibling (class)` 為過度陳述：本類之依據為三對抽樣未破，而三對之力度**足以破類，不足以證類**（R-C37：一個反例即證偽，N 個正例不證真）。本對尚未逐對判定；依 41 §3 規則二／三，其所屬節生成之日轉為逐對判定，類級判定不因曾通過而免除。[類級 `HVAC`] `HVAC` 為系統名而非需求名，幾乎任何氣候節皆含之。**類級判定之效力低於逐對判定** —— 日後若本類中發現真 sibling，本類之判定即失效。抽樣覆核見上繳 29 §3.3
10.7	14.11	not-broken-by-3-samples (class)	true	vocab	129	**類級判定，措辭依 41 §4 訂正。** 原記 `not-sibling (class)` 為過度陳述：本類之依據為三對抽樣未破，而三對之力度**足以破類，不足以證類**（R-C37：一個反例即證偽，N 個正例不證真）。本對尚未逐對判定；依 41 §3 規則二／三，其所屬節生成之日轉為逐對判定，類級判定不因曾通過而免除。[類級 `HVAC`] `HVAC` 為系統名而非需求名，幾乎任何氣候節皆含之。**類級判定之效力低於逐對判定** —— 日後若本類中發現真 sibling，本類之判定即失效。抽樣覆核見上繳 29 §3.3
10.7	14.12	not-broken-by-3-samples (class)	true	vocab	129	**類級判定，措辭依 41 §4 訂正。** 原記 `not-sibling (class)` 為過度陳述：本類之依據為三對抽樣未破，而三對之力度**足以破類，不足以證類**（R-C37：一個反例即證偽，N 個正例不證真）。本對尚未逐對判定；依 41 §3 規則二／三，其所屬節生成之日轉為逐對判定，類級判定不因曾通過而免除。[類級 `HVAC`] `HVAC` 為系統名而非需求名，幾乎任何氣候節皆含之。**類級判定之效力低於逐對判定** —— 日後若本類中發現真 sibling，本類之判定即失效。抽樣覆核見上繳 29 §3.3
10.7	14.13	not-broken-by-3-samples (class)	true	vocab	129	**類級判定，措辭依 41 §4 訂正。** 原記 `not-sibling (class)` 為過度陳述：本類之依據為三對抽樣未破，而三對之力度**足以破類，不足以證類**（R-C37：一個反例即證偽，N 個正例不證真）。本對尚未逐對判定；依 41 §3 規則二／三，其所屬節生成之日轉為逐對判定，類級判定不因曾通過而免除。[類級 `HVAC`] `HVAC` 為系統名而非需求名，幾乎任何氣候節皆含之。**類級判定之效力低於逐對判定** —— 日後若本類中發現真 sibling，本類之判定即失效。抽樣覆核見上繳 29 §3.3
10.7	14.19	not-sibling	true	vocab	129	[逐對] ch14 之各節定 popup 之**呈現條件**（互動性、simulated off/idle、下螢幕不觸發、widget 顯示中之取捨），其對象為全部 HVAC popup；對造節定的是**該 popup 所示之內容**或某功能自身之行為。同一 popup 之兩個不同面向，非同一需求（41 §3 規則二：一節已生成、一節未生成）
10.7	14.2	not-broken-by-3-samples (class)	true	vocab	129	**類級判定，措辭依 41 §4 訂正。** 原記 `not-sibling (class)` 為過度陳述：本類之依據為三對抽樣未破，而三對之力度**足以破類，不足以證類**（R-C37：一個反例即證偽，N 個正例不證真）。本對尚未逐對判定；依 41 §3 規則二／三，其所屬節生成之日轉為逐對判定，類級判定不因曾通過而免除。[類級 `HVAC`] `HVAC` 為系統名而非需求名，幾乎任何氣候節皆含之。**類級判定之效力低於逐對判定** —— 日後若本類中發現真 sibling，本類之判定即失效。抽樣覆核見上繳 29 §3.3
10.7	14.3	not-broken-by-3-samples (class)	true	vocab	129	**類級判定，措辭依 41 §4 訂正。** 原記 `not-sibling (class)` 為過度陳述：本類之依據為三對抽樣未破，而三對之力度**足以破類，不足以證類**（R-C37：一個反例即證偽，N 個正例不證真）。本對尚未逐對判定；依 41 §3 規則二／三，其所屬節生成之日轉為逐對判定，類級判定不因曾通過而免除。[類級 `HVAC`] `HVAC` 為系統名而非需求名，幾乎任何氣候節皆含之。**類級判定之效力低於逐對判定** —— 日後若本類中發現真 sibling，本類之判定即失效。抽樣覆核見上繳 29 §3.3
10.7	14.4	not-broken-by-3-samples (class)	true	vocab	129	**類級判定，措辭依 41 §4 訂正。** 原記 `not-sibling (class)` 為過度陳述：本類之依據為三對抽樣未破，而三對之力度**足以破類，不足以證類**（R-C37：一個反例即證偽，N 個正例不證真）。本對尚未逐對判定；依 41 §3 規則二／三，其所屬節生成之日轉為逐對判定，類級判定不因曾通過而免除。[類級 `HVAC`] `HVAC` 為系統名而非需求名，幾乎任何氣候節皆含之。**類級判定之效力低於逐對判定** —— 日後若本類中發現真 sibling，本類之判定即失效。抽樣覆核見上繳 29 §3.3
10.7	14.5	not-broken-by-3-samples (class)	true	vocab	129	**類級判定，措辭依 41 §4 訂正。** 原記 `not-sibling (class)` 為過度陳述：本類之依據為三對抽樣未破，而三對之力度**足以破類，不足以證類**（R-C37：一個反例即證偽，N 個正例不證真）。本對尚未逐對判定；依 41 §3 規則二／三，其所屬節生成之日轉為逐對判定，類級判定不因曾通過而免除。[類級 `HVAC`] `HVAC` 為系統名而非需求名，幾乎任何氣候節皆含之。**類級判定之效力低於逐對判定** —— 日後若本類中發現真 sibling，本類之判定即失效。抽樣覆核見上繳 29 §3.3
10.7	14.6	not-broken-by-3-samples (class)	true	vocab	129	**類級判定，措辭依 41 §4 訂正。** 原記 `not-sibling (class)` 為過度陳述：本類之依據為三對抽樣未破，而三對之力度**足以破類，不足以證類**（R-C37：一個反例即證偽，N 個正例不證真）。本對尚未逐對判定；依 41 §3 規則二／三，其所屬節生成之日轉為逐對判定，類級判定不因曾通過而免除。[類級 `HVAC`] `HVAC` 為系統名而非需求名，幾乎任何氣候節皆含之。**類級判定之效力低於逐對判定** —— 日後若本類中發現真 sibling，本類之判定即失效。抽樣覆核見上繳 29 §3.3
10.7	14.7	not-broken-by-3-samples (class)	true	vocab	129	**類級判定，措辭依 41 §4 訂正。** 原記 `not-sibling (class)` 為過度陳述：本類之依據為三對抽樣未破，而三對之力度**足以破類，不足以證類**（R-C37：一個反例即證偽，N 個正例不證真）。本對尚未逐對判定；依 41 §3 規則二／三，其所屬節生成之日轉為逐對判定，類級判定不因曾通過而免除。[類級 `HVAC`] `HVAC` 為系統名而非需求名，幾乎任何氣候節皆含之。**類級判定之效力低於逐對判定** —— 日後若本類中發現真 sibling，本類之判定即失效。抽樣覆核見上繳 29 §3.3
10.7	14.8	not-broken-by-3-samples (class)	true	vocab	129	**類級判定，措辭依 41 §4 訂正。** 原記 `not-sibling (class)` 為過度陳述：本類之依據為三對抽樣未破，而三對之力度**足以破類，不足以證類**（R-C37：一個反例即證偽，N 個正例不證真）。本對尚未逐對判定；依 41 §3 規則二／三，其所屬節生成之日轉為逐對判定，類級判定不因曾通過而免除。[類級 `HVAC`] `HVAC` 為系統名而非需求名，幾乎任何氣候節皆含之。**類級判定之效力低於逐對判定** —— 日後若本類中發現真 sibling，本類之判定即失效。抽樣覆核見上繳 29 §3.3
10.7	14.9	not-broken-by-3-samples (class)	true	vocab	129	**類級判定，措辭依 41 §4 訂正。** 原記 `not-sibling (class)` 為過度陳述：本類之依據為三對抽樣未破，而三對之力度**足以破類，不足以證類**（R-C37：一個反例即證偽，N 個正例不證真）。本對尚未逐對判定；依 41 §3 規則二／三，其所屬節生成之日轉為逐對判定，類級判定不因曾通過而免除。[類級 `HVAC`] `HVAC` 為系統名而非需求名，幾乎任何氣候節皆含之。**類級判定之效力低於逐對判定** —— 日後若本類中發現真 sibling，本類之判定即失效。抽樣覆核見上繳 29 §3.3
10.7	15.1	not-sibling	true	vocab	129	[逐對] 共有 ['AUTO', 'HVAC']。ch10 之 ECO 行為為 standard AUTO 之外加狀態，其對造為 2.3（standard AUTO）而非本對；共有語彙為控制名
10.7	16.13	not-sibling	true	vocab	129	[逐對] **鏡射關係，非 §4.6 sibling** —— ch16 為 EMEA ICS 車輛之另一套介面，其節與 ch2／ch3 之對應已記於 `ch16_mirror_map.tsv`，兩套介面**不會同時出現於同一車輛**，故 `10.7` 與 `16.13` 無共存之車輛可言。ch10 側另有一層：ch16 十八節無 ECO HVAC 之對應節，該表 ch10 側全無列（41 §3 規則二：一節已生成、一節未生成）
10.7	16.14	not-sibling	false	vocab	129	**42 §1 之重新確認（43 §1 修正觸發）。** ch10（ECO HVAC）與 16.14（ICS 之 MTC 界定）非同一需求：ch16 十八節無 ECO HVAC 之對應節，且 16.14 之 `MTC` 為氣候控制型式（第一軸）、ch10 之 `HVAC Mode` 為系統內之一種模式（第十五軸），兩個 `HVAC`／`AUTO` 指涉層級不同。**新證據**：批次 6 已產出 16.14 之三條 TC，其可觀察量為 MTC 畫面與 MTC 溫度 popup，與 ch10 之 AUTO 三狀態、Menu Bar icon、AUTO popup 文字**無一重疊**。verdict 維持
10.7	16.3	not-sibling	true	vocab	129	[逐對] **鏡射關係，非 §4.6 sibling** —— ch16 為 EMEA ICS 車輛之另一套介面，其節與 ch2／ch3 之對應已記於 `ch16_mirror_map.tsv`，兩套介面**不會同時出現於同一車輛**，故 `10.7` 與 `16.3` 無共存之車輛可言。ch10 側另有一層：ch16 十八節無 ECO HVAC 之對應節，該表 ch10 側全無列（41 §3 規則二：一節已生成、一節未生成）
10.7	16.7	not-sibling	false	vocab	129	**43 §1 之重新確認（批次 7 使對造落地）。** ch10（ECO HVAC）之能力於 ch16 十八節無對應節（`ch16_mirror_map.tsv` 之 ch10 側全無列）；且 ch10 自身以委派字面回指標準 AUTO（10.5 `see standard ICE AUTO logics`），委派不是重述。**新證據**：本批之 ch16 TC 所驗者為溫度／風速之值域與呈現，與 ch10 之 AUTO 三狀態、Menu Bar icon、AUTO popup 文字無一重疊。verdict 維持
10.7	16.8	not-sibling	true	vocab	129	[逐對] **鏡射關係，非 §4.6 sibling** —— ch16 為 EMEA ICS 車輛之另一套介面，其節與 ch2／ch3 之對應已記於 `ch16_mirror_map.tsv`，兩套介面**不會同時出現於同一車輛**，故 `10.7` 與 `16.8` 無共存之車輛可言。ch10 側另有一層：ch16 十八節無 ECO HVAC 之對應節，該表 ch10 側全無列（41 §3 規則二：一節已生成、一節未生成）
10.7	17.2	not-sibling	false	vocab	129	**43 §1 之重新確認（批次 8 使 17.2 落地）。** 非 sibling —— ch10 之 AUTO ECO 三狀態其可觀察端由 **10.8 明指為 `the Comfort main Menu Bar icon`**，而 17.2 之 `auto button` 在**首頁 widget** 上，兩者為不同元件。**新證據**：`-118`（widget 之 auto button）與 ch10 之 `-073`／`-077`～`-080` 逐條比對，可觀察量無一重疊。**惟其交界已登 DATA_REQUESTS #26**（widget 顯示中時 AUTO ECO 之回饋於何處）—— 交界不是 sibling，兩者分列
10.8	11.5	not-sibling	true	vocab	129	[逐對] **同形異義** —— ch11／ch12 之 `Auto` 出現於 HVS6 之 `Auto Comfort Settings options for heated/vented seats`（座椅之自動舒適設定），與 HVAC 之 AUTO 模式非同一功能；12.7 之 `FAN`／`MODE` 指 popup 圖片之版面規則，非風速或氣流模式本身。共有語彙為字面巧合（41 §3 規則二：一節已生成、一節未生成）
10.8	12.6	not-sibling	true	vocab	129	[逐對] **同形異義** —— ch11／ch12 之 `Auto` 出現於 HVS6 之 `Auto Comfort Settings options for heated/vented seats`（座椅之自動舒適設定），與 HVAC 之 AUTO 模式非同一功能；12.7 之 `FAN`／`MODE` 指 popup 圖片之版面規則，非風速或氣流模式本身。共有語彙為字面巧合（41 §3 規則二：一節已生成、一節未生成）
10.8	14.19	not-sibling	true	vocab	129	[逐對] ch14 之各節定 popup 之**呈現條件**（互動性、simulated off/idle、下螢幕不觸發、widget 顯示中之取捨），其對象為全部 HVAC popup；對造節定的是**該 popup 所示之內容**或某功能自身之行為。同一 popup 之兩個不同面向，非同一需求（41 §3 規則二：一節已生成、一節未生成）
10.8	15.1	not-sibling	true	vocab	129	[逐對] HVACP11.1 為進入／退出某功能時**顯示哪一個 popup** 之對照表（且明言圖為示例），對造節定的是該功能自身之狀態或組合。非同一需求（41 §3 規則二：一節已生成、一節未生成）
10.8	16.13	not-sibling	true	vocab	129	[逐對] **鏡射關係，非 §4.6 sibling** —— ch16 為 EMEA ICS 車輛之另一套介面，其節與 ch2／ch3 之對應已記於 `ch16_mirror_map.tsv`，兩套介面**不會同時出現於同一車輛**，故 `10.8` 與 `16.13` 無共存之車輛可言。ch10 側另有一層：ch16 十八節無 ECO HVAC 之對應節，該表 ch10 側全無列（41 §3 規則二：一節已生成、一節未生成）
10.8	16.14	not-sibling	false	vocab	129	**42 §1 之重新確認（43 §1 修正觸發）。** ch10（ECO HVAC）與 16.14（ICS 之 MTC 界定）非同一需求：ch16 十八節無 ECO HVAC 之對應節，且 16.14 之 `MTC` 為氣候控制型式（第一軸）、ch10 之 `HVAC Mode` 為系統內之一種模式（第十五軸），兩個 `HVAC`／`AUTO` 指涉層級不同。**新證據**：批次 6 已產出 16.14 之三條 TC，其可觀察量為 MTC 畫面與 MTC 溫度 popup，與 ch10 之 AUTO 三狀態、Menu Bar icon、AUTO popup 文字**無一重疊**。verdict 維持
10.8	16.3	not-sibling	true	vocab	129	[逐對] **鏡射關係，非 §4.6 sibling** —— ch16 為 EMEA ICS 車輛之另一套介面，其節與 ch2／ch3 之對應已記於 `ch16_mirror_map.tsv`，兩套介面**不會同時出現於同一車輛**，故 `10.8` 與 `16.3` 無共存之車輛可言。ch10 側另有一層：ch16 十八節無 ECO HVAC 之對應節，該表 ch10 側全無列（41 §3 規則二：一節已生成、一節未生成）
10.8	16.7	not-sibling	false	vocab	129	**43 §1 之重新確認（批次 7 使對造落地）。** ch10（ECO HVAC）之能力於 ch16 十八節無對應節（`ch16_mirror_map.tsv` 之 ch10 側全無列）；且 ch10 自身以委派字面回指標準 AUTO（10.5 `see standard ICE AUTO logics`），委派不是重述。**新證據**：本批之 ch16 TC 所驗者為溫度／風速之值域與呈現，與 ch10 之 AUTO 三狀態、Menu Bar icon、AUTO popup 文字無一重疊。verdict 維持
10.8	16.8	not-sibling	true	vocab	129	[逐對] **鏡射關係，非 §4.6 sibling** —— ch16 為 EMEA ICS 車輛之另一套介面，其節與 ch2／ch3 之對應已記於 `ch16_mirror_map.tsv`，兩套介面**不會同時出現於同一車輛**，故 `10.8` 與 `16.8` 無共存之車輛可言。ch10 側另有一層：ch16 十八節無 ECO HVAC 之對應節，該表 ch10 側全無列（41 §3 規則二：一節已生成、一節未生成）
10.8	17.2	not-sibling	false	vocab	129	**43 §1 之重新確認（批次 8 使 17.2 落地）。** 非 sibling —— ch10 之 AUTO ECO 三狀態其可觀察端由 **10.8 明指為 `the Comfort main Menu Bar icon`**，而 17.2 之 `auto button` 在**首頁 widget** 上，兩者為不同元件。**新證據**：`-118`（widget 之 auto button）與 ch10 之 `-073`／`-077`～`-080` 逐條比對，可觀察量無一重疊。**惟其交界已登 DATA_REQUESTS #26**（widget 顯示中時 AUTO ECO 之回饋於何處）—— 交界不是 sibling，兩者分列
10.9	11.5	not-sibling	true	vocab	129	[逐對] **同形異義** —— ch11／ch12 之 `Auto` 出現於 HVS6 之 `Auto Comfort Settings options for heated/vented seats`（座椅之自動舒適設定），與 HVAC 之 AUTO 模式非同一功能；12.7 之 `FAN`／`MODE` 指 popup 圖片之版面規則，非風速或氣流模式本身。共有語彙為字面巧合（41 §3 規則二：一節已生成、一節未生成）
10.9	12.6	not-sibling	true	vocab	129	[逐對] **同形異義** —— ch11／ch12 之 `Auto` 出現於 HVS6 之 `Auto Comfort Settings options for heated/vented seats`（座椅之自動舒適設定），與 HVAC 之 AUTO 模式非同一功能；12.7 之 `FAN`／`MODE` 指 popup 圖片之版面規則，非風速或氣流模式本身。共有語彙為字面巧合（41 §3 規則二：一節已生成、一節未生成）
10.9	14.19	not-sibling	true	vocab	129	[逐對] HVACSB6 之「-Auto Pop-up: do not show (feedback is already on widget)」與 EH9「comfort pop ups … shall reflect the AUTO ECO and AUTO states」非同一需求，而是**交界**：widget 顯示中時 Auto popup 根本不顯示，則 EH9 於該情境無對象。ch10 全章未述 widget，14.19 未述 AUTO ECO —— 兩側皆未述此交界，依 §8.4.2 記為 coverage hole 候選（見上繳 30 §6）（41 §3 規則二：一節已生成、一節未生成）
10.9	15.1	not-sibling	true	vocab	129	[逐對] **本群最接近者，已讀全文。** EH9「The comfort pop ups triggered by hard controls interaction shall reflect the AUTO ECO and AUTO states」與 HVACP11.1「For different Climate features (Defrost/Max Defrost, AUTO, etc) when a user enters … or exits … that function then the HVAC pop ups displayed will follow the chart below」**問的不是同一件事**：15.1 定「進入／退出某功能時顯示哪一個 popup」，10.9 定「該 popup 內所示之狀態須含 AUTO ECO」。前者為觸發與選用，後者為內容（41 §3 規則二：一節已生成、一節未生成）
10.9	16.13	not-sibling	true	vocab	129	[逐對] **鏡射關係，非 §4.6 sibling** —— ch16 為 EMEA ICS 車輛之另一套介面，其節與 ch2／ch3 之對應已記於 `ch16_mirror_map.tsv`，兩套介面**不會同時出現於同一車輛**，故 `10.9` 與 `16.13` 無共存之車輛可言。ch10 側另有一層：ch16 十八節無 ECO HVAC 之對應節，該表 ch10 側全無列（41 §3 規則二：一節已生成、一節未生成）
10.9	16.14	not-sibling	false	vocab	129	**42 §1 之重新確認（43 §1 修正觸發）。** ch10（ECO HVAC）與 16.14（ICS 之 MTC 界定）非同一需求：ch16 十八節無 ECO HVAC 之對應節，且 16.14 之 `MTC` 為氣候控制型式（第一軸）、ch10 之 `HVAC Mode` 為系統內之一種模式（第十五軸），兩個 `HVAC`／`AUTO` 指涉層級不同。**新證據**：批次 6 已產出 16.14 之三條 TC，其可觀察量為 MTC 畫面與 MTC 溫度 popup，與 ch10 之 AUTO 三狀態、Menu Bar icon、AUTO popup 文字**無一重疊**。verdict 維持
10.9	16.3	not-sibling	true	vocab	129	[逐對] **鏡射關係，非 §4.6 sibling** —— ch16 為 EMEA ICS 車輛之另一套介面，其節與 ch2／ch3 之對應已記於 `ch16_mirror_map.tsv`，兩套介面**不會同時出現於同一車輛**，故 `10.9` 與 `16.3` 無共存之車輛可言。ch10 側另有一層：ch16 十八節無 ECO HVAC 之對應節，該表 ch10 側全無列（41 §3 規則二：一節已生成、一節未生成）
10.9	16.7	not-sibling	false	vocab	129	**43 §1 之重新確認（批次 7 使對造落地）。** ch10（ECO HVAC）之能力於 ch16 十八節無對應節（`ch16_mirror_map.tsv` 之 ch10 側全無列）；且 ch10 自身以委派字面回指標準 AUTO（10.5 `see standard ICE AUTO logics`），委派不是重述。**新證據**：本批之 ch16 TC 所驗者為溫度／風速之值域與呈現，與 ch10 之 AUTO 三狀態、Menu Bar icon、AUTO popup 文字無一重疊。verdict 維持
10.9	16.8	not-sibling	true	vocab	129	[逐對] **鏡射關係，非 §4.6 sibling** —— ch16 為 EMEA ICS 車輛之另一套介面，其節與 ch2／ch3 之對應已記於 `ch16_mirror_map.tsv`，兩套介面**不會同時出現於同一車輛**，故 `10.9` 與 `16.8` 無共存之車輛可言。ch10 側另有一層：ch16 十八節無 ECO HVAC 之對應節，該表 ch10 側全無列（41 §3 規則二：一節已生成、一節未生成）
10.9	17.2	not-sibling	false	vocab	129	**43 §1 之重新確認（批次 8 使 17.2 落地）。** 非 sibling —— ch10 之 AUTO ECO 三狀態其可觀察端由 **10.8 明指為 `the Comfort main Menu Bar icon`**，而 17.2 之 `auto button` 在**首頁 widget** 上，兩者為不同元件。**新證據**：`-118`（widget 之 auto button）與 ch10 之 `-073`／`-077`～`-080` 逐條比對，可觀察量無一重疊。**惟其交界已登 DATA_REQUESTS #26**（widget 顯示中時 AUTO ECO 之回饋於何處）—— 交界不是 sibling，兩者分列
10.9.1	11.5	not-sibling	true	vocab	129	[逐對] **同形異義** —— ch11／ch12 之 `Auto` 出現於 HVS6 之 `Auto Comfort Settings options for heated/vented seats`（座椅之自動舒適設定），與 HVAC 之 AUTO 模式非同一功能；12.7 之 `FAN`／`MODE` 指 popup 圖片之版面規則，非風速或氣流模式本身。共有語彙為字面巧合（41 §3 規則二：一節已生成、一節未生成）
10.9.1	12.6	not-sibling	true	vocab	129	[逐對] **同形異義** —— ch11／ch12 之 `Auto` 出現於 HVS6 之 `Auto Comfort Settings options for heated/vented seats`（座椅之自動舒適設定），與 HVAC 之 AUTO 模式非同一功能；12.7 之 `FAN`／`MODE` 指 popup 圖片之版面規則，非風速或氣流模式本身。共有語彙為字面巧合（41 §3 規則二：一節已生成、一節未生成）
10.9.1	12.7	not-sibling	true	vocab	129	[逐對] **同形異義** —— ch11／ch12 之 `Auto` 出現於 HVS6 之 `Auto Comfort Settings options for heated/vented seats`（座椅之自動舒適設定），與 HVAC 之 AUTO 模式非同一功能；12.7 之 `FAN`／`MODE` 指 popup 圖片之版面規則，非風速或氣流模式本身。共有語彙為字面巧合（41 §3 規則二：一節已生成、一節未生成）
10.9.1	14.1	not-broken-by-3-samples (class)	true	via-hierarchy	129	**本對僅因階層關係而成為候選（43 §2，`source = via-hierarchy`）。** `10.9.1` 與 `14.1` 之詞彙集**無交集**；其共有語彙 ['HVAC'] 係由特化詞導出之泛化詞（表：`AUTO ECO` → `AUTO`, `ECO HVAC` → `HVAC`, `MAX A/C` → `A/C`, `MAX DEF` → `DEFROST`, `REAR DEF` → `DEFROST`）。**階層不是等價** —— 每個 AUTO ECO 都是 AUTO，但 AUTO 不必然是 AUTO ECO，故本表單向且其輸出另標來源，不併入等價組。依 43 §2，**不逐對**，沿用該高頻詞之類級處置；其效力同 41 §4：三對抽樣足以破類、不足以證類，所屬節生成之日轉為逐對判定。
10.9.1	14.1.1	not-broken-by-3-samples (class)	true	via-hierarchy	129	**本對僅因階層關係而成為候選（43 §2，`source = via-hierarchy`）。** `10.9.1` 與 `14.1.1` 之詞彙集**無交集**；其共有語彙 ['HVAC'] 係由特化詞導出之泛化詞（表：`AUTO ECO` → `AUTO`, `ECO HVAC` → `HVAC`, `MAX A/C` → `A/C`, `MAX DEF` → `DEFROST`, `REAR DEF` → `DEFROST`）。**階層不是等價** —— 每個 AUTO ECO 都是 AUTO，但 AUTO 不必然是 AUTO ECO，故本表單向且其輸出另標來源，不併入等價組。依 43 §2，**不逐對**，沿用該高頻詞之類級處置；其效力同 41 §4：三對抽樣足以破類、不足以證類，所屬節生成之日轉為逐對判定。
10.9.1	14.10	not-sibling	true	vocab	129	[逐對] ch14 之各節定 popup 之**呈現條件**（互動性、simulated off/idle、下螢幕不觸發、widget 顯示中之取捨），其對象為全部 HVAC popup；對造節定的是**該 popup 所示之內容**或某功能自身之行為。同一 popup 之兩個不同面向，非同一需求（41 §3 規則二：一節已生成、一節未生成）
10.9.1	14.10.1	not-sibling	true	vocab	129	[逐對] ch14 之各節定 popup 之**呈現條件**（互動性、simulated off/idle、下螢幕不觸發、widget 顯示中之取捨），其對象為全部 HVAC popup；對造節定的是**該 popup 所示之內容**或某功能自身之行為。同一 popup 之兩個不同面向，非同一需求（41 §3 規則二：一節已生成、一節未生成）
10.9.1	14.11	not-broken-by-3-samples (class)	true	via-hierarchy	129	**本對僅因階層關係而成為候選（43 §2，`source = via-hierarchy`）。** `10.9.1` 與 `14.11` 之詞彙集**無交集**；其共有語彙 ['HVAC'] 係由特化詞導出之泛化詞（表：`AUTO ECO` → `AUTO`, `ECO HVAC` → `HVAC`, `MAX A/C` → `A/C`, `MAX DEF` → `DEFROST`, `REAR DEF` → `DEFROST`）。**階層不是等價** —— 每個 AUTO ECO 都是 AUTO，但 AUTO 不必然是 AUTO ECO，故本表單向且其輸出另標來源，不併入等價組。依 43 §2，**不逐對**，沿用該高頻詞之類級處置；其效力同 41 §4：三對抽樣足以破類、不足以證類，所屬節生成之日轉為逐對判定。
10.9.1	14.12	not-broken-by-3-samples (class)	true	via-hierarchy	129	**本對僅因階層關係而成為候選（43 §2，`source = via-hierarchy`）。** `10.9.1` 與 `14.12` 之詞彙集**無交集**；其共有語彙 ['HVAC'] 係由特化詞導出之泛化詞（表：`AUTO ECO` → `AUTO`, `ECO HVAC` → `HVAC`, `MAX A/C` → `A/C`, `MAX DEF` → `DEFROST`, `REAR DEF` → `DEFROST`）。**階層不是等價** —— 每個 AUTO ECO 都是 AUTO，但 AUTO 不必然是 AUTO ECO，故本表單向且其輸出另標來源，不併入等價組。依 43 §2，**不逐對**，沿用該高頻詞之類級處置；其效力同 41 §4：三對抽樣足以破類、不足以證類，所屬節生成之日轉為逐對判定。
10.9.1	14.13	not-sibling	true	vocab	129	[逐對] ch14 之各節定 popup 之**呈現條件**（互動性、simulated off/idle、下螢幕不觸發、widget 顯示中之取捨），其對象為全部 HVAC popup；對造節定的是**該 popup 所示之內容**或某功能自身之行為。同一 popup 之兩個不同面向，非同一需求（41 §3 規則二：一節已生成、一節未生成）
10.9.1	14.19	not-sibling	true	vocab	129	[逐對] 共有 ['AUTO', 'MODE']。ch10 之 ECO 行為為 standard AUTO 之外加狀態，其對造為 2.3（standard AUTO）而非本對；共有語彙為控制名
10.9.1	14.2	not-broken-by-3-samples (class)	true	via-hierarchy	129	**本對僅因階層關係而成為候選（43 §2，`source = via-hierarchy`）。** `10.9.1` 與 `14.2` 之詞彙集**無交集**；其共有語彙 ['HVAC'] 係由特化詞導出之泛化詞（表：`AUTO ECO` → `AUTO`, `ECO HVAC` → `HVAC`, `MAX A/C` → `A/C`, `MAX DEF` → `DEFROST`, `REAR DEF` → `DEFROST`）。**階層不是等價** —— 每個 AUTO ECO 都是 AUTO，但 AUTO 不必然是 AUTO ECO，故本表單向且其輸出另標來源，不併入等價組。依 43 §2，**不逐對**，沿用該高頻詞之類級處置；其效力同 41 §4：三對抽樣足以破類、不足以證類，所屬節生成之日轉為逐對判定。
10.9.1	14.3	not-sibling	true	vocab	129	[逐對] ch14 之各節定 popup 之**呈現條件**（互動性、simulated off/idle、下螢幕不觸發、widget 顯示中之取捨），其對象為全部 HVAC popup；對造節定的是**該 popup 所示之內容**或某功能自身之行為。同一 popup 之兩個不同面向，非同一需求（41 §3 規則二：一節已生成、一節未生成）
10.9.1	14.4	not-sibling	true	vocab	129	[逐對] ch14 之各節定 popup 之**呈現條件**（互動性、simulated off/idle、下螢幕不觸發、widget 顯示中之取捨），其對象為全部 HVAC popup；對造節定的是**該 popup 所示之內容**或某功能自身之行為。同一 popup 之兩個不同面向，非同一需求（41 §3 規則二：一節已生成、一節未生成）
10.9.1	14.5	not-broken-by-3-samples (class)	true	via-hierarchy	129	**本對僅因階層關係而成為候選（43 §2，`source = via-hierarchy`）。** `10.9.1` 與 `14.5` 之詞彙集**無交集**；其共有語彙 ['HVAC'] 係由特化詞導出之泛化詞（表：`AUTO ECO` → `AUTO`, `ECO HVAC` → `HVAC`, `MAX A/C` → `A/C`, `MAX DEF` → `DEFROST`, `REAR DEF` → `DEFROST`）。**階層不是等價** —— 每個 AUTO ECO 都是 AUTO，但 AUTO 不必然是 AUTO ECO，故本表單向且其輸出另標來源，不併入等價組。依 43 §2，**不逐對**，沿用該高頻詞之類級處置；其效力同 41 §4：三對抽樣足以破類、不足以證類，所屬節生成之日轉為逐對判定。
10.9.1	14.6	not-broken-by-3-samples (class)	true	via-hierarchy	129	**本對僅因階層關係而成為候選（43 §2，`source = via-hierarchy`）。** `10.9.1` 與 `14.6` 之詞彙集**無交集**；其共有語彙 ['HVAC'] 係由特化詞導出之泛化詞（表：`AUTO ECO` → `AUTO`, `ECO HVAC` → `HVAC`, `MAX A/C` → `A/C`, `MAX DEF` → `DEFROST`, `REAR DEF` → `DEFROST`）。**階層不是等價** —— 每個 AUTO ECO 都是 AUTO，但 AUTO 不必然是 AUTO ECO，故本表單向且其輸出另標來源，不併入等價組。依 43 §2，**不逐對**，沿用該高頻詞之類級處置；其效力同 41 §4：三對抽樣足以破類、不足以證類，所屬節生成之日轉為逐對判定。
10.9.1	14.7	not-broken-by-3-samples (class)	true	via-hierarchy	129	**本對僅因階層關係而成為候選（43 §2，`source = via-hierarchy`）。** `10.9.1` 與 `14.7` 之詞彙集**無交集**；其共有語彙 ['HVAC'] 係由特化詞導出之泛化詞（表：`AUTO ECO` → `AUTO`, `ECO HVAC` → `HVAC`, `MAX A/C` → `A/C`, `MAX DEF` → `DEFROST`, `REAR DEF` → `DEFROST`）。**階層不是等價** —— 每個 AUTO ECO 都是 AUTO，但 AUTO 不必然是 AUTO ECO，故本表單向且其輸出另標來源，不併入等價組。依 43 §2，**不逐對**，沿用該高頻詞之類級處置；其效力同 41 §4：三對抽樣足以破類、不足以證類，所屬節生成之日轉為逐對判定。
10.9.1	14.8	not-broken-by-3-samples (class)	true	via-hierarchy	129	**本對僅因階層關係而成為候選（43 §2，`source = via-hierarchy`）。** `10.9.1` 與 `14.8` 之詞彙集**無交集**；其共有語彙 ['HVAC'] 係由特化詞導出之泛化詞（表：`AUTO ECO` → `AUTO`, `ECO HVAC` → `HVAC`, `MAX A/C` → `A/C`, `MAX DEF` → `DEFROST`, `REAR DEF` → `DEFROST`）。**階層不是等價** —— 每個 AUTO ECO 都是 AUTO，但 AUTO 不必然是 AUTO ECO，故本表單向且其輸出另標來源，不併入等價組。依 43 §2，**不逐對**，沿用該高頻詞之類級處置；其效力同 41 §4：三對抽樣足以破類、不足以證類，所屬節生成之日轉為逐對判定。
10.9.1	14.9	not-broken-by-3-samples (class)	true	via-hierarchy	129	**本對僅因階層關係而成為候選（43 §2，`source = via-hierarchy`）。** `10.9.1` 與 `14.9` 之詞彙集**無交集**；其共有語彙 ['HVAC'] 係由特化詞導出之泛化詞（表：`AUTO ECO` → `AUTO`, `ECO HVAC` → `HVAC`, `MAX A/C` → `A/C`, `MAX DEF` → `DEFROST`, `REAR DEF` → `DEFROST`）。**階層不是等價** —— 每個 AUTO ECO 都是 AUTO，但 AUTO 不必然是 AUTO ECO，故本表單向且其輸出另標來源，不併入等價組。依 43 §2，**不逐對**，沿用該高頻詞之類級處置；其效力同 41 §4：三對抽樣足以破類、不足以證類，所屬節生成之日轉為逐對判定。
10.9.1	15.1	not-sibling	true	vocab	129	[逐對] 共有 ['AUTO', 'MODE']。ch10 之 ECO 行為為 standard AUTO 之外加狀態，其對造為 2.3（standard AUTO）而非本對；共有語彙為控制名
10.9.1	16.10	not-sibling	true	vocab	129	[逐對] **鏡射關係，非 §4.6 sibling** —— ch16 為 EMEA ICS 車輛之另一套介面，其節與 ch2／ch3 之對應已記於 `ch16_mirror_map.tsv`，兩套介面**不會同時出現於同一車輛**，故 `10.9.1` 與 `16.10` 無共存之車輛可言。ch10 側另有一層：ch16 十八節無 ECO HVAC 之對應節，該表 ch10 側全無列（41 §3 規則二：一節已生成、一節未生成）
10.9.1	16.11	not-sibling	true	vocab	129	[逐對] **鏡射關係，非 §4.6 sibling** —— ch16 為 EMEA ICS 車輛之另一套介面，其節與 ch2／ch3 之對應已記於 `ch16_mirror_map.tsv`，兩套介面**不會同時出現於同一車輛**，故 `10.9.1` 與 `16.11` 無共存之車輛可言。ch10 側另有一層：ch16 十八節無 ECO HVAC 之對應節，該表 ch10 側全無列（41 §3 規則二：一節已生成、一節未生成）
10.9.1	16.12	not-sibling	true	vocab	129	[逐對] **鏡射關係，非 §4.6 sibling** —— ch16 為 EMEA ICS 車輛之另一套介面，其節與 ch2／ch3 之對應已記於 `ch16_mirror_map.tsv`，兩套介面**不會同時出現於同一車輛**，故 `10.9.1` 與 `16.12` 無共存之車輛可言。ch10 側另有一層：ch16 十八節無 ECO HVAC 之對應節，該表 ch10 側全無列（41 §3 規則二：一節已生成、一節未生成）
10.9.1	16.12.1	not-sibling	true	vocab	129	[逐對] **鏡射關係，非 §4.6 sibling** —— ch16 為 EMEA ICS 車輛之另一套介面，其節與 ch2／ch3 之對應已記於 `ch16_mirror_map.tsv`，兩套介面**不會同時出現於同一車輛**，故 `10.9.1` 與 `16.12.1` 無共存之車輛可言。ch10 側另有一層：ch16 十八節無 ECO HVAC 之對應節，該表 ch10 側全無列（41 §3 規則二：一節已生成、一節未生成）
10.9.1	16.13	not-sibling	true	vocab	129	[逐對] 共有 ['AUTO', 'MODE']。鏡射關係而非 §4.6 sibling —— ch16 為 EMEA ICS 變體，兩者不會同時出現於同一車輛；該關係由 `ch16_mirror_map.tsv` 承載
10.9.1	16.14	not-sibling	false	vocab	129	**42 §1 之重新確認（43 §1 修正觸發）。** ch10（ECO HVAC）與 16.14（ICS 之 MTC 界定）非同一需求：ch16 十八節無 ECO HVAC 之對應節，且 16.14 之 `MTC` 為氣候控制型式（第一軸）、ch10 之 `HVAC Mode` 為系統內之一種模式（第十五軸），兩個 `HVAC`／`AUTO` 指涉層級不同。**新證據**：批次 6 已產出 16.14 之三條 TC，其可觀察量為 MTC 畫面與 MTC 溫度 popup，與 ch10 之 AUTO 三狀態、Menu Bar icon、AUTO popup 文字**無一重疊**。verdict 維持
10.9.1	16.3	not-sibling	true	vocab	129	[逐對] 共有 ['AUTO', 'MODE']。鏡射關係而非 §4.6 sibling —— ch16 為 EMEA ICS 變體，兩者不會同時出現於同一車輛；該關係由 `ch16_mirror_map.tsv` 承載
10.9.1	16.7	not-sibling	false	vocab	129	**43 §1 之重新確認（批次 7 使對造落地）。** ch10（ECO HVAC）之能力於 ch16 十八節無對應節（`ch16_mirror_map.tsv` 之 ch10 側全無列）；且 ch10 自身以委派字面回指標準 AUTO（10.5 `see standard ICE AUTO logics`），委派不是重述。**新證據**：本批之 ch16 TC 所驗者為溫度／風速之值域與呈現，與 ch10 之 AUTO 三狀態、Menu Bar icon、AUTO popup 文字無一重疊。verdict 維持
10.9.1	16.8	not-sibling	true	vocab	129	[逐對] 共有 ['AUTO', 'MODE']。鏡射關係而非 §4.6 sibling —— ch16 為 EMEA ICS 變體，兩者不會同時出現於同一車輛；該關係由 `ch16_mirror_map.tsv` 承載
10.9.1	17.2	not-sibling	false	vocab	129	**43 §1 之重新確認（批次 8 使 17.2 落地）。** 非 sibling —— ch10 之 AUTO ECO 三狀態其可觀察端由 **10.8 明指為 `the Comfort main Menu Bar icon`**，而 17.2 之 `auto button` 在**首頁 widget** 上，兩者為不同元件。**新證據**：`-118`（widget 之 auto button）與 ch10 之 `-073`／`-077`～`-080` 逐條比對，可觀察量無一重疊。**惟其交界已登 DATA_REQUESTS #26**（widget 顯示中時 AUTO ECO 之回饋於何處）—— 交界不是 sibling，兩者分列
11.1	16.13	deferred	true	vocab	129	**依 41 §3 規則三入表（42 §2 之全量重建）。** 兩節皆未生成，現在判無處可用 —— sibling 判定之用途是寫 TC 時決定 `duplicate_of`／`distinguishing_axis`（§4.6）。其所屬組生成之日連同其他候選一併判定。**`deferred` 不是 `not-sibling`**：前者是「尚未問」，後者是「問過了，答案是否」
11.1	16.6	deferred	true	vocab	129	**依 41 §3 規則三入表（42 §2 之全量重建）。** 兩節皆未生成，現在判無處可用 —— sibling 判定之用途是寫 TC 時決定 `duplicate_of`／`distinguishing_axis`（§4.6）。其所屬組生成之日連同其他候選一併判定。**`deferred` 不是 `not-sibling`**：前者是「尚未問」，後者是「問過了，答案是否」
11.1	16.8	deferred	true	vocab	129	**依 41 §3 規則三入表（42 §2 之全量重建）。** 兩節皆未生成，現在判無處可用 —— sibling 判定之用途是寫 TC 時決定 `duplicate_of`／`distinguishing_axis`（§4.6）。其所屬組生成之日連同其他候選一併判定。**`deferred` 不是 `not-sibling`**：前者是「尚未問」，後者是「問過了，答案是否」
11.11	14.13	deferred	true	vocab	129	**依 41 §3 規則三入表（42 §2 之全量重建）。** 兩節皆未生成，現在判無處可用 —— sibling 判定之用途是寫 TC 時決定 `duplicate_of`／`distinguishing_axis`（§4.6）。其所屬組生成之日連同其他候選一併判定。**`deferred` 不是 `not-sibling`**：前者是「尚未問」，後者是「問過了，答案是否」
11.11	14.17	deferred	true	vocab	129	**依 41 §3 規則三入表（42 §2 之全量重建）。** 兩節皆未生成，現在判無處可用 —— sibling 判定之用途是寫 TC 時決定 `duplicate_of`／`distinguishing_axis`（§4.6）。其所屬組生成之日連同其他候選一併判定。**`deferred` 不是 `not-sibling`**：前者是「尚未問」，後者是「問過了，答案是否」
11.11	14.19	deferred	true	vocab	129	**依 41 §3 規則三入表（42 §2 之全量重建）。** 兩節皆未生成，現在判無處可用 —— sibling 判定之用途是寫 TC 時決定 `duplicate_of`／`distinguishing_axis`（§4.6）。其所屬組生成之日連同其他候選一併判定。**`deferred` 不是 `not-sibling`**：前者是「尚未問」，後者是「問過了，答案是否」
11.11	16.11	deferred	true	vocab	129	**依 41 §3 規則三入表（42 §2 之全量重建）。** 兩節皆未生成，現在判無處可用 —— sibling 判定之用途是寫 TC 時決定 `duplicate_of`／`distinguishing_axis`（§4.6）。其所屬組生成之日連同其他候選一併判定。**`deferred` 不是 `not-sibling`**：前者是「尚未問」，後者是「問過了，答案是否」
11.11	16.13	deferred	true	vocab	129	**依 41 §3 規則三入表（42 §2 之全量重建）。** 兩節皆未生成，現在判無處可用 —— sibling 判定之用途是寫 TC 時決定 `duplicate_of`／`distinguishing_axis`（§4.6）。其所屬組生成之日連同其他候選一併判定。**`deferred` 不是 `not-sibling`**：前者是「尚未問」，後者是「問過了，答案是否」
11.11	16.14	deferred	true	vocab	129	**依 41 §3 規則三入表（42 §2 之全量重建）。** 兩節皆未生成，現在判無處可用 —— sibling 判定之用途是寫 TC 時決定 `duplicate_of`／`distinguishing_axis`（§4.6）。其所屬組生成之日連同其他候選一併判定。**`deferred` 不是 `not-sibling`**：前者是「尚未問」，後者是「問過了，答案是否」
11.11	16.2	deferred	true	vocab	129	**依 41 §3 規則三入表（42 §2 之全量重建）。** 兩節皆未生成，現在判無處可用 —— sibling 判定之用途是寫 TC 時決定 `duplicate_of`／`distinguishing_axis`（§4.6）。其所屬組生成之日連同其他候選一併判定。**`deferred` 不是 `not-sibling`**：前者是「尚未問」，後者是「問過了，答案是否」
11.11	16.3	deferred	true	vocab	129	**依 41 §3 規則三入表（42 §2 之全量重建）。** 兩節皆未生成，現在判無處可用 —— sibling 判定之用途是寫 TC 時決定 `duplicate_of`／`distinguishing_axis`（§4.6）。其所屬組生成之日連同其他候選一併判定。**`deferred` 不是 `not-sibling`**：前者是「尚未問」，後者是「問過了，答案是否」
11.11	16.6	deferred	true	vocab	129	**依 41 §3 規則三入表（42 §2 之全量重建）。** 兩節皆未生成，現在判無處可用 —— sibling 判定之用途是寫 TC 時決定 `duplicate_of`／`distinguishing_axis`（§4.6）。其所屬組生成之日連同其他候選一併判定。**`deferred` 不是 `not-sibling`**：前者是「尚未問」，後者是「問過了，答案是否」
11.11	16.6.1	deferred	true	vocab	129	**依 41 §3 規則三入表（42 §2 之全量重建）。** 兩節皆未生成，現在判無處可用 —— sibling 判定之用途是寫 TC 時決定 `duplicate_of`／`distinguishing_axis`（§4.6）。其所屬組生成之日連同其他候選一併判定。**`deferred` 不是 `not-sibling`**：前者是「尚未問」，後者是「問過了，答案是否」
11.11	16.8	deferred	true	vocab	129	**依 41 §3 規則三入表（42 §2 之全量重建）。** 兩節皆未生成，現在判無處可用 —— sibling 判定之用途是寫 TC 時決定 `duplicate_of`／`distinguishing_axis`（§4.6）。其所屬組生成之日連同其他候選一併判定。**`deferred` 不是 `not-sibling`**：前者是「尚未問」，後者是「問過了，答案是否」
11.11	17.2	deferred	true	vocab	129	**依 41 §3 規則三入表（42 §2 之全量重建）。** 兩節皆未生成，現在判無處可用 —— sibling 判定之用途是寫 TC 時決定 `duplicate_of`／`distinguishing_axis`（§4.6）。其所屬組生成之日連同其他候選一併判定。**`deferred` 不是 `not-sibling`**：前者是「尚未問」，後者是「問過了，答案是否」
11.11	17.5	deferred	true	vocab	129	**依 41 §3 規則三入表（42 §2 之全量重建）。** 兩節皆未生成，現在判無處可用 —— sibling 判定之用途是寫 TC 時決定 `duplicate_of`／`distinguishing_axis`（§4.6）。其所屬組生成之日連同其他候選一併判定。**`deferred` 不是 `not-sibling`**：前者是「尚未問」，後者是「問過了，答案是否」
11.11.1	14.13	deferred	true	vocab	129	**依 41 §3 規則三入表（42 §2 之全量重建）。** 兩節皆未生成，現在判無處可用 —— sibling 判定之用途是寫 TC 時決定 `duplicate_of`／`distinguishing_axis`（§4.6）。其所屬組生成之日連同其他候選一併判定。**`deferred` 不是 `not-sibling`**：前者是「尚未問」，後者是「問過了，答案是否」
11.11.1	14.17	deferred	true	vocab	129	**依 41 §3 規則三入表（42 §2 之全量重建）。** 兩節皆未生成，現在判無處可用 —— sibling 判定之用途是寫 TC 時決定 `duplicate_of`／`distinguishing_axis`（§4.6）。其所屬組生成之日連同其他候選一併判定。**`deferred` 不是 `not-sibling`**：前者是「尚未問」，後者是「問過了，答案是否」
11.11.1	14.19	deferred	true	vocab	129	**依 41 §3 規則三入表（42 §2 之全量重建）。** 兩節皆未生成，現在判無處可用 —— sibling 判定之用途是寫 TC 時決定 `duplicate_of`／`distinguishing_axis`（§4.6）。其所屬組生成之日連同其他候選一併判定。**`deferred` 不是 `not-sibling`**：前者是「尚未問」，後者是「問過了，答案是否」
11.11.1	16.11	deferred	true	vocab	129	**依 41 §3 規則三入表（42 §2 之全量重建）。** 兩節皆未生成，現在判無處可用 —— sibling 判定之用途是寫 TC 時決定 `duplicate_of`／`distinguishing_axis`（§4.6）。其所屬組生成之日連同其他候選一併判定。**`deferred` 不是 `not-sibling`**：前者是「尚未問」，後者是「問過了，答案是否」
11.11.1	16.13	deferred	true	vocab	129	**依 41 §3 規則三入表（42 §2 之全量重建）。** 兩節皆未生成，現在判無處可用 —— sibling 判定之用途是寫 TC 時決定 `duplicate_of`／`distinguishing_axis`（§4.6）。其所屬組生成之日連同其他候選一併判定。**`deferred` 不是 `not-sibling`**：前者是「尚未問」，後者是「問過了，答案是否」
11.11.1	16.14	deferred	true	vocab	129	**依 41 §3 規則三入表（42 §2 之全量重建）。** 兩節皆未生成，現在判無處可用 —— sibling 判定之用途是寫 TC 時決定 `duplicate_of`／`distinguishing_axis`（§4.6）。其所屬組生成之日連同其他候選一併判定。**`deferred` 不是 `not-sibling`**：前者是「尚未問」，後者是「問過了，答案是否」
11.11.1	16.2	deferred	true	vocab	129	**依 41 §3 規則三入表（42 §2 之全量重建）。** 兩節皆未生成，現在判無處可用 —— sibling 判定之用途是寫 TC 時決定 `duplicate_of`／`distinguishing_axis`（§4.6）。其所屬組生成之日連同其他候選一併判定。**`deferred` 不是 `not-sibling`**：前者是「尚未問」，後者是「問過了，答案是否」
11.11.1	16.3	deferred	true	vocab	129	**依 41 §3 規則三入表（42 §2 之全量重建）。** 兩節皆未生成，現在判無處可用 —— sibling 判定之用途是寫 TC 時決定 `duplicate_of`／`distinguishing_axis`（§4.6）。其所屬組生成之日連同其他候選一併判定。**`deferred` 不是 `not-sibling`**：前者是「尚未問」，後者是「問過了，答案是否」
11.11.1	16.6	deferred	true	vocab	129	**依 41 §3 規則三入表（42 §2 之全量重建）。** 兩節皆未生成，現在判無處可用 —— sibling 判定之用途是寫 TC 時決定 `duplicate_of`／`distinguishing_axis`（§4.6）。其所屬組生成之日連同其他候選一併判定。**`deferred` 不是 `not-sibling`**：前者是「尚未問」，後者是「問過了，答案是否」
11.11.1	16.6.1	deferred	true	vocab	129	**依 41 §3 規則三入表（42 §2 之全量重建）。** 兩節皆未生成，現在判無處可用 —— sibling 判定之用途是寫 TC 時決定 `duplicate_of`／`distinguishing_axis`（§4.6）。其所屬組生成之日連同其他候選一併判定。**`deferred` 不是 `not-sibling`**：前者是「尚未問」，後者是「問過了，答案是否」
11.11.1	16.8	deferred	true	vocab	129	**依 41 §3 規則三入表（42 §2 之全量重建）。** 兩節皆未生成，現在判無處可用 —— sibling 判定之用途是寫 TC 時決定 `duplicate_of`／`distinguishing_axis`（§4.6）。其所屬組生成之日連同其他候選一併判定。**`deferred` 不是 `not-sibling`**：前者是「尚未問」，後者是「問過了，答案是否」
11.11.1	17.2	deferred	true	vocab	129	**依 41 §3 規則三入表（42 §2 之全量重建）。** 兩節皆未生成，現在判無處可用 —— sibling 判定之用途是寫 TC 時決定 `duplicate_of`／`distinguishing_axis`（§4.6）。其所屬組生成之日連同其他候選一併判定。**`deferred` 不是 `not-sibling`**：前者是「尚未問」，後者是「問過了，答案是否」
11.11.1	17.5	deferred	true	vocab	129	**依 41 §3 規則三入表（42 §2 之全量重建）。** 兩節皆未生成，現在判無處可用 —— sibling 判定之用途是寫 TC 時決定 `duplicate_of`／`distinguishing_axis`（§4.6）。其所屬組生成之日連同其他候選一併判定。**`deferred` 不是 `not-sibling`**：前者是「尚未問」，後者是「問過了，答案是否」
11.2	14.1.1	deferred	true	vocab	129	**依 41 §3 規則三入表（42 §2 之全量重建）。** 兩節皆未生成，現在判無處可用 —— sibling 判定之用途是寫 TC 時決定 `duplicate_of`／`distinguishing_axis`（§4.6）。其所屬組生成之日連同其他候選一併判定。**`deferred` 不是 `not-sibling`**：前者是「尚未問」，後者是「問過了，答案是否」
11.2	14.10.1	deferred	true	vocab	129	**依 41 §3 規則三入表（42 §2 之全量重建）。** 兩節皆未生成，現在判無處可用 —— sibling 判定之用途是寫 TC 時決定 `duplicate_of`／`distinguishing_axis`（§4.6）。其所屬組生成之日連同其他候選一併判定。**`deferred` 不是 `not-sibling`**：前者是「尚未問」，後者是「問過了，答案是否」
11.2	14.11	deferred	true	vocab	129	**依 41 §3 規則三入表（42 §2 之全量重建）。** 兩節皆未生成，現在判無處可用 —— sibling 判定之用途是寫 TC 時決定 `duplicate_of`／`distinguishing_axis`（§4.6）。其所屬組生成之日連同其他候選一併判定。**`deferred` 不是 `not-sibling`**：前者是「尚未問」，後者是「問過了，答案是否」
11.2	14.13	deferred	true	vocab	129	**依 41 §3 規則三入表（42 §2 之全量重建）。** 兩節皆未生成，現在判無處可用 —— sibling 判定之用途是寫 TC 時決定 `duplicate_of`／`distinguishing_axis`（§4.6）。其所屬組生成之日連同其他候選一併判定。**`deferred` 不是 `not-sibling`**：前者是「尚未問」，後者是「問過了，答案是否」
11.2	14.19	deferred	true	vocab	129	**依 41 §3 規則三入表（42 §2 之全量重建）。** 兩節皆未生成，現在判無處可用 —— sibling 判定之用途是寫 TC 時決定 `duplicate_of`／`distinguishing_axis`（§4.6）。其所屬組生成之日連同其他候選一併判定。**`deferred` 不是 `not-sibling`**：前者是「尚未問」，後者是「問過了，答案是否」
11.2	14.3	deferred	true	vocab	129	**依 41 §3 規則三入表（42 §2 之全量重建）。** 兩節皆未生成，現在判無處可用 —— sibling 判定之用途是寫 TC 時決定 `duplicate_of`／`distinguishing_axis`（§4.6）。其所屬組生成之日連同其他候選一併判定。**`deferred` 不是 `not-sibling`**：前者是「尚未問」，後者是「問過了，答案是否」
11.2	15.1	deferred	true	vocab	129	**依 41 §3 規則三入表（42 §2 之全量重建）。** 兩節皆未生成，現在判無處可用 —— sibling 判定之用途是寫 TC 時決定 `duplicate_of`／`distinguishing_axis`（§4.6）。其所屬組生成之日連同其他候選一併判定。**`deferred` 不是 `not-sibling`**：前者是「尚未問」，後者是「問過了，答案是否」
11.2	16.10	deferred	true	vocab	129	**依 41 §3 規則三入表（42 §2 之全量重建）。** 兩節皆未生成，現在判無處可用 —— sibling 判定之用途是寫 TC 時決定 `duplicate_of`／`distinguishing_axis`（§4.6）。其所屬組生成之日連同其他候選一併判定。**`deferred` 不是 `not-sibling`**：前者是「尚未問」，後者是「問過了，答案是否」
11.2	16.11	deferred	true	vocab	129	**依 41 §3 規則三入表（42 §2 之全量重建）。** 兩節皆未生成，現在判無處可用 —— sibling 判定之用途是寫 TC 時決定 `duplicate_of`／`distinguishing_axis`（§4.6）。其所屬組生成之日連同其他候選一併判定。**`deferred` 不是 `not-sibling`**：前者是「尚未問」，後者是「問過了，答案是否」
11.2	16.12	deferred	true	vocab	129	**依 41 §3 規則三入表（42 §2 之全量重建）。** 兩節皆未生成，現在判無處可用 —— sibling 判定之用途是寫 TC 時決定 `duplicate_of`／`distinguishing_axis`（§4.6）。其所屬組生成之日連同其他候選一併判定。**`deferred` 不是 `not-sibling`**：前者是「尚未問」，後者是「問過了，答案是否」
11.2	16.13	deferred	true	vocab	129	**依 41 §3 規則三入表（42 §2 之全量重建）。** 兩節皆未生成，現在判無處可用 —— sibling 判定之用途是寫 TC 時決定 `duplicate_of`／`distinguishing_axis`（§4.6）。其所屬組生成之日連同其他候選一併判定。**`deferred` 不是 `not-sibling`**：前者是「尚未問」，後者是「問過了，答案是否」
11.2	16.17	deferred	true	vocab	129	**依 41 §3 規則三入表（42 §2 之全量重建）。** 兩節皆未生成，現在判無處可用 —— sibling 判定之用途是寫 TC 時決定 `duplicate_of`／`distinguishing_axis`（§4.6）。其所屬組生成之日連同其他候選一併判定。**`deferred` 不是 `not-sibling`**：前者是「尚未問」，後者是「問過了，答案是否」
11.2	16.2	deferred	true	vocab	129	**依 41 §3 規則三入表（42 §2 之全量重建）。** 兩節皆未生成，現在判無處可用 —— sibling 判定之用途是寫 TC 時決定 `duplicate_of`／`distinguishing_axis`（§4.6）。其所屬組生成之日連同其他候選一併判定。**`deferred` 不是 `not-sibling`**：前者是「尚未問」，後者是「問過了，答案是否」
11.2	16.3	deferred	true	vocab	129	**依 41 §3 規則三入表（42 §2 之全量重建）。** 兩節皆未生成，現在判無處可用 —— sibling 判定之用途是寫 TC 時決定 `duplicate_of`／`distinguishing_axis`（§4.6）。其所屬組生成之日連同其他候選一併判定。**`deferred` 不是 `not-sibling`**：前者是「尚未問」，後者是「問過了，答案是否」
11.2	16.6	deferred	true	vocab	129	**依 41 §3 規則三入表（42 §2 之全量重建）。** 兩節皆未生成，現在判無處可用 —— sibling 判定之用途是寫 TC 時決定 `duplicate_of`／`distinguishing_axis`（§4.6）。其所屬組生成之日連同其他候選一併判定。**`deferred` 不是 `not-sibling`**：前者是「尚未問」，後者是「問過了，答案是否」
11.2	16.7	deferred	true	vocab	129	**依 41 §3 規則三入表（42 §2 之全量重建）。** 兩節皆未生成，現在判無處可用 —— sibling 判定之用途是寫 TC 時決定 `duplicate_of`／`distinguishing_axis`（§4.6）。其所屬組生成之日連同其他候選一併判定。**`deferred` 不是 `not-sibling`**：前者是「尚未問」，後者是「問過了，答案是否」
11.2	16.8	deferred	true	vocab	129	**依 41 §3 規則三入表（42 §2 之全量重建）。** 兩節皆未生成，現在判無處可用 —— sibling 判定之用途是寫 TC 時決定 `duplicate_of`／`distinguishing_axis`（§4.6）。其所屬組生成之日連同其他候選一併判定。**`deferred` 不是 `not-sibling`**：前者是「尚未問」，後者是「問過了，答案是否」
11.2	17.2	deferred	true	vocab	129	**依 41 §3 規則三入表（42 §2 之全量重建）。** 兩節皆未生成，現在判無處可用 —— sibling 判定之用途是寫 TC 時決定 `duplicate_of`／`distinguishing_axis`（§4.6）。其所屬組生成之日連同其他候選一併判定。**`deferred` 不是 `not-sibling`**：前者是「尚未問」，後者是「問過了，答案是否」
11.5	14.19	deferred	true	vocab	129	**依 41 §3 規則三入表（42 §2 之全量重建）。** 兩節皆未生成，現在判無處可用 —— sibling 判定之用途是寫 TC 時決定 `duplicate_of`／`distinguishing_axis`（§4.6）。其所屬組生成之日連同其他候選一併判定。**`deferred` 不是 `not-sibling`**：前者是「尚未問」，後者是「問過了，答案是否」
11.5	15.1	deferred	true	vocab	129	**依 41 §3 規則三入表（42 §2 之全量重建）。** 兩節皆未生成，現在判無處可用 —— sibling 判定之用途是寫 TC 時決定 `duplicate_of`／`distinguishing_axis`（§4.6）。其所屬組生成之日連同其他候選一併判定。**`deferred` 不是 `not-sibling`**：前者是「尚未問」，後者是「問過了，答案是否」
11.5	16.13	deferred	true	vocab	129	**依 41 §3 規則三入表（42 §2 之全量重建）。** 兩節皆未生成，現在判無處可用 —— sibling 判定之用途是寫 TC 時決定 `duplicate_of`／`distinguishing_axis`（§4.6）。其所屬組生成之日連同其他候選一併判定。**`deferred` 不是 `not-sibling`**：前者是「尚未問」，後者是「問過了，答案是否」
11.5	16.14	deferred	true	vocab	129	**依 41 §3 規則三入表（42 §2 之全量重建）。** 兩節皆未生成，現在判無處可用 —— sibling 判定之用途是寫 TC 時決定 `duplicate_of`／`distinguishing_axis`（§4.6）。其所屬組生成之日連同其他候選一併判定。**`deferred` 不是 `not-sibling`**：前者是「尚未問」，後者是「問過了，答案是否」
11.5	16.3	deferred	true	vocab	129	**依 41 §3 規則三入表（42 §2 之全量重建）。** 兩節皆未生成，現在判無處可用 —— sibling 判定之用途是寫 TC 時決定 `duplicate_of`／`distinguishing_axis`（§4.6）。其所屬組生成之日連同其他候選一併判定。**`deferred` 不是 `not-sibling`**：前者是「尚未問」，後者是「問過了，答案是否」
11.5	16.7	deferred	true	vocab	129	**依 41 §3 規則三入表（42 §2 之全量重建）。** 兩節皆未生成，現在判無處可用 —— sibling 判定之用途是寫 TC 時決定 `duplicate_of`／`distinguishing_axis`（§4.6）。其所屬組生成之日連同其他候選一併判定。**`deferred` 不是 `not-sibling`**：前者是「尚未問」，後者是「問過了，答案是否」
11.5	16.8	deferred	true	vocab	129	**依 41 §3 規則三入表（42 §2 之全量重建）。** 兩節皆未生成，現在判無處可用 —— sibling 判定之用途是寫 TC 時決定 `duplicate_of`／`distinguishing_axis`（§4.6）。其所屬組生成之日連同其他候選一併判定。**`deferred` 不是 `not-sibling`**：前者是「尚未問」，後者是「問過了，答案是否」
11.5	17.2	deferred	true	vocab	129	**依 41 §3 規則三入表（42 §2 之全量重建）。** 兩節皆未生成，現在判無處可用 —— sibling 判定之用途是寫 TC 時決定 `duplicate_of`／`distinguishing_axis`（§4.6）。其所屬組生成之日連同其他候選一併判定。**`deferred` 不是 `not-sibling`**：前者是「尚未問」，後者是「問過了，答案是否」
11.8	16.13	deferred	true	vocab	129	**依 41 §3 規則三入表（42 §2 之全量重建）。** 兩節皆未生成，現在判無處可用 —— sibling 判定之用途是寫 TC 時決定 `duplicate_of`／`distinguishing_axis`（§4.6）。其所屬組生成之日連同其他候選一併判定。**`deferred` 不是 `not-sibling`**：前者是「尚未問」，後者是「問過了，答案是否」
11.8	16.6	deferred	true	vocab	129	**依 41 §3 規則三入表（42 §2 之全量重建）。** 兩節皆未生成，現在判無處可用 —— sibling 判定之用途是寫 TC 時決定 `duplicate_of`／`distinguishing_axis`（§4.6）。其所屬組生成之日連同其他候選一併判定。**`deferred` 不是 `not-sibling`**：前者是「尚未問」，後者是「問過了，答案是否」
11.8	16.8	deferred	true	vocab	129	**依 41 §3 規則三入表（42 §2 之全量重建）。** 兩節皆未生成，現在判無處可用 —— sibling 判定之用途是寫 TC 時決定 `duplicate_of`／`distinguishing_axis`（§4.6）。其所屬組生成之日連同其他候選一併判定。**`deferred` 不是 `not-sibling`**：前者是「尚未問」，後者是「問過了，答案是否」
12.1	16.13	deferred	true	vocab	129	**依 41 §3 規則三入表（42 §2 之全量重建）。** 兩節皆未生成，現在判無處可用 —— sibling 判定之用途是寫 TC 時決定 `duplicate_of`／`distinguishing_axis`（§4.6）。其所屬組生成之日連同其他候選一併判定。**`deferred` 不是 `not-sibling`**：前者是「尚未問」，後者是「問過了，答案是否」
12.1	16.6	deferred	true	vocab	129	**依 41 §3 規則三入表（42 §2 之全量重建）。** 兩節皆未生成，現在判無處可用 —— sibling 判定之用途是寫 TC 時決定 `duplicate_of`／`distinguishing_axis`（§4.6）。其所屬組生成之日連同其他候選一併判定。**`deferred` 不是 `not-sibling`**：前者是「尚未問」，後者是「問過了，答案是否」
12.1	16.8	deferred	true	vocab	129	**依 41 §3 規則三入表（42 §2 之全量重建）。** 兩節皆未生成，現在判無處可用 —— sibling 判定之用途是寫 TC 時決定 `duplicate_of`／`distinguishing_axis`（§4.6）。其所屬組生成之日連同其他候選一併判定。**`deferred` 不是 `not-sibling`**：前者是「尚未問」，後者是「問過了，答案是否」
12.2	14.1.1	deferred	true	vocab	129	**依 41 §3 規則三入表（42 §2 之全量重建）。** 兩節皆未生成，現在判無處可用 —— sibling 判定之用途是寫 TC 時決定 `duplicate_of`／`distinguishing_axis`（§4.6）。其所屬組生成之日連同其他候選一併判定。**`deferred` 不是 `not-sibling`**：前者是「尚未問」，後者是「問過了，答案是否」
12.2	14.10.1	deferred	true	vocab	129	**依 41 §3 規則三入表（42 §2 之全量重建）。** 兩節皆未生成，現在判無處可用 —— sibling 判定之用途是寫 TC 時決定 `duplicate_of`／`distinguishing_axis`（§4.6）。其所屬組生成之日連同其他候選一併判定。**`deferred` 不是 `not-sibling`**：前者是「尚未問」，後者是「問過了，答案是否」
12.2	14.11	deferred	true	vocab	129	**依 41 §3 規則三入表（42 §2 之全量重建）。** 兩節皆未生成，現在判無處可用 —— sibling 判定之用途是寫 TC 時決定 `duplicate_of`／`distinguishing_axis`（§4.6）。其所屬組生成之日連同其他候選一併判定。**`deferred` 不是 `not-sibling`**：前者是「尚未問」，後者是「問過了，答案是否」
12.2	14.13	deferred	true	vocab	129	**依 41 §3 規則三入表（42 §2 之全量重建）。** 兩節皆未生成，現在判無處可用 —— sibling 判定之用途是寫 TC 時決定 `duplicate_of`／`distinguishing_axis`（§4.6）。其所屬組生成之日連同其他候選一併判定。**`deferred` 不是 `not-sibling`**：前者是「尚未問」，後者是「問過了，答案是否」
12.2	14.19	deferred	true	vocab	129	**依 41 §3 規則三入表（42 §2 之全量重建）。** 兩節皆未生成，現在判無處可用 —— sibling 判定之用途是寫 TC 時決定 `duplicate_of`／`distinguishing_axis`（§4.6）。其所屬組生成之日連同其他候選一併判定。**`deferred` 不是 `not-sibling`**：前者是「尚未問」，後者是「問過了，答案是否」
12.2	14.3	deferred	true	vocab	129	**依 41 §3 規則三入表（42 §2 之全量重建）。** 兩節皆未生成，現在判無處可用 —— sibling 判定之用途是寫 TC 時決定 `duplicate_of`／`distinguishing_axis`（§4.6）。其所屬組生成之日連同其他候選一併判定。**`deferred` 不是 `not-sibling`**：前者是「尚未問」，後者是「問過了，答案是否」
12.2	15.1	deferred	true	vocab	129	**依 41 §3 規則三入表（42 §2 之全量重建）。** 兩節皆未生成，現在判無處可用 —— sibling 判定之用途是寫 TC 時決定 `duplicate_of`／`distinguishing_axis`（§4.6）。其所屬組生成之日連同其他候選一併判定。**`deferred` 不是 `not-sibling`**：前者是「尚未問」，後者是「問過了，答案是否」
12.2	16.10	deferred	true	vocab	129	**依 41 §3 規則三入表（42 §2 之全量重建）。** 兩節皆未生成，現在判無處可用 —— sibling 判定之用途是寫 TC 時決定 `duplicate_of`／`distinguishing_axis`（§4.6）。其所屬組生成之日連同其他候選一併判定。**`deferred` 不是 `not-sibling`**：前者是「尚未問」，後者是「問過了，答案是否」
12.2	16.11	deferred	true	vocab	129	**依 41 §3 規則三入表（42 §2 之全量重建）。** 兩節皆未生成，現在判無處可用 —— sibling 判定之用途是寫 TC 時決定 `duplicate_of`／`distinguishing_axis`（§4.6）。其所屬組生成之日連同其他候選一併判定。**`deferred` 不是 `not-sibling`**：前者是「尚未問」，後者是「問過了，答案是否」
12.2	16.12	deferred	true	vocab	129	**依 41 §3 規則三入表（42 §2 之全量重建）。** 兩節皆未生成，現在判無處可用 —— sibling 判定之用途是寫 TC 時決定 `duplicate_of`／`distinguishing_axis`（§4.6）。其所屬組生成之日連同其他候選一併判定。**`deferred` 不是 `not-sibling`**：前者是「尚未問」，後者是「問過了，答案是否」
12.2	16.13	deferred	true	vocab	129	**依 41 §3 規則三入表（42 §2 之全量重建）。** 兩節皆未生成，現在判無處可用 —— sibling 判定之用途是寫 TC 時決定 `duplicate_of`／`distinguishing_axis`（§4.6）。其所屬組生成之日連同其他候選一併判定。**`deferred` 不是 `not-sibling`**：前者是「尚未問」，後者是「問過了，答案是否」
12.2	16.17	deferred	true	vocab	129	**依 41 §3 規則三入表（42 §2 之全量重建）。** 兩節皆未生成，現在判無處可用 —— sibling 判定之用途是寫 TC 時決定 `duplicate_of`／`distinguishing_axis`（§4.6）。其所屬組生成之日連同其他候選一併判定。**`deferred` 不是 `not-sibling`**：前者是「尚未問」，後者是「問過了，答案是否」
12.2	16.2	deferred	true	vocab	129	**依 41 §3 規則三入表（42 §2 之全量重建）。** 兩節皆未生成，現在判無處可用 —— sibling 判定之用途是寫 TC 時決定 `duplicate_of`／`distinguishing_axis`（§4.6）。其所屬組生成之日連同其他候選一併判定。**`deferred` 不是 `not-sibling`**：前者是「尚未問」，後者是「問過了，答案是否」
12.2	16.3	deferred	true	vocab	129	**依 41 §3 規則三入表（42 §2 之全量重建）。** 兩節皆未生成，現在判無處可用 —— sibling 判定之用途是寫 TC 時決定 `duplicate_of`／`distinguishing_axis`（§4.6）。其所屬組生成之日連同其他候選一併判定。**`deferred` 不是 `not-sibling`**：前者是「尚未問」，後者是「問過了，答案是否」
12.2	16.6	deferred	true	vocab	129	**依 41 §3 規則三入表（42 §2 之全量重建）。** 兩節皆未生成，現在判無處可用 —— sibling 判定之用途是寫 TC 時決定 `duplicate_of`／`distinguishing_axis`（§4.6）。其所屬組生成之日連同其他候選一併判定。**`deferred` 不是 `not-sibling`**：前者是「尚未問」，後者是「問過了，答案是否」
12.2	16.7	deferred	true	vocab	129	**依 41 §3 規則三入表（42 §2 之全量重建）。** 兩節皆未生成，現在判無處可用 —— sibling 判定之用途是寫 TC 時決定 `duplicate_of`／`distinguishing_axis`（§4.6）。其所屬組生成之日連同其他候選一併判定。**`deferred` 不是 `not-sibling`**：前者是「尚未問」，後者是「問過了，答案是否」
12.2	16.8	deferred	true	vocab	129	**依 41 §3 規則三入表（42 §2 之全量重建）。** 兩節皆未生成，現在判無處可用 —— sibling 判定之用途是寫 TC 時決定 `duplicate_of`／`distinguishing_axis`（§4.6）。其所屬組生成之日連同其他候選一併判定。**`deferred` 不是 `not-sibling`**：前者是「尚未問」，後者是「問過了，答案是否」
12.2	17.2	deferred	true	vocab	129	**依 41 §3 規則三入表（42 §2 之全量重建）。** 兩節皆未生成，現在判無處可用 —— sibling 判定之用途是寫 TC 時決定 `duplicate_of`／`distinguishing_axis`（§4.6）。其所屬組生成之日連同其他候選一併判定。**`deferred` 不是 `not-sibling`**：前者是「尚未問」，後者是「問過了，答案是否」
12.6	14.19	deferred	true	vocab	129	**依 41 §3 規則三入表（42 §2 之全量重建）。** 兩節皆未生成，現在判無處可用 —— sibling 判定之用途是寫 TC 時決定 `duplicate_of`／`distinguishing_axis`（§4.6）。其所屬組生成之日連同其他候選一併判定。**`deferred` 不是 `not-sibling`**：前者是「尚未問」，後者是「問過了，答案是否」
12.6	15.1	deferred	true	vocab	129	**依 41 §3 規則三入表（42 §2 之全量重建）。** 兩節皆未生成，現在判無處可用 —— sibling 判定之用途是寫 TC 時決定 `duplicate_of`／`distinguishing_axis`（§4.6）。其所屬組生成之日連同其他候選一併判定。**`deferred` 不是 `not-sibling`**：前者是「尚未問」，後者是「問過了，答案是否」
12.6	16.13	deferred	true	vocab	129	**依 41 §3 規則三入表（42 §2 之全量重建）。** 兩節皆未生成，現在判無處可用 —— sibling 判定之用途是寫 TC 時決定 `duplicate_of`／`distinguishing_axis`（§4.6）。其所屬組生成之日連同其他候選一併判定。**`deferred` 不是 `not-sibling`**：前者是「尚未問」，後者是「問過了，答案是否」
12.6	16.14	deferred	true	vocab	129	**依 41 §3 規則三入表（42 §2 之全量重建）。** 兩節皆未生成，現在判無處可用 —— sibling 判定之用途是寫 TC 時決定 `duplicate_of`／`distinguishing_axis`（§4.6）。其所屬組生成之日連同其他候選一併判定。**`deferred` 不是 `not-sibling`**：前者是「尚未問」，後者是「問過了，答案是否」
12.6	16.3	deferred	true	vocab	129	**依 41 §3 規則三入表（42 §2 之全量重建）。** 兩節皆未生成，現在判無處可用 —— sibling 判定之用途是寫 TC 時決定 `duplicate_of`／`distinguishing_axis`（§4.6）。其所屬組生成之日連同其他候選一併判定。**`deferred` 不是 `not-sibling`**：前者是「尚未問」，後者是「問過了，答案是否」
12.6	16.7	deferred	true	vocab	129	**依 41 §3 規則三入表（42 §2 之全量重建）。** 兩節皆未生成，現在判無處可用 —— sibling 判定之用途是寫 TC 時決定 `duplicate_of`／`distinguishing_axis`（§4.6）。其所屬組生成之日連同其他候選一併判定。**`deferred` 不是 `not-sibling`**：前者是「尚未問」，後者是「問過了，答案是否」
12.6	16.8	deferred	true	vocab	129	**依 41 §3 規則三入表（42 §2 之全量重建）。** 兩節皆未生成，現在判無處可用 —— sibling 判定之用途是寫 TC 時決定 `duplicate_of`／`distinguishing_axis`（§4.6）。其所屬組生成之日連同其他候選一併判定。**`deferred` 不是 `not-sibling`**：前者是「尚未問」，後者是「問過了，答案是否」
12.6	17.2	deferred	true	vocab	129	**依 41 §3 規則三入表（42 §2 之全量重建）。** 兩節皆未生成，現在判無處可用 —— sibling 判定之用途是寫 TC 時決定 `duplicate_of`／`distinguishing_axis`（§4.6）。其所屬組生成之日連同其他候選一併判定。**`deferred` 不是 `not-sibling`**：前者是「尚未問」，後者是「問過了，答案是否」
12.7	14.1.1	deferred	true	vocab	129	**依 41 §3 規則三入表（42 §2 之全量重建）。** 兩節皆未生成，現在判無處可用 —— sibling 判定之用途是寫 TC 時決定 `duplicate_of`／`distinguishing_axis`（§4.6）。其所屬組生成之日連同其他候選一併判定。**`deferred` 不是 `not-sibling`**：前者是「尚未問」，後者是「問過了，答案是否」
12.7	14.10	deferred	true	vocab	129	**依 41 §3 規則三入表（42 §2 之全量重建）。** 兩節皆未生成，現在判無處可用 —— sibling 判定之用途是寫 TC 時決定 `duplicate_of`／`distinguishing_axis`（§4.6）。其所屬組生成之日連同其他候選一併判定。**`deferred` 不是 `not-sibling`**：前者是「尚未問」，後者是「問過了，答案是否」
12.7	14.10.1	deferred	true	vocab	129	**依 41 §3 規則三入表（42 §2 之全量重建）。** 兩節皆未生成，現在判無處可用 —— sibling 判定之用途是寫 TC 時決定 `duplicate_of`／`distinguishing_axis`（§4.6）。其所屬組生成之日連同其他候選一併判定。**`deferred` 不是 `not-sibling`**：前者是「尚未問」，後者是「問過了，答案是否」
12.7	14.11	deferred	true	vocab	129	**依 41 §3 規則三入表（42 §2 之全量重建）。** 兩節皆未生成，現在判無處可用 —— sibling 判定之用途是寫 TC 時決定 `duplicate_of`／`distinguishing_axis`（§4.6）。其所屬組生成之日連同其他候選一併判定。**`deferred` 不是 `not-sibling`**：前者是「尚未問」，後者是「問過了，答案是否」
12.7	14.13	deferred	true	vocab	129	**依 41 §3 規則三入表（42 §2 之全量重建）。** 兩節皆未生成，現在判無處可用 —— sibling 判定之用途是寫 TC 時決定 `duplicate_of`／`distinguishing_axis`（§4.6）。其所屬組生成之日連同其他候選一併判定。**`deferred` 不是 `not-sibling`**：前者是「尚未問」，後者是「問過了，答案是否」
12.7	14.19	deferred	true	vocab	129	**依 41 §3 規則三入表（42 §2 之全量重建）。** 兩節皆未生成，現在判無處可用 —— sibling 判定之用途是寫 TC 時決定 `duplicate_of`／`distinguishing_axis`（§4.6）。其所屬組生成之日連同其他候選一併判定。**`deferred` 不是 `not-sibling`**：前者是「尚未問」，後者是「問過了，答案是否」
12.7	14.3	deferred	true	vocab	129	**依 41 §3 規則三入表（42 §2 之全量重建）。** 兩節皆未生成，現在判無處可用 —— sibling 判定之用途是寫 TC 時決定 `duplicate_of`／`distinguishing_axis`（§4.6）。其所屬組生成之日連同其他候選一併判定。**`deferred` 不是 `not-sibling`**：前者是「尚未問」，後者是「問過了，答案是否」
12.7	14.4	deferred	true	vocab	129	**依 41 §3 規則三入表（42 §2 之全量重建）。** 兩節皆未生成，現在判無處可用 —— sibling 判定之用途是寫 TC 時決定 `duplicate_of`／`distinguishing_axis`（§4.6）。其所屬組生成之日連同其他候選一併判定。**`deferred` 不是 `not-sibling`**：前者是「尚未問」，後者是「問過了，答案是否」
12.7	15.1	deferred	true	vocab	129	**依 41 §3 規則三入表（42 §2 之全量重建）。** 兩節皆未生成，現在判無處可用 —— sibling 判定之用途是寫 TC 時決定 `duplicate_of`／`distinguishing_axis`（§4.6）。其所屬組生成之日連同其他候選一併判定。**`deferred` 不是 `not-sibling`**：前者是「尚未問」，後者是「問過了，答案是否」
12.7	16.10	deferred	true	vocab	129	**依 41 §3 規則三入表（42 §2 之全量重建）。** 兩節皆未生成，現在判無處可用 —— sibling 判定之用途是寫 TC 時決定 `duplicate_of`／`distinguishing_axis`（§4.6）。其所屬組生成之日連同其他候選一併判定。**`deferred` 不是 `not-sibling`**：前者是「尚未問」，後者是「問過了，答案是否」
12.7	16.11	deferred	true	vocab	129	**依 41 §3 規則三入表（42 §2 之全量重建）。** 兩節皆未生成，現在判無處可用 —— sibling 判定之用途是寫 TC 時決定 `duplicate_of`／`distinguishing_axis`（§4.6）。其所屬組生成之日連同其他候選一併判定。**`deferred` 不是 `not-sibling`**：前者是「尚未問」，後者是「問過了，答案是否」
12.7	16.12	deferred	true	vocab	129	**依 41 §3 規則三入表（42 §2 之全量重建）。** 兩節皆未生成，現在判無處可用 —— sibling 判定之用途是寫 TC 時決定 `duplicate_of`／`distinguishing_axis`（§4.6）。其所屬組生成之日連同其他候選一併判定。**`deferred` 不是 `not-sibling`**：前者是「尚未問」，後者是「問過了，答案是否」
12.7	16.12.1	deferred	true	vocab	129	**依 41 §3 規則三入表（42 §2 之全量重建）。** 兩節皆未生成，現在判無處可用 —— sibling 判定之用途是寫 TC 時決定 `duplicate_of`／`distinguishing_axis`（§4.6）。其所屬組生成之日連同其他候選一併判定。**`deferred` 不是 `not-sibling`**：前者是「尚未問」，後者是「問過了，答案是否」
12.7	16.13	deferred	true	vocab	129	**依 41 §3 規則三入表（42 §2 之全量重建）。** 兩節皆未生成，現在判無處可用 —— sibling 判定之用途是寫 TC 時決定 `duplicate_of`／`distinguishing_axis`（§4.6）。其所屬組生成之日連同其他候選一併判定。**`deferred` 不是 `not-sibling`**：前者是「尚未問」，後者是「問過了，答案是否」
12.7	16.17	deferred	true	vocab	129	**依 41 §3 規則三入表（42 §2 之全量重建）。** 兩節皆未生成，現在判無處可用 —— sibling 判定之用途是寫 TC 時決定 `duplicate_of`／`distinguishing_axis`（§4.6）。其所屬組生成之日連同其他候選一併判定。**`deferred` 不是 `not-sibling`**：前者是「尚未問」，後者是「問過了，答案是否」
12.7	16.2	deferred	true	vocab	129	**依 41 §3 規則三入表（42 §2 之全量重建）。** 兩節皆未生成，現在判無處可用 —— sibling 判定之用途是寫 TC 時決定 `duplicate_of`／`distinguishing_axis`（§4.6）。其所屬組生成之日連同其他候選一併判定。**`deferred` 不是 `not-sibling`**：前者是「尚未問」，後者是「問過了，答案是否」
12.7	16.3	deferred	true	vocab	129	**依 41 §3 規則三入表（42 §2 之全量重建）。** 兩節皆未生成，現在判無處可用 —— sibling 判定之用途是寫 TC 時決定 `duplicate_of`／`distinguishing_axis`（§4.6）。其所屬組生成之日連同其他候選一併判定。**`deferred` 不是 `not-sibling`**：前者是「尚未問」，後者是「問過了，答案是否」
12.7	16.7	deferred	true	vocab	129	**依 41 §3 規則三入表（42 §2 之全量重建）。** 兩節皆未生成，現在判無處可用 —— sibling 判定之用途是寫 TC 時決定 `duplicate_of`／`distinguishing_axis`（§4.6）。其所屬組生成之日連同其他候選一併判定。**`deferred` 不是 `not-sibling`**：前者是「尚未問」，後者是「問過了，答案是否」
12.7	16.8	deferred	true	vocab	129	**依 41 §3 規則三入表（42 §2 之全量重建）。** 兩節皆未生成，現在判無處可用 —— sibling 判定之用途是寫 TC 時決定 `duplicate_of`／`distinguishing_axis`（§4.6）。其所屬組生成之日連同其他候選一併判定。**`deferred` 不是 `not-sibling`**：前者是「尚未問」，後者是「問過了，答案是否」
12.7	17.2	deferred	true	vocab	129	**依 41 §3 規則三入表（42 §2 之全量重建）。** 兩節皆未生成，現在判無處可用 —— sibling 判定之用途是寫 TC 時決定 `duplicate_of`／`distinguishing_axis`（§4.6）。其所屬組生成之日連同其他候選一併判定。**`deferred` 不是 `not-sibling`**：前者是「尚未問」，後者是「問過了，答案是否」
12.8	16.13	deferred	true	vocab	129	**依 41 §3 規則三入表（42 §2 之全量重建）。** 兩節皆未生成，現在判無處可用 —— sibling 判定之用途是寫 TC 時決定 `duplicate_of`／`distinguishing_axis`（§4.6）。其所屬組生成之日連同其他候選一併判定。**`deferred` 不是 `not-sibling`**：前者是「尚未問」，後者是「問過了，答案是否」
12.8	16.6	deferred	true	vocab	129	**依 41 §3 規則三入表（42 §2 之全量重建）。** 兩節皆未生成，現在判無處可用 —— sibling 判定之用途是寫 TC 時決定 `duplicate_of`／`distinguishing_axis`（§4.6）。其所屬組生成之日連同其他候選一併判定。**`deferred` 不是 `not-sibling`**：前者是「尚未問」，後者是「問過了，答案是否」
12.8	16.8	deferred	true	vocab	129	**依 41 §3 規則三入表（42 §2 之全量重建）。** 兩節皆未生成，現在判無處可用 —— sibling 判定之用途是寫 TC 時決定 `duplicate_of`／`distinguishing_axis`（§4.6）。其所屬組生成之日連同其他候選一併判定。**`deferred` 不是 `not-sibling`**：前者是「尚未問」，後者是「問過了，答案是否」
12.9	14.1.1	deferred	true	vocab	129	**依 41 §3 規則三入表（42 §2 之全量重建）。** 兩節皆未生成，現在判無處可用 —— sibling 判定之用途是寫 TC 時決定 `duplicate_of`／`distinguishing_axis`（§4.6）。其所屬組生成之日連同其他候選一併判定。**`deferred` 不是 `not-sibling`**：前者是「尚未問」，後者是「問過了，答案是否」
12.9	14.10.1	deferred	true	vocab	129	**依 41 §3 規則三入表（42 §2 之全量重建）。** 兩節皆未生成，現在判無處可用 —— sibling 判定之用途是寫 TC 時決定 `duplicate_of`／`distinguishing_axis`（§4.6）。其所屬組生成之日連同其他候選一併判定。**`deferred` 不是 `not-sibling`**：前者是「尚未問」，後者是「問過了，答案是否」
12.9	14.11	deferred	true	vocab	129	**依 41 §3 規則三入表（42 §2 之全量重建）。** 兩節皆未生成，現在判無處可用 —— sibling 判定之用途是寫 TC 時決定 `duplicate_of`／`distinguishing_axis`（§4.6）。其所屬組生成之日連同其他候選一併判定。**`deferred` 不是 `not-sibling`**：前者是「尚未問」，後者是「問過了，答案是否」
12.9	14.13	deferred	true	vocab	129	**依 41 §3 規則三入表（42 §2 之全量重建）。** 兩節皆未生成，現在判無處可用 —— sibling 判定之用途是寫 TC 時決定 `duplicate_of`／`distinguishing_axis`（§4.6）。其所屬組生成之日連同其他候選一併判定。**`deferred` 不是 `not-sibling`**：前者是「尚未問」，後者是「問過了，答案是否」
12.9	14.19	deferred	true	vocab	129	**依 41 §3 規則三入表（42 §2 之全量重建）。** 兩節皆未生成，現在判無處可用 —— sibling 判定之用途是寫 TC 時決定 `duplicate_of`／`distinguishing_axis`（§4.6）。其所屬組生成之日連同其他候選一併判定。**`deferred` 不是 `not-sibling`**：前者是「尚未問」，後者是「問過了，答案是否」
12.9	14.3	deferred	true	vocab	129	**依 41 §3 規則三入表（42 §2 之全量重建）。** 兩節皆未生成，現在判無處可用 —— sibling 判定之用途是寫 TC 時決定 `duplicate_of`／`distinguishing_axis`（§4.6）。其所屬組生成之日連同其他候選一併判定。**`deferred` 不是 `not-sibling`**：前者是「尚未問」，後者是「問過了，答案是否」
12.9	15.1	deferred	true	vocab	129	**依 41 §3 規則三入表（42 §2 之全量重建）。** 兩節皆未生成，現在判無處可用 —— sibling 判定之用途是寫 TC 時決定 `duplicate_of`／`distinguishing_axis`（§4.6）。其所屬組生成之日連同其他候選一併判定。**`deferred` 不是 `not-sibling`**：前者是「尚未問」，後者是「問過了，答案是否」
12.9	16.10	deferred	true	vocab	129	**依 41 §3 規則三入表（42 §2 之全量重建）。** 兩節皆未生成，現在判無處可用 —— sibling 判定之用途是寫 TC 時決定 `duplicate_of`／`distinguishing_axis`（§4.6）。其所屬組生成之日連同其他候選一併判定。**`deferred` 不是 `not-sibling`**：前者是「尚未問」，後者是「問過了，答案是否」
12.9	16.11	deferred	true	vocab	129	**依 41 §3 規則三入表（42 §2 之全量重建）。** 兩節皆未生成，現在判無處可用 —— sibling 判定之用途是寫 TC 時決定 `duplicate_of`／`distinguishing_axis`（§4.6）。其所屬組生成之日連同其他候選一併判定。**`deferred` 不是 `not-sibling`**：前者是「尚未問」，後者是「問過了，答案是否」
12.9	16.12	deferred	true	vocab	129	**依 41 §3 規則三入表（42 §2 之全量重建）。** 兩節皆未生成，現在判無處可用 —— sibling 判定之用途是寫 TC 時決定 `duplicate_of`／`distinguishing_axis`（§4.6）。其所屬組生成之日連同其他候選一併判定。**`deferred` 不是 `not-sibling`**：前者是「尚未問」，後者是「問過了，答案是否」
12.9	16.13	deferred	true	vocab	129	**依 41 §3 規則三入表（42 §2 之全量重建）。** 兩節皆未生成，現在判無處可用 —— sibling 判定之用途是寫 TC 時決定 `duplicate_of`／`distinguishing_axis`（§4.6）。其所屬組生成之日連同其他候選一併判定。**`deferred` 不是 `not-sibling`**：前者是「尚未問」，後者是「問過了，答案是否」
12.9	16.17	deferred	true	vocab	129	**依 41 §3 規則三入表（42 §2 之全量重建）。** 兩節皆未生成，現在判無處可用 —— sibling 判定之用途是寫 TC 時決定 `duplicate_of`／`distinguishing_axis`（§4.6）。其所屬組生成之日連同其他候選一併判定。**`deferred` 不是 `not-sibling`**：前者是「尚未問」，後者是「問過了，答案是否」
12.9	16.2	deferred	true	vocab	129	**依 41 §3 規則三入表（42 §2 之全量重建）。** 兩節皆未生成，現在判無處可用 —— sibling 判定之用途是寫 TC 時決定 `duplicate_of`／`distinguishing_axis`（§4.6）。其所屬組生成之日連同其他候選一併判定。**`deferred` 不是 `not-sibling`**：前者是「尚未問」，後者是「問過了，答案是否」
12.9	16.3	deferred	true	vocab	129	**依 41 §3 規則三入表（42 §2 之全量重建）。** 兩節皆未生成，現在判無處可用 —— sibling 判定之用途是寫 TC 時決定 `duplicate_of`／`distinguishing_axis`（§4.6）。其所屬組生成之日連同其他候選一併判定。**`deferred` 不是 `not-sibling`**：前者是「尚未問」，後者是「問過了，答案是否」
12.9	16.6	deferred	true	vocab	129	**依 41 §3 規則三入表（42 §2 之全量重建）。** 兩節皆未生成，現在判無處可用 —— sibling 判定之用途是寫 TC 時決定 `duplicate_of`／`distinguishing_axis`（§4.6）。其所屬組生成之日連同其他候選一併判定。**`deferred` 不是 `not-sibling`**：前者是「尚未問」，後者是「問過了，答案是否」
12.9	16.7	deferred	true	vocab	129	**依 41 §3 規則三入表（42 §2 之全量重建）。** 兩節皆未生成，現在判無處可用 —— sibling 判定之用途是寫 TC 時決定 `duplicate_of`／`distinguishing_axis`（§4.6）。其所屬組生成之日連同其他候選一併判定。**`deferred` 不是 `not-sibling`**：前者是「尚未問」，後者是「問過了，答案是否」
12.9	16.8	deferred	true	vocab	129	**依 41 §3 規則三入表（42 §2 之全量重建）。** 兩節皆未生成，現在判無處可用 —— sibling 判定之用途是寫 TC 時決定 `duplicate_of`／`distinguishing_axis`（§4.6）。其所屬組生成之日連同其他候選一併判定。**`deferred` 不是 `not-sibling`**：前者是「尚未問」，後者是「問過了，答案是否」
12.9	17.2	deferred	true	vocab	129	**依 41 §3 規則三入表（42 §2 之全量重建）。** 兩節皆未生成，現在判無處可用 —— sibling 判定之用途是寫 TC 時決定 `duplicate_of`／`distinguishing_axis`（§4.6）。其所屬組生成之日連同其他候選一併判定。**`deferred` 不是 `not-sibling`**：前者是「尚未問」，後者是「問過了，答案是否」
14.1.1	16.10	deferred	true	vocab	129	**依 41 §3 規則三入表（42 §2 之全量重建）。** 兩節皆未生成，現在判無處可用 —— sibling 判定之用途是寫 TC 時決定 `duplicate_of`／`distinguishing_axis`（§4.6）。其所屬組生成之日連同其他候選一併判定。**`deferred` 不是 `not-sibling`**：前者是「尚未問」，後者是「問過了，答案是否」
14.1.1	16.11	deferred	true	vocab	129	**依 41 §3 規則三入表（42 §2 之全量重建）。** 兩節皆未生成，現在判無處可用 —— sibling 判定之用途是寫 TC 時決定 `duplicate_of`／`distinguishing_axis`（§4.6）。其所屬組生成之日連同其他候選一併判定。**`deferred` 不是 `not-sibling`**：前者是「尚未問」，後者是「問過了，答案是否」
14.1.1	16.12	deferred	true	vocab	129	**依 41 §3 規則三入表（42 §2 之全量重建）。** 兩節皆未生成，現在判無處可用 —— sibling 判定之用途是寫 TC 時決定 `duplicate_of`／`distinguishing_axis`（§4.6）。其所屬組生成之日連同其他候選一併判定。**`deferred` 不是 `not-sibling`**：前者是「尚未問」，後者是「問過了，答案是否」
14.1.1	16.13	deferred	true	vocab	129	**依 41 §3 規則三入表（42 §2 之全量重建）。** 兩節皆未生成，現在判無處可用 —— sibling 判定之用途是寫 TC 時決定 `duplicate_of`／`distinguishing_axis`（§4.6）。其所屬組生成之日連同其他候選一併判定。**`deferred` 不是 `not-sibling`**：前者是「尚未問」，後者是「問過了，答案是否」
14.1.1	16.17	deferred	true	vocab	129	**依 41 §3 規則三入表（42 §2 之全量重建）。** 兩節皆未生成，現在判無處可用 —— sibling 判定之用途是寫 TC 時決定 `duplicate_of`／`distinguishing_axis`（§4.6）。其所屬組生成之日連同其他候選一併判定。**`deferred` 不是 `not-sibling`**：前者是「尚未問」，後者是「問過了，答案是否」
14.1.1	16.2	deferred	true	vocab	129	**依 41 §3 規則三入表（42 §2 之全量重建）。** 兩節皆未生成，現在判無處可用 —— sibling 判定之用途是寫 TC 時決定 `duplicate_of`／`distinguishing_axis`（§4.6）。其所屬組生成之日連同其他候選一併判定。**`deferred` 不是 `not-sibling`**：前者是「尚未問」，後者是「問過了，答案是否」
14.1.1	16.3	deferred	true	vocab	129	**依 41 §3 規則三入表（42 §2 之全量重建）。** 兩節皆未生成，現在判無處可用 —— sibling 判定之用途是寫 TC 時決定 `duplicate_of`／`distinguishing_axis`（§4.6）。其所屬組生成之日連同其他候選一併判定。**`deferred` 不是 `not-sibling`**：前者是「尚未問」，後者是「問過了，答案是否」
14.1.1	16.7	deferred	true	vocab	129	**依 41 §3 規則三入表（42 §2 之全量重建）。** 兩節皆未生成，現在判無處可用 —— sibling 判定之用途是寫 TC 時決定 `duplicate_of`／`distinguishing_axis`（§4.6）。其所屬組生成之日連同其他候選一併判定。**`deferred` 不是 `not-sibling`**：前者是「尚未問」，後者是「問過了，答案是否」
14.1.1	16.8	deferred	true	vocab	129	**依 41 §3 規則三入表（42 §2 之全量重建）。** 兩節皆未生成，現在判無處可用 —— sibling 判定之用途是寫 TC 時決定 `duplicate_of`／`distinguishing_axis`（§4.6）。其所屬組生成之日連同其他候選一併判定。**`deferred` 不是 `not-sibling`**：前者是「尚未問」，後者是「問過了，答案是否」
14.1.1	17.2	deferred	true	vocab	129	**依 41 §3 規則三入表（42 §2 之全量重建）。** 兩節皆未生成，現在判無處可用 —— sibling 判定之用途是寫 TC 時決定 `duplicate_of`／`distinguishing_axis`（§4.6）。其所屬組生成之日連同其他候選一併判定。**`deferred` 不是 `not-sibling`**：前者是「尚未問」，後者是「問過了，答案是否」
14.10	16.10	deferred	true	vocab	129	**依 41 §3 規則三入表（42 §2 之全量重建）。** 兩節皆未生成，現在判無處可用 —— sibling 判定之用途是寫 TC 時決定 `duplicate_of`／`distinguishing_axis`（§4.6）。其所屬組生成之日連同其他候選一併判定。**`deferred` 不是 `not-sibling`**：前者是「尚未問」，後者是「問過了，答案是否」
14.10	16.11	deferred	true	vocab	129	**依 41 §3 規則三入表（42 §2 之全量重建）。** 兩節皆未生成，現在判無處可用 —— sibling 判定之用途是寫 TC 時決定 `duplicate_of`／`distinguishing_axis`（§4.6）。其所屬組生成之日連同其他候選一併判定。**`deferred` 不是 `not-sibling`**：前者是「尚未問」，後者是「問過了，答案是否」
14.10	16.12	deferred	true	vocab	129	**依 41 §3 規則三入表（42 §2 之全量重建）。** 兩節皆未生成，現在判無處可用 —— sibling 判定之用途是寫 TC 時決定 `duplicate_of`／`distinguishing_axis`（§4.6）。其所屬組生成之日連同其他候選一併判定。**`deferred` 不是 `not-sibling`**：前者是「尚未問」，後者是「問過了，答案是否」
14.10	16.12.1	deferred	true	vocab	129	**依 41 §3 規則三入表（42 §2 之全量重建）。** 兩節皆未生成，現在判無處可用 —— sibling 判定之用途是寫 TC 時決定 `duplicate_of`／`distinguishing_axis`（§4.6）。其所屬組生成之日連同其他候選一併判定。**`deferred` 不是 `not-sibling`**：前者是「尚未問」，後者是「問過了，答案是否」
14.10	16.13	deferred	true	vocab	129	**依 41 §3 規則三入表（42 §2 之全量重建）。** 兩節皆未生成，現在判無處可用 —— sibling 判定之用途是寫 TC 時決定 `duplicate_of`／`distinguishing_axis`（§4.6）。其所屬組生成之日連同其他候選一併判定。**`deferred` 不是 `not-sibling`**：前者是「尚未問」，後者是「問過了，答案是否」
14.10	16.3	deferred	true	vocab	129	**依 41 §3 規則三入表（42 §2 之全量重建）。** 兩節皆未生成，現在判無處可用 —— sibling 判定之用途是寫 TC 時決定 `duplicate_of`／`distinguishing_axis`（§4.6）。其所屬組生成之日連同其他候選一併判定。**`deferred` 不是 `not-sibling`**：前者是「尚未問」，後者是「問過了，答案是否」
14.10	16.8	deferred	true	vocab	129	**依 41 §3 規則三入表（42 §2 之全量重建）。** 兩節皆未生成，現在判無處可用 —— sibling 判定之用途是寫 TC 時決定 `duplicate_of`／`distinguishing_axis`（§4.6）。其所屬組生成之日連同其他候選一併判定。**`deferred` 不是 `not-sibling`**：前者是「尚未問」，後者是「問過了，答案是否」
14.10.1	16.10	deferred	true	vocab	129	**依 41 §3 規則三入表（42 §2 之全量重建）。** 兩節皆未生成，現在判無處可用 —— sibling 判定之用途是寫 TC 時決定 `duplicate_of`／`distinguishing_axis`（§4.6）。其所屬組生成之日連同其他候選一併判定。**`deferred` 不是 `not-sibling`**：前者是「尚未問」，後者是「問過了，答案是否」
14.10.1	16.11	deferred	true	vocab	129	**依 41 §3 規則三入表（42 §2 之全量重建）。** 兩節皆未生成，現在判無處可用 —— sibling 判定之用途是寫 TC 時決定 `duplicate_of`／`distinguishing_axis`（§4.6）。其所屬組生成之日連同其他候選一併判定。**`deferred` 不是 `not-sibling`**：前者是「尚未問」，後者是「問過了，答案是否」
14.10.1	16.12	deferred	true	vocab	129	**依 41 §3 規則三入表（42 §2 之全量重建）。** 兩節皆未生成，現在判無處可用 —— sibling 判定之用途是寫 TC 時決定 `duplicate_of`／`distinguishing_axis`（§4.6）。其所屬組生成之日連同其他候選一併判定。**`deferred` 不是 `not-sibling`**：前者是「尚未問」，後者是「問過了，答案是否」
14.10.1	16.12.1	deferred	true	vocab	129	**依 41 §3 規則三入表（42 §2 之全量重建）。** 兩節皆未生成，現在判無處可用 —— sibling 判定之用途是寫 TC 時決定 `duplicate_of`／`distinguishing_axis`（§4.6）。其所屬組生成之日連同其他候選一併判定。**`deferred` 不是 `not-sibling`**：前者是「尚未問」，後者是「問過了，答案是否」
14.10.1	16.13	deferred	true	vocab	129	**依 41 §3 規則三入表（42 §2 之全量重建）。** 兩節皆未生成，現在判無處可用 —— sibling 判定之用途是寫 TC 時決定 `duplicate_of`／`distinguishing_axis`（§4.6）。其所屬組生成之日連同其他候選一併判定。**`deferred` 不是 `not-sibling`**：前者是「尚未問」，後者是「問過了，答案是否」
14.10.1	16.17	deferred	true	vocab	129	**依 41 §3 規則三入表（42 §2 之全量重建）。** 兩節皆未生成，現在判無處可用 —— sibling 判定之用途是寫 TC 時決定 `duplicate_of`／`distinguishing_axis`（§4.6）。其所屬組生成之日連同其他候選一併判定。**`deferred` 不是 `not-sibling`**：前者是「尚未問」，後者是「問過了，答案是否」
14.10.1	16.2	deferred	true	vocab	129	**依 41 §3 規則三入表（42 §2 之全量重建）。** 兩節皆未生成，現在判無處可用 —— sibling 判定之用途是寫 TC 時決定 `duplicate_of`／`distinguishing_axis`（§4.6）。其所屬組生成之日連同其他候選一併判定。**`deferred` 不是 `not-sibling`**：前者是「尚未問」，後者是「問過了，答案是否」
14.10.1	16.3	deferred	true	vocab	129	**依 41 §3 規則三入表（42 §2 之全量重建）。** 兩節皆未生成，現在判無處可用 —— sibling 判定之用途是寫 TC 時決定 `duplicate_of`／`distinguishing_axis`（§4.6）。其所屬組生成之日連同其他候選一併判定。**`deferred` 不是 `not-sibling`**：前者是「尚未問」，後者是「問過了，答案是否」
14.10.1	16.7	deferred	true	vocab	129	**依 41 §3 規則三入表（42 §2 之全量重建）。** 兩節皆未生成，現在判無處可用 —— sibling 判定之用途是寫 TC 時決定 `duplicate_of`／`distinguishing_axis`（§4.6）。其所屬組生成之日連同其他候選一併判定。**`deferred` 不是 `not-sibling`**：前者是「尚未問」，後者是「問過了，答案是否」
14.10.1	16.8	deferred	true	vocab	129	**依 41 §3 規則三入表（42 §2 之全量重建）。** 兩節皆未生成，現在判無處可用 —— sibling 判定之用途是寫 TC 時決定 `duplicate_of`／`distinguishing_axis`（§4.6）。其所屬組生成之日連同其他候選一併判定。**`deferred` 不是 `not-sibling`**：前者是「尚未問」，後者是「問過了，答案是否」
14.10.1	17.2	deferred	true	vocab	129	**依 41 §3 規則三入表（42 §2 之全量重建）。** 兩節皆未生成，現在判無處可用 —— sibling 判定之用途是寫 TC 時決定 `duplicate_of`／`distinguishing_axis`（§4.6）。其所屬組生成之日連同其他候選一併判定。**`deferred` 不是 `not-sibling`**：前者是「尚未問」，後者是「問過了，答案是否」
14.11	16.10	deferred	true	vocab	129	**依 41 §3 規則三入表（42 §2 之全量重建）。** 兩節皆未生成，現在判無處可用 —— sibling 判定之用途是寫 TC 時決定 `duplicate_of`／`distinguishing_axis`（§4.6）。其所屬組生成之日連同其他候選一併判定。**`deferred` 不是 `not-sibling`**：前者是「尚未問」，後者是「問過了，答案是否」
14.11	16.11	deferred	true	vocab	129	**依 41 §3 規則三入表（42 §2 之全量重建）。** 兩節皆未生成，現在判無處可用 —— sibling 判定之用途是寫 TC 時決定 `duplicate_of`／`distinguishing_axis`（§4.6）。其所屬組生成之日連同其他候選一併判定。**`deferred` 不是 `not-sibling`**：前者是「尚未問」，後者是「問過了，答案是否」
14.11	16.12	deferred	true	vocab	129	**依 41 §3 規則三入表（42 §2 之全量重建）。** 兩節皆未生成，現在判無處可用 —— sibling 判定之用途是寫 TC 時決定 `duplicate_of`／`distinguishing_axis`（§4.6）。其所屬組生成之日連同其他候選一併判定。**`deferred` 不是 `not-sibling`**：前者是「尚未問」，後者是「問過了，答案是否」
14.11	16.13	deferred	true	vocab	129	**依 41 §3 規則三入表（42 §2 之全量重建）。** 兩節皆未生成，現在判無處可用 —— sibling 判定之用途是寫 TC 時決定 `duplicate_of`／`distinguishing_axis`（§4.6）。其所屬組生成之日連同其他候選一併判定。**`deferred` 不是 `not-sibling`**：前者是「尚未問」，後者是「問過了，答案是否」
14.11	16.17	deferred	true	vocab	129	**依 41 §3 規則三入表（42 §2 之全量重建）。** 兩節皆未生成，現在判無處可用 —— sibling 判定之用途是寫 TC 時決定 `duplicate_of`／`distinguishing_axis`（§4.6）。其所屬組生成之日連同其他候選一併判定。**`deferred` 不是 `not-sibling`**：前者是「尚未問」，後者是「問過了，答案是否」
14.11	16.2	deferred	true	vocab	129	**依 41 §3 規則三入表（42 §2 之全量重建）。** 兩節皆未生成，現在判無處可用 —— sibling 判定之用途是寫 TC 時決定 `duplicate_of`／`distinguishing_axis`（§4.6）。其所屬組生成之日連同其他候選一併判定。**`deferred` 不是 `not-sibling`**：前者是「尚未問」，後者是「問過了，答案是否」
14.11	16.3	deferred	true	vocab	129	**依 41 §3 規則三入表（42 §2 之全量重建）。** 兩節皆未生成，現在判無處可用 —— sibling 判定之用途是寫 TC 時決定 `duplicate_of`／`distinguishing_axis`（§4.6）。其所屬組生成之日連同其他候選一併判定。**`deferred` 不是 `not-sibling`**：前者是「尚未問」，後者是「問過了，答案是否」
14.11	16.7	deferred	true	vocab	129	**依 41 §3 規則三入表（42 §2 之全量重建）。** 兩節皆未生成，現在判無處可用 —— sibling 判定之用途是寫 TC 時決定 `duplicate_of`／`distinguishing_axis`（§4.6）。其所屬組生成之日連同其他候選一併判定。**`deferred` 不是 `not-sibling`**：前者是「尚未問」，後者是「問過了，答案是否」
14.11	16.8	deferred	true	vocab	129	**依 41 §3 規則三入表（42 §2 之全量重建）。** 兩節皆未生成，現在判無處可用 —— sibling 判定之用途是寫 TC 時決定 `duplicate_of`／`distinguishing_axis`（§4.6）。其所屬組生成之日連同其他候選一併判定。**`deferred` 不是 `not-sibling`**：前者是「尚未問」，後者是「問過了，答案是否」
14.11	17.2	deferred	true	vocab	129	**依 41 §3 規則三入表（42 §2 之全量重建）。** 兩節皆未生成，現在判無處可用 —— sibling 判定之用途是寫 TC 時決定 `duplicate_of`／`distinguishing_axis`（§4.6）。其所屬組生成之日連同其他候選一併判定。**`deferred` 不是 `not-sibling`**：前者是「尚未問」，後者是「問過了，答案是否」
14.13	16.10	deferred	true	vocab	129	**依 41 §3 規則三入表（42 §2 之全量重建）。** 兩節皆未生成，現在判無處可用 —— sibling 判定之用途是寫 TC 時決定 `duplicate_of`／`distinguishing_axis`（§4.6）。其所屬組生成之日連同其他候選一併判定。**`deferred` 不是 `not-sibling`**：前者是「尚未問」，後者是「問過了，答案是否」
14.13	16.11	deferred	true	vocab	129	**依 41 §3 規則三入表（42 §2 之全量重建）。** 兩節皆未生成，現在判無處可用 —— sibling 判定之用途是寫 TC 時決定 `duplicate_of`／`distinguishing_axis`（§4.6）。其所屬組生成之日連同其他候選一併判定。**`deferred` 不是 `not-sibling`**：前者是「尚未問」，後者是「問過了，答案是否」
14.13	16.12	deferred	true	vocab	129	**依 41 §3 規則三入表（42 §2 之全量重建）。** 兩節皆未生成，現在判無處可用 —— sibling 判定之用途是寫 TC 時決定 `duplicate_of`／`distinguishing_axis`（§4.6）。其所屬組生成之日連同其他候選一併判定。**`deferred` 不是 `not-sibling`**：前者是「尚未問」，後者是「問過了，答案是否」
14.13	16.12.1	deferred	true	vocab	129	**依 41 §3 規則三入表（42 §2 之全量重建）。** 兩節皆未生成，現在判無處可用 —— sibling 判定之用途是寫 TC 時決定 `duplicate_of`／`distinguishing_axis`（§4.6）。其所屬組生成之日連同其他候選一併判定。**`deferred` 不是 `not-sibling`**：前者是「尚未問」，後者是「問過了，答案是否」
14.13	16.13	deferred	true	vocab	129	**依 41 §3 規則三入表（42 §2 之全量重建）。** 兩節皆未生成，現在判無處可用 —— sibling 判定之用途是寫 TC 時決定 `duplicate_of`／`distinguishing_axis`（§4.6）。其所屬組生成之日連同其他候選一併判定。**`deferred` 不是 `not-sibling`**：前者是「尚未問」，後者是「問過了，答案是否」
14.13	16.14	deferred	true	vocab	129	**依 41 §3 規則三入表（42 §2 之全量重建）。** 兩節皆未生成，現在判無處可用 —— sibling 判定之用途是寫 TC 時決定 `duplicate_of`／`distinguishing_axis`（§4.6）。其所屬組生成之日連同其他候選一併判定。**`deferred` 不是 `not-sibling`**：前者是「尚未問」，後者是「問過了，答案是否」
14.13	16.17	deferred	true	vocab	129	**依 41 §3 規則三入表（42 §2 之全量重建）。** 兩節皆未生成，現在判無處可用 —— sibling 判定之用途是寫 TC 時決定 `duplicate_of`／`distinguishing_axis`（§4.6）。其所屬組生成之日連同其他候選一併判定。**`deferred` 不是 `not-sibling`**：前者是「尚未問」，後者是「問過了，答案是否」
14.13	16.2	deferred	true	vocab	129	**依 41 §3 規則三入表（42 §2 之全量重建）。** 兩節皆未生成，現在判無處可用 —— sibling 判定之用途是寫 TC 時決定 `duplicate_of`／`distinguishing_axis`（§4.6）。其所屬組生成之日連同其他候選一併判定。**`deferred` 不是 `not-sibling`**：前者是「尚未問」，後者是「問過了，答案是否」
14.13	16.3	deferred	true	vocab	129	**依 41 §3 規則三入表（42 §2 之全量重建）。** 兩節皆未生成，現在判無處可用 —— sibling 判定之用途是寫 TC 時決定 `duplicate_of`／`distinguishing_axis`（§4.6）。其所屬組生成之日連同其他候選一併判定。**`deferred` 不是 `not-sibling`**：前者是「尚未問」，後者是「問過了，答案是否」
14.13	16.6	deferred	true	vocab	129	**依 41 §3 規則三入表（42 §2 之全量重建）。** 兩節皆未生成，現在判無處可用 —— sibling 判定之用途是寫 TC 時決定 `duplicate_of`／`distinguishing_axis`（§4.6）。其所屬組生成之日連同其他候選一併判定。**`deferred` 不是 `not-sibling`**：前者是「尚未問」，後者是「問過了，答案是否」
14.13	16.6.1	deferred	true	vocab	129	**依 41 §3 規則三入表（42 §2 之全量重建）。** 兩節皆未生成，現在判無處可用 —— sibling 判定之用途是寫 TC 時決定 `duplicate_of`／`distinguishing_axis`（§4.6）。其所屬組生成之日連同其他候選一併判定。**`deferred` 不是 `not-sibling`**：前者是「尚未問」，後者是「問過了，答案是否」
14.13	16.7	deferred	true	vocab	129	**依 41 §3 規則三入表（42 §2 之全量重建）。** 兩節皆未生成，現在判無處可用 —— sibling 判定之用途是寫 TC 時決定 `duplicate_of`／`distinguishing_axis`（§4.6）。其所屬組生成之日連同其他候選一併判定。**`deferred` 不是 `not-sibling`**：前者是「尚未問」，後者是「問過了，答案是否」
14.13	16.8	deferred	true	vocab	129	**依 41 §3 規則三入表（42 §2 之全量重建）。** 兩節皆未生成，現在判無處可用 —— sibling 判定之用途是寫 TC 時決定 `duplicate_of`／`distinguishing_axis`（§4.6）。其所屬組生成之日連同其他候選一併判定。**`deferred` 不是 `not-sibling`**：前者是「尚未問」，後者是「問過了，答案是否」
14.13	17.2	deferred	true	vocab	129	**依 41 §3 規則三入表（42 §2 之全量重建）。** 兩節皆未生成，現在判無處可用 —— sibling 判定之用途是寫 TC 時決定 `duplicate_of`／`distinguishing_axis`（§4.6）。其所屬組生成之日連同其他候選一併判定。**`deferred` 不是 `not-sibling`**：前者是「尚未問」，後者是「問過了，答案是否」
14.13	17.5	deferred	true	vocab	129	**依 41 §3 規則三入表（42 §2 之全量重建）。** 兩節皆未生成，現在判無處可用 —— sibling 判定之用途是寫 TC 時決定 `duplicate_of`／`distinguishing_axis`（§4.6）。其所屬組生成之日連同其他候選一併判定。**`deferred` 不是 `not-sibling`**：前者是「尚未問」，後者是「問過了，答案是否」
14.17	16.11	deferred	true	vocab	129	**依 41 §3 規則三入表（42 §2 之全量重建）。** 兩節皆未生成，現在判無處可用 —— sibling 判定之用途是寫 TC 時決定 `duplicate_of`／`distinguishing_axis`（§4.6）。其所屬組生成之日連同其他候選一併判定。**`deferred` 不是 `not-sibling`**：前者是「尚未問」，後者是「問過了，答案是否」
14.17	16.13	deferred	true	vocab	129	**依 41 §3 規則三入表（42 §2 之全量重建）。** 兩節皆未生成，現在判無處可用 —— sibling 判定之用途是寫 TC 時決定 `duplicate_of`／`distinguishing_axis`（§4.6）。其所屬組生成之日連同其他候選一併判定。**`deferred` 不是 `not-sibling`**：前者是「尚未問」，後者是「問過了，答案是否」
14.17	16.14	deferred	true	vocab	129	**依 41 §3 規則三入表（42 §2 之全量重建）。** 兩節皆未生成，現在判無處可用 —— sibling 判定之用途是寫 TC 時決定 `duplicate_of`／`distinguishing_axis`（§4.6）。其所屬組生成之日連同其他候選一併判定。**`deferred` 不是 `not-sibling`**：前者是「尚未問」，後者是「問過了，答案是否」
14.17	16.2	deferred	true	vocab	129	**依 41 §3 規則三入表（42 §2 之全量重建）。** 兩節皆未生成，現在判無處可用 —— sibling 判定之用途是寫 TC 時決定 `duplicate_of`／`distinguishing_axis`（§4.6）。其所屬組生成之日連同其他候選一併判定。**`deferred` 不是 `not-sibling`**：前者是「尚未問」，後者是「問過了，答案是否」
14.17	16.3	deferred	true	vocab	129	**依 41 §3 規則三入表（42 §2 之全量重建）。** 兩節皆未生成，現在判無處可用 —— sibling 判定之用途是寫 TC 時決定 `duplicate_of`／`distinguishing_axis`（§4.6）。其所屬組生成之日連同其他候選一併判定。**`deferred` 不是 `not-sibling`**：前者是「尚未問」，後者是「問過了，答案是否」
14.17	16.6	deferred	true	vocab	129	**依 41 §3 規則三入表（42 §2 之全量重建）。** 兩節皆未生成，現在判無處可用 —— sibling 判定之用途是寫 TC 時決定 `duplicate_of`／`distinguishing_axis`（§4.6）。其所屬組生成之日連同其他候選一併判定。**`deferred` 不是 `not-sibling`**：前者是「尚未問」，後者是「問過了，答案是否」
14.17	16.6.1	deferred	true	vocab	129	**依 41 §3 規則三入表（42 §2 之全量重建）。** 兩節皆未生成，現在判無處可用 —— sibling 判定之用途是寫 TC 時決定 `duplicate_of`／`distinguishing_axis`（§4.6）。其所屬組生成之日連同其他候選一併判定。**`deferred` 不是 `not-sibling`**：前者是「尚未問」，後者是「問過了，答案是否」
14.17	16.8	deferred	true	vocab	129	**依 41 §3 規則三入表（42 §2 之全量重建）。** 兩節皆未生成，現在判無處可用 —— sibling 判定之用途是寫 TC 時決定 `duplicate_of`／`distinguishing_axis`（§4.6）。其所屬組生成之日連同其他候選一併判定。**`deferred` 不是 `not-sibling`**：前者是「尚未問」，後者是「問過了，答案是否」
14.17	17.2	deferred	true	vocab	129	**依 41 §3 規則三入表（42 §2 之全量重建）。** 兩節皆未生成，現在判無處可用 —— sibling 判定之用途是寫 TC 時決定 `duplicate_of`／`distinguishing_axis`（§4.6）。其所屬組生成之日連同其他候選一併判定。**`deferred` 不是 `not-sibling`**：前者是「尚未問」，後者是「問過了，答案是否」
14.17	17.5	deferred	true	vocab	129	**依 41 §3 規則三入表（42 §2 之全量重建）。** 兩節皆未生成，現在判無處可用 —— sibling 判定之用途是寫 TC 時決定 `duplicate_of`／`distinguishing_axis`（§4.6）。其所屬組生成之日連同其他候選一併判定。**`deferred` 不是 `not-sibling`**：前者是「尚未問」，後者是「問過了，答案是否」
14.19	16.10	deferred	true	vocab	129	**依 41 §3 規則三入表（42 §2 之全量重建）。** 兩節皆未生成，現在判無處可用 —— sibling 判定之用途是寫 TC 時決定 `duplicate_of`／`distinguishing_axis`（§4.6）。其所屬組生成之日連同其他候選一併判定。**`deferred` 不是 `not-sibling`**：前者是「尚未問」，後者是「問過了，答案是否」
14.19	16.11	deferred	true	vocab	129	**依 41 §3 規則三入表（42 §2 之全量重建）。** 兩節皆未生成，現在判無處可用 —— sibling 判定之用途是寫 TC 時決定 `duplicate_of`／`distinguishing_axis`（§4.6）。其所屬組生成之日連同其他候選一併判定。**`deferred` 不是 `not-sibling`**：前者是「尚未問」，後者是「問過了，答案是否」
14.19	16.12	deferred	true	vocab	129	**依 41 §3 規則三入表（42 §2 之全量重建）。** 兩節皆未生成，現在判無處可用 —— sibling 判定之用途是寫 TC 時決定 `duplicate_of`／`distinguishing_axis`（§4.6）。其所屬組生成之日連同其他候選一併判定。**`deferred` 不是 `not-sibling`**：前者是「尚未問」，後者是「問過了，答案是否」
14.19	16.12.1	deferred	true	vocab	129	**依 41 §3 規則三入表（42 §2 之全量重建）。** 兩節皆未生成，現在判無處可用 —— sibling 判定之用途是寫 TC 時決定 `duplicate_of`／`distinguishing_axis`（§4.6）。其所屬組生成之日連同其他候選一併判定。**`deferred` 不是 `not-sibling`**：前者是「尚未問」，後者是「問過了，答案是否」
14.19	16.13	deferred	true	vocab	129	**依 41 §3 規則三入表（42 §2 之全量重建）。** 兩節皆未生成，現在判無處可用 —— sibling 判定之用途是寫 TC 時決定 `duplicate_of`／`distinguishing_axis`（§4.6）。其所屬組生成之日連同其他候選一併判定。**`deferred` 不是 `not-sibling`**：前者是「尚未問」，後者是「問過了，答案是否」
14.19	16.14	deferred	true	vocab	129	**依 41 §3 規則三入表（42 §2 之全量重建）。** 兩節皆未生成，現在判無處可用 —— sibling 判定之用途是寫 TC 時決定 `duplicate_of`／`distinguishing_axis`（§4.6）。其所屬組生成之日連同其他候選一併判定。**`deferred` 不是 `not-sibling`**：前者是「尚未問」，後者是「問過了，答案是否」
14.19	16.17	deferred	true	vocab	129	**依 41 §3 規則三入表（42 §2 之全量重建）。** 兩節皆未生成，現在判無處可用 —— sibling 判定之用途是寫 TC 時決定 `duplicate_of`／`distinguishing_axis`（§4.6）。其所屬組生成之日連同其他候選一併判定。**`deferred` 不是 `not-sibling`**：前者是「尚未問」，後者是「問過了，答案是否」
14.19	16.2	deferred	true	vocab	129	**依 41 §3 規則三入表（42 §2 之全量重建）。** 兩節皆未生成，現在判無處可用 —— sibling 判定之用途是寫 TC 時決定 `duplicate_of`／`distinguishing_axis`（§4.6）。其所屬組生成之日連同其他候選一併判定。**`deferred` 不是 `not-sibling`**：前者是「尚未問」，後者是「問過了，答案是否」
14.19	16.3	deferred	true	vocab	129	**依 41 §3 規則三入表（42 §2 之全量重建）。** 兩節皆未生成，現在判無處可用 —— sibling 判定之用途是寫 TC 時決定 `duplicate_of`／`distinguishing_axis`（§4.6）。其所屬組生成之日連同其他候選一併判定。**`deferred` 不是 `not-sibling`**：前者是「尚未問」，後者是「問過了，答案是否」
14.19	16.6	deferred	true	vocab	129	**依 41 §3 規則三入表（42 §2 之全量重建）。** 兩節皆未生成，現在判無處可用 —— sibling 判定之用途是寫 TC 時決定 `duplicate_of`／`distinguishing_axis`（§4.6）。其所屬組生成之日連同其他候選一併判定。**`deferred` 不是 `not-sibling`**：前者是「尚未問」，後者是「問過了，答案是否」
14.19	16.6.1	deferred	true	vocab	129	**依 41 §3 規則三入表（42 §2 之全量重建）。** 兩節皆未生成，現在判無處可用 —— sibling 判定之用途是寫 TC 時決定 `duplicate_of`／`distinguishing_axis`（§4.6）。其所屬組生成之日連同其他候選一併判定。**`deferred` 不是 `not-sibling`**：前者是「尚未問」，後者是「問過了，答案是否」
14.19	16.7	deferred	true	vocab	129	**依 41 §3 規則三入表（42 §2 之全量重建）。** 兩節皆未生成，現在判無處可用 —— sibling 判定之用途是寫 TC 時決定 `duplicate_of`／`distinguishing_axis`（§4.6）。其所屬組生成之日連同其他候選一併判定。**`deferred` 不是 `not-sibling`**：前者是「尚未問」，後者是「問過了，答案是否」
14.19	16.8	deferred	true	vocab	129	**依 41 §3 規則三入表（42 §2 之全量重建）。** 兩節皆未生成，現在判無處可用 —— sibling 判定之用途是寫 TC 時決定 `duplicate_of`／`distinguishing_axis`（§4.6）。其所屬組生成之日連同其他候選一併判定。**`deferred` 不是 `not-sibling`**：前者是「尚未問」，後者是「問過了，答案是否」
14.19	17.2	deferred	true	vocab	129	**依 41 §3 規則三入表（42 §2 之全量重建）。** 兩節皆未生成，現在判無處可用 —— sibling 判定之用途是寫 TC 時決定 `duplicate_of`／`distinguishing_axis`（§4.6）。其所屬組生成之日連同其他候選一併判定。**`deferred` 不是 `not-sibling`**：前者是「尚未問」，後者是「問過了，答案是否」
14.19	17.5	deferred	true	vocab	129	**依 41 §3 規則三入表（42 §2 之全量重建）。** 兩節皆未生成，現在判無處可用 —— sibling 判定之用途是寫 TC 時決定 `duplicate_of`／`distinguishing_axis`（§4.6）。其所屬組生成之日連同其他候選一併判定。**`deferred` 不是 `not-sibling`**：前者是「尚未問」，後者是「問過了，答案是否」
14.3	16.10	deferred	true	vocab	129	**依 41 §3 規則三入表（42 §2 之全量重建）。** 兩節皆未生成，現在判無處可用 —— sibling 判定之用途是寫 TC 時決定 `duplicate_of`／`distinguishing_axis`（§4.6）。其所屬組生成之日連同其他候選一併判定。**`deferred` 不是 `not-sibling`**：前者是「尚未問」，後者是「問過了，答案是否」
14.3	16.11	deferred	true	vocab	129	**依 41 §3 規則三入表（42 §2 之全量重建）。** 兩節皆未生成，現在判無處可用 —— sibling 判定之用途是寫 TC 時決定 `duplicate_of`／`distinguishing_axis`（§4.6）。其所屬組生成之日連同其他候選一併判定。**`deferred` 不是 `not-sibling`**：前者是「尚未問」，後者是「問過了，答案是否」
14.3	16.12	deferred	true	vocab	129	**依 41 §3 規則三入表（42 §2 之全量重建）。** 兩節皆未生成，現在判無處可用 —— sibling 判定之用途是寫 TC 時決定 `duplicate_of`／`distinguishing_axis`（§4.6）。其所屬組生成之日連同其他候選一併判定。**`deferred` 不是 `not-sibling`**：前者是「尚未問」，後者是「問過了，答案是否」
14.3	16.12.1	deferred	true	vocab	129	**依 41 §3 規則三入表（42 §2 之全量重建）。** 兩節皆未生成，現在判無處可用 —— sibling 判定之用途是寫 TC 時決定 `duplicate_of`／`distinguishing_axis`（§4.6）。其所屬組生成之日連同其他候選一併判定。**`deferred` 不是 `not-sibling`**：前者是「尚未問」，後者是「問過了，答案是否」
14.3	16.13	deferred	true	vocab	129	**依 41 §3 規則三入表（42 §2 之全量重建）。** 兩節皆未生成，現在判無處可用 —— sibling 判定之用途是寫 TC 時決定 `duplicate_of`／`distinguishing_axis`（§4.6）。其所屬組生成之日連同其他候選一併判定。**`deferred` 不是 `not-sibling`**：前者是「尚未問」，後者是「問過了，答案是否」
14.3	16.17	deferred	true	vocab	129	**依 41 §3 規則三入表（42 §2 之全量重建）。** 兩節皆未生成，現在判無處可用 —— sibling 判定之用途是寫 TC 時決定 `duplicate_of`／`distinguishing_axis`（§4.6）。其所屬組生成之日連同其他候選一併判定。**`deferred` 不是 `not-sibling`**：前者是「尚未問」，後者是「問過了，答案是否」
14.3	16.2	deferred	true	vocab	129	**依 41 §3 規則三入表（42 §2 之全量重建）。** 兩節皆未生成，現在判無處可用 —— sibling 判定之用途是寫 TC 時決定 `duplicate_of`／`distinguishing_axis`（§4.6）。其所屬組生成之日連同其他候選一併判定。**`deferred` 不是 `not-sibling`**：前者是「尚未問」，後者是「問過了，答案是否」
14.3	16.3	deferred	true	vocab	129	**依 41 §3 規則三入表（42 §2 之全量重建）。** 兩節皆未生成，現在判無處可用 —— sibling 判定之用途是寫 TC 時決定 `duplicate_of`／`distinguishing_axis`（§4.6）。其所屬組生成之日連同其他候選一併判定。**`deferred` 不是 `not-sibling`**：前者是「尚未問」，後者是「問過了，答案是否」
14.3	16.7	deferred	true	vocab	129	**依 41 §3 規則三入表（42 §2 之全量重建）。** 兩節皆未生成，現在判無處可用 —— sibling 判定之用途是寫 TC 時決定 `duplicate_of`／`distinguishing_axis`（§4.6）。其所屬組生成之日連同其他候選一併判定。**`deferred` 不是 `not-sibling`**：前者是「尚未問」，後者是「問過了，答案是否」
14.3	16.8	deferred	true	vocab	129	**依 41 §3 規則三入表（42 §2 之全量重建）。** 兩節皆未生成，現在判無處可用 —— sibling 判定之用途是寫 TC 時決定 `duplicate_of`／`distinguishing_axis`（§4.6）。其所屬組生成之日連同其他候選一併判定。**`deferred` 不是 `not-sibling`**：前者是「尚未問」，後者是「問過了，答案是否」
14.3	17.2	deferred	true	vocab	129	**依 41 §3 規則三入表（42 §2 之全量重建）。** 兩節皆未生成，現在判無處可用 —— sibling 判定之用途是寫 TC 時決定 `duplicate_of`／`distinguishing_axis`（§4.6）。其所屬組生成之日連同其他候選一併判定。**`deferred` 不是 `not-sibling`**：前者是「尚未問」，後者是「問過了，答案是否」
14.4	16.10	deferred	true	vocab	129	**依 41 §3 規則三入表（42 §2 之全量重建）。** 兩節皆未生成，現在判無處可用 —— sibling 判定之用途是寫 TC 時決定 `duplicate_of`／`distinguishing_axis`（§4.6）。其所屬組生成之日連同其他候選一併判定。**`deferred` 不是 `not-sibling`**：前者是「尚未問」，後者是「問過了，答案是否」
14.4	16.11	deferred	true	vocab	129	**依 41 §3 規則三入表（42 §2 之全量重建）。** 兩節皆未生成，現在判無處可用 —— sibling 判定之用途是寫 TC 時決定 `duplicate_of`／`distinguishing_axis`（§4.6）。其所屬組生成之日連同其他候選一併判定。**`deferred` 不是 `not-sibling`**：前者是「尚未問」，後者是「問過了，答案是否」
14.4	16.12	deferred	true	vocab	129	**依 41 §3 規則三入表（42 §2 之全量重建）。** 兩節皆未生成，現在判無處可用 —— sibling 判定之用途是寫 TC 時決定 `duplicate_of`／`distinguishing_axis`（§4.6）。其所屬組生成之日連同其他候選一併判定。**`deferred` 不是 `not-sibling`**：前者是「尚未問」，後者是「問過了，答案是否」
14.4	16.12.1	deferred	true	vocab	129	**依 41 §3 規則三入表（42 §2 之全量重建）。** 兩節皆未生成，現在判無處可用 —— sibling 判定之用途是寫 TC 時決定 `duplicate_of`／`distinguishing_axis`（§4.6）。其所屬組生成之日連同其他候選一併判定。**`deferred` 不是 `not-sibling`**：前者是「尚未問」，後者是「問過了，答案是否」
14.4	16.13	deferred	true	vocab	129	**依 41 §3 規則三入表（42 §2 之全量重建）。** 兩節皆未生成，現在判無處可用 —— sibling 判定之用途是寫 TC 時決定 `duplicate_of`／`distinguishing_axis`（§4.6）。其所屬組生成之日連同其他候選一併判定。**`deferred` 不是 `not-sibling`**：前者是「尚未問」，後者是「問過了，答案是否」
14.4	16.3	deferred	true	vocab	129	**依 41 §3 規則三入表（42 §2 之全量重建）。** 兩節皆未生成，現在判無處可用 —— sibling 判定之用途是寫 TC 時決定 `duplicate_of`／`distinguishing_axis`（§4.6）。其所屬組生成之日連同其他候選一併判定。**`deferred` 不是 `not-sibling`**：前者是「尚未問」，後者是「問過了，答案是否」
14.4	16.8	deferred	true	vocab	129	**依 41 §3 規則三入表（42 §2 之全量重建）。** 兩節皆未生成，現在判無處可用 —— sibling 判定之用途是寫 TC 時決定 `duplicate_of`／`distinguishing_axis`（§4.6）。其所屬組生成之日連同其他候選一併判定。**`deferred` 不是 `not-sibling`**：前者是「尚未問」，後者是「問過了，答案是否」
15.1	16.10	deferred	true	vocab	129	**依 41 §3 規則三入表（42 §2 之全量重建）。** 兩節皆未生成，現在判無處可用 —— sibling 判定之用途是寫 TC 時決定 `duplicate_of`／`distinguishing_axis`（§4.6）。其所屬組生成之日連同其他候選一併判定。**`deferred` 不是 `not-sibling`**：前者是「尚未問」，後者是「問過了，答案是否」
15.1	16.11	deferred	true	vocab	129	**依 41 §3 規則三入表（42 §2 之全量重建）。** 兩節皆未生成，現在判無處可用 —— sibling 判定之用途是寫 TC 時決定 `duplicate_of`／`distinguishing_axis`（§4.6）。其所屬組生成之日連同其他候選一併判定。**`deferred` 不是 `not-sibling`**：前者是「尚未問」，後者是「問過了，答案是否」
15.1	16.12	deferred	true	vocab	129	**依 41 §3 規則三入表（42 §2 之全量重建）。** 兩節皆未生成，現在判無處可用 —— sibling 判定之用途是寫 TC 時決定 `duplicate_of`／`distinguishing_axis`（§4.6）。其所屬組生成之日連同其他候選一併判定。**`deferred` 不是 `not-sibling`**：前者是「尚未問」，後者是「問過了，答案是否」
15.1	16.12.1	deferred	true	vocab	129	**依 41 §3 規則三入表（42 §2 之全量重建）。** 兩節皆未生成，現在判無處可用 —— sibling 判定之用途是寫 TC 時決定 `duplicate_of`／`distinguishing_axis`（§4.6）。其所屬組生成之日連同其他候選一併判定。**`deferred` 不是 `not-sibling`**：前者是「尚未問」，後者是「問過了，答案是否」
15.1	16.13	deferred	true	vocab	129	**依 41 §3 規則三入表（42 §2 之全量重建）。** 兩節皆未生成，現在判無處可用 —— sibling 判定之用途是寫 TC 時決定 `duplicate_of`／`distinguishing_axis`（§4.6）。其所屬組生成之日連同其他候選一併判定。**`deferred` 不是 `not-sibling`**：前者是「尚未問」，後者是「問過了，答案是否」
15.1	16.14	deferred	true	vocab	129	**依 41 §3 規則三入表（42 §2 之全量重建）。** 兩節皆未生成，現在判無處可用 —— sibling 判定之用途是寫 TC 時決定 `duplicate_of`／`distinguishing_axis`（§4.6）。其所屬組生成之日連同其他候選一併判定。**`deferred` 不是 `not-sibling`**：前者是「尚未問」，後者是「問過了，答案是否」
15.1	16.15	deferred	true	vocab	129	**依 41 §3 規則三入表（42 §2 之全量重建）。** 兩節皆未生成，現在判無處可用 —— sibling 判定之用途是寫 TC 時決定 `duplicate_of`／`distinguishing_axis`（§4.6）。其所屬組生成之日連同其他候選一併判定。**`deferred` 不是 `not-sibling`**：前者是「尚未問」，後者是「問過了，答案是否」
15.1	16.17	deferred	true	vocab	129	**依 41 §3 規則三入表（42 §2 之全量重建）。** 兩節皆未生成，現在判無處可用 —— sibling 判定之用途是寫 TC 時決定 `duplicate_of`／`distinguishing_axis`（§4.6）。其所屬組生成之日連同其他候選一併判定。**`deferred` 不是 `not-sibling`**：前者是「尚未問」，後者是「問過了，答案是否」
15.1	16.2	deferred	true	vocab	129	**依 41 §3 規則三入表（42 §2 之全量重建）。** 兩節皆未生成，現在判無處可用 —— sibling 判定之用途是寫 TC 時決定 `duplicate_of`／`distinguishing_axis`（§4.6）。其所屬組生成之日連同其他候選一併判定。**`deferred` 不是 `not-sibling`**：前者是「尚未問」，後者是「問過了，答案是否」
15.1	16.3	deferred	true	vocab	129	**依 41 §3 規則三入表（42 §2 之全量重建）。** 兩節皆未生成，現在判無處可用 —— sibling 判定之用途是寫 TC 時決定 `duplicate_of`／`distinguishing_axis`（§4.6）。其所屬組生成之日連同其他候選一併判定。**`deferred` 不是 `not-sibling`**：前者是「尚未問」，後者是「問過了，答案是否」
15.1	16.4	deferred	true	vocab	129	**依 41 §3 規則三入表（42 §2 之全量重建）。** 兩節皆未生成，現在判無處可用 —— sibling 判定之用途是寫 TC 時決定 `duplicate_of`／`distinguishing_axis`（§4.6）。其所屬組生成之日連同其他候選一併判定。**`deferred` 不是 `not-sibling`**：前者是「尚未問」，後者是「問過了，答案是否」
15.1	16.7	deferred	true	vocab	129	**依 41 §3 規則三入表（42 §2 之全量重建）。** 兩節皆未生成，現在判無處可用 —— sibling 判定之用途是寫 TC 時決定 `duplicate_of`／`distinguishing_axis`（§4.6）。其所屬組生成之日連同其他候選一併判定。**`deferred` 不是 `not-sibling`**：前者是「尚未問」，後者是「問過了，答案是否」
15.1	16.8	deferred	true	vocab	129	**依 41 §3 規則三入表（42 §2 之全量重建）。** 兩節皆未生成，現在判無處可用 —— sibling 判定之用途是寫 TC 時決定 `duplicate_of`／`distinguishing_axis`（§4.6）。其所屬組生成之日連同其他候選一併判定。**`deferred` 不是 `not-sibling`**：前者是「尚未問」，後者是「問過了，答案是否」
15.1	16.9	deferred	true	via-hierarchy	129	**本對僅因階層關係而成為候選（43 §2，`source = via-hierarchy`）。** `15.1` 與 `16.9` 之詞彙集**無交集**；其共有語彙 ['DEFROST'] 係由特化詞導出之泛化詞（表：`AUTO ECO` → `AUTO`, `ECO HVAC` → `HVAC`, `FRONT DEF` → `DEFROST`, `MAX A/C` → `A/C`, `MAX DEF` → `DEFROST`, `REAR DEF` → `DEFROST`）。**階層不是等價** —— 每個 AUTO ECO 都是 AUTO，但 AUTO 不必然是 AUTO ECO，故本表單向且其輸出另標來源，不併入等價組。共有語彙為**低頻詞**，無既有類級判定可沿用，故記 `deferred`（尚未問）而非類級 verdict —— 對一個沒有類的詞給類級 verdict，等於宣稱一個沒有人做過的判定。
15.1	17.2	deferred	true	vocab	129	**依 41 §3 規則三入表（42 §2 之全量重建）。** 兩節皆未生成，現在判無處可用 —— sibling 判定之用途是寫 TC 時決定 `duplicate_of`／`distinguishing_axis`（§4.6）。其所屬組生成之日連同其他候選一併判定。**`deferred` 不是 `not-sibling`**：前者是「尚未問」，後者是「問過了，答案是否」
16.10	16.12	deferred	true	vocab	129	**依 41 §3 規則三入表（42 §2 之全量重建）。** 兩節皆未生成，現在判無處可用 —— sibling 判定之用途是寫 TC 時決定 `duplicate_of`／`distinguishing_axis`（§4.6）。其所屬組生成之日連同其他候選一併判定。**`deferred` 不是 `not-sibling`**：前者是「尚未問」，後者是「問過了，答案是否」
16.10	16.12.1	deferred	true	vocab	129	**依 41 §3 規則三入表（42 §2 之全量重建）。** 兩節皆未生成，現在判無處可用 —— sibling 判定之用途是寫 TC 時決定 `duplicate_of`／`distinguishing_axis`（§4.6）。其所屬組生成之日連同其他候選一併判定。**`deferred` 不是 `not-sibling`**：前者是「尚未問」，後者是「問過了，答案是否」
16.10	16.15	deferred	true	via-hierarchy	129	**本對僅因階層關係而成為候選（43 §2，`source = via-hierarchy`）。** `16.10` 與 `16.15` 之詞彙集**無交集**；其共有語彙 ['DEFROST'] 係由特化詞導出之泛化詞（表：`AUTO ECO` → `AUTO`, `ECO HVAC` → `HVAC`, `FRONT DEF` → `DEFROST`, `MAX A/C` → `A/C`, `MAX DEF` → `DEFROST`, `REAR DEF` → `DEFROST`）。**階層不是等價** —— 每個 AUTO ECO 都是 AUTO，但 AUTO 不必然是 AUTO ECO，故本表單向且其輸出另標來源，不併入等價組。共有語彙為**低頻詞**，無既有類級判定可沿用，故記 `deferred`（尚未問）而非類級 verdict —— 對一個沒有類的詞給類級 verdict，等於宣稱一個沒有人做過的判定。
16.10	16.17	deferred	true	vocab	129	**依 41 §3 規則三入表（42 §2 之全量重建）。** 兩節皆未生成，現在判無處可用 —— sibling 判定之用途是寫 TC 時決定 `duplicate_of`／`distinguishing_axis`（§4.6）。其所屬組生成之日連同其他候選一併判定。**`deferred` 不是 `not-sibling`**：前者是「尚未問」，後者是「問過了，答案是否」
16.10	17.2	deferred	true	vocab	129	**依 41 §3 規則三入表（42 §2 之全量重建）。** 兩節皆未生成，現在判無處可用 —— sibling 判定之用途是寫 TC 時決定 `duplicate_of`／`distinguishing_axis`（§4.6）。其所屬組生成之日連同其他候選一併判定。**`deferred` 不是 `not-sibling`**：前者是「尚未問」，後者是「問過了，答案是否」
16.11	16.12	deferred	true	vocab	129	**依 41 §3 規則三入表（42 §2 之全量重建）。** 兩節皆未生成，現在判無處可用 —— sibling 判定之用途是寫 TC 時決定 `duplicate_of`／`distinguishing_axis`（§4.6）。其所屬組生成之日連同其他候選一併判定。**`deferred` 不是 `not-sibling`**：前者是「尚未問」，後者是「問過了，答案是否」
16.11	16.12.1	deferred	true	vocab	129	**依 41 §3 規則三入表（42 §2 之全量重建）。** 兩節皆未生成，現在判無處可用 —— sibling 判定之用途是寫 TC 時決定 `duplicate_of`／`distinguishing_axis`（§4.6）。其所屬組生成之日連同其他候選一併判定。**`deferred` 不是 `not-sibling`**：前者是「尚未問」，後者是「問過了，答案是否」
16.11	16.14	deferred	true	vocab	129	**依 41 §3 規則三入表（42 §2 之全量重建）。** 兩節皆未生成，現在判無處可用 —— sibling 判定之用途是寫 TC 時決定 `duplicate_of`／`distinguishing_axis`（§4.6）。其所屬組生成之日連同其他候選一併判定。**`deferred` 不是 `not-sibling`**：前者是「尚未問」，後者是「問過了，答案是否」
16.11	16.17	deferred	true	vocab	129	**依 41 §3 規則三入表（42 §2 之全量重建）。** 兩節皆未生成，現在判無處可用 —— sibling 判定之用途是寫 TC 時決定 `duplicate_of`／`distinguishing_axis`（§4.6）。其所屬組生成之日連同其他候選一併判定。**`deferred` 不是 `not-sibling`**：前者是「尚未問」，後者是「問過了，答案是否」
16.11	17.2	deferred	true	vocab	129	**依 41 §3 規則三入表（42 §2 之全量重建）。** 兩節皆未生成，現在判無處可用 —— sibling 判定之用途是寫 TC 時決定 `duplicate_of`／`distinguishing_axis`（§4.6）。其所屬組生成之日連同其他候選一併判定。**`deferred` 不是 `not-sibling`**：前者是「尚未問」，後者是「問過了，答案是否」
16.11	17.5	deferred	true	vocab	129	**依 41 §3 規則三入表（42 §2 之全量重建）。** 兩節皆未生成，現在判無處可用 —— sibling 判定之用途是寫 TC 時決定 `duplicate_of`／`distinguishing_axis`（§4.6）。其所屬組生成之日連同其他候選一併判定。**`deferred` 不是 `not-sibling`**：前者是「尚未問」，後者是「問過了，答案是否」
16.12	16.13	deferred	true	vocab	129	**依 41 §3 規則三入表（42 §2 之全量重建）。** 兩節皆未生成，現在判無處可用 —— sibling 判定之用途是寫 TC 時決定 `duplicate_of`／`distinguishing_axis`（§4.6）。其所屬組生成之日連同其他候選一併判定。**`deferred` 不是 `not-sibling`**：前者是「尚未問」，後者是「問過了，答案是否」
16.12	16.17	deferred	true	vocab	129	**依 41 §3 規則三入表（42 §2 之全量重建）。** 兩節皆未生成，現在判無處可用 —— sibling 判定之用途是寫 TC 時決定 `duplicate_of`／`distinguishing_axis`（§4.6）。其所屬組生成之日連同其他候選一併判定。**`deferred` 不是 `not-sibling`**：前者是「尚未問」，後者是「問過了，答案是否」
16.12	17.2	deferred	true	vocab	129	**依 41 §3 規則三入表（42 §2 之全量重建）。** 兩節皆未生成，現在判無處可用 —— sibling 判定之用途是寫 TC 時決定 `duplicate_of`／`distinguishing_axis`（§4.6）。其所屬組生成之日連同其他候選一併判定。**`deferred` 不是 `not-sibling`**：前者是「尚未問」，後者是「問過了，答案是否」
16.12.1	16.13	deferred	true	vocab	129	**依 41 §3 規則三入表（42 §2 之全量重建）。** 兩節皆未生成，現在判無處可用 —— sibling 判定之用途是寫 TC 時決定 `duplicate_of`／`distinguishing_axis`（§4.6）。其所屬組生成之日連同其他候選一併判定。**`deferred` 不是 `not-sibling`**：前者是「尚未問」，後者是「問過了，答案是否」
16.13	16.14	deferred	true	vocab	129	**依 41 §3 規則三入表（42 §2 之全量重建）。** 兩節皆未生成，現在判無處可用 —— sibling 判定之用途是寫 TC 時決定 `duplicate_of`／`distinguishing_axis`（§4.6）。其所屬組生成之日連同其他候選一併判定。**`deferred` 不是 `not-sibling`**：前者是「尚未問」，後者是「問過了，答案是否」
16.13	16.15	deferred	true	via-hierarchy	129	**本對僅因階層關係而成為候選（43 §2，`source = via-hierarchy`）。** `16.13` 與 `16.15` 之詞彙集**無交集**；其共有語彙 ['DEFROST'] 係由特化詞導出之泛化詞（表：`AUTO ECO` → `AUTO`, `ECO HVAC` → `HVAC`, `FRONT DEF` → `DEFROST`, `MAX A/C` → `A/C`, `MAX DEF` → `DEFROST`, `REAR DEF` → `DEFROST`）。**階層不是等價** —— 每個 AUTO ECO 都是 AUTO，但 AUTO 不必然是 AUTO ECO，故本表單向且其輸出另標來源，不併入等價組。共有語彙為**低頻詞**，無既有類級判定可沿用，故記 `deferred`（尚未問）而非類級 verdict —— 對一個沒有類的詞給類級 verdict，等於宣稱一個沒有人做過的判定。
16.13	16.17	deferred	true	vocab	129	**依 41 §3 規則三入表（42 §2 之全量重建）。** 兩節皆未生成，現在判無處可用 —— sibling 判定之用途是寫 TC 時決定 `duplicate_of`／`distinguishing_axis`（§4.6）。其所屬組生成之日連同其他候選一併判定。**`deferred` 不是 `not-sibling`**：前者是「尚未問」，後者是「問過了，答案是否」
16.13	17.2	deferred	true	vocab	129	**依 41 §3 規則三入表（42 §2 之全量重建）。** 兩節皆未生成，現在判無處可用 —— sibling 判定之用途是寫 TC 時決定 `duplicate_of`／`distinguishing_axis`（§4.6）。其所屬組生成之日連同其他候選一併判定。**`deferred` 不是 `not-sibling`**：前者是「尚未問」，後者是「問過了，答案是否」
16.13	17.5	deferred	true	vocab	129	**依 41 §3 規則三入表（42 §2 之全量重建）。** 兩節皆未生成，現在判無處可用 —— sibling 判定之用途是寫 TC 時決定 `duplicate_of`／`distinguishing_axis`（§4.6）。其所屬組生成之日連同其他候選一併判定。**`deferred` 不是 `not-sibling`**：前者是「尚未問」，後者是「問過了，答案是否」
16.14	17.2	not-sibling	false	vocab	129	**43 §1 之重新確認（批次 8 使 17.2 落地）。** 非 §4.6 sibling —— ch16 十八節**無任何 widget 條文**（`ch16_mirror_map.tsv` 之 ch17 側全無列），且 17.2 之全部 TC 皆帶 EMEA 排除式 PC，兩者**不共存於同一車輛**。**新證據**：兩側 TC 皆已產出，17.2 之可觀察量為首頁 widget 上之元素，`16.14` 之可觀察量為 ICS climate screen，逐條比對無重疊。verdict 判為 `not-sibling`
16.14	17.5	deferred	true	vocab	129	**依 41 §3 規則三入表（42 §2 之全量重建）。** 兩節皆未生成，現在判無處可用 —— sibling 判定之用途是寫 TC 時決定 `duplicate_of`／`distinguishing_axis`（§4.6）。其所屬組生成之日連同其他候選一併判定。**`deferred` 不是 `not-sibling`**：前者是「尚未問」，後者是「問過了，答案是否」
16.17	17.2	not-sibling	false	vocab	129	**43 §1 之重新確認（批次 8 使 17.2 落地）。** 非 §4.6 sibling —— ch16 十八節**無任何 widget 條文**（`ch16_mirror_map.tsv` 之 ch17 側全無列），且 17.2 之全部 TC 皆帶 EMEA 排除式 PC，兩者**不共存於同一車輛**。**新證據**：兩側 TC 皆已產出，17.2 之可觀察量為首頁 widget 上之元素，`16.17` 之可觀察量為 ICS climate screen，逐條比對無重疊。verdict 判為 `not-sibling`
16.2	16.10	deferred	true	vocab	129	**依 41 §3 規則三入表（42 §2 之全量重建）。** 兩節皆未生成，現在判無處可用 —— sibling 判定之用途是寫 TC 時決定 `duplicate_of`／`distinguishing_axis`（§4.6）。其所屬組生成之日連同其他候選一併判定。**`deferred` 不是 `not-sibling`**：前者是「尚未問」，後者是「問過了，答案是否」
16.2	16.11	deferred	true	vocab	129	**依 41 §3 規則三入表（42 §2 之全量重建）。** 兩節皆未生成，現在判無處可用 —— sibling 判定之用途是寫 TC 時決定 `duplicate_of`／`distinguishing_axis`（§4.6）。其所屬組生成之日連同其他候選一併判定。**`deferred` 不是 `not-sibling`**：前者是「尚未問」，後者是「問過了，答案是否」
16.2	16.12	deferred	true	vocab	129	**依 41 §3 規則三入表（42 §2 之全量重建）。** 兩節皆未生成，現在判無處可用 —— sibling 判定之用途是寫 TC 時決定 `duplicate_of`／`distinguishing_axis`（§4.6）。其所屬組生成之日連同其他候選一併判定。**`deferred` 不是 `not-sibling`**：前者是「尚未問」，後者是「問過了，答案是否」
16.2	16.13	deferred	true	vocab	129	**依 41 §3 規則三入表（42 §2 之全量重建）。** 兩節皆未生成，現在判無處可用 —— sibling 判定之用途是寫 TC 時決定 `duplicate_of`／`distinguishing_axis`（§4.6）。其所屬組生成之日連同其他候選一併判定。**`deferred` 不是 `not-sibling`**：前者是「尚未問」，後者是「問過了，答案是否」
16.2	16.17	not-sibling	false	vocab	129	**43 §1 之重新確認（批次 7 使 16.6／16.6.1／16.7／16.17 落地）。** 本對之兩節**同屬 ch16 而分屬不同 Test Set**（`ICS Anatomy` vs `ICS Temperature and Fan`），非鏡射對亦非 §4.6 sibling：ICE1 定介面之狀態同步與 popup **通則**，ICE5／ICE5.1／ICE6 定溫度與風速之**值域與調整途徑**，ICE13 定 MTC 之界定，ICE15 定座椅控制之標示 —— 各自之可觀察量不重疊。**新證據**：兩側之 TC 皆已產出，逐條比對其 expected_result 無共用之可觀察量。verdict 判為 `not-sibling`
16.2	16.3	deferred	true	vocab	129	**依 41 §3 規則三入表（42 §2 之全量重建）。** 兩節皆未生成，現在判無處可用 —— sibling 判定之用途是寫 TC 時決定 `duplicate_of`／`distinguishing_axis`（§4.6）。其所屬組生成之日連同其他候選一併判定。**`deferred` 不是 `not-sibling`**：前者是「尚未問」，後者是「問過了，答案是否」
16.2	16.4	deferred	true	vocab	129	**依 41 §3 規則三入表（42 §2 之全量重建）。** 兩節皆未生成，現在判無處可用 —— sibling 判定之用途是寫 TC 時決定 `duplicate_of`／`distinguishing_axis`（§4.6）。其所屬組生成之日連同其他候選一併判定。**`deferred` 不是 `not-sibling`**：前者是「尚未問」，後者是「問過了，答案是否」
16.2	16.5	deferred	true	vocab	129	**依 41 §3 規則三入表（42 §2 之全量重建）。** 兩節皆未生成，現在判無處可用 —— sibling 判定之用途是寫 TC 時決定 `duplicate_of`／`distinguishing_axis`（§4.6）。其所屬組生成之日連同其他候選一併判定。**`deferred` 不是 `not-sibling`**：前者是「尚未問」，後者是「問過了，答案是否」
16.2	16.6	not-sibling	false	vocab	129	**43 §1 之重新確認（批次 7 使 16.6／16.6.1／16.7／16.17 落地）。** 本對之兩節**同屬 ch16 而分屬不同 Test Set**（`ICS Anatomy` vs `ICS Temperature and Fan`），非鏡射對亦非 §4.6 sibling：ICE1 定介面之狀態同步與 popup **通則**，ICE5／ICE5.1／ICE6 定溫度與風速之**值域與調整途徑**，ICE13 定 MTC 之界定，ICE15 定座椅控制之標示 —— 各自之可觀察量不重疊。**新證據**：兩側之 TC 皆已產出，逐條比對其 expected_result 無共用之可觀察量。verdict 判為 `not-sibling`
16.2	16.6.1	not-sibling	false	vocab	129	**43 §1 之重新確認（批次 7 使 16.6／16.6.1／16.7／16.17 落地）。** 本對之兩節**同屬 ch16 而分屬不同 Test Set**（`ICS Anatomy` vs `ICS Temperature and Fan`），非鏡射對亦非 §4.6 sibling：ICE1 定介面之狀態同步與 popup **通則**，ICE5／ICE5.1／ICE6 定溫度與風速之**值域與調整途徑**，ICE13 定 MTC 之界定，ICE15 定座椅控制之標示 —— 各自之可觀察量不重疊。**新證據**：兩側之 TC 皆已產出，逐條比對其 expected_result 無共用之可觀察量。verdict 判為 `not-sibling`
16.2	16.7	not-sibling	false	vocab	129	**43 §1 之重新確認（批次 7 使 16.6／16.6.1／16.7／16.17 落地）。** 本對之兩節**同屬 ch16 而分屬不同 Test Set**（`ICS Anatomy` vs `ICS Temperature and Fan`），非鏡射對亦非 §4.6 sibling：ICE1 定介面之狀態同步與 popup **通則**，ICE5／ICE5.1／ICE6 定溫度與風速之**值域與調整途徑**，ICE13 定 MTC 之界定，ICE15 定座椅控制之標示 —— 各自之可觀察量不重疊。**新證據**：兩側之 TC 皆已產出，逐條比對其 expected_result 無共用之可觀察量。verdict 判為 `not-sibling`
16.2	16.8	deferred	true	vocab	129	**依 41 §3 規則三入表（42 §2 之全量重建）。** 兩節皆未生成，現在判無處可用 —— sibling 判定之用途是寫 TC 時決定 `duplicate_of`／`distinguishing_axis`（§4.6）。其所屬組生成之日連同其他候選一併判定。**`deferred` 不是 `not-sibling`**：前者是「尚未問」，後者是「問過了，答案是否」
16.2	17.2	not-sibling	false	vocab	129	**43 §1 之重新確認（批次 8 使 17.2 落地）。** 非 §4.6 sibling —— ch16 十八節**無任何 widget 條文**（`ch16_mirror_map.tsv` 之 ch17 側全無列），且 17.2 之全部 TC 皆帶 EMEA 排除式 PC，兩者**不共存於同一車輛**。**新證據**：兩側 TC 皆已產出，17.2 之可觀察量為首頁 widget 上之元素，`16.2` 之可觀察量為 ICS climate screen，逐條比對無重疊。verdict 判為 `not-sibling`
16.2	17.5	deferred	true	vocab	129	**依 41 §3 規則三入表（42 §2 之全量重建）。** 兩節皆未生成，現在判無處可用 —— sibling 判定之用途是寫 TC 時決定 `duplicate_of`／`distinguishing_axis`（§4.6）。其所屬組生成之日連同其他候選一併判定。**`deferred` 不是 `not-sibling`**：前者是「尚未問」，後者是「問過了，答案是否」
16.3	16.12	deferred	true	vocab	129	**依 41 §3 規則三入表（42 §2 之全量重建）。** 兩節皆未生成，現在判無處可用 —— sibling 判定之用途是寫 TC 時決定 `duplicate_of`／`distinguishing_axis`（§4.6）。其所屬組生成之日連同其他候選一併判定。**`deferred` 不是 `not-sibling`**：前者是「尚未問」，後者是「問過了，答案是否」
16.3	16.12.1	deferred	true	vocab	129	**依 41 §3 規則三入表（42 §2 之全量重建）。** 兩節皆未生成，現在判無處可用 —— sibling 判定之用途是寫 TC 時決定 `duplicate_of`／`distinguishing_axis`（§4.6）。其所屬組生成之日連同其他候選一併判定。**`deferred` 不是 `not-sibling`**：前者是「尚未問」，後者是「問過了，答案是否」
16.3	16.14	deferred	true	vocab	129	**依 41 §3 規則三入表（42 §2 之全量重建）。** 兩節皆未生成，現在判無處可用 —— sibling 判定之用途是寫 TC 時決定 `duplicate_of`／`distinguishing_axis`（§4.6）。其所屬組生成之日連同其他候選一併判定。**`deferred` 不是 `not-sibling`**：前者是「尚未問」，後者是「問過了，答案是否」
16.3	16.15	deferred	true	via-hierarchy	129	**本對僅因階層關係而成為候選（43 §2，`source = via-hierarchy`）。** `16.15` 與 `16.3` 之詞彙集**無交集**；其共有語彙 ['DEFROST'] 係由特化詞導出之泛化詞（表：`AUTO ECO` → `AUTO`, `ECO HVAC` → `HVAC`, `FRONT DEF` → `DEFROST`, `MAX A/C` → `A/C`, `MAX DEF` → `DEFROST`, `REAR DEF` → `DEFROST`）。**階層不是等價** —— 每個 AUTO ECO 都是 AUTO，但 AUTO 不必然是 AUTO ECO，故本表單向且其輸出另標來源，不併入等價組。共有語彙為**低頻詞**，無既有類級判定可沿用，故記 `deferred`（尚未問）而非類級 verdict —— 對一個沒有類的詞給類級 verdict，等於宣稱一個沒有人做過的判定。
16.3	16.17	deferred	true	vocab	129	**依 41 §3 規則三入表（42 §2 之全量重建）。** 兩節皆未生成，現在判無處可用 —— sibling 判定之用途是寫 TC 時決定 `duplicate_of`／`distinguishing_axis`（§4.6）。其所屬組生成之日連同其他候選一併判定。**`deferred` 不是 `not-sibling`**：前者是「尚未問」，後者是「問過了，答案是否」
16.3	16.6	deferred	true	vocab	129	**依 41 §3 規則三入表（42 §2 之全量重建）。** 兩節皆未生成，現在判無處可用 —— sibling 判定之用途是寫 TC 時決定 `duplicate_of`／`distinguishing_axis`（§4.6）。其所屬組生成之日連同其他候選一併判定。**`deferred` 不是 `not-sibling`**：前者是「尚未問」，後者是「問過了，答案是否」
16.3	16.6.1	deferred	true	vocab	129	**依 41 §3 規則三入表（42 §2 之全量重建）。** 兩節皆未生成，現在判無處可用 —— sibling 判定之用途是寫 TC 時決定 `duplicate_of`／`distinguishing_axis`（§4.6）。其所屬組生成之日連同其他候選一併判定。**`deferred` 不是 `not-sibling`**：前者是「尚未問」，後者是「問過了，答案是否」
16.3	16.7	deferred	true	vocab	129	**依 41 §3 規則三入表（42 §2 之全量重建）。** 兩節皆未生成，現在判無處可用 —— sibling 判定之用途是寫 TC 時決定 `duplicate_of`／`distinguishing_axis`（§4.6）。其所屬組生成之日連同其他候選一併判定。**`deferred` 不是 `not-sibling`**：前者是「尚未問」，後者是「問過了，答案是否」
16.3	16.8	deferred	true	vocab	129	**依 41 §3 規則三入表（42 §2 之全量重建）。** 兩節皆未生成，現在判無處可用 —— sibling 判定之用途是寫 TC 時決定 `duplicate_of`／`distinguishing_axis`（§4.6）。其所屬組生成之日連同其他候選一併判定。**`deferred` 不是 `not-sibling`**：前者是「尚未問」，後者是「問過了，答案是否」
16.3	16.9	deferred	true	via-hierarchy	129	**本對僅因階層關係而成為候選（43 §2，`source = via-hierarchy`）。** `16.3` 與 `16.9` 之詞彙集**無交集**；其共有語彙 ['DEFROST'] 係由特化詞導出之泛化詞（表：`AUTO ECO` → `AUTO`, `ECO HVAC` → `HVAC`, `FRONT DEF` → `DEFROST`, `MAX A/C` → `A/C`, `MAX DEF` → `DEFROST`, `REAR DEF` → `DEFROST`）。**階層不是等價** —— 每個 AUTO ECO 都是 AUTO，但 AUTO 不必然是 AUTO ECO，故本表單向且其輸出另標來源，不併入等價組。共有語彙為**低頻詞**，無既有類級判定可沿用，故記 `deferred`（尚未問）而非類級 verdict —— 對一個沒有類的詞給類級 verdict，等於宣稱一個沒有人做過的判定。
16.3	17.2	deferred	true	vocab	129	**依 41 §3 規則三入表（42 §2 之全量重建）。** 兩節皆未生成，現在判無處可用 —— sibling 判定之用途是寫 TC 時決定 `duplicate_of`／`distinguishing_axis`（§4.6）。其所屬組生成之日連同其他候選一併判定。**`deferred` 不是 `not-sibling`**：前者是「尚未問」，後者是「問過了，答案是否」
16.3	17.5	deferred	true	vocab	129	**依 41 §3 規則三入表（42 §2 之全量重建）。** 兩節皆未生成，現在判無處可用 —— sibling 判定之用途是寫 TC 時決定 `duplicate_of`／`distinguishing_axis`（§4.6）。其所屬組生成之日連同其他候選一併判定。**`deferred` 不是 `not-sibling`**：前者是「尚未問」，後者是「問過了，答案是否」
16.4	16.15	deferred	true	via-hierarchy	129	**本對僅因階層關係而成為候選（43 §2，`source = via-hierarchy`）。** `16.15` 與 `16.4` 之詞彙集**無交集**；其共有語彙 ['DEFROST'] 係由特化詞導出之泛化詞（表：`AUTO ECO` → `AUTO`, `ECO HVAC` → `HVAC`, `FRONT DEF` → `DEFROST`, `MAX A/C` → `A/C`, `MAX DEF` → `DEFROST`, `REAR DEF` → `DEFROST`）。**階層不是等價** —— 每個 AUTO ECO 都是 AUTO，但 AUTO 不必然是 AUTO ECO，故本表單向且其輸出另標來源，不併入等價組。共有語彙為**低頻詞**，無既有類級判定可沿用，故記 `deferred`（尚未問）而非類級 verdict —— 對一個沒有類的詞給類級 verdict，等於宣稱一個沒有人做過的判定。
16.4	16.8	deferred	true	vocab	129	**依 41 §3 規則三入表（42 §2 之全量重建）。** 兩節皆未生成，現在判無處可用 —— sibling 判定之用途是寫 TC 時決定 `duplicate_of`／`distinguishing_axis`（§4.6）。其所屬組生成之日連同其他候選一併判定。**`deferred` 不是 `not-sibling`**：前者是「尚未問」，後者是「問過了，答案是否」
16.4	16.9	deferred	true	vocab	129	**依 41 §3 規則三入表（42 §2 之全量重建）。** 兩節皆未生成，現在判無處可用 —— sibling 判定之用途是寫 TC 時決定 `duplicate_of`／`distinguishing_axis`（§4.6）。其所屬組生成之日連同其他候選一併判定。**`deferred` 不是 `not-sibling`**：前者是「尚未問」，後者是「問過了，答案是否」
16.4	17.2	deferred	true	vocab	129	**依 41 §3 規則三入表（42 §2 之全量重建）。** 兩節皆未生成，現在判無處可用 —— sibling 判定之用途是寫 TC 時決定 `duplicate_of`／`distinguishing_axis`（§4.6）。其所屬組生成之日連同其他候選一併判定。**`deferred` 不是 `not-sibling`**：前者是「尚未問」，後者是「問過了，答案是否」
16.5	16.8	deferred	true	vocab	129	**依 41 §3 規則三入表（42 §2 之全量重建）。** 兩節皆未生成，現在判無處可用 —— sibling 判定之用途是寫 TC 時決定 `duplicate_of`／`distinguishing_axis`（§4.6）。其所屬組生成之日連同其他候選一併判定。**`deferred` 不是 `not-sibling`**：前者是「尚未問」，後者是「問過了，答案是否」
16.6	16.11	deferred	true	vocab	129	**依 41 §3 規則三入表（42 §2 之全量重建）。** 兩節皆未生成，現在判無處可用 —— sibling 判定之用途是寫 TC 時決定 `duplicate_of`／`distinguishing_axis`（§4.6）。其所屬組生成之日連同其他候選一併判定。**`deferred` 不是 `not-sibling`**：前者是「尚未問」，後者是「問過了，答案是否」
16.6	16.13	deferred	true	vocab	129	**依 41 §3 規則三入表（42 §2 之全量重建）。** 兩節皆未生成，現在判無處可用 —— sibling 判定之用途是寫 TC 時決定 `duplicate_of`／`distinguishing_axis`（§4.6）。其所屬組生成之日連同其他候選一併判定。**`deferred` 不是 `not-sibling`**：前者是「尚未問」，後者是「問過了，答案是否」
16.6	16.14	not-sibling	false	vocab	129	**43 §1 之重新確認（批次 7 使 16.6／16.6.1／16.7／16.17 落地）。** 本對之兩節**同屬 ch16 而分屬不同 Test Set**（`ICS Anatomy` vs `ICS Temperature and Fan`），非鏡射對亦非 §4.6 sibling：ICE1 定介面之狀態同步與 popup **通則**，ICE5／ICE5.1／ICE6 定溫度與風速之**值域與調整途徑**，ICE13 定 MTC 之界定，ICE15 定座椅控制之標示 —— 各自之可觀察量不重疊。**新證據**：兩側之 TC 皆已產出，逐條比對其 expected_result 無共用之可觀察量。verdict 判為 `not-sibling`
16.6	16.8	deferred	true	vocab	129	**依 41 §3 規則三入表（42 §2 之全量重建）。** 兩節皆未生成，現在判無處可用 —— sibling 判定之用途是寫 TC 時決定 `duplicate_of`／`distinguishing_axis`（§4.6）。其所屬組生成之日連同其他候選一併判定。**`deferred` 不是 `not-sibling`**：前者是「尚未問」，後者是「問過了，答案是否」
16.6	17.2	not-sibling	false	vocab	129	**43 §1 之重新確認（批次 8 使 17.2 落地）。** 非 §4.6 sibling —— ch16 十八節**無任何 widget 條文**（`ch16_mirror_map.tsv` 之 ch17 側全無列），且 17.2 之全部 TC 皆帶 EMEA 排除式 PC，兩者**不共存於同一車輛**。**新證據**：兩側 TC 皆已產出，17.2 之可觀察量為首頁 widget 上之元素，`16.6` 之可觀察量為 ICS climate screen，逐條比對無重疊。verdict 判為 `not-sibling`
16.6	17.5	deferred	true	vocab	129	**依 41 §3 規則三入表（42 §2 之全量重建）。** 兩節皆未生成，現在判無處可用 —— sibling 判定之用途是寫 TC 時決定 `duplicate_of`／`distinguishing_axis`（§4.6）。其所屬組生成之日連同其他候選一併判定。**`deferred` 不是 `not-sibling`**：前者是「尚未問」，後者是「問過了，答案是否」
16.6.1	16.11	deferred	true	vocab	129	**依 41 §3 規則三入表（42 §2 之全量重建）。** 兩節皆未生成，現在判無處可用 —— sibling 判定之用途是寫 TC 時決定 `duplicate_of`／`distinguishing_axis`（§4.6）。其所屬組生成之日連同其他候選一併判定。**`deferred` 不是 `not-sibling`**：前者是「尚未問」，後者是「問過了，答案是否」
16.6.1	16.13	deferred	true	vocab	129	**依 41 §3 規則三入表（42 §2 之全量重建）。** 兩節皆未生成，現在判無處可用 —— sibling 判定之用途是寫 TC 時決定 `duplicate_of`／`distinguishing_axis`（§4.6）。其所屬組生成之日連同其他候選一併判定。**`deferred` 不是 `not-sibling`**：前者是「尚未問」，後者是「問過了，答案是否」
16.6.1	16.14	not-sibling	false	vocab	129	**43 §1 之重新確認（批次 7 使 16.6／16.6.1／16.7／16.17 落地）。** 本對之兩節**同屬 ch16 而分屬不同 Test Set**（`ICS Anatomy` vs `ICS Temperature and Fan`），非鏡射對亦非 §4.6 sibling：ICE1 定介面之狀態同步與 popup **通則**，ICE5／ICE5.1／ICE6 定溫度與風速之**值域與調整途徑**，ICE13 定 MTC 之界定，ICE15 定座椅控制之標示 —— 各自之可觀察量不重疊。**新證據**：兩側之 TC 皆已產出，逐條比對其 expected_result 無共用之可觀察量。verdict 判為 `not-sibling`
16.6.1	16.8	deferred	true	vocab	129	**依 41 §3 規則三入表（42 §2 之全量重建）。** 兩節皆未生成，現在判無處可用 —— sibling 判定之用途是寫 TC 時決定 `duplicate_of`／`distinguishing_axis`（§4.6）。其所屬組生成之日連同其他候選一併判定。**`deferred` 不是 `not-sibling`**：前者是「尚未問」，後者是「問過了，答案是否」
16.6.1	17.2	not-sibling	false	vocab	129	**43 §1 之重新確認（批次 8 使 17.2 落地）。** 非 §4.6 sibling —— ch16 十八節**無任何 widget 條文**（`ch16_mirror_map.tsv` 之 ch17 側全無列），且 17.2 之全部 TC 皆帶 EMEA 排除式 PC，兩者**不共存於同一車輛**。**新證據**：兩側 TC 皆已產出，17.2 之可觀察量為首頁 widget 上之元素，`16.6.1` 之可觀察量為 ICS climate screen，逐條比對無重疊。verdict 判為 `not-sibling`
16.6.1	17.5	deferred	true	vocab	129	**依 41 §3 規則三入表（42 §2 之全量重建）。** 兩節皆未生成，現在判無處可用 —— sibling 判定之用途是寫 TC 時決定 `duplicate_of`／`distinguishing_axis`（§4.6）。其所屬組生成之日連同其他候選一併判定。**`deferred` 不是 `not-sibling`**：前者是「尚未問」，後者是「問過了，答案是否」
16.7	16.10	deferred	true	vocab	129	**依 41 §3 規則三入表（42 §2 之全量重建）。** 兩節皆未生成，現在判無處可用 —— sibling 判定之用途是寫 TC 時決定 `duplicate_of`／`distinguishing_axis`（§4.6）。其所屬組生成之日連同其他候選一併判定。**`deferred` 不是 `not-sibling`**：前者是「尚未問」，後者是「問過了，答案是否」
16.7	16.11	deferred	true	vocab	129	**依 41 §3 規則三入表（42 §2 之全量重建）。** 兩節皆未生成，現在判無處可用 —— sibling 判定之用途是寫 TC 時決定 `duplicate_of`／`distinguishing_axis`（§4.6）。其所屬組生成之日連同其他候選一併判定。**`deferred` 不是 `not-sibling`**：前者是「尚未問」，後者是「問過了，答案是否」
16.7	16.12	deferred	true	vocab	129	**依 41 §3 規則三入表（42 §2 之全量重建）。** 兩節皆未生成，現在判無處可用 —— sibling 判定之用途是寫 TC 時決定 `duplicate_of`／`distinguishing_axis`（§4.6）。其所屬組生成之日連同其他候選一併判定。**`deferred` 不是 `not-sibling`**：前者是「尚未問」，後者是「問過了，答案是否」
16.7	16.13	deferred	true	vocab	129	**依 41 §3 規則三入表（42 §2 之全量重建）。** 兩節皆未生成，現在判無處可用 —— sibling 判定之用途是寫 TC 時決定 `duplicate_of`／`distinguishing_axis`（§4.6）。其所屬組生成之日連同其他候選一併判定。**`deferred` 不是 `not-sibling`**：前者是「尚未問」，後者是「問過了，答案是否」
16.7	16.14	not-sibling	false	vocab	129	**43 §1 之重新確認（批次 7 使 16.6／16.6.1／16.7／16.17 落地）。** 本對之兩節**同屬 ch16 而分屬不同 Test Set**（`ICS Anatomy` vs `ICS Temperature and Fan`），非鏡射對亦非 §4.6 sibling：ICE1 定介面之狀態同步與 popup **通則**，ICE5／ICE5.1／ICE6 定溫度與風速之**值域與調整途徑**，ICE13 定 MTC 之界定，ICE15 定座椅控制之標示 —— 各自之可觀察量不重疊。**新證據**：兩側之 TC 皆已產出，逐條比對其 expected_result 無共用之可觀察量。verdict 判為 `not-sibling`
16.7	16.8	deferred	true	vocab	129	**依 41 §3 規則三入表（42 §2 之全量重建）。** 兩節皆未生成，現在判無處可用 —— sibling 判定之用途是寫 TC 時決定 `duplicate_of`／`distinguishing_axis`（§4.6）。其所屬組生成之日連同其他候選一併判定。**`deferred` 不是 `not-sibling`**：前者是「尚未問」，後者是「問過了，答案是否」
16.7	17.2	not-sibling	false	vocab	129	**43 §1 之重新確認（批次 8 使 17.2 落地）。** 非 §4.6 sibling —— ch16 十八節**無任何 widget 條文**（`ch16_mirror_map.tsv` 之 ch17 側全無列），且 17.2 之全部 TC 皆帶 EMEA 排除式 PC，兩者**不共存於同一車輛**。**新證據**：兩側 TC 皆已產出，17.2 之可觀察量為首頁 widget 上之元素，`16.7` 之可觀察量為 ICS climate screen，逐條比對無重疊。verdict 判為 `not-sibling`
16.8	16.10	deferred	true	vocab	129	**依 41 §3 規則三入表（42 §2 之全量重建）。** 兩節皆未生成，現在判無處可用 —— sibling 判定之用途是寫 TC 時決定 `duplicate_of`／`distinguishing_axis`（§4.6）。其所屬組生成之日連同其他候選一併判定。**`deferred` 不是 `not-sibling`**：前者是「尚未問」，後者是「問過了，答案是否」
16.8	16.11	deferred	true	vocab	129	**依 41 §3 規則三入表（42 §2 之全量重建）。** 兩節皆未生成，現在判無處可用 —— sibling 判定之用途是寫 TC 時決定 `duplicate_of`／`distinguishing_axis`（§4.6）。其所屬組生成之日連同其他候選一併判定。**`deferred` 不是 `not-sibling`**：前者是「尚未問」，後者是「問過了，答案是否」
16.8	16.13	deferred	true	vocab	129	**依 41 §3 規則三入表（42 §2 之全量重建）。** 兩節皆未生成，現在判無處可用 —— sibling 判定之用途是寫 TC 時決定 `duplicate_of`／`distinguishing_axis`（§4.6）。其所屬組生成之日連同其他候選一併判定。**`deferred` 不是 `not-sibling`**：前者是「尚未問」，後者是「問過了，答案是否」
16.8	16.14	deferred	true	vocab	129	**依 41 §3 規則三入表（42 §2 之全量重建）。** 兩節皆未生成，現在判無處可用 —— sibling 判定之用途是寫 TC 時決定 `duplicate_of`／`distinguishing_axis`（§4.6）。其所屬組生成之日連同其他候選一併判定。**`deferred` 不是 `not-sibling`**：前者是「尚未問」，後者是「問過了，答案是否」
16.8	16.17	deferred	true	vocab	129	**依 41 §3 規則三入表（42 §2 之全量重建）。** 兩節皆未生成，現在判無處可用 —— sibling 判定之用途是寫 TC 時決定 `duplicate_of`／`distinguishing_axis`（§4.6）。其所屬組生成之日連同其他候選一併判定。**`deferred` 不是 `not-sibling`**：前者是「尚未問」，後者是「問過了，答案是否」
16.8	17.2	deferred	true	vocab	129	**依 41 §3 規則三入表（42 §2 之全量重建）。** 兩節皆未生成，現在判無處可用 —— sibling 判定之用途是寫 TC 時決定 `duplicate_of`／`distinguishing_axis`（§4.6）。其所屬組生成之日連同其他候選一併判定。**`deferred` 不是 `not-sibling`**：前者是「尚未問」，後者是「問過了，答案是否」
16.8	17.5	deferred	true	vocab	129	**依 41 §3 規則三入表（42 §2 之全量重建）。** 兩節皆未生成，現在判無處可用 —— sibling 判定之用途是寫 TC 時決定 `duplicate_of`／`distinguishing_axis`（§4.6）。其所屬組生成之日連同其他候選一併判定。**`deferred` 不是 `not-sibling`**：前者是「尚未問」，後者是「問過了，答案是否」
16.9	16.10	deferred	true	vocab	129	**依 41 §3 規則三入表（42 §2 之全量重建）。** 兩節皆未生成，現在判無處可用 —— sibling 判定之用途是寫 TC 時決定 `duplicate_of`／`distinguishing_axis`（§4.6）。其所屬組生成之日連同其他候選一併判定。**`deferred` 不是 `not-sibling`**：前者是「尚未問」，後者是「問過了，答案是否」
16.9	16.13	deferred	true	via-hierarchy	129	**本對僅因階層關係而成為候選（43 §2，`source = via-hierarchy`）。** `16.13` 與 `16.9` 之詞彙集**無交集**；其共有語彙 ['DEFROST'] 係由特化詞導出之泛化詞（表：`AUTO ECO` → `AUTO`, `ECO HVAC` → `HVAC`, `FRONT DEF` → `DEFROST`, `MAX A/C` → `A/C`, `MAX DEF` → `DEFROST`, `REAR DEF` → `DEFROST`）。**階層不是等價** —— 每個 AUTO ECO 都是 AUTO，但 AUTO 不必然是 AUTO ECO，故本表單向且其輸出另標來源，不併入等價組。共有語彙為**低頻詞**，無既有類級判定可沿用，故記 `deferred`（尚未問）而非類級 verdict —— 對一個沒有類的詞給類級 verdict，等於宣稱一個沒有人做過的判定。
2.10	10.1	not-sibling	false	vocab	129	**43 §1 之重新確認（批次 9 使 `Climate Modes` 六節落地）。** 非 sibling —— ch10（ECO HVAC）為 EV 之外加狀態且自身以委派字面回指標準 AUTO（10.5 `see standard ICE AUTO logics`），委派不是重述。**新證據**：本批 `2.3` 之九條所驗者為標準 AUTO 之狀態、互斥與中斷，ch10 之 TC 所驗者為 AUTO **三狀態之循環**與Menu Bar／popup 之反映，逐條比對無共用可觀察量。verdict 維持
2.10	10.5	not-sibling	false	vocab	129	**43 §1 之重新確認（批次 9 使 `Climate Modes` 六節落地）。** 非 sibling —— ch10（ECO HVAC）為 EV 之外加狀態且自身以委派字面回指標準 AUTO（10.5 `see standard ICE AUTO logics`），委派不是重述。**新證據**：本批 `2.3` 之九條所驗者為標準 AUTO 之狀態、互斥與中斷，ch10 之 TC 所驗者為 AUTO **三狀態之循環**與Menu Bar／popup 之反映，逐條比對無共用可觀察量。verdict 維持
2.10	10.6	not-sibling	false	vocab	129	**43 §1 之重新確認（批次 9 使 `Climate Modes` 六節落地）。** 非 sibling —— ch10（ECO HVAC）為 EV 之外加狀態且自身以委派字面回指標準 AUTO（10.5 `see standard ICE AUTO logics`），委派不是重述。**新證據**：本批 `2.3` 之九條所驗者為標準 AUTO 之狀態、互斥與中斷，ch10 之 TC 所驗者為 AUTO **三狀態之循環**與Menu Bar／popup 之反映，逐條比對無共用可觀察量。verdict 維持
2.10	10.9.1	not-sibling	false	vocab	129	**43 §1 之重新確認（批次 9 使 `Climate Modes` 六節落地）。** 非 sibling —— ch10（ECO HVAC）為 EV 之外加狀態且自身以委派字面回指標準 AUTO（10.5 `see standard ICE AUTO logics`），委派不是重述。**新證據**：本批 `2.3` 之九條所驗者為標準 AUTO 之狀態、互斥與中斷，ch10 之 TC 所驗者為 AUTO **三狀態之循環**與Menu Bar／popup 之反映，逐條比對無共用可觀察量。verdict 維持
2.10	11.2	deferred	true	vocab	129	**依 41 §3 規則三入表（42 §2 之全量重建）。** 兩節皆未生成，現在判無處可用 —— sibling 判定之用途是寫 TC 時決定 `duplicate_of`／`distinguishing_axis`（§4.6）。其所屬組生成之日連同其他候選一併判定。**`deferred` 不是 `not-sibling`**：前者是「尚未問」，後者是「問過了，答案是否」
2.10	12.2	deferred	true	vocab	129	**依 41 §3 規則三入表（42 §2 之全量重建）。** 兩節皆未生成，現在判無處可用 —— sibling 判定之用途是寫 TC 時決定 `duplicate_of`／`distinguishing_axis`（§4.6）。其所屬組生成之日連同其他候選一併判定。**`deferred` 不是 `not-sibling`**：前者是「尚未問」，後者是「問過了，答案是否」
2.10	12.7	deferred	true	vocab	129	**依 41 §3 規則三入表（42 §2 之全量重建）。** 兩節皆未生成，現在判無處可用 —— sibling 判定之用途是寫 TC 時決定 `duplicate_of`／`distinguishing_axis`（§4.6）。其所屬組生成之日連同其他候選一併判定。**`deferred` 不是 `not-sibling`**：前者是「尚未問」，後者是「問過了，答案是否」
2.10	12.9	deferred	true	vocab	129	**依 41 §3 規則三入表（42 §2 之全量重建）。** 兩節皆未生成，現在判無處可用 —— sibling 判定之用途是寫 TC 時決定 `duplicate_of`／`distinguishing_axis`（§4.6）。其所屬組生成之日連同其他候選一併判定。**`deferred` 不是 `not-sibling`**：前者是「尚未問」，後者是「問過了，答案是否」
2.10	14.1.1	deferred	true	vocab	129	**依 41 §3 規則三入表（42 §2 之全量重建）。** 兩節皆未生成，現在判無處可用 —— sibling 判定之用途是寫 TC 時決定 `duplicate_of`／`distinguishing_axis`（§4.6）。其所屬組生成之日連同其他候選一併判定。**`deferred` 不是 `not-sibling`**：前者是「尚未問」，後者是「問過了，答案是否」
2.10	14.10	deferred	true	vocab	129	**依 41 §3 規則三入表（42 §2 之全量重建）。** 兩節皆未生成，現在判無處可用 —— sibling 判定之用途是寫 TC 時決定 `duplicate_of`／`distinguishing_axis`（§4.6）。其所屬組生成之日連同其他候選一併判定。**`deferred` 不是 `not-sibling`**：前者是「尚未問」，後者是「問過了，答案是否」
2.10	14.10.1	deferred	true	vocab	129	**依 41 §3 規則三入表（42 §2 之全量重建）。** 兩節皆未生成，現在判無處可用 —— sibling 判定之用途是寫 TC 時決定 `duplicate_of`／`distinguishing_axis`（§4.6）。其所屬組生成之日連同其他候選一併判定。**`deferred` 不是 `not-sibling`**：前者是「尚未問」，後者是「問過了，答案是否」
2.10	14.11	deferred	true	vocab	129	**依 41 §3 規則三入表（42 §2 之全量重建）。** 兩節皆未生成，現在判無處可用 —— sibling 判定之用途是寫 TC 時決定 `duplicate_of`／`distinguishing_axis`（§4.6）。其所屬組生成之日連同其他候選一併判定。**`deferred` 不是 `not-sibling`**：前者是「尚未問」，後者是「問過了，答案是否」
2.10	14.13	deferred	true	vocab	129	**依 41 §3 規則三入表（42 §2 之全量重建）。** 兩節皆未生成，現在判無處可用 —— sibling 判定之用途是寫 TC 時決定 `duplicate_of`／`distinguishing_axis`（§4.6）。其所屬組生成之日連同其他候選一併判定。**`deferred` 不是 `not-sibling`**：前者是「尚未問」，後者是「問過了，答案是否」
2.10	14.19	deferred	true	vocab	129	**依 41 §3 規則三入表（42 §2 之全量重建）。** 兩節皆未生成，現在判無處可用 —— sibling 判定之用途是寫 TC 時決定 `duplicate_of`／`distinguishing_axis`（§4.6）。其所屬組生成之日連同其他候選一併判定。**`deferred` 不是 `not-sibling`**：前者是「尚未問」，後者是「問過了，答案是否」
2.10	14.3	deferred	true	vocab	129	**依 41 §3 規則三入表（42 §2 之全量重建）。** 兩節皆未生成，現在判無處可用 —— sibling 判定之用途是寫 TC 時決定 `duplicate_of`／`distinguishing_axis`（§4.6）。其所屬組生成之日連同其他候選一併判定。**`deferred` 不是 `not-sibling`**：前者是「尚未問」，後者是「問過了，答案是否」
2.10	14.4	deferred	true	vocab	129	**依 41 §3 規則三入表（42 §2 之全量重建）。** 兩節皆未生成，現在判無處可用 —— sibling 判定之用途是寫 TC 時決定 `duplicate_of`／`distinguishing_axis`（§4.6）。其所屬組生成之日連同其他候選一併判定。**`deferred` 不是 `not-sibling`**：前者是「尚未問」，後者是「問過了，答案是否」
2.10	15.1	deferred	true	vocab	129	**依 41 §3 規則三入表（42 §2 之全量重建）。** 兩節皆未生成，現在判無處可用 —— sibling 判定之用途是寫 TC 時決定 `duplicate_of`／`distinguishing_axis`（§4.6）。其所屬組生成之日連同其他候選一併判定。**`deferred` 不是 `not-sibling`**：前者是「尚未問」，後者是「問過了，答案是否」
2.10	16.10	deferred	true	vocab	129	**依 41 §3 規則三入表（42 §2 之全量重建）。** 兩節皆未生成，現在判無處可用 —— sibling 判定之用途是寫 TC 時決定 `duplicate_of`／`distinguishing_axis`（§4.6）。其所屬組生成之日連同其他候選一併判定。**`deferred` 不是 `not-sibling`**：前者是「尚未問」，後者是「問過了，答案是否」
2.10	16.11	deferred	true	vocab	129	**依 41 §3 規則三入表（42 §2 之全量重建）。** 兩節皆未生成，現在判無處可用 —— sibling 判定之用途是寫 TC 時決定 `duplicate_of`／`distinguishing_axis`（§4.6）。其所屬組生成之日連同其他候選一併判定。**`deferred` 不是 `not-sibling`**：前者是「尚未問」，後者是「問過了，答案是否」
2.10	16.12	deferred	true	vocab	129	**依 41 §3 規則三入表（42 §2 之全量重建）。** 兩節皆未生成，現在判無處可用 —— sibling 判定之用途是寫 TC 時決定 `duplicate_of`／`distinguishing_axis`（§4.6）。其所屬組生成之日連同其他候選一併判定。**`deferred` 不是 `not-sibling`**：前者是「尚未問」，後者是「問過了，答案是否」
2.10	16.12.1	deferred	true	vocab	129	**依 41 §3 規則三入表（42 §2 之全量重建）。** 兩節皆未生成，現在判無處可用 —— sibling 判定之用途是寫 TC 時決定 `duplicate_of`／`distinguishing_axis`（§4.6）。其所屬組生成之日連同其他候選一併判定。**`deferred` 不是 `not-sibling`**：前者是「尚未問」，後者是「問過了，答案是否」
2.10	16.13	deferred	true	vocab	129	**依 41 §3 規則三入表（42 §2 之全量重建）。** 兩節皆未生成，現在判無處可用 —— sibling 判定之用途是寫 TC 時決定 `duplicate_of`／`distinguishing_axis`（§4.6）。其所屬組生成之日連同其他候選一併判定。**`deferred` 不是 `not-sibling`**：前者是「尚未問」，後者是「問過了，答案是否」
2.10	16.15	deferred	true	via-hierarchy	129	**本對僅因階層關係而成為候選（43 §2，`source = via-hierarchy`）。** `16.15` 與 `2.10` 之詞彙集**無交集**；其共有語彙 ['DEFROST'] 係由特化詞導出之泛化詞（表：`AUTO ECO` → `AUTO`, `ECO HVAC` → `HVAC`, `FRONT DEF` → `DEFROST`, `MAX A/C` → `A/C`, `MAX DEF` → `DEFROST`, `REAR DEF` → `DEFROST`）。**階層不是等價** —— 每個 AUTO ECO 都是 AUTO，但 AUTO 不必然是 AUTO ECO，故本表單向且其輸出另標來源，不併入等價組。共有語彙為**低頻詞**，無既有類級判定可沿用，故記 `deferred`（尚未問）而非類級 verdict —— 對一個沒有類的詞給類級 verdict，等於宣稱一個沒有人做過的判定。
2.10	16.17	not-sibling	false	vocab	129	**43 §1 之重新確認（批次 9 使 `Climate Modes` 六節落地）。** 非 §4.6 sibling —— ch16 為 EMEA ICS 之另一套介面，兩者**不共存於同一車輛**（本批全部 26 條皆帶 EMEA 排除式 PC）。**新證據**：兩側 TC 皆已產出，且本批 26 條之 `emea_ics_review` 已逐條指向 ch16 之具體句並記其 `yes`／`no`，**其中 6 條為 `no`** —— 該逐條答本身即兩節非同一需求之逐句證據。verdict 判為 `not-sibling`
2.10	16.2	not-sibling	false	vocab	129	**43 §1 之重新確認（批次 9 使 `Climate Modes` 六節落地）。** 非 §4.6 sibling —— ch16 為 EMEA ICS 之另一套介面，兩者**不共存於同一車輛**（本批全部 26 條皆帶 EMEA 排除式 PC）。**新證據**：兩側 TC 皆已產出，且本批 26 條之 `emea_ics_review` 已逐條指向 ch16 之具體句並記其 `yes`／`no`，**其中 6 條為 `no`** —— 該逐條答本身即兩節非同一需求之逐句證據。verdict 判為 `not-sibling`
2.10	16.3	deferred	true	vocab	129	**依 41 §3 規則三入表（42 §2 之全量重建）。** 兩節皆未生成，現在判無處可用 —— sibling 判定之用途是寫 TC 時決定 `duplicate_of`／`distinguishing_axis`（§4.6）。其所屬組生成之日連同其他候選一併判定。**`deferred` 不是 `not-sibling`**：前者是「尚未問」，後者是「問過了，答案是否」
2.10	16.4	deferred	true	vocab	129	**依 41 §3 規則三入表（42 §2 之全量重建）。** 兩節皆未生成，現在判無處可用 —— sibling 判定之用途是寫 TC 時決定 `duplicate_of`／`distinguishing_axis`（§4.6）。其所屬組生成之日連同其他候選一併判定。**`deferred` 不是 `not-sibling`**：前者是「尚未問」，後者是「問過了，答案是否」
2.10	16.7	not-sibling	false	vocab	129	**43 §1 之重新確認（批次 9 使 `Climate Modes` 六節落地）。** 非 §4.6 sibling —— ch16 為 EMEA ICS 之另一套介面，兩者**不共存於同一車輛**（本批全部 26 條皆帶 EMEA 排除式 PC）。**新證據**：兩側 TC 皆已產出，且本批 26 條之 `emea_ics_review` 已逐條指向 ch16 之具體句並記其 `yes`／`no`，**其中 6 條為 `no`** —— 該逐條答本身即兩節非同一需求之逐句證據。verdict 判為 `not-sibling`
2.10	16.8	deferred	true	vocab	129	**依 41 §3 規則三入表（42 §2 之全量重建）。** 兩節皆未生成，現在判無處可用 —— sibling 判定之用途是寫 TC 時決定 `duplicate_of`／`distinguishing_axis`（§4.6）。其所屬組生成之日連同其他候選一併判定。**`deferred` 不是 `not-sibling`**：前者是「尚未問」，後者是「問過了，答案是否」
2.10	16.9	deferred	true	vocab	129	**依 41 §3 規則三入表（42 §2 之全量重建）。** 兩節皆未生成，現在判無處可用 —— sibling 判定之用途是寫 TC 時決定 `duplicate_of`／`distinguishing_axis`（§4.6）。其所屬組生成之日連同其他候選一併判定。**`deferred` 不是 `not-sibling`**：前者是「尚未問」，後者是「問過了，答案是否」
2.10	17.2	not-sibling	false	vocab	129	**43 §1 之重新確認（批次 9 使 `Climate Modes` 六節落地）。** 非 sibling —— `17.2` 驗「該元素在**首頁 widget** 上存在且可操作」，本批各節驗「該功能在 **climate 主畫面**上之行為」，可觀察量分屬兩個介面。**新證據**：兩側 TC 皆已產出，`-118`～`-124` 之 ER 一律停在「widget 顯示該元素」與「按下後改變狀態」，刻意不驗行為規則。verdict 判為 `not-sibling`
2.10	2.12	deferred	true	vocab	129	**依 41 §3 規則三入表（42 §2 之全量重建）。** 兩節皆未生成，現在判無處可用 —— sibling 判定之用途是寫 TC 時決定 `duplicate_of`／`distinguishing_axis`（§4.6）。其所屬組生成之日連同其他候選一併判定。**`deferred` 不是 `not-sibling`**：前者是「尚未問」，後者是「問過了，答案是否」
2.10	2.12.1	deferred	true	vocab	129	**依 41 §3 規則三入表（42 §2 之全量重建）。** 兩節皆未生成，現在判無處可用 —— sibling 判定之用途是寫 TC 時決定 `duplicate_of`／`distinguishing_axis`（§4.6）。其所屬組生成之日連同其他候選一併判定。**`deferred` 不是 `not-sibling`**：前者是「尚未問」，後者是「問過了，答案是否」
2.10	2.12.2	deferred	true	vocab	129	**依 41 §3 規則三入表（42 §2 之全量重建）。** 兩節皆未生成，現在判無處可用 —— sibling 判定之用途是寫 TC 時決定 `duplicate_of`／`distinguishing_axis`（§4.6）。其所屬組生成之日連同其他候選一併判定。**`deferred` 不是 `not-sibling`**：前者是「尚未問」，後者是「問過了，答案是否」
2.10	2.15	deferred	true	via-hierarchy	129	**本對僅因階層關係而成為候選（43 §2，`source = via-hierarchy`）。** `2.10` 與 `2.15` 之詞彙集**無交集**；其共有語彙 ['DEFROST'] 係由特化詞導出之泛化詞（表：`AUTO ECO` → `AUTO`, `ECO HVAC` → `HVAC`, `FRONT DEF` → `DEFROST`, `MAX A/C` → `A/C`, `MAX DEF` → `DEFROST`, `REAR DEF` → `DEFROST`）。**階層不是等價** —— 每個 AUTO ECO 都是 AUTO，但 AUTO 不必然是 AUTO ECO，故本表單向且其輸出另標來源，不併入等價組。共有語彙為**低頻詞**，無既有類級判定可沿用，故記 `deferred`（尚未問）而非類級 verdict —— 對一個沒有類的詞給類級 verdict，等於宣稱一個沒有人做過的判定。
2.10	2.16	not-sibling	false	vocab	129	**43 §1 之重新確認（批次 9 使 `Climate Modes` 六節落地）。** 非 sibling —— 兩節同屬 ch2 而分屬不同 Test Set，各述不同功能（AUTO／A-C／RECIRC／climate off／SYNC／MAX A-C vs 對造節之主題），共有語彙為控制名之字面巧合。**新證據**：兩側 TC 皆已產出，逐條比對其 `expected_result` 無共用可觀察量。verdict 判為 `not-sibling`
2.10	3.1	not-sibling	false	vocab	129	**43 §1 之重新確認（批次 9 使 `Climate Modes` 六節落地）。** 非 sibling —— ch3（Tri-Mode／MAX DEF／MAX A/C 之 climate off 可用性）與本批各節分屬不同功能。**新證據**：兩側 TC 皆已產出，逐條比對其 `expected_result` 無共用可觀察量（唯一之真 sibling `2.10 ↔ 3.3` 已另判）。verdict 判為 `not-sibling`
2.10	3.2	not-sibling	false	vocab	129	**43 §1 之重新確認（批次 9 使 `Climate Modes` 六節落地）。** 非 sibling —— ch3（Tri-Mode／MAX DEF／MAX A/C 之 climate off 可用性）與本批各節分屬不同功能。**新證據**：兩側 TC 皆已產出，逐條比對其 `expected_result` 無共用可觀察量（唯一之真 sibling `2.10 ↔ 3.3` 已另判）。verdict 判為 `not-sibling`
2.10	3.3	sibling	false	vocab	129	**43 §1 之重新確認（批次 9 使 2.10 落地）。verdict 維持 `sibling`。** **新證據為 TC 對 TC**：`-030`（3.3）之 verification target 為「MAX DEF 與 REAR DEF 於 climate off 期間**仍可用**」，`-144`（2.10）之 target 為「**其餘按鈕變灰**而該二者不變灰」—— 同一條文事實之兩側（例外 vs 通則），四項嚴格等價中 target 相異，**不構成 `duplicate_of`**。已於 `2.10` 之 `distinguishing_axis` 具名
2.10	3.4	not-sibling	false	vocab	129	**43 §1 之重新確認（批次 9 使 `Climate Modes` 六節落地）。** 非 sibling —— ch3（Tri-Mode／MAX DEF／MAX A/C 之 climate off 可用性）與本批各節分屬不同功能。**新證據**：兩側 TC 皆已產出，逐條比對其 `expected_result` 無共用可觀察量（唯一之真 sibling `2.10 ↔ 3.3` 已另判）。verdict 判為 `not-sibling`
2.10	7.1	deferred	true	vocab	129	**依 41 §3 規則三入表（42 §2 之全量重建）。** 兩節皆未生成，現在判無處可用 —— sibling 判定之用途是寫 TC 時決定 `duplicate_of`／`distinguishing_axis`（§4.6）。其所屬組生成之日連同其他候選一併判定。**`deferred` 不是 `not-sibling`**：前者是「尚未問」，後者是「問過了，答案是否」
2.10	7.1.1	deferred	true	vocab	129	**依 41 §3 規則三入表（42 §2 之全量重建）。** 兩節皆未生成，現在判無處可用 —— sibling 判定之用途是寫 TC 時決定 `duplicate_of`／`distinguishing_axis`（§4.6）。其所屬組生成之日連同其他候選一併判定。**`deferred` 不是 `not-sibling`**：前者是「尚未問」，後者是「問過了，答案是否」
2.10	7.2	deferred	true	vocab	129	**依 41 §3 規則三入表（42 §2 之全量重建）。** 兩節皆未生成，現在判無處可用 —— sibling 判定之用途是寫 TC 時決定 `duplicate_of`／`distinguishing_axis`（§4.6）。其所屬組生成之日連同其他候選一併判定。**`deferred` 不是 `not-sibling`**：前者是「尚未問」，後者是「問過了，答案是否」
2.10	7.5	deferred	true	vocab	129	**依 41 §3 規則三入表（42 §2 之全量重建）。** 兩節皆未生成，現在判無處可用 —— sibling 判定之用途是寫 TC 時決定 `duplicate_of`／`distinguishing_axis`（§4.6）。其所屬組生成之日連同其他候選一併判定。**`deferred` 不是 `not-sibling`**：前者是「尚未問」，後者是「問過了，答案是否」
2.10	7.6	deferred	true	vocab	129	**依 41 §3 規則三入表（42 §2 之全量重建）。** 兩節皆未生成，現在判無處可用 —— sibling 判定之用途是寫 TC 時決定 `duplicate_of`／`distinguishing_axis`（§4.6）。其所屬組生成之日連同其他候選一併判定。**`deferred` 不是 `not-sibling`**：前者是「尚未問」，後者是「問過了，答案是否」
2.10	7.7	deferred	true	vocab	129	**依 41 §3 規則三入表（42 §2 之全量重建）。** 兩節皆未生成，現在判無處可用 —— sibling 判定之用途是寫 TC 時決定 `duplicate_of`／`distinguishing_axis`（§4.6）。其所屬組生成之日連同其他候選一併判定。**`deferred` 不是 `not-sibling`**：前者是「尚未問」，後者是「問過了，答案是否」
2.10	7.8	deferred	true	vocab	129	**依 41 §3 規則三入表（42 §2 之全量重建）。** 兩節皆未生成，現在判無處可用 —— sibling 判定之用途是寫 TC 時決定 `duplicate_of`／`distinguishing_axis`（§4.6）。其所屬組生成之日連同其他候選一併判定。**`deferred` 不是 `not-sibling`**：前者是「尚未問」，後者是「問過了，答案是否」
2.10	9.2	deferred	true	vocab	129	**依 41 §3 規則三入表（42 §2 之全量重建）。** 兩節皆未生成，現在判無處可用 —— sibling 判定之用途是寫 TC 時決定 `duplicate_of`／`distinguishing_axis`（§4.6）。其所屬組生成之日連同其他候選一併判定。**`deferred` 不是 `not-sibling`**：前者是「尚未問」，後者是「問過了，答案是否」
2.10	9.4	deferred	true	vocab	129	**依 41 §3 規則三入表（42 §2 之全量重建）。** 兩節皆未生成，現在判無處可用 —— sibling 判定之用途是寫 TC 時決定 `duplicate_of`／`distinguishing_axis`（§4.6）。其所屬組生成之日連同其他候選一併判定。**`deferred` 不是 `not-sibling`**：前者是「尚未問」，後者是「問過了，答案是否」
2.11	10.1	not-sibling	false	vocab	129	**43 §1 之重新確認（批次 9 使 `Climate Modes` 六節落地）。** 非 sibling —— ch10（ECO HVAC）為 EV 之外加狀態且自身以委派字面回指標準 AUTO（10.5 `see standard ICE AUTO logics`），委派不是重述。**新證據**：本批 `2.3` 之九條所驗者為標準 AUTO 之狀態、互斥與中斷，ch10 之 TC 所驗者為 AUTO **三狀態之循環**與Menu Bar／popup 之反映，逐條比對無共用可觀察量。verdict 維持
2.11	10.5	not-sibling	false	vocab	129	**43 §1 之重新確認（批次 9 使 `Climate Modes` 六節落地）。** 非 sibling —— ch10（ECO HVAC）為 EV 之外加狀態且自身以委派字面回指標準 AUTO（10.5 `see standard ICE AUTO logics`），委派不是重述。**新證據**：本批 `2.3` 之九條所驗者為標準 AUTO 之狀態、互斥與中斷，ch10 之 TC 所驗者為 AUTO **三狀態之循環**與Menu Bar／popup 之反映，逐條比對無共用可觀察量。verdict 維持
2.11	10.6	not-sibling	false	vocab	129	**43 §1 之重新確認（批次 9 使 `Climate Modes` 六節落地）。** 非 sibling —— ch10（ECO HVAC）為 EV 之外加狀態且自身以委派字面回指標準 AUTO（10.5 `see standard ICE AUTO logics`），委派不是重述。**新證據**：本批 `2.3` 之九條所驗者為標準 AUTO 之狀態、互斥與中斷，ch10 之 TC 所驗者為 AUTO **三狀態之循環**與Menu Bar／popup 之反映，逐條比對無共用可觀察量。verdict 維持
2.11	10.9.1	not-sibling	false	vocab	129	**43 §1 之重新確認（批次 9 使 `Climate Modes` 六節落地）。** 非 sibling —— ch10（ECO HVAC）為 EV 之外加狀態且自身以委派字面回指標準 AUTO（10.5 `see standard ICE AUTO logics`），委派不是重述。**新證據**：本批 `2.3` 之九條所驗者為標準 AUTO 之狀態、互斥與中斷，ch10 之 TC 所驗者為 AUTO **三狀態之循環**與Menu Bar／popup 之反映，逐條比對無共用可觀察量。verdict 維持
2.11	11.11	deferred	true	vocab	129	**依 41 §3 規則三入表（42 §2 之全量重建）。** 兩節皆未生成，現在判無處可用 —— sibling 判定之用途是寫 TC 時決定 `duplicate_of`／`distinguishing_axis`（§4.6）。其所屬組生成之日連同其他候選一併判定。**`deferred` 不是 `not-sibling`**：前者是「尚未問」，後者是「問過了，答案是否」
2.11	11.11.1	deferred	true	vocab	129	**依 41 §3 規則三入表（42 §2 之全量重建）。** 兩節皆未生成，現在判無處可用 —— sibling 判定之用途是寫 TC 時決定 `duplicate_of`／`distinguishing_axis`（§4.6）。其所屬組生成之日連同其他候選一併判定。**`deferred` 不是 `not-sibling`**：前者是「尚未問」，後者是「問過了，答案是否」
2.11	11.2	deferred	true	vocab	129	**依 41 §3 規則三入表（42 §2 之全量重建）。** 兩節皆未生成，現在判無處可用 —— sibling 判定之用途是寫 TC 時決定 `duplicate_of`／`distinguishing_axis`（§4.6）。其所屬組生成之日連同其他候選一併判定。**`deferred` 不是 `not-sibling`**：前者是「尚未問」，後者是「問過了，答案是否」
2.11	12.2	deferred	true	vocab	129	**依 41 §3 規則三入表（42 §2 之全量重建）。** 兩節皆未生成，現在判無處可用 —— sibling 判定之用途是寫 TC 時決定 `duplicate_of`／`distinguishing_axis`（§4.6）。其所屬組生成之日連同其他候選一併判定。**`deferred` 不是 `not-sibling`**：前者是「尚未問」，後者是「問過了，答案是否」
2.11	12.7	deferred	true	vocab	129	**依 41 §3 規則三入表（42 §2 之全量重建）。** 兩節皆未生成，現在判無處可用 —— sibling 判定之用途是寫 TC 時決定 `duplicate_of`／`distinguishing_axis`（§4.6）。其所屬組生成之日連同其他候選一併判定。**`deferred` 不是 `not-sibling`**：前者是「尚未問」，後者是「問過了，答案是否」
2.11	12.9	deferred	true	vocab	129	**依 41 §3 規則三入表（42 §2 之全量重建）。** 兩節皆未生成，現在判無處可用 —— sibling 判定之用途是寫 TC 時決定 `duplicate_of`／`distinguishing_axis`（§4.6）。其所屬組生成之日連同其他候選一併判定。**`deferred` 不是 `not-sibling`**：前者是「尚未問」，後者是「問過了，答案是否」
2.11	14.1.1	deferred	true	vocab	129	**依 41 §3 規則三入表（42 §2 之全量重建）。** 兩節皆未生成，現在判無處可用 —— sibling 判定之用途是寫 TC 時決定 `duplicate_of`／`distinguishing_axis`（§4.6）。其所屬組生成之日連同其他候選一併判定。**`deferred` 不是 `not-sibling`**：前者是「尚未問」，後者是「問過了，答案是否」
2.11	14.10	deferred	true	vocab	129	**依 41 §3 規則三入表（42 §2 之全量重建）。** 兩節皆未生成，現在判無處可用 —— sibling 判定之用途是寫 TC 時決定 `duplicate_of`／`distinguishing_axis`（§4.6）。其所屬組生成之日連同其他候選一併判定。**`deferred` 不是 `not-sibling`**：前者是「尚未問」，後者是「問過了，答案是否」
2.11	14.10.1	deferred	true	vocab	129	**依 41 §3 規則三入表（42 §2 之全量重建）。** 兩節皆未生成，現在判無處可用 —— sibling 判定之用途是寫 TC 時決定 `duplicate_of`／`distinguishing_axis`（§4.6）。其所屬組生成之日連同其他候選一併判定。**`deferred` 不是 `not-sibling`**：前者是「尚未問」，後者是「問過了，答案是否」
2.11	14.11	deferred	true	vocab	129	**依 41 §3 規則三入表（42 §2 之全量重建）。** 兩節皆未生成，現在判無處可用 —— sibling 判定之用途是寫 TC 時決定 `duplicate_of`／`distinguishing_axis`（§4.6）。其所屬組生成之日連同其他候選一併判定。**`deferred` 不是 `not-sibling`**：前者是「尚未問」，後者是「問過了，答案是否」
2.11	14.13	deferred	true	vocab	129	**依 41 §3 規則三入表（42 §2 之全量重建）。** 兩節皆未生成，現在判無處可用 —— sibling 判定之用途是寫 TC 時決定 `duplicate_of`／`distinguishing_axis`（§4.6）。其所屬組生成之日連同其他候選一併判定。**`deferred` 不是 `not-sibling`**：前者是「尚未問」，後者是「問過了，答案是否」
2.11	14.17	deferred	true	vocab	129	**依 41 §3 規則三入表（42 §2 之全量重建）。** 兩節皆未生成，現在判無處可用 —— sibling 判定之用途是寫 TC 時決定 `duplicate_of`／`distinguishing_axis`（§4.6）。其所屬組生成之日連同其他候選一併判定。**`deferred` 不是 `not-sibling`**：前者是「尚未問」，後者是「問過了，答案是否」
2.11	14.19	deferred	true	vocab	129	**依 41 §3 規則三入表（42 §2 之全量重建）。** 兩節皆未生成，現在判無處可用 —— sibling 判定之用途是寫 TC 時決定 `duplicate_of`／`distinguishing_axis`（§4.6）。其所屬組生成之日連同其他候選一併判定。**`deferred` 不是 `not-sibling`**：前者是「尚未問」，後者是「問過了，答案是否」
2.11	14.3	deferred	true	vocab	129	**依 41 §3 規則三入表（42 §2 之全量重建）。** 兩節皆未生成，現在判無處可用 —— sibling 判定之用途是寫 TC 時決定 `duplicate_of`／`distinguishing_axis`（§4.6）。其所屬組生成之日連同其他候選一併判定。**`deferred` 不是 `not-sibling`**：前者是「尚未問」，後者是「問過了，答案是否」
2.11	14.4	deferred	true	vocab	129	**依 41 §3 規則三入表（42 §2 之全量重建）。** 兩節皆未生成，現在判無處可用 —— sibling 判定之用途是寫 TC 時決定 `duplicate_of`／`distinguishing_axis`（§4.6）。其所屬組生成之日連同其他候選一併判定。**`deferred` 不是 `not-sibling`**：前者是「尚未問」，後者是「問過了，答案是否」
2.11	15.1	deferred	true	vocab	129	**依 41 §3 規則三入表（42 §2 之全量重建）。** 兩節皆未生成，現在判無處可用 —— sibling 判定之用途是寫 TC 時決定 `duplicate_of`／`distinguishing_axis`（§4.6）。其所屬組生成之日連同其他候選一併判定。**`deferred` 不是 `not-sibling`**：前者是「尚未問」，後者是「問過了，答案是否」
2.11	16.10	deferred	true	vocab	129	**依 41 §3 規則三入表（42 §2 之全量重建）。** 兩節皆未生成，現在判無處可用 —— sibling 判定之用途是寫 TC 時決定 `duplicate_of`／`distinguishing_axis`（§4.6）。其所屬組生成之日連同其他候選一併判定。**`deferred` 不是 `not-sibling`**：前者是「尚未問」，後者是「問過了，答案是否」
2.11	16.11	deferred	true	vocab	129	**依 41 §3 規則三入表（42 §2 之全量重建）。** 兩節皆未生成，現在判無處可用 —— sibling 判定之用途是寫 TC 時決定 `duplicate_of`／`distinguishing_axis`（§4.6）。其所屬組生成之日連同其他候選一併判定。**`deferred` 不是 `not-sibling`**：前者是「尚未問」，後者是「問過了，答案是否」
2.11	16.12	deferred	true	vocab	129	**依 41 §3 規則三入表（42 §2 之全量重建）。** 兩節皆未生成，現在判無處可用 —— sibling 判定之用途是寫 TC 時決定 `duplicate_of`／`distinguishing_axis`（§4.6）。其所屬組生成之日連同其他候選一併判定。**`deferred` 不是 `not-sibling`**：前者是「尚未問」，後者是「問過了，答案是否」
2.11	16.12.1	deferred	true	vocab	129	**依 41 §3 規則三入表（42 §2 之全量重建）。** 兩節皆未生成，現在判無處可用 —— sibling 判定之用途是寫 TC 時決定 `duplicate_of`／`distinguishing_axis`（§4.6）。其所屬組生成之日連同其他候選一併判定。**`deferred` 不是 `not-sibling`**：前者是「尚未問」，後者是「問過了，答案是否」
2.11	16.13	deferred	true	vocab	129	**依 41 §3 規則三入表（42 §2 之全量重建）。** 兩節皆未生成，現在判無處可用 —— sibling 判定之用途是寫 TC 時決定 `duplicate_of`／`distinguishing_axis`（§4.6）。其所屬組生成之日連同其他候選一併判定。**`deferred` 不是 `not-sibling`**：前者是「尚未問」，後者是「問過了，答案是否」
2.11	16.14	not-sibling	false	vocab	129	**43 §1 之重新確認（批次 9 使 `Climate Modes` 六節落地）。** 非 §4.6 sibling —— ch16 為 EMEA ICS 之另一套介面，兩者**不共存於同一車輛**（本批全部 26 條皆帶 EMEA 排除式 PC）。**新證據**：兩側 TC 皆已產出，且本批 26 條之 `emea_ics_review` 已逐條指向 ch16 之具體句並記其 `yes`／`no`，**其中 6 條為 `no`** —— 該逐條答本身即兩節非同一需求之逐句證據。verdict 判為 `not-sibling`
2.11	16.17	not-sibling	false	vocab	129	**43 §1 之重新確認（批次 9 使 `Climate Modes` 六節落地）。** 非 §4.6 sibling —— ch16 為 EMEA ICS 之另一套介面，兩者**不共存於同一車輛**（本批全部 26 條皆帶 EMEA 排除式 PC）。**新證據**：兩側 TC 皆已產出，且本批 26 條之 `emea_ics_review` 已逐條指向 ch16 之具體句並記其 `yes`／`no`，**其中 6 條為 `no`** —— 該逐條答本身即兩節非同一需求之逐句證據。verdict 判為 `not-sibling`
2.11	16.2	not-sibling	false	vocab	129	**43 §1 之重新確認（批次 9 使 `Climate Modes` 六節落地）。** 非 §4.6 sibling —— ch16 為 EMEA ICS 之另一套介面，兩者**不共存於同一車輛**（本批全部 26 條皆帶 EMEA 排除式 PC）。**新證據**：兩側 TC 皆已產出，且本批 26 條之 `emea_ics_review` 已逐條指向 ch16 之具體句並記其 `yes`／`no`，**其中 6 條為 `no`** —— 該逐條答本身即兩節非同一需求之逐句證據。verdict 判為 `not-sibling`
2.11	16.3	deferred	true	vocab	129	**依 41 §3 規則三入表（42 §2 之全量重建）。** 兩節皆未生成，現在判無處可用 —— sibling 判定之用途是寫 TC 時決定 `duplicate_of`／`distinguishing_axis`（§4.6）。其所屬組生成之日連同其他候選一併判定。**`deferred` 不是 `not-sibling`**：前者是「尚未問」，後者是「問過了，答案是否」
2.11	16.6	not-sibling	false	vocab	129	**43 §1 之重新確認（批次 9 使 `Climate Modes` 六節落地）。** 非 §4.6 sibling —— ch16 為 EMEA ICS 之另一套介面，兩者**不共存於同一車輛**（本批全部 26 條皆帶 EMEA 排除式 PC）。**新證據**：兩側 TC 皆已產出，且本批 26 條之 `emea_ics_review` 已逐條指向 ch16 之具體句並記其 `yes`／`no`，**其中 6 條為 `no`** —— 該逐條答本身即兩節非同一需求之逐句證據。verdict 判為 `not-sibling`
2.11	16.6.1	not-sibling	false	vocab	129	**43 §1 之重新確認（批次 9 使 `Climate Modes` 六節落地）。** 非 §4.6 sibling —— ch16 為 EMEA ICS 之另一套介面，兩者**不共存於同一車輛**（本批全部 26 條皆帶 EMEA 排除式 PC）。**新證據**：兩側 TC 皆已產出，且本批 26 條之 `emea_ics_review` 已逐條指向 ch16 之具體句並記其 `yes`／`no`，**其中 6 條為 `no`** —— 該逐條答本身即兩節非同一需求之逐句證據。verdict 判為 `not-sibling`
2.11	16.7	not-sibling	false	vocab	129	**43 §1 之重新確認（批次 9 使 `Climate Modes` 六節落地）。** 非 §4.6 sibling —— ch16 為 EMEA ICS 之另一套介面，兩者**不共存於同一車輛**（本批全部 26 條皆帶 EMEA 排除式 PC）。**新證據**：兩側 TC 皆已產出，且本批 26 條之 `emea_ics_review` 已逐條指向 ch16 之具體句並記其 `yes`／`no`，**其中 6 條為 `no`** —— 該逐條答本身即兩節非同一需求之逐句證據。verdict 判為 `not-sibling`
2.11	16.8	deferred	true	vocab	129	**依 41 §3 規則三入表（42 §2 之全量重建）。** 兩節皆未生成，現在判無處可用 —— sibling 判定之用途是寫 TC 時決定 `duplicate_of`／`distinguishing_axis`（§4.6）。其所屬組生成之日連同其他候選一併判定。**`deferred` 不是 `not-sibling`**：前者是「尚未問」，後者是「問過了，答案是否」
2.11	17.2	not-sibling	false	vocab	129	**43 §1 之重新確認（批次 9 使 `Climate Modes` 六節落地）。** 非 sibling —— `17.2` 驗「該元素在**首頁 widget** 上存在且可操作」，本批各節驗「該功能在 **climate 主畫面**上之行為」，可觀察量分屬兩個介面。**新證據**：兩側 TC 皆已產出，`-118`～`-124` 之 ER 一律停在「widget 顯示該元素」與「按下後改變狀態」，刻意不驗行為規則。verdict 判為 `not-sibling`
2.11	17.5	deferred	true	vocab	129	**依 41 §3 規則三入表（42 §2 之全量重建）。** 兩節皆未生成，現在判無處可用 —— sibling 判定之用途是寫 TC 時決定 `duplicate_of`／`distinguishing_axis`（§4.6）。其所屬組生成之日連同其他候選一併判定。**`deferred` 不是 `not-sibling`**：前者是「尚未問」，後者是「問過了，答案是否」
2.11	2.12	deferred	true	vocab	129	**依 41 §3 規則三入表（42 §2 之全量重建）。** 兩節皆未生成，現在判無處可用 —— sibling 判定之用途是寫 TC 時決定 `duplicate_of`／`distinguishing_axis`（§4.6）。其所屬組生成之日連同其他候選一併判定。**`deferred` 不是 `not-sibling`**：前者是「尚未問」，後者是「問過了，答案是否」
2.11	2.12.1	deferred	true	vocab	129	**依 41 §3 規則三入表（42 §2 之全量重建）。** 兩節皆未生成，現在判無處可用 —— sibling 判定之用途是寫 TC 時決定 `duplicate_of`／`distinguishing_axis`（§4.6）。其所屬組生成之日連同其他候選一併判定。**`deferred` 不是 `not-sibling`**：前者是「尚未問」，後者是「問過了，答案是否」
2.11	2.12.2	deferred	true	vocab	129	**依 41 §3 規則三入表（42 §2 之全量重建）。** 兩節皆未生成，現在判無處可用 —— sibling 判定之用途是寫 TC 時決定 `duplicate_of`／`distinguishing_axis`（§4.6）。其所屬組生成之日連同其他候選一併判定。**`deferred` 不是 `not-sibling`**：前者是「尚未問」，後者是「問過了，答案是否」
2.11	2.14	not-sibling	false	vocab	129	**43 §1 之重新確認（批次 9 使 `Climate Modes` 六節落地）。** 非 sibling —— 兩節同屬 ch2 而分屬不同 Test Set，各述不同功能（AUTO／A-C／RECIRC／climate off／SYNC／MAX A-C vs 對造節之主題），共有語彙為控制名之字面巧合。**新證據**：兩側 TC 皆已產出，逐條比對其 `expected_result` 無共用可觀察量。verdict 判為 `not-sibling`
2.11	2.16	not-sibling	false	vocab	129	**43 §1 之重新確認（批次 9 使 `Climate Modes` 六節落地）。** 非 sibling —— 兩節同屬 ch2 而分屬不同 Test Set，各述不同功能（AUTO／A-C／RECIRC／climate off／SYNC／MAX A-C vs 對造節之主題），共有語彙為控制名之字面巧合。**新證據**：兩側 TC 皆已產出，逐條比對其 `expected_result` 無共用可觀察量。verdict 判為 `not-sibling`
2.11	3.1	not-sibling	false	vocab	129	**43 §1 之重新確認（批次 9 使 `Climate Modes` 六節落地）。** 非 sibling —— ch3（Tri-Mode／MAX DEF／MAX A/C 之 climate off 可用性）與本批各節分屬不同功能。**新證據**：兩側 TC 皆已產出，逐條比對其 `expected_result` 無共用可觀察量（唯一之真 sibling `2.10 ↔ 3.3` 已另判）。verdict 判為 `not-sibling`
2.11	3.2	not-sibling	false	vocab	129	**43 §1 之重新確認（批次 9 使 `Climate Modes` 六節落地）。** 非 sibling —— ch3（Tri-Mode／MAX DEF／MAX A/C 之 climate off 可用性）與本批各節分屬不同功能。**新證據**：兩側 TC 皆已產出，逐條比對其 `expected_result` 無共用可觀察量（唯一之真 sibling `2.10 ↔ 3.3` 已另判）。verdict 判為 `not-sibling`
2.11	7.1	deferred	true	vocab	129	**依 41 §3 規則三入表（42 §2 之全量重建）。** 兩節皆未生成，現在判無處可用 —— sibling 判定之用途是寫 TC 時決定 `duplicate_of`／`distinguishing_axis`（§4.6）。其所屬組生成之日連同其他候選一併判定。**`deferred` 不是 `not-sibling`**：前者是「尚未問」，後者是「問過了，答案是否」
2.11	7.1.1	deferred	true	vocab	129	**依 41 §3 規則三入表（42 §2 之全量重建）。** 兩節皆未生成，現在判無處可用 —— sibling 判定之用途是寫 TC 時決定 `duplicate_of`／`distinguishing_axis`（§4.6）。其所屬組生成之日連同其他候選一併判定。**`deferred` 不是 `not-sibling`**：前者是「尚未問」，後者是「問過了，答案是否」
2.11	7.10	deferred	true	vocab	129	**依 41 §3 規則三入表（42 §2 之全量重建）。** 兩節皆未生成，現在判無處可用 —— sibling 判定之用途是寫 TC 時決定 `duplicate_of`／`distinguishing_axis`（§4.6）。其所屬組生成之日連同其他候選一併判定。**`deferred` 不是 `not-sibling`**：前者是「尚未問」，後者是「問過了，答案是否」
2.11	7.2	deferred	true	vocab	129	**依 41 §3 規則三入表（42 §2 之全量重建）。** 兩節皆未生成，現在判無處可用 —— sibling 判定之用途是寫 TC 時決定 `duplicate_of`／`distinguishing_axis`（§4.6）。其所屬組生成之日連同其他候選一併判定。**`deferred` 不是 `not-sibling`**：前者是「尚未問」，後者是「問過了，答案是否」
2.11	7.4	deferred	true	vocab	129	**依 41 §3 規則三入表（42 §2 之全量重建）。** 兩節皆未生成，現在判無處可用 —— sibling 判定之用途是寫 TC 時決定 `duplicate_of`／`distinguishing_axis`（§4.6）。其所屬組生成之日連同其他候選一併判定。**`deferred` 不是 `not-sibling`**：前者是「尚未問」，後者是「問過了，答案是否」
2.11	7.5	deferred	true	vocab	129	**依 41 §3 規則三入表（42 §2 之全量重建）。** 兩節皆未生成，現在判無處可用 —— sibling 判定之用途是寫 TC 時決定 `duplicate_of`／`distinguishing_axis`（§4.6）。其所屬組生成之日連同其他候選一併判定。**`deferred` 不是 `not-sibling`**：前者是「尚未問」，後者是「問過了，答案是否」
2.11	7.7	deferred	true	vocab	129	**依 41 §3 規則三入表（42 §2 之全量重建）。** 兩節皆未生成，現在判無處可用 —— sibling 判定之用途是寫 TC 時決定 `duplicate_of`／`distinguishing_axis`（§4.6）。其所屬組生成之日連同其他候選一併判定。**`deferred` 不是 `not-sibling`**：前者是「尚未問」，後者是「問過了，答案是否」
2.11	7.8	deferred	true	vocab	129	**依 41 §3 規則三入表（42 §2 之全量重建）。** 兩節皆未生成，現在判無處可用 —— sibling 判定之用途是寫 TC 時決定 `duplicate_of`／`distinguishing_axis`（§4.6）。其所屬組生成之日連同其他候選一併判定。**`deferred` 不是 `not-sibling`**：前者是「尚未問」，後者是「問過了，答案是否」
2.11	9.2	deferred	true	vocab	129	**依 41 §3 規則三入表（42 §2 之全量重建）。** 兩節皆未生成，現在判無處可用 —— sibling 判定之用途是寫 TC 時決定 `duplicate_of`／`distinguishing_axis`（§4.6）。其所屬組生成之日連同其他候選一併判定。**`deferred` 不是 `not-sibling`**：前者是「尚未問」，後者是「問過了，答案是否」
2.12	10.1	not-sibling	true	vocab	129	[逐對] **ch10 為 ch2 AUTO 之外加狀態，非其重述** —— ch10 自身以委派字面回指 ch2：10.5 `see standard ICE AUTO logics`、10.6 `deselect airflow modes as in standard AUTO mode`、10.9.1 `an additional info text compared to the standard ICE AUTO pop up`。**委派不是重述**（此即 `2.3 ↔ 7.2` 之反面：CR2 逐字重寫 C2，EH 各條指回 C2）（41 §3 規則二：一節已生成、一節未生成）
2.12	10.5	not-sibling	true	vocab	129	[逐對] 共有 ['FAN', 'MODE']。ch10 之 ECO 行為為 standard AUTO 之外加狀態，其對造為 2.3（standard AUTO）而非本對；共有語彙為控制名
2.12	10.6	not-sibling	true	vocab	129	[逐對] 共有 ['FAN', 'MODE']。ch10 之 ECO 行為為 standard AUTO 之外加狀態，其對造為 2.3（standard AUTO）而非本對；共有語彙為控制名
2.12	10.9.1	not-sibling	true	vocab	129	[逐對] **ch10 為 ch2 AUTO 之外加狀態，非其重述** —— ch10 自身以委派字面回指 ch2：10.5 `see standard ICE AUTO logics`、10.6 `deselect airflow modes as in standard AUTO mode`、10.9.1 `an additional info text compared to the standard ICE AUTO pop up`。**委派不是重述**（此即 `2.3 ↔ 7.2` 之反面：CR2 逐字重寫 C2，EH 各條指回 C2）（41 §3 規則二：一節已生成、一節未生成）
2.12	11.2	deferred	true	vocab	129	**依 41 §3 規則三入表（42 §2 之全量重建）。** 兩節皆未生成，現在判無處可用 —— sibling 判定之用途是寫 TC 時決定 `duplicate_of`／`distinguishing_axis`（§4.6）。其所屬組生成之日連同其他候選一併判定。**`deferred` 不是 `not-sibling`**：前者是「尚未問」，後者是「問過了，答案是否」
2.12	12.2	deferred	true	vocab	129	**依 41 §3 規則三入表（42 §2 之全量重建）。** 兩節皆未生成，現在判無處可用 —— sibling 判定之用途是寫 TC 時決定 `duplicate_of`／`distinguishing_axis`（§4.6）。其所屬組生成之日連同其他候選一併判定。**`deferred` 不是 `not-sibling`**：前者是「尚未問」，後者是「問過了，答案是否」
2.12	12.7	deferred	true	vocab	129	**依 41 §3 規則三入表（42 §2 之全量重建）。** 兩節皆未生成，現在判無處可用 —— sibling 判定之用途是寫 TC 時決定 `duplicate_of`／`distinguishing_axis`（§4.6）。其所屬組生成之日連同其他候選一併判定。**`deferred` 不是 `not-sibling`**：前者是「尚未問」，後者是「問過了，答案是否」
2.12	12.9	deferred	true	vocab	129	**依 41 §3 規則三入表（42 §2 之全量重建）。** 兩節皆未生成，現在判無處可用 —— sibling 判定之用途是寫 TC 時決定 `duplicate_of`／`distinguishing_axis`（§4.6）。其所屬組生成之日連同其他候選一併判定。**`deferred` 不是 `not-sibling`**：前者是「尚未問」，後者是「問過了，答案是否」
2.12	14.1.1	deferred	true	vocab	129	**依 41 §3 規則三入表（42 §2 之全量重建）。** 兩節皆未生成，現在判無處可用 —— sibling 判定之用途是寫 TC 時決定 `duplicate_of`／`distinguishing_axis`（§4.6）。其所屬組生成之日連同其他候選一併判定。**`deferred` 不是 `not-sibling`**：前者是「尚未問」，後者是「問過了，答案是否」
2.12	14.10	deferred	true	vocab	129	**依 41 §3 規則三入表（42 §2 之全量重建）。** 兩節皆未生成，現在判無處可用 —— sibling 判定之用途是寫 TC 時決定 `duplicate_of`／`distinguishing_axis`（§4.6）。其所屬組生成之日連同其他候選一併判定。**`deferred` 不是 `not-sibling`**：前者是「尚未問」，後者是「問過了，答案是否」
2.12	14.10.1	deferred	true	vocab	129	**依 41 §3 規則三入表（42 §2 之全量重建）。** 兩節皆未生成，現在判無處可用 —— sibling 判定之用途是寫 TC 時決定 `duplicate_of`／`distinguishing_axis`（§4.6）。其所屬組生成之日連同其他候選一併判定。**`deferred` 不是 `not-sibling`**：前者是「尚未問」，後者是「問過了，答案是否」
2.12	14.11	deferred	true	vocab	129	**依 41 §3 規則三入表（42 §2 之全量重建）。** 兩節皆未生成，現在判無處可用 —— sibling 判定之用途是寫 TC 時決定 `duplicate_of`／`distinguishing_axis`（§4.6）。其所屬組生成之日連同其他候選一併判定。**`deferred` 不是 `not-sibling`**：前者是「尚未問」，後者是「問過了，答案是否」
2.12	14.13	deferred	true	vocab	129	**依 41 §3 規則三入表（42 §2 之全量重建）。** 兩節皆未生成，現在判無處可用 —— sibling 判定之用途是寫 TC 時決定 `duplicate_of`／`distinguishing_axis`（§4.6）。其所屬組生成之日連同其他候選一併判定。**`deferred` 不是 `not-sibling`**：前者是「尚未問」，後者是「問過了，答案是否」
2.12	14.19	deferred	true	vocab	129	**依 41 §3 規則三入表（42 §2 之全量重建）。** 兩節皆未生成，現在判無處可用 —— sibling 判定之用途是寫 TC 時決定 `duplicate_of`／`distinguishing_axis`（§4.6）。其所屬組生成之日連同其他候選一併判定。**`deferred` 不是 `not-sibling`**：前者是「尚未問」，後者是「問過了，答案是否」
2.12	14.3	deferred	true	vocab	129	**依 41 §3 規則三入表（42 §2 之全量重建）。** 兩節皆未生成，現在判無處可用 —— sibling 判定之用途是寫 TC 時決定 `duplicate_of`／`distinguishing_axis`（§4.6）。其所屬組生成之日連同其他候選一併判定。**`deferred` 不是 `not-sibling`**：前者是「尚未問」，後者是「問過了，答案是否」
2.12	14.4	deferred	true	vocab	129	**依 41 §3 規則三入表（42 §2 之全量重建）。** 兩節皆未生成，現在判無處可用 —— sibling 判定之用途是寫 TC 時決定 `duplicate_of`／`distinguishing_axis`（§4.6）。其所屬組生成之日連同其他候選一併判定。**`deferred` 不是 `not-sibling`**：前者是「尚未問」，後者是「問過了，答案是否」
2.12	15.1	deferred	true	vocab	129	**依 41 §3 規則三入表（42 §2 之全量重建）。** 兩節皆未生成，現在判無處可用 —— sibling 判定之用途是寫 TC 時決定 `duplicate_of`／`distinguishing_axis`（§4.6）。其所屬組生成之日連同其他候選一併判定。**`deferred` 不是 `not-sibling`**：前者是「尚未問」，後者是「問過了，答案是否」
2.12	16.10	deferred	true	vocab	129	**依 41 §3 規則三入表（42 §2 之全量重建）。** 兩節皆未生成，現在判無處可用 —— sibling 判定之用途是寫 TC 時決定 `duplicate_of`／`distinguishing_axis`（§4.6）。其所屬組生成之日連同其他候選一併判定。**`deferred` 不是 `not-sibling`**：前者是「尚未問」，後者是「問過了，答案是否」
2.12	16.11	deferred	true	vocab	129	**依 41 §3 規則三入表（42 §2 之全量重建）。** 兩節皆未生成，現在判無處可用 —— sibling 判定之用途是寫 TC 時決定 `duplicate_of`／`distinguishing_axis`（§4.6）。其所屬組生成之日連同其他候選一併判定。**`deferred` 不是 `not-sibling`**：前者是「尚未問」，後者是「問過了，答案是否」
2.12	16.12	deferred	true	vocab	129	**依 41 §3 規則三入表（42 §2 之全量重建）。** 兩節皆未生成，現在判無處可用 —— sibling 判定之用途是寫 TC 時決定 `duplicate_of`／`distinguishing_axis`（§4.6）。其所屬組生成之日連同其他候選一併判定。**`deferred` 不是 `not-sibling`**：前者是「尚未問」，後者是「問過了，答案是否」
2.12	16.12.1	deferred	true	vocab	129	**依 41 §3 規則三入表（42 §2 之全量重建）。** 兩節皆未生成，現在判無處可用 —— sibling 判定之用途是寫 TC 時決定 `duplicate_of`／`distinguishing_axis`（§4.6）。其所屬組生成之日連同其他候選一併判定。**`deferred` 不是 `not-sibling`**：前者是「尚未問」，後者是「問過了，答案是否」
2.12	16.13	deferred	true	vocab	129	**依 41 §3 規則三入表（42 §2 之全量重建）。** 兩節皆未生成，現在判無處可用 —— sibling 判定之用途是寫 TC 時決定 `duplicate_of`／`distinguishing_axis`（§4.6）。其所屬組生成之日連同其他候選一併判定。**`deferred` 不是 `not-sibling`**：前者是「尚未問」，後者是「問過了，答案是否」
2.12	16.17	deferred	true	vocab	129	**依 41 §3 規則三入表（42 §2 之全量重建）。** 兩節皆未生成，現在判無處可用 —— sibling 判定之用途是寫 TC 時決定 `duplicate_of`／`distinguishing_axis`（§4.6）。其所屬組生成之日連同其他候選一併判定。**`deferred` 不是 `not-sibling`**：前者是「尚未問」，後者是「問過了，答案是否」
2.12	16.2	deferred	true	vocab	129	**依 41 §3 規則三入表（42 §2 之全量重建）。** 兩節皆未生成，現在判無處可用 —— sibling 判定之用途是寫 TC 時決定 `duplicate_of`／`distinguishing_axis`（§4.6）。其所屬組生成之日連同其他候選一併判定。**`deferred` 不是 `not-sibling`**：前者是「尚未問」，後者是「問過了，答案是否」
2.12	16.3	deferred	true	vocab	129	**依 41 §3 規則三入表（42 §2 之全量重建）。** 兩節皆未生成，現在判無處可用 —— sibling 判定之用途是寫 TC 時決定 `duplicate_of`／`distinguishing_axis`（§4.6）。其所屬組生成之日連同其他候選一併判定。**`deferred` 不是 `not-sibling`**：前者是「尚未問」，後者是「問過了，答案是否」
2.12	16.7	deferred	true	vocab	129	**依 41 §3 規則三入表（42 §2 之全量重建）。** 兩節皆未生成，現在判無處可用 —— sibling 判定之用途是寫 TC 時決定 `duplicate_of`／`distinguishing_axis`（§4.6）。其所屬組生成之日連同其他候選一併判定。**`deferred` 不是 `not-sibling`**：前者是「尚未問」，後者是「問過了，答案是否」
2.12	16.8	deferred	true	vocab	129	**依 41 §3 規則三入表（42 §2 之全量重建）。** 兩節皆未生成，現在判無處可用 —— sibling 判定之用途是寫 TC 時決定 `duplicate_of`／`distinguishing_axis`（§4.6）。其所屬組生成之日連同其他候選一併判定。**`deferred` 不是 `not-sibling`**：前者是「尚未問」，後者是「問過了，答案是否」
2.12	17.2	deferred	true	vocab	129	**依 41 §3 規則三入表（42 §2 之全量重建）。** 兩節皆未生成，現在判無處可用 —— sibling 判定之用途是寫 TC 時決定 `duplicate_of`／`distinguishing_axis`（§4.6）。其所屬組生成之日連同其他候選一併判定。**`deferred` 不是 `not-sibling`**：前者是「尚未問」，後者是「問過了，答案是否」
2.12	2.16	not-broken-by-3-samples (class)	true	vocab	129	**類級判定，措辭依 41 §4 訂正。** 原記 `not-sibling (class)` 為過度陳述：本類之依據為三對抽樣未破，而三對之力度**足以破類，不足以證類**（R-C37：一個反例即證偽，N 個正例不證真）。本對尚未逐對判定；依 41 §3 規則二／三，其所屬節生成之日轉為逐對判定，類級判定不因曾通過而免除。[類級 `FAN`] `FAN` 為泛用控制名（且涵蓋座椅送風）；共有該詞不表示述及同一需求。**類級判定之效力低於逐對判定** —— 日後若本類中發現真 sibling，本類之判定即失效。抽樣覆核見上繳 29 §3.3
2.12	3.1	sibling	true	vocab	129	**本輪新發現（逐對）。** C13「There are 4 Airflow Mode displayed in this order (1) Face, (2) Face plus Feet, (3) Feet, (4) Feet plus Windshield … Only one airflow mode can be selected at a time」與 C19「there are 3 airflow mode buttons (Windshield, Face, Feet) … Each Mode button can be pressed to individually toggle ON / OFF which provides 7 possible distribution modes」陳述**同一需求**：本車之氣流模式集合與其選取方式。兩者對同一車輛互斥（一次一個 vs 可個別切換），故非兩個需求而是同一需求之兩個配置值。`duplicate_of` 待 Airflow and Defrost 生成後依 §4.6 回填（41 §3 規則二：一節已生成、一節未生成）。**`distinguishing_axis`（44 §5 隨換軸更新）**：軸 = profile §3.2 **第三軸「前排氣流模式集合」（43 §3 換軸後之三值軸）**；本對之兩側取值 —— `2.12` = **4 模式**（C13：Face／Face plus Feet／Feet／Feet plus Windshield，一次一個），`3.1` = **tri-mode 3 鍵 7 組合**（C19：三鍵可個別 toggle）。**舊措辭「第三軸 tri-mode 有無」已不存在該結構**（二值布林無位置可放 C13.0 之 5 狀態），依 R-C19 更新。
2.12	3.2	not-sibling	true	vocab	129	[逐對] 共有 ['FAN', 'MODE']。共有者為控制名，兩節各定義不同需求（同章不同組）
2.12	7.1	deferred	true	vocab	129	**依 41 §3 規則三入表（42 §2 之全量重建）。** 兩節皆未生成，現在判無處可用 —— sibling 判定之用途是寫 TC 時決定 `duplicate_of`／`distinguishing_axis`（§4.6）。其所屬組生成之日連同其他候選一併判定。**`deferred` 不是 `not-sibling`**：前者是「尚未問」，後者是「問過了，答案是否」
2.12	7.1.1	deferred	true	vocab	129	**依 41 §3 規則三入表（42 §2 之全量重建）。** 兩節皆未生成，現在判無處可用 —— sibling 判定之用途是寫 TC 時決定 `duplicate_of`／`distinguishing_axis`（§4.6）。其所屬組生成之日連同其他候選一併判定。**`deferred` 不是 `not-sibling`**：前者是「尚未問」，後者是「問過了，答案是否」
2.12	7.2	deferred	true	vocab	129	**依 41 §3 規則三入表（42 §2 之全量重建）。** 兩節皆未生成，現在判無處可用 —— sibling 判定之用途是寫 TC 時決定 `duplicate_of`／`distinguishing_axis`（§4.6）。其所屬組生成之日連同其他候選一併判定。**`deferred` 不是 `not-sibling`**：前者是「尚未問」，後者是「問過了，答案是否」
2.12	7.5	deferred	true	vocab	129	**依 41 §3 規則三入表（42 §2 之全量重建）。** 兩節皆未生成，現在判無處可用 —— sibling 判定之用途是寫 TC 時決定 `duplicate_of`／`distinguishing_axis`（§4.6）。其所屬組生成之日連同其他候選一併判定。**`deferred` 不是 `not-sibling`**：前者是「尚未問」，後者是「問過了，答案是否」
2.12	7.7	deferred	true	vocab	129	**依 41 §3 規則三入表（42 §2 之全量重建）。** 兩節皆未生成，現在判無處可用 —— sibling 判定之用途是寫 TC 時決定 `duplicate_of`／`distinguishing_axis`（§4.6）。其所屬組生成之日連同其他候選一併判定。**`deferred` 不是 `not-sibling`**：前者是「尚未問」，後者是「問過了，答案是否」
2.12	7.8	sibling	true	vocab	129	**抽樣覆核所發現。** C13「ON state for the four airflow modes is shown by highlighting the button and increasing button size」與 CR8「ON state for the three airflow modes is shown by highlighting the button and increasing button size」近乎逐字 —— 差異軸為前排（4 模式）vs 後排（3 狀態）
2.12	9.2	deferred	true	vocab	129	**依 41 §3 規則三入表（42 §2 之全量重建）。** 兩節皆未生成，現在判無處可用 —— sibling 判定之用途是寫 TC 時決定 `duplicate_of`／`distinguishing_axis`（§4.6）。其所屬組生成之日連同其他候選一併判定。**`deferred` 不是 `not-sibling`**：前者是「尚未問」，後者是「問過了，答案是否」
2.12.1	10.1	not-sibling	true	vocab	129	[逐對] **ch10 為 ch2 AUTO 之外加狀態，非其重述** —— ch10 自身以委派字面回指 ch2：10.5 `see standard ICE AUTO logics`、10.6 `deselect airflow modes as in standard AUTO mode`、10.9.1 `an additional info text compared to the standard ICE AUTO pop up`。**委派不是重述**（此即 `2.3 ↔ 7.2` 之反面：CR2 逐字重寫 C2，EH 各條指回 C2）（41 §3 規則二：一節已生成、一節未生成）
2.12.1	10.5	not-sibling	true	vocab	129	[逐對] **ch10 為 ch2 AUTO 之外加狀態，非其重述** —— ch10 自身以委派字面回指 ch2：10.5 `see standard ICE AUTO logics`、10.6 `deselect airflow modes as in standard AUTO mode`、10.9.1 `an additional info text compared to the standard ICE AUTO pop up`。**委派不是重述**（此即 `2.3 ↔ 7.2` 之反面：CR2 逐字重寫 C2，EH 各條指回 C2）（41 §3 規則二：一節已生成、一節未生成）
2.12.1	10.6	not-sibling	true	vocab	129	[逐對] **ch10 為 ch2 AUTO 之外加狀態，非其重述** —— ch10 自身以委派字面回指 ch2：10.5 `see standard ICE AUTO logics`、10.6 `deselect airflow modes as in standard AUTO mode`、10.9.1 `an additional info text compared to the standard ICE AUTO pop up`。**委派不是重述**（此即 `2.3 ↔ 7.2` 之反面：CR2 逐字重寫 C2，EH 各條指回 C2）（41 §3 規則二：一節已生成、一節未生成）
2.12.1	10.9.1	not-sibling	true	vocab	129	[逐對] **ch10 為 ch2 AUTO 之外加狀態，非其重述** —— ch10 自身以委派字面回指 ch2：10.5 `see standard ICE AUTO logics`、10.6 `deselect airflow modes as in standard AUTO mode`、10.9.1 `an additional info text compared to the standard ICE AUTO pop up`。**委派不是重述**（此即 `2.3 ↔ 7.2` 之反面：CR2 逐字重寫 C2，EH 各條指回 C2）（41 §3 規則二：一節已生成、一節未生成）
2.12.1	12.7	deferred	true	vocab	129	**依 41 §3 規則三入表（42 §2 之全量重建）。** 兩節皆未生成，現在判無處可用 —— sibling 判定之用途是寫 TC 時決定 `duplicate_of`／`distinguishing_axis`（§4.6）。其所屬組生成之日連同其他候選一併判定。**`deferred` 不是 `not-sibling`**：前者是「尚未問」，後者是「問過了，答案是否」
2.12.1	14.10	deferred	true	vocab	129	**依 41 §3 規則三入表（42 §2 之全量重建）。** 兩節皆未生成，現在判無處可用 —— sibling 判定之用途是寫 TC 時決定 `duplicate_of`／`distinguishing_axis`（§4.6）。其所屬組生成之日連同其他候選一併判定。**`deferred` 不是 `not-sibling`**：前者是「尚未問」，後者是「問過了，答案是否」
2.12.1	14.10.1	deferred	true	vocab	129	**依 41 §3 規則三入表（42 §2 之全量重建）。** 兩節皆未生成，現在判無處可用 —— sibling 判定之用途是寫 TC 時決定 `duplicate_of`／`distinguishing_axis`（§4.6）。其所屬組生成之日連同其他候選一併判定。**`deferred` 不是 `not-sibling`**：前者是「尚未問」，後者是「問過了，答案是否」
2.12.1	14.13	deferred	true	vocab	129	**依 41 §3 規則三入表（42 §2 之全量重建）。** 兩節皆未生成，現在判無處可用 —— sibling 判定之用途是寫 TC 時決定 `duplicate_of`／`distinguishing_axis`（§4.6）。其所屬組生成之日連同其他候選一併判定。**`deferred` 不是 `not-sibling`**：前者是「尚未問」，後者是「問過了，答案是否」
2.12.1	14.19	deferred	true	vocab	129	**依 41 §3 規則三入表（42 §2 之全量重建）。** 兩節皆未生成，現在判無處可用 —— sibling 判定之用途是寫 TC 時決定 `duplicate_of`／`distinguishing_axis`（§4.6）。其所屬組生成之日連同其他候選一併判定。**`deferred` 不是 `not-sibling`**：前者是「尚未問」，後者是「問過了，答案是否」
2.12.1	14.3	deferred	true	vocab	129	**依 41 §3 規則三入表（42 §2 之全量重建）。** 兩節皆未生成，現在判無處可用 —— sibling 判定之用途是寫 TC 時決定 `duplicate_of`／`distinguishing_axis`（§4.6）。其所屬組生成之日連同其他候選一併判定。**`deferred` 不是 `not-sibling`**：前者是「尚未問」，後者是「問過了，答案是否」
2.12.1	14.4	deferred	true	vocab	129	**依 41 §3 規則三入表（42 §2 之全量重建）。** 兩節皆未生成，現在判無處可用 —— sibling 判定之用途是寫 TC 時決定 `duplicate_of`／`distinguishing_axis`（§4.6）。其所屬組生成之日連同其他候選一併判定。**`deferred` 不是 `not-sibling`**：前者是「尚未問」，後者是「問過了，答案是否」
2.12.1	15.1	deferred	true	vocab	129	**依 41 §3 規則三入表（42 §2 之全量重建）。** 兩節皆未生成，現在判無處可用 —— sibling 判定之用途是寫 TC 時決定 `duplicate_of`／`distinguishing_axis`（§4.6）。其所屬組生成之日連同其他候選一併判定。**`deferred` 不是 `not-sibling`**：前者是「尚未問」，後者是「問過了，答案是否」
2.12.1	16.10	deferred	true	vocab	129	**依 41 §3 規則三入表（42 §2 之全量重建）。** 兩節皆未生成，現在判無處可用 —— sibling 判定之用途是寫 TC 時決定 `duplicate_of`／`distinguishing_axis`（§4.6）。其所屬組生成之日連同其他候選一併判定。**`deferred` 不是 `not-sibling`**：前者是「尚未問」，後者是「問過了，答案是否」
2.12.1	16.11	deferred	true	vocab	129	**依 41 §3 規則三入表（42 §2 之全量重建）。** 兩節皆未生成，現在判無處可用 —— sibling 判定之用途是寫 TC 時決定 `duplicate_of`／`distinguishing_axis`（§4.6）。其所屬組生成之日連同其他候選一併判定。**`deferred` 不是 `not-sibling`**：前者是「尚未問」，後者是「問過了，答案是否」
2.12.1	16.12	deferred	true	vocab	129	**依 41 §3 規則三入表（42 §2 之全量重建）。** 兩節皆未生成，現在判無處可用 —— sibling 判定之用途是寫 TC 時決定 `duplicate_of`／`distinguishing_axis`（§4.6）。其所屬組生成之日連同其他候選一併判定。**`deferred` 不是 `not-sibling`**：前者是「尚未問」，後者是「問過了，答案是否」
2.12.1	16.12.1	deferred	true	vocab	129	**依 41 §3 規則三入表（42 §2 之全量重建）。** 兩節皆未生成，現在判無處可用 —— sibling 判定之用途是寫 TC 時決定 `duplicate_of`／`distinguishing_axis`（§4.6）。其所屬組生成之日連同其他候選一併判定。**`deferred` 不是 `not-sibling`**：前者是「尚未問」，後者是「問過了，答案是否」
2.12.1	16.13	deferred	true	vocab	129	**依 41 §3 規則三入表（42 §2 之全量重建）。** 兩節皆未生成，現在判無處可用 —— sibling 判定之用途是寫 TC 時決定 `duplicate_of`／`distinguishing_axis`（§4.6）。其所屬組生成之日連同其他候選一併判定。**`deferred` 不是 `not-sibling`**：前者是「尚未問」，後者是「問過了，答案是否」
2.12.1	16.3	deferred	true	vocab	129	**依 41 §3 規則三入表（42 §2 之全量重建）。** 兩節皆未生成，現在判無處可用 —— sibling 判定之用途是寫 TC 時決定 `duplicate_of`／`distinguishing_axis`（§4.6）。其所屬組生成之日連同其他候選一併判定。**`deferred` 不是 `not-sibling`**：前者是「尚未問」，後者是「問過了，答案是否」
2.12.1	16.8	deferred	true	vocab	129	**依 41 §3 規則三入表（42 §2 之全量重建）。** 兩節皆未生成，現在判無處可用 —— sibling 判定之用途是寫 TC 時決定 `duplicate_of`／`distinguishing_axis`（§4.6）。其所屬組生成之日連同其他候選一併判定。**`deferred` 不是 `not-sibling`**：前者是「尚未問」，後者是「問過了，答案是否」
2.12.1	3.1	sibling	true	vocab	129	**本輪新發現（逐對）。** C13.0「In some **non-tri mode** equipment types, airflow modes has 5 states」以**明文對照** tri-mode 定義自身 —— 條文自己說出兩者為同一需求之不同配置值。C19 為 tri-mode 側之同一需求（氣流模式集合）。**連帶發現**：該軸實有三值（4 模式／5 狀態非 tri-mode／tri-mode 7 組合），非二值。`duplicate_of` 待 Airflow and Defrost 生成後回填（41 §3 規則二：一節已生成、一節未生成）。**`distinguishing_axis`（44 §5 隨換軸更新）**：軸 = **第三軸「前排氣流模式集合」**；兩側取值 —— `2.12.1` = **5 狀態**（C13.0：Face／Mix of Face & Feet／Feet／Mix of Feet & Windshield／Windshield），`3.1` = **tri-mode 3 鍵 7 組合**。**本對即換軸之來源** —— C13.0 之「In some **non-tri mode** equipment types」是條文自己說出三值中的第二值，而它在舊二值軸裡沒有位置。舊措辭已依 R-C19 更新。
2.12.1	3.2	not-sibling	true	vocab	129	[逐對] 兩節分述不同功能（對造之一為 AUTO／SYNC／climate off 或 MAX DEF），共有語彙 `AUTO`／`MODE` 為字面巧合。**本群中真正之同一需求為氣流模式集合與其循環**，已逐對判為 sibling（2.12／2.12.1／2.12.2 ↔ 3.1），不含本對（41 §3 規則二：一節已生成、一節未生成）
2.12.1	7.2	deferred	true	vocab	129	**依 41 §3 規則三入表（42 §2 之全量重建）。** 兩節皆未生成，現在判無處可用 —— sibling 判定之用途是寫 TC 時決定 `duplicate_of`／`distinguishing_axis`（§4.6）。其所屬組生成之日連同其他候選一併判定。**`deferred` 不是 `not-sibling`**：前者是「尚未問」，後者是「問過了，答案是否」
2.12.1	7.7	deferred	true	vocab	129	**依 41 §3 規則三入表（42 §2 之全量重建）。** 兩節皆未生成，現在判無處可用 —— sibling 判定之用途是寫 TC 時決定 `duplicate_of`／`distinguishing_axis`（§4.6）。其所屬組生成之日連同其他候選一併判定。**`deferred` 不是 `not-sibling`**：前者是「尚未問」，後者是「問過了，答案是否」
2.12.1	7.8	deferred	true	vocab	129	**依 41 §3 規則三入表（42 §2 之全量重建）。** 兩節皆未生成，現在判無處可用 —— sibling 判定之用途是寫 TC 時決定 `duplicate_of`／`distinguishing_axis`（§4.6）。其所屬組生成之日連同其他候選一併判定。**`deferred` 不是 `not-sibling`**：前者是「尚未問」，後者是「問過了，答案是否」
2.12.2	10.1	not-sibling	true	vocab	129	[逐對] **ch10 為 ch2 AUTO 之外加狀態，非其重述** —— ch10 自身以委派字面回指 ch2：10.5 `see standard ICE AUTO logics`、10.6 `deselect airflow modes as in standard AUTO mode`、10.9.1 `an additional info text compared to the standard ICE AUTO pop up`。**委派不是重述**（此即 `2.3 ↔ 7.2` 之反面：CR2 逐字重寫 C2，EH 各條指回 C2）（41 §3 規則二：一節已生成、一節未生成）
2.12.2	10.5	not-sibling	true	vocab	129	[逐對] **ch10 為 ch2 AUTO 之外加狀態，非其重述** —— ch10 自身以委派字面回指 ch2：10.5 `see standard ICE AUTO logics`、10.6 `deselect airflow modes as in standard AUTO mode`、10.9.1 `an additional info text compared to the standard ICE AUTO pop up`。**委派不是重述**（此即 `2.3 ↔ 7.2` 之反面：CR2 逐字重寫 C2，EH 各條指回 C2）（41 §3 規則二：一節已生成、一節未生成）
2.12.2	10.6	not-sibling	true	vocab	129	[逐對] **ch10 為 ch2 AUTO 之外加狀態，非其重述** —— ch10 自身以委派字面回指 ch2：10.5 `see standard ICE AUTO logics`、10.6 `deselect airflow modes as in standard AUTO mode`、10.9.1 `an additional info text compared to the standard ICE AUTO pop up`。**委派不是重述**（此即 `2.3 ↔ 7.2` 之反面：CR2 逐字重寫 C2，EH 各條指回 C2）（41 §3 規則二：一節已生成、一節未生成）
2.12.2	10.9.1	not-sibling	true	vocab	129	[逐對] **ch10 為 ch2 AUTO 之外加狀態，非其重述** —— ch10 自身以委派字面回指 ch2：10.5 `see standard ICE AUTO logics`、10.6 `deselect airflow modes as in standard AUTO mode`、10.9.1 `an additional info text compared to the standard ICE AUTO pop up`。**委派不是重述**（此即 `2.3 ↔ 7.2` 之反面：CR2 逐字重寫 C2，EH 各條指回 C2）（41 §3 規則二：一節已生成、一節未生成）
2.12.2	12.7	deferred	true	vocab	129	**依 41 §3 規則三入表（42 §2 之全量重建）。** 兩節皆未生成，現在判無處可用 —— sibling 判定之用途是寫 TC 時決定 `duplicate_of`／`distinguishing_axis`（§4.6）。其所屬組生成之日連同其他候選一併判定。**`deferred` 不是 `not-sibling`**：前者是「尚未問」，後者是「問過了，答案是否」
2.12.2	14.10	deferred	true	vocab	129	**依 41 §3 規則三入表（42 §2 之全量重建）。** 兩節皆未生成，現在判無處可用 —— sibling 判定之用途是寫 TC 時決定 `duplicate_of`／`distinguishing_axis`（§4.6）。其所屬組生成之日連同其他候選一併判定。**`deferred` 不是 `not-sibling`**：前者是「尚未問」，後者是「問過了，答案是否」
2.12.2	14.10.1	deferred	true	vocab	129	**依 41 §3 規則三入表（42 §2 之全量重建）。** 兩節皆未生成，現在判無處可用 —— sibling 判定之用途是寫 TC 時決定 `duplicate_of`／`distinguishing_axis`（§4.6）。其所屬組生成之日連同其他候選一併判定。**`deferred` 不是 `not-sibling`**：前者是「尚未問」，後者是「問過了，答案是否」
2.12.2	14.13	deferred	true	vocab	129	**依 41 §3 規則三入表（42 §2 之全量重建）。** 兩節皆未生成，現在判無處可用 —— sibling 判定之用途是寫 TC 時決定 `duplicate_of`／`distinguishing_axis`（§4.6）。其所屬組生成之日連同其他候選一併判定。**`deferred` 不是 `not-sibling`**：前者是「尚未問」，後者是「問過了，答案是否」
2.12.2	14.19	deferred	true	vocab	129	**依 41 §3 規則三入表（42 §2 之全量重建）。** 兩節皆未生成，現在判無處可用 —— sibling 判定之用途是寫 TC 時決定 `duplicate_of`／`distinguishing_axis`（§4.6）。其所屬組生成之日連同其他候選一併判定。**`deferred` 不是 `not-sibling`**：前者是「尚未問」，後者是「問過了，答案是否」
2.12.2	14.3	deferred	true	vocab	129	**依 41 §3 規則三入表（42 §2 之全量重建）。** 兩節皆未生成，現在判無處可用 —— sibling 判定之用途是寫 TC 時決定 `duplicate_of`／`distinguishing_axis`（§4.6）。其所屬組生成之日連同其他候選一併判定。**`deferred` 不是 `not-sibling`**：前者是「尚未問」，後者是「問過了，答案是否」
2.12.2	14.4	deferred	true	vocab	129	**依 41 §3 規則三入表（42 §2 之全量重建）。** 兩節皆未生成，現在判無處可用 —— sibling 判定之用途是寫 TC 時決定 `duplicate_of`／`distinguishing_axis`（§4.6）。其所屬組生成之日連同其他候選一併判定。**`deferred` 不是 `not-sibling`**：前者是「尚未問」，後者是「問過了，答案是否」
2.12.2	15.1	deferred	true	vocab	129	**依 41 §3 規則三入表（42 §2 之全量重建）。** 兩節皆未生成，現在判無處可用 —— sibling 判定之用途是寫 TC 時決定 `duplicate_of`／`distinguishing_axis`（§4.6）。其所屬組生成之日連同其他候選一併判定。**`deferred` 不是 `not-sibling`**：前者是「尚未問」，後者是「問過了，答案是否」
2.12.2	16.10	deferred	true	vocab	129	**依 41 §3 規則三入表（42 §2 之全量重建）。** 兩節皆未生成，現在判無處可用 —— sibling 判定之用途是寫 TC 時決定 `duplicate_of`／`distinguishing_axis`（§4.6）。其所屬組生成之日連同其他候選一併判定。**`deferred` 不是 `not-sibling`**：前者是「尚未問」，後者是「問過了，答案是否」
2.12.2	16.11	deferred	true	vocab	129	**依 41 §3 規則三入表（42 §2 之全量重建）。** 兩節皆未生成，現在判無處可用 —— sibling 判定之用途是寫 TC 時決定 `duplicate_of`／`distinguishing_axis`（§4.6）。其所屬組生成之日連同其他候選一併判定。**`deferred` 不是 `not-sibling`**：前者是「尚未問」，後者是「問過了，答案是否」
2.12.2	16.12	deferred	true	vocab	129	**依 41 §3 規則三入表（42 §2 之全量重建）。** 兩節皆未生成，現在判無處可用 —— sibling 判定之用途是寫 TC 時決定 `duplicate_of`／`distinguishing_axis`（§4.6）。其所屬組生成之日連同其他候選一併判定。**`deferred` 不是 `not-sibling`**：前者是「尚未問」，後者是「問過了，答案是否」
2.12.2	16.12.1	deferred	true	vocab	129	**依 41 §3 規則三入表（42 §2 之全量重建）。** 兩節皆未生成，現在判無處可用 —— sibling 判定之用途是寫 TC 時決定 `duplicate_of`／`distinguishing_axis`（§4.6）。其所屬組生成之日連同其他候選一併判定。**`deferred` 不是 `not-sibling`**：前者是「尚未問」，後者是「問過了，答案是否」
2.12.2	16.13	deferred	true	vocab	129	**依 41 §3 規則三入表（42 §2 之全量重建）。** 兩節皆未生成，現在判無處可用 —— sibling 判定之用途是寫 TC 時決定 `duplicate_of`／`distinguishing_axis`（§4.6）。其所屬組生成之日連同其他候選一併判定。**`deferred` 不是 `not-sibling`**：前者是「尚未問」，後者是「問過了，答案是否」
2.12.2	16.15	deferred	true	vocab	129	**依 41 §3 規則三入表（42 §2 之全量重建）。** 兩節皆未生成，現在判無處可用 —— sibling 判定之用途是寫 TC 時決定 `duplicate_of`／`distinguishing_axis`（§4.6）。其所屬組生成之日連同其他候選一併判定。**`deferred` 不是 `not-sibling`**：前者是「尚未問」，後者是「問過了，答案是否」
2.12.2	16.3	deferred	true	vocab	129	**依 41 §3 規則三入表（42 §2 之全量重建）。** 兩節皆未生成，現在判無處可用 —— sibling 判定之用途是寫 TC 時決定 `duplicate_of`／`distinguishing_axis`（§4.6）。其所屬組生成之日連同其他候選一併判定。**`deferred` 不是 `not-sibling`**：前者是「尚未問」，後者是「問過了，答案是否」
2.12.2	16.4	deferred	true	via-hierarchy	129	**本對僅因階層關係而成為候選（43 §2，`source = via-hierarchy`）。** `16.4` 與 `2.12.2` 之詞彙集**無交集**；其共有語彙 ['DEFROST'] 係由特化詞導出之泛化詞（表：`AUTO ECO` → `AUTO`, `ECO HVAC` → `HVAC`, `FRONT DEF` → `DEFROST`, `MAX A/C` → `A/C`, `MAX DEF` → `DEFROST`, `REAR DEF` → `DEFROST`）。**階層不是等價** —— 每個 AUTO ECO 都是 AUTO，但 AUTO 不必然是 AUTO ECO，故本表單向且其輸出另標來源，不併入等價組。共有語彙為**低頻詞**，無既有類級判定可沿用，故記 `deferred`（尚未問）而非類級 verdict —— 對一個沒有類的詞給類級 verdict，等於宣稱一個沒有人做過的判定。
2.12.2	16.8	deferred	true	vocab	129	**依 41 §3 規則三入表（42 §2 之全量重建）。** 兩節皆未生成，現在判無處可用 —— sibling 判定之用途是寫 TC 時決定 `duplicate_of`／`distinguishing_axis`（§4.6）。其所屬組生成之日連同其他候選一併判定。**`deferred` 不是 `not-sibling`**：前者是「尚未問」，後者是「問過了，答案是否」
2.12.2	16.9	deferred	true	via-hierarchy	129	**本對僅因階層關係而成為候選（43 §2，`source = via-hierarchy`）。** `16.9` 與 `2.12.2` 之詞彙集**無交集**；其共有語彙 ['DEFROST'] 係由特化詞導出之泛化詞（表：`AUTO ECO` → `AUTO`, `ECO HVAC` → `HVAC`, `FRONT DEF` → `DEFROST`, `MAX A/C` → `A/C`, `MAX DEF` → `DEFROST`, `REAR DEF` → `DEFROST`）。**階層不是等價** —— 每個 AUTO ECO 都是 AUTO，但 AUTO 不必然是 AUTO ECO，故本表單向且其輸出另標來源，不併入等價組。共有語彙為**低頻詞**，無既有類級判定可沿用，故記 `deferred`（尚未問）而非類級 verdict —— 對一個沒有類的詞給類級 verdict，等於宣稱一個沒有人做過的判定。
2.12.2	3.1	sibling	true	vocab	129	**本輪新發現（逐對）。** C13.1「If the Mode hard control is pressed the user will be moved to the next mode available in the loop (Face > Face/Feet > Feet > Feet plus Windshield > then repeat loop …) press and hold of the control will only move one mode over」與 C19 後段「Pressing the hard control MODE button will cycle through all MODE combinations (repeating the process so it loops at the end of each cycle). The airflow mode combinations will cycle in this order: (Face, Face & Feet, Feet, Windshield & Feet, Windshield, Windshield & Face, Windshield & Face & Feet)」陳述**同一需求**：MODE 硬鍵之循環推進與其順序。`duplicate_of` 待 Airflow and Defrost 生成後回填（41 §3 規則二：一節已生成、一節未生成）。**`distinguishing_axis`（44 §5 隨換軸更新）**：軸 = **第三軸「前排氣流模式集合」**；兩側取值 —— `2.12.2` = **4 模式**（C13.1 之循環序 Face > Face/Feet > Feet > Feet plus Windshield，即 C13 之集合），`3.1` = **tri-mode 3 鍵 7 組合**（C19 之七組合循環序）。所驗者為同一需求（MODE 硬鍵之循環推進與其順序）在該軸兩個值上之不同序列。舊措辭已依 R-C19 更新。
2.12.2	3.2	not-sibling	true	vocab	129	[逐對] 兩節分述不同功能（對造之一為 AUTO／SYNC／climate off 或 MAX DEF），共有語彙 `AUTO`／`MODE` 為字面巧合。**本群中真正之同一需求為氣流模式集合與其循環**，已逐對判為 sibling（2.12／2.12.1／2.12.2 ↔ 3.1），不含本對（41 §3 規則二：一節已生成、一節未生成）
2.12.2	3.3	deferred	true	via-hierarchy	129	**本對僅因階層關係而成為候選（43 §2，`source = via-hierarchy`）。** `2.12.2` 與 `3.3` 之詞彙集**無交集**；其共有語彙 ['DEFROST'] 係由特化詞導出之泛化詞（表：`AUTO ECO` → `AUTO`, `ECO HVAC` → `HVAC`, `FRONT DEF` → `DEFROST`, `MAX A/C` → `A/C`, `MAX DEF` → `DEFROST`, `REAR DEF` → `DEFROST`）。**階層不是等價** —— 每個 AUTO ECO 都是 AUTO，但 AUTO 不必然是 AUTO ECO，故本表單向且其輸出另標來源，不併入等價組。共有語彙為**低頻詞**，無既有類級判定可沿用，故記 `deferred`（尚未問）而非類級 verdict —— 對一個沒有類的詞給類級 verdict，等於宣稱一個沒有人做過的判定。
2.12.2	3.4	deferred	true	via-hierarchy	129	**本對僅因階層關係而成為候選（43 §2，`source = via-hierarchy`）。** `2.12.2` 與 `3.4` 之詞彙集**無交集**；其共有語彙 ['DEFROST'] 係由特化詞導出之泛化詞（表：`AUTO ECO` → `AUTO`, `ECO HVAC` → `HVAC`, `FRONT DEF` → `DEFROST`, `MAX A/C` → `A/C`, `MAX DEF` → `DEFROST`, `REAR DEF` → `DEFROST`）。**階層不是等價** —— 每個 AUTO ECO 都是 AUTO，但 AUTO 不必然是 AUTO ECO，故本表單向且其輸出另標來源，不併入等價組。共有語彙為**低頻詞**，無既有類級判定可沿用，故記 `deferred`（尚未問）而非類級 verdict —— 對一個沒有類的詞給類級 verdict，等於宣稱一個沒有人做過的判定。
2.12.2	7.2	deferred	true	vocab	129	**依 41 §3 規則三入表（42 §2 之全量重建）。** 兩節皆未生成，現在判無處可用 —— sibling 判定之用途是寫 TC 時決定 `duplicate_of`／`distinguishing_axis`（§4.6）。其所屬組生成之日連同其他候選一併判定。**`deferred` 不是 `not-sibling`**：前者是「尚未問」，後者是「問過了，答案是否」
2.12.2	7.7	deferred	true	vocab	129	**依 41 §3 規則三入表（42 §2 之全量重建）。** 兩節皆未生成，現在判無處可用 —— sibling 判定之用途是寫 TC 時決定 `duplicate_of`／`distinguishing_axis`（§4.6）。其所屬組生成之日連同其他候選一併判定。**`deferred` 不是 `not-sibling`**：前者是「尚未問」，後者是「問過了，答案是否」
2.12.2	7.8	deferred	true	vocab	129	**依 41 §3 規則三入表（42 §2 之全量重建）。** 兩節皆未生成，現在判無處可用 —— sibling 判定之用途是寫 TC 時決定 `duplicate_of`／`distinguishing_axis`（§4.6）。其所屬組生成之日連同其他候選一併判定。**`deferred` 不是 `not-sibling`**：前者是「尚未問」，後者是「問過了，答案是否」
2.13	10.1	not-sibling	false	vocab	129	**43 §1 之重新確認（批次 9 使 `Climate Modes` 六節落地）。** 非 sibling —— ch10（ECO HVAC）為 EV 之外加狀態且自身以委派字面回指標準 AUTO（10.5 `see standard ICE AUTO logics`），委派不是重述。**新證據**：本批 `2.3` 之九條所驗者為標準 AUTO 之狀態、互斥與中斷，ch10 之 TC 所驗者為 AUTO **三狀態之循環**與Menu Bar／popup 之反映，逐條比對無共用可觀察量。verdict 維持
2.13	10.7	not-sibling	false	vocab	129	**43 §1 之重新確認（批次 9 使 `Climate Modes` 六節落地）。** 非 sibling —— ch10（ECO HVAC）為 EV 之外加狀態且自身以委派字面回指標準 AUTO（10.5 `see standard ICE AUTO logics`），委派不是重述。**新證據**：本批 `2.3` 之九條所驗者為標準 AUTO 之狀態、互斥與中斷，ch10 之 TC 所驗者為 AUTO **三狀態之循環**與Menu Bar／popup 之反映，逐條比對無共用可觀察量。verdict 維持
2.13	10.9.1	not-sibling	false	via-hierarchy	129	**43 §1 之重新確認（批次 9 使 `Climate Modes` 六節落地）。** 非 sibling —— ch10（ECO HVAC）為 EV 之外加狀態且自身以委派字面回指標準 AUTO（10.5 `see standard ICE AUTO logics`），委派不是重述。**新證據**：本批 `2.3` 之九條所驗者為標準 AUTO 之狀態、互斥與中斷，ch10 之 TC 所驗者為 AUTO **三狀態之循環**與Menu Bar／popup 之反映，逐條比對無共用可觀察量。verdict 維持
2.13	14.1	deferred	true	vocab	129	**依 41 §3 規則三入表（42 §2 之全量重建）。** 兩節皆未生成，現在判無處可用 —— sibling 判定之用途是寫 TC 時決定 `duplicate_of`／`distinguishing_axis`（§4.6）。其所屬組生成之日連同其他候選一併判定。**`deferred` 不是 `not-sibling`**：前者是「尚未問」，後者是「問過了，答案是否」
2.13	14.1.1	deferred	true	vocab	129	**依 41 §3 規則三入表（42 §2 之全量重建）。** 兩節皆未生成，現在判無處可用 —— sibling 判定之用途是寫 TC 時決定 `duplicate_of`／`distinguishing_axis`（§4.6）。其所屬組生成之日連同其他候選一併判定。**`deferred` 不是 `not-sibling`**：前者是「尚未問」，後者是「問過了，答案是否」
2.13	14.10	deferred	true	vocab	129	**依 41 §3 規則三入表（42 §2 之全量重建）。** 兩節皆未生成，現在判無處可用 —— sibling 判定之用途是寫 TC 時決定 `duplicate_of`／`distinguishing_axis`（§4.6）。其所屬組生成之日連同其他候選一併判定。**`deferred` 不是 `not-sibling`**：前者是「尚未問」，後者是「問過了，答案是否」
2.13	14.11	deferred	true	vocab	129	**依 41 §3 規則三入表（42 §2 之全量重建）。** 兩節皆未生成，現在判無處可用 —— sibling 判定之用途是寫 TC 時決定 `duplicate_of`／`distinguishing_axis`（§4.6）。其所屬組生成之日連同其他候選一併判定。**`deferred` 不是 `not-sibling`**：前者是「尚未問」，後者是「問過了，答案是否」
2.13	14.12	deferred	true	vocab	129	**依 41 §3 規則三入表（42 §2 之全量重建）。** 兩節皆未生成，現在判無處可用 —— sibling 判定之用途是寫 TC 時決定 `duplicate_of`／`distinguishing_axis`（§4.6）。其所屬組生成之日連同其他候選一併判定。**`deferred` 不是 `not-sibling`**：前者是「尚未問」，後者是「問過了，答案是否」
2.13	14.13	deferred	true	vocab	129	**依 41 §3 規則三入表（42 §2 之全量重建）。** 兩節皆未生成，現在判無處可用 —— sibling 判定之用途是寫 TC 時決定 `duplicate_of`／`distinguishing_axis`（§4.6）。其所屬組生成之日連同其他候選一併判定。**`deferred` 不是 `not-sibling`**：前者是「尚未問」，後者是「問過了，答案是否」
2.13	14.2	deferred	true	vocab	129	**依 41 §3 規則三入表（42 §2 之全量重建）。** 兩節皆未生成，現在判無處可用 —— sibling 判定之用途是寫 TC 時決定 `duplicate_of`／`distinguishing_axis`（§4.6）。其所屬組生成之日連同其他候選一併判定。**`deferred` 不是 `not-sibling`**：前者是「尚未問」，後者是「問過了，答案是否」
2.13	14.3	deferred	true	vocab	129	**依 41 §3 規則三入表（42 §2 之全量重建）。** 兩節皆未生成，現在判無處可用 —— sibling 判定之用途是寫 TC 時決定 `duplicate_of`／`distinguishing_axis`（§4.6）。其所屬組生成之日連同其他候選一併判定。**`deferred` 不是 `not-sibling`**：前者是「尚未問」，後者是「問過了，答案是否」
2.13	14.4	deferred	true	vocab	129	**依 41 §3 規則三入表（42 §2 之全量重建）。** 兩節皆未生成，現在判無處可用 —— sibling 判定之用途是寫 TC 時決定 `duplicate_of`／`distinguishing_axis`（§4.6）。其所屬組生成之日連同其他候選一併判定。**`deferred` 不是 `not-sibling`**：前者是「尚未問」，後者是「問過了，答案是否」
2.13	14.5	deferred	true	vocab	129	**依 41 §3 規則三入表（42 §2 之全量重建）。** 兩節皆未生成，現在判無處可用 —— sibling 判定之用途是寫 TC 時決定 `duplicate_of`／`distinguishing_axis`（§4.6）。其所屬組生成之日連同其他候選一併判定。**`deferred` 不是 `not-sibling`**：前者是「尚未問」，後者是「問過了，答案是否」
2.13	14.6	deferred	true	vocab	129	**依 41 §3 規則三入表（42 §2 之全量重建）。** 兩節皆未生成，現在判無處可用 —— sibling 判定之用途是寫 TC 時決定 `duplicate_of`／`distinguishing_axis`（§4.6）。其所屬組生成之日連同其他候選一併判定。**`deferred` 不是 `not-sibling`**：前者是「尚未問」，後者是「問過了，答案是否」
2.13	14.7	deferred	true	vocab	129	**依 41 §3 規則三入表（42 §2 之全量重建）。** 兩節皆未生成，現在判無處可用 —— sibling 判定之用途是寫 TC 時決定 `duplicate_of`／`distinguishing_axis`（§4.6）。其所屬組生成之日連同其他候選一併判定。**`deferred` 不是 `not-sibling`**：前者是「尚未問」，後者是「問過了，答案是否」
2.13	14.8	deferred	true	vocab	129	**依 41 §3 規則三入表（42 §2 之全量重建）。** 兩節皆未生成，現在判無處可用 —— sibling 判定之用途是寫 TC 時決定 `duplicate_of`／`distinguishing_axis`（§4.6）。其所屬組生成之日連同其他候選一併判定。**`deferred` 不是 `not-sibling`**：前者是「尚未問」，後者是「問過了，答案是否」
2.13	14.9	deferred	true	vocab	129	**依 41 §3 規則三入表（42 §2 之全量重建）。** 兩節皆未生成，現在判無處可用 —— sibling 判定之用途是寫 TC 時決定 `duplicate_of`／`distinguishing_axis`（§4.6）。其所屬組生成之日連同其他候選一併判定。**`deferred` 不是 `not-sibling`**：前者是「尚未問」，後者是「問過了，答案是否」
2.13	15.1	deferred	true	vocab	129	**依 41 §3 規則三入表（42 §2 之全量重建）。** 兩節皆未生成，現在判無處可用 —— sibling 判定之用途是寫 TC 時決定 `duplicate_of`／`distinguishing_axis`（§4.6）。其所屬組生成之日連同其他候選一併判定。**`deferred` 不是 `not-sibling`**：前者是「尚未問」，後者是「問過了，答案是否」
2.13	16.13	deferred	true	vocab	129	**依 41 §3 規則三入表（42 §2 之全量重建）。** 兩節皆未生成，現在判無處可用 —— sibling 判定之用途是寫 TC 時決定 `duplicate_of`／`distinguishing_axis`（§4.6）。其所屬組生成之日連同其他候選一併判定。**`deferred` 不是 `not-sibling`**：前者是「尚未問」，後者是「問過了，答案是否」
2.13	16.3	deferred	true	vocab	129	**依 41 §3 規則三入表（42 §2 之全量重建）。** 兩節皆未生成，現在判無處可用 —— sibling 判定之用途是寫 TC 時決定 `duplicate_of`／`distinguishing_axis`（§4.6）。其所屬組生成之日連同其他候選一併判定。**`deferred` 不是 `not-sibling`**：前者是「尚未問」，後者是「問過了，答案是否」
2.13	16.4	deferred	true	vocab	129	**依 41 §3 規則三入表（42 §2 之全量重建）。** 兩節皆未生成，現在判無處可用 —— sibling 判定之用途是寫 TC 時決定 `duplicate_of`／`distinguishing_axis`（§4.6）。其所屬組生成之日連同其他候選一併判定。**`deferred` 不是 `not-sibling`**：前者是「尚未問」，後者是「問過了，答案是否」
2.13	16.8	deferred	true	vocab	129	**依 41 §3 規則三入表（42 §2 之全量重建）。** 兩節皆未生成，現在判無處可用 —— sibling 判定之用途是寫 TC 時決定 `duplicate_of`／`distinguishing_axis`（§4.6）。其所屬組生成之日連同其他候選一併判定。**`deferred` 不是 `not-sibling`**：前者是「尚未問」，後者是「問過了，答案是否」
2.13	17.2	not-sibling	false	vocab	129	**43 §1 之重新確認（批次 9 使 `Climate Modes` 六節落地）。** 非 sibling —— `17.2` 驗「該元素在**首頁 widget** 上存在且可操作」，本批各節驗「該功能在 **climate 主畫面**上之行為」，可觀察量分屬兩個介面。**新證據**：兩側 TC 皆已產出，`-118`～`-124` 之 ER 一律停在「widget 顯示該元素」與「按下後改變狀態」，刻意不驗行為規則。verdict 判為 `not-sibling`
2.13	2.14	not-sibling	false	vocab	129	**43 §1 之重新確認（批次 9 使 `Climate Modes` 六節落地）。** 非 sibling —— 兩節同屬 ch2 而分屬不同 Test Set，各述不同功能（AUTO／A-C／RECIRC／climate off／SYNC／MAX A-C vs 對造節之主題），共有語彙為控制名之字面巧合。**新證據**：兩側 TC 皆已產出，逐條比對其 `expected_result` 無共用可觀察量。verdict 判為 `not-sibling`
2.13	3.2	not-sibling	false	vocab	129	**43 §1 之重新確認（批次 9 使 `Climate Modes` 六節落地）。** 非 sibling —— ch3（Tri-Mode／MAX DEF／MAX A/C 之 climate off 可用性）與本批各節分屬不同功能。**新證據**：兩側 TC 皆已產出，逐條比對其 `expected_result` 無共用可觀察量（唯一之真 sibling `2.10 ↔ 3.3` 已另判）。verdict 判為 `not-sibling`
2.13	7.9	deferred	true	via-hierarchy	129	**本對僅因階層關係而成為候選（43 §2，`source = via-hierarchy`）。** `2.13` 與 `7.9` 之詞彙集**無交集**；其共有語彙 ['A/C'] 係由特化詞導出之泛化詞（表：`AUTO ECO` → `AUTO`, `ECO HVAC` → `HVAC`, `FRONT DEF` → `DEFROST`, `MAX A/C` → `A/C`, `MAX DEF` → `DEFROST`, `REAR DEF` → `DEFROST`）。**階層不是等價** —— 每個 AUTO ECO 都是 AUTO，但 AUTO 不必然是 AUTO ECO，故本表單向且其輸出另標來源，不併入等價組。共有語彙為**低頻詞**，無既有類級判定可沿用，故記 `deferred`（尚未問）而非類級 verdict —— 對一個沒有類的詞給類級 verdict，等於宣稱一個沒有人做過的判定。
2.13	9.2	deferred	true	vocab	129	**依 41 §3 規則三入表（42 §2 之全量重建）。** 兩節皆未生成，現在判無處可用 —— sibling 判定之用途是寫 TC 時決定 `duplicate_of`／`distinguishing_axis`（§4.6）。其所屬組生成之日連同其他候選一併判定。**`deferred` 不是 `not-sibling`**：前者是「尚未問」，後者是「問過了，答案是否」
2.14	10.1	not-sibling	false	vocab	129	[逐對，42 §1 之重新確認] C15 之 `MTC` 為氣候控制型式（第一軸），EH1 之 `HVAC Mode` 指 ECO HVAC 這一種模式（第十五軸）。**兩者之 `HVAC` 一詞指涉不同層級** —— 前者是系統型式，後者是系統內的一個模式
2.14	10.2	not-sibling	false	vocab	129	[逐對] **ch10 為 ch2 AUTO 之外加狀態，非其重述** —— ch10 自身以委派字面回指 ch2：10.5 `see standard ICE AUTO logics`、10.6 `deselect airflow modes as in standard AUTO mode`、10.9.1 `an additional info text compared to the standard ICE AUTO pop up`。**委派不是重述**（此即 `2.3 ↔ 7.2` 之反面：CR2 逐字重寫 C2，EH 各條指回 C2）（41 §3 規則一：兩節皆已生成）
2.14	10.3	not-sibling	false	via-hierarchy	129	[逐對，43 §1 之重新確認；本對之候選身分來自 43 §2 之階層 `AUTO ECO` → `AUTO`] C15 之 `"Auto" control over the set temperature` 是**用來界定 MTC 缺什麼**的一個對照項，EH3「Button label will read AUTO ECO」則是 AUTO 鍵在 EV 上之**標籤字樣**。一為配置型式之界定、一為單一元件之文字，非同一需求
2.14	10.4	not-sibling	false	vocab	129	[逐對] **ch10 為 ch2 AUTO 之外加狀態，非其重述** —— ch10 自身以委派字面回指 ch2：10.5 `see standard ICE AUTO logics`、10.6 `deselect airflow modes as in standard AUTO mode`、10.9.1 `an additional info text compared to the standard ICE AUTO pop up`。**委派不是重述**（此即 `2.3 ↔ 7.2` 之反面：CR2 逐字重寫 C2，EH 各條指回 C2）（41 §3 規則一：兩節皆已生成）
2.14	10.5	not-sibling	false	vocab	129	[逐對] **ch10 為 ch2 AUTO 之外加狀態，非其重述** —— ch10 自身以委派字面回指 ch2：10.5 `see standard ICE AUTO logics`、10.6 `deselect airflow modes as in standard AUTO mode`、10.9.1 `an additional info text compared to the standard ICE AUTO pop up`。**委派不是重述**（此即 `2.3 ↔ 7.2` 之反面：CR2 逐字重寫 C2，EH 各條指回 C2）（41 §3 規則一：兩節皆已生成）
2.14	10.6	not-sibling	false	vocab	129	[逐對] **ch10 為 ch2 AUTO 之外加狀態，非其重述** —— ch10 自身以委派字面回指 ch2：10.5 `see standard ICE AUTO logics`、10.6 `deselect airflow modes as in standard AUTO mode`、10.9.1 `an additional info text compared to the standard ICE AUTO pop up`。**委派不是重述**（此即 `2.3 ↔ 7.2` 之反面：CR2 逐字重寫 C2，EH 各條指回 C2）（41 §3 規則一：兩節皆已生成）
2.14	10.7	not-sibling	false	vocab	129	[逐對] 共有 ['AUTO', 'HVAC']。ch10 之 ECO 行為為 standard AUTO 之外加狀態，其對造為 2.3（standard AUTO）而非本對；共有語彙為控制名
2.14	10.8	not-sibling	false	vocab	129	[逐對] **ch10 為 ch2 AUTO 之外加狀態，非其重述** —— ch10 自身以委派字面回指 ch2：10.5 `see standard ICE AUTO logics`、10.6 `deselect airflow modes as in standard AUTO mode`、10.9.1 `an additional info text compared to the standard ICE AUTO pop up`。**委派不是重述**（此即 `2.3 ↔ 7.2` 之反面：CR2 逐字重寫 C2，EH 各條指回 C2）（41 §3 規則一：兩節皆已生成）
2.14	10.9	not-sibling	false	vocab	129	[逐對] **ch10 為 ch2 AUTO 之外加狀態，非其重述** —— ch10 自身以委派字面回指 ch2：10.5 `see standard ICE AUTO logics`、10.6 `deselect airflow modes as in standard AUTO mode`、10.9.1 `an additional info text compared to the standard ICE AUTO pop up`。**委派不是重述**（此即 `2.3 ↔ 7.2` 之反面：CR2 逐字重寫 C2，EH 各條指回 C2）（41 §3 規則一：兩節皆已生成）
2.14	10.9.1	not-sibling	false	vocab	129	[逐對] **ch10 為 ch2 AUTO 之外加狀態，非其重述** —— ch10 自身以委派字面回指 ch2：10.5 `see standard ICE AUTO logics`、10.6 `deselect airflow modes as in standard AUTO mode`、10.9.1 `an additional info text compared to the standard ICE AUTO pop up`。**委派不是重述**（此即 `2.3 ↔ 7.2` 之反面：CR2 逐字重寫 C2，EH 各條指回 C2）（41 §3 規則一：兩節皆已生成）
2.14	11.11	not-broken-by-3-samples (class)	true	vocab	129	**類級判定，措辭依 41 §4 訂正。** 原記 `not-sibling (class)` 為過度陳述：本類之依據為三對抽樣未破，而三對之力度**足以破類，不足以證類**（R-C37：一個反例即證偽，N 個正例不證真）。本對尚未逐對判定；依 41 §3 規則二／三，其所屬節生成之日轉為逐對判定，類級判定不因曾通過而免除。[類級 `TEMPERATURE`] `TEMPERATURE` 為泛用控制名，前後排、ATC／MTC 各章皆含之。**類級判定之效力低於逐對判定** —— 日後若本類中發現真 sibling，本類之判定即失效。抽樣覆核見上繳 29 §3.3
2.14	11.11.1	not-broken-by-3-samples (class)	true	vocab	129	**類級判定，措辭依 41 §4 訂正。** 原記 `not-sibling (class)` 為過度陳述：本類之依據為三對抽樣未破，而三對之力度**足以破類，不足以證類**（R-C37：一個反例即證偽，N 個正例不證真）。本對尚未逐對判定；依 41 §3 規則二／三，其所屬節生成之日轉為逐對判定，類級判定不因曾通過而免除。[類級 `TEMPERATURE`] `TEMPERATURE` 為泛用控制名，前後排、ATC／MTC 各章皆含之。**類級判定之效力低於逐對判定** —— 日後若本類中發現真 sibling，本類之判定即失效。抽樣覆核見上繳 29 §3.3
2.14	11.5	not-sibling	true	vocab	129	[逐對] **同形異義** —— ch11／ch12 之 `Auto` 出現於 HVS6 之 `Auto Comfort Settings options for heated/vented seats`（座椅之自動舒適設定），與 HVAC 之 AUTO 模式非同一功能；12.7 之 `FAN`／`MODE` 指 popup 圖片之版面規則，非風速或氣流模式本身。共有語彙為字面巧合（41 §3 規則二：一節已生成、一節未生成）
2.14	12.6	not-sibling	true	vocab	129	[逐對] **同形異義** —— ch11／ch12 之 `Auto` 出現於 HVS6 之 `Auto Comfort Settings options for heated/vented seats`（座椅之自動舒適設定），與 HVAC 之 AUTO 模式非同一功能；12.7 之 `FAN`／`MODE` 指 popup 圖片之版面規則，非風速或氣流模式本身。共有語彙為字面巧合（41 §3 規則二：一節已生成、一節未生成）
2.14	14.1	not-broken-by-3-samples (class)	true	vocab	129	**類級判定，措辭依 41 §4 訂正。** 原記 `not-sibling (class)` 為過度陳述：本類之依據為三對抽樣未破，而三對之力度**足以破類，不足以證類**（R-C37：一個反例即證偽，N 個正例不證真）。本對尚未逐對判定；依 41 §3 規則二／三，其所屬節生成之日轉為逐對判定，類級判定不因曾通過而免除。[類級 `HVAC`] `HVAC` 為系統名而非需求名，幾乎任何氣候節皆含之。**類級判定之效力低於逐對判定** —— 日後若本類中發現真 sibling，本類之判定即失效。抽樣覆核見上繳 29 §3.3
2.14	14.1.1	not-broken-by-3-samples (class)	true	vocab	129	**類級判定，措辭依 41 §4 訂正。** 原記 `not-sibling (class)` 為過度陳述：本類之依據為三對抽樣未破，而三對之力度**足以破類，不足以證類**（R-C37：一個反例即證偽，N 個正例不證真）。本對尚未逐對判定；依 41 §3 規則二／三，其所屬節生成之日轉為逐對判定，類級判定不因曾通過而免除。[類級 `HVAC`] `HVAC` 為系統名而非需求名，幾乎任何氣候節皆含之。**類級判定之效力低於逐對判定** —— 日後若本類中發現真 sibling，本類之判定即失效。抽樣覆核見上繳 29 §3.3
2.14	14.10	not-broken-by-3-samples (class)	true	vocab	129	**類級判定，措辭依 41 §4 訂正。** 原記 `not-sibling (class)` 為過度陳述：本類之依據為三對抽樣未破，而三對之力度**足以破類，不足以證類**（R-C37：一個反例即證偽，N 個正例不證真）。本對尚未逐對判定；依 41 §3 規則二／三，其所屬節生成之日轉為逐對判定，類級判定不因曾通過而免除。[類級 `HVAC`] `HVAC` 為系統名而非需求名，幾乎任何氣候節皆含之。**類級判定之效力低於逐對判定** —— 日後若本類中發現真 sibling，本類之判定即失效。抽樣覆核見上繳 29 §3.3
2.14	14.11	not-broken-by-3-samples (class)	true	vocab	129	**類級判定，措辭依 41 §4 訂正。** 原記 `not-sibling (class)` 為過度陳述：本類之依據為三對抽樣未破，而三對之力度**足以破類，不足以證類**（R-C37：一個反例即證偽，N 個正例不證真）。本對尚未逐對判定；依 41 §3 規則二／三，其所屬節生成之日轉為逐對判定，類級判定不因曾通過而免除。[類級 `HVAC`] `HVAC` 為系統名而非需求名，幾乎任何氣候節皆含之。**類級判定之效力低於逐對判定** —— 日後若本類中發現真 sibling，本類之判定即失效。抽樣覆核見上繳 29 §3.3
2.14	14.12	not-broken-by-3-samples (class)	true	vocab	129	**類級判定，措辭依 41 §4 訂正。** 原記 `not-sibling (class)` 為過度陳述：本類之依據為三對抽樣未破，而三對之力度**足以破類，不足以證類**（R-C37：一個反例即證偽，N 個正例不證真）。本對尚未逐對判定；依 41 §3 規則二／三，其所屬節生成之日轉為逐對判定，類級判定不因曾通過而免除。[類級 `HVAC`] `HVAC` 為系統名而非需求名，幾乎任何氣候節皆含之。**類級判定之效力低於逐對判定** —— 日後若本類中發現真 sibling，本類之判定即失效。抽樣覆核見上繳 29 §3.3
2.14	14.13	not-sibling	true	vocab	129	[逐對] 共有 ['HVAC', 'TEMPERATURE']。ch14／15 述 popup 之呈現，被呈現之控制其行為定義於各自章節；兩者為呈現與行為之關係，非同一需求之兩處陳述
2.14	14.17	not-broken-by-3-samples (class)	true	vocab	129	**類級判定，措辭依 41 §4 訂正。** 原記 `not-sibling (class)` 為過度陳述：本類之依據為三對抽樣未破，而三對之力度**足以破類，不足以證類**（R-C37：一個反例即證偽，N 個正例不證真）。本對尚未逐對判定；依 41 §3 規則二／三，其所屬節生成之日轉為逐對判定，類級判定不因曾通過而免除。[類級 `TEMPERATURE`] `TEMPERATURE` 為泛用控制名，前後排、ATC／MTC 各章皆含之。**類級判定之效力低於逐對判定** —— 日後若本類中發現真 sibling，本類之判定即失效。抽樣覆核見上繳 29 §3.3
2.14	14.19	not-sibling	true	vocab	129	[逐對] 共有 ['AUTO', 'TEMPERATURE']。ch14／15 述 popup 之呈現，被呈現之控制其行為定義於各自章節；兩者為呈現與行為之關係，非同一需求之兩處陳述
2.14	14.2	not-broken-by-3-samples (class)	true	vocab	129	**類級判定，措辭依 41 §4 訂正。** 原記 `not-sibling (class)` 為過度陳述：本類之依據為三對抽樣未破，而三對之力度**足以破類，不足以證類**（R-C37：一個反例即證偽，N 個正例不證真）。本對尚未逐對判定；依 41 §3 規則二／三，其所屬節生成之日轉為逐對判定，類級判定不因曾通過而免除。[類級 `HVAC`] `HVAC` 為系統名而非需求名，幾乎任何氣候節皆含之。**類級判定之效力低於逐對判定** —— 日後若本類中發現真 sibling，本類之判定即失效。抽樣覆核見上繳 29 §3.3
2.14	14.3	not-broken-by-3-samples (class)	true	vocab	129	**類級判定，措辭依 41 §4 訂正。** 原記 `not-sibling (class)` 為過度陳述：本類之依據為三對抽樣未破，而三對之力度**足以破類，不足以證類**（R-C37：一個反例即證偽，N 個正例不證真）。本對尚未逐對判定；依 41 §3 規則二／三，其所屬節生成之日轉為逐對判定，類級判定不因曾通過而免除。[類級 `HVAC`] `HVAC` 為系統名而非需求名，幾乎任何氣候節皆含之。**類級判定之效力低於逐對判定** —— 日後若本類中發現真 sibling，本類之判定即失效。抽樣覆核見上繳 29 §3.3
2.14	14.4	not-broken-by-3-samples (class)	true	vocab	129	**類級判定，措辭依 41 §4 訂正。** 原記 `not-sibling (class)` 為過度陳述：本類之依據為三對抽樣未破，而三對之力度**足以破類，不足以證類**（R-C37：一個反例即證偽，N 個正例不證真）。本對尚未逐對判定；依 41 §3 規則二／三，其所屬節生成之日轉為逐對判定，類級判定不因曾通過而免除。[類級 `HVAC`] `HVAC` 為系統名而非需求名，幾乎任何氣候節皆含之。**類級判定之效力低於逐對判定** —— 日後若本類中發現真 sibling，本類之判定即失效。抽樣覆核見上繳 29 §3.3
2.14	14.5	not-broken-by-3-samples (class)	true	vocab	129	**類級判定，措辭依 41 §4 訂正。** 原記 `not-sibling (class)` 為過度陳述：本類之依據為三對抽樣未破，而三對之力度**足以破類，不足以證類**（R-C37：一個反例即證偽，N 個正例不證真）。本對尚未逐對判定；依 41 §3 規則二／三，其所屬節生成之日轉為逐對判定，類級判定不因曾通過而免除。[類級 `HVAC`] `HVAC` 為系統名而非需求名，幾乎任何氣候節皆含之。**類級判定之效力低於逐對判定** —— 日後若本類中發現真 sibling，本類之判定即失效。抽樣覆核見上繳 29 §3.3
2.14	14.6	not-broken-by-3-samples (class)	true	vocab	129	**類級判定，措辭依 41 §4 訂正。** 原記 `not-sibling (class)` 為過度陳述：本類之依據為三對抽樣未破，而三對之力度**足以破類，不足以證類**（R-C37：一個反例即證偽，N 個正例不證真）。本對尚未逐對判定；依 41 §3 規則二／三，其所屬節生成之日轉為逐對判定，類級判定不因曾通過而免除。[類級 `HVAC`] `HVAC` 為系統名而非需求名，幾乎任何氣候節皆含之。**類級判定之效力低於逐對判定** —— 日後若本類中發現真 sibling，本類之判定即失效。抽樣覆核見上繳 29 §3.3
2.14	14.7	not-broken-by-3-samples (class)	true	vocab	129	**類級判定，措辭依 41 §4 訂正。** 原記 `not-sibling (class)` 為過度陳述：本類之依據為三對抽樣未破，而三對之力度**足以破類，不足以證類**（R-C37：一個反例即證偽，N 個正例不證真）。本對尚未逐對判定；依 41 §3 規則二／三，其所屬節生成之日轉為逐對判定，類級判定不因曾通過而免除。[類級 `HVAC`] `HVAC` 為系統名而非需求名，幾乎任何氣候節皆含之。**類級判定之效力低於逐對判定** —— 日後若本類中發現真 sibling，本類之判定即失效。抽樣覆核見上繳 29 §3.3
2.14	14.8	not-broken-by-3-samples (class)	true	vocab	129	**類級判定，措辭依 41 §4 訂正。** 原記 `not-sibling (class)` 為過度陳述：本類之依據為三對抽樣未破，而三對之力度**足以破類，不足以證類**（R-C37：一個反例即證偽，N 個正例不證真）。本對尚未逐對判定；依 41 §3 規則二／三，其所屬節生成之日轉為逐對判定，類級判定不因曾通過而免除。[類級 `HVAC`] `HVAC` 為系統名而非需求名，幾乎任何氣候節皆含之。**類級判定之效力低於逐對判定** —— 日後若本類中發現真 sibling，本類之判定即失效。抽樣覆核見上繳 29 §3.3
2.14	14.9	not-broken-by-3-samples (class)	true	vocab	129	**類級判定，措辭依 41 §4 訂正。** 原記 `not-sibling (class)` 為過度陳述：本類之依據為三對抽樣未破，而三對之力度**足以破類，不足以證類**（R-C37：一個反例即證偽，N 個正例不證真）。本對尚未逐對判定；依 41 §3 規則二／三，其所屬節生成之日轉為逐對判定，類級判定不因曾通過而免除。[類級 `HVAC`] `HVAC` 為系統名而非需求名，幾乎任何氣候節皆含之。**類級判定之效力低於逐對判定** —— 日後若本類中發現真 sibling，本類之判定即失效。抽樣覆核見上繳 29 §3.3
2.14	15.1	not-sibling	true	vocab	129	[逐對] 共有 ['AUTO', 'HVAC']。ch14／15 述 popup 之呈現，被呈現之控制其行為定義於各自章節；兩者為呈現與行為之關係，非同一需求之兩處陳述
2.14	16.11	not-broken-by-3-samples (class)	true	vocab	129	**類級判定，措辭依 41 §4 訂正。** 原記 `not-sibling (class)` 為過度陳述：本類之依據為三對抽樣未破，而三對之力度**足以破類，不足以證類**（R-C37：一個反例即證偽，N 個正例不證真）。本對尚未逐對判定；依 41 §3 規則二／三，其所屬節生成之日轉為逐對判定，類級判定不因曾通過而免除。[類級 `TEMPERATURE`] `TEMPERATURE` 為泛用控制名，前後排、ATC／MTC 各章皆含之。**類級判定之效力低於逐對判定** —— 日後若本類中發現真 sibling，本類之判定即失效。抽樣覆核見上繳 29 §3.3
2.14	16.13	not-sibling	true	vocab	129	[逐對] 共有 ['AUTO', 'TEMPERATURE']。鏡射關係而非 §4.6 sibling —— ch16 為 EMEA ICS 變體，兩者不會同時出現於同一車輛；該關係由 `ch16_mirror_map.tsv` 承載
2.14	16.14	not-sibling	false	vocab	129	**42 §1 之重新確認（43 §1 修正觸發）。** `16.14 ↔ 2.14 mirrored` 對，鏡射非 sibling（同上）。**新證據**：`emea_ics_per_tc.tsv` 之五筆指向逐一比對 —— `-043`→`-092`、`-044`→`-093` 兩筆 `yes` 有對應；`-045`／`-046`／`-047` 三筆 `no`（ICE13 僅兩句，不含 C15 之 3 旋鈕 ICS 段落）**亦以實物確認**：批次 6 之 16.14 只產三條，無任何 3 旋鈕相關 TC。**`RUNBOOK.md`「節級看開頭，TC 級看那一句」之預測，於 TC 層兌現**。verdict 維持
2.14	16.2	not-sibling	false	vocab	129	**42 §1 之重新確認（43 §1 修正觸發）。** 本對之兩節於 `ch16_mirror_map.tsv` 中**不互為對造**（16.2 之對造為 2.2），故非鏡射對亦非 sibling。**新證據**：16.2 之九條 TC 已產出，其可觀察量與本對之 ch2 側節次所驗者不重疊。verdict 維持
2.14	16.3	not-sibling	true	vocab	129	[逐對] 共有 ['AUTO', 'TEMPERATURE']。鏡射關係而非 §4.6 sibling —— ch16 為 EMEA ICS 變體，兩者不會同時出現於同一車輛；該關係由 `ch16_mirror_map.tsv` 承載
2.14	16.6	not-sibling	false	vocab	129	**43 §1 之重新確認（批次 7 使對造落地）。** 本對之兩節於 `ch16_mirror_map.tsv` 中**不互為對造**（16.6 之對造為 2.6、16.6.1 為 2.6.1、16.7 為 2.7、16.17 為 2.16），故非鏡射對亦非 sibling。**新證據**：兩側 TC 皆已產出，逐條比對無共用之可觀察量。verdict 維持
2.14	16.6.1	not-sibling	false	vocab	129	**43 §1 之重新確認（批次 7 使對造落地）。** 本對之兩節於 `ch16_mirror_map.tsv` 中**不互為對造**（16.6 之對造為 2.6、16.6.1 為 2.6.1、16.7 為 2.7、16.17 為 2.16），故非鏡射對亦非 sibling。**新證據**：兩側 TC 皆已產出，逐條比對無共用之可觀察量。verdict 維持
2.14	16.7	not-sibling	false	vocab	129	**43 §1 之重新確認（批次 7 使對造落地）。** 本對之兩節於 `ch16_mirror_map.tsv` 中**不互為對造**（16.6 之對造為 2.6、16.6.1 為 2.6.1、16.7 為 2.7、16.17 為 2.16），故非鏡射對亦非 sibling。**新證據**：兩側 TC 皆已產出，逐條比對無共用之可觀察量。verdict 維持
2.14	16.8	not-sibling	true	vocab	129	[逐對] 共有 ['AUTO', 'TEMPERATURE']。鏡射關係而非 §4.6 sibling —— ch16 為 EMEA ICS 變體，兩者不會同時出現於同一車輛；該關係由 `ch16_mirror_map.tsv` 承載
2.14	17.2	not-sibling	false	vocab	129	**43 §1 之重新確認（批次 8 使 17.2 落地）。** 非 sibling，且其分界正是本批之 §8.2.1 界線：**17.2 驗「該元素在 widget 上存在且可操作」，`2.14` 驗「MTC 之界定於 climate screen 上之行為」** —— 兩者之可觀察量分屬兩個介面（首頁 widget vs climate 主畫面），非同一需求。**新證據**：兩側 TC 皆已產出；`-116`～`-124` 之 ER 一律停在「widget 顯示該元素」與「按下後該元素改變狀態」，**刻意不驗其行為規則**，故與對造之 ER 無共用可觀察量
2.14	17.5	not-broken-by-3-samples (class)	true	vocab	129	**類級判定，措辭依 41 §4 訂正。** 原記 `not-sibling (class)` 為過度陳述：本類之依據為三對抽樣未破，而三對之力度**足以破類，不足以證類**（R-C37：一個反例即證偽，N 個正例不證真）。本對尚未逐對判定；依 41 §3 規則二／三，其所屬節生成之日轉為逐對判定，類級判定不因曾通過而免除。[類級 `TEMPERATURE`] `TEMPERATURE` 為泛用控制名，前後排、ATC／MTC 各章皆含之。**類級判定之效力低於逐對判定** —— 日後若本類中發現真 sibling，本類之判定即失效。抽樣覆核見上繳 29 §3.3
2.14	3.2	not-sibling	false	vocab	129	[逐對] 共有 ['AUTO', 'TEMPERATURE']。共有者為控制名，兩節各定義不同需求（同章不同組）
2.14	7.1	not-broken-by-3-samples (class)	true	vocab	129	**類級判定，措辭依 41 §4 訂正。** 原記 `not-sibling (class)` 為過度陳述：本類之依據為三對抽樣未破，而三對之力度**足以破類，不足以證類**（R-C37：一個反例即證偽，N 個正例不證真）。本對尚未逐對判定；依 41 §3 規則二／三，其所屬節生成之日轉為逐對判定，類級判定不因曾通過而免除。[類級 `TEMPERATURE`] `TEMPERATURE` 為泛用控制名，前後排、ATC／MTC 各章皆含之。**類級判定之效力低於逐對判定** —— 日後若本類中發現真 sibling，本類之判定即失效。抽樣覆核見上繳 29 §3.3
2.14	7.1.1	not-broken-by-3-samples (class)	true	vocab	129	**類級判定，措辭依 41 §4 訂正。** 原記 `not-sibling (class)` 為過度陳述：本類之依據為三對抽樣未破，而三對之力度**足以破類，不足以證類**（R-C37：一個反例即證偽，N 個正例不證真）。本對尚未逐對判定；依 41 §3 規則二／三，其所屬節生成之日轉為逐對判定，類級判定不因曾通過而免除。[類級 `TEMPERATURE`] `TEMPERATURE` 為泛用控制名，前後排、ATC／MTC 各章皆含之。**類級判定之效力低於逐對判定** —— 日後若本類中發現真 sibling，本類之判定即失效。抽樣覆核見上繳 29 §3.3
2.14	7.10	not-broken-by-3-samples (class)	true	vocab	129	**類級判定，措辭依 41 §4 訂正。** 原記 `not-sibling (class)` 為過度陳述：本類之依據為三對抽樣未破，而三對之力度**足以破類，不足以證類**（R-C37：一個反例即證偽，N 個正例不證真）。本對尚未逐對判定；依 41 §3 規則二／三，其所屬節生成之日轉為逐對判定，類級判定不因曾通過而免除。[類級 `TEMPERATURE`] `TEMPERATURE` 為泛用控制名，前後排、ATC／MTC 各章皆含之。**類級判定之效力低於逐對判定** —— 日後若本類中發現真 sibling，本類之判定即失效。抽樣覆核見上繳 29 §3.3
2.14	7.2	not-sibling	true	vocab	129	[逐對] 共有 ['AUTO', 'TEMPERATURE']。前排／後排之不同需求 —— 共有者為控制名，兩節各自定義其所屬區之行為（本輪已逐節讀 7.1／7.1.1／7.2／7.4／7.5／7.7／7.8／9.2 全文，僅 7.4／7.5／7.7 判為 sibling）
2.14	7.4	not-broken-by-3-samples (class)	true	vocab	129	**類級判定，措辭依 41 §4 訂正。** 原記 `not-sibling (class)` 為過度陳述：本類之依據為三對抽樣未破，而三對之力度**足以破類，不足以證類**（R-C37：一個反例即證偽，N 個正例不證真）。本對尚未逐對判定；依 41 §3 規則二／三，其所屬節生成之日轉為逐對判定，類級判定不因曾通過而免除。[類級 `TEMPERATURE`] `TEMPERATURE` 為泛用控制名，前後排、ATC／MTC 各章皆含之。**類級判定之效力低於逐對判定** —— 日後若本類中發現真 sibling，本類之判定即失效。抽樣覆核見上繳 29 §3.3
2.14	7.5	not-sibling	true	vocab	129	[逐對] 依 `ch2_ch7_mirror_map.tsv` 判定：本對之兩節於該表中**不互為對造** —— 7.5 之對造為 2.7（partial）、7.8 之對造為 2.12（mirrored）與 2.12.2（partial），而 2.14（MTC 與 3 旋鈕 ICS 例外）於 ch7 全 11 節為 `no-counterpart`（41 §3 規則二：一節已生成、一節未生成）
2.14	7.7	not-broken-by-3-samples (class)	true	vocab	129	**類級判定，措辭依 41 §4 訂正。** 原記 `not-sibling (class)` 為過度陳述：本類之依據為三對抽樣未破，而三對之力度**足以破類，不足以證類**（R-C37：一個反例即證偽，N 個正例不證真）。本對尚未逐對判定；依 41 §3 規則二／三，其所屬節生成之日轉為逐對判定，類級判定不因曾通過而免除。[類級 `TEMPERATURE`] `TEMPERATURE` 為泛用控制名，前後排、ATC／MTC 各章皆含之。**類級判定之效力低於逐對判定** —— 日後若本類中發現真 sibling，本類之判定即失效。抽樣覆核見上繳 29 §3.3
2.14	7.8	not-sibling	true	vocab	129	[逐對] 依 `ch2_ch7_mirror_map.tsv` 判定：本對之兩節於該表中**不互為對造** —— 7.5 之對造為 2.7（partial）、7.8 之對造為 2.12（mirrored）與 2.12.2（partial），而 2.14（MTC 與 3 旋鈕 ICS 例外）於 ch7 全 11 節為 `no-counterpart`（41 §3 規則二：一節已生成、一節未生成）
2.14	9.2	not-sibling	true	vocab	129	[逐對] 共有 ['AUTO', 'HVAC']。前排／後排之不同需求 —— 共有者為控制名，兩節各自定義其所屬區之行為（本輪已逐節讀 7.1／7.1.1／7.2／7.4／7.5／7.7／7.8／9.2 全文，僅 7.4／7.5／7.7 判為 sibling）
2.15	15.1	deferred	true	vocab	129	**依 41 §3 規則三入表（42 §2 之全量重建）。** 兩節皆未生成，現在判無處可用 —— sibling 判定之用途是寫 TC 時決定 `duplicate_of`／`distinguishing_axis`（§4.6）。其所屬組生成之日連同其他候選一併判定。**`deferred` 不是 `not-sibling`**：前者是「尚未問」，後者是「問過了，答案是否」
2.15	16.10	deferred	true	via-hierarchy	129	**本對僅因階層關係而成為候選（43 §2，`source = via-hierarchy`）。** `16.10` 與 `2.15` 之詞彙集**無交集**；其共有語彙 ['DEFROST'] 係由特化詞導出之泛化詞（表：`AUTO ECO` → `AUTO`, `ECO HVAC` → `HVAC`, `FRONT DEF` → `DEFROST`, `MAX A/C` → `A/C`, `MAX DEF` → `DEFROST`, `REAR DEF` → `DEFROST`）。**階層不是等價** —— 每個 AUTO ECO 都是 AUTO，但 AUTO 不必然是 AUTO ECO，故本表單向且其輸出另標來源，不併入等價組。共有語彙為**低頻詞**，無既有類級判定可沿用，故記 `deferred`（尚未問）而非類級 verdict —— 對一個沒有類的詞給類級 verdict，等於宣稱一個沒有人做過的判定。
2.15	16.13	deferred	true	via-hierarchy	129	**本對僅因階層關係而成為候選（43 §2，`source = via-hierarchy`）。** `16.13` 與 `2.15` 之詞彙集**無交集**；其共有語彙 ['DEFROST'] 係由特化詞導出之泛化詞（表：`AUTO ECO` → `AUTO`, `ECO HVAC` → `HVAC`, `FRONT DEF` → `DEFROST`, `MAX A/C` → `A/C`, `MAX DEF` → `DEFROST`, `REAR DEF` → `DEFROST`）。**階層不是等價** —— 每個 AUTO ECO 都是 AUTO，但 AUTO 不必然是 AUTO ECO，故本表單向且其輸出另標來源，不併入等價組。共有語彙為**低頻詞**，無既有類級判定可沿用，故記 `deferred`（尚未問）而非類級 verdict —— 對一個沒有類的詞給類級 verdict，等於宣稱一個沒有人做過的判定。
2.15	16.15	deferred	true	vocab	129	**依 41 §3 規則三入表（42 §2 之全量重建）。** 兩節皆未生成，現在判無處可用 —— sibling 判定之用途是寫 TC 時決定 `duplicate_of`／`distinguishing_axis`（§4.6）。其所屬組生成之日連同其他候選一併判定。**`deferred` 不是 `not-sibling`**：前者是「尚未問」，後者是「問過了，答案是否」
2.15	16.3	deferred	true	via-hierarchy	129	**本對僅因階層關係而成為候選（43 §2，`source = via-hierarchy`）。** `16.3` 與 `2.15` 之詞彙集**無交集**；其共有語彙 ['DEFROST'] 係由特化詞導出之泛化詞（表：`AUTO ECO` → `AUTO`, `ECO HVAC` → `HVAC`, `FRONT DEF` → `DEFROST`, `MAX A/C` → `A/C`, `MAX DEF` → `DEFROST`, `REAR DEF` → `DEFROST`）。**階層不是等價** —— 每個 AUTO ECO 都是 AUTO，但 AUTO 不必然是 AUTO ECO，故本表單向且其輸出另標來源，不併入等價組。共有語彙為**低頻詞**，無既有類級判定可沿用，故記 `deferred`（尚未問）而非類級 verdict —— 對一個沒有類的詞給類級 verdict，等於宣稱一個沒有人做過的判定。
2.15	16.4	deferred	true	via-hierarchy	129	**本對僅因階層關係而成為候選（43 §2，`source = via-hierarchy`）。** `16.4` 與 `2.15` 之詞彙集**無交集**；其共有語彙 ['DEFROST'] 係由特化詞導出之泛化詞（表：`AUTO ECO` → `AUTO`, `ECO HVAC` → `HVAC`, `FRONT DEF` → `DEFROST`, `MAX A/C` → `A/C`, `MAX DEF` → `DEFROST`, `REAR DEF` → `DEFROST`）。**階層不是等價** —— 每個 AUTO ECO 都是 AUTO，但 AUTO 不必然是 AUTO ECO，故本表單向且其輸出另標來源，不併入等價組。共有語彙為**低頻詞**，無既有類級判定可沿用，故記 `deferred`（尚未問）而非類級 verdict —— 對一個沒有類的詞給類級 verdict，等於宣稱一個沒有人做過的判定。
2.15	16.8	deferred	true	via-hierarchy	129	**本對僅因階層關係而成為候選（43 §2，`source = via-hierarchy`）。** `16.8` 與 `2.15` 之詞彙集**無交集**；其共有語彙 ['DEFROST'] 係由特化詞導出之泛化詞（表：`AUTO ECO` → `AUTO`, `ECO HVAC` → `HVAC`, `FRONT DEF` → `DEFROST`, `MAX A/C` → `A/C`, `MAX DEF` → `DEFROST`, `REAR DEF` → `DEFROST`）。**階層不是等價** —— 每個 AUTO ECO 都是 AUTO，但 AUTO 不必然是 AUTO ECO，故本表單向且其輸出另標來源，不併入等價組。共有語彙為**低頻詞**，無既有類級判定可沿用，故記 `deferred`（尚未問）而非類級 verdict —— 對一個沒有類的詞給類級 verdict，等於宣稱一個沒有人做過的判定。
2.15	16.9	deferred	true	via-hierarchy	129	**本對僅因階層關係而成為候選（43 §2，`source = via-hierarchy`）。** `16.9` 與 `2.15` 之詞彙集**無交集**；其共有語彙 ['DEFROST'] 係由特化詞導出之泛化詞（表：`AUTO ECO` → `AUTO`, `ECO HVAC` → `HVAC`, `FRONT DEF` → `DEFROST`, `MAX A/C` → `A/C`, `MAX DEF` → `DEFROST`, `REAR DEF` → `DEFROST`）。**階層不是等價** —— 每個 AUTO ECO 都是 AUTO，但 AUTO 不必然是 AUTO ECO，故本表單向且其輸出另標來源，不併入等價組。共有語彙為**低頻詞**，無既有類級判定可沿用，故記 `deferred`（尚未問）而非類級 verdict —— 對一個沒有類的詞給類級 verdict，等於宣稱一個沒有人做過的判定。
2.15	3.2	deferred	true	via-hierarchy	129	**本對僅因階層關係而成為候選（43 §2，`source = via-hierarchy`）。** `2.15` 與 `3.2` 之詞彙集**無交集**；其共有語彙 ['DEFROST'] 係由特化詞導出之泛化詞（表：`AUTO ECO` → `AUTO`, `ECO HVAC` → `HVAC`, `FRONT DEF` → `DEFROST`, `MAX A/C` → `A/C`, `MAX DEF` → `DEFROST`, `REAR DEF` → `DEFROST`）。**階層不是等價** —— 每個 AUTO ECO 都是 AUTO，但 AUTO 不必然是 AUTO ECO，故本表單向且其輸出另標來源，不併入等價組。共有語彙為**低頻詞**，無既有類級判定可沿用，故記 `deferred`（尚未問）而非類級 verdict —— 對一個沒有類的詞給類級 verdict，等於宣稱一個沒有人做過的判定。
2.15	3.3	deferred	true	via-hierarchy	129	**本對僅因階層關係而成為候選（43 §2，`source = via-hierarchy`）。** `2.15` 與 `3.3` 之詞彙集**無交集**；其共有語彙 ['DEFROST'] 係由特化詞導出之泛化詞（表：`AUTO ECO` → `AUTO`, `ECO HVAC` → `HVAC`, `FRONT DEF` → `DEFROST`, `MAX A/C` → `A/C`, `MAX DEF` → `DEFROST`, `REAR DEF` → `DEFROST`）。**階層不是等價** —— 每個 AUTO ECO 都是 AUTO，但 AUTO 不必然是 AUTO ECO，故本表單向且其輸出另標來源，不併入等價組。共有語彙為**低頻詞**，無既有類級判定可沿用，故記 `deferred`（尚未問）而非類級 verdict —— 對一個沒有類的詞給類級 verdict，等於宣稱一個沒有人做過的判定。
2.15	3.4	deferred	true	via-hierarchy	129	**本對僅因階層關係而成為候選（43 §2，`source = via-hierarchy`）。** `2.15` 與 `3.4` 之詞彙集**無交集**；其共有語彙 ['DEFROST'] 係由特化詞導出之泛化詞（表：`AUTO ECO` → `AUTO`, `ECO HVAC` → `HVAC`, `FRONT DEF` → `DEFROST`, `MAX A/C` → `A/C`, `MAX DEF` → `DEFROST`, `REAR DEF` → `DEFROST`）。**階層不是等價** —— 每個 AUTO ECO 都是 AUTO，但 AUTO 不必然是 AUTO ECO，故本表單向且其輸出另標來源，不併入等價組。共有語彙為**低頻詞**，無既有類級判定可沿用，故記 `deferred`（尚未問）而非類級 verdict —— 對一個沒有類的詞給類級 verdict，等於宣稱一個沒有人做過的判定。
2.16	10.5	not-sibling	false	vocab	129	[逐對，42 §1 之重新確認] C18 述語音辨識期間之自動風機降速不顯示，EH5 述 AUTO 由使用者動作中斷。**兩者之交界值得記**：C18 之降速為系統自動而非使用者動作，故不應中斷 AUTO，惟兩側皆未明言。非 sibling
2.16	10.6	not-sibling	false	vocab	129	[逐對，42 §1 之重新確認] C18 述風速變化不顯示，EH6 述風速指示須標示 AUTO ECO。**同一指示元件之兩條規則**，惟一為「不顯示變化」、一為「顯示模式」，非同一需求
2.16	11.2	not-broken-by-3-samples (class)	true	vocab	129	**類級判定，措辭依 41 §4 訂正。** 原記 `not-sibling (class)` 為過度陳述：本類之依據為三對抽樣未破，而三對之力度**足以破類，不足以證類**（R-C37：一個反例即證偽，N 個正例不證真）。本對尚未逐對判定；依 41 §3 規則二／三，其所屬節生成之日轉為逐對判定，類級判定不因曾通過而免除。[類級 `FAN`] `FAN` 為泛用控制名（且涵蓋座椅送風）；共有該詞不表示述及同一需求。**類級判定之效力低於逐對判定** —— 日後若本類中發現真 sibling，本類之判定即失效。抽樣覆核見上繳 29 §3.3
2.16	12.2	not-broken-by-3-samples (class)	true	vocab	129	**類級判定，措辭依 41 §4 訂正。** 原記 `not-sibling (class)` 為過度陳述：本類之依據為三對抽樣未破，而三對之力度**足以破類，不足以證類**（R-C37：一個反例即證偽，N 個正例不證真）。本對尚未逐對判定；依 41 §3 規則二／三，其所屬節生成之日轉為逐對判定，類級判定不因曾通過而免除。[類級 `FAN`] `FAN` 為泛用控制名（且涵蓋座椅送風）；共有該詞不表示述及同一需求。**類級判定之效力低於逐對判定** —— 日後若本類中發現真 sibling，本類之判定即失效。抽樣覆核見上繳 29 §3.3
2.16	12.7	not-broken-by-3-samples (class)	true	vocab	129	**類級判定，措辭依 41 §4 訂正。** 原記 `not-sibling (class)` 為過度陳述：本類之依據為三對抽樣未破，而三對之力度**足以破類，不足以證類**（R-C37：一個反例即證偽，N 個正例不證真）。本對尚未逐對判定；依 41 §3 規則二／三，其所屬節生成之日轉為逐對判定，類級判定不因曾通過而免除。[類級 `FAN`] `FAN` 為泛用控制名（且涵蓋座椅送風）；共有該詞不表示述及同一需求。**類級判定之效力低於逐對判定** —— 日後若本類中發現真 sibling，本類之判定即失效。抽樣覆核見上繳 29 §3.3
2.16	12.9	not-broken-by-3-samples (class)	true	vocab	129	**類級判定，措辭依 41 §4 訂正。** 原記 `not-sibling (class)` 為過度陳述：本類之依據為三對抽樣未破，而三對之力度**足以破類，不足以證類**（R-C37：一個反例即證偽，N 個正例不證真）。本對尚未逐對判定；依 41 §3 規則二／三，其所屬節生成之日轉為逐對判定，類級判定不因曾通過而免除。[類級 `FAN`] `FAN` 為泛用控制名（且涵蓋座椅送風）；共有該詞不表示述及同一需求。**類級判定之效力低於逐對判定** —— 日後若本類中發現真 sibling，本類之判定即失效。抽樣覆核見上繳 29 §3.3
2.16	14.1.1	not-broken-by-3-samples (class)	true	vocab	129	**類級判定，措辭依 41 §4 訂正。** 原記 `not-sibling (class)` 為過度陳述：本類之依據為三對抽樣未破，而三對之力度**足以破類，不足以證類**（R-C37：一個反例即證偽，N 個正例不證真）。本對尚未逐對判定；依 41 §3 規則二／三，其所屬節生成之日轉為逐對判定，類級判定不因曾通過而免除。[類級 `FAN`] `FAN` 為泛用控制名（且涵蓋座椅送風）；共有該詞不表示述及同一需求。**類級判定之效力低於逐對判定** —— 日後若本類中發現真 sibling，本類之判定即失效。抽樣覆核見上繳 29 §3.3
2.16	14.10.1	not-broken-by-3-samples (class)	true	vocab	129	**類級判定，措辭依 41 §4 訂正。** 原記 `not-sibling (class)` 為過度陳述：本類之依據為三對抽樣未破，而三對之力度**足以破類，不足以證類**（R-C37：一個反例即證偽，N 個正例不證真）。本對尚未逐對判定；依 41 §3 規則二／三，其所屬節生成之日轉為逐對判定，類級判定不因曾通過而免除。[類級 `FAN`] `FAN` 為泛用控制名（且涵蓋座椅送風）；共有該詞不表示述及同一需求。**類級判定之效力低於逐對判定** —— 日後若本類中發現真 sibling，本類之判定即失效。抽樣覆核見上繳 29 §3.3
2.16	14.11	not-broken-by-3-samples (class)	true	vocab	129	**類級判定，措辭依 41 §4 訂正。** 原記 `not-sibling (class)` 為過度陳述：本類之依據為三對抽樣未破，而三對之力度**足以破類，不足以證類**（R-C37：一個反例即證偽，N 個正例不證真）。本對尚未逐對判定；依 41 §3 規則二／三，其所屬節生成之日轉為逐對判定，類級判定不因曾通過而免除。[類級 `FAN`] `FAN` 為泛用控制名（且涵蓋座椅送風）；共有該詞不表示述及同一需求。**類級判定之效力低於逐對判定** —— 日後若本類中發現真 sibling，本類之判定即失效。抽樣覆核見上繳 29 §3.3
2.16	14.13	not-broken-by-3-samples (class)	true	vocab	129	**類級判定，措辭依 41 §4 訂正。** 原記 `not-sibling (class)` 為過度陳述：本類之依據為三對抽樣未破，而三對之力度**足以破類，不足以證類**（R-C37：一個反例即證偽，N 個正例不證真）。本對尚未逐對判定；依 41 §3 規則二／三，其所屬節生成之日轉為逐對判定，類級判定不因曾通過而免除。[類級 `FAN`] `FAN` 為泛用控制名（且涵蓋座椅送風）；共有該詞不表示述及同一需求。**類級判定之效力低於逐對判定** —— 日後若本類中發現真 sibling，本類之判定即失效。抽樣覆核見上繳 29 §3.3
2.16	14.19	not-broken-by-3-samples (class)	true	vocab	129	**類級判定，措辭依 41 §4 訂正。** 原記 `not-sibling (class)` 為過度陳述：本類之依據為三對抽樣未破，而三對之力度**足以破類，不足以證類**（R-C37：一個反例即證偽，N 個正例不證真）。本對尚未逐對判定；依 41 §3 規則二／三，其所屬節生成之日轉為逐對判定，類級判定不因曾通過而免除。[類級 `FAN`] `FAN` 為泛用控制名（且涵蓋座椅送風）；共有該詞不表示述及同一需求。**類級判定之效力低於逐對判定** —— 日後若本類中發現真 sibling，本類之判定即失效。抽樣覆核見上繳 29 §3.3
2.16	14.3	not-broken-by-3-samples (class)	true	vocab	129	**類級判定，措辭依 41 §4 訂正。** 原記 `not-sibling (class)` 為過度陳述：本類之依據為三對抽樣未破，而三對之力度**足以破類，不足以證類**（R-C37：一個反例即證偽，N 個正例不證真）。本對尚未逐對判定；依 41 §3 規則二／三，其所屬節生成之日轉為逐對判定，類級判定不因曾通過而免除。[類級 `FAN`] `FAN` 為泛用控制名（且涵蓋座椅送風）；共有該詞不表示述及同一需求。**類級判定之效力低於逐對判定** —— 日後若本類中發現真 sibling，本類之判定即失效。抽樣覆核見上繳 29 §3.3
2.16	15.1	not-broken-by-3-samples (class)	true	vocab	129	**類級判定，措辭依 41 §4 訂正。** 原記 `not-sibling (class)` 為過度陳述：本類之依據為三對抽樣未破，而三對之力度**足以破類，不足以證類**（R-C37：一個反例即證偽，N 個正例不證真）。本對尚未逐對判定；依 41 §3 規則二／三，其所屬節生成之日轉為逐對判定，類級判定不因曾通過而免除。[類級 `FAN`] `FAN` 為泛用控制名（且涵蓋座椅送風）；共有該詞不表示述及同一需求。**類級判定之效力低於逐對判定** —— 日後若本類中發現真 sibling，本類之判定即失效。抽樣覆核見上繳 29 §3.3
2.16	16.10	not-broken-by-3-samples (class)	true	vocab	129	**類級判定，措辭依 41 §4 訂正。** 原記 `not-sibling (class)` 為過度陳述：本類之依據為三對抽樣未破，而三對之力度**足以破類，不足以證類**（R-C37：一個反例即證偽，N 個正例不證真）。本對尚未逐對判定；依 41 §3 規則二／三，其所屬節生成之日轉為逐對判定，類級判定不因曾通過而免除。[類級 `FAN`] `FAN` 為泛用控制名（且涵蓋座椅送風）；共有該詞不表示述及同一需求。**類級判定之效力低於逐對判定** —— 日後若本類中發現真 sibling，本類之判定即失效。抽樣覆核見上繳 29 §3.3
2.16	16.11	not-broken-by-3-samples (class)	true	vocab	129	**類級判定，措辭依 41 §4 訂正。** 原記 `not-sibling (class)` 為過度陳述：本類之依據為三對抽樣未破，而三對之力度**足以破類，不足以證類**（R-C37：一個反例即證偽，N 個正例不證真）。本對尚未逐對判定；依 41 §3 規則二／三，其所屬節生成之日轉為逐對判定，類級判定不因曾通過而免除。[類級 `FAN`] `FAN` 為泛用控制名（且涵蓋座椅送風）；共有該詞不表示述及同一需求。**類級判定之效力低於逐對判定** —— 日後若本類中發現真 sibling，本類之判定即失效。抽樣覆核見上繳 29 §3.3
2.16	16.12	not-broken-by-3-samples (class)	true	vocab	129	**類級判定，措辭依 41 §4 訂正。** 原記 `not-sibling (class)` 為過度陳述：本類之依據為三對抽樣未破，而三對之力度**足以破類，不足以證類**（R-C37：一個反例即證偽，N 個正例不證真）。本對尚未逐對判定；依 41 §3 規則二／三，其所屬節生成之日轉為逐對判定，類級判定不因曾通過而免除。[類級 `FAN`] `FAN` 為泛用控制名（且涵蓋座椅送風）；共有該詞不表示述及同一需求。**類級判定之效力低於逐對判定** —— 日後若本類中發現真 sibling，本類之判定即失效。抽樣覆核見上繳 29 §3.3
2.16	16.13	not-broken-by-3-samples (class)	true	vocab	129	**類級判定，措辭依 41 §4 訂正。** 原記 `not-sibling (class)` 為過度陳述：本類之依據為三對抽樣未破，而三對之力度**足以破類，不足以證類**（R-C37：一個反例即證偽，N 個正例不證真）。本對尚未逐對判定；依 41 §3 規則二／三，其所屬節生成之日轉為逐對判定，類級判定不因曾通過而免除。[類級 `FAN`] `FAN` 為泛用控制名（且涵蓋座椅送風）；共有該詞不表示述及同一需求。**類級判定之效力低於逐對判定** —— 日後若本類中發現真 sibling，本類之判定即失效。抽樣覆核見上繳 29 §3.3
2.16	16.17	not-sibling	false	vocab	129	**43 §1 之重新確認（批次 7 使對造落地）；本對原為類級，今首次逐對判定。** `16.17 ↔ 2.16 mirrored`，鏡射非 sibling。**新證據**：`-064`（降速不顯示）→ `-114` 成立；`-065` 之 `no` 亦確認 —— **16.17 僅一句，不含 C18 第二句「After blower reduction, return blower speed to previous speed without showing a change in fan speed」**，批次 7 未產任何對應之 TC。**另記**：本節條款 id 標為 `C16.)`，與 `2.15` 之 `C16.)` 相撞（A-CF13 已登），traceability 以 outline 為鍵。verdict 維持
2.16	16.2	not-sibling	false	vocab	129	**42 §1 之重新確認（43 §1 修正觸發）。** 本對之兩節於 `ch16_mirror_map.tsv` 中**不互為對造**（16.2 之對造為 2.2），故非鏡射對亦非 sibling。**新證據**：16.2 之九條 TC 已產出，其可觀察量與本對之 ch2 側節次所驗者不重疊。verdict 維持
2.16	16.3	not-broken-by-3-samples (class)	true	vocab	129	**類級判定，措辭依 41 §4 訂正。** 原記 `not-sibling (class)` 為過度陳述：本類之依據為三對抽樣未破，而三對之力度**足以破類，不足以證類**（R-C37：一個反例即證偽，N 個正例不證真）。本對尚未逐對判定；依 41 §3 規則二／三，其所屬節生成之日轉為逐對判定，類級判定不因曾通過而免除。[類級 `FAN`] `FAN` 為泛用控制名（且涵蓋座椅送風）；共有該詞不表示述及同一需求。**類級判定之效力低於逐對判定** —— 日後若本類中發現真 sibling，本類之判定即失效。抽樣覆核見上繳 29 §3.3
2.16	16.7	not-sibling	false	vocab	129	**43 §1 之重新確認（批次 7 使對造落地）。** 本對之兩節於 `ch16_mirror_map.tsv` 中**不互為對造**（16.6 之對造為 2.6、16.6.1 為 2.6.1、16.7 為 2.7、16.17 為 2.16），故非鏡射對亦非 sibling。**新證據**：兩側 TC 皆已產出，逐條比對無共用之可觀察量。verdict 維持
2.16	16.8	not-broken-by-3-samples (class)	true	vocab	129	**類級判定，措辭依 41 §4 訂正。** 原記 `not-sibling (class)` 為過度陳述：本類之依據為三對抽樣未破，而三對之力度**足以破類，不足以證類**（R-C37：一個反例即證偽，N 個正例不證真）。本對尚未逐對判定；依 41 §3 規則二／三，其所屬節生成之日轉為逐對判定，類級判定不因曾通過而免除。[類級 `FAN`] `FAN` 為泛用控制名（且涵蓋座椅送風）；共有該詞不表示述及同一需求。**類級判定之效力低於逐對判定** —— 日後若本類中發現真 sibling，本類之判定即失效。抽樣覆核見上繳 29 §3.3
2.16	17.2	not-sibling	false	vocab	129	**43 §1 之重新確認（批次 8 使 17.2 落地）。** 非 sibling，且其分界正是本批之 §8.2.1 界線：**17.2 驗「該元素在 widget 上存在且可操作」，`2.16` 驗「語音期間之風機降速於 climate screen 上之行為」** —— 兩者之可觀察量分屬兩個介面（首頁 widget vs climate 主畫面），非同一需求。**新證據**：兩側 TC 皆已產出；`-116`～`-124` 之 ER 一律停在「widget 顯示該元素」與「按下後該元素改變狀態」，**刻意不驗其行為規則**，故與對造之 ER 無共用可觀察量
2.16	3.2	not-sibling	false	vocab	129	[逐對，42 §1 之重新確認] C18 述語音辨識期間之風機降速，C20 述 MAX DEF 將風速提至最高且 `Change in fan speed does not break MAX DEF`。無共同可觀察量
2.16	7.1	not-broken-by-3-samples (class)	true	vocab	129	**類級判定，措辭依 41 §4 訂正。** 原記 `not-sibling (class)` 為過度陳述：本類之依據為三對抽樣未破，而三對之力度**足以破類，不足以證類**（R-C37：一個反例即證偽，N 個正例不證真）。本對尚未逐對判定；依 41 §3 規則二／三，其所屬節生成之日轉為逐對判定，類級判定不因曾通過而免除。[類級 `FAN`] `FAN` 為泛用控制名（且涵蓋座椅送風）；共有該詞不表示述及同一需求。**類級判定之效力低於逐對判定** —— 日後若本類中發現真 sibling，本類之判定即失效。抽樣覆核見上繳 29 §3.3
2.16	7.1.1	not-broken-by-3-samples (class)	true	vocab	129	**類級判定，措辭依 41 §4 訂正。** 原記 `not-sibling (class)` 為過度陳述：本類之依據為三對抽樣未破，而三對之力度**足以破類，不足以證類**（R-C37：一個反例即證偽，N 個正例不證真）。本對尚未逐對判定；依 41 §3 規則二／三，其所屬節生成之日轉為逐對判定，類級判定不因曾通過而免除。[類級 `FAN`] `FAN` 為泛用控制名（且涵蓋座椅送風）；共有該詞不表示述及同一需求。**類級判定之效力低於逐對判定** —— 日後若本類中發現真 sibling，本類之判定即失效。抽樣覆核見上繳 29 §3.3
2.16	7.2	not-broken-by-3-samples (class)	true	vocab	129	**類級判定，措辭依 41 §4 訂正。** 原記 `not-sibling (class)` 為過度陳述：本類之依據為三對抽樣未破，而三對之力度**足以破類，不足以證類**（R-C37：一個反例即證偽，N 個正例不證真）。本對尚未逐對判定；依 41 §3 規則二／三，其所屬節生成之日轉為逐對判定，類級判定不因曾通過而免除。[類級 `FAN`] `FAN` 為泛用控制名（且涵蓋座椅送風）；共有該詞不表示述及同一需求。**類級判定之效力低於逐對判定** —— 日後若本類中發現真 sibling，本類之判定即失效。抽樣覆核見上繳 29 §3.3
2.16	7.5	not-broken-by-3-samples (class)	true	vocab	129	**類級判定，措辭依 41 §4 訂正。** 原記 `not-sibling (class)` 為過度陳述：本類之依據為三對抽樣未破，而三對之力度**足以破類，不足以證類**（R-C37：一個反例即證偽，N 個正例不證真）。本對尚未逐對判定；依 41 §3 規則二／三，其所屬節生成之日轉為逐對判定，類級判定不因曾通過而免除。[類級 `FAN`] `FAN` 為泛用控制名（且涵蓋座椅送風）；共有該詞不表示述及同一需求。**類級判定之效力低於逐對判定** —— 日後若本類中發現真 sibling，本類之判定即失效。抽樣覆核見上繳 29 §3.3
2.16	7.7	not-broken-by-3-samples (class)	true	vocab	129	**類級判定，措辭依 41 §4 訂正。** 原記 `not-sibling (class)` 為過度陳述：本類之依據為三對抽樣未破，而三對之力度**足以破類，不足以證類**（R-C37：一個反例即證偽，N 個正例不證真）。本對尚未逐對判定；依 41 §3 規則二／三，其所屬節生成之日轉為逐對判定，類級判定不因曾通過而免除。[類級 `FAN`] `FAN` 為泛用控制名（且涵蓋座椅送風）；共有該詞不表示述及同一需求。**類級判定之效力低於逐對判定** —— 日後若本類中發現真 sibling，本類之判定即失效。抽樣覆核見上繳 29 §3.3
2.16	9.2	not-broken-by-3-samples (class)	true	vocab	129	**類級判定，措辭依 41 §4 訂正。** 原記 `not-sibling (class)` 為過度陳述：本類之依據為三對抽樣未破，而三對之力度**足以破類，不足以證類**（R-C37：一個反例即證偽，N 個正例不證真）。本對尚未逐對判定；依 41 §3 規則二／三，其所屬節生成之日轉為逐對判定，類級判定不因曾通過而免除。[類級 `FAN`] `FAN` 為泛用控制名（且涵蓋座椅送風）；共有該詞不表示述及同一需求。**類級判定之效力低於逐對判定** —— 日後若本類中發現真 sibling，本類之判定即失效。抽樣覆核見上繳 29 §3.3
2.2	10.5	not-sibling	false	vocab	129	[逐對，42 §1 之重新確認] C1 述硬鍵／觸控之雙向反映與 popup 條件，EH5 述 AUTO 之三次按壓循環。EH5 之 `fan speed` 僅作為中斷 AUTO 之例示
2.2	10.6	not-sibling	false	vocab	129	[逐對，42 §1 之重新確認] C1 述變更之反映位置（status bar／category button／LED），EH6 述 AUTO ECO 開啟時取消氣流模式選取並改風速指示。反映機制 vs 特定模式之狀態，非同一需求
2.2	11.11	not-broken-by-3-samples (class)	true	vocab	129	**類級判定，措辭依 41 §4 訂正。** 原記 `not-sibling (class)` 為過度陳述：本類之依據為三對抽樣未破，而三對之力度**足以破類，不足以證類**（R-C37：一個反例即證偽，N 個正例不證真）。本對尚未逐對判定；依 41 §3 規則二／三，其所屬節生成之日轉為逐對判定，類級判定不因曾通過而免除。[類級 `TEMPERATURE`] `TEMPERATURE` 為泛用控制名，前後排、ATC／MTC 各章皆含之。**類級判定之效力低於逐對判定** —— 日後若本類中發現真 sibling，本類之判定即失效。抽樣覆核見上繳 29 §3.3
2.2	11.11.1	not-broken-by-3-samples (class)	true	vocab	129	**類級判定，措辭依 41 §4 訂正。** 原記 `not-sibling (class)` 為過度陳述：本類之依據為三對抽樣未破，而三對之力度**足以破類，不足以證類**（R-C37：一個反例即證偽，N 個正例不證真）。本對尚未逐對判定；依 41 §3 規則二／三，其所屬節生成之日轉為逐對判定，類級判定不因曾通過而免除。[類級 `TEMPERATURE`] `TEMPERATURE` 為泛用控制名，前後排、ATC／MTC 各章皆含之。**類級判定之效力低於逐對判定** —— 日後若本類中發現真 sibling，本類之判定即失效。抽樣覆核見上繳 29 §3.3
2.2	11.2	not-broken-by-3-samples (class)	true	vocab	129	**類級判定，措辭依 41 §4 訂正。** 原記 `not-sibling (class)` 為過度陳述：本類之依據為三對抽樣未破，而三對之力度**足以破類，不足以證類**（R-C37：一個反例即證偽，N 個正例不證真）。本對尚未逐對判定；依 41 §3 規則二／三，其所屬節生成之日轉為逐對判定，類級判定不因曾通過而免除。[類級 `FAN`] `FAN` 為泛用控制名（且涵蓋座椅送風）；共有該詞不表示述及同一需求。**類級判定之效力低於逐對判定** —— 日後若本類中發現真 sibling，本類之判定即失效。抽樣覆核見上繳 29 §3.3
2.2	12.2	not-broken-by-3-samples (class)	true	vocab	129	**類級判定，措辭依 41 §4 訂正。** 原記 `not-sibling (class)` 為過度陳述：本類之依據為三對抽樣未破，而三對之力度**足以破類，不足以證類**（R-C37：一個反例即證偽，N 個正例不證真）。本對尚未逐對判定；依 41 §3 規則二／三，其所屬節生成之日轉為逐對判定，類級判定不因曾通過而免除。[類級 `FAN`] `FAN` 為泛用控制名（且涵蓋座椅送風）；共有該詞不表示述及同一需求。**類級判定之效力低於逐對判定** —— 日後若本類中發現真 sibling，本類之判定即失效。抽樣覆核見上繳 29 §3.3
2.2	12.7	not-broken-by-3-samples (class)	true	vocab	129	**類級判定，措辭依 41 §4 訂正。** 原記 `not-sibling (class)` 為過度陳述：本類之依據為三對抽樣未破，而三對之力度**足以破類，不足以證類**（R-C37：一個反例即證偽，N 個正例不證真）。本對尚未逐對判定；依 41 §3 規則二／三，其所屬節生成之日轉為逐對判定，類級判定不因曾通過而免除。[類級 `FAN`] `FAN` 為泛用控制名（且涵蓋座椅送風）；共有該詞不表示述及同一需求。**類級判定之效力低於逐對判定** —— 日後若本類中發現真 sibling，本類之判定即失效。抽樣覆核見上繳 29 §3.3
2.2	12.9	not-broken-by-3-samples (class)	true	vocab	129	**類級判定，措辭依 41 §4 訂正。** 原記 `not-sibling (class)` 為過度陳述：本類之依據為三對抽樣未破，而三對之力度**足以破類，不足以證類**（R-C37：一個反例即證偽，N 個正例不證真）。本對尚未逐對判定；依 41 §3 規則二／三，其所屬節生成之日轉為逐對判定，類級判定不因曾通過而免除。[類級 `FAN`] `FAN` 為泛用控制名（且涵蓋座椅送風）；共有該詞不表示述及同一需求。**類級判定之效力低於逐對判定** —— 日後若本類中發現真 sibling，本類之判定即失效。抽樣覆核見上繳 29 §3.3
2.2	14.1.1	not-broken-by-3-samples (class)	true	vocab	129	**類級判定，措辭依 41 §4 訂正。** 原記 `not-sibling (class)` 為過度陳述：本類之依據為三對抽樣未破，而三對之力度**足以破類，不足以證類**（R-C37：一個反例即證偽，N 個正例不證真）。本對尚未逐對判定；依 41 §3 規則二／三，其所屬節生成之日轉為逐對判定，類級判定不因曾通過而免除。[類級 `FAN`] `FAN` 為泛用控制名（且涵蓋座椅送風）；共有該詞不表示述及同一需求。**類級判定之效力低於逐對判定** —— 日後若本類中發現真 sibling，本類之判定即失效。抽樣覆核見上繳 29 §3.3
2.2	14.10.1	not-broken-by-3-samples (class)	true	vocab	129	**類級判定，措辭依 41 §4 訂正。** 原記 `not-sibling (class)` 為過度陳述：本類之依據為三對抽樣未破，而三對之力度**足以破類，不足以證類**（R-C37：一個反例即證偽，N 個正例不證真）。本對尚未逐對判定；依 41 §3 規則二／三，其所屬節生成之日轉為逐對判定，類級判定不因曾通過而免除。[類級 `FAN`] `FAN` 為泛用控制名（且涵蓋座椅送風）；共有該詞不表示述及同一需求。**類級判定之效力低於逐對判定** —— 日後若本類中發現真 sibling，本類之判定即失效。抽樣覆核見上繳 29 §3.3
2.2	14.11	not-broken-by-3-samples (class)	true	vocab	129	**類級判定，措辭依 41 §4 訂正。** 原記 `not-sibling (class)` 為過度陳述：本類之依據為三對抽樣未破，而三對之力度**足以破類，不足以證類**（R-C37：一個反例即證偽，N 個正例不證真）。本對尚未逐對判定；依 41 §3 規則二／三，其所屬節生成之日轉為逐對判定，類級判定不因曾通過而免除。[類級 `FAN`] `FAN` 為泛用控制名（且涵蓋座椅送風）；共有該詞不表示述及同一需求。**類級判定之效力低於逐對判定** —— 日後若本類中發現真 sibling，本類之判定即失效。抽樣覆核見上繳 29 §3.3
2.2	14.13	not-sibling	true	vocab	129	[逐對] 共有 ['FAN', 'TEMPERATURE']。ch14／15 述 popup 之呈現，被呈現之控制其行為定義於各自章節；兩者為呈現與行為之關係，非同一需求之兩處陳述
2.2	14.17	not-broken-by-3-samples (class)	true	vocab	129	**類級判定，措辭依 41 §4 訂正。** 原記 `not-sibling (class)` 為過度陳述：本類之依據為三對抽樣未破，而三對之力度**足以破類，不足以證類**（R-C37：一個反例即證偽，N 個正例不證真）。本對尚未逐對判定；依 41 §3 規則二／三，其所屬節生成之日轉為逐對判定，類級判定不因曾通過而免除。[類級 `TEMPERATURE`] `TEMPERATURE` 為泛用控制名，前後排、ATC／MTC 各章皆含之。**類級判定之效力低於逐對判定** —— 日後若本類中發現真 sibling，本類之判定即失效。抽樣覆核見上繳 29 §3.3
2.2	14.19	not-sibling	true	vocab	129	[逐對] 共有 ['FAN', 'TEMPERATURE']。ch14／15 述 popup 之呈現，被呈現之控制其行為定義於各自章節；兩者為呈現與行為之關係，非同一需求之兩處陳述
2.2	14.3	not-broken-by-3-samples (class)	true	vocab	129	**類級判定，措辭依 41 §4 訂正。** 原記 `not-sibling (class)` 為過度陳述：本類之依據為三對抽樣未破，而三對之力度**足以破類，不足以證類**（R-C37：一個反例即證偽，N 個正例不證真）。本對尚未逐對判定；依 41 §3 規則二／三，其所屬節生成之日轉為逐對判定，類級判定不因曾通過而免除。[類級 `FAN`] `FAN` 為泛用控制名（且涵蓋座椅送風）；共有該詞不表示述及同一需求。**類級判定之效力低於逐對判定** —— 日後若本類中發現真 sibling，本類之判定即失效。抽樣覆核見上繳 29 §3.3
2.2	15.1	not-broken-by-3-samples (class)	true	vocab	129	**類級判定，措辭依 41 §4 訂正。** 原記 `not-sibling (class)` 為過度陳述：本類之依據為三對抽樣未破，而三對之力度**足以破類，不足以證類**（R-C37：一個反例即證偽，N 個正例不證真）。本對尚未逐對判定；依 41 §3 規則二／三，其所屬節生成之日轉為逐對判定，類級判定不因曾通過而免除。[類級 `FAN`] `FAN` 為泛用控制名（且涵蓋座椅送風）；共有該詞不表示述及同一需求。**類級判定之效力低於逐對判定** —— 日後若本類中發現真 sibling，本類之判定即失效。抽樣覆核見上繳 29 §3.3
2.2	16.10	not-broken-by-3-samples (class)	true	vocab	129	**類級判定，措辭依 41 §4 訂正。** 原記 `not-sibling (class)` 為過度陳述：本類之依據為三對抽樣未破，而三對之力度**足以破類，不足以證類**（R-C37：一個反例即證偽，N 個正例不證真）。本對尚未逐對判定；依 41 §3 規則二／三，其所屬節生成之日轉為逐對判定，類級判定不因曾通過而免除。[類級 `FAN`] `FAN` 為泛用控制名（且涵蓋座椅送風）；共有該詞不表示述及同一需求。**類級判定之效力低於逐對判定** —— 日後若本類中發現真 sibling，本類之判定即失效。抽樣覆核見上繳 29 §3.3
2.2	16.11	not-sibling	true	vocab	129	[逐對] 共有 ['FAN', 'SYNC', 'TEMPERATURE']。鏡射關係而非 §4.6 sibling —— ch16 為 EMEA ICS 變體，兩者不會同時出現於同一車輛；該關係由 `ch16_mirror_map.tsv` 承載
2.2	16.12	not-broken-by-3-samples (class)	true	vocab	129	**類級判定，措辭依 41 §4 訂正。** 原記 `not-sibling (class)` 為過度陳述：本類之依據為三對抽樣未破，而三對之力度**足以破類，不足以證類**（R-C37：一個反例即證偽，N 個正例不證真）。本對尚未逐對判定；依 41 §3 規則二／三，其所屬節生成之日轉為逐對判定，類級判定不因曾通過而免除。[類級 `FAN`] `FAN` 為泛用控制名（且涵蓋座椅送風）；共有該詞不表示述及同一需求。**類級判定之效力低於逐對判定** —— 日後若本類中發現真 sibling，本類之判定即失效。抽樣覆核見上繳 29 §3.3
2.2	16.13	not-sibling	true	vocab	129	[逐對] 共有 ['FAN', 'SYNC', 'TEMPERATURE']。鏡射關係而非 §4.6 sibling —— ch16 為 EMEA ICS 變體，兩者不會同時出現於同一車輛；該關係由 `ch16_mirror_map.tsv` 承載
2.2	16.14	not-sibling	false	vocab	129	**42 §1 之重新確認（43 §1 修正觸發）。** 本對之兩節於 `ch16_mirror_map.tsv` 中**不互為對造**（16.14 之對造為 2.14），故非鏡射對亦非 sibling。**新證據**：16.14 之三條 TC 已產出（MTC 畫面／無離散溫度設定／無 AUTO 溫度控制），與本對之 ch2 側節次所驗者不重疊。verdict 維持
2.2	16.17	not-sibling	false	vocab	129	**43 §1 之重新確認（批次 7 使對造落地）。** 本對之兩節於 `ch16_mirror_map.tsv` 中**不互為對造**（16.6 之對造為 2.6、16.6.1 為 2.6.1、16.7 為 2.7、16.17 為 2.16），故非鏡射對亦非 sibling。**新證據**：兩側 TC 皆已產出，逐條比對無共用之可觀察量。verdict 維持
2.2	16.2	not-sibling	false	vocab	129	**42 §1 之重新確認，於 43 §1 之修正觸發下完成（本輪首次有新證據）。** 兩節為 `ch16_mirror_map.tsv` 之 `16.2 ↔ 2.2 mirrored` 對，**鏡射非 §4.6 sibling** —— 兩套介面不會同時出現於同一車輛（ch2 之 TC 帶「不是 EMEA ICS 車」，ch16 之 TC 帶其正向），故無共存車輛可言。**本次重新確認之新證據為 ch16 側之 TC 已存在**：逐一比對 `emea_ics_per_tc.tsv` 之九筆指向 —— `-032`→`-082`、`-033`→`-084`、`-035`→`-085`、`-036`→`-087`、`-038`→`-088`、`-039`→`-089`、`-040`→`-090` 七筆 `yes` 皆有對應之 ch16 TC；`-037`（華氏不顯示半度）之 `no` 亦成立 —— **批次 6 確實未產出任何華氏 TC**，因 ICE1 無該句。**R-C36-1 之逐條判定於本輪首次以 TC 對 TC 驗證，九筆全部成立**。verdict 維持
2.2	16.3	not-sibling	true	vocab	129	[逐對] 共有 ['FAN', 'TEMPERATURE']。鏡射關係而非 §4.6 sibling —— ch16 為 EMEA ICS 變體，兩者不會同時出現於同一車輛；該關係由 `ch16_mirror_map.tsv` 承載
2.2	16.6	not-sibling	false	vocab	129	**43 §1 之重新確認（批次 7 使對造落地）。** 本對之兩節於 `ch16_mirror_map.tsv` 中**不互為對造**（16.6 之對造為 2.6、16.6.1 為 2.6.1、16.7 為 2.7、16.17 為 2.16），故非鏡射對亦非 sibling。**新證據**：兩側 TC 皆已產出，逐條比對無共用之可觀察量。verdict 維持
2.2	16.6.1	not-sibling	false	vocab	129	**43 §1 之重新確認（批次 7 使對造落地）。** 本對之兩節於 `ch16_mirror_map.tsv` 中**不互為對造**（16.6 之對造為 2.6、16.6.1 為 2.6.1、16.7 為 2.7、16.17 為 2.16），故非鏡射對亦非 sibling。**新證據**：兩側 TC 皆已產出，逐條比對無共用之可觀察量。verdict 維持
2.2	16.7	not-sibling	false	vocab	129	**43 §1 之重新確認（批次 7 使對造落地）。** 本對之兩節於 `ch16_mirror_map.tsv` 中**不互為對造**（16.6 之對造為 2.6、16.6.1 為 2.6.1、16.7 為 2.7、16.17 為 2.16），故非鏡射對亦非 sibling。**新證據**：兩側 TC 皆已產出，逐條比對無共用之可觀察量。verdict 維持
2.2	16.8	not-sibling	true	vocab	129	[逐對] 共有 ['FAN', 'SYNC', 'TEMPERATURE']。鏡射關係而非 §4.6 sibling —— ch16 為 EMEA ICS 變體，兩者不會同時出現於同一車輛；該關係由 `ch16_mirror_map.tsv` 承載
2.2	17.2	not-sibling	false	vocab	129	**43 §1 之重新確認（批次 8 使 17.2 落地）。** 非 sibling，且其分界正是本批之 §8.2.1 界線：**17.2 驗「該元素在 widget 上存在且可操作」，`2.2` 驗「狀態反映與 popup於 climate screen 上之行為」** —— 兩者之可觀察量分屬兩個介面（首頁 widget vs climate 主畫面），非同一需求。**新證據**：兩側 TC 皆已產出；`-116`～`-124` 之 ER 一律停在「widget 顯示該元素」與「按下後該元素改變狀態」，**刻意不驗其行為規則**，故與對造之 ER 無共用可觀察量
2.2	17.5	not-broken-by-3-samples (class)	true	vocab	129	**類級判定，措辭依 41 §4 訂正。** 原記 `not-sibling (class)` 為過度陳述：本類之依據為三對抽樣未破，而三對之力度**足以破類，不足以證類**（R-C37：一個反例即證偽，N 個正例不證真）。本對尚未逐對判定；依 41 §3 規則二／三，其所屬節生成之日轉為逐對判定，類級判定不因曾通過而免除。[類級 `TEMPERATURE`] `TEMPERATURE` 為泛用控制名，前後排、ATC／MTC 各章皆含之。**類級判定之效力低於逐對判定** —— 日後若本類中發現真 sibling，本類之判定即失效。抽樣覆核見上繳 29 §3.3
2.2	2.10	not-sibling	false	vocab	129	**43 §1 之重新確認（批次 9 使 `Climate Modes` 六節落地）。** 非 sibling —— 兩節同屬 ch2 而分屬不同 Test Set，各述不同功能（AUTO／A-C／RECIRC／climate off／SYNC／MAX A-C vs 對造節之主題），共有語彙為控制名之字面巧合。**新證據**：兩側 TC 皆已產出，逐條比對其 `expected_result` 無共用可觀察量。verdict 判為 `not-sibling`
2.2	2.11	not-sibling	false	vocab	129	**43 §1 之重新確認（批次 9 使 `Climate Modes` 六節落地）。** 非 sibling —— 兩節同屬 ch2 而分屬不同 Test Set，各述不同功能（AUTO／A-C／RECIRC／climate off／SYNC／MAX A-C vs 對造節之主題），共有語彙為控制名之字面巧合。**新證據**：兩側 TC 皆已產出，逐條比對其 `expected_result` 無共用可觀察量。verdict 判為 `not-sibling`
2.2	2.12	not-broken-by-3-samples (class)	true	vocab	129	**類級判定，措辭依 41 §4 訂正。** 原記 `not-sibling (class)` 為過度陳述：本類之依據為三對抽樣未破，而三對之力度**足以破類，不足以證類**（R-C37：一個反例即證偽，N 個正例不證真）。本對尚未逐對判定；依 41 §3 規則二／三，其所屬節生成之日轉為逐對判定，類級判定不因曾通過而免除。[類級 `FAN`] `FAN` 為泛用控制名（且涵蓋座椅送風）；共有該詞不表示述及同一需求。**類級判定之效力低於逐對判定** —— 日後若本類中發現真 sibling，本類之判定即失效。抽樣覆核見上繳 29 §3.3
2.2	2.16	not-sibling	false	vocab	129	[逐對，42 §1 之重新確認] C18「If blower reduction occurs automatically due to an active Voice Recognition session, the change in fan speed is not displayed to the user」是 C1「changes are reflected in both locations」之**明文例外**，非同一需求之兩個配置值。規則與其例外不是 sibling —— 兩者於**同一台車、同一時刻**皆有效，而 sibling 之兩側互斥
2.2	2.3	not-sibling	false	vocab	129	**43 §1 之重新確認（批次 9 使 `Climate Modes` 六節落地）。** 非 sibling —— 兩節同屬 ch2 而分屬不同 Test Set，各述不同功能（AUTO／A-C／RECIRC／climate off／SYNC／MAX A-C vs 對造節之主題），共有語彙為控制名之字面巧合。**新證據**：兩側 TC 皆已產出，逐條比對其 `expected_result` 無共用可觀察量。verdict 判為 `not-sibling`
2.2	2.6	not-sibling	false	vocab	129	[逐對] 共有 ['SYNC', 'TEMPERATURE']。共有者為控制名，兩節各定義不同需求（同章不同組）
2.2	2.6.1	not-sibling	false	vocab	129	[逐對] 共有 ['SYNC', 'TEMPERATURE']。共有者為控制名，兩節各定義不同需求（同章不同組）
2.2	2.7	not-sibling	false	vocab	129	[逐對，42 §1 之重新確認] **本組最接近者。** C1「Whenever fan speed or temperature hard controls are used (even if at highest/lowest setting), according pop-ups are shown if NOT on climate screen (timeout after 3 sec)」與 C6「Show pop-up when status is changed via hard control and currently shown screen is not climate screen」**是同一條規則的通則與其風速特例**，非 §4.6 之 sibling（sibling 須為同一需求在某軸之兩個值，此處無軸 —— C1 已涵蓋 fan 與 temperature 兩者）。**惟須記一項 §4.5 風險**：驗證 C6 之 popup 的 TC，同時也滿足 C1 之該句；兩 leaf 共用同一可觀察量。真正之對稱對為 `2.6 ↔ 2.7`（溫度 vs 風速），而該二節同屬 `Temperature and Fan`，不構成跨組候選
2.2	2.7.1	not-sibling	false	vocab	129	[逐對，42 §1 之重新確認] C1 述變更之反映與 popup，C6.1 述前排風速值域之第二個值。共有語彙 `FAN` 出現於 C1 之 `fan speed hard controls` 與 C6.1 之 `fan speed ranges`，一為操作元件、一為值域
2.2	2.8	not-broken-by-3-samples (class)	true	vocab	129	**類級判定，措辭依 41 §4 訂正。** 原記 `not-sibling (class)` 為過度陳述：本類之依據為三對抽樣未破，而三對之力度**足以破類，不足以證類**（R-C37：一個反例即證偽，N 個正例不證真）。本對尚未逐對判定；依 41 §3 規則二／三，其所屬節生成之日轉為逐對判定，類級判定不因曾通過而免除。[類級 `FAN`] `FAN` 為泛用控制名（且涵蓋座椅送風）；共有該詞不表示述及同一需求。**類級判定之效力低於逐對判定** —— 日後若本類中發現真 sibling，本類之判定即失效。抽樣覆核見上繳 29 §3.3
2.2	3.2	not-sibling	false	vocab	129	[逐對] 共有 ['FAN', 'SYNC', 'TEMPERATURE']。共有者為控制名，兩節各定義不同需求（同章不同組）
2.2	7.1	not-sibling	true	vocab	129	[逐對] 共有 ['FAN', 'TEMPERATURE']。前排／後排之不同需求 —— 共有者為控制名，兩節各自定義其所屬區之行為（本輪已逐節讀 7.1／7.1.1／7.2／7.4／7.5／7.7／7.8／9.2 全文，僅 7.4／7.5／7.7 判為 sibling）
2.2	7.1.1	not-sibling	true	vocab	129	[逐對] 共有 ['FAN', 'TEMPERATURE']。前排／後排之不同需求 —— 共有者為控制名，兩節各自定義其所屬區之行為（本輪已逐節讀 7.1／7.1.1／7.2／7.4／7.5／7.7／7.8／9.2 全文，僅 7.4／7.5／7.7 判為 sibling）
2.2	7.10	not-broken-by-3-samples (class)	true	vocab	129	**類級判定，措辭依 41 §4 訂正。** 原記 `not-sibling (class)` 為過度陳述：本類之依據為三對抽樣未破，而三對之力度**足以破類，不足以證類**（R-C37：一個反例即證偽，N 個正例不證真）。本對尚未逐對判定；依 41 §3 規則二／三，其所屬節生成之日轉為逐對判定，類級判定不因曾通過而免除。[類級 `TEMPERATURE`] `TEMPERATURE` 為泛用控制名，前後排、ATC／MTC 各章皆含之。**類級判定之效力低於逐對判定** —— 日後若本類中發現真 sibling，本類之判定即失效。抽樣覆核見上繳 29 §3.3
2.2	7.2	not-sibling	true	vocab	129	[逐對] 共有 ['FAN', 'TEMPERATURE']。前排／後排之不同需求 —— 共有者為控制名，兩節各自定義其所屬區之行為（本輪已逐節讀 7.1／7.1.1／7.2／7.4／7.5／7.7／7.8／9.2 全文，僅 7.4／7.5／7.7 判為 sibling）
2.2	7.4	not-sibling	true	vocab	129	[逐對] 共有 ['SYNC', 'TEMPERATURE']。前排／後排之不同需求 —— 共有者為控制名，兩節各自定義其所屬區之行為（本輪已逐節讀 7.1／7.1.1／7.2／7.4／7.5／7.7／7.8／9.2 全文，僅 7.4／7.5／7.7 判為 sibling）
2.2	7.5	not-broken-by-3-samples (class)	true	vocab	129	**類級判定，措辭依 41 §4 訂正。** 原記 `not-sibling (class)` 為過度陳述：本類之依據為三對抽樣未破，而三對之力度**足以破類，不足以證類**（R-C37：一個反例即證偽，N 個正例不證真）。本對尚未逐對判定；依 41 §3 規則二／三，其所屬節生成之日轉為逐對判定，類級判定不因曾通過而免除。[類級 `FAN`] `FAN` 為泛用控制名（且涵蓋座椅送風）；共有該詞不表示述及同一需求。**類級判定之效力低於逐對判定** —— 日後若本類中發現真 sibling，本類之判定即失效。抽樣覆核見上繳 29 §3.3
2.2	7.7	not-sibling	true	vocab	129	[逐對] 共有 ['FAN', 'SYNC', 'TEMPERATURE']。前排／後排之不同需求 —— 共有者為控制名，兩節各自定義其所屬區之行為（本輪已逐節讀 7.1／7.1.1／7.2／7.4／7.5／7.7／7.8／9.2 全文，僅 7.4／7.5／7.7 判為 sibling）
2.2	9.2	not-broken-by-3-samples (class)	true	vocab	129	**類級判定，措辭依 41 §4 訂正。** 原記 `not-sibling (class)` 為過度陳述：本類之依據為三對抽樣未破，而三對之力度**足以破類，不足以證類**（R-C37：一個反例即證偽，N 個正例不證真）。本對尚未逐對判定；依 41 §3 規則二／三，其所屬節生成之日轉為逐對判定，類級判定不因曾通過而免除。[類級 `FAN`] `FAN` 為泛用控制名（且涵蓋座椅送風）；共有該詞不表示述及同一需求。**類級判定之效力低於逐對判定** —— 日後若本類中發現真 sibling，本類之判定即失效。抽樣覆核見上繳 29 §3.3
2.3	10.1	not-sibling	false	vocab	129	**43 §1 之重新確認（批次 9 使 `Climate Modes` 六節落地）。** 非 sibling —— ch10（ECO HVAC）為 EV 之外加狀態且自身以委派字面回指標準 AUTO（10.5 `see standard ICE AUTO logics`），委派不是重述。**新證據**：本批 `2.3` 之九條所驗者為標準 AUTO 之狀態、互斥與中斷，ch10 之 TC 所驗者為 AUTO **三狀態之循環**與Menu Bar／popup 之反映，逐條比對無共用可觀察量。verdict 維持
2.3	10.2	not-sibling	false	vocab	129	**43 §1 之重新確認（批次 9 使 `Climate Modes` 六節落地）。** 非 sibling —— ch10（ECO HVAC）為 EV 之外加狀態且自身以委派字面回指標準 AUTO（10.5 `see standard ICE AUTO logics`），委派不是重述。**新證據**：本批 `2.3` 之九條所驗者為標準 AUTO 之狀態、互斥與中斷，ch10 之 TC 所驗者為 AUTO **三狀態之循環**與Menu Bar／popup 之反映，逐條比對無共用可觀察量。verdict 維持
2.3	10.3	not-sibling	false	via-hierarchy	129	**43 §1 之重新確認（批次 9 使 `Climate Modes` 六節落地）。** 非 sibling —— ch10（ECO HVAC）為 EV 之外加狀態且自身以委派字面回指標準 AUTO（10.5 `see standard ICE AUTO logics`），委派不是重述。**新證據**：本批 `2.3` 之九條所驗者為標準 AUTO 之狀態、互斥與中斷，ch10 之 TC 所驗者為 AUTO **三狀態之循環**與Menu Bar／popup 之反映，逐條比對無共用可觀察量。verdict 維持
2.3	10.4	not-sibling	false	vocab	129	**43 §1 之重新確認（批次 9 使 `Climate Modes` 六節落地）。** 非 sibling —— ch10（ECO HVAC）為 EV 之外加狀態且自身以委派字面回指標準 AUTO（10.5 `see standard ICE AUTO logics`），委派不是重述。**新證據**：本批 `2.3` 之九條所驗者為標準 AUTO 之狀態、互斥與中斷，ch10 之 TC 所驗者為 AUTO **三狀態之循環**與Menu Bar／popup 之反映，逐條比對無共用可觀察量。verdict 維持
2.3	10.5	not-sibling	false	vocab	129	**43 §1 之重新確認（批次 9 使 `Climate Modes` 六節落地）。** 非 sibling —— ch10（ECO HVAC）為 EV 之外加狀態且自身以委派字面回指標準 AUTO（10.5 `see standard ICE AUTO logics`），委派不是重述。**新證據**：本批 `2.3` 之九條所驗者為標準 AUTO 之狀態、互斥與中斷，ch10 之 TC 所驗者為 AUTO **三狀態之循環**與Menu Bar／popup 之反映，逐條比對無共用可觀察量。verdict 維持
2.3	10.6	not-sibling	false	vocab	129	**43 §1 之重新確認（批次 9 使 `Climate Modes` 六節落地）。** 非 sibling —— ch10（ECO HVAC）為 EV 之外加狀態且自身以委派字面回指標準 AUTO（10.5 `see standard ICE AUTO logics`），委派不是重述。**新證據**：本批 `2.3` 之九條所驗者為標準 AUTO 之狀態、互斥與中斷，ch10 之 TC 所驗者為 AUTO **三狀態之循環**與Menu Bar／popup 之反映，逐條比對無共用可觀察量。verdict 維持
2.3	10.7	not-sibling	false	vocab	129	**43 §1 之重新確認（批次 9 使 `Climate Modes` 六節落地）。** 非 sibling —— ch10（ECO HVAC）為 EV 之外加狀態且自身以委派字面回指標準 AUTO（10.5 `see standard ICE AUTO logics`），委派不是重述。**新證據**：本批 `2.3` 之九條所驗者為標準 AUTO 之狀態、互斥與中斷，ch10 之 TC 所驗者為 AUTO **三狀態之循環**與Menu Bar／popup 之反映，逐條比對無共用可觀察量。verdict 維持
2.3	10.8	not-sibling	false	vocab	129	**43 §1 之重新確認（批次 9 使 `Climate Modes` 六節落地）。** 非 sibling —— ch10（ECO HVAC）為 EV 之外加狀態且自身以委派字面回指標準 AUTO（10.5 `see standard ICE AUTO logics`），委派不是重述。**新證據**：本批 `2.3` 之九條所驗者為標準 AUTO 之狀態、互斥與中斷，ch10 之 TC 所驗者為 AUTO **三狀態之循環**與Menu Bar／popup 之反映，逐條比對無共用可觀察量。verdict 維持
2.3	10.9	not-sibling	false	vocab	129	**43 §1 之重新確認（批次 9 使 `Climate Modes` 六節落地）。** 非 sibling —— ch10（ECO HVAC）為 EV 之外加狀態且自身以委派字面回指標準 AUTO（10.5 `see standard ICE AUTO logics`），委派不是重述。**新證據**：本批 `2.3` 之九條所驗者為標準 AUTO 之狀態、互斥與中斷，ch10 之 TC 所驗者為 AUTO **三狀態之循環**與Menu Bar／popup 之反映，逐條比對無共用可觀察量。verdict 維持
2.3	10.9.1	not-sibling	false	vocab	129	**43 §1 之重新確認（批次 9 使 `Climate Modes` 六節落地）。** 非 sibling —— ch10（ECO HVAC）為 EV 之外加狀態且自身以委派字面回指標準 AUTO（10.5 `see standard ICE AUTO logics`），委派不是重述。**新證據**：本批 `2.3` 之九條所驗者為標準 AUTO 之狀態、互斥與中斷，ch10 之 TC 所驗者為 AUTO **三狀態之循環**與Menu Bar／popup 之反映，逐條比對無共用可觀察量。verdict 維持
2.3	11.11	deferred	true	vocab	129	**依 41 §3 規則三入表（42 §2 之全量重建）。** 兩節皆未生成，現在判無處可用 —— sibling 判定之用途是寫 TC 時決定 `duplicate_of`／`distinguishing_axis`（§4.6）。其所屬組生成之日連同其他候選一併判定。**`deferred` 不是 `not-sibling`**：前者是「尚未問」，後者是「問過了，答案是否」
2.3	11.11.1	deferred	true	vocab	129	**依 41 §3 規則三入表（42 §2 之全量重建）。** 兩節皆未生成，現在判無處可用 —— sibling 判定之用途是寫 TC 時決定 `duplicate_of`／`distinguishing_axis`（§4.6）。其所屬組生成之日連同其他候選一併判定。**`deferred` 不是 `not-sibling`**：前者是「尚未問」，後者是「問過了，答案是否」
2.3	11.2	deferred	true	vocab	129	**依 41 §3 規則三入表（42 §2 之全量重建）。** 兩節皆未生成，現在判無處可用 —— sibling 判定之用途是寫 TC 時決定 `duplicate_of`／`distinguishing_axis`（§4.6）。其所屬組生成之日連同其他候選一併判定。**`deferred` 不是 `not-sibling`**：前者是「尚未問」，後者是「問過了，答案是否」
2.3	11.5	deferred	true	vocab	129	**依 41 §3 規則三入表（42 §2 之全量重建）。** 兩節皆未生成，現在判無處可用 —— sibling 判定之用途是寫 TC 時決定 `duplicate_of`／`distinguishing_axis`（§4.6）。其所屬組生成之日連同其他候選一併判定。**`deferred` 不是 `not-sibling`**：前者是「尚未問」，後者是「問過了，答案是否」
2.3	12.2	deferred	true	vocab	129	**依 41 §3 規則三入表（42 §2 之全量重建）。** 兩節皆未生成，現在判無處可用 —— sibling 判定之用途是寫 TC 時決定 `duplicate_of`／`distinguishing_axis`（§4.6）。其所屬組生成之日連同其他候選一併判定。**`deferred` 不是 `not-sibling`**：前者是「尚未問」，後者是「問過了，答案是否」
2.3	12.6	deferred	true	vocab	129	**依 41 §3 規則三入表（42 §2 之全量重建）。** 兩節皆未生成，現在判無處可用 —— sibling 判定之用途是寫 TC 時決定 `duplicate_of`／`distinguishing_axis`（§4.6）。其所屬組生成之日連同其他候選一併判定。**`deferred` 不是 `not-sibling`**：前者是「尚未問」，後者是「問過了，答案是否」
2.3	12.7	deferred	true	vocab	129	**依 41 §3 規則三入表（42 §2 之全量重建）。** 兩節皆未生成，現在判無處可用 —— sibling 判定之用途是寫 TC 時決定 `duplicate_of`／`distinguishing_axis`（§4.6）。其所屬組生成之日連同其他候選一併判定。**`deferred` 不是 `not-sibling`**：前者是「尚未問」，後者是「問過了，答案是否」
2.3	12.9	deferred	true	vocab	129	**依 41 §3 規則三入表（42 §2 之全量重建）。** 兩節皆未生成，現在判無處可用 —— sibling 判定之用途是寫 TC 時決定 `duplicate_of`／`distinguishing_axis`（§4.6）。其所屬組生成之日連同其他候選一併判定。**`deferred` 不是 `not-sibling`**：前者是「尚未問」，後者是「問過了，答案是否」
2.3	14.1.1	deferred	true	vocab	129	**依 41 §3 規則三入表（42 §2 之全量重建）。** 兩節皆未生成，現在判無處可用 —— sibling 判定之用途是寫 TC 時決定 `duplicate_of`／`distinguishing_axis`（§4.6）。其所屬組生成之日連同其他候選一併判定。**`deferred` 不是 `not-sibling`**：前者是「尚未問」，後者是「問過了，答案是否」
2.3	14.10	deferred	true	vocab	129	**依 41 §3 規則三入表（42 §2 之全量重建）。** 兩節皆未生成，現在判無處可用 —— sibling 判定之用途是寫 TC 時決定 `duplicate_of`／`distinguishing_axis`（§4.6）。其所屬組生成之日連同其他候選一併判定。**`deferred` 不是 `not-sibling`**：前者是「尚未問」，後者是「問過了，答案是否」
2.3	14.10.1	deferred	true	vocab	129	**依 41 §3 規則三入表（42 §2 之全量重建）。** 兩節皆未生成，現在判無處可用 —— sibling 判定之用途是寫 TC 時決定 `duplicate_of`／`distinguishing_axis`（§4.6）。其所屬組生成之日連同其他候選一併判定。**`deferred` 不是 `not-sibling`**：前者是「尚未問」，後者是「問過了，答案是否」
2.3	14.11	deferred	true	vocab	129	**依 41 §3 規則三入表（42 §2 之全量重建）。** 兩節皆未生成，現在判無處可用 —— sibling 判定之用途是寫 TC 時決定 `duplicate_of`／`distinguishing_axis`（§4.6）。其所屬組生成之日連同其他候選一併判定。**`deferred` 不是 `not-sibling`**：前者是「尚未問」，後者是「問過了，答案是否」
2.3	14.13	deferred	true	vocab	129	**依 41 §3 規則三入表（42 §2 之全量重建）。** 兩節皆未生成，現在判無處可用 —— sibling 判定之用途是寫 TC 時決定 `duplicate_of`／`distinguishing_axis`（§4.6）。其所屬組生成之日連同其他候選一併判定。**`deferred` 不是 `not-sibling`**：前者是「尚未問」，後者是「問過了，答案是否」
2.3	14.17	deferred	true	vocab	129	**依 41 §3 規則三入表（42 §2 之全量重建）。** 兩節皆未生成，現在判無處可用 —— sibling 判定之用途是寫 TC 時決定 `duplicate_of`／`distinguishing_axis`（§4.6）。其所屬組生成之日連同其他候選一併判定。**`deferred` 不是 `not-sibling`**：前者是「尚未問」，後者是「問過了，答案是否」
2.3	14.19	deferred	true	vocab	129	**依 41 §3 規則三入表（42 §2 之全量重建）。** 兩節皆未生成，現在判無處可用 —— sibling 判定之用途是寫 TC 時決定 `duplicate_of`／`distinguishing_axis`（§4.6）。其所屬組生成之日連同其他候選一併判定。**`deferred` 不是 `not-sibling`**：前者是「尚未問」，後者是「問過了，答案是否」
2.3	14.3	deferred	true	vocab	129	**依 41 §3 規則三入表（42 §2 之全量重建）。** 兩節皆未生成，現在判無處可用 —— sibling 判定之用途是寫 TC 時決定 `duplicate_of`／`distinguishing_axis`（§4.6）。其所屬組生成之日連同其他候選一併判定。**`deferred` 不是 `not-sibling`**：前者是「尚未問」，後者是「問過了，答案是否」
2.3	14.4	deferred	true	vocab	129	**依 41 §3 規則三入表（42 §2 之全量重建）。** 兩節皆未生成，現在判無處可用 —— sibling 判定之用途是寫 TC 時決定 `duplicate_of`／`distinguishing_axis`（§4.6）。其所屬組生成之日連同其他候選一併判定。**`deferred` 不是 `not-sibling`**：前者是「尚未問」，後者是「問過了，答案是否」
2.3	15.1	deferred	true	vocab	129	**依 41 §3 規則三入表（42 §2 之全量重建）。** 兩節皆未生成，現在判無處可用 —— sibling 判定之用途是寫 TC 時決定 `duplicate_of`／`distinguishing_axis`（§4.6）。其所屬組生成之日連同其他候選一併判定。**`deferred` 不是 `not-sibling`**：前者是「尚未問」，後者是「問過了，答案是否」
2.3	16.10	deferred	true	vocab	129	**依 41 §3 規則三入表（42 §2 之全量重建）。** 兩節皆未生成，現在判無處可用 —— sibling 判定之用途是寫 TC 時決定 `duplicate_of`／`distinguishing_axis`（§4.6）。其所屬組生成之日連同其他候選一併判定。**`deferred` 不是 `not-sibling`**：前者是「尚未問」，後者是「問過了，答案是否」
2.3	16.11	deferred	true	vocab	129	**依 41 §3 規則三入表（42 §2 之全量重建）。** 兩節皆未生成，現在判無處可用 —— sibling 判定之用途是寫 TC 時決定 `duplicate_of`／`distinguishing_axis`（§4.6）。其所屬組生成之日連同其他候選一併判定。**`deferred` 不是 `not-sibling`**：前者是「尚未問」，後者是「問過了，答案是否」
2.3	16.12	deferred	true	vocab	129	**依 41 §3 規則三入表（42 §2 之全量重建）。** 兩節皆未生成，現在判無處可用 —— sibling 判定之用途是寫 TC 時決定 `duplicate_of`／`distinguishing_axis`（§4.6）。其所屬組生成之日連同其他候選一併判定。**`deferred` 不是 `not-sibling`**：前者是「尚未問」，後者是「問過了，答案是否」
2.3	16.12.1	deferred	true	vocab	129	**依 41 §3 規則三入表（42 §2 之全量重建）。** 兩節皆未生成，現在判無處可用 —— sibling 判定之用途是寫 TC 時決定 `duplicate_of`／`distinguishing_axis`（§4.6）。其所屬組生成之日連同其他候選一併判定。**`deferred` 不是 `not-sibling`**：前者是「尚未問」，後者是「問過了，答案是否」
2.3	16.13	deferred	true	vocab	129	**依 41 §3 規則三入表（42 §2 之全量重建）。** 兩節皆未生成，現在判無處可用 —— sibling 判定之用途是寫 TC 時決定 `duplicate_of`／`distinguishing_axis`（§4.6）。其所屬組生成之日連同其他候選一併判定。**`deferred` 不是 `not-sibling`**：前者是「尚未問」，後者是「問過了，答案是否」
2.3	16.14	not-sibling	false	vocab	129	**43 §1 之重新確認（批次 9 使 `Climate Modes` 六節落地）。** 非 §4.6 sibling —— ch16 為 EMEA ICS 之另一套介面，兩者**不共存於同一車輛**（本批全部 26 條皆帶 EMEA 排除式 PC）。**新證據**：兩側 TC 皆已產出，且本批 26 條之 `emea_ics_review` 已逐條指向 ch16 之具體句並記其 `yes`／`no`，**其中 6 條為 `no`** —— 該逐條答本身即兩節非同一需求之逐句證據。verdict 判為 `not-sibling`
2.3	16.15	deferred	true	via-hierarchy	129	**本對僅因階層關係而成為候選（43 §2，`source = via-hierarchy`）。** `16.15` 與 `2.3` 之詞彙集**無交集**；其共有語彙 ['DEFROST'] 係由特化詞導出之泛化詞（表：`AUTO ECO` → `AUTO`, `ECO HVAC` → `HVAC`, `FRONT DEF` → `DEFROST`, `MAX A/C` → `A/C`, `MAX DEF` → `DEFROST`, `REAR DEF` → `DEFROST`）。**階層不是等價** —— 每個 AUTO ECO 都是 AUTO，但 AUTO 不必然是 AUTO ECO，故本表單向且其輸出另標來源，不併入等價組。共有語彙為**低頻詞**，無既有類級判定可沿用，故記 `deferred`（尚未問）而非類級 verdict —— 對一個沒有類的詞給類級 verdict，等於宣稱一個沒有人做過的判定。
2.3	16.17	not-sibling	false	vocab	129	**43 §1 之重新確認（批次 9 使 `Climate Modes` 六節落地）。** 非 §4.6 sibling —— ch16 為 EMEA ICS 之另一套介面，兩者**不共存於同一車輛**（本批全部 26 條皆帶 EMEA 排除式 PC）。**新證據**：兩側 TC 皆已產出，且本批 26 條之 `emea_ics_review` 已逐條指向 ch16 之具體句並記其 `yes`／`no`，**其中 6 條為 `no`** —— 該逐條答本身即兩節非同一需求之逐句證據。verdict 判為 `not-sibling`
2.3	16.2	not-sibling	false	vocab	129	**43 §1 之重新確認（批次 9 使 `Climate Modes` 六節落地）。** 非 §4.6 sibling —— ch16 為 EMEA ICS 之另一套介面，兩者**不共存於同一車輛**（本批全部 26 條皆帶 EMEA 排除式 PC）。**新證據**：兩側 TC 皆已產出，且本批 26 條之 `emea_ics_review` 已逐條指向 ch16 之具體句並記其 `yes`／`no`，**其中 6 條為 `no`** —— 該逐條答本身即兩節非同一需求之逐句證據。verdict 判為 `not-sibling`
2.3	16.3	deferred	true	vocab	129	**依 41 §3 規則三入表（42 §2 之全量重建）。** 兩節皆未生成，現在判無處可用 —— sibling 判定之用途是寫 TC 時決定 `duplicate_of`／`distinguishing_axis`（§4.6）。其所屬組生成之日連同其他候選一併判定。**`deferred` 不是 `not-sibling`**：前者是「尚未問」，後者是「問過了，答案是否」
2.3	16.4	deferred	true	vocab	129	**依 41 §3 規則三入表（42 §2 之全量重建）。** 兩節皆未生成，現在判無處可用 —— sibling 判定之用途是寫 TC 時決定 `duplicate_of`／`distinguishing_axis`（§4.6）。其所屬組生成之日連同其他候選一併判定。**`deferred` 不是 `not-sibling`**：前者是「尚未問」，後者是「問過了，答案是否」
2.3	16.6	not-sibling	false	vocab	129	**43 §1 之重新確認（批次 9 使 `Climate Modes` 六節落地）。** 非 §4.6 sibling —— ch16 為 EMEA ICS 之另一套介面，兩者**不共存於同一車輛**（本批全部 26 條皆帶 EMEA 排除式 PC）。**新證據**：兩側 TC 皆已產出，且本批 26 條之 `emea_ics_review` 已逐條指向 ch16 之具體句並記其 `yes`／`no`，**其中 6 條為 `no`** —— 該逐條答本身即兩節非同一需求之逐句證據。verdict 判為 `not-sibling`
2.3	16.6.1	not-sibling	false	vocab	129	**43 §1 之重新確認（批次 9 使 `Climate Modes` 六節落地）。** 非 §4.6 sibling —— ch16 為 EMEA ICS 之另一套介面，兩者**不共存於同一車輛**（本批全部 26 條皆帶 EMEA 排除式 PC）。**新證據**：兩側 TC 皆已產出，且本批 26 條之 `emea_ics_review` 已逐條指向 ch16 之具體句並記其 `yes`／`no`，**其中 6 條為 `no`** —— 該逐條答本身即兩節非同一需求之逐句證據。verdict 判為 `not-sibling`
2.3	16.7	not-sibling	false	vocab	129	**43 §1 之重新確認（批次 9 使 `Climate Modes` 六節落地）。** 非 §4.6 sibling —— ch16 為 EMEA ICS 之另一套介面，兩者**不共存於同一車輛**（本批全部 26 條皆帶 EMEA 排除式 PC）。**新證據**：兩側 TC 皆已產出，且本批 26 條之 `emea_ics_review` 已逐條指向 ch16 之具體句並記其 `yes`／`no`，**其中 6 條為 `no`** —— 該逐條答本身即兩節非同一需求之逐句證據。verdict 判為 `not-sibling`
2.3	16.8	deferred	true	vocab	129	**依 41 §3 規則三入表（42 §2 之全量重建）。** 兩節皆未生成，現在判無處可用 —— sibling 判定之用途是寫 TC 時決定 `duplicate_of`／`distinguishing_axis`（§4.6）。其所屬組生成之日連同其他候選一併判定。**`deferred` 不是 `not-sibling`**：前者是「尚未問」，後者是「問過了，答案是否」
2.3	16.9	deferred	true	via-hierarchy	129	**本對僅因階層關係而成為候選（43 §2，`source = via-hierarchy`）。** `16.9` 與 `2.3` 之詞彙集**無交集**；其共有語彙 ['DEFROST'] 係由特化詞導出之泛化詞（表：`AUTO ECO` → `AUTO`, `ECO HVAC` → `HVAC`, `FRONT DEF` → `DEFROST`, `MAX A/C` → `A/C`, `MAX DEF` → `DEFROST`, `REAR DEF` → `DEFROST`）。**階層不是等價** —— 每個 AUTO ECO 都是 AUTO，但 AUTO 不必然是 AUTO ECO，故本表單向且其輸出另標來源，不併入等價組。共有語彙為**低頻詞**，無既有類級判定可沿用，故記 `deferred`（尚未問）而非類級 verdict —— 對一個沒有類的詞給類級 verdict，等於宣稱一個沒有人做過的判定。
2.3	17.2	not-sibling	false	vocab	129	**43 §1 之重新確認（批次 9 使 `Climate Modes` 六節落地）。** 非 sibling —— `17.2` 驗「該元素在**首頁 widget** 上存在且可操作」，本批各節驗「該功能在 **climate 主畫面**上之行為」，可觀察量分屬兩個介面。**新證據**：兩側 TC 皆已產出，`-118`～`-124` 之 ER 一律停在「widget 顯示該元素」與「按下後改變狀態」，刻意不驗行為規則。verdict 判為 `not-sibling`
2.3	17.5	deferred	true	vocab	129	**依 41 §3 規則三入表（42 §2 之全量重建）。** 兩節皆未生成，現在判無處可用 —— sibling 判定之用途是寫 TC 時決定 `duplicate_of`／`distinguishing_axis`（§4.6）。其所屬組生成之日連同其他候選一併判定。**`deferred` 不是 `not-sibling`**：前者是「尚未問」，後者是「問過了，答案是否」
2.3	2.12	deferred	true	vocab	129	**依 41 §3 規則三入表（42 §2 之全量重建）。** 兩節皆未生成，現在判無處可用 —— sibling 判定之用途是寫 TC 時決定 `duplicate_of`／`distinguishing_axis`（§4.6）。其所屬組生成之日連同其他候選一併判定。**`deferred` 不是 `not-sibling`**：前者是「尚未問」，後者是「問過了，答案是否」
2.3	2.12.1	deferred	true	vocab	129	**依 41 §3 規則三入表（42 §2 之全量重建）。** 兩節皆未生成，現在判無處可用 —— sibling 判定之用途是寫 TC 時決定 `duplicate_of`／`distinguishing_axis`（§4.6）。其所屬組生成之日連同其他候選一併判定。**`deferred` 不是 `not-sibling`**：前者是「尚未問」，後者是「問過了，答案是否」
2.3	2.12.2	deferred	true	vocab	129	**依 41 §3 規則三入表（42 §2 之全量重建）。** 兩節皆未生成，現在判無處可用 —— sibling 判定之用途是寫 TC 時決定 `duplicate_of`／`distinguishing_axis`（§4.6）。其所屬組生成之日連同其他候選一併判定。**`deferred` 不是 `not-sibling`**：前者是「尚未問」，後者是「問過了，答案是否」
2.3	2.14	not-sibling	false	vocab	129	**43 §1 之重新確認（批次 9 使 `Climate Modes` 六節落地）。** 非 sibling —— 兩節同屬 ch2 而分屬不同 Test Set，各述不同功能（AUTO／A-C／RECIRC／climate off／SYNC／MAX A-C vs 對造節之主題），共有語彙為控制名之字面巧合。**新證據**：兩側 TC 皆已產出，逐條比對其 `expected_result` 無共用可觀察量。verdict 判為 `not-sibling`
2.3	2.15	deferred	true	via-hierarchy	129	**本對僅因階層關係而成為候選（43 §2，`source = via-hierarchy`）。** `2.15` 與 `2.3` 之詞彙集**無交集**；其共有語彙 ['DEFROST'] 係由特化詞導出之泛化詞（表：`AUTO ECO` → `AUTO`, `ECO HVAC` → `HVAC`, `FRONT DEF` → `DEFROST`, `MAX A/C` → `A/C`, `MAX DEF` → `DEFROST`, `REAR DEF` → `DEFROST`）。**階層不是等價** —— 每個 AUTO ECO 都是 AUTO，但 AUTO 不必然是 AUTO ECO，故本表單向且其輸出另標來源，不併入等價組。共有語彙為**低頻詞**，無既有類級判定可沿用，故記 `deferred`（尚未問）而非類級 verdict —— 對一個沒有類的詞給類級 verdict，等於宣稱一個沒有人做過的判定。
2.3	2.16	not-sibling	false	vocab	129	**43 §1 之重新確認（批次 9 使 `Climate Modes` 六節落地）。** 非 sibling —— 兩節同屬 ch2 而分屬不同 Test Set，各述不同功能（AUTO／A-C／RECIRC／climate off／SYNC／MAX A-C vs 對造節之主題），共有語彙為控制名之字面巧合。**新證據**：兩側 TC 皆已產出，逐條比對其 `expected_result` 無共用可觀察量。verdict 判為 `not-sibling`
2.3	2.6	not-sibling	false	vocab	129	**43 §1 之重新確認（批次 9 使 `Climate Modes` 六節落地）。** 非 sibling —— 兩節同屬 ch2 而分屬不同 Test Set，各述不同功能（AUTO／A-C／RECIRC／climate off／SYNC／MAX A-C vs 對造節之主題），共有語彙為控制名之字面巧合。**新證據**：兩側 TC 皆已產出，逐條比對其 `expected_result` 無共用可觀察量。verdict 判為 `not-sibling`
2.3	2.6.1	not-sibling	false	vocab	129	**43 §1 之重新確認（批次 9 使 `Climate Modes` 六節落地）。** 非 sibling —— 兩節同屬 ch2 而分屬不同 Test Set，各述不同功能（AUTO／A-C／RECIRC／climate off／SYNC／MAX A-C vs 對造節之主題），共有語彙為控制名之字面巧合。**新證據**：兩側 TC 皆已產出，逐條比對其 `expected_result` 無共用可觀察量。verdict 判為 `not-sibling`
2.3	2.7	not-sibling	false	vocab	129	**43 §1 之重新確認（批次 9 使 `Climate Modes` 六節落地）。** 非 sibling —— 兩節同屬 ch2 而分屬不同 Test Set，各述不同功能（AUTO／A-C／RECIRC／climate off／SYNC／MAX A-C vs 對造節之主題），共有語彙為控制名之字面巧合。**新證據**：兩側 TC 皆已產出，逐條比對其 `expected_result` 無共用可觀察量。verdict 判為 `not-sibling`
2.3	2.7.1	not-sibling	false	vocab	129	**43 §1 之重新確認（批次 9 使 `Climate Modes` 六節落地）。** 非 sibling —— 兩節同屬 ch2 而分屬不同 Test Set，各述不同功能（AUTO／A-C／RECIRC／climate off／SYNC／MAX A-C vs 對造節之主題），共有語彙為控制名之字面巧合。**新證據**：兩側 TC 皆已產出，逐條比對其 `expected_result` 無共用可觀察量。verdict 判為 `not-sibling`
2.3	2.8	deferred	true	vocab	129	**依 41 §3 規則三入表（42 §2 之全量重建）。** 兩節皆未生成，現在判無處可用 —— sibling 判定之用途是寫 TC 時決定 `duplicate_of`／`distinguishing_axis`（§4.6）。其所屬組生成之日連同其他候選一併判定。**`deferred` 不是 `not-sibling`**：前者是「尚未問」，後者是「問過了，答案是否」
2.3	2.9	deferred	true	via-hierarchy	129	**本對僅因階層關係而成為候選（43 §2，`source = via-hierarchy`）。** `2.3` 與 `2.9` 之詞彙集**無交集**；其共有語彙 ['DEFROST'] 係由特化詞導出之泛化詞（表：`AUTO ECO` → `AUTO`, `ECO HVAC` → `HVAC`, `FRONT DEF` → `DEFROST`, `MAX A/C` → `A/C`, `MAX DEF` → `DEFROST`, `REAR DEF` → `DEFROST`）。**階層不是等價** —— 每個 AUTO ECO 都是 AUTO，但 AUTO 不必然是 AUTO ECO，故本表單向且其輸出另標來源，不併入等價組。共有語彙為**低頻詞**，無既有類級判定可沿用，故記 `deferred`（尚未問）而非類級 verdict —— 對一個沒有類的詞給類級 verdict，等於宣稱一個沒有人做過的判定。
2.3	3.1	not-sibling	false	vocab	129	**43 §1 之重新確認（批次 9 使 `Climate Modes` 六節落地）。** 非 sibling —— ch3（Tri-Mode／MAX DEF／MAX A/C 之 climate off 可用性）與本批各節分屬不同功能。**新證據**：兩側 TC 皆已產出，逐條比對其 `expected_result` 無共用可觀察量（唯一之真 sibling `2.10 ↔ 3.3` 已另判）。verdict 判為 `not-sibling`
2.3	3.2	not-sibling	false	vocab	129	**43 §1 之重新確認（批次 9 使 `Climate Modes` 六節落地）。** 非 sibling —— ch3（Tri-Mode／MAX DEF／MAX A/C 之 climate off 可用性）與本批各節分屬不同功能。**新證據**：兩側 TC 皆已產出，逐條比對其 `expected_result` 無共用可觀察量（唯一之真 sibling `2.10 ↔ 3.3` 已另判）。verdict 判為 `not-sibling`
2.3	3.3	not-sibling	false	via-hierarchy	129	**43 §1 之重新確認（批次 9 使 `Climate Modes` 六節落地）。** 非 sibling —— ch3（Tri-Mode／MAX DEF／MAX A/C 之 climate off 可用性）與本批各節分屬不同功能。**新證據**：兩側 TC 皆已產出，逐條比對其 `expected_result` 無共用可觀察量（唯一之真 sibling `2.10 ↔ 3.3` 已另判）。verdict 判為 `not-sibling`
2.3	3.4	not-sibling	false	via-hierarchy	129	**43 §1 之重新確認（批次 9 使 `Climate Modes` 六節落地）。** 非 sibling —— ch3（Tri-Mode／MAX DEF／MAX A/C 之 climate off 可用性）與本批各節分屬不同功能。**新證據**：兩側 TC 皆已產出，逐條比對其 `expected_result` 無共用可觀察量（唯一之真 sibling `2.10 ↔ 3.3` 已另判）。verdict 判為 `not-sibling`
2.3	7.1	deferred	true	vocab	129	**依 41 §3 規則三入表（42 §2 之全量重建）。** 兩節皆未生成，現在判無處可用 —— sibling 判定之用途是寫 TC 時決定 `duplicate_of`／`distinguishing_axis`（§4.6）。其所屬組生成之日連同其他候選一併判定。**`deferred` 不是 `not-sibling`**：前者是「尚未問」，後者是「問過了，答案是否」
2.3	7.1.1	deferred	true	vocab	129	**依 41 §3 規則三入表（42 §2 之全量重建）。** 兩節皆未生成，現在判無處可用 —— sibling 判定之用途是寫 TC 時決定 `duplicate_of`／`distinguishing_axis`（§4.6）。其所屬組生成之日連同其他候選一併判定。**`deferred` 不是 `not-sibling`**：前者是「尚未問」，後者是「問過了，答案是否」
2.3	7.10	deferred	true	vocab	129	**依 41 §3 規則三入表（42 §2 之全量重建）。** 兩節皆未生成，現在判無處可用 —— sibling 判定之用途是寫 TC 時決定 `duplicate_of`／`distinguishing_axis`（§4.6）。其所屬組生成之日連同其他候選一併判定。**`deferred` 不是 `not-sibling`**：前者是「尚未問」，後者是「問過了，答案是否」
2.3	7.2	sibling	true	vocab	129	**抽樣覆核所發現（40 §3 三之陰性側抽樣）。** C2「AUTO has on/ off state. The fan speed indicator shows Auto instead of the actual fan speed」與 CR2「Rear AUTO has on/ off state. The fan speed indicator shows Auto instead of the actual fan speed」**逐字相同** —— 差異軸為前排 vs 後排
2.3	7.4	deferred	true	vocab	129	**依 41 §3 規則三入表（42 §2 之全量重建）。** 兩節皆未生成，現在判無處可用 —— sibling 判定之用途是寫 TC 時決定 `duplicate_of`／`distinguishing_axis`（§4.6）。其所屬組生成之日連同其他候選一併判定。**`deferred` 不是 `not-sibling`**：前者是「尚未問」，後者是「問過了，答案是否」
2.3	7.5	deferred	true	vocab	129	**依 41 §3 規則三入表（42 §2 之全量重建）。** 兩節皆未生成，現在判無處可用 —— sibling 判定之用途是寫 TC 時決定 `duplicate_of`／`distinguishing_axis`（§4.6）。其所屬組生成之日連同其他候選一併判定。**`deferred` 不是 `not-sibling`**：前者是「尚未問」，後者是「問過了，答案是否」
2.3	7.7	deferred	true	vocab	129	**依 41 §3 規則三入表（42 §2 之全量重建）。** 兩節皆未生成，現在判無處可用 —— sibling 判定之用途是寫 TC 時決定 `duplicate_of`／`distinguishing_axis`（§4.6）。其所屬組生成之日連同其他候選一併判定。**`deferred` 不是 `not-sibling`**：前者是「尚未問」，後者是「問過了，答案是否」
2.3	7.8	deferred	true	vocab	129	**依 41 §3 規則三入表（42 §2 之全量重建）。** 兩節皆未生成，現在判無處可用 —— sibling 判定之用途是寫 TC 時決定 `duplicate_of`／`distinguishing_axis`（§4.6）。其所屬組生成之日連同其他候選一併判定。**`deferred` 不是 `not-sibling`**：前者是「尚未問」，後者是「問過了，答案是否」
2.3	7.9	deferred	true	vocab	129	**依 41 §3 規則三入表（42 §2 之全量重建）。** 兩節皆未生成，現在判無處可用 —— sibling 判定之用途是寫 TC 時決定 `duplicate_of`／`distinguishing_axis`（§4.6）。其所屬組生成之日連同其他候選一併判定。**`deferred` 不是 `not-sibling`**：前者是「尚未問」，後者是「問過了，答案是否」
2.3	9.2	deferred	true	vocab	129	**依 41 §3 規則三入表（42 §2 之全量重建）。** 兩節皆未生成，現在判無處可用 —— sibling 判定之用途是寫 TC 時決定 `duplicate_of`／`distinguishing_axis`（§4.6）。其所屬組生成之日連同其他候選一併判定。**`deferred` 不是 `not-sibling`**：前者是「尚未問」，後者是「問過了，答案是否」
2.3.1	10.1	not-sibling	true	vocab	129	[逐對] **ch10 為 ch2 AUTO 之外加狀態，非其重述** —— ch10 自身以委派字面回指 ch2：10.5 `see standard ICE AUTO logics`、10.6 `deselect airflow modes as in standard AUTO mode`、10.9.1 `an additional info text compared to the standard ICE AUTO pop up`。**委派不是重述**（此即 `2.3 ↔ 7.2` 之反面：CR2 逐字重寫 C2，EH 各條指回 C2）（41 §3 規則二：一節已生成、一節未生成）
2.3.1	10.2	not-sibling	true	vocab	129	[逐對] **ch10 為 ch2 AUTO 之外加狀態，非其重述** —— ch10 自身以委派字面回指 ch2：10.5 `see standard ICE AUTO logics`、10.6 `deselect airflow modes as in standard AUTO mode`、10.9.1 `an additional info text compared to the standard ICE AUTO pop up`。**委派不是重述**（此即 `2.3 ↔ 7.2` 之反面：CR2 逐字重寫 C2，EH 各條指回 C2）（41 §3 規則二：一節已生成、一節未生成）
2.3.1	10.3	not-broken-by-3-samples (class)	true	via-hierarchy	129	**本對僅因階層關係而成為候選（43 §2，`source = via-hierarchy`）。** `10.3` 與 `2.3.1` 之詞彙集**無交集**；其共有語彙 ['AUTO'] 係由特化詞導出之泛化詞（表：`AUTO ECO` → `AUTO`, `ECO HVAC` → `HVAC`, `MAX A/C` → `A/C`, `MAX DEF` → `DEFROST`, `REAR DEF` → `DEFROST`）。**階層不是等價** —— 每個 AUTO ECO 都是 AUTO，但 AUTO 不必然是 AUTO ECO，故本表單向且其輸出另標來源，不併入等價組。依 43 §2，**不逐對**，沿用該高頻詞之類級處置；其效力同 41 §4：三對抽樣足以破類、不足以證類，所屬節生成之日轉為逐對判定。
2.3.1	10.4	not-sibling	true	vocab	129	[逐對] **ch10 為 ch2 AUTO 之外加狀態，非其重述** —— ch10 自身以委派字面回指 ch2：10.5 `see standard ICE AUTO logics`、10.6 `deselect airflow modes as in standard AUTO mode`、10.9.1 `an additional info text compared to the standard ICE AUTO pop up`。**委派不是重述**（此即 `2.3 ↔ 7.2` 之反面：CR2 逐字重寫 C2，EH 各條指回 C2）（41 §3 規則二：一節已生成、一節未生成）
2.3.1	10.5	not-sibling	true	vocab	129	[逐對] 共有 ['AUTO', 'MODE']。ch10 之 ECO 行為為 standard AUTO 之外加狀態，其對造為 2.3（standard AUTO）而非本對；共有語彙為控制名
2.3.1	10.6	not-sibling	true	vocab	129	[逐對] 共有 ['AUTO', 'MODE']。ch10 之 ECO 行為為 standard AUTO 之外加狀態，其對造為 2.3（standard AUTO）而非本對；共有語彙為控制名
2.3.1	10.7	not-sibling	true	vocab	129	[逐對] **ch10 為 ch2 AUTO 之外加狀態，非其重述** —— ch10 自身以委派字面回指 ch2：10.5 `see standard ICE AUTO logics`、10.6 `deselect airflow modes as in standard AUTO mode`、10.9.1 `an additional info text compared to the standard ICE AUTO pop up`。**委派不是重述**（此即 `2.3 ↔ 7.2` 之反面：CR2 逐字重寫 C2，EH 各條指回 C2）（41 §3 規則二：一節已生成、一節未生成）
2.3.1	10.8	not-sibling	true	vocab	129	[逐對] **ch10 為 ch2 AUTO 之外加狀態，非其重述** —— ch10 自身以委派字面回指 ch2：10.5 `see standard ICE AUTO logics`、10.6 `deselect airflow modes as in standard AUTO mode`、10.9.1 `an additional info text compared to the standard ICE AUTO pop up`。**委派不是重述**（此即 `2.3 ↔ 7.2` 之反面：CR2 逐字重寫 C2，EH 各條指回 C2）（41 §3 規則二：一節已生成、一節未生成）
2.3.1	10.9	not-sibling	true	vocab	129	[逐對] **ch10 為 ch2 AUTO 之外加狀態，非其重述** —— ch10 自身以委派字面回指 ch2：10.5 `see standard ICE AUTO logics`、10.6 `deselect airflow modes as in standard AUTO mode`、10.9.1 `an additional info text compared to the standard ICE AUTO pop up`。**委派不是重述**（此即 `2.3 ↔ 7.2` 之反面：CR2 逐字重寫 C2，EH 各條指回 C2）（41 §3 規則二：一節已生成、一節未生成）
2.3.1	10.9.1	not-sibling	true	vocab	129	[逐對] 共有 ['AUTO', 'MODE']。ch10 之 ECO 行為為 standard AUTO 之外加狀態，其對造為 2.3（standard AUTO）而非本對；共有語彙為控制名
2.3.1	11.5	deferred	true	vocab	129	**依 41 §3 規則三入表（42 §2 之全量重建）。** 兩節皆未生成，現在判無處可用 —— sibling 判定之用途是寫 TC 時決定 `duplicate_of`／`distinguishing_axis`（§4.6）。其所屬組生成之日連同其他候選一併判定。**`deferred` 不是 `not-sibling`**：前者是「尚未問」，後者是「問過了，答案是否」
2.3.1	12.6	deferred	true	vocab	129	**依 41 §3 規則三入表（42 §2 之全量重建）。** 兩節皆未生成，現在判無處可用 —— sibling 判定之用途是寫 TC 時決定 `duplicate_of`／`distinguishing_axis`（§4.6）。其所屬組生成之日連同其他候選一併判定。**`deferred` 不是 `not-sibling`**：前者是「尚未問」，後者是「問過了，答案是否」
2.3.1	12.7	deferred	true	vocab	129	**依 41 §3 規則三入表（42 §2 之全量重建）。** 兩節皆未生成，現在判無處可用 —— sibling 判定之用途是寫 TC 時決定 `duplicate_of`／`distinguishing_axis`（§4.6）。其所屬組生成之日連同其他候選一併判定。**`deferred` 不是 `not-sibling`**：前者是「尚未問」，後者是「問過了，答案是否」
2.3.1	14.10	deferred	true	vocab	129	**依 41 §3 規則三入表（42 §2 之全量重建）。** 兩節皆未生成，現在判無處可用 —— sibling 判定之用途是寫 TC 時決定 `duplicate_of`／`distinguishing_axis`（§4.6）。其所屬組生成之日連同其他候選一併判定。**`deferred` 不是 `not-sibling`**：前者是「尚未問」，後者是「問過了，答案是否」
2.3.1	14.10.1	deferred	true	vocab	129	**依 41 §3 規則三入表（42 §2 之全量重建）。** 兩節皆未生成，現在判無處可用 —— sibling 判定之用途是寫 TC 時決定 `duplicate_of`／`distinguishing_axis`（§4.6）。其所屬組生成之日連同其他候選一併判定。**`deferred` 不是 `not-sibling`**：前者是「尚未問」，後者是「問過了，答案是否」
2.3.1	14.13	deferred	true	vocab	129	**依 41 §3 規則三入表（42 §2 之全量重建）。** 兩節皆未生成，現在判無處可用 —— sibling 判定之用途是寫 TC 時決定 `duplicate_of`／`distinguishing_axis`（§4.6）。其所屬組生成之日連同其他候選一併判定。**`deferred` 不是 `not-sibling`**：前者是「尚未問」，後者是「問過了，答案是否」
2.3.1	14.19	deferred	true	vocab	129	**依 41 §3 規則三入表（42 §2 之全量重建）。** 兩節皆未生成，現在判無處可用 —— sibling 判定之用途是寫 TC 時決定 `duplicate_of`／`distinguishing_axis`（§4.6）。其所屬組生成之日連同其他候選一併判定。**`deferred` 不是 `not-sibling`**：前者是「尚未問」，後者是「問過了，答案是否」
2.3.1	14.3	deferred	true	vocab	129	**依 41 §3 規則三入表（42 §2 之全量重建）。** 兩節皆未生成，現在判無處可用 —— sibling 判定之用途是寫 TC 時決定 `duplicate_of`／`distinguishing_axis`（§4.6）。其所屬組生成之日連同其他候選一併判定。**`deferred` 不是 `not-sibling`**：前者是「尚未問」，後者是「問過了，答案是否」
2.3.1	14.4	deferred	true	vocab	129	**依 41 §3 規則三入表（42 §2 之全量重建）。** 兩節皆未生成，現在判無處可用 —— sibling 判定之用途是寫 TC 時決定 `duplicate_of`／`distinguishing_axis`（§4.6）。其所屬組生成之日連同其他候選一併判定。**`deferred` 不是 `not-sibling`**：前者是「尚未問」，後者是「問過了，答案是否」
2.3.1	15.1	deferred	true	vocab	129	**依 41 §3 規則三入表（42 §2 之全量重建）。** 兩節皆未生成，現在判無處可用 —— sibling 判定之用途是寫 TC 時決定 `duplicate_of`／`distinguishing_axis`（§4.6）。其所屬組生成之日連同其他候選一併判定。**`deferred` 不是 `not-sibling`**：前者是「尚未問」，後者是「問過了，答案是否」
2.3.1	16.10	deferred	true	vocab	129	**依 41 §3 規則三入表（42 §2 之全量重建）。** 兩節皆未生成，現在判無處可用 —— sibling 判定之用途是寫 TC 時決定 `duplicate_of`／`distinguishing_axis`（§4.6）。其所屬組生成之日連同其他候選一併判定。**`deferred` 不是 `not-sibling`**：前者是「尚未問」，後者是「問過了，答案是否」
2.3.1	16.11	deferred	true	vocab	129	**依 41 §3 規則三入表（42 §2 之全量重建）。** 兩節皆未生成，現在判無處可用 —— sibling 判定之用途是寫 TC 時決定 `duplicate_of`／`distinguishing_axis`（§4.6）。其所屬組生成之日連同其他候選一併判定。**`deferred` 不是 `not-sibling`**：前者是「尚未問」，後者是「問過了，答案是否」
2.3.1	16.12	deferred	true	vocab	129	**依 41 §3 規則三入表（42 §2 之全量重建）。** 兩節皆未生成，現在判無處可用 —— sibling 判定之用途是寫 TC 時決定 `duplicate_of`／`distinguishing_axis`（§4.6）。其所屬組生成之日連同其他候選一併判定。**`deferred` 不是 `not-sibling`**：前者是「尚未問」，後者是「問過了，答案是否」
2.3.1	16.12.1	deferred	true	vocab	129	**依 41 §3 規則三入表（42 §2 之全量重建）。** 兩節皆未生成，現在判無處可用 —— sibling 判定之用途是寫 TC 時決定 `duplicate_of`／`distinguishing_axis`（§4.6）。其所屬組生成之日連同其他候選一併判定。**`deferred` 不是 `not-sibling`**：前者是「尚未問」，後者是「問過了，答案是否」
2.3.1	16.13	deferred	true	vocab	129	**依 41 §3 規則三入表（42 §2 之全量重建）。** 兩節皆未生成，現在判無處可用 —— sibling 判定之用途是寫 TC 時決定 `duplicate_of`／`distinguishing_axis`（§4.6）。其所屬組生成之日連同其他候選一併判定。**`deferred` 不是 `not-sibling`**：前者是「尚未問」，後者是「問過了，答案是否」
2.3.1	16.14	deferred	true	vocab	129	**依 41 §3 規則三入表（42 §2 之全量重建）。** 兩節皆未生成，現在判無處可用 —— sibling 判定之用途是寫 TC 時決定 `duplicate_of`／`distinguishing_axis`（§4.6）。其所屬組生成之日連同其他候選一併判定。**`deferred` 不是 `not-sibling`**：前者是「尚未問」，後者是「問過了，答案是否」
2.3.1	16.3	deferred	true	vocab	129	**依 41 §3 規則三入表（42 §2 之全量重建）。** 兩節皆未生成，現在判無處可用 —— sibling 判定之用途是寫 TC 時決定 `duplicate_of`／`distinguishing_axis`（§4.6）。其所屬組生成之日連同其他候選一併判定。**`deferred` 不是 `not-sibling`**：前者是「尚未問」，後者是「問過了，答案是否」
2.3.1	16.7	deferred	true	vocab	129	**依 41 §3 規則三入表（42 §2 之全量重建）。** 兩節皆未生成，現在判無處可用 —— sibling 判定之用途是寫 TC 時決定 `duplicate_of`／`distinguishing_axis`（§4.6）。其所屬組生成之日連同其他候選一併判定。**`deferred` 不是 `not-sibling`**：前者是「尚未問」，後者是「問過了，答案是否」
2.3.1	16.8	deferred	true	vocab	129	**依 41 §3 規則三入表（42 §2 之全量重建）。** 兩節皆未生成，現在判無處可用 —— sibling 判定之用途是寫 TC 時決定 `duplicate_of`／`distinguishing_axis`（§4.6）。其所屬組生成之日連同其他候選一併判定。**`deferred` 不是 `not-sibling`**：前者是「尚未問」，後者是「問過了，答案是否」
2.3.1	17.2	deferred	true	vocab	129	**依 41 §3 規則三入表（42 §2 之全量重建）。** 兩節皆未生成，現在判無處可用 —— sibling 判定之用途是寫 TC 時決定 `duplicate_of`／`distinguishing_axis`（§4.6）。其所屬組生成之日連同其他候選一併判定。**`deferred` 不是 `not-sibling`**：前者是「尚未問」，後者是「問過了，答案是否」
2.3.1	2.12	deferred	true	vocab	129	**依 41 §3 規則三入表（42 §2 之全量重建）。** 兩節皆未生成，現在判無處可用 —— sibling 判定之用途是寫 TC 時決定 `duplicate_of`／`distinguishing_axis`（§4.6）。其所屬組生成之日連同其他候選一併判定。**`deferred` 不是 `not-sibling`**：前者是「尚未問」，後者是「問過了，答案是否」
2.3.1	2.12.1	deferred	true	vocab	129	**依 41 §3 規則三入表（42 §2 之全量重建）。** 兩節皆未生成，現在判無處可用 —— sibling 判定之用途是寫 TC 時決定 `duplicate_of`／`distinguishing_axis`（§4.6）。其所屬組生成之日連同其他候選一併判定。**`deferred` 不是 `not-sibling`**：前者是「尚未問」，後者是「問過了，答案是否」
2.3.1	2.12.2	deferred	true	vocab	129	**依 41 §3 規則三入表（42 §2 之全量重建）。** 兩節皆未生成，現在判無處可用 —— sibling 判定之用途是寫 TC 時決定 `duplicate_of`／`distinguishing_axis`（§4.6）。其所屬組生成之日連同其他候選一併判定。**`deferred` 不是 `not-sibling`**：前者是「尚未問」，後者是「問過了，答案是否」
2.3.1	2.14	not-sibling	true	vocab	129	[逐對] 同章不同 Test Set，兩節分述不同功能（MTC 之界定、風速值域、dual AUTO、A/C、3 狀態 recirc、Defrost）。共有語彙 `AUTO`／`MODE` 出現於各自之連動子句，非同一可觀察量（41 §3 規則二：一節已生成、一節未生成）
2.3.1	2.7	not-sibling	true	vocab	129	[逐對] 同章不同 Test Set，兩節分述不同功能（MTC 之界定、風速值域、dual AUTO、A/C、3 狀態 recirc、Defrost）。共有語彙 `AUTO`／`MODE` 出現於各自之連動子句，非同一可觀察量（41 §3 規則二：一節已生成、一節未生成）
2.3.1	2.8	deferred	true	vocab	129	**依 41 §3 規則三入表（42 §2 之全量重建）。** 兩節皆未生成，現在判無處可用 —— sibling 判定之用途是寫 TC 時決定 `duplicate_of`／`distinguishing_axis`（§4.6）。其所屬組生成之日連同其他候選一併判定。**`deferred` 不是 `not-sibling`**：前者是「尚未問」，後者是「問過了，答案是否」
2.3.1	3.1	not-sibling	true	vocab	129	[逐對] 兩節分述不同功能（對造之一為 AUTO／SYNC／climate off 或 MAX DEF），共有語彙 `AUTO`／`MODE` 為字面巧合。**本群中真正之同一需求為氣流模式集合與其循環**，已逐對判為 sibling（2.12／2.12.1／2.12.2 ↔ 3.1），不含本對（41 §3 規則二：一節已生成、一節未生成）
2.3.1	3.2	not-sibling	true	vocab	129	[逐對] 共有 ['AUTO', 'MODE']。共有者為控制名，兩節各定義不同需求（同章不同組）
2.3.1	7.2	deferred	true	vocab	129	**依 41 §3 規則三入表（42 §2 之全量重建）。** 兩節皆未生成，現在判無處可用 —— sibling 判定之用途是寫 TC 時決定 `duplicate_of`／`distinguishing_axis`（§4.6）。其所屬組生成之日連同其他候選一併判定。**`deferred` 不是 `not-sibling`**：前者是「尚未問」，後者是「問過了，答案是否」
2.3.1	7.5	deferred	true	vocab	129	**依 41 §3 規則三入表（42 §2 之全量重建）。** 兩節皆未生成，現在判無處可用 —— sibling 判定之用途是寫 TC 時決定 `duplicate_of`／`distinguishing_axis`（§4.6）。其所屬組生成之日連同其他候選一併判定。**`deferred` 不是 `not-sibling`**：前者是「尚未問」，後者是「問過了，答案是否」
2.3.1	7.7	deferred	true	vocab	129	**依 41 §3 規則三入表（42 §2 之全量重建）。** 兩節皆未生成，現在判無處可用 —— sibling 判定之用途是寫 TC 時決定 `duplicate_of`／`distinguishing_axis`（§4.6）。其所屬組生成之日連同其他候選一併判定。**`deferred` 不是 `not-sibling`**：前者是「尚未問」，後者是「問過了，答案是否」
2.3.1	7.8	deferred	true	vocab	129	**依 41 §3 規則三入表（42 §2 之全量重建）。** 兩節皆未生成，現在判無處可用 —— sibling 判定之用途是寫 TC 時決定 `duplicate_of`／`distinguishing_axis`（§4.6）。其所屬組生成之日連同其他候選一併判定。**`deferred` 不是 `not-sibling`**：前者是「尚未問」，後者是「問過了，答案是否」
2.3.1	9.2	deferred	true	vocab	129	**依 41 §3 規則三入表（42 §2 之全量重建）。** 兩節皆未生成，現在判無處可用 —— sibling 判定之用途是寫 TC 時決定 `duplicate_of`／`distinguishing_axis`（§4.6）。其所屬組生成之日連同其他候選一併判定。**`deferred` 不是 `not-sibling`**：前者是「尚未問」，後者是「問過了，答案是否」
2.4	10.2	not-sibling	false	vocab	129	**43 §1 之重新確認（批次 9 使 `Climate Modes` 六節落地）。** 非 sibling —— ch10（ECO HVAC）為 EV 之外加狀態且自身以委派字面回指標準 AUTO（10.5 `see standard ICE AUTO logics`），委派不是重述。**新證據**：本批 `2.3` 之九條所驗者為標準 AUTO 之狀態、互斥與中斷，ch10 之 TC 所驗者為 AUTO **三狀態之循環**與Menu Bar／popup 之反映，逐條比對無共用可觀察量。verdict 維持
2.4	10.3	not-sibling	false	via-hierarchy	129	**43 §1 之重新確認（批次 9 使 `Climate Modes` 六節落地）。** 非 sibling —— ch10（ECO HVAC）為 EV 之外加狀態且自身以委派字面回指標準 AUTO（10.5 `see standard ICE AUTO logics`），委派不是重述。**新證據**：本批 `2.3` 之九條所驗者為標準 AUTO 之狀態、互斥與中斷，ch10 之 TC 所驗者為 AUTO **三狀態之循環**與Menu Bar／popup 之反映，逐條比對無共用可觀察量。verdict 維持
2.4	10.4	not-sibling	false	vocab	129	**43 §1 之重新確認（批次 9 使 `Climate Modes` 六節落地）。** 非 sibling —— ch10（ECO HVAC）為 EV 之外加狀態且自身以委派字面回指標準 AUTO（10.5 `see standard ICE AUTO logics`），委派不是重述。**新證據**：本批 `2.3` 之九條所驗者為標準 AUTO 之狀態、互斥與中斷，ch10 之 TC 所驗者為 AUTO **三狀態之循環**與Menu Bar／popup 之反映，逐條比對無共用可觀察量。verdict 維持
2.4	10.5	not-sibling	false	vocab	129	**43 §1 之重新確認（批次 9 使 `Climate Modes` 六節落地）。** 非 sibling —— ch10（ECO HVAC）為 EV 之外加狀態且自身以委派字面回指標準 AUTO（10.5 `see standard ICE AUTO logics`），委派不是重述。**新證據**：本批 `2.3` 之九條所驗者為標準 AUTO 之狀態、互斥與中斷，ch10 之 TC 所驗者為 AUTO **三狀態之循環**與Menu Bar／popup 之反映，逐條比對無共用可觀察量。verdict 維持
2.4	10.6	not-sibling	false	vocab	129	**43 §1 之重新確認（批次 9 使 `Climate Modes` 六節落地）。** 非 sibling —— ch10（ECO HVAC）為 EV 之外加狀態且自身以委派字面回指標準 AUTO（10.5 `see standard ICE AUTO logics`），委派不是重述。**新證據**：本批 `2.3` 之九條所驗者為標準 AUTO 之狀態、互斥與中斷，ch10 之 TC 所驗者為 AUTO **三狀態之循環**與Menu Bar／popup 之反映，逐條比對無共用可觀察量。verdict 維持
2.4	10.7	not-sibling	false	vocab	129	**43 §1 之重新確認（批次 9 使 `Climate Modes` 六節落地）。** 非 sibling —— ch10（ECO HVAC）為 EV 之外加狀態且自身以委派字面回指標準 AUTO（10.5 `see standard ICE AUTO logics`），委派不是重述。**新證據**：本批 `2.3` 之九條所驗者為標準 AUTO 之狀態、互斥與中斷，ch10 之 TC 所驗者為 AUTO **三狀態之循環**與Menu Bar／popup 之反映，逐條比對無共用可觀察量。verdict 維持
2.4	10.8	not-sibling	false	vocab	129	**43 §1 之重新確認（批次 9 使 `Climate Modes` 六節落地）。** 非 sibling —— ch10（ECO HVAC）為 EV 之外加狀態且自身以委派字面回指標準 AUTO（10.5 `see standard ICE AUTO logics`），委派不是重述。**新證據**：本批 `2.3` 之九條所驗者為標準 AUTO 之狀態、互斥與中斷，ch10 之 TC 所驗者為 AUTO **三狀態之循環**與Menu Bar／popup 之反映，逐條比對無共用可觀察量。verdict 維持
2.4	10.9	not-sibling	false	vocab	129	**43 §1 之重新確認（批次 9 使 `Climate Modes` 六節落地）。** 非 sibling —— ch10（ECO HVAC）為 EV 之外加狀態且自身以委派字面回指標準 AUTO（10.5 `see standard ICE AUTO logics`），委派不是重述。**新證據**：本批 `2.3` 之九條所驗者為標準 AUTO 之狀態、互斥與中斷，ch10 之 TC 所驗者為 AUTO **三狀態之循環**與Menu Bar／popup 之反映，逐條比對無共用可觀察量。verdict 維持
2.4	10.9.1	not-sibling	false	vocab	129	**43 §1 之重新確認（批次 9 使 `Climate Modes` 六節落地）。** 非 sibling —— ch10（ECO HVAC）為 EV 之外加狀態且自身以委派字面回指標準 AUTO（10.5 `see standard ICE AUTO logics`），委派不是重述。**新證據**：本批 `2.3` 之九條所驗者為標準 AUTO 之狀態、互斥與中斷，ch10 之 TC 所驗者為 AUTO **三狀態之循環**與Menu Bar／popup 之反映，逐條比對無共用可觀察量。verdict 維持
2.4	11.5	deferred	true	vocab	129	**依 41 §3 規則三入表（42 §2 之全量重建）。** 兩節皆未生成，現在判無處可用 —— sibling 判定之用途是寫 TC 時決定 `duplicate_of`／`distinguishing_axis`（§4.6）。其所屬組生成之日連同其他候選一併判定。**`deferred` 不是 `not-sibling`**：前者是「尚未問」，後者是「問過了，答案是否」
2.4	12.6	deferred	true	vocab	129	**依 41 §3 規則三入表（42 §2 之全量重建）。** 兩節皆未生成，現在判無處可用 —— sibling 判定之用途是寫 TC 時決定 `duplicate_of`／`distinguishing_axis`（§4.6）。其所屬組生成之日連同其他候選一併判定。**`deferred` 不是 `not-sibling`**：前者是「尚未問」，後者是「問過了，答案是否」
2.4	14.19	deferred	true	vocab	129	**依 41 §3 規則三入表（42 §2 之全量重建）。** 兩節皆未生成，現在判無處可用 —— sibling 判定之用途是寫 TC 時決定 `duplicate_of`／`distinguishing_axis`（§4.6）。其所屬組生成之日連同其他候選一併判定。**`deferred` 不是 `not-sibling`**：前者是「尚未問」，後者是「問過了，答案是否」
2.4	15.1	deferred	true	vocab	129	**依 41 §3 規則三入表（42 §2 之全量重建）。** 兩節皆未生成，現在判無處可用 —— sibling 判定之用途是寫 TC 時決定 `duplicate_of`／`distinguishing_axis`（§4.6）。其所屬組生成之日連同其他候選一併判定。**`deferred` 不是 `not-sibling`**：前者是「尚未問」，後者是「問過了，答案是否」
2.4	16.10	deferred	true	vocab	129	**依 41 §3 規則三入表（42 §2 之全量重建）。** 兩節皆未生成，現在判無處可用 —— sibling 判定之用途是寫 TC 時決定 `duplicate_of`／`distinguishing_axis`（§4.6）。其所屬組生成之日連同其他候選一併判定。**`deferred` 不是 `not-sibling`**：前者是「尚未問」，後者是「問過了，答案是否」
2.4	16.13	deferred	true	vocab	129	**依 41 §3 規則三入表（42 §2 之全量重建）。** 兩節皆未生成，現在判無處可用 —— sibling 判定之用途是寫 TC 時決定 `duplicate_of`／`distinguishing_axis`（§4.6）。其所屬組生成之日連同其他候選一併判定。**`deferred` 不是 `not-sibling`**：前者是「尚未問」，後者是「問過了，答案是否」
2.4	16.14	not-sibling	false	vocab	129	**43 §1 之重新確認（批次 9 使 `Climate Modes` 六節落地）。** 非 §4.6 sibling —— ch16 為 EMEA ICS 之另一套介面，兩者**不共存於同一車輛**（本批全部 26 條皆帶 EMEA 排除式 PC）。**新證據**：兩側 TC 皆已產出，且本批 26 條之 `emea_ics_review` 已逐條指向 ch16 之具體句並記其 `yes`／`no`，**其中 6 條為 `no`** —— 該逐條答本身即兩節非同一需求之逐句證據。verdict 判為 `not-sibling`
2.4	16.15	deferred	true	vocab	129	**依 41 §3 規則三入表（42 §2 之全量重建）。** 兩節皆未生成，現在判無處可用 —— sibling 判定之用途是寫 TC 時決定 `duplicate_of`／`distinguishing_axis`（§4.6）。其所屬組生成之日連同其他候選一併判定。**`deferred` 不是 `not-sibling`**：前者是「尚未問」，後者是「問過了，答案是否」
2.4	16.2	not-sibling	false	vocab	129	**43 §1 之重新確認（批次 9 使 `Climate Modes` 六節落地）。** 非 §4.6 sibling —— ch16 為 EMEA ICS 之另一套介面，兩者**不共存於同一車輛**（本批全部 26 條皆帶 EMEA 排除式 PC）。**新證據**：兩側 TC 皆已產出，且本批 26 條之 `emea_ics_review` 已逐條指向 ch16 之具體句並記其 `yes`／`no`，**其中 6 條為 `no`** —— 該逐條答本身即兩節非同一需求之逐句證據。verdict 判為 `not-sibling`
2.4	16.3	deferred	true	vocab	129	**依 41 §3 規則三入表（42 §2 之全量重建）。** 兩節皆未生成，現在判無處可用 —— sibling 判定之用途是寫 TC 時決定 `duplicate_of`／`distinguishing_axis`（§4.6）。其所屬組生成之日連同其他候選一併判定。**`deferred` 不是 `not-sibling`**：前者是「尚未問」，後者是「問過了，答案是否」
2.4	16.4	deferred	true	vocab	129	**依 41 §3 規則三入表（42 §2 之全量重建）。** 兩節皆未生成，現在判無處可用 —— sibling 判定之用途是寫 TC 時決定 `duplicate_of`／`distinguishing_axis`（§4.6）。其所屬組生成之日連同其他候選一併判定。**`deferred` 不是 `not-sibling`**：前者是「尚未問」，後者是「問過了，答案是否」
2.4	16.5	deferred	true	vocab	129	**依 41 §3 規則三入表（42 §2 之全量重建）。** 兩節皆未生成，現在判無處可用 —— sibling 判定之用途是寫 TC 時決定 `duplicate_of`／`distinguishing_axis`（§4.6）。其所屬組生成之日連同其他候選一併判定。**`deferred` 不是 `not-sibling`**：前者是「尚未問」，後者是「問過了，答案是否」
2.4	16.7	not-sibling	false	vocab	129	**43 §1 之重新確認（批次 9 使 `Climate Modes` 六節落地）。** 非 §4.6 sibling —— ch16 為 EMEA ICS 之另一套介面，兩者**不共存於同一車輛**（本批全部 26 條皆帶 EMEA 排除式 PC）。**新證據**：兩側 TC 皆已產出，且本批 26 條之 `emea_ics_review` 已逐條指向 ch16 之具體句並記其 `yes`／`no`，**其中 6 條為 `no`** —— 該逐條答本身即兩節非同一需求之逐句證據。verdict 判為 `not-sibling`
2.4	16.8	deferred	true	vocab	129	**依 41 §3 規則三入表（42 §2 之全量重建）。** 兩節皆未生成，現在判無處可用 —— sibling 判定之用途是寫 TC 時決定 `duplicate_of`／`distinguishing_axis`（§4.6）。其所屬組生成之日連同其他候選一併判定。**`deferred` 不是 `not-sibling`**：前者是「尚未問」，後者是「問過了，答案是否」
2.4	16.9	deferred	true	via-hierarchy	129	**本對僅因階層關係而成為候選（43 §2，`source = via-hierarchy`）。** `16.9` 與 `2.4` 之詞彙集**無交集**；其共有語彙 ['DEFROST'] 係由特化詞導出之泛化詞（表：`AUTO ECO` → `AUTO`, `ECO HVAC` → `HVAC`, `FRONT DEF` → `DEFROST`, `MAX A/C` → `A/C`, `MAX DEF` → `DEFROST`, `REAR DEF` → `DEFROST`）。**階層不是等價** —— 每個 AUTO ECO 都是 AUTO，但 AUTO 不必然是 AUTO ECO，故本表單向且其輸出另標來源，不併入等價組。共有語彙為**低頻詞**，無既有類級判定可沿用，故記 `deferred`（尚未問）而非類級 verdict —— 對一個沒有類的詞給類級 verdict，等於宣稱一個沒有人做過的判定。
2.4	17.2	not-sibling	false	vocab	129	**43 §1 之重新確認（批次 9 使 `Climate Modes` 六節落地）。** 非 sibling —— `17.2` 驗「該元素在**首頁 widget** 上存在且可操作」，本批各節驗「該功能在 **climate 主畫面**上之行為」，可觀察量分屬兩個介面。**新證據**：兩側 TC 皆已產出，`-118`～`-124` 之 ER 一律停在「widget 顯示該元素」與「按下後改變狀態」，刻意不驗行為規則。verdict 判為 `not-sibling`
2.4	2.12.2	deferred	true	vocab	129	**依 41 §3 規則三入表（42 §2 之全量重建）。** 兩節皆未生成，現在判無處可用 —— sibling 判定之用途是寫 TC 時決定 `duplicate_of`／`distinguishing_axis`（§4.6）。其所屬組生成之日連同其他候選一併判定。**`deferred` 不是 `not-sibling`**：前者是「尚未問」，後者是「問過了，答案是否」
2.4	2.14	not-sibling	false	vocab	129	**43 §1 之重新確認（批次 9 使 `Climate Modes` 六節落地）。** 非 sibling —— 兩節同屬 ch2 而分屬不同 Test Set，各述不同功能（AUTO／A-C／RECIRC／climate off／SYNC／MAX A-C vs 對造節之主題），共有語彙為控制名之字面巧合。**新證據**：兩側 TC 皆已產出，逐條比對其 `expected_result` 無共用可觀察量。verdict 判為 `not-sibling`
2.4	2.15	deferred	true	vocab	129	**依 41 §3 規則三入表（42 §2 之全量重建）。** 兩節皆未生成，現在判無處可用 —— sibling 判定之用途是寫 TC 時決定 `duplicate_of`／`distinguishing_axis`（§4.6）。其所屬組生成之日連同其他候選一併判定。**`deferred` 不是 `not-sibling`**：前者是「尚未問」，後者是「問過了，答案是否」
2.4	2.7	not-sibling	false	vocab	129	**43 §1 之重新確認（批次 9 使 `Climate Modes` 六節落地）。** 非 sibling —— 兩節同屬 ch2 而分屬不同 Test Set，各述不同功能（AUTO／A-C／RECIRC／climate off／SYNC／MAX A-C vs 對造節之主題），共有語彙為控制名之字面巧合。**新證據**：兩側 TC 皆已產出，逐條比對其 `expected_result` 無共用可觀察量。verdict 判為 `not-sibling`
2.4	2.8	deferred	true	vocab	129	**依 41 §3 規則三入表（42 §2 之全量重建）。** 兩節皆未生成，現在判無處可用 —— sibling 判定之用途是寫 TC 時決定 `duplicate_of`／`distinguishing_axis`（§4.6）。其所屬組生成之日連同其他候選一併判定。**`deferred` 不是 `not-sibling`**：前者是「尚未問」，後者是「問過了，答案是否」
2.4	2.9	deferred	true	vocab	129	**依 41 §3 規則三入表（42 §2 之全量重建）。** 兩節皆未生成，現在判無處可用 —— sibling 判定之用途是寫 TC 時決定 `duplicate_of`／`distinguishing_axis`（§4.6）。其所屬組生成之日連同其他候選一併判定。**`deferred` 不是 `not-sibling`**：前者是「尚未問」，後者是「問過了，答案是否」
2.4	3.2	not-sibling	false	vocab	129	**43 §1 之重新確認（批次 9 使 `Climate Modes` 六節落地）。** 非 sibling —— ch3（Tri-Mode／MAX DEF／MAX A/C 之 climate off 可用性）與本批各節分屬不同功能。**新證據**：兩側 TC 皆已產出，逐條比對其 `expected_result` 無共用可觀察量（唯一之真 sibling `2.10 ↔ 3.3` 已另判）。verdict 判為 `not-sibling`
2.4	3.3	not-sibling	false	via-hierarchy	129	**43 §1 之重新確認（批次 9 使 `Climate Modes` 六節落地）。** 非 sibling —— ch3（Tri-Mode／MAX DEF／MAX A/C 之 climate off 可用性）與本批各節分屬不同功能。**新證據**：兩側 TC 皆已產出，逐條比對其 `expected_result` 無共用可觀察量（唯一之真 sibling `2.10 ↔ 3.3` 已另判）。verdict 判為 `not-sibling`
2.4	3.4	not-sibling	false	via-hierarchy	129	**43 §1 之重新確認（批次 9 使 `Climate Modes` 六節落地）。** 非 sibling —— ch3（Tri-Mode／MAX DEF／MAX A/C 之 climate off 可用性）與本批各節分屬不同功能。**新證據**：兩側 TC 皆已產出，逐條比對其 `expected_result` 無共用可觀察量（唯一之真 sibling `2.10 ↔ 3.3` 已另判）。verdict 判為 `not-sibling`
2.4	7.2	deferred	true	vocab	129	**依 41 §3 規則三入表（42 §2 之全量重建）。** 兩節皆未生成，現在判無處可用 —— sibling 判定之用途是寫 TC 時決定 `duplicate_of`／`distinguishing_axis`（§4.6）。其所屬組生成之日連同其他候選一併判定。**`deferred` 不是 `not-sibling`**：前者是「尚未問」，後者是「問過了，答案是否」
2.4	7.5	deferred	true	vocab	129	**依 41 §3 規則三入表（42 §2 之全量重建）。** 兩節皆未生成，現在判無處可用 —— sibling 判定之用途是寫 TC 時決定 `duplicate_of`／`distinguishing_axis`（§4.6）。其所屬組生成之日連同其他候選一併判定。**`deferred` 不是 `not-sibling`**：前者是「尚未問」，後者是「問過了，答案是否」
2.4	7.8	deferred	true	vocab	129	**依 41 §3 規則三入表（42 §2 之全量重建）。** 兩節皆未生成，現在判無處可用 —— sibling 判定之用途是寫 TC 時決定 `duplicate_of`／`distinguishing_axis`（§4.6）。其所屬組生成之日連同其他候選一併判定。**`deferred` 不是 `not-sibling`**：前者是「尚未問」，後者是「問過了，答案是否」
2.4	7.9	deferred	true	vocab	129	**依 41 §3 規則三入表（42 §2 之全量重建）。** 兩節皆未生成，現在判無處可用 —— sibling 判定之用途是寫 TC 時決定 `duplicate_of`／`distinguishing_axis`（§4.6）。其所屬組生成之日連同其他候選一併判定。**`deferred` 不是 `not-sibling`**：前者是「尚未問」，後者是「問過了，答案是否」
2.4	9.2	deferred	true	vocab	129	**依 41 §3 規則三入表（42 §2 之全量重建）。** 兩節皆未生成，現在判無處可用 —— sibling 判定之用途是寫 TC 時決定 `duplicate_of`／`distinguishing_axis`（§4.6）。其所屬組生成之日連同其他候選一併判定。**`deferred` 不是 `not-sibling`**：前者是「尚未問」，後者是「問過了，答案是否」
2.5	16.10	deferred	true	vocab	129	**依 41 §3 規則三入表（42 §2 之全量重建）。** 兩節皆未生成，現在判無處可用 —— sibling 判定之用途是寫 TC 時決定 `duplicate_of`／`distinguishing_axis`（§4.6）。其所屬組生成之日連同其他候選一併判定。**`deferred` 不是 `not-sibling`**：前者是「尚未問」，後者是「問過了，答案是否」
2.5	16.13	deferred	true	vocab	129	**依 41 §3 規則三入表（42 §2 之全量重建）。** 兩節皆未生成，現在判無處可用 —— sibling 判定之用途是寫 TC 時決定 `duplicate_of`／`distinguishing_axis`（§4.6）。其所屬組生成之日連同其他候選一併判定。**`deferred` 不是 `not-sibling`**：前者是「尚未問」，後者是「問過了，答案是否」
2.5	16.2	not-sibling	false	vocab	129	**43 §1 之重新確認（批次 9 使 `Climate Modes` 六節落地）。** 非 §4.6 sibling —— ch16 為 EMEA ICS 之另一套介面，兩者**不共存於同一車輛**（本批全部 26 條皆帶 EMEA 排除式 PC）。**新證據**：兩側 TC 皆已產出，且本批 26 條之 `emea_ics_review` 已逐條指向 ch16 之具體句並記其 `yes`／`no`，**其中 6 條為 `no`** —— 該逐條答本身即兩節非同一需求之逐句證據。verdict 判為 `not-sibling`
2.5	16.3	deferred	true	vocab	129	**依 41 §3 規則三入表（42 §2 之全量重建）。** 兩節皆未生成，現在判無處可用 —— sibling 判定之用途是寫 TC 時決定 `duplicate_of`／`distinguishing_axis`（§4.6）。其所屬組生成之日連同其他候選一併判定。**`deferred` 不是 `not-sibling`**：前者是「尚未問」，後者是「問過了，答案是否」
2.5	16.4	deferred	true	vocab	129	**依 41 §3 規則三入表（42 §2 之全量重建）。** 兩節皆未生成，現在判無處可用 —— sibling 判定之用途是寫 TC 時決定 `duplicate_of`／`distinguishing_axis`（§4.6）。其所屬組生成之日連同其他候選一併判定。**`deferred` 不是 `not-sibling`**：前者是「尚未問」，後者是「問過了，答案是否」
2.5	16.5	deferred	true	vocab	129	**依 41 §3 規則三入表（42 §2 之全量重建）。** 兩節皆未生成，現在判無處可用 —— sibling 判定之用途是寫 TC 時決定 `duplicate_of`／`distinguishing_axis`（§4.6）。其所屬組生成之日連同其他候選一併判定。**`deferred` 不是 `not-sibling`**：前者是「尚未問」，後者是「問過了，答案是否」
2.5	16.8	deferred	true	vocab	129	**依 41 §3 規則三入表（42 §2 之全量重建）。** 兩節皆未生成，現在判無處可用 —— sibling 判定之用途是寫 TC 時決定 `duplicate_of`／`distinguishing_axis`（§4.6）。其所屬組生成之日連同其他候選一併判定。**`deferred` 不是 `not-sibling`**：前者是「尚未問」，後者是「問過了，答案是否」
2.5	17.2	not-sibling	false	via-hierarchy	129	**43 §1 之重新確認（批次 9 使 `Climate Modes` 六節落地）。** 非 sibling —— `17.2` 驗「該元素在**首頁 widget** 上存在且可操作」，本批各節驗「該功能在 **climate 主畫面**上之行為」，可觀察量分屬兩個介面。**新證據**：兩側 TC 皆已產出，`-118`～`-124` 之 ER 一律停在「widget 顯示該元素」與「按下後改變狀態」，刻意不驗行為規則。verdict 判為 `not-sibling`
2.5	2.8	deferred	true	vocab	129	**依 41 §3 規則三入表（42 §2 之全量重建）。** 兩節皆未生成，現在判無處可用 —— sibling 判定之用途是寫 TC 時決定 `duplicate_of`／`distinguishing_axis`（§4.6）。其所屬組生成之日連同其他候選一併判定。**`deferred` 不是 `not-sibling`**：前者是「尚未問」，後者是「問過了，答案是否」
2.5	3.2	not-sibling	false	vocab	129	**43 §1 之重新確認（批次 9 使 `Climate Modes` 六節落地）。** 非 sibling —— ch3（Tri-Mode／MAX DEF／MAX A/C 之 climate off 可用性）與本批各節分屬不同功能。**新證據**：兩側 TC 皆已產出，逐條比對其 `expected_result` 無共用可觀察量（唯一之真 sibling `2.10 ↔ 3.3` 已另判）。verdict 判為 `not-sibling`
2.5	7.9	deferred	true	vocab	129	**依 41 §3 規則三入表（42 §2 之全量重建）。** 兩節皆未生成，現在判無處可用 —— sibling 判定之用途是寫 TC 時決定 `duplicate_of`／`distinguishing_axis`（§4.6）。其所屬組生成之日連同其他候選一併判定。**`deferred` 不是 `not-sibling`**：前者是「尚未問」，後者是「問過了，答案是否」
2.5.1	10.2	not-sibling	true	vocab	129	[逐對] **ch10 為 ch2 AUTO 之外加狀態，非其重述** —— ch10 自身以委派字面回指 ch2：10.5 `see standard ICE AUTO logics`、10.6 `deselect airflow modes as in standard AUTO mode`、10.9.1 `an additional info text compared to the standard ICE AUTO pop up`。**委派不是重述**（此即 `2.3 ↔ 7.2` 之反面：CR2 逐字重寫 C2，EH 各條指回 C2）（41 §3 規則二：一節已生成、一節未生成）
2.5.1	10.3	not-broken-by-3-samples (class)	true	via-hierarchy	129	**本對僅因階層關係而成為候選（43 §2，`source = via-hierarchy`）。** `10.3` 與 `2.5.1` 之詞彙集**無交集**；其共有語彙 ['AUTO'] 係由特化詞導出之泛化詞（表：`AUTO ECO` → `AUTO`, `ECO HVAC` → `HVAC`, `MAX A/C` → `A/C`, `MAX DEF` → `DEFROST`, `REAR DEF` → `DEFROST`）。**階層不是等價** —— 每個 AUTO ECO 都是 AUTO，但 AUTO 不必然是 AUTO ECO，故本表單向且其輸出另標來源，不併入等價組。依 43 §2，**不逐對**，沿用該高頻詞之類級處置；其效力同 41 §4：三對抽樣足以破類、不足以證類，所屬節生成之日轉為逐對判定。
2.5.1	10.4	not-sibling	true	vocab	129	[逐對] **ch10 為 ch2 AUTO 之外加狀態，非其重述** —— ch10 自身以委派字面回指 ch2：10.5 `see standard ICE AUTO logics`、10.6 `deselect airflow modes as in standard AUTO mode`、10.9.1 `an additional info text compared to the standard ICE AUTO pop up`。**委派不是重述**（此即 `2.3 ↔ 7.2` 之反面：CR2 逐字重寫 C2，EH 各條指回 C2）（41 §3 規則二：一節已生成、一節未生成）
2.5.1	10.5	not-sibling	true	vocab	129	[逐對] **ch10 為 ch2 AUTO 之外加狀態，非其重述** —— ch10 自身以委派字面回指 ch2：10.5 `see standard ICE AUTO logics`、10.6 `deselect airflow modes as in standard AUTO mode`、10.9.1 `an additional info text compared to the standard ICE AUTO pop up`。**委派不是重述**（此即 `2.3 ↔ 7.2` 之反面：CR2 逐字重寫 C2，EH 各條指回 C2）（41 §3 規則二：一節已生成、一節未生成）
2.5.1	10.6	not-sibling	true	vocab	129	[逐對] **ch10 為 ch2 AUTO 之外加狀態，非其重述** —— ch10 自身以委派字面回指 ch2：10.5 `see standard ICE AUTO logics`、10.6 `deselect airflow modes as in standard AUTO mode`、10.9.1 `an additional info text compared to the standard ICE AUTO pop up`。**委派不是重述**（此即 `2.3 ↔ 7.2` 之反面：CR2 逐字重寫 C2，EH 各條指回 C2）（41 §3 規則二：一節已生成、一節未生成）
2.5.1	10.7	not-sibling	true	vocab	129	[逐對] **ch10 為 ch2 AUTO 之外加狀態，非其重述** —— ch10 自身以委派字面回指 ch2：10.5 `see standard ICE AUTO logics`、10.6 `deselect airflow modes as in standard AUTO mode`、10.9.1 `an additional info text compared to the standard ICE AUTO pop up`。**委派不是重述**（此即 `2.3 ↔ 7.2` 之反面：CR2 逐字重寫 C2，EH 各條指回 C2）（41 §3 規則二：一節已生成、一節未生成）
2.5.1	10.8	not-sibling	true	vocab	129	[逐對] **ch10 為 ch2 AUTO 之外加狀態，非其重述** —— ch10 自身以委派字面回指 ch2：10.5 `see standard ICE AUTO logics`、10.6 `deselect airflow modes as in standard AUTO mode`、10.9.1 `an additional info text compared to the standard ICE AUTO pop up`。**委派不是重述**（此即 `2.3 ↔ 7.2` 之反面：CR2 逐字重寫 C2，EH 各條指回 C2）（41 §3 規則二：一節已生成、一節未生成）
2.5.1	10.9	not-sibling	true	vocab	129	[逐對] **ch10 為 ch2 AUTO 之外加狀態，非其重述** —— ch10 自身以委派字面回指 ch2：10.5 `see standard ICE AUTO logics`、10.6 `deselect airflow modes as in standard AUTO mode`、10.9.1 `an additional info text compared to the standard ICE AUTO pop up`。**委派不是重述**（此即 `2.3 ↔ 7.2` 之反面：CR2 逐字重寫 C2，EH 各條指回 C2）（41 §3 規則二：一節已生成、一節未生成）
2.5.1	10.9.1	not-sibling	true	vocab	129	[逐對] **ch10 為 ch2 AUTO 之外加狀態，非其重述** —— ch10 自身以委派字面回指 ch2：10.5 `see standard ICE AUTO logics`、10.6 `deselect airflow modes as in standard AUTO mode`、10.9.1 `an additional info text compared to the standard ICE AUTO pop up`。**委派不是重述**（此即 `2.3 ↔ 7.2` 之反面：CR2 逐字重寫 C2，EH 各條指回 C2）（41 §3 規則二：一節已生成、一節未生成）
2.5.1	11.5	deferred	true	vocab	129	**依 41 §3 規則三入表（42 §2 之全量重建）。** 兩節皆未生成，現在判無處可用 —— sibling 判定之用途是寫 TC 時決定 `duplicate_of`／`distinguishing_axis`（§4.6）。其所屬組生成之日連同其他候選一併判定。**`deferred` 不是 `not-sibling`**：前者是「尚未問」，後者是「問過了，答案是否」
2.5.1	12.6	deferred	true	vocab	129	**依 41 §3 規則三入表（42 §2 之全量重建）。** 兩節皆未生成，現在判無處可用 —— sibling 判定之用途是寫 TC 時決定 `duplicate_of`／`distinguishing_axis`（§4.6）。其所屬組生成之日連同其他候選一併判定。**`deferred` 不是 `not-sibling`**：前者是「尚未問」，後者是「問過了，答案是否」
2.5.1	14.19	deferred	true	vocab	129	**依 41 §3 規則三入表（42 §2 之全量重建）。** 兩節皆未生成，現在判無處可用 —— sibling 判定之用途是寫 TC 時決定 `duplicate_of`／`distinguishing_axis`（§4.6）。其所屬組生成之日連同其他候選一併判定。**`deferred` 不是 `not-sibling`**：前者是「尚未問」，後者是「問過了，答案是否」
2.5.1	15.1	deferred	true	vocab	129	**依 41 §3 規則三入表（42 §2 之全量重建）。** 兩節皆未生成，現在判無處可用 —— sibling 判定之用途是寫 TC 時決定 `duplicate_of`／`distinguishing_axis`（§4.6）。其所屬組生成之日連同其他候選一併判定。**`deferred` 不是 `not-sibling`**：前者是「尚未問」，後者是「問過了，答案是否」
2.5.1	16.10	deferred	true	vocab	129	**依 41 §3 規則三入表（42 §2 之全量重建）。** 兩節皆未生成，現在判無處可用 —— sibling 判定之用途是寫 TC 時決定 `duplicate_of`／`distinguishing_axis`（§4.6）。其所屬組生成之日連同其他候選一併判定。**`deferred` 不是 `not-sibling`**：前者是「尚未問」，後者是「問過了，答案是否」
2.5.1	16.13	deferred	true	vocab	129	**依 41 §3 規則三入表（42 §2 之全量重建）。** 兩節皆未生成，現在判無處可用 —— sibling 判定之用途是寫 TC 時決定 `duplicate_of`／`distinguishing_axis`（§4.6）。其所屬組生成之日連同其他候選一併判定。**`deferred` 不是 `not-sibling`**：前者是「尚未問」，後者是「問過了，答案是否」
2.5.1	16.14	deferred	true	vocab	129	**依 41 §3 規則三入表（42 §2 之全量重建）。** 兩節皆未生成，現在判無處可用 —— sibling 判定之用途是寫 TC 時決定 `duplicate_of`／`distinguishing_axis`（§4.6）。其所屬組生成之日連同其他候選一併判定。**`deferred` 不是 `not-sibling`**：前者是「尚未問」，後者是「問過了，答案是否」
2.5.1	16.2	deferred	true	vocab	129	**依 41 §3 規則三入表（42 §2 之全量重建）。** 兩節皆未生成，現在判無處可用 —— sibling 判定之用途是寫 TC 時決定 `duplicate_of`／`distinguishing_axis`（§4.6）。其所屬組生成之日連同其他候選一併判定。**`deferred` 不是 `not-sibling`**：前者是「尚未問」，後者是「問過了，答案是否」
2.5.1	16.3	deferred	true	vocab	129	**依 41 §3 規則三入表（42 §2 之全量重建）。** 兩節皆未生成，現在判無處可用 —— sibling 判定之用途是寫 TC 時決定 `duplicate_of`／`distinguishing_axis`（§4.6）。其所屬組生成之日連同其他候選一併判定。**`deferred` 不是 `not-sibling`**：前者是「尚未問」，後者是「問過了，答案是否」
2.5.1	16.4	deferred	true	vocab	129	**依 41 §3 規則三入表（42 §2 之全量重建）。** 兩節皆未生成，現在判無處可用 —— sibling 判定之用途是寫 TC 時決定 `duplicate_of`／`distinguishing_axis`（§4.6）。其所屬組生成之日連同其他候選一併判定。**`deferred` 不是 `not-sibling`**：前者是「尚未問」，後者是「問過了，答案是否」
2.5.1	16.5	deferred	true	vocab	129	**依 41 §3 規則三入表（42 §2 之全量重建）。** 兩節皆未生成，現在判無處可用 —— sibling 判定之用途是寫 TC 時決定 `duplicate_of`／`distinguishing_axis`（§4.6）。其所屬組生成之日連同其他候選一併判定。**`deferred` 不是 `not-sibling`**：前者是「尚未問」，後者是「問過了，答案是否」
2.5.1	16.7	deferred	true	vocab	129	**依 41 §3 規則三入表（42 §2 之全量重建）。** 兩節皆未生成，現在判無處可用 —— sibling 判定之用途是寫 TC 時決定 `duplicate_of`／`distinguishing_axis`（§4.6）。其所屬組生成之日連同其他候選一併判定。**`deferred` 不是 `not-sibling`**：前者是「尚未問」，後者是「問過了，答案是否」
2.5.1	16.8	deferred	true	vocab	129	**依 41 §3 規則三入表（42 §2 之全量重建）。** 兩節皆未生成，現在判無處可用 —— sibling 判定之用途是寫 TC 時決定 `duplicate_of`／`distinguishing_axis`（§4.6）。其所屬組生成之日連同其他候選一併判定。**`deferred` 不是 `not-sibling`**：前者是「尚未問」，後者是「問過了，答案是否」
2.5.1	17.2	deferred	true	vocab	129	**依 41 §3 規則三入表（42 §2 之全量重建）。** 兩節皆未生成，現在判無處可用 —— sibling 判定之用途是寫 TC 時決定 `duplicate_of`／`distinguishing_axis`（§4.6）。其所屬組生成之日連同其他候選一併判定。**`deferred` 不是 `not-sibling`**：前者是「尚未問」，後者是「問過了，答案是否」
2.5.1	2.14	not-sibling	true	vocab	129	[逐對] 同章不同 Test Set，兩節分述不同功能（MTC 之界定、風速值域、dual AUTO、A/C、3 狀態 recirc、Defrost）。共有語彙 `AUTO`／`MODE` 出現於各自之連動子句，非同一可觀察量（41 §3 規則二：一節已生成、一節未生成）
2.5.1	2.7	not-sibling	true	vocab	129	[逐對] 同章不同 Test Set，兩節分述不同功能（MTC 之界定、風速值域、dual AUTO、A/C、3 狀態 recirc、Defrost）。共有語彙 `AUTO`／`MODE` 出現於各自之連動子句，非同一可觀察量（41 §3 規則二：一節已生成、一節未生成）
2.5.1	2.8	deferred	true	vocab	129	**依 41 §3 規則三入表（42 §2 之全量重建）。** 兩節皆未生成，現在判無處可用 —— sibling 判定之用途是寫 TC 時決定 `duplicate_of`／`distinguishing_axis`（§4.6）。其所屬組生成之日連同其他候選一併判定。**`deferred` 不是 `not-sibling`**：前者是「尚未問」，後者是「問過了，答案是否」
2.5.1	3.2	not-sibling	true	vocab	129	[逐對] 共有 ['AUTO', 'RECIRC']。共有者為控制名，兩節各定義不同需求（同章不同組）
2.5.1	7.2	deferred	true	vocab	129	**依 41 §3 規則三入表（42 §2 之全量重建）。** 兩節皆未生成，現在判無處可用 —— sibling 判定之用途是寫 TC 時決定 `duplicate_of`／`distinguishing_axis`（§4.6）。其所屬組生成之日連同其他候選一併判定。**`deferred` 不是 `not-sibling`**：前者是「尚未問」，後者是「問過了，答案是否」
2.5.1	7.5	deferred	true	vocab	129	**依 41 §3 規則三入表（42 §2 之全量重建）。** 兩節皆未生成，現在判無處可用 —— sibling 判定之用途是寫 TC 時決定 `duplicate_of`／`distinguishing_axis`（§4.6）。其所屬組生成之日連同其他候選一併判定。**`deferred` 不是 `not-sibling`**：前者是「尚未問」，後者是「問過了，答案是否」
2.5.1	7.8	deferred	true	vocab	129	**依 41 §3 規則三入表（42 §2 之全量重建）。** 兩節皆未生成，現在判無處可用 —— sibling 判定之用途是寫 TC 時決定 `duplicate_of`／`distinguishing_axis`（§4.6）。其所屬組生成之日連同其他候選一併判定。**`deferred` 不是 `not-sibling`**：前者是「尚未問」，後者是「問過了，答案是否」
2.5.1	9.2	deferred	true	vocab	129	**依 41 §3 規則三入表（42 §2 之全量重建）。** 兩節皆未生成，現在判無處可用 —— sibling 判定之用途是寫 TC 時決定 `duplicate_of`／`distinguishing_axis`（§4.6）。其所屬組生成之日連同其他候選一併判定。**`deferred` 不是 `not-sibling`**：前者是「尚未問」，後者是「問過了，答案是否」
2.6	11.1	not-sibling	true	vocab	129	[逐對] 共有 ['HI', 'LO']。座椅／方向盤加熱之 HI／LO 為**層級名稱**，與溫度之 HI／LO 同形異義；FAN 亦指座椅送風而非氣候風量
2.6	11.11	not-broken-by-3-samples (class)	true	vocab	129	**類級判定，措辭依 41 §4 訂正。** 原記 `not-sibling (class)` 為過度陳述：本類之依據為三對抽樣未破，而三對之力度**足以破類，不足以證類**（R-C37：一個反例即證偽，N 個正例不證真）。本對尚未逐對判定；依 41 §3 規則二／三，其所屬節生成之日轉為逐對判定，類級判定不因曾通過而免除。[類級 `TEMPERATURE`] `TEMPERATURE` 為泛用控制名，前後排、ATC／MTC 各章皆含之。**類級判定之效力低於逐對判定** —— 日後若本類中發現真 sibling，本類之判定即失效。抽樣覆核見上繳 29 §3.3
2.6	11.11.1	not-broken-by-3-samples (class)	true	vocab	129	**類級判定，措辭依 41 §4 訂正。** 原記 `not-sibling (class)` 為過度陳述：本類之依據為三對抽樣未破，而三對之力度**足以破類，不足以證類**（R-C37：一個反例即證偽，N 個正例不證真）。本對尚未逐對判定；依 41 §3 規則二／三，其所屬節生成之日轉為逐對判定，類級判定不因曾通過而免除。[類級 `TEMPERATURE`] `TEMPERATURE` 為泛用控制名，前後排、ATC／MTC 各章皆含之。**類級判定之效力低於逐對判定** —— 日後若本類中發現真 sibling，本類之判定即失效。抽樣覆核見上繳 29 §3.3
2.6	11.2	not-sibling	true	vocab	129	[逐對] 共有 ['HI', 'LO']。座椅／方向盤加熱之 HI／LO 為**層級名稱**，與溫度之 HI／LO 同形異義；FAN 亦指座椅送風而非氣候風量
2.6	11.8	not-sibling	true	vocab	129	[逐對] 共有 ['HI', 'LO']。座椅／方向盤加熱之 HI／LO 為**層級名稱**，與溫度之 HI／LO 同形異義；FAN 亦指座椅送風而非氣候風量
2.6	12.1	not-sibling	true	vocab	129	[逐對] 共有 ['HI', 'LO']。座椅／方向盤加熱之 HI／LO 為**層級名稱**，與溫度之 HI／LO 同形異義；FAN 亦指座椅送風而非氣候風量
2.6	12.2	not-sibling	true	vocab	129	[逐對] 共有 ['HI', 'LO']。座椅／方向盤加熱之 HI／LO 為**層級名稱**，與溫度之 HI／LO 同形異義；FAN 亦指座椅送風而非氣候風量
2.6	12.8	not-sibling	true	vocab	129	[逐對] 共有 ['HI', 'LO']。座椅／方向盤加熱之 HI／LO 為**層級名稱**，與溫度之 HI／LO 同形異義；FAN 亦指座椅送風而非氣候風量
2.6	12.9	not-sibling	true	vocab	129	[逐對] 共有 ['HI', 'LO']。座椅／方向盤加熱之 HI／LO 為**層級名稱**，與溫度之 HI／LO 同形異義；FAN 亦指座椅送風而非氣候風量
2.6	14.13	not-broken-by-3-samples (class)	true	vocab	129	**類級判定，措辭依 41 §4 訂正。** 原記 `not-sibling (class)` 為過度陳述：本類之依據為三對抽樣未破，而三對之力度**足以破類，不足以證類**（R-C37：一個反例即證偽，N 個正例不證真）。本對尚未逐對判定；依 41 §3 規則二／三，其所屬節生成之日轉為逐對判定，類級判定不因曾通過而免除。[類級 `TEMPERATURE`] `TEMPERATURE` 為泛用控制名，前後排、ATC／MTC 各章皆含之。**類級判定之效力低於逐對判定** —— 日後若本類中發現真 sibling，本類之判定即失效。抽樣覆核見上繳 29 §3.3
2.6	14.17	not-broken-by-3-samples (class)	true	vocab	129	**類級判定，措辭依 41 §4 訂正。** 原記 `not-sibling (class)` 為過度陳述：本類之依據為三對抽樣未破，而三對之力度**足以破類，不足以證類**（R-C37：一個反例即證偽，N 個正例不證真）。本對尚未逐對判定；依 41 §3 規則二／三，其所屬節生成之日轉為逐對判定，類級判定不因曾通過而免除。[類級 `TEMPERATURE`] `TEMPERATURE` 為泛用控制名，前後排、ATC／MTC 各章皆含之。**類級判定之效力低於逐對判定** —— 日後若本類中發現真 sibling，本類之判定即失效。抽樣覆核見上繳 29 §3.3
2.6	14.19	not-broken-by-3-samples (class)	true	vocab	129	**類級判定，措辭依 41 §4 訂正。** 原記 `not-sibling (class)` 為過度陳述：本類之依據為三對抽樣未破，而三對之力度**足以破類，不足以證類**（R-C37：一個反例即證偽，N 個正例不證真）。本對尚未逐對判定；依 41 §3 規則二／三，其所屬節生成之日轉為逐對判定，類級判定不因曾通過而免除。[類級 `TEMPERATURE`] `TEMPERATURE` 為泛用控制名，前後排、ATC／MTC 各章皆含之。**類級判定之效力低於逐對判定** —— 日後若本類中發現真 sibling，本類之判定即失效。抽樣覆核見上繳 29 §3.3
2.6	16.11	not-sibling	true	vocab	129	[逐對] 共有 ['SYNC', 'TEMPERATURE']。鏡射關係而非 §4.6 sibling —— ch16 為 EMEA ICS 變體，兩者不會同時出現於同一車輛；該關係由 `ch16_mirror_map.tsv` 承載
2.6	16.13	not-sibling	true	vocab	129	[逐對] 共有 ['LO', 'SYNC', 'TEMPERATURE']。鏡射關係而非 §4.6 sibling —— ch16 為 EMEA ICS 變體，兩者不會同時出現於同一車輛；該關係由 `ch16_mirror_map.tsv` 承載
2.6	16.14	not-sibling	false	vocab	129	**42 §1 之重新確認（43 §1 修正觸發）。** 本對之兩節於 `ch16_mirror_map.tsv` 中**不互為對造**（16.14 之對造為 2.14），故非鏡射對亦非 sibling。**新證據**：16.14 之三條 TC 已產出（MTC 畫面／無離散溫度設定／無 AUTO 溫度控制），與本對之 ch2 側節次所驗者不重疊。verdict 維持
2.6	16.2	not-sibling	false	vocab	129	**42 §1 之重新確認（43 §1 修正觸發）。** 本對之兩節於 `ch16_mirror_map.tsv` 中**不互為對造**（16.2 之對造為 2.2），故非鏡射對亦非 sibling。**新證據**：16.2 之九條 TC 已產出，其可觀察量與本對之 ch2 側節次所驗者不重疊。verdict 維持
2.6	16.3	not-broken-by-3-samples (class)	true	vocab	129	**類級判定，措辭依 41 §4 訂正。** 原記 `not-sibling (class)` 為過度陳述：本類之依據為三對抽樣未破，而三對之力度**足以破類，不足以證類**（R-C37：一個反例即證偽，N 個正例不證真）。本對尚未逐對判定；依 41 §3 規則二／三，其所屬節生成之日轉為逐對判定，類級判定不因曾通過而免除。[類級 `TEMPERATURE`] `TEMPERATURE` 為泛用控制名，前後排、ATC／MTC 各章皆含之。**類級判定之效力低於逐對判定** —— 日後若本類中發現真 sibling，本類之判定即失效。抽樣覆核見上繳 29 §3.3
2.6	16.6	not-sibling	false	vocab	129	**43 §1 之重新確認（批次 7 使對造落地）。** `ch16_mirror_map.tsv` 之 `16.6 ↔ 2.6 mirrored` 對，**鏡射非 §4.6 sibling** —— 兩套介面不共存於同一車輛。**新證據：R-C36-1 之逐條指向已可 TC 對 TC 驗證** —— `emea_ics_per_tc.tsv` 之五筆 `yes` 全部落實：`-049`→`-099`（HI／LO 取代度數）、`-050`→`-102`（Metric 半度）、`-051`→`-101`（非氣候畫面之 popup）、`-052`→`-102`（四處同步）、`-048`→`-098`／`-099`／`-100`（值域與狀態位置）。五筆全成立，verdict 維持
2.6	16.6.1	not-sibling	false	vocab	129	**43 §1 之重新確認（批次 7 使對造落地）。** 本對之兩節於 `ch16_mirror_map.tsv` 中**不互為對造**（16.6 之對造為 2.6、16.6.1 為 2.6.1、16.7 為 2.7、16.17 為 2.16），故非鏡射對亦非 sibling。**新證據**：兩側 TC 皆已產出，逐條比對無共用之可觀察量。verdict 維持
2.6	16.8	not-sibling	true	vocab	129	[逐對] 共有 ['HI', 'SYNC', 'TEMPERATURE']。鏡射關係而非 §4.6 sibling —— ch16 為 EMEA ICS 變體，兩者不會同時出現於同一車輛；該關係由 `ch16_mirror_map.tsv` 承載
2.6	17.2	not-sibling	false	vocab	129	**43 §1 之重新確認（批次 8 使 17.2 落地）。** 非 sibling，且其分界正是本批之 §8.2.1 界線：**17.2 驗「該元素在 widget 上存在且可操作」，`2.6` 驗「溫度於 climate screen 上之行為」** —— 兩者之可觀察量分屬兩個介面（首頁 widget vs climate 主畫面），非同一需求。**新證據**：兩側 TC 皆已產出；`-116`～`-124` 之 ER 一律停在「widget 顯示該元素」與「按下後該元素改變狀態」，**刻意不驗其行為規則**，故與對造之 ER 無共用可觀察量
2.6	17.5	not-broken-by-3-samples (class)	true	vocab	129	**類級判定，措辭依 41 §4 訂正。** 原記 `not-sibling (class)` 為過度陳述：本類之依據為三對抽樣未破，而三對之力度**足以破類，不足以證類**（R-C37：一個反例即證偽，N 個正例不證真）。本對尚未逐對判定；依 41 §3 規則二／三，其所屬節生成之日轉為逐對判定，類級判定不因曾通過而免除。[類級 `TEMPERATURE`] `TEMPERATURE` 為泛用控制名，前後排、ATC／MTC 各章皆含之。**類級判定之效力低於逐對判定** —— 日後若本類中發現真 sibling，本類之判定即失效。抽樣覆核見上繳 29 §3.3
2.6	2.11	not-sibling	false	vocab	129	**43 §1 之重新確認（批次 9 使 `Climate Modes` 六節落地）。** 非 sibling —— 兩節同屬 ch2 而分屬不同 Test Set，各述不同功能（AUTO／A-C／RECIRC／climate off／SYNC／MAX A-C vs 對造節之主題），共有語彙為控制名之字面巧合。**新證據**：兩側 TC 皆已產出，逐條比對其 `expected_result` 無共用可觀察量。verdict 判為 `not-sibling`
2.6	2.14	not-sibling	false	vocab	129	[逐對，42 §1 之重新確認] C5 明寫 `for ATC systems`，C15 則以 `lack of discrete temperature settings and "Auto" control over the set temperature` 界定 MTC 之相異處。**兩者不是同一需求之 ATC／MTC 兩值** —— C15 只說 MTC 缺什麼，**未說 MTC 的溫度呈現是什麼**，故無第二個值可與 C5 對稱。**連帶記一項**：MTC 車輛之溫度呈現行為於全 spec 未述（第一軸之另一值無條文）
2.6	3.2	not-sibling	false	vocab	129	[逐對] 共有 ['HI', 'SYNC', 'TEMPERATURE']。共有者為控制名，兩節各定義不同需求（同章不同組）
2.6	7.1	not-broken-by-3-samples (class)	true	vocab	129	**類級判定，措辭依 41 §4 訂正。** 原記 `not-sibling (class)` 為過度陳述：本類之依據為三對抽樣未破，而三對之力度**足以破類，不足以證類**（R-C37：一個反例即證偽，N 個正例不證真）。本對尚未逐對判定；依 41 §3 規則二／三，其所屬節生成之日轉為逐對判定，類級判定不因曾通過而免除。[類級 `TEMPERATURE`] `TEMPERATURE` 為泛用控制名，前後排、ATC／MTC 各章皆含之。**類級判定之效力低於逐對判定** —— 日後若本類中發現真 sibling，本類之判定即失效。抽樣覆核見上繳 29 §3.3
2.6	7.1.1	not-broken-by-3-samples (class)	true	vocab	129	**類級判定，措辭依 41 §4 訂正。** 原記 `not-sibling (class)` 為過度陳述：本類之依據為三對抽樣未破，而三對之力度**足以破類，不足以證類**（R-C37：一個反例即證偽，N 個正例不證真）。本對尚未逐對判定；依 41 §3 規則二／三，其所屬節生成之日轉為逐對判定，類級判定不因曾通過而免除。[類級 `TEMPERATURE`] `TEMPERATURE` 為泛用控制名，前後排、ATC／MTC 各章皆含之。**類級判定之效力低於逐對判定** —— 日後若本類中發現真 sibling，本類之判定即失效。抽樣覆核見上繳 29 §3.3
2.6	7.10	not-broken-by-3-samples (class)	true	vocab	129	**類級判定，措辭依 41 §4 訂正。** 原記 `not-sibling (class)` 為過度陳述：本類之依據為三對抽樣未破，而三對之力度**足以破類，不足以證類**（R-C37：一個反例即證偽，N 個正例不證真）。本對尚未逐對判定；依 41 §3 規則二／三，其所屬節生成之日轉為逐對判定，類級判定不因曾通過而免除。[類級 `TEMPERATURE`] `TEMPERATURE` 為泛用控制名，前後排、ATC／MTC 各章皆含之。**類級判定之效力低於逐對判定** —— 日後若本類中發現真 sibling，本類之判定即失效。抽樣覆核見上繳 29 §3.3
2.6	7.2	not-broken-by-3-samples (class)	true	vocab	129	**類級判定，措辭依 41 §4 訂正。** 原記 `not-sibling (class)` 為過度陳述：本類之依據為三對抽樣未破，而三對之力度**足以破類，不足以證類**（R-C37：一個反例即證偽，N 個正例不證真）。本對尚未逐對判定；依 41 §3 規則二／三，其所屬節生成之日轉為逐對判定，類級判定不因曾通過而免除。[類級 `TEMPERATURE`] `TEMPERATURE` 為泛用控制名，前後排、ATC／MTC 各章皆含之。**類級判定之效力低於逐對判定** —— 日後若本類中發現真 sibling，本類之判定即失效。抽樣覆核見上繳 29 §3.3
2.6	7.4	sibling	true	vocab	129	[逐對] 共有 ['HI', 'LO', 'SYNC', 'TEMPERATURE']。CR4 逐句重述 C5 之溫度區間、HI/LO 取代度數、Metric 半度增量與四處呈現之一致性 —— 差異軸為前排 vs 後排 climate screen
2.6	7.7	not-sibling	true	vocab	129	[逐對] 共有 ['SYNC', 'TEMPERATURE']。前排／後排之不同需求 —— 共有者為控制名，兩節各自定義其所屬區之行為（本輪已逐節讀 7.1／7.1.1／7.2／7.4／7.5／7.7／7.8／9.2 全文，僅 7.4／7.5／7.7 判為 sibling）
2.6.1	11.11	not-broken-by-3-samples (class)	true	vocab	129	**類級判定，措辭依 41 §4 訂正。** 原記 `not-sibling (class)` 為過度陳述：本類之依據為三對抽樣未破，而三對之力度**足以破類，不足以證類**（R-C37：一個反例即證偽，N 個正例不證真）。本對尚未逐對判定；依 41 §3 規則二／三，其所屬節生成之日轉為逐對判定，類級判定不因曾通過而免除。[類級 `TEMPERATURE`] `TEMPERATURE` 為泛用控制名，前後排、ATC／MTC 各章皆含之。**類級判定之效力低於逐對判定** —— 日後若本類中發現真 sibling，本類之判定即失效。抽樣覆核見上繳 29 §3.3
2.6.1	11.11.1	not-broken-by-3-samples (class)	true	vocab	129	**類級判定，措辭依 41 §4 訂正。** 原記 `not-sibling (class)` 為過度陳述：本類之依據為三對抽樣未破，而三對之力度**足以破類，不足以證類**（R-C37：一個反例即證偽，N 個正例不證真）。本對尚未逐對判定；依 41 §3 規則二／三，其所屬節生成之日轉為逐對判定，類級判定不因曾通過而免除。[類級 `TEMPERATURE`] `TEMPERATURE` 為泛用控制名，前後排、ATC／MTC 各章皆含之。**類級判定之效力低於逐對判定** —— 日後若本類中發現真 sibling，本類之判定即失效。抽樣覆核見上繳 29 §3.3
2.6.1	14.13	not-broken-by-3-samples (class)	true	vocab	129	**類級判定，措辭依 41 §4 訂正。** 原記 `not-sibling (class)` 為過度陳述：本類之依據為三對抽樣未破，而三對之力度**足以破類，不足以證類**（R-C37：一個反例即證偽，N 個正例不證真）。本對尚未逐對判定；依 41 §3 規則二／三，其所屬節生成之日轉為逐對判定，類級判定不因曾通過而免除。[類級 `TEMPERATURE`] `TEMPERATURE` 為泛用控制名，前後排、ATC／MTC 各章皆含之。**類級判定之效力低於逐對判定** —— 日後若本類中發現真 sibling，本類之判定即失效。抽樣覆核見上繳 29 §3.3
2.6.1	14.17	not-broken-by-3-samples (class)	true	vocab	129	**類級判定，措辭依 41 §4 訂正。** 原記 `not-sibling (class)` 為過度陳述：本類之依據為三對抽樣未破，而三對之力度**足以破類，不足以證類**（R-C37：一個反例即證偽，N 個正例不證真）。本對尚未逐對判定；依 41 §3 規則二／三，其所屬節生成之日轉為逐對判定，類級判定不因曾通過而免除。[類級 `TEMPERATURE`] `TEMPERATURE` 為泛用控制名，前後排、ATC／MTC 各章皆含之。**類級判定之效力低於逐對判定** —— 日後若本類中發現真 sibling，本類之判定即失效。抽樣覆核見上繳 29 §3.3
2.6.1	14.19	not-broken-by-3-samples (class)	true	vocab	129	**類級判定，措辭依 41 §4 訂正。** 原記 `not-sibling (class)` 為過度陳述：本類之依據為三對抽樣未破，而三對之力度**足以破類，不足以證類**（R-C37：一個反例即證偽，N 個正例不證真）。本對尚未逐對判定；依 41 §3 規則二／三，其所屬節生成之日轉為逐對判定，類級判定不因曾通過而免除。[類級 `TEMPERATURE`] `TEMPERATURE` 為泛用控制名，前後排、ATC／MTC 各章皆含之。**類級判定之效力低於逐對判定** —— 日後若本類中發現真 sibling，本類之判定即失效。抽樣覆核見上繳 29 §3.3
2.6.1	16.11	not-sibling	true	vocab	129	同上，ICE10 為 C12 之 EMEA ICS 變體；其與 2.6.1 之語彙重疊來自 SYNC 一詞，非同一需求之兩處陳述
2.6.1	16.13	not-sibling	true	vocab	129	[逐對] 共有 ['SYNC', 'TEMPERATURE']。鏡射關係而非 §4.6 sibling —— ch16 為 EMEA ICS 變體，兩者不會同時出現於同一車輛；該關係由 `ch16_mirror_map.tsv` 承載
2.6.1	16.14	not-sibling	false	vocab	129	**42 §1 之重新確認（43 §1 修正觸發）。** 本對之兩節於 `ch16_mirror_map.tsv` 中**不互為對造**（16.14 之對造為 2.14），故非鏡射對亦非 sibling。**新證據**：16.14 之三條 TC 已產出（MTC 畫面／無離散溫度設定／無 AUTO 溫度控制），與本對之 ch2 側節次所驗者不重疊。verdict 維持
2.6.1	16.2	not-sibling	false	vocab	129	**42 §1 之重新確認（43 §1 修正觸發）。** 本對之兩節於 `ch16_mirror_map.tsv` 中**不互為對造**（16.2 之對造為 2.2），故非鏡射對亦非 sibling。**新證據**：16.2 之九條 TC 已產出，其可觀察量與本對之 ch2 側節次所驗者不重疊。verdict 維持
2.6.1	16.3	not-broken-by-3-samples (class)	true	vocab	129	**類級判定，措辭依 41 §4 訂正。** 原記 `not-sibling (class)` 為過度陳述：本類之依據為三對抽樣未破，而三對之力度**足以破類，不足以證類**（R-C37：一個反例即證偽，N 個正例不證真）。本對尚未逐對判定；依 41 §3 規則二／三，其所屬節生成之日轉為逐對判定，類級判定不因曾通過而免除。[類級 `TEMPERATURE`] `TEMPERATURE` 為泛用控制名，前後排、ATC／MTC 各章皆含之。**類級判定之效力低於逐對判定** —— 日後若本類中發現真 sibling，本類之判定即失效。抽樣覆核見上繳 29 §3.3
2.6.1	16.6	not-sibling	false	vocab	129	**43 §1 之重新確認（批次 7 使對造落地）。** 本對之兩節於 `ch16_mirror_map.tsv` 中**不互為對造**（16.6 之對造為 2.6、16.6.1 為 2.6.1、16.7 為 2.7、16.17 為 2.16），故非鏡射對亦非 sibling。**新證據**：兩側 TC 皆已產出，逐條比對無共用之可觀察量。verdict 維持
2.6.1	16.6.1	not-sibling	false	vocab	129	**43 §1 之重新確認（批次 7 使對造落地）。** `16.6.1 ↔ 2.6.1 mirrored` 對，鏡射非 sibling。**新證據**：六筆 `yes` 全部落實 —— `-053`→`-104`（SYNC 連動）、`-054`→`-105`（乘客側中斷 SYNC）、`-055`→`-106`（箭頭 1 增量）、`-056`→`-107`（長按快移含硬鍵）、`-057`→`-106`（滑桿跳值）、`-058`→`-108`（把手外之按壓忽略）。六筆全成立，verdict 維持
2.6.1	16.8	not-sibling	true	vocab	129	[逐對] 共有 ['SYNC', 'TEMPERATURE']。鏡射關係而非 §4.6 sibling —— ch16 為 EMEA ICS 變體，兩者不會同時出現於同一車輛；該關係由 `ch16_mirror_map.tsv` 承載
2.6.1	17.2	not-sibling	false	vocab	129	**43 §1 之重新確認（批次 8 使 17.2 落地）。** 非 sibling，且其分界正是本批之 §8.2.1 界線：**17.2 驗「該元素在 widget 上存在且可操作」，`2.6.1` 驗「溫度調整與 SYNC 連動於 climate screen 上之行為」** —— 兩者之可觀察量分屬兩個介面（首頁 widget vs climate 主畫面），非同一需求。**新證據**：兩側 TC 皆已產出；`-116`～`-124` 之 ER 一律停在「widget 顯示該元素」與「按下後該元素改變狀態」，**刻意不驗其行為規則**，故與對造之 ER 無共用可觀察量
2.6.1	17.5	not-broken-by-3-samples (class)	true	vocab	129	**類級判定，措辭依 41 §4 訂正。** 原記 `not-sibling (class)` 為過度陳述：本類之依據為三對抽樣未破，而三對之力度**足以破類，不足以證類**（R-C37：一個反例即證偽，N 個正例不證真）。本對尚未逐對判定；依 41 §3 規則二／三，其所屬節生成之日轉為逐對判定，類級判定不因曾通過而免除。[類級 `TEMPERATURE`] `TEMPERATURE` 為泛用控制名，前後排、ATC／MTC 各章皆含之。**類級判定之效力低於逐對判定** —— 日後若本類中發現真 sibling，本類之判定即失效。抽樣覆核見上繳 29 §3.3
2.6.1	2.11	sibling	false	vocab	129	**43 §1 之重新確認（批次 9 使 2.11 落地）。verdict 維持 `sibling`。** **新證據為 TC 對 TC**：`-053`／`-054`（2.6.1）與 `-150`／`-151`（2.11）四項嚴格等價（trigger／outcome／input／verification target）**全同** —— 兩對確為重複。惟 `2.6.1` 之其餘四條（箭頭增量、長按快移、跳值、把手判定）與 `2.11` 之 `-149`（SYNC 高亮）各自獨立，**故重複為逐條而非逐節**。`duplicate_of` 未設：§10.6 之該欄為**節級**且為工作簿列號，而此處之重複是**條級**（6 之 2 對 3 之 2），設之即宣稱整節重複，為假。已於兩節之 `distinguishing_axis` 具名分界，並列為上繳 35 §8.4 之待裁項
2.6.1	2.14	not-sibling	false	vocab	129	[逐對，42 §1 之重新確認] C5.1 述 SYNC 之溫度連動與滑桿／箭頭調整途徑，C15 述 MTC 之界定與 3 旋鈕 ICS 例外。C15 之 `Auto` 指 MTC 缺少「對設定溫度的 Auto 控制」，與 C5.1 全句無交集；共有語彙 `TEMPERATURE` 為字面巧合
2.6.1	3.2	not-sibling	false	vocab	129	[逐對] 共有 ['SYNC', 'TEMPERATURE']。共有者為控制名，兩節各定義不同需求（同章不同組）
2.6.1	7.1	not-broken-by-3-samples (class)	true	vocab	129	**類級判定，措辭依 41 §4 訂正。** 原記 `not-sibling (class)` 為過度陳述：本類之依據為三對抽樣未破，而三對之力度**足以破類，不足以證類**（R-C37：一個反例即證偽，N 個正例不證真）。本對尚未逐對判定；依 41 §3 規則二／三，其所屬節生成之日轉為逐對判定，類級判定不因曾通過而免除。[類級 `TEMPERATURE`] `TEMPERATURE` 為泛用控制名，前後排、ATC／MTC 各章皆含之。**類級判定之效力低於逐對判定** —— 日後若本類中發現真 sibling，本類之判定即失效。抽樣覆核見上繳 29 §3.3
2.6.1	7.1.1	not-broken-by-3-samples (class)	true	vocab	129	**類級判定，措辭依 41 §4 訂正。** 原記 `not-sibling (class)` 為過度陳述：本類之依據為三對抽樣未破，而三對之力度**足以破類，不足以證類**（R-C37：一個反例即證偽，N 個正例不證真）。本對尚未逐對判定；依 41 §3 規則二／三，其所屬節生成之日轉為逐對判定，類級判定不因曾通過而免除。[類級 `TEMPERATURE`] `TEMPERATURE` 為泛用控制名，前後排、ATC／MTC 各章皆含之。**類級判定之效力低於逐對判定** —— 日後若本類中發現真 sibling，本類之判定即失效。抽樣覆核見上繳 29 §3.3
2.6.1	7.10	not-broken-by-3-samples (class)	true	vocab	129	**類級判定，措辭依 41 §4 訂正。** 原記 `not-sibling (class)` 為過度陳述：本類之依據為三對抽樣未破，而三對之力度**足以破類，不足以證類**（R-C37：一個反例即證偽，N 個正例不證真）。本對尚未逐對判定；依 41 §3 規則二／三，其所屬節生成之日轉為逐對判定，類級判定不因曾通過而免除。[類級 `TEMPERATURE`] `TEMPERATURE` 為泛用控制名，前後排、ATC／MTC 各章皆含之。**類級判定之效力低於逐對判定** —— 日後若本類中發現真 sibling，本類之判定即失效。抽樣覆核見上繳 29 §3.3
2.6.1	7.2	not-broken-by-3-samples (class)	true	vocab	129	**類級判定，措辭依 41 §4 訂正。** 原記 `not-sibling (class)` 為過度陳述：本類之依據為三對抽樣未破，而三對之力度**足以破類，不足以證類**（R-C37：一個反例即證偽，N 個正例不證真）。本對尚未逐對判定；依 41 §3 規則二／三，其所屬節生成之日轉為逐對判定，類級判定不因曾通過而免除。[類級 `TEMPERATURE`] `TEMPERATURE` 為泛用控制名，前後排、ATC／MTC 各章皆含之。**類級判定之效力低於逐對判定** —— 日後若本類中發現真 sibling，本類之判定即失效。抽樣覆核見上繳 29 §3.3
2.6.1	7.4	sibling	true	vocab	129	[逐對] 共有 ['SYNC', 'TEMPERATURE']。CR4 亦逐句重述 C5.1 之箭頭 1 增量、長按快移、滑桿把手判定與 SYNC 連動；CR4 另含 500 ms 門檻而 C5.1 無（DR #21）
2.6.1	7.7	sibling	true	vocab	129	[逐對] 共有 ['SYNC', 'TEMPERATURE']。CR7 述 SYNC 之 on/off 與其連動並擴及後排（Fan speed and blower are sync'd front to back）
2.7	10.2	not-sibling	false	vocab	129	[逐對] **ch10 為 ch2 AUTO 之外加狀態，非其重述** —— ch10 自身以委派字面回指 ch2：10.5 `see standard ICE AUTO logics`、10.6 `deselect airflow modes as in standard AUTO mode`、10.9.1 `an additional info text compared to the standard ICE AUTO pop up`。**委派不是重述**（此即 `2.3 ↔ 7.2` 之反面：CR2 逐字重寫 C2，EH 各條指回 C2）（41 §3 規則一：兩節皆已生成）
2.7	10.3	not-sibling	false	via-hierarchy	129	[逐對，43 §1 之重新確認；候選身分來自階層 `AUTO ECO` → `AUTO`] C6 之 `AUTO` 是**風速指示器在 15h 時所顯示的值**（`15h (denoting to show AUTO instead)`），EH3 之 `AUTO ECO` 是**按鍵標籤**。兩個不同元件上的兩個字樣，非同一需求。**惟其交界值得記**：EH6「fan speed indication should denote that AUTO ECO is active」指出配備 ECO 之車上該風速指示所顯示者為 AUTO ECO 而非 AUTO —— 該交界由 10.6 之 leaf 承載，非本對
2.7	10.4	not-sibling	false	vocab	129	[逐對] **ch10 為 ch2 AUTO 之外加狀態，非其重述** —— ch10 自身以委派字面回指 ch2：10.5 `see standard ICE AUTO logics`、10.6 `deselect airflow modes as in standard AUTO mode`、10.9.1 `an additional info text compared to the standard ICE AUTO pop up`。**委派不是重述**（此即 `2.3 ↔ 7.2` 之反面：CR2 逐字重寫 C2，EH 各條指回 C2）（41 §3 規則一：兩節皆已生成）
2.7	10.5	not-sibling	false	vocab	129	[逐對] 共有 ['AUTO', 'FAN']。ch10 之 ECO 行為為 standard AUTO 之外加狀態，其對造為 2.3（standard AUTO）而非本對；共有語彙為控制名
2.7	10.6	not-sibling	false	vocab	129	[逐對] 共有 ['AUTO', 'FAN']。ch10 之 ECO 行為為 standard AUTO 之外加狀態，其對造為 2.3（standard AUTO）而非本對；共有語彙為控制名
2.7	10.7	not-sibling	false	vocab	129	[逐對] **ch10 為 ch2 AUTO 之外加狀態，非其重述** —— ch10 自身以委派字面回指 ch2：10.5 `see standard ICE AUTO logics`、10.6 `deselect airflow modes as in standard AUTO mode`、10.9.1 `an additional info text compared to the standard ICE AUTO pop up`。**委派不是重述**（此即 `2.3 ↔ 7.2` 之反面：CR2 逐字重寫 C2，EH 各條指回 C2）（41 §3 規則一：兩節皆已生成）
2.7	10.8	not-sibling	false	vocab	129	[逐對] **ch10 為 ch2 AUTO 之外加狀態，非其重述** —— ch10 自身以委派字面回指 ch2：10.5 `see standard ICE AUTO logics`、10.6 `deselect airflow modes as in standard AUTO mode`、10.9.1 `an additional info text compared to the standard ICE AUTO pop up`。**委派不是重述**（此即 `2.3 ↔ 7.2` 之反面：CR2 逐字重寫 C2，EH 各條指回 C2）（41 §3 規則一：兩節皆已生成）
2.7	10.9	not-sibling	false	vocab	129	[逐對] **ch10 為 ch2 AUTO 之外加狀態，非其重述** —— ch10 自身以委派字面回指 ch2：10.5 `see standard ICE AUTO logics`、10.6 `deselect airflow modes as in standard AUTO mode`、10.9.1 `an additional info text compared to the standard ICE AUTO pop up`。**委派不是重述**（此即 `2.3 ↔ 7.2` 之反面：CR2 逐字重寫 C2，EH 各條指回 C2）（41 §3 規則一：兩節皆已生成）
2.7	10.9.1	not-sibling	false	vocab	129	[逐對] **ch10 為 ch2 AUTO 之外加狀態，非其重述** —— ch10 自身以委派字面回指 ch2：10.5 `see standard ICE AUTO logics`、10.6 `deselect airflow modes as in standard AUTO mode`、10.9.1 `an additional info text compared to the standard ICE AUTO pop up`。**委派不是重述**（此即 `2.3 ↔ 7.2` 之反面：CR2 逐字重寫 C2，EH 各條指回 C2）（41 §3 規則一：兩節皆已生成）
2.7	11.2	not-broken-by-3-samples (class)	true	vocab	129	**類級判定，措辭依 41 §4 訂正。** 原記 `not-sibling (class)` 為過度陳述：本類之依據為三對抽樣未破，而三對之力度**足以破類，不足以證類**（R-C37：一個反例即證偽，N 個正例不證真）。本對尚未逐對判定；依 41 §3 規則二／三，其所屬節生成之日轉為逐對判定，類級判定不因曾通過而免除。[類級 `FAN`] `FAN` 為泛用控制名（且涵蓋座椅送風）；共有該詞不表示述及同一需求。**類級判定之效力低於逐對判定** —— 日後若本類中發現真 sibling，本類之判定即失效。抽樣覆核見上繳 29 §3.3
2.7	11.5	not-sibling	true	vocab	129	[逐對] **同形異義** —— ch11／ch12 之 `Auto` 出現於 HVS6 之 `Auto Comfort Settings options for heated/vented seats`（座椅之自動舒適設定），與 HVAC 之 AUTO 模式非同一功能；12.7 之 `FAN`／`MODE` 指 popup 圖片之版面規則，非風速或氣流模式本身。共有語彙為字面巧合（41 §3 規則二：一節已生成、一節未生成）
2.7	12.2	not-broken-by-3-samples (class)	true	vocab	129	**類級判定，措辭依 41 §4 訂正。** 原記 `not-sibling (class)` 為過度陳述：本類之依據為三對抽樣未破，而三對之力度**足以破類，不足以證類**（R-C37：一個反例即證偽，N 個正例不證真）。本對尚未逐對判定；依 41 §3 規則二／三，其所屬節生成之日轉為逐對判定，類級判定不因曾通過而免除。[類級 `FAN`] `FAN` 為泛用控制名（且涵蓋座椅送風）；共有該詞不表示述及同一需求。**類級判定之效力低於逐對判定** —— 日後若本類中發現真 sibling，本類之判定即失效。抽樣覆核見上繳 29 §3.3
2.7	12.6	not-sibling	true	vocab	129	[逐對] **同形異義** —— ch11／ch12 之 `Auto` 出現於 HVS6 之 `Auto Comfort Settings options for heated/vented seats`（座椅之自動舒適設定），與 HVAC 之 AUTO 模式非同一功能；12.7 之 `FAN`／`MODE` 指 popup 圖片之版面規則，非風速或氣流模式本身。共有語彙為字面巧合（41 §3 規則二：一節已生成、一節未生成）
2.7	12.7	not-broken-by-3-samples (class)	true	vocab	129	**類級判定，措辭依 41 §4 訂正。** 原記 `not-sibling (class)` 為過度陳述：本類之依據為三對抽樣未破，而三對之力度**足以破類，不足以證類**（R-C37：一個反例即證偽，N 個正例不證真）。本對尚未逐對判定；依 41 §3 規則二／三，其所屬節生成之日轉為逐對判定，類級判定不因曾通過而免除。[類級 `FAN`] `FAN` 為泛用控制名（且涵蓋座椅送風）；共有該詞不表示述及同一需求。**類級判定之效力低於逐對判定** —— 日後若本類中發現真 sibling，本類之判定即失效。抽樣覆核見上繳 29 §3.3
2.7	12.9	not-broken-by-3-samples (class)	true	vocab	129	**類級判定，措辭依 41 §4 訂正。** 原記 `not-sibling (class)` 為過度陳述：本類之依據為三對抽樣未破，而三對之力度**足以破類，不足以證類**（R-C37：一個反例即證偽，N 個正例不證真）。本對尚未逐對判定；依 41 §3 規則二／三，其所屬節生成之日轉為逐對判定，類級判定不因曾通過而免除。[類級 `FAN`] `FAN` 為泛用控制名（且涵蓋座椅送風）；共有該詞不表示述及同一需求。**類級判定之效力低於逐對判定** —— 日後若本類中發現真 sibling，本類之判定即失效。抽樣覆核見上繳 29 §3.3
2.7	14.1.1	not-broken-by-3-samples (class)	true	vocab	129	**類級判定，措辭依 41 §4 訂正。** 原記 `not-sibling (class)` 為過度陳述：本類之依據為三對抽樣未破，而三對之力度**足以破類，不足以證類**（R-C37：一個反例即證偽，N 個正例不證真）。本對尚未逐對判定；依 41 §3 規則二／三，其所屬節生成之日轉為逐對判定，類級判定不因曾通過而免除。[類級 `FAN`] `FAN` 為泛用控制名（且涵蓋座椅送風）；共有該詞不表示述及同一需求。**類級判定之效力低於逐對判定** —— 日後若本類中發現真 sibling，本類之判定即失效。抽樣覆核見上繳 29 §3.3
2.7	14.10.1	not-broken-by-3-samples (class)	true	vocab	129	**類級判定，措辭依 41 §4 訂正。** 原記 `not-sibling (class)` 為過度陳述：本類之依據為三對抽樣未破，而三對之力度**足以破類，不足以證類**（R-C37：一個反例即證偽，N 個正例不證真）。本對尚未逐對判定；依 41 §3 規則二／三，其所屬節生成之日轉為逐對判定，類級判定不因曾通過而免除。[類級 `FAN`] `FAN` 為泛用控制名（且涵蓋座椅送風）；共有該詞不表示述及同一需求。**類級判定之效力低於逐對判定** —— 日後若本類中發現真 sibling，本類之判定即失效。抽樣覆核見上繳 29 §3.3
2.7	14.11	not-broken-by-3-samples (class)	true	vocab	129	**類級判定，措辭依 41 §4 訂正。** 原記 `not-sibling (class)` 為過度陳述：本類之依據為三對抽樣未破，而三對之力度**足以破類，不足以證類**（R-C37：一個反例即證偽，N 個正例不證真）。本對尚未逐對判定；依 41 §3 規則二／三，其所屬節生成之日轉為逐對判定，類級判定不因曾通過而免除。[類級 `FAN`] `FAN` 為泛用控制名（且涵蓋座椅送風）；共有該詞不表示述及同一需求。**類級判定之效力低於逐對判定** —— 日後若本類中發現真 sibling，本類之判定即失效。抽樣覆核見上繳 29 §3.3
2.7	14.13	not-broken-by-3-samples (class)	true	vocab	129	**類級判定，措辭依 41 §4 訂正。** 原記 `not-sibling (class)` 為過度陳述：本類之依據為三對抽樣未破，而三對之力度**足以破類，不足以證類**（R-C37：一個反例即證偽，N 個正例不證真）。本對尚未逐對判定；依 41 §3 規則二／三，其所屬節生成之日轉為逐對判定，類級判定不因曾通過而免除。[類級 `FAN`] `FAN` 為泛用控制名（且涵蓋座椅送風）；共有該詞不表示述及同一需求。**類級判定之效力低於逐對判定** —— 日後若本類中發現真 sibling，本類之判定即失效。抽樣覆核見上繳 29 §3.3
2.7	14.19	not-sibling	true	vocab	129	[逐對] 共有 ['AUTO', 'FAN']。ch14／15 述 popup 之呈現，被呈現之控制其行為定義於各自章節；兩者為呈現與行為之關係，非同一需求之兩處陳述
2.7	14.3	not-broken-by-3-samples (class)	true	vocab	129	**類級判定，措辭依 41 §4 訂正。** 原記 `not-sibling (class)` 為過度陳述：本類之依據為三對抽樣未破，而三對之力度**足以破類，不足以證類**（R-C37：一個反例即證偽，N 個正例不證真）。本對尚未逐對判定；依 41 §3 規則二／三，其所屬節生成之日轉為逐對判定，類級判定不因曾通過而免除。[類級 `FAN`] `FAN` 為泛用控制名（且涵蓋座椅送風）；共有該詞不表示述及同一需求。**類級判定之效力低於逐對判定** —— 日後若本類中發現真 sibling，本類之判定即失效。抽樣覆核見上繳 29 §3.3
2.7	15.1	not-sibling	true	vocab	129	[逐對] 共有 ['AUTO', 'FAN']。ch14／15 述 popup 之呈現，被呈現之控制其行為定義於各自章節；兩者為呈現與行為之關係，非同一需求之兩處陳述
2.7	16.10	not-broken-by-3-samples (class)	true	vocab	129	**類級判定，措辭依 41 §4 訂正。** 原記 `not-sibling (class)` 為過度陳述：本類之依據為三對抽樣未破，而三對之力度**足以破類，不足以證類**（R-C37：一個反例即證偽，N 個正例不證真）。本對尚未逐對判定；依 41 §3 規則二／三，其所屬節生成之日轉為逐對判定，類級判定不因曾通過而免除。[類級 `FAN`] `FAN` 為泛用控制名（且涵蓋座椅送風）；共有該詞不表示述及同一需求。**類級判定之效力低於逐對判定** —— 日後若本類中發現真 sibling，本類之判定即失效。抽樣覆核見上繳 29 §3.3
2.7	16.11	not-broken-by-3-samples (class)	true	vocab	129	**類級判定，措辭依 41 §4 訂正。** 原記 `not-sibling (class)` 為過度陳述：本類之依據為三對抽樣未破，而三對之力度**足以破類，不足以證類**（R-C37：一個反例即證偽，N 個正例不證真）。本對尚未逐對判定；依 41 §3 規則二／三，其所屬節生成之日轉為逐對判定，類級判定不因曾通過而免除。[類級 `FAN`] `FAN` 為泛用控制名（且涵蓋座椅送風）；共有該詞不表示述及同一需求。**類級判定之效力低於逐對判定** —— 日後若本類中發現真 sibling，本類之判定即失效。抽樣覆核見上繳 29 §3.3
2.7	16.12	not-broken-by-3-samples (class)	true	vocab	129	**類級判定，措辭依 41 §4 訂正。** 原記 `not-sibling (class)` 為過度陳述：本類之依據為三對抽樣未破，而三對之力度**足以破類，不足以證類**（R-C37：一個反例即證偽，N 個正例不證真）。本對尚未逐對判定；依 41 §3 規則二／三，其所屬節生成之日轉為逐對判定，類級判定不因曾通過而免除。[類級 `FAN`] `FAN` 為泛用控制名（且涵蓋座椅送風）；共有該詞不表示述及同一需求。**類級判定之效力低於逐對判定** —— 日後若本類中發現真 sibling，本類之判定即失效。抽樣覆核見上繳 29 §3.3
2.7	16.13	not-sibling	true	vocab	129	[逐對] 共有 ['AUTO', 'FAN']。鏡射關係而非 §4.6 sibling —— ch16 為 EMEA ICS 變體，兩者不會同時出現於同一車輛；該關係由 `ch16_mirror_map.tsv` 承載
2.7	16.14	not-sibling	false	vocab	129	**42 §1 之重新確認（43 §1 修正觸發）。** 本對之兩節於 `ch16_mirror_map.tsv` 中**不互為對造**（16.14 之對造為 2.14），故非鏡射對亦非 sibling。**新證據**：16.14 之三條 TC 已產出（MTC 畫面／無離散溫度設定／無 AUTO 溫度控制），與本對之 ch2 側節次所驗者不重疊。verdict 維持
2.7	16.17	not-sibling	false	vocab	129	**43 §1 之重新確認（批次 7 使對造落地）。** 本對之兩節於 `ch16_mirror_map.tsv` 中**不互為對造**（16.6 之對造為 2.6、16.6.1 為 2.6.1、16.7 為 2.7、16.17 為 2.16），故非鏡射對亦非 sibling。**新證據**：兩側 TC 皆已產出，逐條比對無共用之可觀察量。verdict 維持
2.7	16.2	not-sibling	false	vocab	129	**42 §1 之重新確認（43 §1 修正觸發）。** 本對之兩節於 `ch16_mirror_map.tsv` 中**不互為對造**（16.2 之對造為 2.2），故非鏡射對亦非 sibling。**新證據**：16.2 之九條 TC 已產出，其可觀察量與本對之 ch2 側節次所驗者不重疊。verdict 維持
2.7	16.3	not-sibling	true	vocab	129	[逐對] 共有 ['AUTO', 'FAN']。鏡射關係而非 §4.6 sibling —— ch16 為 EMEA ICS 變體，兩者不會同時出現於同一車輛；該關係由 `ch16_mirror_map.tsv` 承載
2.7	16.7	not-sibling	false	vocab	129	**43 §1 之重新確認（批次 7 使對造落地）。** `16.7 ↔ 2.7 mirrored` 對，鏡射非 sibling。**新證據**：五筆 `yes` 全部落實 —— `-059`→`-110`、`-060`→`-111`、`-061`→`-112`、`-062`／`-063`→`-113`。**另一筆 `no` 亦以實物確認**：`-066`（`2.7.1` 之 `Off, 1-8`）於 ch16 無對應，而批次 7 之 `-109` 之 ER 只述 1 至 7 —— **ICE6 無 `15h` 亦無 1-8，兩者皆未自 ch2 移植**。verdict 維持
2.7	16.8	not-sibling	true	vocab	129	[逐對] 共有 ['AUTO', 'FAN']。鏡射關係而非 §4.6 sibling —— ch16 為 EMEA ICS 變體，兩者不會同時出現於同一車輛；該關係由 `ch16_mirror_map.tsv` 承載
2.7	17.2	not-sibling	false	vocab	129	**43 §1 之重新確認（批次 8 使 17.2 落地）。** 非 sibling，且其分界正是本批之 §8.2.1 界線：**17.2 驗「該元素在 widget 上存在且可操作」，`2.7` 驗「風速於 climate screen 上之行為」** —— 兩者之可觀察量分屬兩個介面（首頁 widget vs climate 主畫面），非同一需求。**新證據**：兩側 TC 皆已產出；`-116`～`-124` 之 ER 一律停在「widget 顯示該元素」與「按下後該元素改變狀態」，**刻意不驗其行為規則**，故與對造之 ER 無共用可觀察量
2.7	2.10	not-sibling	false	vocab	129	**43 §1 之重新確認（批次 9 使 `Climate Modes` 六節落地）。** 非 sibling —— 兩節同屬 ch2 而分屬不同 Test Set，各述不同功能（AUTO／A-C／RECIRC／climate off／SYNC／MAX A-C vs 對造節之主題），共有語彙為控制名之字面巧合。**新證據**：兩側 TC 皆已產出，逐條比對其 `expected_result` 無共用可觀察量。verdict 判為 `not-sibling`
2.7	2.11	not-sibling	false	vocab	129	**43 §1 之重新確認（批次 9 使 `Climate Modes` 六節落地）。** 非 sibling —— 兩節同屬 ch2 而分屬不同 Test Set，各述不同功能（AUTO／A-C／RECIRC／climate off／SYNC／MAX A-C vs 對造節之主題），共有語彙為控制名之字面巧合。**新證據**：兩側 TC 皆已產出，逐條比對其 `expected_result` 無共用可觀察量。verdict 判為 `not-sibling`
2.7	2.12	not-broken-by-3-samples (class)	true	vocab	129	**類級判定，措辭依 41 §4 訂正。** 原記 `not-sibling (class)` 為過度陳述：本類之依據為三對抽樣未破，而三對之力度**足以破類，不足以證類**（R-C37：一個反例即證偽，N 個正例不證真）。本對尚未逐對判定；依 41 §3 規則二／三，其所屬節生成之日轉為逐對判定，類級判定不因曾通過而免除。[類級 `FAN`] `FAN` 為泛用控制名（且涵蓋座椅送風）；共有該詞不表示述及同一需求。**類級判定之效力低於逐對判定** —— 日後若本類中發現真 sibling，本類之判定即失效。抽樣覆核見上繳 29 §3.3
2.7	2.14	not-sibling	false	vocab	129	[逐對] 同章不同 Test Set，兩節分述不同功能（MTC 之界定、風速值域、dual AUTO、A/C、3 狀態 recirc、Defrost）。共有語彙 `AUTO`／`MODE` 出現於各自之連動子句，非同一可觀察量（41 §3 規則一：兩節皆已生成）
2.7	2.8	not-sibling	true	vocab	129	[逐對] 共有 ['AUTO', 'FAN']。共有者為控制名，兩節各定義不同需求（同章不同組）
2.7	3.2	not-sibling	false	vocab	129	[逐對] 共有 ['AUTO', 'FAN']。共有者為控制名，兩節各定義不同需求（同章不同組）
2.7	7.1	not-broken-by-3-samples (class)	true	vocab	129	**類級判定，措辭依 41 §4 訂正。** 原記 `not-sibling (class)` 為過度陳述：本類之依據為三對抽樣未破，而三對之力度**足以破類，不足以證類**（R-C37：一個反例即證偽，N 個正例不證真）。本對尚未逐對判定；依 41 §3 規則二／三，其所屬節生成之日轉為逐對判定，類級判定不因曾通過而免除。[類級 `FAN`] `FAN` 為泛用控制名（且涵蓋座椅送風）；共有該詞不表示述及同一需求。**類級判定之效力低於逐對判定** —— 日後若本類中發現真 sibling，本類之判定即失效。抽樣覆核見上繳 29 §3.3
2.7	7.1.1	not-broken-by-3-samples (class)	true	vocab	129	**類級判定，措辭依 41 §4 訂正。** 原記 `not-sibling (class)` 為過度陳述：本類之依據為三對抽樣未破，而三對之力度**足以破類，不足以證類**（R-C37：一個反例即證偽，N 個正例不證真）。本對尚未逐對判定；依 41 §3 規則二／三，其所屬節生成之日轉為逐對判定，類級判定不因曾通過而免除。[類級 `FAN`] `FAN` 為泛用控制名（且涵蓋座椅送風）；共有該詞不表示述及同一需求。**類級判定之效力低於逐對判定** —— 日後若本類中發現真 sibling，本類之判定即失效。抽樣覆核見上繳 29 §3.3
2.7	7.2	not-sibling	true	vocab	129	[逐對] 共有 ['AUTO', 'FAN']。前排／後排之不同需求 —— 共有者為控制名，兩節各自定義其所屬區之行為（本輪已逐節讀 7.1／7.1.1／7.2／7.4／7.5／7.7／7.8／9.2 全文，僅 7.4／7.5／7.7 判為 sibling）
2.7	7.5	sibling	true	vocab	129	[逐對] 共有 ['AUTO', 'FAN']。**本輪新發現。** CR5 逐句重述 C6 之 Fan ranges: Off, 1-7, 15h、指示位置、以及 Fan up/down 按鈕／觸碰 fan segment／滑動三種調整途徑 —— 差異軸為前排 vs 後排 climate screen
2.7	7.7	not-broken-by-3-samples (class)	true	vocab	129	**類級判定，措辭依 41 §4 訂正。** 原記 `not-sibling (class)` 為過度陳述：本類之依據為三對抽樣未破，而三對之力度**足以破類，不足以證類**（R-C37：一個反例即證偽，N 個正例不證真）。本對尚未逐對判定；依 41 §3 規則二／三，其所屬節生成之日轉為逐對判定，類級判定不因曾通過而免除。[類級 `FAN`] `FAN` 為泛用控制名（且涵蓋座椅送風）；共有該詞不表示述及同一需求。**類級判定之效力低於逐對判定** —— 日後若本類中發現真 sibling，本類之判定即失效。抽樣覆核見上繳 29 §3.3
2.7	7.8	not-sibling	true	vocab	129	[逐對] 依 `ch2_ch7_mirror_map.tsv` 判定：本對之兩節於該表中**不互為對造** —— 7.5 之對造為 2.7（partial）、7.8 之對造為 2.12（mirrored）與 2.12.2（partial），而 2.14（MTC 與 3 旋鈕 ICS 例外）於 ch7 全 11 節為 `no-counterpart`（41 §3 規則二：一節已生成、一節未生成）
2.7	9.2	not-sibling	true	vocab	129	[逐對] 共有 ['AUTO', 'FAN']。前排／後排之不同需求 —— 共有者為控制名，兩節各自定義其所屬區之行為（本輪已逐節讀 7.1／7.1.1／7.2／7.4／7.5／7.7／7.8／9.2 全文，僅 7.4／7.5／7.7 判為 sibling）
2.7.1	10.1	not-sibling	false	vocab	129	[逐對，42 §1 之重新確認] C6.1 述前排風速值域，EH1 述 ECO HVAC 之存在與目的。無共同可觀察量
2.7.1	10.5	not-sibling	false	vocab	129	[逐對，42 §1 之重新確認] C6.1 述值域為 `Off, 1-8`，EH5 述 AUTO 按壓循環且 `AUTO mode will only be broken by acting on other buttons e.g. fan speed`。EH5 之 `fan speed` 為中斷 AUTO 之動作，非值域
2.7.1	10.6	not-sibling	false	vocab	129	[逐對，42 §1 之重新確認] C6.1 述值域，EH6「fan speed indication should denote that AUTO ECO is active」述 AUTO ECO 時風速指示改為模式標示。值域 vs 指示內容，非同一需求
2.7.1	10.7	not-sibling	false	vocab	129	[逐對，42 §1 之重新確認] C6.1 述風速值域，EH7「HVAC AUTO shall keep the selected setting through ignition cycles」述 AUTO 設定之跨點火保存。無共同可觀察量
2.7.1	10.9.1	not-sibling	false	via-hierarchy	129	[逐對，43 §1 之重新確認；候選身分來自階層 `ECO HVAC` → `HVAC`] C6.1 之 `front hvac` 指**子系統**（前排空調），EH9.1 之 `ECO HVAC` 指該子系統內之**一種模式**。同一詞之兩個層級，非同一可觀察量 —— 與 `2.7.1 ↔ 2.14` 之判定同形（上繳 31 §1.4）
2.7.1	11.2	not-broken-by-3-samples (class)	true	vocab	129	**類級判定，措辭依 41 §4 訂正。** 原記 `not-sibling (class)` 為過度陳述：本類之依據為三對抽樣未破，而三對之力度**足以破類，不足以證類**（R-C37：一個反例即證偽，N 個正例不證真）。本對尚未逐對判定；依 41 §3 規則二／三，其所屬節生成之日轉為逐對判定，類級判定不因曾通過而免除。[類級 `FAN`] `FAN` 為泛用控制名（且涵蓋座椅送風）；共有該詞不表示述及同一需求。**類級判定之效力低於逐對判定** —— 日後若本類中發現真 sibling，本類之判定即失效。抽樣覆核見上繳 29 §3.3
2.7.1	12.2	not-broken-by-3-samples (class)	true	vocab	129	**類級判定，措辭依 41 §4 訂正。** 原記 `not-sibling (class)` 為過度陳述：本類之依據為三對抽樣未破，而三對之力度**足以破類，不足以證類**（R-C37：一個反例即證偽，N 個正例不證真）。本對尚未逐對判定；依 41 §3 規則二／三，其所屬節生成之日轉為逐對判定，類級判定不因曾通過而免除。[類級 `FAN`] `FAN` 為泛用控制名（且涵蓋座椅送風）；共有該詞不表示述及同一需求。**類級判定之效力低於逐對判定** —— 日後若本類中發現真 sibling，本類之判定即失效。抽樣覆核見上繳 29 §3.3
2.7.1	12.7	not-broken-by-3-samples (class)	true	vocab	129	**類級判定，措辭依 41 §4 訂正。** 原記 `not-sibling (class)` 為過度陳述：本類之依據為三對抽樣未破，而三對之力度**足以破類，不足以證類**（R-C37：一個反例即證偽，N 個正例不證真）。本對尚未逐對判定；依 41 §3 規則二／三，其所屬節生成之日轉為逐對判定，類級判定不因曾通過而免除。[類級 `FAN`] `FAN` 為泛用控制名（且涵蓋座椅送風）；共有該詞不表示述及同一需求。**類級判定之效力低於逐對判定** —— 日後若本類中發現真 sibling，本類之判定即失效。抽樣覆核見上繳 29 §3.3
2.7.1	12.9	not-broken-by-3-samples (class)	true	vocab	129	**類級判定，措辭依 41 §4 訂正。** 原記 `not-sibling (class)` 為過度陳述：本類之依據為三對抽樣未破，而三對之力度**足以破類，不足以證類**（R-C37：一個反例即證偽，N 個正例不證真）。本對尚未逐對判定；依 41 §3 規則二／三，其所屬節生成之日轉為逐對判定，類級判定不因曾通過而免除。[類級 `FAN`] `FAN` 為泛用控制名（且涵蓋座椅送風）；共有該詞不表示述及同一需求。**類級判定之效力低於逐對判定** —— 日後若本類中發現真 sibling，本類之判定即失效。抽樣覆核見上繳 29 §3.3
2.7.1	14.1	not-broken-by-3-samples (class)	true	vocab	129	**類級判定，措辭依 41 §4 訂正。** 原記 `not-sibling (class)` 為過度陳述：本類之依據為三對抽樣未破，而三對之力度**足以破類，不足以證類**（R-C37：一個反例即證偽，N 個正例不證真）。本對尚未逐對判定；依 41 §3 規則二／三，其所屬節生成之日轉為逐對判定，類級判定不因曾通過而免除。[類級 `HVAC`] `HVAC` 為系統名而非需求名，幾乎任何氣候節皆含之。**類級判定之效力低於逐對判定** —— 日後若本類中發現真 sibling，本類之判定即失效。抽樣覆核見上繳 29 §3.3
2.7.1	14.1.1	not-sibling	true	vocab	129	[逐對] 共有 ['FAN', 'HVAC']。ch14／15 述 popup 之呈現，被呈現之控制其行為定義於各自章節；兩者為呈現與行為之關係，非同一需求之兩處陳述
2.7.1	14.10	not-broken-by-3-samples (class)	true	vocab	129	**類級判定，措辭依 41 §4 訂正。** 原記 `not-sibling (class)` 為過度陳述：本類之依據為三對抽樣未破，而三對之力度**足以破類，不足以證類**（R-C37：一個反例即證偽，N 個正例不證真）。本對尚未逐對判定；依 41 §3 規則二／三，其所屬節生成之日轉為逐對判定，類級判定不因曾通過而免除。[類級 `HVAC`] `HVAC` 為系統名而非需求名，幾乎任何氣候節皆含之。**類級判定之效力低於逐對判定** —— 日後若本類中發現真 sibling，本類之判定即失效。抽樣覆核見上繳 29 §3.3
2.7.1	14.10.1	not-broken-by-3-samples (class)	true	vocab	129	**類級判定，措辭依 41 §4 訂正。** 原記 `not-sibling (class)` 為過度陳述：本類之依據為三對抽樣未破，而三對之力度**足以破類，不足以證類**（R-C37：一個反例即證偽，N 個正例不證真）。本對尚未逐對判定；依 41 §3 規則二／三，其所屬節生成之日轉為逐對判定，類級判定不因曾通過而免除。[類級 `FAN`] `FAN` 為泛用控制名（且涵蓋座椅送風）；共有該詞不表示述及同一需求。**類級判定之效力低於逐對判定** —— 日後若本類中發現真 sibling，本類之判定即失效。抽樣覆核見上繳 29 §3.3
2.7.1	14.11	not-sibling	true	vocab	129	[逐對] 共有 ['FAN', 'HVAC']。ch14／15 述 popup 之呈現，被呈現之控制其行為定義於各自章節；兩者為呈現與行為之關係，非同一需求之兩處陳述
2.7.1	14.12	not-broken-by-3-samples (class)	true	vocab	129	**類級判定，措辭依 41 §4 訂正。** 原記 `not-sibling (class)` 為過度陳述：本類之依據為三對抽樣未破，而三對之力度**足以破類，不足以證類**（R-C37：一個反例即證偽，N 個正例不證真）。本對尚未逐對判定；依 41 §3 規則二／三，其所屬節生成之日轉為逐對判定，類級判定不因曾通過而免除。[類級 `HVAC`] `HVAC` 為系統名而非需求名，幾乎任何氣候節皆含之。**類級判定之效力低於逐對判定** —— 日後若本類中發現真 sibling，本類之判定即失效。抽樣覆核見上繳 29 §3.3
2.7.1	14.13	not-sibling	true	vocab	129	[逐對] 共有 ['FAN', 'HVAC']。ch14／15 述 popup 之呈現，被呈現之控制其行為定義於各自章節；兩者為呈現與行為之關係，非同一需求之兩處陳述
2.7.1	14.19	not-broken-by-3-samples (class)	true	vocab	129	**類級判定，措辭依 41 §4 訂正。** 原記 `not-sibling (class)` 為過度陳述：本類之依據為三對抽樣未破，而三對之力度**足以破類，不足以證類**（R-C37：一個反例即證偽，N 個正例不證真）。本對尚未逐對判定；依 41 §3 規則二／三，其所屬節生成之日轉為逐對判定，類級判定不因曾通過而免除。[類級 `FAN`] `FAN` 為泛用控制名（且涵蓋座椅送風）；共有該詞不表示述及同一需求。**類級判定之效力低於逐對判定** —— 日後若本類中發現真 sibling，本類之判定即失效。抽樣覆核見上繳 29 §3.3
2.7.1	14.2	not-broken-by-3-samples (class)	true	vocab	129	**類級判定，措辭依 41 §4 訂正。** 原記 `not-sibling (class)` 為過度陳述：本類之依據為三對抽樣未破，而三對之力度**足以破類，不足以證類**（R-C37：一個反例即證偽，N 個正例不證真）。本對尚未逐對判定；依 41 §3 規則二／三，其所屬節生成之日轉為逐對判定，類級判定不因曾通過而免除。[類級 `HVAC`] `HVAC` 為系統名而非需求名，幾乎任何氣候節皆含之。**類級判定之效力低於逐對判定** —— 日後若本類中發現真 sibling，本類之判定即失效。抽樣覆核見上繳 29 §3.3
2.7.1	14.3	not-sibling	true	vocab	129	[逐對] 共有 ['FAN', 'HVAC']。ch14／15 述 popup 之呈現，被呈現之控制其行為定義於各自章節；兩者為呈現與行為之關係，非同一需求之兩處陳述
2.7.1	14.4	not-broken-by-3-samples (class)	true	vocab	129	**類級判定，措辭依 41 §4 訂正。** 原記 `not-sibling (class)` 為過度陳述：本類之依據為三對抽樣未破，而三對之力度**足以破類，不足以證類**（R-C37：一個反例即證偽，N 個正例不證真）。本對尚未逐對判定；依 41 §3 規則二／三，其所屬節生成之日轉為逐對判定，類級判定不因曾通過而免除。[類級 `HVAC`] `HVAC` 為系統名而非需求名，幾乎任何氣候節皆含之。**類級判定之效力低於逐對判定** —— 日後若本類中發現真 sibling，本類之判定即失效。抽樣覆核見上繳 29 §3.3
2.7.1	14.5	not-broken-by-3-samples (class)	true	vocab	129	**類級判定，措辭依 41 §4 訂正。** 原記 `not-sibling (class)` 為過度陳述：本類之依據為三對抽樣未破，而三對之力度**足以破類，不足以證類**（R-C37：一個反例即證偽，N 個正例不證真）。本對尚未逐對判定；依 41 §3 規則二／三，其所屬節生成之日轉為逐對判定，類級判定不因曾通過而免除。[類級 `HVAC`] `HVAC` 為系統名而非需求名，幾乎任何氣候節皆含之。**類級判定之效力低於逐對判定** —— 日後若本類中發現真 sibling，本類之判定即失效。抽樣覆核見上繳 29 §3.3
2.7.1	14.6	not-broken-by-3-samples (class)	true	vocab	129	**類級判定，措辭依 41 §4 訂正。** 原記 `not-sibling (class)` 為過度陳述：本類之依據為三對抽樣未破，而三對之力度**足以破類，不足以證類**（R-C37：一個反例即證偽，N 個正例不證真）。本對尚未逐對判定；依 41 §3 規則二／三，其所屬節生成之日轉為逐對判定，類級判定不因曾通過而免除。[類級 `HVAC`] `HVAC` 為系統名而非需求名，幾乎任何氣候節皆含之。**類級判定之效力低於逐對判定** —— 日後若本類中發現真 sibling，本類之判定即失效。抽樣覆核見上繳 29 §3.3
2.7.1	14.7	not-broken-by-3-samples (class)	true	vocab	129	**類級判定，措辭依 41 §4 訂正。** 原記 `not-sibling (class)` 為過度陳述：本類之依據為三對抽樣未破，而三對之力度**足以破類，不足以證類**（R-C37：一個反例即證偽，N 個正例不證真）。本對尚未逐對判定；依 41 §3 規則二／三，其所屬節生成之日轉為逐對判定，類級判定不因曾通過而免除。[類級 `HVAC`] `HVAC` 為系統名而非需求名，幾乎任何氣候節皆含之。**類級判定之效力低於逐對判定** —— 日後若本類中發現真 sibling，本類之判定即失效。抽樣覆核見上繳 29 §3.3
2.7.1	14.8	not-broken-by-3-samples (class)	true	vocab	129	**類級判定，措辭依 41 §4 訂正。** 原記 `not-sibling (class)` 為過度陳述：本類之依據為三對抽樣未破，而三對之力度**足以破類，不足以證類**（R-C37：一個反例即證偽，N 個正例不證真）。本對尚未逐對判定；依 41 §3 規則二／三，其所屬節生成之日轉為逐對判定，類級判定不因曾通過而免除。[類級 `HVAC`] `HVAC` 為系統名而非需求名，幾乎任何氣候節皆含之。**類級判定之效力低於逐對判定** —— 日後若本類中發現真 sibling，本類之判定即失效。抽樣覆核見上繳 29 §3.3
2.7.1	14.9	not-broken-by-3-samples (class)	true	vocab	129	**類級判定，措辭依 41 §4 訂正。** 原記 `not-sibling (class)` 為過度陳述：本類之依據為三對抽樣未破，而三對之力度**足以破類，不足以證類**（R-C37：一個反例即證偽，N 個正例不證真）。本對尚未逐對判定；依 41 §3 規則二／三，其所屬節生成之日轉為逐對判定，類級判定不因曾通過而免除。[類級 `HVAC`] `HVAC` 為系統名而非需求名，幾乎任何氣候節皆含之。**類級判定之效力低於逐對判定** —— 日後若本類中發現真 sibling，本類之判定即失效。抽樣覆核見上繳 29 §3.3
2.7.1	15.1	not-sibling	true	vocab	129	[逐對] 共有 ['FAN', 'HVAC']。ch14／15 述 popup 之呈現，被呈現之控制其行為定義於各自章節；兩者為呈現與行為之關係，非同一需求之兩處陳述
2.7.1	16.10	not-broken-by-3-samples (class)	true	vocab	129	**類級判定，措辭依 41 §4 訂正。** 原記 `not-sibling (class)` 為過度陳述：本類之依據為三對抽樣未破，而三對之力度**足以破類，不足以證類**（R-C37：一個反例即證偽，N 個正例不證真）。本對尚未逐對判定；依 41 §3 規則二／三，其所屬節生成之日轉為逐對判定，類級判定不因曾通過而免除。[類級 `FAN`] `FAN` 為泛用控制名（且涵蓋座椅送風）；共有該詞不表示述及同一需求。**類級判定之效力低於逐對判定** —— 日後若本類中發現真 sibling，本類之判定即失效。抽樣覆核見上繳 29 §3.3
2.7.1	16.11	not-broken-by-3-samples (class)	true	vocab	129	**類級判定，措辭依 41 §4 訂正。** 原記 `not-sibling (class)` 為過度陳述：本類之依據為三對抽樣未破，而三對之力度**足以破類，不足以證類**（R-C37：一個反例即證偽，N 個正例不證真）。本對尚未逐對判定；依 41 §3 規則二／三，其所屬節生成之日轉為逐對判定，類級判定不因曾通過而免除。[類級 `FAN`] `FAN` 為泛用控制名（且涵蓋座椅送風）；共有該詞不表示述及同一需求。**類級判定之效力低於逐對判定** —— 日後若本類中發現真 sibling，本類之判定即失效。抽樣覆核見上繳 29 §3.3
2.7.1	16.12	not-broken-by-3-samples (class)	true	vocab	129	**類級判定，措辭依 41 §4 訂正。** 原記 `not-sibling (class)` 為過度陳述：本類之依據為三對抽樣未破，而三對之力度**足以破類，不足以證類**（R-C37：一個反例即證偽，N 個正例不證真）。本對尚未逐對判定；依 41 §3 規則二／三，其所屬節生成之日轉為逐對判定，類級判定不因曾通過而免除。[類級 `FAN`] `FAN` 為泛用控制名（且涵蓋座椅送風）；共有該詞不表示述及同一需求。**類級判定之效力低於逐對判定** —— 日後若本類中發現真 sibling，本類之判定即失效。抽樣覆核見上繳 29 §3.3
2.7.1	16.13	not-broken-by-3-samples (class)	true	vocab	129	**類級判定，措辭依 41 §4 訂正。** 原記 `not-sibling (class)` 為過度陳述：本類之依據為三對抽樣未破，而三對之力度**足以破類，不足以證類**（R-C37：一個反例即證偽，N 個正例不證真）。本對尚未逐對判定；依 41 §3 規則二／三，其所屬節生成之日轉為逐對判定，類級判定不因曾通過而免除。[類級 `FAN`] `FAN` 為泛用控制名（且涵蓋座椅送風）；共有該詞不表示述及同一需求。**類級判定之效力低於逐對判定** —— 日後若本類中發現真 sibling，本類之判定即失效。抽樣覆核見上繳 29 §3.3
2.7.1	16.17	not-sibling	false	vocab	129	**43 §1 之重新確認（批次 7 使對造落地）。** 本對之兩節於 `ch16_mirror_map.tsv` 中**不互為對造**（16.6 之對造為 2.6、16.6.1 為 2.6.1、16.7 為 2.7、16.17 為 2.16），故非鏡射對亦非 sibling。**新證據**：兩側 TC 皆已產出，逐條比對無共用之可觀察量。verdict 維持
2.7.1	16.2	not-sibling	false	vocab	129	**42 §1 之重新確認（43 §1 修正觸發）。** 本對之兩節於 `ch16_mirror_map.tsv` 中**不互為對造**（16.2 之對造為 2.2），故非鏡射對亦非 sibling。**新證據**：16.2 之九條 TC 已產出，其可觀察量與本對之 ch2 側節次所驗者不重疊。verdict 維持
2.7.1	16.3	not-broken-by-3-samples (class)	true	vocab	129	**類級判定，措辭依 41 §4 訂正。** 原記 `not-sibling (class)` 為過度陳述：本類之依據為三對抽樣未破，而三對之力度**足以破類，不足以證類**（R-C37：一個反例即證偽，N 個正例不證真）。本對尚未逐對判定；依 41 §3 規則二／三，其所屬節生成之日轉為逐對判定，類級判定不因曾通過而免除。[類級 `FAN`] `FAN` 為泛用控制名（且涵蓋座椅送風）；共有該詞不表示述及同一需求。**類級判定之效力低於逐對判定** —— 日後若本類中發現真 sibling，本類之判定即失效。抽樣覆核見上繳 29 §3.3
2.7.1	16.7	not-sibling	false	vocab	129	**43 §1 之重新確認（批次 7 使對造落地）。** 本對之兩節於 `ch16_mirror_map.tsv` 中**不互為對造**（16.6 之對造為 2.6、16.6.1 為 2.6.1、16.7 為 2.7、16.17 為 2.16），故非鏡射對亦非 sibling。**新證據**：兩側 TC 皆已產出，逐條比對無共用之可觀察量。verdict 維持
2.7.1	16.8	not-broken-by-3-samples (class)	true	vocab	129	**類級判定，措辭依 41 §4 訂正。** 原記 `not-sibling (class)` 為過度陳述：本類之依據為三對抽樣未破，而三對之力度**足以破類，不足以證類**（R-C37：一個反例即證偽，N 個正例不證真）。本對尚未逐對判定；依 41 §3 規則二／三，其所屬節生成之日轉為逐對判定，類級判定不因曾通過而免除。[類級 `FAN`] `FAN` 為泛用控制名（且涵蓋座椅送風）；共有該詞不表示述及同一需求。**類級判定之效力低於逐對判定** —— 日後若本類中發現真 sibling，本類之判定即失效。抽樣覆核見上繳 29 §3.3
2.7.1	17.2	not-sibling	false	vocab	129	**43 §1 之重新確認（批次 8 使 17.2 落地）。** 非 sibling，且其分界正是本批之 §8.2.1 界線：**17.2 驗「該元素在 widget 上存在且可操作」，`2.7.1` 驗「風速值域之第二值於 climate screen 上之行為」** —— 兩者之可觀察量分屬兩個介面（首頁 widget vs climate 主畫面），非同一需求。**新證據**：兩側 TC 皆已產出；`-116`～`-124` 之 ER 一律停在「widget 顯示該元素」與「按下後該元素改變狀態」，**刻意不驗其行為規則**，故與對造之 ER 無共用可觀察量
2.7.1	2.10	not-sibling	false	vocab	129	**43 §1 之重新確認（批次 9 使 `Climate Modes` 六節落地）。** 非 sibling —— 兩節同屬 ch2 而分屬不同 Test Set，各述不同功能（AUTO／A-C／RECIRC／climate off／SYNC／MAX A-C vs 對造節之主題），共有語彙為控制名之字面巧合。**新證據**：兩側 TC 皆已產出，逐條比對其 `expected_result` 無共用可觀察量。verdict 判為 `not-sibling`
2.7.1	2.11	not-sibling	false	vocab	129	**43 §1 之重新確認（批次 9 使 `Climate Modes` 六節落地）。** 非 sibling —— 兩節同屬 ch2 而分屬不同 Test Set，各述不同功能（AUTO／A-C／RECIRC／climate off／SYNC／MAX A-C vs 對造節之主題），共有語彙為控制名之字面巧合。**新證據**：兩側 TC 皆已產出，逐條比對其 `expected_result` 無共用可觀察量。verdict 判為 `not-sibling`
2.7.1	2.12	not-broken-by-3-samples (class)	true	vocab	129	**類級判定，措辭依 41 §4 訂正。** 原記 `not-sibling (class)` 為過度陳述：本類之依據為三對抽樣未破，而三對之力度**足以破類，不足以證類**（R-C37：一個反例即證偽，N 個正例不證真）。本對尚未逐對判定；依 41 §3 規則二／三，其所屬節生成之日轉為逐對判定，類級判定不因曾通過而免除。[類級 `FAN`] `FAN` 為泛用控制名（且涵蓋座椅送風）；共有該詞不表示述及同一需求。**類級判定之效力低於逐對判定** —— 日後若本類中發現真 sibling，本類之判定即失效。抽樣覆核見上繳 29 §3.3
2.7.1	2.13	not-sibling	false	vocab	129	**43 §1 之重新確認（批次 9 使 `Climate Modes` 六節落地）。** 非 sibling —— 兩節同屬 ch2 而分屬不同 Test Set，各述不同功能（AUTO／A-C／RECIRC／climate off／SYNC／MAX A-C vs 對造節之主題），共有語彙為控制名之字面巧合。**新證據**：兩側 TC 皆已產出，逐條比對其 `expected_result` 無共用可觀察量。verdict 判為 `not-sibling`
2.7.1	2.14	not-sibling	false	vocab	129	[逐對，42 §1 之重新確認] C6.1 為前排風速值域之第二個值，C15 為 MTC 之界定。共有語彙 `HVAC` 出現於 C6.1 之 `front hvac` 與 C15 之 `HVAC menu bar icons／screens／pop ups`，前者指子系統、後者指其 UI，非同一可觀察量
2.7.1	2.8	not-broken-by-3-samples (class)	true	vocab	129	**類級判定，措辭依 41 §4 訂正。** 原記 `not-sibling (class)` 為過度陳述：本類之依據為三對抽樣未破，而三對之力度**足以破類，不足以證類**（R-C37：一個反例即證偽，N 個正例不證真）。本對尚未逐對判定；依 41 §3 規則二／三，其所屬節生成之日轉為逐對判定，類級判定不因曾通過而免除。[類級 `FAN`] `FAN` 為泛用控制名（且涵蓋座椅送風）；共有該詞不表示述及同一需求。**類級判定之效力低於逐對判定** —— 日後若本類中發現真 sibling，本類之判定即失效。抽樣覆核見上繳 29 §3.3
2.7.1	3.2	not-sibling	false	vocab	129	[逐對，42 §1 之重新確認] C6.1「In some vehicles fan speed ranges for front hvac are: Off, 1-8」與 C20「increases fan speed to highest setting (7/7)」非同一需求。**惟本對之逐對判定查出一項條文缺口**：C20 把「最高風速」寫死為 `7/7`，而 C6.1 明載某些車輛之值域為 `Off, 1-8`，其最高為 8 —— **1-8 車輛上 MAX DEF 應到 7/7 或 8/8，兩側皆未述**。此為 profile §3.2 第十四軸（前排 HVAC 風速範圍）與 MAX DEF 之交界，依 §8.4.2 呈報而不吸收
2.7.1	7.1	not-broken-by-3-samples (class)	true	vocab	129	**類級判定，措辭依 41 §4 訂正。** 原記 `not-sibling (class)` 為過度陳述：本類之依據為三對抽樣未破，而三對之力度**足以破類，不足以證類**（R-C37：一個反例即證偽，N 個正例不證真）。本對尚未逐對判定；依 41 §3 規則二／三，其所屬節生成之日轉為逐對判定，類級判定不因曾通過而免除。[類級 `FAN`] `FAN` 為泛用控制名（且涵蓋座椅送風）；共有該詞不表示述及同一需求。**類級判定之效力低於逐對判定** —— 日後若本類中發現真 sibling，本類之判定即失效。抽樣覆核見上繳 29 §3.3
2.7.1	7.1.1	not-broken-by-3-samples (class)	true	vocab	129	**類級判定，措辭依 41 §4 訂正。** 原記 `not-sibling (class)` 為過度陳述：本類之依據為三對抽樣未破，而三對之力度**足以破類，不足以證類**（R-C37：一個反例即證偽，N 個正例不證真）。本對尚未逐對判定；依 41 §3 規則二／三，其所屬節生成之日轉為逐對判定，類級判定不因曾通過而免除。[類級 `FAN`] `FAN` 為泛用控制名（且涵蓋座椅送風）；共有該詞不表示述及同一需求。**類級判定之效力低於逐對判定** —— 日後若本類中發現真 sibling，本類之判定即失效。抽樣覆核見上繳 29 §3.3
2.7.1	7.2	not-broken-by-3-samples (class)	true	vocab	129	**類級判定，措辭依 41 §4 訂正。** 原記 `not-sibling (class)` 為過度陳述：本類之依據為三對抽樣未破，而三對之力度**足以破類，不足以證類**（R-C37：一個反例即證偽，N 個正例不證真）。本對尚未逐對判定；依 41 §3 規則二／三，其所屬節生成之日轉為逐對判定，類級判定不因曾通過而免除。[類級 `FAN`] `FAN` 為泛用控制名（且涵蓋座椅送風）；共有該詞不表示述及同一需求。**類級判定之效力低於逐對判定** —— 日後若本類中發現真 sibling，本類之判定即失效。抽樣覆核見上繳 29 §3.3
2.7.1	7.5	not-broken-by-3-samples (class)	true	vocab	129	**類級判定，措辭依 41 §4 訂正。** 原記 `not-sibling (class)` 為過度陳述：本類之依據為三對抽樣未破，而三對之力度**足以破類，不足以證類**（R-C37：一個反例即證偽，N 個正例不證真）。本對尚未逐對判定；依 41 §3 規則二／三，其所屬節生成之日轉為逐對判定，類級判定不因曾通過而免除。[類級 `FAN`] `FAN` 為泛用控制名（且涵蓋座椅送風）；共有該詞不表示述及同一需求。**類級判定之效力低於逐對判定** —— 日後若本類中發現真 sibling，本類之判定即失效。抽樣覆核見上繳 29 §3.3
2.7.1	7.7	not-broken-by-3-samples (class)	true	vocab	129	**類級判定，措辭依 41 §4 訂正。** 原記 `not-sibling (class)` 為過度陳述：本類之依據為三對抽樣未破，而三對之力度**足以破類，不足以證類**（R-C37：一個反例即證偽，N 個正例不證真）。本對尚未逐對判定；依 41 §3 規則二／三，其所屬節生成之日轉為逐對判定，類級判定不因曾通過而免除。[類級 `FAN`] `FAN` 為泛用控制名（且涵蓋座椅送風）；共有該詞不表示述及同一需求。**類級判定之效力低於逐對判定** —— 日後若本類中發現真 sibling，本類之判定即失效。抽樣覆核見上繳 29 §3.3
2.7.1	9.2	not-sibling	true	vocab	129	[逐對] 共有 ['FAN', 'HVAC']。前排／後排之不同需求 —— 共有者為控制名，兩節各自定義其所屬區之行為（本輪已逐節讀 7.1／7.1.1／7.2／7.4／7.5／7.7／7.8／9.2 全文，僅 7.4／7.5／7.7 判為 sibling）
2.8	10.2	not-sibling	true	vocab	129	[逐對] **ch10 為 ch2 AUTO 之外加狀態，非其重述** —— ch10 自身以委派字面回指 ch2：10.5 `see standard ICE AUTO logics`、10.6 `deselect airflow modes as in standard AUTO mode`、10.9.1 `an additional info text compared to the standard ICE AUTO pop up`。**委派不是重述**（此即 `2.3 ↔ 7.2` 之反面：CR2 逐字重寫 C2，EH 各條指回 C2）（41 §3 規則二：一節已生成、一節未生成）
2.8	10.3	not-broken-by-3-samples (class)	true	via-hierarchy	129	**本對僅因階層關係而成為候選（43 §2，`source = via-hierarchy`）。** `10.3` 與 `2.8` 之詞彙集**無交集**；其共有語彙 ['AUTO'] 係由特化詞導出之泛化詞（表：`AUTO ECO` → `AUTO`, `ECO HVAC` → `HVAC`, `MAX A/C` → `A/C`, `MAX DEF` → `DEFROST`, `REAR DEF` → `DEFROST`）。**階層不是等價** —— 每個 AUTO ECO 都是 AUTO，但 AUTO 不必然是 AUTO ECO，故本表單向且其輸出另標來源，不併入等價組。依 43 §2，**不逐對**，沿用該高頻詞之類級處置；其效力同 41 §4：三對抽樣足以破類、不足以證類，所屬節生成之日轉為逐對判定。
2.8	10.4	not-sibling	true	vocab	129	[逐對] **ch10 為 ch2 AUTO 之外加狀態，非其重述** —— ch10 自身以委派字面回指 ch2：10.5 `see standard ICE AUTO logics`、10.6 `deselect airflow modes as in standard AUTO mode`、10.9.1 `an additional info text compared to the standard ICE AUTO pop up`。**委派不是重述**（此即 `2.3 ↔ 7.2` 之反面：CR2 逐字重寫 C2，EH 各條指回 C2）（41 §3 規則二：一節已生成、一節未生成）
2.8	10.5	not-sibling	true	vocab	129	[逐對] 共有 ['AUTO', 'FAN']。ch10 之 ECO 行為為 standard AUTO 之外加狀態，其對造為 2.3（standard AUTO）而非本對；共有語彙為控制名
2.8	10.6	not-sibling	true	vocab	129	[逐對] 共有 ['AUTO', 'FAN']。ch10 之 ECO 行為為 standard AUTO 之外加狀態，其對造為 2.3（standard AUTO）而非本對；共有語彙為控制名
2.8	10.7	not-sibling	true	vocab	129	[逐對] **ch10 為 ch2 AUTO 之外加狀態，非其重述** —— ch10 自身以委派字面回指 ch2：10.5 `see standard ICE AUTO logics`、10.6 `deselect airflow modes as in standard AUTO mode`、10.9.1 `an additional info text compared to the standard ICE AUTO pop up`。**委派不是重述**（此即 `2.3 ↔ 7.2` 之反面：CR2 逐字重寫 C2，EH 各條指回 C2）（41 §3 規則二：一節已生成、一節未生成）
2.8	10.8	not-sibling	true	vocab	129	[逐對] **ch10 為 ch2 AUTO 之外加狀態，非其重述** —— ch10 自身以委派字面回指 ch2：10.5 `see standard ICE AUTO logics`、10.6 `deselect airflow modes as in standard AUTO mode`、10.9.1 `an additional info text compared to the standard ICE AUTO pop up`。**委派不是重述**（此即 `2.3 ↔ 7.2` 之反面：CR2 逐字重寫 C2，EH 各條指回 C2）（41 §3 規則二：一節已生成、一節未生成）
2.8	10.9	not-sibling	true	vocab	129	[逐對] **ch10 為 ch2 AUTO 之外加狀態，非其重述** —— ch10 自身以委派字面回指 ch2：10.5 `see standard ICE AUTO logics`、10.6 `deselect airflow modes as in standard AUTO mode`、10.9.1 `an additional info text compared to the standard ICE AUTO pop up`。**委派不是重述**（此即 `2.3 ↔ 7.2` 之反面：CR2 逐字重寫 C2，EH 各條指回 C2）（41 §3 規則二：一節已生成、一節未生成）
2.8	10.9.1	not-sibling	true	vocab	129	[逐對] **ch10 為 ch2 AUTO 之外加狀態，非其重述** —— ch10 自身以委派字面回指 ch2：10.5 `see standard ICE AUTO logics`、10.6 `deselect airflow modes as in standard AUTO mode`、10.9.1 `an additional info text compared to the standard ICE AUTO pop up`。**委派不是重述**（此即 `2.3 ↔ 7.2` 之反面：CR2 逐字重寫 C2，EH 各條指回 C2）（41 §3 規則二：一節已生成、一節未生成）
2.8	11.2	deferred	true	vocab	129	**依 41 §3 規則三入表（42 §2 之全量重建）。** 兩節皆未生成，現在判無處可用 —— sibling 判定之用途是寫 TC 時決定 `duplicate_of`／`distinguishing_axis`（§4.6）。其所屬組生成之日連同其他候選一併判定。**`deferred` 不是 `not-sibling`**：前者是「尚未問」，後者是「問過了，答案是否」
2.8	11.5	deferred	true	vocab	129	**依 41 §3 規則三入表（42 §2 之全量重建）。** 兩節皆未生成，現在判無處可用 —— sibling 判定之用途是寫 TC 時決定 `duplicate_of`／`distinguishing_axis`（§4.6）。其所屬組生成之日連同其他候選一併判定。**`deferred` 不是 `not-sibling`**：前者是「尚未問」，後者是「問過了，答案是否」
2.8	12.2	deferred	true	vocab	129	**依 41 §3 規則三入表（42 §2 之全量重建）。** 兩節皆未生成，現在判無處可用 —— sibling 判定之用途是寫 TC 時決定 `duplicate_of`／`distinguishing_axis`（§4.6）。其所屬組生成之日連同其他候選一併判定。**`deferred` 不是 `not-sibling`**：前者是「尚未問」，後者是「問過了，答案是否」
2.8	12.6	deferred	true	vocab	129	**依 41 §3 規則三入表（42 §2 之全量重建）。** 兩節皆未生成，現在判無處可用 —— sibling 判定之用途是寫 TC 時決定 `duplicate_of`／`distinguishing_axis`（§4.6）。其所屬組生成之日連同其他候選一併判定。**`deferred` 不是 `not-sibling`**：前者是「尚未問」，後者是「問過了，答案是否」
2.8	12.7	deferred	true	vocab	129	**依 41 §3 規則三入表（42 §2 之全量重建）。** 兩節皆未生成，現在判無處可用 —— sibling 判定之用途是寫 TC 時決定 `duplicate_of`／`distinguishing_axis`（§4.6）。其所屬組生成之日連同其他候選一併判定。**`deferred` 不是 `not-sibling`**：前者是「尚未問」，後者是「問過了，答案是否」
2.8	12.9	deferred	true	vocab	129	**依 41 §3 規則三入表（42 §2 之全量重建）。** 兩節皆未生成，現在判無處可用 —— sibling 判定之用途是寫 TC 時決定 `duplicate_of`／`distinguishing_axis`（§4.6）。其所屬組生成之日連同其他候選一併判定。**`deferred` 不是 `not-sibling`**：前者是「尚未問」，後者是「問過了，答案是否」
2.8	14.1.1	deferred	true	vocab	129	**依 41 §3 規則三入表（42 §2 之全量重建）。** 兩節皆未生成，現在判無處可用 —— sibling 判定之用途是寫 TC 時決定 `duplicate_of`／`distinguishing_axis`（§4.6）。其所屬組生成之日連同其他候選一併判定。**`deferred` 不是 `not-sibling`**：前者是「尚未問」，後者是「問過了，答案是否」
2.8	14.10.1	deferred	true	vocab	129	**依 41 §3 規則三入表（42 §2 之全量重建）。** 兩節皆未生成，現在判無處可用 —— sibling 判定之用途是寫 TC 時決定 `duplicate_of`／`distinguishing_axis`（§4.6）。其所屬組生成之日連同其他候選一併判定。**`deferred` 不是 `not-sibling`**：前者是「尚未問」，後者是「問過了，答案是否」
2.8	14.11	deferred	true	vocab	129	**依 41 §3 規則三入表（42 §2 之全量重建）。** 兩節皆未生成，現在判無處可用 —— sibling 判定之用途是寫 TC 時決定 `duplicate_of`／`distinguishing_axis`（§4.6）。其所屬組生成之日連同其他候選一併判定。**`deferred` 不是 `not-sibling`**：前者是「尚未問」，後者是「問過了，答案是否」
2.8	14.13	deferred	true	vocab	129	**依 41 §3 規則三入表（42 §2 之全量重建）。** 兩節皆未生成，現在判無處可用 —— sibling 判定之用途是寫 TC 時決定 `duplicate_of`／`distinguishing_axis`（§4.6）。其所屬組生成之日連同其他候選一併判定。**`deferred` 不是 `not-sibling`**：前者是「尚未問」，後者是「問過了，答案是否」
2.8	14.19	deferred	true	vocab	129	**依 41 §3 規則三入表（42 §2 之全量重建）。** 兩節皆未生成，現在判無處可用 —— sibling 判定之用途是寫 TC 時決定 `duplicate_of`／`distinguishing_axis`（§4.6）。其所屬組生成之日連同其他候選一併判定。**`deferred` 不是 `not-sibling`**：前者是「尚未問」，後者是「問過了，答案是否」
2.8	14.3	deferred	true	vocab	129	**依 41 §3 規則三入表（42 §2 之全量重建）。** 兩節皆未生成，現在判無處可用 —— sibling 判定之用途是寫 TC 時決定 `duplicate_of`／`distinguishing_axis`（§4.6）。其所屬組生成之日連同其他候選一併判定。**`deferred` 不是 `not-sibling`**：前者是「尚未問」，後者是「問過了，答案是否」
2.8	15.1	deferred	true	vocab	129	**依 41 §3 規則三入表（42 §2 之全量重建）。** 兩節皆未生成，現在判無處可用 —— sibling 判定之用途是寫 TC 時決定 `duplicate_of`／`distinguishing_axis`（§4.6）。其所屬組生成之日連同其他候選一併判定。**`deferred` 不是 `not-sibling`**：前者是「尚未問」，後者是「問過了，答案是否」
2.8	16.10	deferred	true	vocab	129	**依 41 §3 規則三入表（42 §2 之全量重建）。** 兩節皆未生成，現在判無處可用 —— sibling 判定之用途是寫 TC 時決定 `duplicate_of`／`distinguishing_axis`（§4.6）。其所屬組生成之日連同其他候選一併判定。**`deferred` 不是 `not-sibling`**：前者是「尚未問」，後者是「問過了，答案是否」
2.8	16.11	deferred	true	vocab	129	**依 41 §3 規則三入表（42 §2 之全量重建）。** 兩節皆未生成，現在判無處可用 —— sibling 判定之用途是寫 TC 時決定 `duplicate_of`／`distinguishing_axis`（§4.6）。其所屬組生成之日連同其他候選一併判定。**`deferred` 不是 `not-sibling`**：前者是「尚未問」，後者是「問過了，答案是否」
2.8	16.12	deferred	true	vocab	129	**依 41 §3 規則三入表（42 §2 之全量重建）。** 兩節皆未生成，現在判無處可用 —— sibling 判定之用途是寫 TC 時決定 `duplicate_of`／`distinguishing_axis`（§4.6）。其所屬組生成之日連同其他候選一併判定。**`deferred` 不是 `not-sibling`**：前者是「尚未問」，後者是「問過了，答案是否」
2.8	16.13	deferred	true	vocab	129	**依 41 §3 規則三入表（42 §2 之全量重建）。** 兩節皆未生成，現在判無處可用 —— sibling 判定之用途是寫 TC 時決定 `duplicate_of`／`distinguishing_axis`（§4.6）。其所屬組生成之日連同其他候選一併判定。**`deferred` 不是 `not-sibling`**：前者是「尚未問」，後者是「問過了，答案是否」
2.8	16.14	deferred	true	vocab	129	**依 41 §3 規則三入表（42 §2 之全量重建）。** 兩節皆未生成，現在判無處可用 —— sibling 判定之用途是寫 TC 時決定 `duplicate_of`／`distinguishing_axis`（§4.6）。其所屬組生成之日連同其他候選一併判定。**`deferred` 不是 `not-sibling`**：前者是「尚未問」，後者是「問過了，答案是否」
2.8	16.15	deferred	true	vocab	129	**依 41 §3 規則三入表（42 §2 之全量重建）。** 兩節皆未生成，現在判無處可用 —— sibling 判定之用途是寫 TC 時決定 `duplicate_of`／`distinguishing_axis`（§4.6）。其所屬組生成之日連同其他候選一併判定。**`deferred` 不是 `not-sibling`**：前者是「尚未問」，後者是「問過了，答案是否」
2.8	16.17	deferred	true	vocab	129	**依 41 §3 規則三入表（42 §2 之全量重建）。** 兩節皆未生成，現在判無處可用 —— sibling 判定之用途是寫 TC 時決定 `duplicate_of`／`distinguishing_axis`（§4.6）。其所屬組生成之日連同其他候選一併判定。**`deferred` 不是 `not-sibling`**：前者是「尚未問」，後者是「問過了，答案是否」
2.8	16.2	deferred	true	vocab	129	**依 41 §3 規則三入表（42 §2 之全量重建）。** 兩節皆未生成，現在判無處可用 —— sibling 判定之用途是寫 TC 時決定 `duplicate_of`／`distinguishing_axis`（§4.6）。其所屬組生成之日連同其他候選一併判定。**`deferred` 不是 `not-sibling`**：前者是「尚未問」，後者是「問過了，答案是否」
2.8	16.3	deferred	true	vocab	129	**依 41 §3 規則三入表（42 §2 之全量重建）。** 兩節皆未生成，現在判無處可用 —— sibling 判定之用途是寫 TC 時決定 `duplicate_of`／`distinguishing_axis`（§4.6）。其所屬組生成之日連同其他候選一併判定。**`deferred` 不是 `not-sibling`**：前者是「尚未問」，後者是「問過了，答案是否」
2.8	16.4	deferred	true	vocab	129	**依 41 §3 規則三入表（42 §2 之全量重建）。** 兩節皆未生成，現在判無處可用 —— sibling 判定之用途是寫 TC 時決定 `duplicate_of`／`distinguishing_axis`（§4.6）。其所屬組生成之日連同其他候選一併判定。**`deferred` 不是 `not-sibling`**：前者是「尚未問」，後者是「問過了，答案是否」
2.8	16.5	deferred	true	vocab	129	**依 41 §3 規則三入表（42 §2 之全量重建）。** 兩節皆未生成，現在判無處可用 —— sibling 判定之用途是寫 TC 時決定 `duplicate_of`／`distinguishing_axis`（§4.6）。其所屬組生成之日連同其他候選一併判定。**`deferred` 不是 `not-sibling`**：前者是「尚未問」，後者是「問過了，答案是否」
2.8	16.7	deferred	true	vocab	129	**依 41 §3 規則三入表（42 §2 之全量重建）。** 兩節皆未生成，現在判無處可用 —— sibling 判定之用途是寫 TC 時決定 `duplicate_of`／`distinguishing_axis`（§4.6）。其所屬組生成之日連同其他候選一併判定。**`deferred` 不是 `not-sibling`**：前者是「尚未問」，後者是「問過了，答案是否」
2.8	16.8	deferred	true	vocab	129	**依 41 §3 規則三入表（42 §2 之全量重建）。** 兩節皆未生成，現在判無處可用 —— sibling 判定之用途是寫 TC 時決定 `duplicate_of`／`distinguishing_axis`（§4.6）。其所屬組生成之日連同其他候選一併判定。**`deferred` 不是 `not-sibling`**：前者是「尚未問」，後者是「問過了，答案是否」
2.8	16.9	deferred	true	via-hierarchy	129	**本對僅因階層關係而成為候選（43 §2，`source = via-hierarchy`）。** `16.9` 與 `2.8` 之詞彙集**無交集**；其共有語彙 ['DEFROST'] 係由特化詞導出之泛化詞（表：`AUTO ECO` → `AUTO`, `ECO HVAC` → `HVAC`, `FRONT DEF` → `DEFROST`, `MAX A/C` → `A/C`, `MAX DEF` → `DEFROST`, `REAR DEF` → `DEFROST`）。**階層不是等價** —— 每個 AUTO ECO 都是 AUTO，但 AUTO 不必然是 AUTO ECO，故本表單向且其輸出另標來源，不併入等價組。共有語彙為**低頻詞**，無既有類級判定可沿用，故記 `deferred`（尚未問）而非類級 verdict —— 對一個沒有類的詞給類級 verdict，等於宣稱一個沒有人做過的判定。
2.8	17.2	deferred	true	vocab	129	**依 41 §3 規則三入表（42 §2 之全量重建）。** 兩節皆未生成，現在判無處可用 —— sibling 判定之用途是寫 TC 時決定 `duplicate_of`／`distinguishing_axis`（§4.6）。其所屬組生成之日連同其他候選一併判定。**`deferred` 不是 `not-sibling`**：前者是「尚未問」，後者是「問過了，答案是否」
2.8	2.10	deferred	true	vocab	129	**依 41 §3 規則三入表（42 §2 之全量重建）。** 兩節皆未生成，現在判無處可用 —— sibling 判定之用途是寫 TC 時決定 `duplicate_of`／`distinguishing_axis`（§4.6）。其所屬組生成之日連同其他候選一併判定。**`deferred` 不是 `not-sibling`**：前者是「尚未問」，後者是「問過了，答案是否」
2.8	2.11	deferred	true	vocab	129	**依 41 §3 規則三入表（42 §2 之全量重建）。** 兩節皆未生成，現在判無處可用 —— sibling 判定之用途是寫 TC 時決定 `duplicate_of`／`distinguishing_axis`（§4.6）。其所屬組生成之日連同其他候選一併判定。**`deferred` 不是 `not-sibling`**：前者是「尚未問」，後者是「問過了，答案是否」
2.8	2.13	deferred	true	via-hierarchy	129	**本對僅因階層關係而成為候選（43 §2，`source = via-hierarchy`）。** `2.13` 與 `2.8` 之詞彙集**無交集**；其共有語彙 ['A/C'] 係由特化詞導出之泛化詞（表：`AUTO ECO` → `AUTO`, `ECO HVAC` → `HVAC`, `FRONT DEF` → `DEFROST`, `MAX A/C` → `A/C`, `MAX DEF` → `DEFROST`, `REAR DEF` → `DEFROST`）。**階層不是等價** —— 每個 AUTO ECO 都是 AUTO，但 AUTO 不必然是 AUTO ECO，故本表單向且其輸出另標來源，不併入等價組。共有語彙為**低頻詞**，無既有類級判定可沿用，故記 `deferred`（尚未問）而非類級 verdict —— 對一個沒有類的詞給類級 verdict，等於宣稱一個沒有人做過的判定。
2.8	2.14	not-sibling	true	vocab	129	[逐對] 同章不同 Test Set，兩節分述不同功能（MTC 之界定、風速值域、dual AUTO、A/C、3 狀態 recirc、Defrost）。共有語彙 `AUTO`／`MODE` 出現於各自之連動子句，非同一可觀察量（41 §3 規則二：一節已生成、一節未生成）
2.8	2.16	not-broken-by-3-samples (class)	true	vocab	129	**類級判定，措辭依 41 §4 訂正。** 原記 `not-sibling (class)` 為過度陳述：本類之依據為三對抽樣未破，而三對之力度**足以破類，不足以證類**（R-C37：一個反例即證偽，N 個正例不證真）。本對尚未逐對判定；依 41 §3 規則二／三，其所屬節生成之日轉為逐對判定，類級判定不因曾通過而免除。[類級 `FAN`] `FAN` 為泛用控制名（且涵蓋座椅送風）；共有該詞不表示述及同一需求。**類級判定之效力低於逐對判定** —— 日後若本類中發現真 sibling，本類之判定即失效。抽樣覆核見上繳 29 §3.3
2.8	3.2	not-sibling	true	vocab	129	[逐對] 共有 ['A/C', 'AUTO', 'FAN', 'RECIRC']。共有者為控制名，兩節各定義不同需求（同章不同組）
2.8	3.3	deferred	true	via-hierarchy	129	**本對僅因階層關係而成為候選（43 §2，`source = via-hierarchy`）。** `2.8` 與 `3.3` 之詞彙集**無交集**；其共有語彙 ['DEFROST'] 係由特化詞導出之泛化詞（表：`AUTO ECO` → `AUTO`, `ECO HVAC` → `HVAC`, `FRONT DEF` → `DEFROST`, `MAX A/C` → `A/C`, `MAX DEF` → `DEFROST`, `REAR DEF` → `DEFROST`）。**階層不是等價** —— 每個 AUTO ECO 都是 AUTO，但 AUTO 不必然是 AUTO ECO，故本表單向且其輸出另標來源，不併入等價組。共有語彙為**低頻詞**，無既有類級判定可沿用，故記 `deferred`（尚未問）而非類級 verdict —— 對一個沒有類的詞給類級 verdict，等於宣稱一個沒有人做過的判定。
2.8	3.4	deferred	true	via-hierarchy	129	**本對僅因階層關係而成為候選（43 §2，`source = via-hierarchy`）。** `2.8` 與 `3.4` 之詞彙集**無交集**；其共有語彙 ['DEFROST'] 係由特化詞導出之泛化詞（表：`AUTO ECO` → `AUTO`, `ECO HVAC` → `HVAC`, `FRONT DEF` → `DEFROST`, `MAX A/C` → `A/C`, `MAX DEF` → `DEFROST`, `REAR DEF` → `DEFROST`）。**階層不是等價** —— 每個 AUTO ECO 都是 AUTO，但 AUTO 不必然是 AUTO ECO，故本表單向且其輸出另標來源，不併入等價組。共有語彙為**低頻詞**，無既有類級判定可沿用，故記 `deferred`（尚未問）而非類級 verdict —— 對一個沒有類的詞給類級 verdict，等於宣稱一個沒有人做過的判定。
2.8	7.1	deferred	true	vocab	129	**依 41 §3 規則三入表（42 §2 之全量重建）。** 兩節皆未生成，現在判無處可用 —— sibling 判定之用途是寫 TC 時決定 `duplicate_of`／`distinguishing_axis`（§4.6）。其所屬組生成之日連同其他候選一併判定。**`deferred` 不是 `not-sibling`**：前者是「尚未問」，後者是「問過了，答案是否」
2.8	7.1.1	deferred	true	vocab	129	**依 41 §3 規則三入表（42 §2 之全量重建）。** 兩節皆未生成，現在判無處可用 —— sibling 判定之用途是寫 TC 時決定 `duplicate_of`／`distinguishing_axis`（§4.6）。其所屬組生成之日連同其他候選一併判定。**`deferred` 不是 `not-sibling`**：前者是「尚未問」，後者是「問過了，答案是否」
2.8	7.2	deferred	true	vocab	129	**依 41 §3 規則三入表（42 §2 之全量重建）。** 兩節皆未生成，現在判無處可用 —— sibling 判定之用途是寫 TC 時決定 `duplicate_of`／`distinguishing_axis`（§4.6）。其所屬組生成之日連同其他候選一併判定。**`deferred` 不是 `not-sibling`**：前者是「尚未問」，後者是「問過了，答案是否」
2.8	7.5	deferred	true	vocab	129	**依 41 §3 規則三入表（42 §2 之全量重建）。** 兩節皆未生成，現在判無處可用 —— sibling 判定之用途是寫 TC 時決定 `duplicate_of`／`distinguishing_axis`（§4.6）。其所屬組生成之日連同其他候選一併判定。**`deferred` 不是 `not-sibling`**：前者是「尚未問」，後者是「問過了，答案是否」
2.8	7.7	deferred	true	vocab	129	**依 41 §3 規則三入表（42 §2 之全量重建）。** 兩節皆未生成，現在判無處可用 —— sibling 判定之用途是寫 TC 時決定 `duplicate_of`／`distinguishing_axis`（§4.6）。其所屬組生成之日連同其他候選一併判定。**`deferred` 不是 `not-sibling`**：前者是「尚未問」，後者是「問過了，答案是否」
2.8	7.8	deferred	true	vocab	129	**依 41 §3 規則三入表（42 §2 之全量重建）。** 兩節皆未生成，現在判無處可用 —— sibling 判定之用途是寫 TC 時決定 `duplicate_of`／`distinguishing_axis`（§4.6）。其所屬組生成之日連同其他候選一併判定。**`deferred` 不是 `not-sibling`**：前者是「尚未問」，後者是「問過了，答案是否」
2.8	7.9	deferred	true	vocab	129	**依 41 §3 規則三入表（42 §2 之全量重建）。** 兩節皆未生成，現在判無處可用 —— sibling 判定之用途是寫 TC 時決定 `duplicate_of`／`distinguishing_axis`（§4.6）。其所屬組生成之日連同其他候選一併判定。**`deferred` 不是 `not-sibling`**：前者是「尚未問」，後者是「問過了，答案是否」
2.8	9.2	deferred	true	vocab	129	**依 41 §3 規則三入表（42 §2 之全量重建）。** 兩節皆未生成，現在判無處可用 —— sibling 判定之用途是寫 TC 時決定 `duplicate_of`／`distinguishing_axis`（§4.6）。其所屬組生成之日連同其他候選一併判定。**`deferred` 不是 `not-sibling`**：前者是「尚未問」，後者是「問過了，答案是否」
2.9	15.1	deferred	true	vocab	129	**依 41 §3 規則三入表（42 §2 之全量重建）。** 兩節皆未生成，現在判無處可用 —— sibling 判定之用途是寫 TC 時決定 `duplicate_of`／`distinguishing_axis`（§4.6）。其所屬組生成之日連同其他候選一併判定。**`deferred` 不是 `not-sibling`**：前者是「尚未問」，後者是「問過了，答案是否」
2.9	16.10	deferred	true	vocab	129	**依 41 §3 規則三入表（42 §2 之全量重建）。** 兩節皆未生成，現在判無處可用 —— sibling 判定之用途是寫 TC 時決定 `duplicate_of`／`distinguishing_axis`（§4.6）。其所屬組生成之日連同其他候選一併判定。**`deferred` 不是 `not-sibling`**：前者是「尚未問」，後者是「問過了，答案是否」
2.9	16.13	deferred	true	via-hierarchy	129	**本對僅因階層關係而成為候選（43 §2，`source = via-hierarchy`）。** `16.13` 與 `2.9` 之詞彙集**無交集**；其共有語彙 ['DEFROST'] 係由特化詞導出之泛化詞（表：`AUTO ECO` → `AUTO`, `ECO HVAC` → `HVAC`, `FRONT DEF` → `DEFROST`, `MAX A/C` → `A/C`, `MAX DEF` → `DEFROST`, `REAR DEF` → `DEFROST`）。**階層不是等價** —— 每個 AUTO ECO 都是 AUTO，但 AUTO 不必然是 AUTO ECO，故本表單向且其輸出另標來源，不併入等價組。共有語彙為**低頻詞**，無既有類級判定可沿用，故記 `deferred`（尚未問）而非類級 verdict —— 對一個沒有類的詞給類級 verdict，等於宣稱一個沒有人做過的判定。
2.9	16.15	deferred	true	vocab	129	**依 41 §3 規則三入表（42 §2 之全量重建）。** 兩節皆未生成，現在判無處可用 —— sibling 判定之用途是寫 TC 時決定 `duplicate_of`／`distinguishing_axis`（§4.6）。其所屬組生成之日連同其他候選一併判定。**`deferred` 不是 `not-sibling`**：前者是「尚未問」，後者是「問過了，答案是否」
2.9	16.3	deferred	true	via-hierarchy	129	**本對僅因階層關係而成為候選（43 §2，`source = via-hierarchy`）。** `16.3` 與 `2.9` 之詞彙集**無交集**；其共有語彙 ['DEFROST'] 係由特化詞導出之泛化詞（表：`AUTO ECO` → `AUTO`, `ECO HVAC` → `HVAC`, `FRONT DEF` → `DEFROST`, `MAX A/C` → `A/C`, `MAX DEF` → `DEFROST`, `REAR DEF` → `DEFROST`）。**階層不是等價** —— 每個 AUTO ECO 都是 AUTO，但 AUTO 不必然是 AUTO ECO，故本表單向且其輸出另標來源，不併入等價組。共有語彙為**低頻詞**，無既有類級判定可沿用，故記 `deferred`（尚未問）而非類級 verdict —— 對一個沒有類的詞給類級 verdict，等於宣稱一個沒有人做過的判定。
2.9	16.4	deferred	true	vocab	129	**依 41 §3 規則三入表（42 §2 之全量重建）。** 兩節皆未生成，現在判無處可用 —— sibling 判定之用途是寫 TC 時決定 `duplicate_of`／`distinguishing_axis`（§4.6）。其所屬組生成之日連同其他候選一併判定。**`deferred` 不是 `not-sibling`**：前者是「尚未問」，後者是「問過了，答案是否」
2.9	16.8	deferred	true	vocab	129	**依 41 §3 規則三入表（42 §2 之全量重建）。** 兩節皆未生成，現在判無處可用 —— sibling 判定之用途是寫 TC 時決定 `duplicate_of`／`distinguishing_axis`（§4.6）。其所屬組生成之日連同其他候選一併判定。**`deferred` 不是 `not-sibling`**：前者是「尚未問」，後者是「問過了，答案是否」
2.9	16.9	deferred	true	vocab	129	**依 41 §3 規則三入表（42 §2 之全量重建）。** 兩節皆未生成，現在判無處可用 —— sibling 判定之用途是寫 TC 時決定 `duplicate_of`／`distinguishing_axis`（§4.6）。其所屬組生成之日連同其他候選一併判定。**`deferred` 不是 `not-sibling`**：前者是「尚未問」，後者是「問過了，答案是否」
2.9	2.10	deferred	true	vocab	129	**依 41 §3 規則三入表（42 §2 之全量重建）。** 兩節皆未生成，現在判無處可用 —— sibling 判定之用途是寫 TC 時決定 `duplicate_of`／`distinguishing_axis`（§4.6）。其所屬組生成之日連同其他候選一併判定。**`deferred` 不是 `not-sibling`**：前者是「尚未問」，後者是「問過了，答案是否」
2.9	3.2	not-sibling	true	vocab	129	[逐對] 共有 ['REAR DEF']。共有者為控制名，兩節各定義不同需求（同章不同組）
2.9	3.3	not-sibling	true	vocab	129	[逐對] 共有 ['REAR DEF']。共有者為控制名，兩節各定義不同需求（同章不同組）
2.9	3.4	not-sibling	true	vocab	129	[逐對] 共有 ['REAR DEF']。共有者為控制名，兩節各定義不同需求（同章不同組）
3.1	10.1	not-sibling	false	vocab	129	[逐對] ch3 之 tri-mode／MAX DEF 與 ch10 之 AUTO ECO 分屬不同功能；其唯一交會為「BEV 上按 AUTO 由 MAX DEF 退出後進入何種 AUTO」，已登 DATA_REQUESTS #22 為 coverage hole，非 sibling（41 §3 規則一：兩節皆已生成）
3.1	10.5	not-sibling	false	vocab	129	[逐對] ch3 之 tri-mode／MAX DEF 與 ch10 之 AUTO ECO 分屬不同功能；其唯一交會為「BEV 上按 AUTO 由 MAX DEF 退出後進入何種 AUTO」，已登 DATA_REQUESTS #22 為 coverage hole，非 sibling（41 §3 規則一：兩節皆已生成）
3.1	10.6	not-sibling	false	vocab	129	[逐對] ch3 之 tri-mode／MAX DEF 與 ch10 之 AUTO ECO 分屬不同功能；其唯一交會為「BEV 上按 AUTO 由 MAX DEF 退出後進入何種 AUTO」，已登 DATA_REQUESTS #22 為 coverage hole，非 sibling（41 §3 規則一：兩節皆已生成）
3.1	10.9.1	not-sibling	false	vocab	129	[逐對] ch3 之 tri-mode／MAX DEF 與 ch10 之 AUTO ECO 分屬不同功能；其唯一交會為「BEV 上按 AUTO 由 MAX DEF 退出後進入何種 AUTO」，已登 DATA_REQUESTS #22 為 coverage hole，非 sibling（41 §3 規則一：兩節皆已生成）
3.1	12.7	not-sibling	true	vocab	129	[逐對] **同形異義** —— ch11／ch12 之 `Auto` 出現於 HVS6 之 `Auto Comfort Settings options for heated/vented seats`（座椅之自動舒適設定），與 HVAC 之 AUTO 模式非同一功能；12.7 之 `FAN`／`MODE` 指 popup 圖片之版面規則，非風速或氣流模式本身。共有語彙為字面巧合（41 §3 規則二：一節已生成、一節未生成）
3.1	14.10	not-sibling	true	vocab	129	[逐對] ch14 之各節定 popup 之**呈現條件**（互動性、simulated off/idle、下螢幕不觸發、widget 顯示中之取捨），其對象為全部 HVAC popup；對造節定的是**該 popup 所示之內容**或某功能自身之行為。同一 popup 之兩個不同面向，非同一需求（41 §3 規則二：一節已生成、一節未生成）
3.1	14.10.1	not-sibling	true	vocab	129	[逐對] ch14 之各節定 popup 之**呈現條件**（互動性、simulated off/idle、下螢幕不觸發、widget 顯示中之取捨），其對象為全部 HVAC popup；對造節定的是**該 popup 所示之內容**或某功能自身之行為。同一 popup 之兩個不同面向，非同一需求（41 §3 規則二：一節已生成、一節未生成）
3.1	14.13	not-sibling	true	vocab	129	[逐對] ch14 之各節定 popup 之**呈現條件**（互動性、simulated off/idle、下螢幕不觸發、widget 顯示中之取捨），其對象為全部 HVAC popup；對造節定的是**該 popup 所示之內容**或某功能自身之行為。同一 popup 之兩個不同面向，非同一需求（41 §3 規則二：一節已生成、一節未生成）
3.1	14.19	not-sibling	true	vocab	129	[逐對] ch14 之各節定 popup 之**呈現條件**（互動性、simulated off/idle、下螢幕不觸發、widget 顯示中之取捨），其對象為全部 HVAC popup；對造節定的是**該 popup 所示之內容**或某功能自身之行為。同一 popup 之兩個不同面向，非同一需求（41 §3 規則二：一節已生成、一節未生成）
3.1	14.3	not-sibling	true	vocab	129	[逐對] ch14 之各節定 popup 之**呈現條件**（互動性、simulated off/idle、下螢幕不觸發、widget 顯示中之取捨），其對象為全部 HVAC popup；對造節定的是**該 popup 所示之內容**或某功能自身之行為。同一 popup 之兩個不同面向，非同一需求（41 §3 規則二：一節已生成、一節未生成）
3.1	14.4	not-sibling	true	vocab	129	[逐對] ch14 之各節定 popup 之**呈現條件**（互動性、simulated off/idle、下螢幕不觸發、widget 顯示中之取捨），其對象為全部 HVAC popup；對造節定的是**該 popup 所示之內容**或某功能自身之行為。同一 popup 之兩個不同面向，非同一需求（41 §3 規則二：一節已生成、一節未生成）
3.1	15.1	not-sibling	true	vocab	129	[逐對] HVACP11.1 為進入／退出某功能時**顯示哪一個 popup** 之對照表（且明言圖為示例），對造節定的是該功能自身之狀態或組合。非同一需求（41 §3 規則二：一節已生成、一節未生成）
3.1	16.10	not-sibling	true	vocab	129	[逐對] **鏡射關係，非 §4.6 sibling** —— ch16 為 EMEA ICS 車輛之另一套介面，其節與 ch2／ch3 之對應已記於 `ch16_mirror_map.tsv`，兩套介面**不會同時出現於同一車輛**，故 `3.1` 與 `16.10` 無共存之車輛可言。ch10 側另有一層：ch16 十八節無 ECO HVAC 之對應節，該表 ch10 側全無列（41 §3 規則二：一節已生成、一節未生成）
3.1	16.11	not-sibling	true	vocab	129	[逐對] **鏡射關係，非 §4.6 sibling** —— ch16 為 EMEA ICS 車輛之另一套介面，其節與 ch2／ch3 之對應已記於 `ch16_mirror_map.tsv`，兩套介面**不會同時出現於同一車輛**，故 `3.1` 與 `16.11` 無共存之車輛可言。ch10 側另有一層：ch16 十八節無 ECO HVAC 之對應節，該表 ch10 側全無列（41 §3 規則二：一節已生成、一節未生成）
3.1	16.12	not-sibling	true	vocab	129	[逐對] **鏡射關係，非 §4.6 sibling** —— ch16 為 EMEA ICS 車輛之另一套介面，其節與 ch2／ch3 之對應已記於 `ch16_mirror_map.tsv`，兩套介面**不會同時出現於同一車輛**，故 `3.1` 與 `16.12` 無共存之車輛可言。ch10 側另有一層：ch16 十八節無 ECO HVAC 之對應節，該表 ch10 側全無列（41 §3 規則二：一節已生成、一節未生成）
3.1	16.12.1	not-sibling	true	vocab	129	[逐對] **鏡射關係，非 §4.6 sibling** —— ch16 為 EMEA ICS 車輛之另一套介面，其節與 ch2／ch3 之對應已記於 `ch16_mirror_map.tsv`，兩套介面**不會同時出現於同一車輛**，故 `3.1` 與 `16.12.1` 無共存之車輛可言。ch10 側另有一層：ch16 十八節無 ECO HVAC 之對應節，該表 ch10 側全無列（41 §3 規則二：一節已生成、一節未生成）
3.1	16.13	not-sibling	true	vocab	129	[逐對] **鏡射關係，非 §4.6 sibling** —— ch16 為 EMEA ICS 車輛之另一套介面，其節與 ch2／ch3 之對應已記於 `ch16_mirror_map.tsv`，兩套介面**不會同時出現於同一車輛**，故 `3.1` 與 `16.13` 無共存之車輛可言。ch10 側另有一層：ch16 十八節無 ECO HVAC 之對應節，該表 ch10 側全無列（41 §3 規則二：一節已生成、一節未生成）
3.1	16.3	not-sibling	true	vocab	129	[逐對] **鏡射關係，非 §4.6 sibling** —— ch16 為 EMEA ICS 車輛之另一套介面，其節與 ch2／ch3 之對應已記於 `ch16_mirror_map.tsv`，兩套介面**不會同時出現於同一車輛**，故 `3.1` 與 `16.3` 無共存之車輛可言。ch10 側另有一層：ch16 十八節無 ECO HVAC 之對應節，該表 ch10 側全無列（41 §3 規則二：一節已生成、一節未生成）
3.1	16.8	not-sibling	true	vocab	129	[逐對] **鏡射關係，非 §4.6 sibling** —— ch16 為 EMEA ICS 車輛之另一套介面，其節與 ch2／ch3 之對應已記於 `ch16_mirror_map.tsv`，兩套介面**不會同時出現於同一車輛**，故 `3.1` 與 `16.8` 無共存之車輛可言。ch10 側另有一層：ch16 十八節無 ECO HVAC 之對應節，該表 ch10 側全無列（41 §3 規則二：一節已生成、一節未生成）
3.1	7.2	not-sibling	true	vocab	129	[逐對] 依 `ch2_ch7_mirror_map.tsv`：ch7 之各節對造皆在 ch2，ch3 側無列。C19 為前排 tri-mode 之氣流模式集合，ch7 之對造節為 CR2／CR7／CR8（各自對應 C2／C12／C13），非 C19（41 §3 規則二：一節已生成、一節未生成）
3.1	7.7	not-sibling	true	vocab	129	[逐對] 依 `ch2_ch7_mirror_map.tsv`：ch7 之各節對造皆在 ch2，ch3 側無列。C19 為前排 tri-mode 之氣流模式集合，ch7 之對造節為 CR2／CR7／CR8（各自對應 C2／C12／C13），非 C19（41 §3 規則二：一節已生成、一節未生成）
3.1	7.8	not-sibling	true	vocab	129	[逐對] C19（tri-mode 前排 3 鍵 7 組合，可個別切換）與 CR8（後排 3 狀態，一次一個且 Only one mode can be selected at a time）**數字相同而需求不同**：前者之 3 為可個別切換之按鈕數，後者之 3 為互斥狀態數。CR8 之對造為 C13（見 `ch2_ch7_mirror_map.tsv` 之 7.8↔2.12 mirrored），非 C19（41 §3 規則二：一節已生成、一節未生成）
3.2	10.1	not-sibling	false	vocab	129	[逐對] ch3 之 tri-mode／MAX DEF 與 ch10 之 AUTO ECO 分屬不同功能；其唯一交會為「BEV 上按 AUTO 由 MAX DEF 退出後進入何種 AUTO」，已登 DATA_REQUESTS #22 為 coverage hole，非 sibling（41 §3 規則一：兩節皆已生成）
3.2	10.2	not-sibling	false	vocab	129	[逐對] ch3 之 tri-mode／MAX DEF 與 ch10 之 AUTO ECO 分屬不同功能；其唯一交會為「BEV 上按 AUTO 由 MAX DEF 退出後進入何種 AUTO」，已登 DATA_REQUESTS #22 為 coverage hole，非 sibling（41 §3 規則一：兩節皆已生成）
3.2	10.3	not-sibling	false	via-hierarchy	129	僅高頻詞（AUTO）重疊，非同一需求之兩處陳述。**本對由 39 §4.1 之「標記取代排除」而首次出現於候選清單** —— 舊版將該詞逐出詞彙集，故此對從未被產出過。**本對於 42 §2 之重建曾退為「不再是候選」**（`AUTO ECO` 不吐 `AUTO`，上繳 31 §2.2）；43 §2 之階層表使其回到候選集，`source` 為 `via-hierarchy`。原判定不變
3.2	10.4	not-sibling	false	vocab	129	[逐對] ch3 之 tri-mode／MAX DEF 與 ch10 之 AUTO ECO 分屬不同功能；其唯一交會為「BEV 上按 AUTO 由 MAX DEF 退出後進入何種 AUTO」，已登 DATA_REQUESTS #22 為 coverage hole，非 sibling（41 §3 規則一：兩節皆已生成）
3.2	10.5	not-sibling	false	vocab	129	[逐對] 共有 ['AUTO', 'FAN', 'MODE']。ch10 之 ECO 行為為 standard AUTO 之外加狀態，其對造為 2.3（standard AUTO）而非本對；共有語彙為控制名
3.2	10.6	not-sibling	false	vocab	129	[逐對] 共有 ['AUTO', 'FAN', 'MODE']。ch10 之 ECO 行為為 standard AUTO 之外加狀態，其對造為 2.3（standard AUTO）而非本對；共有語彙為控制名
3.2	10.7	not-sibling	false	vocab	129	[逐對] ch3 之 tri-mode／MAX DEF 與 ch10 之 AUTO ECO 分屬不同功能；其唯一交會為「BEV 上按 AUTO 由 MAX DEF 退出後進入何種 AUTO」，已登 DATA_REQUESTS #22 為 coverage hole，非 sibling（41 §3 規則一：兩節皆已生成）
3.2	10.8	not-sibling	false	vocab	129	[逐對] ch3 之 tri-mode／MAX DEF 與 ch10 之 AUTO ECO 分屬不同功能；其唯一交會為「BEV 上按 AUTO 由 MAX DEF 退出後進入何種 AUTO」，已登 DATA_REQUESTS #22 為 coverage hole，非 sibling（41 §3 規則一：兩節皆已生成）
3.2	10.9	not-sibling	false	vocab	129	[逐對] ch3 之 tri-mode／MAX DEF 與 ch10 之 AUTO ECO 分屬不同功能；其唯一交會為「BEV 上按 AUTO 由 MAX DEF 退出後進入何種 AUTO」，已登 DATA_REQUESTS #22 為 coverage hole，非 sibling（41 §3 規則一：兩節皆已生成）
3.2	10.9.1	not-sibling	false	vocab	129	[逐對] 共有 ['AUTO', 'MODE']。ch10 之 ECO 行為為 standard AUTO 之外加狀態，其對造為 2.3（standard AUTO）而非本對；共有語彙為控制名
3.2	11.1	not-broken-by-3-samples (class)	true	vocab	129	**類級判定，措辭依 41 §4 訂正。** 原記 `not-sibling (class)` 為過度陳述：本類之依據為三對抽樣未破，而三對之力度**足以破類，不足以證類**（R-C37：一個反例即證偽，N 個正例不證真）。本對尚未逐對判定；依 41 §3 規則二／三，其所屬節生成之日轉為逐對判定，類級判定不因曾通過而免除。[類級 `HI`] `HI` 於溫度為最高檔位、於座椅為層級名，同形異義。**類級判定之效力低於逐對判定** —— 日後若本類中發現真 sibling，本類之判定即失效。抽樣覆核見上繳 29 §3.3
3.2	11.11	not-broken-by-3-samples (class)	true	vocab	129	**類級判定，措辭依 41 §4 訂正。** 原記 `not-sibling (class)` 為過度陳述：本類之依據為三對抽樣未破，而三對之力度**足以破類，不足以證類**（R-C37：一個反例即證偽，N 個正例不證真）。本對尚未逐對判定；依 41 §3 規則二／三，其所屬節生成之日轉為逐對判定，類級判定不因曾通過而免除。[類級 `TEMPERATURE`] `TEMPERATURE` 為泛用控制名，前後排、ATC／MTC 各章皆含之。**類級判定之效力低於逐對判定** —— 日後若本類中發現真 sibling，本類之判定即失效。抽樣覆核見上繳 29 §3.3
3.2	11.11.1	not-broken-by-3-samples (class)	true	vocab	129	**類級判定，措辭依 41 §4 訂正。** 原記 `not-sibling (class)` 為過度陳述：本類之依據為三對抽樣未破，而三對之力度**足以破類，不足以證類**（R-C37：一個反例即證偽，N 個正例不證真）。本對尚未逐對判定；依 41 §3 規則二／三，其所屬節生成之日轉為逐對判定，類級判定不因曾通過而免除。[類級 `TEMPERATURE`] `TEMPERATURE` 為泛用控制名，前後排、ATC／MTC 各章皆含之。**類級判定之效力低於逐對判定** —— 日後若本類中發現真 sibling，本類之判定即失效。抽樣覆核見上繳 29 §3.3
3.2	11.2	not-sibling	true	vocab	129	[逐對] 共有 ['FAN', 'HI']。座椅／方向盤加熱之 HI／LO 為**層級名稱**，與溫度之 HI／LO 同形異義；FAN 亦指座椅送風而非氣候風量
3.2	11.5	not-sibling	true	vocab	129	[逐對] **同形異義** —— ch11／ch12 之 `Auto` 出現於 HVS6 之 `Auto Comfort Settings options for heated/vented seats`（座椅之自動舒適設定），與 HVAC 之 AUTO 模式非同一功能；12.7 之 `FAN`／`MODE` 指 popup 圖片之版面規則，非風速或氣流模式本身。共有語彙為字面巧合（41 §3 規則二：一節已生成、一節未生成）
3.2	11.8	not-broken-by-3-samples (class)	true	vocab	129	**類級判定，措辭依 41 §4 訂正。** 原記 `not-sibling (class)` 為過度陳述：本類之依據為三對抽樣未破，而三對之力度**足以破類，不足以證類**（R-C37：一個反例即證偽，N 個正例不證真）。本對尚未逐對判定；依 41 §3 規則二／三，其所屬節生成之日轉為逐對判定，類級判定不因曾通過而免除。[類級 `HI`] `HI` 於溫度為最高檔位、於座椅為層級名，同形異義。**類級判定之效力低於逐對判定** —— 日後若本類中發現真 sibling，本類之判定即失效。抽樣覆核見上繳 29 §3.3
3.2	12.1	not-broken-by-3-samples (class)	true	vocab	129	**類級判定，措辭依 41 §4 訂正。** 原記 `not-sibling (class)` 為過度陳述：本類之依據為三對抽樣未破，而三對之力度**足以破類，不足以證類**（R-C37：一個反例即證偽，N 個正例不證真）。本對尚未逐對判定；依 41 §3 規則二／三，其所屬節生成之日轉為逐對判定，類級判定不因曾通過而免除。[類級 `HI`] `HI` 於溫度為最高檔位、於座椅為層級名，同形異義。**類級判定之效力低於逐對判定** —— 日後若本類中發現真 sibling，本類之判定即失效。抽樣覆核見上繳 29 §3.3
3.2	12.2	not-sibling	true	vocab	129	[逐對] 共有 ['FAN', 'HI']。座椅／方向盤加熱之 HI／LO 為**層級名稱**，與溫度之 HI／LO 同形異義；FAN 亦指座椅送風而非氣候風量
3.2	12.6	not-sibling	true	vocab	129	[逐對] **同形異義** —— ch11／ch12 之 `Auto` 出現於 HVS6 之 `Auto Comfort Settings options for heated/vented seats`（座椅之自動舒適設定），與 HVAC 之 AUTO 模式非同一功能；12.7 之 `FAN`／`MODE` 指 popup 圖片之版面規則，非風速或氣流模式本身。共有語彙為字面巧合（41 §3 規則二：一節已生成、一節未生成）
3.2	12.7	not-sibling	true	vocab	129	[逐對] 共有 ['FAN', 'MODE']。座椅／方向盤加熱之 HI／LO 為**層級名稱**，與溫度之 HI／LO 同形異義；FAN 亦指座椅送風而非氣候風量
3.2	12.8	not-broken-by-3-samples (class)	true	vocab	129	**類級判定，措辭依 41 §4 訂正。** 原記 `not-sibling (class)` 為過度陳述：本類之依據為三對抽樣未破，而三對之力度**足以破類，不足以證類**（R-C37：一個反例即證偽，N 個正例不證真）。本對尚未逐對判定；依 41 §3 規則二／三，其所屬節生成之日轉為逐對判定，類級判定不因曾通過而免除。[類級 `HI`] `HI` 於溫度為最高檔位、於座椅為層級名，同形異義。**類級判定之效力低於逐對判定** —— 日後若本類中發現真 sibling，本類之判定即失效。抽樣覆核見上繳 29 §3.3
3.2	12.9	not-sibling	true	vocab	129	[逐對] 共有 ['FAN', 'HI']。座椅／方向盤加熱之 HI／LO 為**層級名稱**，與溫度之 HI／LO 同形異義；FAN 亦指座椅送風而非氣候風量
3.2	14.1.1	not-broken-by-3-samples (class)	true	vocab	129	**類級判定，措辭依 41 §4 訂正。** 原記 `not-sibling (class)` 為過度陳述：本類之依據為三對抽樣未破，而三對之力度**足以破類，不足以證類**（R-C37：一個反例即證偽，N 個正例不證真）。本對尚未逐對判定；依 41 §3 規則二／三，其所屬節生成之日轉為逐對判定，類級判定不因曾通過而免除。[類級 `FAN`] `FAN` 為泛用控制名（且涵蓋座椅送風）；共有該詞不表示述及同一需求。**類級判定之效力低於逐對判定** —— 日後若本類中發現真 sibling，本類之判定即失效。抽樣覆核見上繳 29 §3.3
3.2	14.10	not-sibling	true	vocab	129	[逐對] ch14 之各節定 popup 之**呈現條件**（互動性、simulated off/idle、下螢幕不觸發、widget 顯示中之取捨），其對象為全部 HVAC popup；對造節定的是**該 popup 所示之內容**或某功能自身之行為。同一 popup 之兩個不同面向，非同一需求（41 §3 規則二：一節已生成、一節未生成）
3.2	14.10.1	not-sibling	true	vocab	129	[逐對] 共有 ['FAN', 'MODE']。ch14／15 述 popup 之呈現，被呈現之控制其行為定義於各自章節；兩者為呈現與行為之關係，非同一需求之兩處陳述
3.2	14.11	not-broken-by-3-samples (class)	true	vocab	129	**類級判定，措辭依 41 §4 訂正。** 原記 `not-sibling (class)` 為過度陳述：本類之依據為三對抽樣未破，而三對之力度**足以破類，不足以證類**（R-C37：一個反例即證偽，N 個正例不證真）。本對尚未逐對判定；依 41 §3 規則二／三，其所屬節生成之日轉為逐對判定，類級判定不因曾通過而免除。[類級 `FAN`] `FAN` 為泛用控制名（且涵蓋座椅送風）；共有該詞不表示述及同一需求。**類級判定之效力低於逐對判定** —— 日後若本類中發現真 sibling，本類之判定即失效。抽樣覆核見上繳 29 §3.3
3.2	14.13	not-sibling	true	vocab	129	[逐對] 共有 ['FAN', 'MODE', 'TEMPERATURE']。ch14／15 述 popup 之呈現，被呈現之控制其行為定義於各自章節；兩者為呈現與行為之關係，非同一需求之兩處陳述
3.2	14.17	not-broken-by-3-samples (class)	true	vocab	129	**類級判定，措辭依 41 §4 訂正。** 原記 `not-sibling (class)` 為過度陳述：本類之依據為三對抽樣未破，而三對之力度**足以破類，不足以證類**（R-C37：一個反例即證偽，N 個正例不證真）。本對尚未逐對判定；依 41 §3 規則二／三，其所屬節生成之日轉為逐對判定，類級判定不因曾通過而免除。[類級 `TEMPERATURE`] `TEMPERATURE` 為泛用控制名，前後排、ATC／MTC 各章皆含之。**類級判定之效力低於逐對判定** —— 日後若本類中發現真 sibling，本類之判定即失效。抽樣覆核見上繳 29 §3.3
3.2	14.19	not-sibling	true	vocab	129	[逐對] 共有 ['AUTO', 'FAN', 'MODE', 'TEMPERATURE']。ch14／15 述 popup 之呈現，被呈現之控制其行為定義於各自章節；兩者為呈現與行為之關係，非同一需求之兩處陳述
3.2	14.3	not-sibling	true	vocab	129	[逐對] 共有 ['FAN', 'MODE']。ch14／15 述 popup 之呈現，被呈現之控制其行為定義於各自章節；兩者為呈現與行為之關係，非同一需求之兩處陳述
3.2	14.4	not-sibling	true	vocab	129	[逐對] ch14 之各節定 popup 之**呈現條件**（互動性、simulated off/idle、下螢幕不觸發、widget 顯示中之取捨），其對象為全部 HVAC popup；對造節定的是**該 popup 所示之內容**或某功能自身之行為。同一 popup 之兩個不同面向，非同一需求（41 §3 規則二：一節已生成、一節未生成）
3.2	15.1	not-sibling	true	vocab	129	[逐對] 共有 ['AUTO', 'FAN', 'MAX DEF', 'MODE']。ch14／15 述 popup 之呈現，被呈現之控制其行為定義於各自章節；兩者為呈現與行為之關係，非同一需求之兩處陳述
3.2	16.10	not-sibling	true	vocab	129	[逐對] 共有 ['FAN', 'MAX DEF', 'MODE', 'REAR DEF', 'RECIRC']。鏡射關係而非 §4.6 sibling —— ch16 為 EMEA ICS 變體，兩者不會同時出現於同一車輛；該關係由 `ch16_mirror_map.tsv` 承載
3.2	16.11	not-sibling	true	vocab	129	[逐對] 共有 ['FAN', 'MODE', 'SYNC', 'TEMPERATURE']。鏡射關係而非 §4.6 sibling —— ch16 為 EMEA ICS 變體，兩者不會同時出現於同一車輛；該關係由 `ch16_mirror_map.tsv` 承載
3.2	16.12	not-sibling	true	vocab	129	[逐對] 共有 ['FAN', 'MODE']。鏡射關係而非 §4.6 sibling —— ch16 為 EMEA ICS 變體，兩者不會同時出現於同一車輛；該關係由 `ch16_mirror_map.tsv` 承載
3.2	16.12.1	not-sibling	true	vocab	129	[逐對] **鏡射關係，非 §4.6 sibling** —— ch16 為 EMEA ICS 車輛之另一套介面，其節與 ch2／ch3 之對應已記於 `ch16_mirror_map.tsv`，兩套介面**不會同時出現於同一車輛**，故 `3.2` 與 `16.12.1` 無共存之車輛可言。ch10 側另有一層：ch16 十八節無 ECO HVAC 之對應節，該表 ch10 側全無列（41 §3 規則二：一節已生成、一節未生成）
3.2	16.13	not-sibling	true	vocab	129	鏡射關係而非 §4.6 sibling —— ch16 為 EMEA ICS 變體，與 ch2／ch3 不會同時出現於同一車輛；該關係由 ch16_mirror_map.tsv 承載
3.2	16.14	not-sibling	false	vocab	129	**42 §1 之重新確認（43 §1 修正觸發）。** 本對之兩節於 `ch16_mirror_map.tsv` 中**不互為對造**（16.14 之對造為 2.14），故非鏡射對亦非 sibling。**新證據**：16.14 之三條 TC 已產出（MTC 畫面／無離散溫度設定／無 AUTO 溫度控制），與本對之 ch2 側節次所驗者不重疊。verdict 維持
3.2	16.15	deferred	true	via-hierarchy	129	**本對僅因階層關係而成為候選（43 §2，`source = via-hierarchy`）。** `16.15` 與 `3.2` 之詞彙集**無交集**；其共有語彙 ['DEFROST'] 係由特化詞導出之泛化詞（表：`AUTO ECO` → `AUTO`, `ECO HVAC` → `HVAC`, `FRONT DEF` → `DEFROST`, `MAX A/C` → `A/C`, `MAX DEF` → `DEFROST`, `REAR DEF` → `DEFROST`）。**階層不是等價** —— 每個 AUTO ECO 都是 AUTO，但 AUTO 不必然是 AUTO ECO，故本表單向且其輸出另標來源，不併入等價組。共有語彙為**低頻詞**，無既有類級判定可沿用，故記 `deferred`（尚未問）而非類級 verdict —— 對一個沒有類的詞給類級 verdict，等於宣稱一個沒有人做過的判定。
3.2	16.17	not-sibling	false	vocab	129	**43 §1 之重新確認（批次 7 使對造落地）。** 本對之兩節於 `ch16_mirror_map.tsv` 中**不互為對造**（16.6 之對造為 2.6、16.6.1 為 2.6.1、16.7 為 2.7、16.17 為 2.16），故非鏡射對亦非 sibling。**新證據**：兩側 TC 皆已產出，逐條比對無共用之可觀察量。verdict 維持
3.2	16.2	not-sibling	false	vocab	129	**42 §1 之重新確認（43 §1 修正觸發）。** 本對之兩節於 `ch16_mirror_map.tsv` 中**不互為對造**（16.2 之對造為 2.2），故非鏡射對亦非 sibling。**新證據**：16.2 之九條 TC 已產出，其可觀察量與本對之 ch2 側節次所驗者不重疊。verdict 維持
3.2	16.3	not-sibling	true	vocab	129	鏡射關係而非 §4.6 sibling —— ch16 為 EMEA ICS 變體，與 ch2／ch3 不會同時出現於同一車輛；該關係由 ch16_mirror_map.tsv 承載
3.2	16.4	not-sibling	true	vocab	129	鏡射關係而非 §4.6 sibling —— ch16 為 EMEA ICS 變體，與 ch2／ch3 不會同時出現於同一車輛；該關係由 ch16_mirror_map.tsv 承載
3.2	16.5	not-sibling	true	vocab	129	[逐對] 共有 ['RECIRC']。鏡射關係而非 §4.6 sibling —— ch16 為 EMEA ICS 變體，兩者不會同時出現於同一車輛；該關係由 `ch16_mirror_map.tsv` 承載
3.2	16.6	not-sibling	false	vocab	129	**43 §1 之重新確認（批次 7 使對造落地）。** 本對之兩節於 `ch16_mirror_map.tsv` 中**不互為對造**（16.6 之對造為 2.6、16.6.1 為 2.6.1、16.7 為 2.7、16.17 為 2.16），故非鏡射對亦非 sibling。**新證據**：兩側 TC 皆已產出，逐條比對無共用之可觀察量。verdict 維持
3.2	16.6.1	not-sibling	false	vocab	129	**43 §1 之重新確認（批次 7 使對造落地）。** 本對之兩節於 `ch16_mirror_map.tsv` 中**不互為對造**（16.6 之對造為 2.6、16.6.1 為 2.6.1、16.7 為 2.7、16.17 為 2.16），故非鏡射對亦非 sibling。**新證據**：兩側 TC 皆已產出，逐條比對無共用之可觀察量。verdict 維持
3.2	16.7	not-sibling	false	vocab	129	**43 §1 之重新確認（批次 7 使對造落地）。** 本對之兩節於 `ch16_mirror_map.tsv` 中**不互為對造**（16.6 之對造為 2.6、16.6.1 為 2.6.1、16.7 為 2.7、16.17 為 2.16），故非鏡射對亦非 sibling。**新證據**：兩側 TC 皆已產出，逐條比對無共用之可觀察量。verdict 維持
3.2	16.8	not-sibling	true	vocab	129	鏡射關係而非 §4.6 sibling —— ch16 為 EMEA ICS 變體，與 ch2／ch3 不會同時出現於同一車輛；該關係由 ch16_mirror_map.tsv 承載（本對即鏡射表之 mirrored 列）
3.2	16.9	not-sibling	true	vocab	129	鏡射關係而非 §4.6 sibling —— ch16 為 EMEA ICS 變體，與 ch2／ch3 不會同時出現於同一車輛；該關係由 ch16_mirror_map.tsv 承載
3.2	17.2	not-sibling	false	vocab	129	**43 §1 之重新確認（批次 8 使 17.2 落地）。** 非 sibling，且其分界正是本批之 §8.2.1 界線：**17.2 驗「該元素在 widget 上存在且可操作」，`3.2` 驗「MAX DEF於 climate screen 上之行為」** —— 兩者之可觀察量分屬兩個介面（首頁 widget vs climate 主畫面），非同一需求。**新證據**：兩側 TC 皆已產出；`-116`～`-124` 之 ER 一律停在「widget 顯示該元素」與「按下後該元素改變狀態」，**刻意不驗其行為規則**，故與對造之 ER 無共用可觀察量
3.2	17.5	not-broken-by-3-samples (class)	true	vocab	129	**類級判定，措辭依 41 §4 訂正。** 原記 `not-sibling (class)` 為過度陳述：本類之依據為三對抽樣未破，而三對之力度**足以破類，不足以證類**（R-C37：一個反例即證偽，N 個正例不證真）。本對尚未逐對判定；依 41 §3 規則二／三，其所屬節生成之日轉為逐對判定，類級判定不因曾通過而免除。[類級 `TEMPERATURE`] `TEMPERATURE` 為泛用控制名，前後排、ATC／MTC 各章皆含之。**類級判定之效力低於逐對判定** —— 日後若本類中發現真 sibling，本類之判定即失效。抽樣覆核見上繳 29 §3.3
3.2	7.1	not-sibling	true	vocab	129	[逐對] 共有 ['FAN', 'TEMPERATURE']。前排／後排之不同需求 —— 共有者為控制名，兩節各自定義其所屬區之行為（本輪已逐節讀 7.1／7.1.1／7.2／7.4／7.5／7.7／7.8／9.2 全文，僅 7.4／7.5／7.7 判為 sibling）
3.2	7.1.1	not-sibling	true	vocab	129	[逐對] 共有 ['FAN', 'TEMPERATURE']。前排／後排之不同需求 —— 共有者為控制名，兩節各自定義其所屬區之行為（本輪已逐節讀 7.1／7.1.1／7.2／7.4／7.5／7.7／7.8／9.2 全文，僅 7.4／7.5／7.7 判為 sibling）
3.2	7.10	not-broken-by-3-samples (class)	true	vocab	129	**類級判定，措辭依 41 §4 訂正。** 原記 `not-sibling (class)` 為過度陳述：本類之依據為三對抽樣未破，而三對之力度**足以破類，不足以證類**（R-C37：一個反例即證偽，N 個正例不證真）。本對尚未逐對判定；依 41 §3 規則二／三，其所屬節生成之日轉為逐對判定，類級判定不因曾通過而免除。[類級 `TEMPERATURE`] `TEMPERATURE` 為泛用控制名，前後排、ATC／MTC 各章皆含之。**類級判定之效力低於逐對判定** —— 日後若本類中發現真 sibling，本類之判定即失效。抽樣覆核見上繳 29 §3.3
3.2	7.2	not-sibling	true	vocab	129	[逐對] 共有 ['AUTO', 'FAN', 'MODE', 'TEMPERATURE']。前排／後排之不同需求 —— 共有者為控制名，兩節各自定義其所屬區之行為（本輪已逐節讀 7.1／7.1.1／7.2／7.4／7.5／7.7／7.8／9.2 全文，僅 7.4／7.5／7.7 判為 sibling）
3.2	7.4	not-sibling	true	vocab	129	[逐對] 共有 ['HI', 'SYNC', 'TEMPERATURE']。前排／後排之不同需求 —— 共有者為控制名，兩節各自定義其所屬區之行為（本輪已逐節讀 7.1／7.1.1／7.2／7.4／7.5／7.7／7.8／9.2 全文，僅 7.4／7.5／7.7 判為 sibling）
3.2	7.5	not-sibling	true	vocab	129	[逐對] 共有 ['AUTO', 'FAN']。前排／後排之不同需求 —— 共有者為控制名，兩節各自定義其所屬區之行為（本輪已逐節讀 7.1／7.1.1／7.2／7.4／7.5／7.7／7.8／9.2 全文，僅 7.4／7.5／7.7 判為 sibling）
3.2	7.7	not-sibling	true	vocab	129	[逐對] 共有 ['FAN', 'MODE', 'SYNC', 'TEMPERATURE']。前排／後排之不同需求 —— 共有者為控制名，兩節各自定義其所屬區之行為（本輪已逐節讀 7.1／7.1.1／7.2／7.4／7.5／7.7／7.8／9.2 全文，僅 7.4／7.5／7.7 判為 sibling）
3.2	7.8	not-sibling	true	vocab	129	[逐對] 共有 ['AUTO', 'MODE']。前排／後排之不同需求 —— 共有者為控制名，兩節各自定義其所屬區之行為（本輪已逐節讀 7.1／7.1.1／7.2／7.4／7.5／7.7／7.8／9.2 全文，僅 7.4／7.5／7.7 判為 sibling）
3.2	7.9	not-sibling	true	vocab	129	[逐對] 共有 ['A/C']。前排／後排之不同需求 —— 共有者為控制名，兩節各自定義其所屬區之行為（本輪已逐節讀 7.1／7.1.1／7.2／7.4／7.5／7.7／7.8／9.2 全文，僅 7.4／7.5／7.7 判為 sibling）
3.2	9.2	not-sibling	true	vocab	129	[逐對] 共有 ['AUTO', 'FAN']。前排／後排之不同需求 —— 共有者為控制名，兩節各自定義其所屬區之行為（本輪已逐節讀 7.1／7.1.1／7.2／7.4／7.5／7.7／7.8／9.2 全文，僅 7.4／7.5／7.7 判為 sibling）
3.3	15.1	not-sibling	true	vocab	129	[逐對] 共有 ['MAX DEF']。ch14／15 述 popup 之呈現，被呈現之控制其行為定義於各自章節；兩者為呈現與行為之關係，非同一需求之兩處陳述
3.3	16.10	not-sibling	true	vocab	129	[逐對] 共有 ['CLIMATE OFF', 'MAX DEF', 'REAR DEF']。鏡射關係而非 §4.6 sibling —— ch16 為 EMEA ICS 變體，兩者不會同時出現於同一車輛；該關係由 `ch16_mirror_map.tsv` 承載
3.3	16.13	not-sibling	true	vocab	129	鏡射關係而非 §4.6 sibling —— ch16 為 EMEA ICS 變體，與 ch2／ch3 不會同時出現於同一車輛；該關係由 ch16_mirror_map.tsv 承載
3.3	16.15	deferred	true	via-hierarchy	129	**本對僅因階層關係而成為候選（43 §2，`source = via-hierarchy`）。** `16.15` 與 `3.3` 之詞彙集**無交集**；其共有語彙 ['DEFROST'] 係由特化詞導出之泛化詞（表：`AUTO ECO` → `AUTO`, `ECO HVAC` → `HVAC`, `FRONT DEF` → `DEFROST`, `MAX A/C` → `A/C`, `MAX DEF` → `DEFROST`, `REAR DEF` → `DEFROST`）。**階層不是等價** —— 每個 AUTO ECO 都是 AUTO，但 AUTO 不必然是 AUTO ECO，故本表單向且其輸出另標來源，不併入等價組。共有語彙為**低頻詞**，無既有類級判定可沿用，故記 `deferred`（尚未問）而非類級 verdict —— 對一個沒有類的詞給類級 verdict，等於宣稱一個沒有人做過的判定。
3.3	16.2	not-sibling	false	vocab	129	**42 §1 之重新確認（43 §1 修正觸發）。** 本對之兩節於 `ch16_mirror_map.tsv` 中**不互為對造**（16.2 之對造為 2.2），故非鏡射對亦非 sibling。**新證據**：16.2 之九條 TC 已產出，其可觀察量與本對之 ch2 側節次所驗者不重疊。verdict 維持
3.3	16.3	not-sibling	true	vocab	129	鏡射關係而非 §4.6 sibling —— ch16 為 EMEA ICS 變體，與 ch2／ch3 不會同時出現於同一車輛；該關係由 ch16_mirror_map.tsv 承載
3.3	16.4	not-sibling	true	vocab	129	鏡射關係而非 §4.6 sibling —— ch16 為 EMEA ICS 變體，與 ch2／ch3 不會同時出現於同一車輛；該關係由 ch16_mirror_map.tsv 承載
3.3	16.8	not-sibling	true	vocab	129	鏡射關係而非 §4.6 sibling —— ch16 為 EMEA ICS 變體，與 ch2／ch3 不會同時出現於同一車輛；該關係由 ch16_mirror_map.tsv 承載
3.3	16.9	not-sibling	true	vocab	129	[逐對] 共有 ['REAR DEF']。鏡射關係而非 §4.6 sibling —— ch16 為 EMEA ICS 變體，兩者不會同時出現於同一車輛；該關係由 `ch16_mirror_map.tsv` 承載
3.3	7.6	not-sibling	true	vocab	129	[逐對] 共有 ['CLIMATE OFF']。前排／後排之不同需求 —— 共有者為控制名，兩節各自定義其所屬區之行為（本輪已逐節讀 7.1／7.1.1／7.2／7.4／7.5／7.7／7.8／9.2 全文，僅 7.4／7.5／7.7 判為 sibling）
3.3	9.4	not-sibling	true	vocab	129	[逐對] 共有 ['CLIMATE OFF']。前排／後排之不同需求 —— 共有者為控制名，兩節各自定義其所屬區之行為（本輪已逐節讀 7.1／7.1.1／7.2／7.4／7.5／7.7／7.8／9.2 全文，僅 7.4／7.5／7.7 判為 sibling）
3.4	15.1	deferred	true	via-hierarchy	129	**本對僅因階層關係而成為候選（43 §2，`source = via-hierarchy`）。** `15.1` 與 `3.4` 之詞彙集**無交集**；其共有語彙 ['DEFROST'] 係由特化詞導出之泛化詞（表：`AUTO ECO` → `AUTO`, `ECO HVAC` → `HVAC`, `FRONT DEF` → `DEFROST`, `MAX A/C` → `A/C`, `MAX DEF` → `DEFROST`, `REAR DEF` → `DEFROST`）。**階層不是等價** —— 每個 AUTO ECO 都是 AUTO，但 AUTO 不必然是 AUTO ECO，故本表單向且其輸出另標來源，不併入等價組。共有語彙為**低頻詞**，無既有類級判定可沿用，故記 `deferred`（尚未問）而非類級 verdict —— 對一個沒有類的詞給類級 verdict，等於宣稱一個沒有人做過的判定。
3.4	16.10	not-sibling	true	vocab	129	[逐對] 共有 ['REAR DEF']。鏡射關係而非 §4.6 sibling —— ch16 為 EMEA ICS 變體，兩者不會同時出現於同一車輛；該關係由 `ch16_mirror_map.tsv` 承載
3.4	16.13	deferred	true	via-hierarchy	129	**本對僅因階層關係而成為候選（43 §2，`source = via-hierarchy`）。** `16.13` 與 `3.4` 之詞彙集**無交集**；其共有語彙 ['DEFROST'] 係由特化詞導出之泛化詞（表：`AUTO ECO` → `AUTO`, `ECO HVAC` → `HVAC`, `FRONT DEF` → `DEFROST`, `MAX A/C` → `A/C`, `MAX DEF` → `DEFROST`, `REAR DEF` → `DEFROST`）。**階層不是等價** —— 每個 AUTO ECO 都是 AUTO，但 AUTO 不必然是 AUTO ECO，故本表單向且其輸出另標來源，不併入等價組。共有語彙為**低頻詞**，無既有類級判定可沿用，故記 `deferred`（尚未問）而非類級 verdict —— 對一個沒有類的詞給類級 verdict，等於宣稱一個沒有人做過的判定。
3.4	16.15	deferred	true	via-hierarchy	129	**本對僅因階層關係而成為候選（43 §2，`source = via-hierarchy`）。** `16.15` 與 `3.4` 之詞彙集**無交集**；其共有語彙 ['DEFROST'] 係由特化詞導出之泛化詞（表：`AUTO ECO` → `AUTO`, `ECO HVAC` → `HVAC`, `FRONT DEF` → `DEFROST`, `MAX A/C` → `A/C`, `MAX DEF` → `DEFROST`, `REAR DEF` → `DEFROST`）。**階層不是等價** —— 每個 AUTO ECO 都是 AUTO，但 AUTO 不必然是 AUTO ECO，故本表單向且其輸出另標來源，不併入等價組。共有語彙為**低頻詞**，無既有類級判定可沿用，故記 `deferred`（尚未問）而非類級 verdict —— 對一個沒有類的詞給類級 verdict，等於宣稱一個沒有人做過的判定。
3.4	16.3	deferred	true	via-hierarchy	129	**本對僅因階層關係而成為候選（43 §2，`source = via-hierarchy`）。** `16.3` 與 `3.4` 之詞彙集**無交集**；其共有語彙 ['DEFROST'] 係由特化詞導出之泛化詞（表：`AUTO ECO` → `AUTO`, `ECO HVAC` → `HVAC`, `FRONT DEF` → `DEFROST`, `MAX A/C` → `A/C`, `MAX DEF` → `DEFROST`, `REAR DEF` → `DEFROST`）。**階層不是等價** —— 每個 AUTO ECO 都是 AUTO，但 AUTO 不必然是 AUTO ECO，故本表單向且其輸出另標來源，不併入等價組。共有語彙為**低頻詞**，無既有類級判定可沿用，故記 `deferred`（尚未問）而非類級 verdict —— 對一個沒有類的詞給類級 verdict，等於宣稱一個沒有人做過的判定。
3.4	16.4	not-sibling	true	vocab	129	[逐對] 共有 ['REAR DEF']。鏡射關係而非 §4.6 sibling —— ch16 為 EMEA ICS 變體，兩者不會同時出現於同一車輛；該關係由 `ch16_mirror_map.tsv` 承載
3.4	16.8	not-sibling	true	vocab	129	[逐對] 共有 ['REAR DEF']。鏡射關係而非 §4.6 sibling —— ch16 為 EMEA ICS 變體，兩者不會同時出現於同一車輛；該關係由 `ch16_mirror_map.tsv` 承載
3.4	16.9	not-sibling	true	vocab	129	[逐對] 共有 ['REAR DEF']。鏡射關係而非 §4.6 sibling —— ch16 為 EMEA ICS 變體，兩者不會同時出現於同一車輛；該關係由 `ch16_mirror_map.tsv` 承載
7.1	10.5	not-broken-by-3-samples (class)	true	vocab	129	**類級判定，措辭依 41 §4 訂正。** 原記 `not-sibling (class)` 為過度陳述：本類之依據為三對抽樣未破，而三對之力度**足以破類，不足以證類**（R-C37：一個反例即證偽，N 個正例不證真）。本對尚未逐對判定；依 41 §3 規則二／三，其所屬節生成之日轉為逐對判定，類級判定不因曾通過而免除。[類級 `FAN`] `FAN` 為泛用控制名（且涵蓋座椅送風）；共有該詞不表示述及同一需求。**類級判定之效力低於逐對判定** —— 日後若本類中發現真 sibling，本類之判定即失效。抽樣覆核見上繳 29 §3.3
7.1	10.6	not-broken-by-3-samples (class)	true	vocab	129	**類級判定，措辭依 41 §4 訂正。** 原記 `not-sibling (class)` 為過度陳述：本類之依據為三對抽樣未破，而三對之力度**足以破類，不足以證類**（R-C37：一個反例即證偽，N 個正例不證真）。本對尚未逐對判定；依 41 §3 規則二／三，其所屬節生成之日轉為逐對判定，類級判定不因曾通過而免除。[類級 `FAN`] `FAN` 為泛用控制名（且涵蓋座椅送風）；共有該詞不表示述及同一需求。**類級判定之效力低於逐對判定** —— 日後若本類中發現真 sibling，本類之判定即失效。抽樣覆核見上繳 29 §3.3
7.1	11.11	deferred	true	vocab	129	**依 41 §3 規則三入表（42 §2 之全量重建）。** 兩節皆未生成，現在判無處可用 —— sibling 判定之用途是寫 TC 時決定 `duplicate_of`／`distinguishing_axis`（§4.6）。其所屬組生成之日連同其他候選一併判定。**`deferred` 不是 `not-sibling`**：前者是「尚未問」，後者是「問過了，答案是否」
7.1	11.11.1	deferred	true	vocab	129	**依 41 §3 規則三入表（42 §2 之全量重建）。** 兩節皆未生成，現在判無處可用 —— sibling 判定之用途是寫 TC 時決定 `duplicate_of`／`distinguishing_axis`（§4.6）。其所屬組生成之日連同其他候選一併判定。**`deferred` 不是 `not-sibling`**：前者是「尚未問」，後者是「問過了，答案是否」
7.1	11.2	deferred	true	vocab	129	**依 41 §3 規則三入表（42 §2 之全量重建）。** 兩節皆未生成，現在判無處可用 —— sibling 判定之用途是寫 TC 時決定 `duplicate_of`／`distinguishing_axis`（§4.6）。其所屬組生成之日連同其他候選一併判定。**`deferred` 不是 `not-sibling`**：前者是「尚未問」，後者是「問過了，答案是否」
7.1	12.2	deferred	true	vocab	129	**依 41 §3 規則三入表（42 §2 之全量重建）。** 兩節皆未生成，現在判無處可用 —— sibling 判定之用途是寫 TC 時決定 `duplicate_of`／`distinguishing_axis`（§4.6）。其所屬組生成之日連同其他候選一併判定。**`deferred` 不是 `not-sibling`**：前者是「尚未問」，後者是「問過了，答案是否」
7.1	12.7	deferred	true	vocab	129	**依 41 §3 規則三入表（42 §2 之全量重建）。** 兩節皆未生成，現在判無處可用 —— sibling 判定之用途是寫 TC 時決定 `duplicate_of`／`distinguishing_axis`（§4.6）。其所屬組生成之日連同其他候選一併判定。**`deferred` 不是 `not-sibling`**：前者是「尚未問」，後者是「問過了，答案是否」
7.1	12.9	deferred	true	vocab	129	**依 41 §3 規則三入表（42 §2 之全量重建）。** 兩節皆未生成，現在判無處可用 —— sibling 判定之用途是寫 TC 時決定 `duplicate_of`／`distinguishing_axis`（§4.6）。其所屬組生成之日連同其他候選一併判定。**`deferred` 不是 `not-sibling`**：前者是「尚未問」，後者是「問過了，答案是否」
7.1	14.1.1	deferred	true	vocab	129	**依 41 §3 規則三入表（42 §2 之全量重建）。** 兩節皆未生成，現在判無處可用 —— sibling 判定之用途是寫 TC 時決定 `duplicate_of`／`distinguishing_axis`（§4.6）。其所屬組生成之日連同其他候選一併判定。**`deferred` 不是 `not-sibling`**：前者是「尚未問」，後者是「問過了，答案是否」
7.1	14.10.1	deferred	true	vocab	129	**依 41 §3 規則三入表（42 §2 之全量重建）。** 兩節皆未生成，現在判無處可用 —— sibling 判定之用途是寫 TC 時決定 `duplicate_of`／`distinguishing_axis`（§4.6）。其所屬組生成之日連同其他候選一併判定。**`deferred` 不是 `not-sibling`**：前者是「尚未問」，後者是「問過了，答案是否」
7.1	14.11	deferred	true	vocab	129	**依 41 §3 規則三入表（42 §2 之全量重建）。** 兩節皆未生成，現在判無處可用 —— sibling 判定之用途是寫 TC 時決定 `duplicate_of`／`distinguishing_axis`（§4.6）。其所屬組生成之日連同其他候選一併判定。**`deferred` 不是 `not-sibling`**：前者是「尚未問」，後者是「問過了，答案是否」
7.1	14.13	deferred	true	vocab	129	**依 41 §3 規則三入表（42 §2 之全量重建）。** 兩節皆未生成，現在判無處可用 —— sibling 判定之用途是寫 TC 時決定 `duplicate_of`／`distinguishing_axis`（§4.6）。其所屬組生成之日連同其他候選一併判定。**`deferred` 不是 `not-sibling`**：前者是「尚未問」，後者是「問過了，答案是否」
7.1	14.17	deferred	true	vocab	129	**依 41 §3 規則三入表（42 §2 之全量重建）。** 兩節皆未生成，現在判無處可用 —— sibling 判定之用途是寫 TC 時決定 `duplicate_of`／`distinguishing_axis`（§4.6）。其所屬組生成之日連同其他候選一併判定。**`deferred` 不是 `not-sibling`**：前者是「尚未問」，後者是「問過了，答案是否」
7.1	14.19	deferred	true	vocab	129	**依 41 §3 規則三入表（42 §2 之全量重建）。** 兩節皆未生成，現在判無處可用 —— sibling 判定之用途是寫 TC 時決定 `duplicate_of`／`distinguishing_axis`（§4.6）。其所屬組生成之日連同其他候選一併判定。**`deferred` 不是 `not-sibling`**：前者是「尚未問」，後者是「問過了，答案是否」
7.1	14.3	deferred	true	vocab	129	**依 41 §3 規則三入表（42 §2 之全量重建）。** 兩節皆未生成，現在判無處可用 —— sibling 判定之用途是寫 TC 時決定 `duplicate_of`／`distinguishing_axis`（§4.6）。其所屬組生成之日連同其他候選一併判定。**`deferred` 不是 `not-sibling`**：前者是「尚未問」，後者是「問過了，答案是否」
7.1	15.1	deferred	true	vocab	129	**依 41 §3 規則三入表（42 §2 之全量重建）。** 兩節皆未生成，現在判無處可用 —— sibling 判定之用途是寫 TC 時決定 `duplicate_of`／`distinguishing_axis`（§4.6）。其所屬組生成之日連同其他候選一併判定。**`deferred` 不是 `not-sibling`**：前者是「尚未問」，後者是「問過了，答案是否」
7.1	16.10	deferred	true	vocab	129	**依 41 §3 規則三入表（42 §2 之全量重建）。** 兩節皆未生成，現在判無處可用 —— sibling 判定之用途是寫 TC 時決定 `duplicate_of`／`distinguishing_axis`（§4.6）。其所屬組生成之日連同其他候選一併判定。**`deferred` 不是 `not-sibling`**：前者是「尚未問」，後者是「問過了，答案是否」
7.1	16.11	deferred	true	vocab	129	**依 41 §3 規則三入表（42 §2 之全量重建）。** 兩節皆未生成，現在判無處可用 —— sibling 判定之用途是寫 TC 時決定 `duplicate_of`／`distinguishing_axis`（§4.6）。其所屬組生成之日連同其他候選一併判定。**`deferred` 不是 `not-sibling`**：前者是「尚未問」，後者是「問過了，答案是否」
7.1	16.12	deferred	true	vocab	129	**依 41 §3 規則三入表（42 §2 之全量重建）。** 兩節皆未生成，現在判無處可用 —— sibling 判定之用途是寫 TC 時決定 `duplicate_of`／`distinguishing_axis`（§4.6）。其所屬組生成之日連同其他候選一併判定。**`deferred` 不是 `not-sibling`**：前者是「尚未問」，後者是「問過了，答案是否」
7.1	16.13	deferred	true	vocab	129	**依 41 §3 規則三入表（42 §2 之全量重建）。** 兩節皆未生成，現在判無處可用 —— sibling 判定之用途是寫 TC 時決定 `duplicate_of`／`distinguishing_axis`（§4.6）。其所屬組生成之日連同其他候選一併判定。**`deferred` 不是 `not-sibling`**：前者是「尚未問」，後者是「問過了，答案是否」
7.1	16.14	deferred	true	vocab	129	**依 41 §3 規則三入表（42 §2 之全量重建）。** 兩節皆未生成，現在判無處可用 —— sibling 判定之用途是寫 TC 時決定 `duplicate_of`／`distinguishing_axis`（§4.6）。其所屬組生成之日連同其他候選一併判定。**`deferred` 不是 `not-sibling`**：前者是「尚未問」，後者是「問過了，答案是否」
7.1	16.17	deferred	true	vocab	129	**依 41 §3 規則三入表（42 §2 之全量重建）。** 兩節皆未生成，現在判無處可用 —— sibling 判定之用途是寫 TC 時決定 `duplicate_of`／`distinguishing_axis`（§4.6）。其所屬組生成之日連同其他候選一併判定。**`deferred` 不是 `not-sibling`**：前者是「尚未問」，後者是「問過了，答案是否」
7.1	16.2	deferred	true	vocab	129	**依 41 §3 規則三入表（42 §2 之全量重建）。** 兩節皆未生成，現在判無處可用 —— sibling 判定之用途是寫 TC 時決定 `duplicate_of`／`distinguishing_axis`（§4.6）。其所屬組生成之日連同其他候選一併判定。**`deferred` 不是 `not-sibling`**：前者是「尚未問」，後者是「問過了，答案是否」
7.1	16.3	deferred	true	vocab	129	**依 41 §3 規則三入表（42 §2 之全量重建）。** 兩節皆未生成，現在判無處可用 —— sibling 判定之用途是寫 TC 時決定 `duplicate_of`／`distinguishing_axis`（§4.6）。其所屬組生成之日連同其他候選一併判定。**`deferred` 不是 `not-sibling`**：前者是「尚未問」，後者是「問過了，答案是否」
7.1	16.6	deferred	true	vocab	129	**依 41 §3 規則三入表（42 §2 之全量重建）。** 兩節皆未生成，現在判無處可用 —— sibling 判定之用途是寫 TC 時決定 `duplicate_of`／`distinguishing_axis`（§4.6）。其所屬組生成之日連同其他候選一併判定。**`deferred` 不是 `not-sibling`**：前者是「尚未問」，後者是「問過了，答案是否」
7.1	16.6.1	deferred	true	vocab	129	**依 41 §3 規則三入表（42 §2 之全量重建）。** 兩節皆未生成，現在判無處可用 —— sibling 判定之用途是寫 TC 時決定 `duplicate_of`／`distinguishing_axis`（§4.6）。其所屬組生成之日連同其他候選一併判定。**`deferred` 不是 `not-sibling`**：前者是「尚未問」，後者是「問過了，答案是否」
7.1	16.7	deferred	true	vocab	129	**依 41 §3 規則三入表（42 §2 之全量重建）。** 兩節皆未生成，現在判無處可用 —— sibling 判定之用途是寫 TC 時決定 `duplicate_of`／`distinguishing_axis`（§4.6）。其所屬組生成之日連同其他候選一併判定。**`deferred` 不是 `not-sibling`**：前者是「尚未問」，後者是「問過了，答案是否」
7.1	16.8	deferred	true	vocab	129	**依 41 §3 規則三入表（42 §2 之全量重建）。** 兩節皆未生成，現在判無處可用 —— sibling 判定之用途是寫 TC 時決定 `duplicate_of`／`distinguishing_axis`（§4.6）。其所屬組生成之日連同其他候選一併判定。**`deferred` 不是 `not-sibling`**：前者是「尚未問」，後者是「問過了，答案是否」
7.1	17.2	deferred	true	vocab	129	**依 41 §3 規則三入表（42 §2 之全量重建）。** 兩節皆未生成，現在判無處可用 —— sibling 判定之用途是寫 TC 時決定 `duplicate_of`／`distinguishing_axis`（§4.6）。其所屬組生成之日連同其他候選一併判定。**`deferred` 不是 `not-sibling`**：前者是「尚未問」，後者是「問過了，答案是否」
7.1	17.5	deferred	true	vocab	129	**依 41 §3 規則三入表（42 §2 之全量重建）。** 兩節皆未生成，現在判無處可用 —— sibling 判定之用途是寫 TC 時決定 `duplicate_of`／`distinguishing_axis`（§4.6）。其所屬組生成之日連同其他候選一併判定。**`deferred` 不是 `not-sibling`**：前者是「尚未問」，後者是「問過了，答案是否」
7.1.1	10.5	not-broken-by-3-samples (class)	true	vocab	129	**類級判定，措辭依 41 §4 訂正。** 原記 `not-sibling (class)` 為過度陳述：本類之依據為三對抽樣未破，而三對之力度**足以破類，不足以證類**（R-C37：一個反例即證偽，N 個正例不證真）。本對尚未逐對判定；依 41 §3 規則二／三，其所屬節生成之日轉為逐對判定，類級判定不因曾通過而免除。[類級 `FAN`] `FAN` 為泛用控制名（且涵蓋座椅送風）；共有該詞不表示述及同一需求。**類級判定之效力低於逐對判定** —— 日後若本類中發現真 sibling，本類之判定即失效。抽樣覆核見上繳 29 §3.3
7.1.1	10.6	not-broken-by-3-samples (class)	true	vocab	129	**類級判定，措辭依 41 §4 訂正。** 原記 `not-sibling (class)` 為過度陳述：本類之依據為三對抽樣未破，而三對之力度**足以破類，不足以證類**（R-C37：一個反例即證偽，N 個正例不證真）。本對尚未逐對判定；依 41 §3 規則二／三，其所屬節生成之日轉為逐對判定，類級判定不因曾通過而免除。[類級 `FAN`] `FAN` 為泛用控制名（且涵蓋座椅送風）；共有該詞不表示述及同一需求。**類級判定之效力低於逐對判定** —— 日後若本類中發現真 sibling，本類之判定即失效。抽樣覆核見上繳 29 §3.3
7.1.1	11.11	deferred	true	vocab	129	**依 41 §3 規則三入表（42 §2 之全量重建）。** 兩節皆未生成，現在判無處可用 —— sibling 判定之用途是寫 TC 時決定 `duplicate_of`／`distinguishing_axis`（§4.6）。其所屬組生成之日連同其他候選一併判定。**`deferred` 不是 `not-sibling`**：前者是「尚未問」，後者是「問過了，答案是否」
7.1.1	11.11.1	deferred	true	vocab	129	**依 41 §3 規則三入表（42 §2 之全量重建）。** 兩節皆未生成，現在判無處可用 —— sibling 判定之用途是寫 TC 時決定 `duplicate_of`／`distinguishing_axis`（§4.6）。其所屬組生成之日連同其他候選一併判定。**`deferred` 不是 `not-sibling`**：前者是「尚未問」，後者是「問過了，答案是否」
7.1.1	11.2	deferred	true	vocab	129	**依 41 §3 規則三入表（42 §2 之全量重建）。** 兩節皆未生成，現在判無處可用 —— sibling 判定之用途是寫 TC 時決定 `duplicate_of`／`distinguishing_axis`（§4.6）。其所屬組生成之日連同其他候選一併判定。**`deferred` 不是 `not-sibling`**：前者是「尚未問」，後者是「問過了，答案是否」
7.1.1	12.2	deferred	true	vocab	129	**依 41 §3 規則三入表（42 §2 之全量重建）。** 兩節皆未生成，現在判無處可用 —— sibling 判定之用途是寫 TC 時決定 `duplicate_of`／`distinguishing_axis`（§4.6）。其所屬組生成之日連同其他候選一併判定。**`deferred` 不是 `not-sibling`**：前者是「尚未問」，後者是「問過了，答案是否」
7.1.1	12.7	deferred	true	vocab	129	**依 41 §3 規則三入表（42 §2 之全量重建）。** 兩節皆未生成，現在判無處可用 —— sibling 判定之用途是寫 TC 時決定 `duplicate_of`／`distinguishing_axis`（§4.6）。其所屬組生成之日連同其他候選一併判定。**`deferred` 不是 `not-sibling`**：前者是「尚未問」，後者是「問過了，答案是否」
7.1.1	12.9	deferred	true	vocab	129	**依 41 §3 規則三入表（42 §2 之全量重建）。** 兩節皆未生成，現在判無處可用 —— sibling 判定之用途是寫 TC 時決定 `duplicate_of`／`distinguishing_axis`（§4.6）。其所屬組生成之日連同其他候選一併判定。**`deferred` 不是 `not-sibling`**：前者是「尚未問」，後者是「問過了，答案是否」
7.1.1	14.1.1	deferred	true	vocab	129	**依 41 §3 規則三入表（42 §2 之全量重建）。** 兩節皆未生成，現在判無處可用 —— sibling 判定之用途是寫 TC 時決定 `duplicate_of`／`distinguishing_axis`（§4.6）。其所屬組生成之日連同其他候選一併判定。**`deferred` 不是 `not-sibling`**：前者是「尚未問」，後者是「問過了，答案是否」
7.1.1	14.10.1	deferred	true	vocab	129	**依 41 §3 規則三入表（42 §2 之全量重建）。** 兩節皆未生成，現在判無處可用 —— sibling 判定之用途是寫 TC 時決定 `duplicate_of`／`distinguishing_axis`（§4.6）。其所屬組生成之日連同其他候選一併判定。**`deferred` 不是 `not-sibling`**：前者是「尚未問」，後者是「問過了，答案是否」
7.1.1	14.11	deferred	true	vocab	129	**依 41 §3 規則三入表（42 §2 之全量重建）。** 兩節皆未生成，現在判無處可用 —— sibling 判定之用途是寫 TC 時決定 `duplicate_of`／`distinguishing_axis`（§4.6）。其所屬組生成之日連同其他候選一併判定。**`deferred` 不是 `not-sibling`**：前者是「尚未問」，後者是「問過了，答案是否」
7.1.1	14.13	deferred	true	vocab	129	**依 41 §3 規則三入表（42 §2 之全量重建）。** 兩節皆未生成，現在判無處可用 —— sibling 判定之用途是寫 TC 時決定 `duplicate_of`／`distinguishing_axis`（§4.6）。其所屬組生成之日連同其他候選一併判定。**`deferred` 不是 `not-sibling`**：前者是「尚未問」，後者是「問過了，答案是否」
7.1.1	14.17	deferred	true	vocab	129	**依 41 §3 規則三入表（42 §2 之全量重建）。** 兩節皆未生成，現在判無處可用 —— sibling 判定之用途是寫 TC 時決定 `duplicate_of`／`distinguishing_axis`（§4.6）。其所屬組生成之日連同其他候選一併判定。**`deferred` 不是 `not-sibling`**：前者是「尚未問」，後者是「問過了，答案是否」
7.1.1	14.19	deferred	true	vocab	129	**依 41 §3 規則三入表（42 §2 之全量重建）。** 兩節皆未生成，現在判無處可用 —— sibling 判定之用途是寫 TC 時決定 `duplicate_of`／`distinguishing_axis`（§4.6）。其所屬組生成之日連同其他候選一併判定。**`deferred` 不是 `not-sibling`**：前者是「尚未問」，後者是「問過了，答案是否」
7.1.1	14.3	deferred	true	vocab	129	**依 41 §3 規則三入表（42 §2 之全量重建）。** 兩節皆未生成，現在判無處可用 —— sibling 判定之用途是寫 TC 時決定 `duplicate_of`／`distinguishing_axis`（§4.6）。其所屬組生成之日連同其他候選一併判定。**`deferred` 不是 `not-sibling`**：前者是「尚未問」，後者是「問過了，答案是否」
7.1.1	15.1	deferred	true	vocab	129	**依 41 §3 規則三入表（42 §2 之全量重建）。** 兩節皆未生成，現在判無處可用 —— sibling 判定之用途是寫 TC 時決定 `duplicate_of`／`distinguishing_axis`（§4.6）。其所屬組生成之日連同其他候選一併判定。**`deferred` 不是 `not-sibling`**：前者是「尚未問」，後者是「問過了，答案是否」
7.1.1	16.10	deferred	true	vocab	129	**依 41 §3 規則三入表（42 §2 之全量重建）。** 兩節皆未生成，現在判無處可用 —— sibling 判定之用途是寫 TC 時決定 `duplicate_of`／`distinguishing_axis`（§4.6）。其所屬組生成之日連同其他候選一併判定。**`deferred` 不是 `not-sibling`**：前者是「尚未問」，後者是「問過了，答案是否」
7.1.1	16.11	deferred	true	vocab	129	**依 41 §3 規則三入表（42 §2 之全量重建）。** 兩節皆未生成，現在判無處可用 —— sibling 判定之用途是寫 TC 時決定 `duplicate_of`／`distinguishing_axis`（§4.6）。其所屬組生成之日連同其他候選一併判定。**`deferred` 不是 `not-sibling`**：前者是「尚未問」，後者是「問過了，答案是否」
7.1.1	16.12	deferred	true	vocab	129	**依 41 §3 規則三入表（42 §2 之全量重建）。** 兩節皆未生成，現在判無處可用 —— sibling 判定之用途是寫 TC 時決定 `duplicate_of`／`distinguishing_axis`（§4.6）。其所屬組生成之日連同其他候選一併判定。**`deferred` 不是 `not-sibling`**：前者是「尚未問」，後者是「問過了，答案是否」
7.1.1	16.13	deferred	true	vocab	129	**依 41 §3 規則三入表（42 §2 之全量重建）。** 兩節皆未生成，現在判無處可用 —— sibling 判定之用途是寫 TC 時決定 `duplicate_of`／`distinguishing_axis`（§4.6）。其所屬組生成之日連同其他候選一併判定。**`deferred` 不是 `not-sibling`**：前者是「尚未問」，後者是「問過了，答案是否」
7.1.1	16.14	deferred	true	vocab	129	**依 41 §3 規則三入表（42 §2 之全量重建）。** 兩節皆未生成，現在判無處可用 —— sibling 判定之用途是寫 TC 時決定 `duplicate_of`／`distinguishing_axis`（§4.6）。其所屬組生成之日連同其他候選一併判定。**`deferred` 不是 `not-sibling`**：前者是「尚未問」，後者是「問過了，答案是否」
7.1.1	16.17	deferred	true	vocab	129	**依 41 §3 規則三入表（42 §2 之全量重建）。** 兩節皆未生成，現在判無處可用 —— sibling 判定之用途是寫 TC 時決定 `duplicate_of`／`distinguishing_axis`（§4.6）。其所屬組生成之日連同其他候選一併判定。**`deferred` 不是 `not-sibling`**：前者是「尚未問」，後者是「問過了，答案是否」
7.1.1	16.2	deferred	true	vocab	129	**依 41 §3 規則三入表（42 §2 之全量重建）。** 兩節皆未生成，現在判無處可用 —— sibling 判定之用途是寫 TC 時決定 `duplicate_of`／`distinguishing_axis`（§4.6）。其所屬組生成之日連同其他候選一併判定。**`deferred` 不是 `not-sibling`**：前者是「尚未問」，後者是「問過了，答案是否」
7.1.1	16.3	deferred	true	vocab	129	**依 41 §3 規則三入表（42 §2 之全量重建）。** 兩節皆未生成，現在判無處可用 —— sibling 判定之用途是寫 TC 時決定 `duplicate_of`／`distinguishing_axis`（§4.6）。其所屬組生成之日連同其他候選一併判定。**`deferred` 不是 `not-sibling`**：前者是「尚未問」，後者是「問過了，答案是否」
7.1.1	16.6	deferred	true	vocab	129	**依 41 §3 規則三入表（42 §2 之全量重建）。** 兩節皆未生成，現在判無處可用 —— sibling 判定之用途是寫 TC 時決定 `duplicate_of`／`distinguishing_axis`（§4.6）。其所屬組生成之日連同其他候選一併判定。**`deferred` 不是 `not-sibling`**：前者是「尚未問」，後者是「問過了，答案是否」
7.1.1	16.6.1	deferred	true	vocab	129	**依 41 §3 規則三入表（42 §2 之全量重建）。** 兩節皆未生成，現在判無處可用 —— sibling 判定之用途是寫 TC 時決定 `duplicate_of`／`distinguishing_axis`（§4.6）。其所屬組生成之日連同其他候選一併判定。**`deferred` 不是 `not-sibling`**：前者是「尚未問」，後者是「問過了，答案是否」
7.1.1	16.7	deferred	true	vocab	129	**依 41 §3 規則三入表（42 §2 之全量重建）。** 兩節皆未生成，現在判無處可用 —— sibling 判定之用途是寫 TC 時決定 `duplicate_of`／`distinguishing_axis`（§4.6）。其所屬組生成之日連同其他候選一併判定。**`deferred` 不是 `not-sibling`**：前者是「尚未問」，後者是「問過了，答案是否」
7.1.1	16.8	deferred	true	vocab	129	**依 41 §3 規則三入表（42 §2 之全量重建）。** 兩節皆未生成，現在判無處可用 —— sibling 判定之用途是寫 TC 時決定 `duplicate_of`／`distinguishing_axis`（§4.6）。其所屬組生成之日連同其他候選一併判定。**`deferred` 不是 `not-sibling`**：前者是「尚未問」，後者是「問過了，答案是否」
7.1.1	17.2	deferred	true	vocab	129	**依 41 §3 規則三入表（42 §2 之全量重建）。** 兩節皆未生成，現在判無處可用 —— sibling 判定之用途是寫 TC 時決定 `duplicate_of`／`distinguishing_axis`（§4.6）。其所屬組生成之日連同其他候選一併判定。**`deferred` 不是 `not-sibling`**：前者是「尚未問」，後者是「問過了，答案是否」
7.1.1	17.5	deferred	true	vocab	129	**依 41 §3 規則三入表（42 §2 之全量重建）。** 兩節皆未生成，現在判無處可用 —— sibling 判定之用途是寫 TC 時決定 `duplicate_of`／`distinguishing_axis`（§4.6）。其所屬組生成之日連同其他候選一併判定。**`deferred` 不是 `not-sibling`**：前者是「尚未問」，後者是「問過了，答案是否」
7.10	11.11	deferred	true	vocab	129	**依 41 §3 規則三入表（42 §2 之全量重建）。** 兩節皆未生成，現在判無處可用 —— sibling 判定之用途是寫 TC 時決定 `duplicate_of`／`distinguishing_axis`（§4.6）。其所屬組生成之日連同其他候選一併判定。**`deferred` 不是 `not-sibling`**：前者是「尚未問」，後者是「問過了，答案是否」
7.10	11.11.1	deferred	true	vocab	129	**依 41 §3 規則三入表（42 §2 之全量重建）。** 兩節皆未生成，現在判無處可用 —— sibling 判定之用途是寫 TC 時決定 `duplicate_of`／`distinguishing_axis`（§4.6）。其所屬組生成之日連同其他候選一併判定。**`deferred` 不是 `not-sibling`**：前者是「尚未問」，後者是「問過了，答案是否」
7.10	14.13	deferred	true	vocab	129	**依 41 §3 規則三入表（42 §2 之全量重建）。** 兩節皆未生成，現在判無處可用 —— sibling 判定之用途是寫 TC 時決定 `duplicate_of`／`distinguishing_axis`（§4.6）。其所屬組生成之日連同其他候選一併判定。**`deferred` 不是 `not-sibling`**：前者是「尚未問」，後者是「問過了，答案是否」
7.10	14.17	deferred	true	vocab	129	**依 41 §3 規則三入表（42 §2 之全量重建）。** 兩節皆未生成，現在判無處可用 —— sibling 判定之用途是寫 TC 時決定 `duplicate_of`／`distinguishing_axis`（§4.6）。其所屬組生成之日連同其他候選一併判定。**`deferred` 不是 `not-sibling`**：前者是「尚未問」，後者是「問過了，答案是否」
7.10	14.19	deferred	true	vocab	129	**依 41 §3 規則三入表（42 §2 之全量重建）。** 兩節皆未生成，現在判無處可用 —— sibling 判定之用途是寫 TC 時決定 `duplicate_of`／`distinguishing_axis`（§4.6）。其所屬組生成之日連同其他候選一併判定。**`deferred` 不是 `not-sibling`**：前者是「尚未問」，後者是「問過了，答案是否」
7.10	16.11	deferred	true	vocab	129	**依 41 §3 規則三入表（42 §2 之全量重建）。** 兩節皆未生成，現在判無處可用 —— sibling 判定之用途是寫 TC 時決定 `duplicate_of`／`distinguishing_axis`（§4.6）。其所屬組生成之日連同其他候選一併判定。**`deferred` 不是 `not-sibling`**：前者是「尚未問」，後者是「問過了，答案是否」
7.10	16.13	deferred	true	vocab	129	**依 41 §3 規則三入表（42 §2 之全量重建）。** 兩節皆未生成，現在判無處可用 —— sibling 判定之用途是寫 TC 時決定 `duplicate_of`／`distinguishing_axis`（§4.6）。其所屬組生成之日連同其他候選一併判定。**`deferred` 不是 `not-sibling`**：前者是「尚未問」，後者是「問過了，答案是否」
7.10	16.14	deferred	true	vocab	129	**依 41 §3 規則三入表（42 §2 之全量重建）。** 兩節皆未生成，現在判無處可用 —— sibling 判定之用途是寫 TC 時決定 `duplicate_of`／`distinguishing_axis`（§4.6）。其所屬組生成之日連同其他候選一併判定。**`deferred` 不是 `not-sibling`**：前者是「尚未問」，後者是「問過了，答案是否」
7.10	16.2	deferred	true	vocab	129	**依 41 §3 規則三入表（42 §2 之全量重建）。** 兩節皆未生成，現在判無處可用 —— sibling 判定之用途是寫 TC 時決定 `duplicate_of`／`distinguishing_axis`（§4.6）。其所屬組生成之日連同其他候選一併判定。**`deferred` 不是 `not-sibling`**：前者是「尚未問」，後者是「問過了，答案是否」
7.10	16.3	deferred	true	vocab	129	**依 41 §3 規則三入表（42 §2 之全量重建）。** 兩節皆未生成，現在判無處可用 —— sibling 判定之用途是寫 TC 時決定 `duplicate_of`／`distinguishing_axis`（§4.6）。其所屬組生成之日連同其他候選一併判定。**`deferred` 不是 `not-sibling`**：前者是「尚未問」，後者是「問過了，答案是否」
7.10	16.6	deferred	true	vocab	129	**依 41 §3 規則三入表（42 §2 之全量重建）。** 兩節皆未生成，現在判無處可用 —— sibling 判定之用途是寫 TC 時決定 `duplicate_of`／`distinguishing_axis`（§4.6）。其所屬組生成之日連同其他候選一併判定。**`deferred` 不是 `not-sibling`**：前者是「尚未問」，後者是「問過了，答案是否」
7.10	16.6.1	deferred	true	vocab	129	**依 41 §3 規則三入表（42 §2 之全量重建）。** 兩節皆未生成，現在判無處可用 —— sibling 判定之用途是寫 TC 時決定 `duplicate_of`／`distinguishing_axis`（§4.6）。其所屬組生成之日連同其他候選一併判定。**`deferred` 不是 `not-sibling`**：前者是「尚未問」，後者是「問過了，答案是否」
7.10	16.8	deferred	true	vocab	129	**依 41 §3 規則三入表（42 §2 之全量重建）。** 兩節皆未生成，現在判無處可用 —— sibling 判定之用途是寫 TC 時決定 `duplicate_of`／`distinguishing_axis`（§4.6）。其所屬組生成之日連同其他候選一併判定。**`deferred` 不是 `not-sibling`**：前者是「尚未問」，後者是「問過了，答案是否」
7.10	17.2	deferred	true	vocab	129	**依 41 §3 規則三入表（42 §2 之全量重建）。** 兩節皆未生成，現在判無處可用 —— sibling 判定之用途是寫 TC 時決定 `duplicate_of`／`distinguishing_axis`（§4.6）。其所屬組生成之日連同其他候選一併判定。**`deferred` 不是 `not-sibling`**：前者是「尚未問」，後者是「問過了，答案是否」
7.10	17.5	deferred	true	vocab	129	**依 41 §3 規則三入表（42 §2 之全量重建）。** 兩節皆未生成，現在判無處可用 —— sibling 判定之用途是寫 TC 時決定 `duplicate_of`／`distinguishing_axis`（§4.6）。其所屬組生成之日連同其他候選一併判定。**`deferred` 不是 `not-sibling`**：前者是「尚未問」，後者是「問過了，答案是否」
7.2	10.1	not-sibling	true	vocab	129	[逐對] ch7 之 AUTO 為 C2 於後排之重述（`ch2_ch7_mirror_map.tsv`：7.2↔2.3 mirrored），ch10 之 AUTO ECO 為 C2 於 EV 上之外加狀態 —— 兩者各自對 ch2 有關係，彼此無。**ch10 全章未提及 rear**：AUTO ECO 是否及於後排氣候，兩側皆未述（見上繳 30 §6）（41 §3 規則二：一節已生成、一節未生成）
7.2	10.2	not-sibling	true	vocab	129	[逐對] ch7 之 AUTO 為 C2 於後排之重述（`ch2_ch7_mirror_map.tsv`：7.2↔2.3 mirrored），ch10 之 AUTO ECO 為 C2 於 EV 上之外加狀態 —— 兩者各自對 ch2 有關係，彼此無。**ch10 全章未提及 rear**：AUTO ECO 是否及於後排氣候，兩側皆未述（見上繳 30 §6）（41 §3 規則二：一節已生成、一節未生成）
7.2	10.3	not-broken-by-3-samples (class)	true	via-hierarchy	129	**本對僅因階層關係而成為候選（43 §2，`source = via-hierarchy`）。** `10.3` 與 `7.2` 之詞彙集**無交集**；其共有語彙 ['AUTO'] 係由特化詞導出之泛化詞（表：`AUTO ECO` → `AUTO`, `ECO HVAC` → `HVAC`, `MAX A/C` → `A/C`, `MAX DEF` → `DEFROST`, `REAR DEF` → `DEFROST`）。**階層不是等價** —— 每個 AUTO ECO 都是 AUTO，但 AUTO 不必然是 AUTO ECO，故本表單向且其輸出另標來源，不併入等價組。依 43 §2，**不逐對**，沿用該高頻詞之類級處置；其效力同 41 §4：三對抽樣足以破類、不足以證類，所屬節生成之日轉為逐對判定。
7.2	10.4	not-sibling	true	vocab	129	[逐對] ch7 之 AUTO 為 C2 於後排之重述（`ch2_ch7_mirror_map.tsv`：7.2↔2.3 mirrored），ch10 之 AUTO ECO 為 C2 於 EV 上之外加狀態 —— 兩者各自對 ch2 有關係，彼此無。**ch10 全章未提及 rear**：AUTO ECO 是否及於後排氣候，兩側皆未述（見上繳 30 §6）（41 §3 規則二：一節已生成、一節未生成）
7.2	10.5	not-sibling	true	vocab	129	[逐對] 共有 ['AUTO', 'FAN', 'MODE']。ch10 之 ECO 行為為 standard AUTO 之外加狀態，其對造為 2.3（standard AUTO）而非本對；共有語彙為控制名
7.2	10.6	not-sibling	true	vocab	129	[逐對] 共有 ['AUTO', 'FAN', 'MODE']。ch10 之 ECO 行為為 standard AUTO 之外加狀態，其對造為 2.3（standard AUTO）而非本對；共有語彙為控制名
7.2	10.7	not-sibling	true	vocab	129	[逐對] ch7 之 AUTO 為 C2 於後排之重述（`ch2_ch7_mirror_map.tsv`：7.2↔2.3 mirrored），ch10 之 AUTO ECO 為 C2 於 EV 上之外加狀態 —— 兩者各自對 ch2 有關係，彼此無。**ch10 全章未提及 rear**：AUTO ECO 是否及於後排氣候，兩側皆未述（見上繳 30 §6）（41 §3 規則二：一節已生成、一節未生成）
7.2	10.8	not-sibling	true	vocab	129	[逐對] ch7 之 AUTO 為 C2 於後排之重述（`ch2_ch7_mirror_map.tsv`：7.2↔2.3 mirrored），ch10 之 AUTO ECO 為 C2 於 EV 上之外加狀態 —— 兩者各自對 ch2 有關係，彼此無。**ch10 全章未提及 rear**：AUTO ECO 是否及於後排氣候，兩側皆未述（見上繳 30 §6）（41 §3 規則二：一節已生成、一節未生成）
7.2	10.9	not-sibling	true	vocab	129	[逐對] ch7 之 AUTO 為 C2 於後排之重述（`ch2_ch7_mirror_map.tsv`：7.2↔2.3 mirrored），ch10 之 AUTO ECO 為 C2 於 EV 上之外加狀態 —— 兩者各自對 ch2 有關係，彼此無。**ch10 全章未提及 rear**：AUTO ECO 是否及於後排氣候，兩側皆未述（見上繳 30 §6）（41 §3 規則二：一節已生成、一節未生成）
7.2	10.9.1	not-sibling	true	vocab	129	[逐對] 共有 ['AUTO', 'MODE']。ch10 之 ECO 行為為 standard AUTO 之外加狀態，其對造為 2.3（standard AUTO）而非本對；共有語彙為控制名
7.2	11.11	deferred	true	vocab	129	**依 41 §3 規則三入表（42 §2 之全量重建）。** 兩節皆未生成，現在判無處可用 —— sibling 判定之用途是寫 TC 時決定 `duplicate_of`／`distinguishing_axis`（§4.6）。其所屬組生成之日連同其他候選一併判定。**`deferred` 不是 `not-sibling`**：前者是「尚未問」，後者是「問過了，答案是否」
7.2	11.11.1	deferred	true	vocab	129	**依 41 §3 規則三入表（42 §2 之全量重建）。** 兩節皆未生成，現在判無處可用 —— sibling 判定之用途是寫 TC 時決定 `duplicate_of`／`distinguishing_axis`（§4.6）。其所屬組生成之日連同其他候選一併判定。**`deferred` 不是 `not-sibling`**：前者是「尚未問」，後者是「問過了，答案是否」
7.2	11.2	deferred	true	vocab	129	**依 41 §3 規則三入表（42 §2 之全量重建）。** 兩節皆未生成，現在判無處可用 —— sibling 判定之用途是寫 TC 時決定 `duplicate_of`／`distinguishing_axis`（§4.6）。其所屬組生成之日連同其他候選一併判定。**`deferred` 不是 `not-sibling`**：前者是「尚未問」，後者是「問過了，答案是否」
7.2	11.5	deferred	true	vocab	129	**依 41 §3 規則三入表（42 §2 之全量重建）。** 兩節皆未生成，現在判無處可用 —— sibling 判定之用途是寫 TC 時決定 `duplicate_of`／`distinguishing_axis`（§4.6）。其所屬組生成之日連同其他候選一併判定。**`deferred` 不是 `not-sibling`**：前者是「尚未問」，後者是「問過了，答案是否」
7.2	12.2	deferred	true	vocab	129	**依 41 §3 規則三入表（42 §2 之全量重建）。** 兩節皆未生成，現在判無處可用 —— sibling 判定之用途是寫 TC 時決定 `duplicate_of`／`distinguishing_axis`（§4.6）。其所屬組生成之日連同其他候選一併判定。**`deferred` 不是 `not-sibling`**：前者是「尚未問」，後者是「問過了，答案是否」
7.2	12.6	deferred	true	vocab	129	**依 41 §3 規則三入表（42 §2 之全量重建）。** 兩節皆未生成，現在判無處可用 —— sibling 判定之用途是寫 TC 時決定 `duplicate_of`／`distinguishing_axis`（§4.6）。其所屬組生成之日連同其他候選一併判定。**`deferred` 不是 `not-sibling`**：前者是「尚未問」，後者是「問過了，答案是否」
7.2	12.7	deferred	true	vocab	129	**依 41 §3 規則三入表（42 §2 之全量重建）。** 兩節皆未生成，現在判無處可用 —— sibling 判定之用途是寫 TC 時決定 `duplicate_of`／`distinguishing_axis`（§4.6）。其所屬組生成之日連同其他候選一併判定。**`deferred` 不是 `not-sibling`**：前者是「尚未問」，後者是「問過了，答案是否」
7.2	12.9	deferred	true	vocab	129	**依 41 §3 規則三入表（42 §2 之全量重建）。** 兩節皆未生成，現在判無處可用 —— sibling 判定之用途是寫 TC 時決定 `duplicate_of`／`distinguishing_axis`（§4.6）。其所屬組生成之日連同其他候選一併判定。**`deferred` 不是 `not-sibling`**：前者是「尚未問」，後者是「問過了，答案是否」
7.2	14.1.1	deferred	true	vocab	129	**依 41 §3 規則三入表（42 §2 之全量重建）。** 兩節皆未生成，現在判無處可用 —— sibling 判定之用途是寫 TC 時決定 `duplicate_of`／`distinguishing_axis`（§4.6）。其所屬組生成之日連同其他候選一併判定。**`deferred` 不是 `not-sibling`**：前者是「尚未問」，後者是「問過了，答案是否」
7.2	14.10	deferred	true	vocab	129	**依 41 §3 規則三入表（42 §2 之全量重建）。** 兩節皆未生成，現在判無處可用 —— sibling 判定之用途是寫 TC 時決定 `duplicate_of`／`distinguishing_axis`（§4.6）。其所屬組生成之日連同其他候選一併判定。**`deferred` 不是 `not-sibling`**：前者是「尚未問」，後者是「問過了，答案是否」
7.2	14.10.1	deferred	true	vocab	129	**依 41 §3 規則三入表（42 §2 之全量重建）。** 兩節皆未生成，現在判無處可用 —— sibling 判定之用途是寫 TC 時決定 `duplicate_of`／`distinguishing_axis`（§4.6）。其所屬組生成之日連同其他候選一併判定。**`deferred` 不是 `not-sibling`**：前者是「尚未問」，後者是「問過了，答案是否」
7.2	14.11	deferred	true	vocab	129	**依 41 §3 規則三入表（42 §2 之全量重建）。** 兩節皆未生成，現在判無處可用 —— sibling 判定之用途是寫 TC 時決定 `duplicate_of`／`distinguishing_axis`（§4.6）。其所屬組生成之日連同其他候選一併判定。**`deferred` 不是 `not-sibling`**：前者是「尚未問」，後者是「問過了，答案是否」
7.2	14.13	deferred	true	vocab	129	**依 41 §3 規則三入表（42 §2 之全量重建）。** 兩節皆未生成，現在判無處可用 —— sibling 判定之用途是寫 TC 時決定 `duplicate_of`／`distinguishing_axis`（§4.6）。其所屬組生成之日連同其他候選一併判定。**`deferred` 不是 `not-sibling`**：前者是「尚未問」，後者是「問過了，答案是否」
7.2	14.17	deferred	true	vocab	129	**依 41 §3 規則三入表（42 §2 之全量重建）。** 兩節皆未生成，現在判無處可用 —— sibling 判定之用途是寫 TC 時決定 `duplicate_of`／`distinguishing_axis`（§4.6）。其所屬組生成之日連同其他候選一併判定。**`deferred` 不是 `not-sibling`**：前者是「尚未問」，後者是「問過了，答案是否」
7.2	14.19	deferred	true	vocab	129	**依 41 §3 規則三入表（42 §2 之全量重建）。** 兩節皆未生成，現在判無處可用 —— sibling 判定之用途是寫 TC 時決定 `duplicate_of`／`distinguishing_axis`（§4.6）。其所屬組生成之日連同其他候選一併判定。**`deferred` 不是 `not-sibling`**：前者是「尚未問」，後者是「問過了，答案是否」
7.2	14.3	deferred	true	vocab	129	**依 41 §3 規則三入表（42 §2 之全量重建）。** 兩節皆未生成，現在判無處可用 —— sibling 判定之用途是寫 TC 時決定 `duplicate_of`／`distinguishing_axis`（§4.6）。其所屬組生成之日連同其他候選一併判定。**`deferred` 不是 `not-sibling`**：前者是「尚未問」，後者是「問過了，答案是否」
7.2	14.4	deferred	true	vocab	129	**依 41 §3 規則三入表（42 §2 之全量重建）。** 兩節皆未生成，現在判無處可用 —— sibling 判定之用途是寫 TC 時決定 `duplicate_of`／`distinguishing_axis`（§4.6）。其所屬組生成之日連同其他候選一併判定。**`deferred` 不是 `not-sibling`**：前者是「尚未問」，後者是「問過了，答案是否」
7.2	15.1	deferred	true	vocab	129	**依 41 §3 規則三入表（42 §2 之全量重建）。** 兩節皆未生成，現在判無處可用 —— sibling 判定之用途是寫 TC 時決定 `duplicate_of`／`distinguishing_axis`（§4.6）。其所屬組生成之日連同其他候選一併判定。**`deferred` 不是 `not-sibling`**：前者是「尚未問」，後者是「問過了，答案是否」
7.2	16.10	deferred	true	vocab	129	**依 41 §3 規則三入表（42 §2 之全量重建）。** 兩節皆未生成，現在判無處可用 —— sibling 判定之用途是寫 TC 時決定 `duplicate_of`／`distinguishing_axis`（§4.6）。其所屬組生成之日連同其他候選一併判定。**`deferred` 不是 `not-sibling`**：前者是「尚未問」，後者是「問過了，答案是否」
7.2	16.11	deferred	true	vocab	129	**依 41 §3 規則三入表（42 §2 之全量重建）。** 兩節皆未生成，現在判無處可用 —— sibling 判定之用途是寫 TC 時決定 `duplicate_of`／`distinguishing_axis`（§4.6）。其所屬組生成之日連同其他候選一併判定。**`deferred` 不是 `not-sibling`**：前者是「尚未問」，後者是「問過了，答案是否」
7.2	16.12	deferred	true	vocab	129	**依 41 §3 規則三入表（42 §2 之全量重建）。** 兩節皆未生成，現在判無處可用 —— sibling 判定之用途是寫 TC 時決定 `duplicate_of`／`distinguishing_axis`（§4.6）。其所屬組生成之日連同其他候選一併判定。**`deferred` 不是 `not-sibling`**：前者是「尚未問」，後者是「問過了，答案是否」
7.2	16.12.1	deferred	true	vocab	129	**依 41 §3 規則三入表（42 §2 之全量重建）。** 兩節皆未生成，現在判無處可用 —— sibling 判定之用途是寫 TC 時決定 `duplicate_of`／`distinguishing_axis`（§4.6）。其所屬組生成之日連同其他候選一併判定。**`deferred` 不是 `not-sibling`**：前者是「尚未問」，後者是「問過了，答案是否」
7.2	16.13	deferred	true	vocab	129	**依 41 §3 規則三入表（42 §2 之全量重建）。** 兩節皆未生成，現在判無處可用 —— sibling 判定之用途是寫 TC 時決定 `duplicate_of`／`distinguishing_axis`（§4.6）。其所屬組生成之日連同其他候選一併判定。**`deferred` 不是 `not-sibling`**：前者是「尚未問」，後者是「問過了，答案是否」
7.2	16.14	deferred	true	vocab	129	**依 41 §3 規則三入表（42 §2 之全量重建）。** 兩節皆未生成，現在判無處可用 —— sibling 判定之用途是寫 TC 時決定 `duplicate_of`／`distinguishing_axis`（§4.6）。其所屬組生成之日連同其他候選一併判定。**`deferred` 不是 `not-sibling`**：前者是「尚未問」，後者是「問過了，答案是否」
7.2	16.17	deferred	true	vocab	129	**依 41 §3 規則三入表（42 §2 之全量重建）。** 兩節皆未生成，現在判無處可用 —— sibling 判定之用途是寫 TC 時決定 `duplicate_of`／`distinguishing_axis`（§4.6）。其所屬組生成之日連同其他候選一併判定。**`deferred` 不是 `not-sibling`**：前者是「尚未問」，後者是「問過了，答案是否」
7.2	16.2	deferred	true	vocab	129	**依 41 §3 規則三入表（42 §2 之全量重建）。** 兩節皆未生成，現在判無處可用 —— sibling 判定之用途是寫 TC 時決定 `duplicate_of`／`distinguishing_axis`（§4.6）。其所屬組生成之日連同其他候選一併判定。**`deferred` 不是 `not-sibling`**：前者是「尚未問」，後者是「問過了，答案是否」
7.2	16.3	deferred	true	vocab	129	**依 41 §3 規則三入表（42 §2 之全量重建）。** 兩節皆未生成，現在判無處可用 —— sibling 判定之用途是寫 TC 時決定 `duplicate_of`／`distinguishing_axis`（§4.6）。其所屬組生成之日連同其他候選一併判定。**`deferred` 不是 `not-sibling`**：前者是「尚未問」，後者是「問過了，答案是否」
7.2	16.6	deferred	true	vocab	129	**依 41 §3 規則三入表（42 §2 之全量重建）。** 兩節皆未生成，現在判無處可用 —— sibling 判定之用途是寫 TC 時決定 `duplicate_of`／`distinguishing_axis`（§4.6）。其所屬組生成之日連同其他候選一併判定。**`deferred` 不是 `not-sibling`**：前者是「尚未問」，後者是「問過了，答案是否」
7.2	16.6.1	deferred	true	vocab	129	**依 41 §3 規則三入表（42 §2 之全量重建）。** 兩節皆未生成，現在判無處可用 —— sibling 判定之用途是寫 TC 時決定 `duplicate_of`／`distinguishing_axis`（§4.6）。其所屬組生成之日連同其他候選一併判定。**`deferred` 不是 `not-sibling`**：前者是「尚未問」，後者是「問過了，答案是否」
7.2	16.7	deferred	true	vocab	129	**依 41 §3 規則三入表（42 §2 之全量重建）。** 兩節皆未生成，現在判無處可用 —— sibling 判定之用途是寫 TC 時決定 `duplicate_of`／`distinguishing_axis`（§4.6）。其所屬組生成之日連同其他候選一併判定。**`deferred` 不是 `not-sibling`**：前者是「尚未問」，後者是「問過了，答案是否」
7.2	16.8	deferred	true	vocab	129	**依 41 §3 規則三入表（42 §2 之全量重建）。** 兩節皆未生成，現在判無處可用 —— sibling 判定之用途是寫 TC 時決定 `duplicate_of`／`distinguishing_axis`（§4.6）。其所屬組生成之日連同其他候選一併判定。**`deferred` 不是 `not-sibling`**：前者是「尚未問」，後者是「問過了，答案是否」
7.2	17.2	deferred	true	vocab	129	**依 41 §3 規則三入表（42 §2 之全量重建）。** 兩節皆未生成，現在判無處可用 —— sibling 判定之用途是寫 TC 時決定 `duplicate_of`／`distinguishing_axis`（§4.6）。其所屬組生成之日連同其他候選一併判定。**`deferred` 不是 `not-sibling`**：前者是「尚未問」，後者是「問過了，答案是否」
7.2	17.5	deferred	true	vocab	129	**依 41 §3 規則三入表（42 §2 之全量重建）。** 兩節皆未生成，現在判無處可用 —— sibling 判定之用途是寫 TC 時決定 `duplicate_of`／`distinguishing_axis`（§4.6）。其所屬組生成之日連同其他候選一併判定。**`deferred` 不是 `not-sibling`**：前者是「尚未問」，後者是「問過了，答案是否」
7.4	11.1	deferred	true	vocab	129	**依 41 §3 規則三入表（42 §2 之全量重建）。** 兩節皆未生成，現在判無處可用 —— sibling 判定之用途是寫 TC 時決定 `duplicate_of`／`distinguishing_axis`（§4.6）。其所屬組生成之日連同其他候選一併判定。**`deferred` 不是 `not-sibling`**：前者是「尚未問」，後者是「問過了，答案是否」
7.4	11.11	deferred	true	vocab	129	**依 41 §3 規則三入表（42 §2 之全量重建）。** 兩節皆未生成，現在判無處可用 —— sibling 判定之用途是寫 TC 時決定 `duplicate_of`／`distinguishing_axis`（§4.6）。其所屬組生成之日連同其他候選一併判定。**`deferred` 不是 `not-sibling`**：前者是「尚未問」，後者是「問過了，答案是否」
7.4	11.11.1	deferred	true	vocab	129	**依 41 §3 規則三入表（42 §2 之全量重建）。** 兩節皆未生成，現在判無處可用 —— sibling 判定之用途是寫 TC 時決定 `duplicate_of`／`distinguishing_axis`（§4.6）。其所屬組生成之日連同其他候選一併判定。**`deferred` 不是 `not-sibling`**：前者是「尚未問」，後者是「問過了，答案是否」
7.4	11.2	deferred	true	vocab	129	**依 41 §3 規則三入表（42 §2 之全量重建）。** 兩節皆未生成，現在判無處可用 —— sibling 判定之用途是寫 TC 時決定 `duplicate_of`／`distinguishing_axis`（§4.6）。其所屬組生成之日連同其他候選一併判定。**`deferred` 不是 `not-sibling`**：前者是「尚未問」，後者是「問過了，答案是否」
7.4	11.8	deferred	true	vocab	129	**依 41 §3 規則三入表（42 §2 之全量重建）。** 兩節皆未生成，現在判無處可用 —— sibling 判定之用途是寫 TC 時決定 `duplicate_of`／`distinguishing_axis`（§4.6）。其所屬組生成之日連同其他候選一併判定。**`deferred` 不是 `not-sibling`**：前者是「尚未問」，後者是「問過了，答案是否」
7.4	12.1	deferred	true	vocab	129	**依 41 §3 規則三入表（42 §2 之全量重建）。** 兩節皆未生成，現在判無處可用 —— sibling 判定之用途是寫 TC 時決定 `duplicate_of`／`distinguishing_axis`（§4.6）。其所屬組生成之日連同其他候選一併判定。**`deferred` 不是 `not-sibling`**：前者是「尚未問」，後者是「問過了，答案是否」
7.4	12.2	deferred	true	vocab	129	**依 41 §3 規則三入表（42 §2 之全量重建）。** 兩節皆未生成，現在判無處可用 —— sibling 判定之用途是寫 TC 時決定 `duplicate_of`／`distinguishing_axis`（§4.6）。其所屬組生成之日連同其他候選一併判定。**`deferred` 不是 `not-sibling`**：前者是「尚未問」，後者是「問過了，答案是否」
7.4	12.8	deferred	true	vocab	129	**依 41 §3 規則三入表（42 §2 之全量重建）。** 兩節皆未生成，現在判無處可用 —— sibling 判定之用途是寫 TC 時決定 `duplicate_of`／`distinguishing_axis`（§4.6）。其所屬組生成之日連同其他候選一併判定。**`deferred` 不是 `not-sibling`**：前者是「尚未問」，後者是「問過了，答案是否」
7.4	12.9	deferred	true	vocab	129	**依 41 §3 規則三入表（42 §2 之全量重建）。** 兩節皆未生成，現在判無處可用 —— sibling 判定之用途是寫 TC 時決定 `duplicate_of`／`distinguishing_axis`（§4.6）。其所屬組生成之日連同其他候選一併判定。**`deferred` 不是 `not-sibling`**：前者是「尚未問」，後者是「問過了，答案是否」
7.4	14.13	deferred	true	vocab	129	**依 41 §3 規則三入表（42 §2 之全量重建）。** 兩節皆未生成，現在判無處可用 —— sibling 判定之用途是寫 TC 時決定 `duplicate_of`／`distinguishing_axis`（§4.6）。其所屬組生成之日連同其他候選一併判定。**`deferred` 不是 `not-sibling`**：前者是「尚未問」，後者是「問過了，答案是否」
7.4	14.17	deferred	true	vocab	129	**依 41 §3 規則三入表（42 §2 之全量重建）。** 兩節皆未生成，現在判無處可用 —— sibling 判定之用途是寫 TC 時決定 `duplicate_of`／`distinguishing_axis`（§4.6）。其所屬組生成之日連同其他候選一併判定。**`deferred` 不是 `not-sibling`**：前者是「尚未問」，後者是「問過了，答案是否」
7.4	14.19	deferred	true	vocab	129	**依 41 §3 規則三入表（42 §2 之全量重建）。** 兩節皆未生成，現在判無處可用 —— sibling 判定之用途是寫 TC 時決定 `duplicate_of`／`distinguishing_axis`（§4.6）。其所屬組生成之日連同其他候選一併判定。**`deferred` 不是 `not-sibling`**：前者是「尚未問」，後者是「問過了，答案是否」
7.4	16.11	deferred	true	vocab	129	**依 41 §3 規則三入表（42 §2 之全量重建）。** 兩節皆未生成，現在判無處可用 —— sibling 判定之用途是寫 TC 時決定 `duplicate_of`／`distinguishing_axis`（§4.6）。其所屬組生成之日連同其他候選一併判定。**`deferred` 不是 `not-sibling`**：前者是「尚未問」，後者是「問過了，答案是否」
7.4	16.13	deferred	true	vocab	129	**依 41 §3 規則三入表（42 §2 之全量重建）。** 兩節皆未生成，現在判無處可用 —— sibling 判定之用途是寫 TC 時決定 `duplicate_of`／`distinguishing_axis`（§4.6）。其所屬組生成之日連同其他候選一併判定。**`deferred` 不是 `not-sibling`**：前者是「尚未問」，後者是「問過了，答案是否」
7.4	16.14	deferred	true	vocab	129	**依 41 §3 規則三入表（42 §2 之全量重建）。** 兩節皆未生成，現在判無處可用 —— sibling 判定之用途是寫 TC 時決定 `duplicate_of`／`distinguishing_axis`（§4.6）。其所屬組生成之日連同其他候選一併判定。**`deferred` 不是 `not-sibling`**：前者是「尚未問」，後者是「問過了，答案是否」
7.4	16.2	deferred	true	vocab	129	**依 41 §3 規則三入表（42 §2 之全量重建）。** 兩節皆未生成，現在判無處可用 —— sibling 判定之用途是寫 TC 時決定 `duplicate_of`／`distinguishing_axis`（§4.6）。其所屬組生成之日連同其他候選一併判定。**`deferred` 不是 `not-sibling`**：前者是「尚未問」，後者是「問過了，答案是否」
7.4	16.3	deferred	true	vocab	129	**依 41 §3 規則三入表（42 §2 之全量重建）。** 兩節皆未生成，現在判無處可用 —— sibling 判定之用途是寫 TC 時決定 `duplicate_of`／`distinguishing_axis`（§4.6）。其所屬組生成之日連同其他候選一併判定。**`deferred` 不是 `not-sibling`**：前者是「尚未問」，後者是「問過了，答案是否」
7.4	16.6	deferred	true	vocab	129	**依 41 §3 規則三入表（42 §2 之全量重建）。** 兩節皆未生成，現在判無處可用 —— sibling 判定之用途是寫 TC 時決定 `duplicate_of`／`distinguishing_axis`（§4.6）。其所屬組生成之日連同其他候選一併判定。**`deferred` 不是 `not-sibling`**：前者是「尚未問」，後者是「問過了，答案是否」
7.4	16.6.1	deferred	true	vocab	129	**依 41 §3 規則三入表（42 §2 之全量重建）。** 兩節皆未生成，現在判無處可用 —— sibling 判定之用途是寫 TC 時決定 `duplicate_of`／`distinguishing_axis`（§4.6）。其所屬組生成之日連同其他候選一併判定。**`deferred` 不是 `not-sibling`**：前者是「尚未問」，後者是「問過了，答案是否」
7.4	16.8	deferred	true	vocab	129	**依 41 §3 規則三入表（42 §2 之全量重建）。** 兩節皆未生成，現在判無處可用 —— sibling 判定之用途是寫 TC 時決定 `duplicate_of`／`distinguishing_axis`（§4.6）。其所屬組生成之日連同其他候選一併判定。**`deferred` 不是 `not-sibling`**：前者是「尚未問」，後者是「問過了，答案是否」
7.4	17.2	deferred	true	vocab	129	**依 41 §3 規則三入表（42 §2 之全量重建）。** 兩節皆未生成，現在判無處可用 —— sibling 判定之用途是寫 TC 時決定 `duplicate_of`／`distinguishing_axis`（§4.6）。其所屬組生成之日連同其他候選一併判定。**`deferred` 不是 `not-sibling`**：前者是「尚未問」，後者是「問過了，答案是否」
7.4	17.5	deferred	true	vocab	129	**依 41 §3 規則三入表（42 §2 之全量重建）。** 兩節皆未生成，現在判無處可用 —— sibling 判定之用途是寫 TC 時決定 `duplicate_of`／`distinguishing_axis`（§4.6）。其所屬組生成之日連同其他候選一併判定。**`deferred` 不是 `not-sibling`**：前者是「尚未問」，後者是「問過了，答案是否」
7.5	10.2	not-sibling	true	vocab	129	[逐對] ch7 之 AUTO 為 C2 於後排之重述（`ch2_ch7_mirror_map.tsv`：7.2↔2.3 mirrored），ch10 之 AUTO ECO 為 C2 於 EV 上之外加狀態 —— 兩者各自對 ch2 有關係，彼此無。**ch10 全章未提及 rear**：AUTO ECO 是否及於後排氣候，兩側皆未述（見上繳 30 §6）（41 §3 規則二：一節已生成、一節未生成）
7.5	10.3	not-broken-by-3-samples (class)	true	via-hierarchy	129	**本對僅因階層關係而成為候選（43 §2，`source = via-hierarchy`）。** `10.3` 與 `7.5` 之詞彙集**無交集**；其共有語彙 ['AUTO'] 係由特化詞導出之泛化詞（表：`AUTO ECO` → `AUTO`, `ECO HVAC` → `HVAC`, `MAX A/C` → `A/C`, `MAX DEF` → `DEFROST`, `REAR DEF` → `DEFROST`）。**階層不是等價** —— 每個 AUTO ECO 都是 AUTO，但 AUTO 不必然是 AUTO ECO，故本表單向且其輸出另標來源，不併入等價組。依 43 §2，**不逐對**，沿用該高頻詞之類級處置；其效力同 41 §4：三對抽樣足以破類、不足以證類，所屬節生成之日轉為逐對判定。
7.5	10.4	not-sibling	true	vocab	129	[逐對] ch7 之 AUTO 為 C2 於後排之重述（`ch2_ch7_mirror_map.tsv`：7.2↔2.3 mirrored），ch10 之 AUTO ECO 為 C2 於 EV 上之外加狀態 —— 兩者各自對 ch2 有關係，彼此無。**ch10 全章未提及 rear**：AUTO ECO 是否及於後排氣候，兩側皆未述（見上繳 30 §6）（41 §3 規則二：一節已生成、一節未生成）
7.5	10.5	not-sibling	true	vocab	129	[逐對] 共有 ['AUTO', 'FAN']。ch10 之 ECO 行為為 standard AUTO 之外加狀態，其對造為 2.3（standard AUTO）而非本對；共有語彙為控制名
7.5	10.6	not-sibling	true	vocab	129	[逐對] 共有 ['AUTO', 'FAN']。ch10 之 ECO 行為為 standard AUTO 之外加狀態，其對造為 2.3（standard AUTO）而非本對；共有語彙為控制名
7.5	10.7	not-sibling	true	vocab	129	[逐對] ch7 之 AUTO 為 C2 於後排之重述（`ch2_ch7_mirror_map.tsv`：7.2↔2.3 mirrored），ch10 之 AUTO ECO 為 C2 於 EV 上之外加狀態 —— 兩者各自對 ch2 有關係，彼此無。**ch10 全章未提及 rear**：AUTO ECO 是否及於後排氣候，兩側皆未述（見上繳 30 §6）（41 §3 規則二：一節已生成、一節未生成）
7.5	10.8	not-sibling	true	vocab	129	[逐對] ch7 之 AUTO 為 C2 於後排之重述（`ch2_ch7_mirror_map.tsv`：7.2↔2.3 mirrored），ch10 之 AUTO ECO 為 C2 於 EV 上之外加狀態 —— 兩者各自對 ch2 有關係，彼此無。**ch10 全章未提及 rear**：AUTO ECO 是否及於後排氣候，兩側皆未述（見上繳 30 §6）（41 §3 規則二：一節已生成、一節未生成）
7.5	10.9	not-sibling	true	vocab	129	[逐對] ch7 之 AUTO 為 C2 於後排之重述（`ch2_ch7_mirror_map.tsv`：7.2↔2.3 mirrored），ch10 之 AUTO ECO 為 C2 於 EV 上之外加狀態 —— 兩者各自對 ch2 有關係，彼此無。**ch10 全章未提及 rear**：AUTO ECO 是否及於後排氣候，兩側皆未述（見上繳 30 §6）（41 §3 規則二：一節已生成、一節未生成）
7.5	10.9.1	not-sibling	true	vocab	129	[逐對] ch7 之 AUTO 為 C2 於後排之重述（`ch2_ch7_mirror_map.tsv`：7.2↔2.3 mirrored），ch10 之 AUTO ECO 為 C2 於 EV 上之外加狀態 —— 兩者各自對 ch2 有關係，彼此無。**ch10 全章未提及 rear**：AUTO ECO 是否及於後排氣候，兩側皆未述（見上繳 30 §6）（41 §3 規則二：一節已生成、一節未生成）
7.5	11.2	deferred	true	vocab	129	**依 41 §3 規則三入表（42 §2 之全量重建）。** 兩節皆未生成，現在判無處可用 —— sibling 判定之用途是寫 TC 時決定 `duplicate_of`／`distinguishing_axis`（§4.6）。其所屬組生成之日連同其他候選一併判定。**`deferred` 不是 `not-sibling`**：前者是「尚未問」，後者是「問過了，答案是否」
7.5	11.5	deferred	true	vocab	129	**依 41 §3 規則三入表（42 §2 之全量重建）。** 兩節皆未生成，現在判無處可用 —— sibling 判定之用途是寫 TC 時決定 `duplicate_of`／`distinguishing_axis`（§4.6）。其所屬組生成之日連同其他候選一併判定。**`deferred` 不是 `not-sibling`**：前者是「尚未問」，後者是「問過了，答案是否」
7.5	12.2	deferred	true	vocab	129	**依 41 §3 規則三入表（42 §2 之全量重建）。** 兩節皆未生成，現在判無處可用 —— sibling 判定之用途是寫 TC 時決定 `duplicate_of`／`distinguishing_axis`（§4.6）。其所屬組生成之日連同其他候選一併判定。**`deferred` 不是 `not-sibling`**：前者是「尚未問」，後者是「問過了，答案是否」
7.5	12.6	deferred	true	vocab	129	**依 41 §3 規則三入表（42 §2 之全量重建）。** 兩節皆未生成，現在判無處可用 —— sibling 判定之用途是寫 TC 時決定 `duplicate_of`／`distinguishing_axis`（§4.6）。其所屬組生成之日連同其他候選一併判定。**`deferred` 不是 `not-sibling`**：前者是「尚未問」，後者是「問過了，答案是否」
7.5	12.7	deferred	true	vocab	129	**依 41 §3 規則三入表（42 §2 之全量重建）。** 兩節皆未生成，現在判無處可用 —— sibling 判定之用途是寫 TC 時決定 `duplicate_of`／`distinguishing_axis`（§4.6）。其所屬組生成之日連同其他候選一併判定。**`deferred` 不是 `not-sibling`**：前者是「尚未問」，後者是「問過了，答案是否」
7.5	12.9	deferred	true	vocab	129	**依 41 §3 規則三入表（42 §2 之全量重建）。** 兩節皆未生成，現在判無處可用 —— sibling 判定之用途是寫 TC 時決定 `duplicate_of`／`distinguishing_axis`（§4.6）。其所屬組生成之日連同其他候選一併判定。**`deferred` 不是 `not-sibling`**：前者是「尚未問」，後者是「問過了，答案是否」
7.5	14.1.1	deferred	true	vocab	129	**依 41 §3 規則三入表（42 §2 之全量重建）。** 兩節皆未生成，現在判無處可用 —— sibling 判定之用途是寫 TC 時決定 `duplicate_of`／`distinguishing_axis`（§4.6）。其所屬組生成之日連同其他候選一併判定。**`deferred` 不是 `not-sibling`**：前者是「尚未問」，後者是「問過了，答案是否」
7.5	14.10.1	deferred	true	vocab	129	**依 41 §3 規則三入表（42 §2 之全量重建）。** 兩節皆未生成，現在判無處可用 —— sibling 判定之用途是寫 TC 時決定 `duplicate_of`／`distinguishing_axis`（§4.6）。其所屬組生成之日連同其他候選一併判定。**`deferred` 不是 `not-sibling`**：前者是「尚未問」，後者是「問過了，答案是否」
7.5	14.11	deferred	true	vocab	129	**依 41 §3 規則三入表（42 §2 之全量重建）。** 兩節皆未生成，現在判無處可用 —— sibling 判定之用途是寫 TC 時決定 `duplicate_of`／`distinguishing_axis`（§4.6）。其所屬組生成之日連同其他候選一併判定。**`deferred` 不是 `not-sibling`**：前者是「尚未問」，後者是「問過了，答案是否」
7.5	14.13	deferred	true	vocab	129	**依 41 §3 規則三入表（42 §2 之全量重建）。** 兩節皆未生成，現在判無處可用 —— sibling 判定之用途是寫 TC 時決定 `duplicate_of`／`distinguishing_axis`（§4.6）。其所屬組生成之日連同其他候選一併判定。**`deferred` 不是 `not-sibling`**：前者是「尚未問」，後者是「問過了，答案是否」
7.5	14.19	deferred	true	vocab	129	**依 41 §3 規則三入表（42 §2 之全量重建）。** 兩節皆未生成，現在判無處可用 —— sibling 判定之用途是寫 TC 時決定 `duplicate_of`／`distinguishing_axis`（§4.6）。其所屬組生成之日連同其他候選一併判定。**`deferred` 不是 `not-sibling`**：前者是「尚未問」，後者是「問過了，答案是否」
7.5	14.3	deferred	true	vocab	129	**依 41 §3 規則三入表（42 §2 之全量重建）。** 兩節皆未生成，現在判無處可用 —— sibling 判定之用途是寫 TC 時決定 `duplicate_of`／`distinguishing_axis`（§4.6）。其所屬組生成之日連同其他候選一併判定。**`deferred` 不是 `not-sibling`**：前者是「尚未問」，後者是「問過了，答案是否」
7.5	15.1	deferred	true	vocab	129	**依 41 §3 規則三入表（42 §2 之全量重建）。** 兩節皆未生成，現在判無處可用 —— sibling 判定之用途是寫 TC 時決定 `duplicate_of`／`distinguishing_axis`（§4.6）。其所屬組生成之日連同其他候選一併判定。**`deferred` 不是 `not-sibling`**：前者是「尚未問」，後者是「問過了，答案是否」
7.5	16.10	deferred	true	vocab	129	**依 41 §3 規則三入表（42 §2 之全量重建）。** 兩節皆未生成，現在判無處可用 —— sibling 判定之用途是寫 TC 時決定 `duplicate_of`／`distinguishing_axis`（§4.6）。其所屬組生成之日連同其他候選一併判定。**`deferred` 不是 `not-sibling`**：前者是「尚未問」，後者是「問過了，答案是否」
7.5	16.11	deferred	true	vocab	129	**依 41 §3 規則三入表（42 §2 之全量重建）。** 兩節皆未生成，現在判無處可用 —— sibling 判定之用途是寫 TC 時決定 `duplicate_of`／`distinguishing_axis`（§4.6）。其所屬組生成之日連同其他候選一併判定。**`deferred` 不是 `not-sibling`**：前者是「尚未問」，後者是「問過了，答案是否」
7.5	16.12	deferred	true	vocab	129	**依 41 §3 規則三入表（42 §2 之全量重建）。** 兩節皆未生成，現在判無處可用 —— sibling 判定之用途是寫 TC 時決定 `duplicate_of`／`distinguishing_axis`（§4.6）。其所屬組生成之日連同其他候選一併判定。**`deferred` 不是 `not-sibling`**：前者是「尚未問」，後者是「問過了，答案是否」
7.5	16.13	deferred	true	vocab	129	**依 41 §3 規則三入表（42 §2 之全量重建）。** 兩節皆未生成，現在判無處可用 —— sibling 判定之用途是寫 TC 時決定 `duplicate_of`／`distinguishing_axis`（§4.6）。其所屬組生成之日連同其他候選一併判定。**`deferred` 不是 `not-sibling`**：前者是「尚未問」，後者是「問過了，答案是否」
7.5	16.14	deferred	true	vocab	129	**依 41 §3 規則三入表（42 §2 之全量重建）。** 兩節皆未生成，現在判無處可用 —— sibling 判定之用途是寫 TC 時決定 `duplicate_of`／`distinguishing_axis`（§4.6）。其所屬組生成之日連同其他候選一併判定。**`deferred` 不是 `not-sibling`**：前者是「尚未問」，後者是「問過了，答案是否」
7.5	16.17	deferred	true	vocab	129	**依 41 §3 規則三入表（42 §2 之全量重建）。** 兩節皆未生成，現在判無處可用 —— sibling 判定之用途是寫 TC 時決定 `duplicate_of`／`distinguishing_axis`（§4.6）。其所屬組生成之日連同其他候選一併判定。**`deferred` 不是 `not-sibling`**：前者是「尚未問」，後者是「問過了，答案是否」
7.5	16.2	deferred	true	vocab	129	**依 41 §3 規則三入表（42 §2 之全量重建）。** 兩節皆未生成，現在判無處可用 —— sibling 判定之用途是寫 TC 時決定 `duplicate_of`／`distinguishing_axis`（§4.6）。其所屬組生成之日連同其他候選一併判定。**`deferred` 不是 `not-sibling`**：前者是「尚未問」，後者是「問過了，答案是否」
7.5	16.3	deferred	true	vocab	129	**依 41 §3 規則三入表（42 §2 之全量重建）。** 兩節皆未生成，現在判無處可用 —— sibling 判定之用途是寫 TC 時決定 `duplicate_of`／`distinguishing_axis`（§4.6）。其所屬組生成之日連同其他候選一併判定。**`deferred` 不是 `not-sibling`**：前者是「尚未問」，後者是「問過了，答案是否」
7.5	16.7	deferred	true	vocab	129	**依 41 §3 規則三入表（42 §2 之全量重建）。** 兩節皆未生成，現在判無處可用 —— sibling 判定之用途是寫 TC 時決定 `duplicate_of`／`distinguishing_axis`（§4.6）。其所屬組生成之日連同其他候選一併判定。**`deferred` 不是 `not-sibling`**：前者是「尚未問」，後者是「問過了，答案是否」
7.5	16.8	deferred	true	vocab	129	**依 41 §3 規則三入表（42 §2 之全量重建）。** 兩節皆未生成，現在判無處可用 —— sibling 判定之用途是寫 TC 時決定 `duplicate_of`／`distinguishing_axis`（§4.6）。其所屬組生成之日連同其他候選一併判定。**`deferred` 不是 `not-sibling`**：前者是「尚未問」，後者是「問過了，答案是否」
7.5	17.2	deferred	true	vocab	129	**依 41 §3 規則三入表（42 §2 之全量重建）。** 兩節皆未生成，現在判無處可用 —— sibling 判定之用途是寫 TC 時決定 `duplicate_of`／`distinguishing_axis`（§4.6）。其所屬組生成之日連同其他候選一併判定。**`deferred` 不是 `not-sibling`**：前者是「尚未問」，後者是「問過了，答案是否」
7.6	16.10	deferred	true	vocab	129	**依 41 §3 規則三入表（42 §2 之全量重建）。** 兩節皆未生成，現在判無處可用 —— sibling 判定之用途是寫 TC 時決定 `duplicate_of`／`distinguishing_axis`（§4.6）。其所屬組生成之日連同其他候選一併判定。**`deferred` 不是 `not-sibling`**：前者是「尚未問」，後者是「問過了，答案是否」
7.6	16.2	deferred	true	vocab	129	**依 41 §3 規則三入表（42 §2 之全量重建）。** 兩節皆未生成，現在判無處可用 —— sibling 判定之用途是寫 TC 時決定 `duplicate_of`／`distinguishing_axis`（§4.6）。其所屬組生成之日連同其他候選一併判定。**`deferred` 不是 `not-sibling`**：前者是「尚未問」，後者是「問過了，答案是否」
7.7	10.1	not-sibling	true	vocab	129	[逐對] ch7 之 AUTO 為 C2 於後排之重述（`ch2_ch7_mirror_map.tsv`：7.2↔2.3 mirrored），ch10 之 AUTO ECO 為 C2 於 EV 上之外加狀態 —— 兩者各自對 ch2 有關係，彼此無。**ch10 全章未提及 rear**：AUTO ECO 是否及於後排氣候，兩側皆未述（見上繳 30 §6）（41 §3 規則二：一節已生成、一節未生成）
7.7	10.5	not-sibling	true	vocab	129	[逐對] 共有 ['FAN', 'MODE']。ch10 之 ECO 行為為 standard AUTO 之外加狀態，其對造為 2.3（standard AUTO）而非本對；共有語彙為控制名
7.7	10.6	not-sibling	true	vocab	129	[逐對] 共有 ['FAN', 'MODE']。ch10 之 ECO 行為為 standard AUTO 之外加狀態，其對造為 2.3（standard AUTO）而非本對；共有語彙為控制名
7.7	10.9.1	not-sibling	true	vocab	129	[逐對] ch7 之 AUTO 為 C2 於後排之重述（`ch2_ch7_mirror_map.tsv`：7.2↔2.3 mirrored），ch10 之 AUTO ECO 為 C2 於 EV 上之外加狀態 —— 兩者各自對 ch2 有關係，彼此無。**ch10 全章未提及 rear**：AUTO ECO 是否及於後排氣候，兩側皆未述（見上繳 30 §6）（41 §3 規則二：一節已生成、一節未生成）
7.7	11.11	deferred	true	vocab	129	**依 41 §3 規則三入表（42 §2 之全量重建）。** 兩節皆未生成，現在判無處可用 —— sibling 判定之用途是寫 TC 時決定 `duplicate_of`／`distinguishing_axis`（§4.6）。其所屬組生成之日連同其他候選一併判定。**`deferred` 不是 `not-sibling`**：前者是「尚未問」，後者是「問過了，答案是否」
7.7	11.11.1	deferred	true	vocab	129	**依 41 §3 規則三入表（42 §2 之全量重建）。** 兩節皆未生成，現在判無處可用 —— sibling 判定之用途是寫 TC 時決定 `duplicate_of`／`distinguishing_axis`（§4.6）。其所屬組生成之日連同其他候選一併判定。**`deferred` 不是 `not-sibling`**：前者是「尚未問」，後者是「問過了，答案是否」
7.7	11.2	deferred	true	vocab	129	**依 41 §3 規則三入表（42 §2 之全量重建）。** 兩節皆未生成，現在判無處可用 —— sibling 判定之用途是寫 TC 時決定 `duplicate_of`／`distinguishing_axis`（§4.6）。其所屬組生成之日連同其他候選一併判定。**`deferred` 不是 `not-sibling`**：前者是「尚未問」，後者是「問過了，答案是否」
7.7	12.2	deferred	true	vocab	129	**依 41 §3 規則三入表（42 §2 之全量重建）。** 兩節皆未生成，現在判無處可用 —— sibling 判定之用途是寫 TC 時決定 `duplicate_of`／`distinguishing_axis`（§4.6）。其所屬組生成之日連同其他候選一併判定。**`deferred` 不是 `not-sibling`**：前者是「尚未問」，後者是「問過了，答案是否」
7.7	12.7	deferred	true	vocab	129	**依 41 §3 規則三入表（42 §2 之全量重建）。** 兩節皆未生成，現在判無處可用 —— sibling 判定之用途是寫 TC 時決定 `duplicate_of`／`distinguishing_axis`（§4.6）。其所屬組生成之日連同其他候選一併判定。**`deferred` 不是 `not-sibling`**：前者是「尚未問」，後者是「問過了，答案是否」
7.7	12.9	deferred	true	vocab	129	**依 41 §3 規則三入表（42 §2 之全量重建）。** 兩節皆未生成，現在判無處可用 —— sibling 判定之用途是寫 TC 時決定 `duplicate_of`／`distinguishing_axis`（§4.6）。其所屬組生成之日連同其他候選一併判定。**`deferred` 不是 `not-sibling`**：前者是「尚未問」，後者是「問過了，答案是否」
7.7	14.1.1	deferred	true	vocab	129	**依 41 §3 規則三入表（42 §2 之全量重建）。** 兩節皆未生成，現在判無處可用 —— sibling 判定之用途是寫 TC 時決定 `duplicate_of`／`distinguishing_axis`（§4.6）。其所屬組生成之日連同其他候選一併判定。**`deferred` 不是 `not-sibling`**：前者是「尚未問」，後者是「問過了，答案是否」
7.7	14.10	deferred	true	vocab	129	**依 41 §3 規則三入表（42 §2 之全量重建）。** 兩節皆未生成，現在判無處可用 —— sibling 判定之用途是寫 TC 時決定 `duplicate_of`／`distinguishing_axis`（§4.6）。其所屬組生成之日連同其他候選一併判定。**`deferred` 不是 `not-sibling`**：前者是「尚未問」，後者是「問過了，答案是否」
7.7	14.10.1	deferred	true	vocab	129	**依 41 §3 規則三入表（42 §2 之全量重建）。** 兩節皆未生成，現在判無處可用 —— sibling 判定之用途是寫 TC 時決定 `duplicate_of`／`distinguishing_axis`（§4.6）。其所屬組生成之日連同其他候選一併判定。**`deferred` 不是 `not-sibling`**：前者是「尚未問」，後者是「問過了，答案是否」
7.7	14.11	deferred	true	vocab	129	**依 41 §3 規則三入表（42 §2 之全量重建）。** 兩節皆未生成，現在判無處可用 —— sibling 判定之用途是寫 TC 時決定 `duplicate_of`／`distinguishing_axis`（§4.6）。其所屬組生成之日連同其他候選一併判定。**`deferred` 不是 `not-sibling`**：前者是「尚未問」，後者是「問過了，答案是否」
7.7	14.13	deferred	true	vocab	129	**依 41 §3 規則三入表（42 §2 之全量重建）。** 兩節皆未生成，現在判無處可用 —— sibling 判定之用途是寫 TC 時決定 `duplicate_of`／`distinguishing_axis`（§4.6）。其所屬組生成之日連同其他候選一併判定。**`deferred` 不是 `not-sibling`**：前者是「尚未問」，後者是「問過了，答案是否」
7.7	14.17	deferred	true	vocab	129	**依 41 §3 規則三入表（42 §2 之全量重建）。** 兩節皆未生成，現在判無處可用 —— sibling 判定之用途是寫 TC 時決定 `duplicate_of`／`distinguishing_axis`（§4.6）。其所屬組生成之日連同其他候選一併判定。**`deferred` 不是 `not-sibling`**：前者是「尚未問」，後者是「問過了，答案是否」
7.7	14.19	deferred	true	vocab	129	**依 41 §3 規則三入表（42 §2 之全量重建）。** 兩節皆未生成，現在判無處可用 —— sibling 判定之用途是寫 TC 時決定 `duplicate_of`／`distinguishing_axis`（§4.6）。其所屬組生成之日連同其他候選一併判定。**`deferred` 不是 `not-sibling`**：前者是「尚未問」，後者是「問過了，答案是否」
7.7	14.3	deferred	true	vocab	129	**依 41 §3 規則三入表（42 §2 之全量重建）。** 兩節皆未生成，現在判無處可用 —— sibling 判定之用途是寫 TC 時決定 `duplicate_of`／`distinguishing_axis`（§4.6）。其所屬組生成之日連同其他候選一併判定。**`deferred` 不是 `not-sibling`**：前者是「尚未問」，後者是「問過了，答案是否」
7.7	14.4	deferred	true	vocab	129	**依 41 §3 規則三入表（42 §2 之全量重建）。** 兩節皆未生成，現在判無處可用 —— sibling 判定之用途是寫 TC 時決定 `duplicate_of`／`distinguishing_axis`（§4.6）。其所屬組生成之日連同其他候選一併判定。**`deferred` 不是 `not-sibling`**：前者是「尚未問」，後者是「問過了，答案是否」
7.7	15.1	deferred	true	vocab	129	**依 41 §3 規則三入表（42 §2 之全量重建）。** 兩節皆未生成，現在判無處可用 —— sibling 判定之用途是寫 TC 時決定 `duplicate_of`／`distinguishing_axis`（§4.6）。其所屬組生成之日連同其他候選一併判定。**`deferred` 不是 `not-sibling`**：前者是「尚未問」，後者是「問過了，答案是否」
7.7	16.10	deferred	true	vocab	129	**依 41 §3 規則三入表（42 §2 之全量重建）。** 兩節皆未生成，現在判無處可用 —— sibling 判定之用途是寫 TC 時決定 `duplicate_of`／`distinguishing_axis`（§4.6）。其所屬組生成之日連同其他候選一併判定。**`deferred` 不是 `not-sibling`**：前者是「尚未問」，後者是「問過了，答案是否」
7.7	16.11	deferred	true	vocab	129	**依 41 §3 規則三入表（42 §2 之全量重建）。** 兩節皆未生成，現在判無處可用 —— sibling 判定之用途是寫 TC 時決定 `duplicate_of`／`distinguishing_axis`（§4.6）。其所屬組生成之日連同其他候選一併判定。**`deferred` 不是 `not-sibling`**：前者是「尚未問」，後者是「問過了，答案是否」
7.7	16.12	deferred	true	vocab	129	**依 41 §3 規則三入表（42 §2 之全量重建）。** 兩節皆未生成，現在判無處可用 —— sibling 判定之用途是寫 TC 時決定 `duplicate_of`／`distinguishing_axis`（§4.6）。其所屬組生成之日連同其他候選一併判定。**`deferred` 不是 `not-sibling`**：前者是「尚未問」，後者是「問過了，答案是否」
7.7	16.12.1	deferred	true	vocab	129	**依 41 §3 規則三入表（42 §2 之全量重建）。** 兩節皆未生成，現在判無處可用 —— sibling 判定之用途是寫 TC 時決定 `duplicate_of`／`distinguishing_axis`（§4.6）。其所屬組生成之日連同其他候選一併判定。**`deferred` 不是 `not-sibling`**：前者是「尚未問」，後者是「問過了，答案是否」
7.7	16.13	deferred	true	vocab	129	**依 41 §3 規則三入表（42 §2 之全量重建）。** 兩節皆未生成，現在判無處可用 —— sibling 判定之用途是寫 TC 時決定 `duplicate_of`／`distinguishing_axis`（§4.6）。其所屬組生成之日連同其他候選一併判定。**`deferred` 不是 `not-sibling`**：前者是「尚未問」，後者是「問過了，答案是否」
7.7	16.14	deferred	true	vocab	129	**依 41 §3 規則三入表（42 §2 之全量重建）。** 兩節皆未生成，現在判無處可用 —— sibling 判定之用途是寫 TC 時決定 `duplicate_of`／`distinguishing_axis`（§4.6）。其所屬組生成之日連同其他候選一併判定。**`deferred` 不是 `not-sibling`**：前者是「尚未問」，後者是「問過了，答案是否」
7.7	16.17	deferred	true	vocab	129	**依 41 §3 規則三入表（42 §2 之全量重建）。** 兩節皆未生成，現在判無處可用 —— sibling 判定之用途是寫 TC 時決定 `duplicate_of`／`distinguishing_axis`（§4.6）。其所屬組生成之日連同其他候選一併判定。**`deferred` 不是 `not-sibling`**：前者是「尚未問」，後者是「問過了，答案是否」
7.7	16.2	deferred	true	vocab	129	**依 41 §3 規則三入表（42 §2 之全量重建）。** 兩節皆未生成，現在判無處可用 —— sibling 判定之用途是寫 TC 時決定 `duplicate_of`／`distinguishing_axis`（§4.6）。其所屬組生成之日連同其他候選一併判定。**`deferred` 不是 `not-sibling`**：前者是「尚未問」，後者是「問過了，答案是否」
7.7	16.3	deferred	true	vocab	129	**依 41 §3 規則三入表（42 §2 之全量重建）。** 兩節皆未生成，現在判無處可用 —— sibling 判定之用途是寫 TC 時決定 `duplicate_of`／`distinguishing_axis`（§4.6）。其所屬組生成之日連同其他候選一併判定。**`deferred` 不是 `not-sibling`**：前者是「尚未問」，後者是「問過了，答案是否」
7.7	16.6	deferred	true	vocab	129	**依 41 §3 規則三入表（42 §2 之全量重建）。** 兩節皆未生成，現在判無處可用 —— sibling 判定之用途是寫 TC 時決定 `duplicate_of`／`distinguishing_axis`（§4.6）。其所屬組生成之日連同其他候選一併判定。**`deferred` 不是 `not-sibling`**：前者是「尚未問」，後者是「問過了，答案是否」
7.7	16.6.1	deferred	true	vocab	129	**依 41 §3 規則三入表（42 §2 之全量重建）。** 兩節皆未生成，現在判無處可用 —— sibling 判定之用途是寫 TC 時決定 `duplicate_of`／`distinguishing_axis`（§4.6）。其所屬組生成之日連同其他候選一併判定。**`deferred` 不是 `not-sibling`**：前者是「尚未問」，後者是「問過了，答案是否」
7.7	16.7	deferred	true	vocab	129	**依 41 §3 規則三入表（42 §2 之全量重建）。** 兩節皆未生成，現在判無處可用 —— sibling 判定之用途是寫 TC 時決定 `duplicate_of`／`distinguishing_axis`（§4.6）。其所屬組生成之日連同其他候選一併判定。**`deferred` 不是 `not-sibling`**：前者是「尚未問」，後者是「問過了，答案是否」
7.7	16.8	deferred	true	vocab	129	**依 41 §3 規則三入表（42 §2 之全量重建）。** 兩節皆未生成，現在判無處可用 —— sibling 判定之用途是寫 TC 時決定 `duplicate_of`／`distinguishing_axis`（§4.6）。其所屬組生成之日連同其他候選一併判定。**`deferred` 不是 `not-sibling`**：前者是「尚未問」，後者是「問過了，答案是否」
7.7	17.2	deferred	true	vocab	129	**依 41 §3 規則三入表（42 §2 之全量重建）。** 兩節皆未生成，現在判無處可用 —— sibling 判定之用途是寫 TC 時決定 `duplicate_of`／`distinguishing_axis`（§4.6）。其所屬組生成之日連同其他候選一併判定。**`deferred` 不是 `not-sibling`**：前者是「尚未問」，後者是「問過了，答案是否」
7.7	17.5	deferred	true	vocab	129	**依 41 §3 規則三入表（42 §2 之全量重建）。** 兩節皆未生成，現在判無處可用 —— sibling 判定之用途是寫 TC 時決定 `duplicate_of`／`distinguishing_axis`（§4.6）。其所屬組生成之日連同其他候選一併判定。**`deferred` 不是 `not-sibling`**：前者是「尚未問」，後者是「問過了，答案是否」
7.8	10.1	not-sibling	true	vocab	129	[逐對] ch7 之 AUTO 為 C2 於後排之重述（`ch2_ch7_mirror_map.tsv`：7.2↔2.3 mirrored），ch10 之 AUTO ECO 為 C2 於 EV 上之外加狀態 —— 兩者各自對 ch2 有關係，彼此無。**ch10 全章未提及 rear**：AUTO ECO 是否及於後排氣候，兩側皆未述（見上繳 30 §6）（41 §3 規則二：一節已生成、一節未生成）
7.8	10.2	not-sibling	true	vocab	129	[逐對] ch7 之 AUTO 為 C2 於後排之重述（`ch2_ch7_mirror_map.tsv`：7.2↔2.3 mirrored），ch10 之 AUTO ECO 為 C2 於 EV 上之外加狀態 —— 兩者各自對 ch2 有關係，彼此無。**ch10 全章未提及 rear**：AUTO ECO 是否及於後排氣候，兩側皆未述（見上繳 30 §6）（41 §3 規則二：一節已生成、一節未生成）
7.8	10.3	not-broken-by-3-samples (class)	true	via-hierarchy	129	**本對僅因階層關係而成為候選（43 §2，`source = via-hierarchy`）。** `10.3` 與 `7.8` 之詞彙集**無交集**；其共有語彙 ['AUTO'] 係由特化詞導出之泛化詞（表：`AUTO ECO` → `AUTO`, `ECO HVAC` → `HVAC`, `MAX A/C` → `A/C`, `MAX DEF` → `DEFROST`, `REAR DEF` → `DEFROST`）。**階層不是等價** —— 每個 AUTO ECO 都是 AUTO，但 AUTO 不必然是 AUTO ECO，故本表單向且其輸出另標來源，不併入等價組。依 43 §2，**不逐對**，沿用該高頻詞之類級處置；其效力同 41 §4：三對抽樣足以破類、不足以證類，所屬節生成之日轉為逐對判定。
7.8	10.4	not-sibling	true	vocab	129	[逐對] ch7 之 AUTO 為 C2 於後排之重述（`ch2_ch7_mirror_map.tsv`：7.2↔2.3 mirrored），ch10 之 AUTO ECO 為 C2 於 EV 上之外加狀態 —— 兩者各自對 ch2 有關係，彼此無。**ch10 全章未提及 rear**：AUTO ECO 是否及於後排氣候，兩側皆未述（見上繳 30 §6）（41 §3 規則二：一節已生成、一節未生成）
7.8	10.5	not-sibling	true	vocab	129	[逐對] 共有 ['AUTO', 'MODE']。ch10 之 ECO 行為為 standard AUTO 之外加狀態，其對造為 2.3（standard AUTO）而非本對；共有語彙為控制名
7.8	10.6	not-sibling	true	vocab	129	[逐對] 共有 ['AUTO', 'MODE']。ch10 之 ECO 行為為 standard AUTO 之外加狀態，其對造為 2.3（standard AUTO）而非本對；共有語彙為控制名
7.8	10.7	not-sibling	true	vocab	129	[逐對] ch7 之 AUTO 為 C2 於後排之重述（`ch2_ch7_mirror_map.tsv`：7.2↔2.3 mirrored），ch10 之 AUTO ECO 為 C2 於 EV 上之外加狀態 —— 兩者各自對 ch2 有關係，彼此無。**ch10 全章未提及 rear**：AUTO ECO 是否及於後排氣候，兩側皆未述（見上繳 30 §6）（41 §3 規則二：一節已生成、一節未生成）
7.8	10.8	not-sibling	true	vocab	129	[逐對] ch7 之 AUTO 為 C2 於後排之重述（`ch2_ch7_mirror_map.tsv`：7.2↔2.3 mirrored），ch10 之 AUTO ECO 為 C2 於 EV 上之外加狀態 —— 兩者各自對 ch2 有關係，彼此無。**ch10 全章未提及 rear**：AUTO ECO 是否及於後排氣候，兩側皆未述（見上繳 30 §6）（41 §3 規則二：一節已生成、一節未生成）
7.8	10.9	not-sibling	true	vocab	129	[逐對] ch7 之 AUTO 為 C2 於後排之重述（`ch2_ch7_mirror_map.tsv`：7.2↔2.3 mirrored），ch10 之 AUTO ECO 為 C2 於 EV 上之外加狀態 —— 兩者各自對 ch2 有關係，彼此無。**ch10 全章未提及 rear**：AUTO ECO 是否及於後排氣候，兩側皆未述（見上繳 30 §6）（41 §3 規則二：一節已生成、一節未生成）
7.8	10.9.1	not-sibling	true	vocab	129	[逐對] 共有 ['AUTO', 'MODE']。ch10 之 ECO 行為為 standard AUTO 之外加狀態，其對造為 2.3（standard AUTO）而非本對；共有語彙為控制名
7.8	11.5	deferred	true	vocab	129	**依 41 §3 規則三入表（42 §2 之全量重建）。** 兩節皆未生成，現在判無處可用 —— sibling 判定之用途是寫 TC 時決定 `duplicate_of`／`distinguishing_axis`（§4.6）。其所屬組生成之日連同其他候選一併判定。**`deferred` 不是 `not-sibling`**：前者是「尚未問」，後者是「問過了，答案是否」
7.8	12.6	deferred	true	vocab	129	**依 41 §3 規則三入表（42 §2 之全量重建）。** 兩節皆未生成，現在判無處可用 —— sibling 判定之用途是寫 TC 時決定 `duplicate_of`／`distinguishing_axis`（§4.6）。其所屬組生成之日連同其他候選一併判定。**`deferred` 不是 `not-sibling`**：前者是「尚未問」，後者是「問過了，答案是否」
7.8	12.7	deferred	true	vocab	129	**依 41 §3 規則三入表（42 §2 之全量重建）。** 兩節皆未生成，現在判無處可用 —— sibling 判定之用途是寫 TC 時決定 `duplicate_of`／`distinguishing_axis`（§4.6）。其所屬組生成之日連同其他候選一併判定。**`deferred` 不是 `not-sibling`**：前者是「尚未問」，後者是「問過了，答案是否」
7.8	14.10	deferred	true	vocab	129	**依 41 §3 規則三入表（42 §2 之全量重建）。** 兩節皆未生成，現在判無處可用 —— sibling 判定之用途是寫 TC 時決定 `duplicate_of`／`distinguishing_axis`（§4.6）。其所屬組生成之日連同其他候選一併判定。**`deferred` 不是 `not-sibling`**：前者是「尚未問」，後者是「問過了，答案是否」
7.8	14.10.1	deferred	true	vocab	129	**依 41 §3 規則三入表（42 §2 之全量重建）。** 兩節皆未生成，現在判無處可用 —— sibling 判定之用途是寫 TC 時決定 `duplicate_of`／`distinguishing_axis`（§4.6）。其所屬組生成之日連同其他候選一併判定。**`deferred` 不是 `not-sibling`**：前者是「尚未問」，後者是「問過了，答案是否」
7.8	14.13	deferred	true	vocab	129	**依 41 §3 規則三入表（42 §2 之全量重建）。** 兩節皆未生成，現在判無處可用 —— sibling 判定之用途是寫 TC 時決定 `duplicate_of`／`distinguishing_axis`（§4.6）。其所屬組生成之日連同其他候選一併判定。**`deferred` 不是 `not-sibling`**：前者是「尚未問」，後者是「問過了，答案是否」
7.8	14.19	deferred	true	vocab	129	**依 41 §3 規則三入表（42 §2 之全量重建）。** 兩節皆未生成，現在判無處可用 —— sibling 判定之用途是寫 TC 時決定 `duplicate_of`／`distinguishing_axis`（§4.6）。其所屬組生成之日連同其他候選一併判定。**`deferred` 不是 `not-sibling`**：前者是「尚未問」，後者是「問過了，答案是否」
7.8	14.3	deferred	true	vocab	129	**依 41 §3 規則三入表（42 §2 之全量重建）。** 兩節皆未生成，現在判無處可用 —— sibling 判定之用途是寫 TC 時決定 `duplicate_of`／`distinguishing_axis`（§4.6）。其所屬組生成之日連同其他候選一併判定。**`deferred` 不是 `not-sibling`**：前者是「尚未問」，後者是「問過了，答案是否」
7.8	14.4	deferred	true	vocab	129	**依 41 §3 規則三入表（42 §2 之全量重建）。** 兩節皆未生成，現在判無處可用 —— sibling 判定之用途是寫 TC 時決定 `duplicate_of`／`distinguishing_axis`（§4.6）。其所屬組生成之日連同其他候選一併判定。**`deferred` 不是 `not-sibling`**：前者是「尚未問」，後者是「問過了，答案是否」
7.8	15.1	deferred	true	vocab	129	**依 41 §3 規則三入表（42 §2 之全量重建）。** 兩節皆未生成，現在判無處可用 —— sibling 判定之用途是寫 TC 時決定 `duplicate_of`／`distinguishing_axis`（§4.6）。其所屬組生成之日連同其他候選一併判定。**`deferred` 不是 `not-sibling`**：前者是「尚未問」，後者是「問過了，答案是否」
7.8	16.10	deferred	true	vocab	129	**依 41 §3 規則三入表（42 §2 之全量重建）。** 兩節皆未生成，現在判無處可用 —— sibling 判定之用途是寫 TC 時決定 `duplicate_of`／`distinguishing_axis`（§4.6）。其所屬組生成之日連同其他候選一併判定。**`deferred` 不是 `not-sibling`**：前者是「尚未問」，後者是「問過了，答案是否」
7.8	16.11	deferred	true	vocab	129	**依 41 §3 規則三入表（42 §2 之全量重建）。** 兩節皆未生成，現在判無處可用 —— sibling 判定之用途是寫 TC 時決定 `duplicate_of`／`distinguishing_axis`（§4.6）。其所屬組生成之日連同其他候選一併判定。**`deferred` 不是 `not-sibling`**：前者是「尚未問」，後者是「問過了，答案是否」
7.8	16.12	deferred	true	vocab	129	**依 41 §3 規則三入表（42 §2 之全量重建）。** 兩節皆未生成，現在判無處可用 —— sibling 判定之用途是寫 TC 時決定 `duplicate_of`／`distinguishing_axis`（§4.6）。其所屬組生成之日連同其他候選一併判定。**`deferred` 不是 `not-sibling`**：前者是「尚未問」，後者是「問過了，答案是否」
7.8	16.12.1	deferred	true	vocab	129	**依 41 §3 規則三入表（42 §2 之全量重建）。** 兩節皆未生成，現在判無處可用 —— sibling 判定之用途是寫 TC 時決定 `duplicate_of`／`distinguishing_axis`（§4.6）。其所屬組生成之日連同其他候選一併判定。**`deferred` 不是 `not-sibling`**：前者是「尚未問」，後者是「問過了，答案是否」
7.8	16.13	deferred	true	vocab	129	**依 41 §3 規則三入表（42 §2 之全量重建）。** 兩節皆未生成，現在判無處可用 —— sibling 判定之用途是寫 TC 時決定 `duplicate_of`／`distinguishing_axis`（§4.6）。其所屬組生成之日連同其他候選一併判定。**`deferred` 不是 `not-sibling`**：前者是「尚未問」，後者是「問過了，答案是否」
7.8	16.14	deferred	true	vocab	129	**依 41 §3 規則三入表（42 §2 之全量重建）。** 兩節皆未生成，現在判無處可用 —— sibling 判定之用途是寫 TC 時決定 `duplicate_of`／`distinguishing_axis`（§4.6）。其所屬組生成之日連同其他候選一併判定。**`deferred` 不是 `not-sibling`**：前者是「尚未問」，後者是「問過了，答案是否」
7.8	16.3	deferred	true	vocab	129	**依 41 §3 規則三入表（42 §2 之全量重建）。** 兩節皆未生成，現在判無處可用 —— sibling 判定之用途是寫 TC 時決定 `duplicate_of`／`distinguishing_axis`（§4.6）。其所屬組生成之日連同其他候選一併判定。**`deferred` 不是 `not-sibling`**：前者是「尚未問」，後者是「問過了，答案是否」
7.8	16.7	deferred	true	vocab	129	**依 41 §3 規則三入表（42 §2 之全量重建）。** 兩節皆未生成，現在判無處可用 —— sibling 判定之用途是寫 TC 時決定 `duplicate_of`／`distinguishing_axis`（§4.6）。其所屬組生成之日連同其他候選一併判定。**`deferred` 不是 `not-sibling`**：前者是「尚未問」，後者是「問過了，答案是否」
7.8	16.8	deferred	true	vocab	129	**依 41 §3 規則三入表（42 §2 之全量重建）。** 兩節皆未生成，現在判無處可用 —— sibling 判定之用途是寫 TC 時決定 `duplicate_of`／`distinguishing_axis`（§4.6）。其所屬組生成之日連同其他候選一併判定。**`deferred` 不是 `not-sibling`**：前者是「尚未問」，後者是「問過了，答案是否」
7.8	17.2	deferred	true	vocab	129	**依 41 §3 規則三入表（42 §2 之全量重建）。** 兩節皆未生成，現在判無處可用 —— sibling 判定之用途是寫 TC 時決定 `duplicate_of`／`distinguishing_axis`（§4.6）。其所屬組生成之日連同其他候選一併判定。**`deferred` 不是 `not-sibling`**：前者是「尚未問」，後者是「問過了，答案是否」
7.9	16.13	deferred	true	vocab	129	**依 41 §3 規則三入表（42 §2 之全量重建）。** 兩節皆未生成，現在判無處可用 —— sibling 判定之用途是寫 TC 時決定 `duplicate_of`／`distinguishing_axis`（§4.6）。其所屬組生成之日連同其他候選一併判定。**`deferred` 不是 `not-sibling`**：前者是「尚未問」，後者是「問過了，答案是否」
7.9	16.3	deferred	true	vocab	129	**依 41 §3 規則三入表（42 §2 之全量重建）。** 兩節皆未生成，現在判無處可用 —— sibling 判定之用途是寫 TC 時決定 `duplicate_of`／`distinguishing_axis`（§4.6）。其所屬組生成之日連同其他候選一併判定。**`deferred` 不是 `not-sibling`**：前者是「尚未問」，後者是「問過了，答案是否」
7.9	16.4	deferred	true	vocab	129	**依 41 §3 規則三入表（42 §2 之全量重建）。** 兩節皆未生成，現在判無處可用 —— sibling 判定之用途是寫 TC 時決定 `duplicate_of`／`distinguishing_axis`（§4.6）。其所屬組生成之日連同其他候選一併判定。**`deferred` 不是 `not-sibling`**：前者是「尚未問」，後者是「問過了，答案是否」
7.9	16.8	deferred	true	vocab	129	**依 41 §3 規則三入表（42 §2 之全量重建）。** 兩節皆未生成，現在判無處可用 —— sibling 判定之用途是寫 TC 時決定 `duplicate_of`／`distinguishing_axis`（§4.6）。其所屬組生成之日連同其他候選一併判定。**`deferred` 不是 `not-sibling`**：前者是「尚未問」，後者是「問過了，答案是否」
7.9	17.2	deferred	true	via-hierarchy	129	**本對僅因階層關係而成為候選（43 §2，`source = via-hierarchy`）。** `17.2` 與 `7.9` 之詞彙集**無交集**；其共有語彙 ['A/C'] 係由特化詞導出之泛化詞（表：`AUTO ECO` → `AUTO`, `ECO HVAC` → `HVAC`, `FRONT DEF` → `DEFROST`, `MAX A/C` → `A/C`, `MAX DEF` → `DEFROST`, `REAR DEF` → `DEFROST`）。**階層不是等價** —— 每個 AUTO ECO 都是 AUTO，但 AUTO 不必然是 AUTO ECO，故本表單向且其輸出另標來源，不併入等價組。共有語彙為**低頻詞**，無既有類級判定可沿用，故記 `deferred`（尚未問）而非類級 verdict —— 對一個沒有類的詞給類級 verdict，等於宣稱一個沒有人做過的判定。
9.2	10.1	not-broken-by-3-samples (class)	true	vocab	129	**類級判定，措辭依 41 §4 訂正。** 原記 `not-sibling (class)` 為過度陳述：本類之依據為三對抽樣未破，而三對之力度**足以破類，不足以證類**（R-C37：一個反例即證偽，N 個正例不證真）。本對尚未逐對判定；依 41 §3 規則二／三，其所屬節生成之日轉為逐對判定，類級判定不因曾通過而免除。[類級 `HVAC`] `HVAC` 為系統名而非需求名，幾乎任何氣候節皆含之。**類級判定之效力低於逐對判定** —— 日後若本類中發現真 sibling，本類之判定即失效。抽樣覆核見上繳 29 §3.3
9.2	10.2	not-sibling	true	vocab	129	[逐對] CR12 之 AUTO 為 fan speed popup 內所示之風速狀態值（`level number, AUTO, OFF`），ch10 之 AUTO 為 HVAC 模式狀態。9.2 定 popup 之版面與互動（按前排區跳前排分頁），10.9 定 popup 所反映之狀態，非同一需求（41 §3 規則二：一節已生成、一節未生成）
9.2	10.3	not-broken-by-3-samples (class)	true	via-hierarchy	129	**本對僅因階層關係而成為候選（43 §2，`source = via-hierarchy`）。** `10.3` 與 `9.2` 之詞彙集**無交集**；其共有語彙 ['AUTO'] 係由特化詞導出之泛化詞（表：`AUTO ECO` → `AUTO`, `ECO HVAC` → `HVAC`, `MAX A/C` → `A/C`, `MAX DEF` → `DEFROST`, `REAR DEF` → `DEFROST`）。**階層不是等價** —— 每個 AUTO ECO 都是 AUTO，但 AUTO 不必然是 AUTO ECO，故本表單向且其輸出另標來源，不併入等價組。依 43 §2，**不逐對**，沿用該高頻詞之類級處置；其效力同 41 §4：三對抽樣足以破類、不足以證類，所屬節生成之日轉為逐對判定。
9.2	10.4	not-sibling	true	vocab	129	[逐對] CR12 之 AUTO 為 fan speed popup 內所示之風速狀態值（`level number, AUTO, OFF`），ch10 之 AUTO 為 HVAC 模式狀態。9.2 定 popup 之版面與互動（按前排區跳前排分頁），10.9 定 popup 所反映之狀態，非同一需求（41 §3 規則二：一節已生成、一節未生成）
9.2	10.5	not-sibling	true	vocab	129	[逐對] 共有 ['AUTO', 'FAN']。ch10 之 ECO 行為為 standard AUTO 之外加狀態，其對造為 2.3（standard AUTO）而非本對；共有語彙為控制名
9.2	10.6	not-sibling	true	vocab	129	[逐對] 共有 ['AUTO', 'FAN']。ch10 之 ECO 行為為 standard AUTO 之外加狀態，其對造為 2.3（standard AUTO）而非本對；共有語彙為控制名
9.2	10.7	not-sibling	true	vocab	129	[逐對] 共有 ['AUTO', 'HVAC']。ch10 之 ECO 行為為 standard AUTO 之外加狀態，其對造為 2.3（standard AUTO）而非本對；共有語彙為控制名
9.2	10.8	not-sibling	true	vocab	129	[逐對] CR12 之 AUTO 為 fan speed popup 內所示之風速狀態值（`level number, AUTO, OFF`），ch10 之 AUTO 為 HVAC 模式狀態。9.2 定 popup 之版面與互動（按前排區跳前排分頁），10.9 定 popup 所反映之狀態，非同一需求（41 §3 規則二：一節已生成、一節未生成）
9.2	10.9	not-sibling	true	vocab	129	[逐對] CR12 之 AUTO 為 fan speed popup 內所示之風速狀態值（`level number, AUTO, OFF`），ch10 之 AUTO 為 HVAC 模式狀態。9.2 定 popup 之版面與互動（按前排區跳前排分頁），10.9 定 popup 所反映之狀態，非同一需求（41 §3 規則二：一節已生成、一節未生成）
9.2	10.9.1	not-sibling	true	vocab	129	[逐對] CR12 之 AUTO 為 fan speed popup 內所示之風速狀態值（`level number, AUTO, OFF`），ch10 之 AUTO 為 HVAC 模式狀態。9.2 定 popup 之版面與互動（按前排區跳前排分頁），10.9 定 popup 所反映之狀態，非同一需求（41 §3 規則二：一節已生成、一節未生成）
9.2	11.2	deferred	true	vocab	129	**依 41 §3 規則三入表（42 §2 之全量重建）。** 兩節皆未生成，現在判無處可用 —— sibling 判定之用途是寫 TC 時決定 `duplicate_of`／`distinguishing_axis`（§4.6）。其所屬組生成之日連同其他候選一併判定。**`deferred` 不是 `not-sibling`**：前者是「尚未問」，後者是「問過了，答案是否」
9.2	11.5	deferred	true	vocab	129	**依 41 §3 規則三入表（42 §2 之全量重建）。** 兩節皆未生成，現在判無處可用 —— sibling 判定之用途是寫 TC 時決定 `duplicate_of`／`distinguishing_axis`（§4.6）。其所屬組生成之日連同其他候選一併判定。**`deferred` 不是 `not-sibling`**：前者是「尚未問」，後者是「問過了，答案是否」
9.2	12.2	deferred	true	vocab	129	**依 41 §3 規則三入表（42 §2 之全量重建）。** 兩節皆未生成，現在判無處可用 —— sibling 判定之用途是寫 TC 時決定 `duplicate_of`／`distinguishing_axis`（§4.6）。其所屬組生成之日連同其他候選一併判定。**`deferred` 不是 `not-sibling`**：前者是「尚未問」，後者是「問過了，答案是否」
9.2	12.6	deferred	true	vocab	129	**依 41 §3 規則三入表（42 §2 之全量重建）。** 兩節皆未生成，現在判無處可用 —— sibling 判定之用途是寫 TC 時決定 `duplicate_of`／`distinguishing_axis`（§4.6）。其所屬組生成之日連同其他候選一併判定。**`deferred` 不是 `not-sibling`**：前者是「尚未問」，後者是「問過了，答案是否」
9.2	12.7	deferred	true	vocab	129	**依 41 §3 規則三入表（42 §2 之全量重建）。** 兩節皆未生成，現在判無處可用 —— sibling 判定之用途是寫 TC 時決定 `duplicate_of`／`distinguishing_axis`（§4.6）。其所屬組生成之日連同其他候選一併判定。**`deferred` 不是 `not-sibling`**：前者是「尚未問」，後者是「問過了，答案是否」
9.2	12.9	deferred	true	vocab	129	**依 41 §3 規則三入表（42 §2 之全量重建）。** 兩節皆未生成，現在判無處可用 —— sibling 判定之用途是寫 TC 時決定 `duplicate_of`／`distinguishing_axis`（§4.6）。其所屬組生成之日連同其他候選一併判定。**`deferred` 不是 `not-sibling`**：前者是「尚未問」，後者是「問過了，答案是否」
9.2	14.1	deferred	true	vocab	129	**依 41 §3 規則三入表（42 §2 之全量重建）。** 兩節皆未生成，現在判無處可用 —— sibling 判定之用途是寫 TC 時決定 `duplicate_of`／`distinguishing_axis`（§4.6）。其所屬組生成之日連同其他候選一併判定。**`deferred` 不是 `not-sibling`**：前者是「尚未問」，後者是「問過了，答案是否」
9.2	14.1.1	deferred	true	vocab	129	**依 41 §3 規則三入表（42 §2 之全量重建）。** 兩節皆未生成，現在判無處可用 —— sibling 判定之用途是寫 TC 時決定 `duplicate_of`／`distinguishing_axis`（§4.6）。其所屬組生成之日連同其他候選一併判定。**`deferred` 不是 `not-sibling`**：前者是「尚未問」，後者是「問過了，答案是否」
9.2	14.10	deferred	true	vocab	129	**依 41 §3 規則三入表（42 §2 之全量重建）。** 兩節皆未生成，現在判無處可用 —— sibling 判定之用途是寫 TC 時決定 `duplicate_of`／`distinguishing_axis`（§4.6）。其所屬組生成之日連同其他候選一併判定。**`deferred` 不是 `not-sibling`**：前者是「尚未問」，後者是「問過了，答案是否」
9.2	14.10.1	deferred	true	vocab	129	**依 41 §3 規則三入表（42 §2 之全量重建）。** 兩節皆未生成，現在判無處可用 —— sibling 判定之用途是寫 TC 時決定 `duplicate_of`／`distinguishing_axis`（§4.6）。其所屬組生成之日連同其他候選一併判定。**`deferred` 不是 `not-sibling`**：前者是「尚未問」，後者是「問過了，答案是否」
9.2	14.11	deferred	true	vocab	129	**依 41 §3 規則三入表（42 §2 之全量重建）。** 兩節皆未生成，現在判無處可用 —— sibling 判定之用途是寫 TC 時決定 `duplicate_of`／`distinguishing_axis`（§4.6）。其所屬組生成之日連同其他候選一併判定。**`deferred` 不是 `not-sibling`**：前者是「尚未問」，後者是「問過了，答案是否」
9.2	14.12	deferred	true	vocab	129	**依 41 §3 規則三入表（42 §2 之全量重建）。** 兩節皆未生成，現在判無處可用 —— sibling 判定之用途是寫 TC 時決定 `duplicate_of`／`distinguishing_axis`（§4.6）。其所屬組生成之日連同其他候選一併判定。**`deferred` 不是 `not-sibling`**：前者是「尚未問」，後者是「問過了，答案是否」
9.2	14.13	deferred	true	vocab	129	**依 41 §3 規則三入表（42 §2 之全量重建）。** 兩節皆未生成，現在判無處可用 —— sibling 判定之用途是寫 TC 時決定 `duplicate_of`／`distinguishing_axis`（§4.6）。其所屬組生成之日連同其他候選一併判定。**`deferred` 不是 `not-sibling`**：前者是「尚未問」，後者是「問過了，答案是否」
9.2	14.19	deferred	true	vocab	129	**依 41 §3 規則三入表（42 §2 之全量重建）。** 兩節皆未生成，現在判無處可用 —— sibling 判定之用途是寫 TC 時決定 `duplicate_of`／`distinguishing_axis`（§4.6）。其所屬組生成之日連同其他候選一併判定。**`deferred` 不是 `not-sibling`**：前者是「尚未問」，後者是「問過了，答案是否」
9.2	14.2	deferred	true	vocab	129	**依 41 §3 規則三入表（42 §2 之全量重建）。** 兩節皆未生成，現在判無處可用 —— sibling 判定之用途是寫 TC 時決定 `duplicate_of`／`distinguishing_axis`（§4.6）。其所屬組生成之日連同其他候選一併判定。**`deferred` 不是 `not-sibling`**：前者是「尚未問」，後者是「問過了，答案是否」
9.2	14.3	deferred	true	vocab	129	**依 41 §3 規則三入表（42 §2 之全量重建）。** 兩節皆未生成，現在判無處可用 —— sibling 判定之用途是寫 TC 時決定 `duplicate_of`／`distinguishing_axis`（§4.6）。其所屬組生成之日連同其他候選一併判定。**`deferred` 不是 `not-sibling`**：前者是「尚未問」，後者是「問過了，答案是否」
9.2	14.4	deferred	true	vocab	129	**依 41 §3 規則三入表（42 §2 之全量重建）。** 兩節皆未生成，現在判無處可用 —— sibling 判定之用途是寫 TC 時決定 `duplicate_of`／`distinguishing_axis`（§4.6）。其所屬組生成之日連同其他候選一併判定。**`deferred` 不是 `not-sibling`**：前者是「尚未問」，後者是「問過了，答案是否」
9.2	14.5	deferred	true	vocab	129	**依 41 §3 規則三入表（42 §2 之全量重建）。** 兩節皆未生成，現在判無處可用 —— sibling 判定之用途是寫 TC 時決定 `duplicate_of`／`distinguishing_axis`（§4.6）。其所屬組生成之日連同其他候選一併判定。**`deferred` 不是 `not-sibling`**：前者是「尚未問」，後者是「問過了，答案是否」
9.2	14.6	deferred	true	vocab	129	**依 41 §3 規則三入表（42 §2 之全量重建）。** 兩節皆未生成，現在判無處可用 —— sibling 判定之用途是寫 TC 時決定 `duplicate_of`／`distinguishing_axis`（§4.6）。其所屬組生成之日連同其他候選一併判定。**`deferred` 不是 `not-sibling`**：前者是「尚未問」，後者是「問過了，答案是否」
9.2	14.7	deferred	true	vocab	129	**依 41 §3 規則三入表（42 §2 之全量重建）。** 兩節皆未生成，現在判無處可用 —— sibling 判定之用途是寫 TC 時決定 `duplicate_of`／`distinguishing_axis`（§4.6）。其所屬組生成之日連同其他候選一併判定。**`deferred` 不是 `not-sibling`**：前者是「尚未問」，後者是「問過了，答案是否」
9.2	14.8	deferred	true	vocab	129	**依 41 §3 規則三入表（42 §2 之全量重建）。** 兩節皆未生成，現在判無處可用 —— sibling 判定之用途是寫 TC 時決定 `duplicate_of`／`distinguishing_axis`（§4.6）。其所屬組生成之日連同其他候選一併判定。**`deferred` 不是 `not-sibling`**：前者是「尚未問」，後者是「問過了，答案是否」
9.2	14.9	deferred	true	vocab	129	**依 41 §3 規則三入表（42 §2 之全量重建）。** 兩節皆未生成，現在判無處可用 —— sibling 判定之用途是寫 TC 時決定 `duplicate_of`／`distinguishing_axis`（§4.6）。其所屬組生成之日連同其他候選一併判定。**`deferred` 不是 `not-sibling`**：前者是「尚未問」，後者是「問過了，答案是否」
9.2	15.1	deferred	true	vocab	129	**依 41 §3 規則三入表（42 §2 之全量重建）。** 兩節皆未生成，現在判無處可用 —— sibling 判定之用途是寫 TC 時決定 `duplicate_of`／`distinguishing_axis`（§4.6）。其所屬組生成之日連同其他候選一併判定。**`deferred` 不是 `not-sibling`**：前者是「尚未問」，後者是「問過了，答案是否」
9.2	16.10	deferred	true	vocab	129	**依 41 §3 規則三入表（42 §2 之全量重建）。** 兩節皆未生成，現在判無處可用 —— sibling 判定之用途是寫 TC 時決定 `duplicate_of`／`distinguishing_axis`（§4.6）。其所屬組生成之日連同其他候選一併判定。**`deferred` 不是 `not-sibling`**：前者是「尚未問」，後者是「問過了，答案是否」
9.2	16.11	deferred	true	vocab	129	**依 41 §3 規則三入表（42 §2 之全量重建）。** 兩節皆未生成，現在判無處可用 —— sibling 判定之用途是寫 TC 時決定 `duplicate_of`／`distinguishing_axis`（§4.6）。其所屬組生成之日連同其他候選一併判定。**`deferred` 不是 `not-sibling`**：前者是「尚未問」，後者是「問過了，答案是否」
9.2	16.12	deferred	true	vocab	129	**依 41 §3 規則三入表（42 §2 之全量重建）。** 兩節皆未生成，現在判無處可用 —— sibling 判定之用途是寫 TC 時決定 `duplicate_of`／`distinguishing_axis`（§4.6）。其所屬組生成之日連同其他候選一併判定。**`deferred` 不是 `not-sibling`**：前者是「尚未問」，後者是「問過了，答案是否」
9.2	16.13	deferred	true	vocab	129	**依 41 §3 規則三入表（42 §2 之全量重建）。** 兩節皆未生成，現在判無處可用 —— sibling 判定之用途是寫 TC 時決定 `duplicate_of`／`distinguishing_axis`（§4.6）。其所屬組生成之日連同其他候選一併判定。**`deferred` 不是 `not-sibling`**：前者是「尚未問」，後者是「問過了，答案是否」
9.2	16.14	deferred	true	vocab	129	**依 41 §3 規則三入表（42 §2 之全量重建）。** 兩節皆未生成，現在判無處可用 —— sibling 判定之用途是寫 TC 時決定 `duplicate_of`／`distinguishing_axis`（§4.6）。其所屬組生成之日連同其他候選一併判定。**`deferred` 不是 `not-sibling`**：前者是「尚未問」，後者是「問過了，答案是否」
9.2	16.17	deferred	true	vocab	129	**依 41 §3 規則三入表（42 §2 之全量重建）。** 兩節皆未生成，現在判無處可用 —— sibling 判定之用途是寫 TC 時決定 `duplicate_of`／`distinguishing_axis`（§4.6）。其所屬組生成之日連同其他候選一併判定。**`deferred` 不是 `not-sibling`**：前者是「尚未問」，後者是「問過了，答案是否」
9.2	16.2	deferred	true	vocab	129	**依 41 §3 規則三入表（42 §2 之全量重建）。** 兩節皆未生成，現在判無處可用 —— sibling 判定之用途是寫 TC 時決定 `duplicate_of`／`distinguishing_axis`（§4.6）。其所屬組生成之日連同其他候選一併判定。**`deferred` 不是 `not-sibling`**：前者是「尚未問」，後者是「問過了，答案是否」
9.2	16.3	deferred	true	vocab	129	**依 41 §3 規則三入表（42 §2 之全量重建）。** 兩節皆未生成，現在判無處可用 —— sibling 判定之用途是寫 TC 時決定 `duplicate_of`／`distinguishing_axis`（§4.6）。其所屬組生成之日連同其他候選一併判定。**`deferred` 不是 `not-sibling`**：前者是「尚未問」，後者是「問過了，答案是否」
9.2	16.7	deferred	true	vocab	129	**依 41 §3 規則三入表（42 §2 之全量重建）。** 兩節皆未生成，現在判無處可用 —— sibling 判定之用途是寫 TC 時決定 `duplicate_of`／`distinguishing_axis`（§4.6）。其所屬組生成之日連同其他候選一併判定。**`deferred` 不是 `not-sibling`**：前者是「尚未問」，後者是「問過了，答案是否」
9.2	16.8	deferred	true	vocab	129	**依 41 §3 規則三入表（42 §2 之全量重建）。** 兩節皆未生成，現在判無處可用 —— sibling 判定之用途是寫 TC 時決定 `duplicate_of`／`distinguishing_axis`（§4.6）。其所屬組生成之日連同其他候選一併判定。**`deferred` 不是 `not-sibling`**：前者是「尚未問」，後者是「問過了，答案是否」
9.2	17.2	deferred	true	vocab	129	**依 41 §3 規則三入表（42 §2 之全量重建）。** 兩節皆未生成，現在判無處可用 —— sibling 判定之用途是寫 TC 時決定 `duplicate_of`／`distinguishing_axis`（§4.6）。其所屬組生成之日連同其他候選一併判定。**`deferred` 不是 `not-sibling`**：前者是「尚未問」，後者是「問過了，答案是否」
9.4	16.10	deferred	true	vocab	129	**依 41 §3 規則三入表（42 §2 之全量重建）。** 兩節皆未生成，現在判無處可用 —— sibling 判定之用途是寫 TC 時決定 `duplicate_of`／`distinguishing_axis`（§4.6）。其所屬組生成之日連同其他候選一併判定。**`deferred` 不是 `not-sibling`**：前者是「尚未問」，後者是「問過了，答案是否」
9.4	16.2	deferred	true	vocab	129	**依 41 §3 規則三入表（42 §2 之全量重建）。** 兩節皆未生成，現在判無處可用 —— sibling 判定之用途是寫 TC 時決定 `duplicate_of`／`distinguishing_axis`（§4.6）。其所屬組生成之日連同其他候選一併判定。**`deferred` 不是 `not-sibling`**：前者是「尚未問」，後者是「問過了，答案是否」
