cell	tc_id	item	before	after
N10	NR1L-ComfortHMI-435	R-C49(amend)	HMI_Comfort_HMI_Logic_and_Flow_R1_SR24_Post_3A_CR24879_(September_25_2023)_2.1、2.14、6.3	"HMI_Comfort_HMI_Logic_and_Flow_R1_SR24_Post_3A_CR24879_(September_25_2023)_2.1
HMI_Comfort_HMI_Logic_and_Flow_R1_SR24_Post_3A_CR24879_(September_25_2023)_2.14
HMI_Comfort_HMI_Logic_and_Flow_R1_SR24_Post_3A_CR24879_(September_25_2023)_6.3"
T10	NR1L-ComfortHMI-435	R-C48(amend)	1	0
U10	NR1L-ComfortHMI-435	R-C48(amend)	1	0
W10	NR1L-ComfortHMI-435	R-C48(amend)	1	0
X10	NR1L-ComfortHMI-435	R-C48(amend)	1	0
AH10	NR1L-ComfortHMI-435	R-C52		The Comfort HMI specification allows up to 4 tabs including Massage, while the software requirement for this case allows up to 3 tabs and does not list Massage. This case checks the specification's upper limit of 4 tabs.
N11	NR1L-ComfortHMI-436	R-C49(amend)	HMI_Comfort_HMI_Logic_and_Flow_R1_SR24_Post_3A_CR24879_(September_25_2023)_2.1、2.14、6.3	"HMI_Comfort_HMI_Logic_and_Flow_R1_SR24_Post_3A_CR24879_(September_25_2023)_2.1
HMI_Comfort_HMI_Logic_and_Flow_R1_SR24_Post_3A_CR24879_(September_25_2023)_2.14
HMI_Comfort_HMI_Logic_and_Flow_R1_SR24_Post_3A_CR24879_(September_25_2023)_6.3"
T11	NR1L-ComfortHMI-436	R-C48(amend)	1	0
U11	NR1L-ComfortHMI-436	R-C48(amend)	1	0
W11	NR1L-ComfortHMI-436	R-C48(amend)	1	0
X11	NR1L-ComfortHMI-436	R-C48(amend)	1	0
AH11	NR1L-ComfortHMI-436	R-C52		The Comfort HMI specification allows up to 4 tabs including Massage, while the software requirement for this case allows up to 3 tabs and does not list Massage. This case checks 3 tabs drawn from the specification's four areas, which may include Massage.
N12	NR1L-ComfortHMI-437	R-C49(amend)	HMI_Comfort_HMI_Logic_and_Flow_R1_SR24_Post_3A_CR24879_(September_25_2023)_2.1、2.14、6.3	"HMI_Comfort_HMI_Logic_and_Flow_R1_SR24_Post_3A_CR24879_(September_25_2023)_2.1
HMI_Comfort_HMI_Logic_and_Flow_R1_SR24_Post_3A_CR24879_(September_25_2023)_2.14
HMI_Comfort_HMI_Logic_and_Flow_R1_SR24_Post_3A_CR24879_(September_25_2023)_6.3"
T12	NR1L-ComfortHMI-437	R-C48(amend)	1	0
U12	NR1L-ComfortHMI-437	R-C48(amend)	1	0
W12	NR1L-ComfortHMI-437	R-C48(amend)	1	0
X12	NR1L-ComfortHMI-437	R-C48(amend)	1	0
AH12	NR1L-ComfortHMI-437	R-C52		The Comfort HMI specification allows up to 4 tabs including Massage, while the software requirement for this case allows up to 3 tabs and does not list Massage. This case checks 2 tabs drawn from the specification's four areas, which may include Massage.
N13	NR1L-ComfortHMI-438	R-C49(amend)	HMI_Comfort_HMI_Logic_and_Flow_R1_SR24_Post_3A_CR24879_(September_25_2023)_2.1、2.14、6.3	"HMI_Comfort_HMI_Logic_and_Flow_R1_SR24_Post_3A_CR24879_(September_25_2023)_2.1
HMI_Comfort_HMI_Logic_and_Flow_R1_SR24_Post_3A_CR24879_(September_25_2023)_2.14
HMI_Comfort_HMI_Logic_and_Flow_R1_SR24_Post_3A_CR24879_(September_25_2023)_6.3"
T13	NR1L-ComfortHMI-438	R-C48(amend)	1	0
U13	NR1L-ComfortHMI-438	R-C48(amend)	1	0
W13	NR1L-ComfortHMI-438	R-C48(amend)	1	0
X13	NR1L-ComfortHMI-438	R-C48(amend)	1	0
AH13	NR1L-ComfortHMI-438	R-C52		The Comfort HMI specification orders the tabs Front, Seats, Massage, Rear, while the software requirement for this case lists Front, Seats, Rear without Massage. This case checks the specification's order, including Massage.
N14	NR1L-ComfortHMI-042	R-C49(amend)	HMI_Comfort_HMI_Logic_and_Flow_R1_SR24_Post_3A_CR24879_(September_25_2023)_2.1、2.14、6.3	"HMI_Comfort_HMI_Logic_and_Flow_R1_SR24_Post_3A_CR24879_(September_25_2023)_2.1
HMI_Comfort_HMI_Logic_and_Flow_R1_SR24_Post_3A_CR24879_(September_25_2023)_2.14
HMI_Comfort_HMI_Logic_and_Flow_R1_SR24_Post_3A_CR24879_(September_25_2023)_6.3"
T14	NR1L-ComfortHMI-042	R-C48(amend)	1	0
U14	NR1L-ComfortHMI-042	R-C48(amend)	1	0
W14	NR1L-ComfortHMI-042	R-C48(amend)	1	0
X14	NR1L-ComfortHMI-042	R-C48(amend)	1	0
I15	NR1L-ComfortHMI-032	sibling-plan wb-006	"C1.) Whenever changes to the climate system are made via hard controls or touchscreen, these changes are reflected in both locations.

(change the temperature on the climate screen -> The temperature indicated by the hard controls is the one set on the climate screen)"	"C1.) Whenever changes to the climate system are made via hard controls or touchscreen, these changes are reflected in both locations.

(change the fan speed using the fan speed hard control -> The fan speed shown on the climate screen is the one set by the hard control)"
L15	NR1L-ComfortHMI-032	sibling-plan wb-006	"1. Open the climate screen
2. Change the fan speed using the fan speed hard control
3. Change the temperature on the climate screen"	"1. Open the climate screen
2. Change the fan speed using the fan speed hard control"
M15	NR1L-ComfortHMI-032	sibling-plan wb-006	"1. The climate screen shows the current fan speed and temperature
2. The fan speed shown on the climate screen is the one set by the hard control
3. The temperature indicated by the hard controls is the one set on the climate screen"	"1. The climate screen shows the current fan speed and temperature
2. The fan speed shown on the climate screen is the one set by the hard control"
N15	NR1L-ComfortHMI-032	R-C49(amend)	HMI_Comfort_HMI_Logic_and_Flow_R1_SR24_Post_3A_CR24879_(September_25_2023)_2.2、2.14、16.2	"HMI_Comfort_HMI_Logic_and_Flow_R1_SR24_Post_3A_CR24879_(September_25_2023)_2.2
HMI_Comfort_HMI_Logic_and_Flow_R1_SR24_Post_3A_CR24879_(September_25_2023)_2.14
HMI_Comfort_HMI_Logic_and_Flow_R1_SR24_Post_3A_CR24879_(September_25_2023)_16.2"
T15	NR1L-ComfortHMI-032	R-C48(amend)	1	0
U15	NR1L-ComfortHMI-032	R-C48(amend)	1	0
W15	NR1L-ComfortHMI-032	R-C48(amend)	1	0
X15	NR1L-ComfortHMI-032	R-C48(amend)	1	0
N16	NR1L-ComfortHMI-033	R-C49(amend)	HMI_Comfort_HMI_Logic_and_Flow_R1_SR24_Post_3A_CR24879_(September_25_2023)_2.2、2.14、16.2	"HMI_Comfort_HMI_Logic_and_Flow_R1_SR24_Post_3A_CR24879_(September_25_2023)_2.2
HMI_Comfort_HMI_Logic_and_Flow_R1_SR24_Post_3A_CR24879_(September_25_2023)_2.14
HMI_Comfort_HMI_Logic_and_Flow_R1_SR24_Post_3A_CR24879_(September_25_2023)_16.2"
T16	NR1L-ComfortHMI-033	R-C48(amend)	1	0
U16	NR1L-ComfortHMI-033	R-C48(amend)	1	0
W16	NR1L-ComfortHMI-033	R-C48(amend)	1	0
X16	NR1L-ComfortHMI-033	R-C48(amend)	1	0
N17	NR1L-ComfortHMI-034	R-C49(amend)	HMI_Comfort_HMI_Logic_and_Flow_R1_SR24_Post_3A_CR24879_(September_25_2023)_2.2、2.14、16.2、6.3	"HMI_Comfort_HMI_Logic_and_Flow_R1_SR24_Post_3A_CR24879_(September_25_2023)_2.2
HMI_Comfort_HMI_Logic_and_Flow_R1_SR24_Post_3A_CR24879_(September_25_2023)_2.14
HMI_Comfort_HMI_Logic_and_Flow_R1_SR24_Post_3A_CR24879_(September_25_2023)_6.3
HMI_Comfort_HMI_Logic_and_Flow_R1_SR24_Post_3A_CR24879_(September_25_2023)_16.2"
T17	NR1L-ComfortHMI-034	R-C48(amend)	1	0
U17	NR1L-ComfortHMI-034	R-C48(amend)	1	0
W17	NR1L-ComfortHMI-034	R-C48(amend)	1	0
X17	NR1L-ComfortHMI-034	R-C48(amend)	1	0
J18	NR1L-ComfortHMI-035	軸 2 PC	"1. The vehicle has climate hard controls and a climate touchscreen
2. The vehicle has a passenger side temperature control
3. The vehicle does not have 3 knob HVAC controls with ICS, for which no HVAC screens or pop ups are displayed
4. The vehicle is not an EMEA ICS vehicle, whose climate interface is specified separately in chapter 16"	"1. The vehicle has climate hard controls and a climate touchscreen
2. The vehicle has a passenger side temperature control
3. The vehicle is not a single zone climate configuration, for which Sync is not shown
4. The vehicle does not have 3 knob HVAC controls with ICS, for which no HVAC screens or pop ups are displayed
5. The vehicle is not an EMEA ICS vehicle, whose climate interface is specified separately in chapter 16"
L18	NR1L-ComfortHMI-035	M7	"1. Turn Sync on
2. Adjust the driver temperature slider"	"1. Turn ""SYNC"" on
2. Adjust the driver temperature slider"
M18	NR1L-ComfortHMI-035	M7	"1. Sync is on
2. No slider pop-up is shown on the passenger side"	"1. SYNC is on
2. No slider pop-up is shown on the passenger side"
N18	NR1L-ComfortHMI-035	R-C49(amend)	HMI_Comfort_HMI_Logic_and_Flow_R1_SR24_Post_3A_CR24879_(September_25_2023)_2.2、2.14、16.2	"HMI_Comfort_HMI_Logic_and_Flow_R1_SR24_Post_3A_CR24879_(September_25_2023)_2.2
HMI_Comfort_HMI_Logic_and_Flow_R1_SR24_Post_3A_CR24879_(September_25_2023)_2.11
HMI_Comfort_HMI_Logic_and_Flow_R1_SR24_Post_3A_CR24879_(September_25_2023)_2.14
HMI_Comfort_HMI_Logic_and_Flow_R1_SR24_Post_3A_CR24879_(September_25_2023)_16.2"
T18	NR1L-ComfortHMI-035	R-C48(amend)	1	0
U18	NR1L-ComfortHMI-035	R-C48(amend)	1	0
W18	NR1L-ComfortHMI-035	R-C48(amend)	1	0
X18	NR1L-ComfortHMI-035	R-C48(amend)	1	0
I19	NR1L-ComfortHMI-036	R-C50+R-C50(amend)	"If the user is outside of the climate main category and the temperature is changed through hard controls, a pop-up will be shown coming down from that temperature in the status bar to indicate it is being altered, for ATC it will display the degree (or half degree increments for Celsius and for Fahrenheit do not show half degrees) being set, for MTC (if the MTC has a Climate screen) it will display a slider bar with the arrow pointing to the current setting, this information will change as the user alters the temp.

(change the temperature using the temperature hard control -> A pop-up comes down from the temperature in the status bar and displays the degree being set, in half degree increments)"	"A pop-up will be shown coming down from that temperature in the status bar to indicate it is being altered, for ATC it will display the degree (or half degree increments for Celsius and for Fahrenheit do not show half degrees) being set

(change the temperature using the temperature hard control -> A pop-up comes down from the temperature in the status bar and displays the degree being set, in half degree increments)"
N19	NR1L-ComfortHMI-036	R-C49(amend)	HMI_Comfort_HMI_Logic_and_Flow_R1_SR24_Post_3A_CR24879_(September_25_2023)_2.2、2.14、16.2	"HMI_Comfort_HMI_Logic_and_Flow_R1_SR24_Post_3A_CR24879_(September_25_2023)_2.2
HMI_Comfort_HMI_Logic_and_Flow_R1_SR24_Post_3A_CR24879_(September_25_2023)_2.14
HMI_Comfort_HMI_Logic_and_Flow_R1_SR24_Post_3A_CR24879_(September_25_2023)_16.2"
T19	NR1L-ComfortHMI-036	R-C48(amend)	1	0
U19	NR1L-ComfortHMI-036	R-C48(amend)	1	0
W19	NR1L-ComfortHMI-036	R-C48(amend)	1	0
X19	NR1L-ComfortHMI-036	R-C48(amend)	1	0
I20	NR1L-ComfortHMI-037	R-C50+R-C50(amend)	"If the user is outside of the climate main category and the temperature is changed through hard controls, a pop-up will be shown coming down from that temperature in the status bar to indicate it is being altered, for ATC it will display the degree (or half degree increments for Celsius and for Fahrenheit do not show half degrees) being set, for MTC (if the MTC has a Climate screen) it will display a slider bar with the arrow pointing to the current setting, this information will change as the user alters the temp.

(change the temperature using the temperature hard control -> A pop-up comes down from the temperature in the status bar and displays the degree being set, without half degrees)"	"A pop-up will be shown coming down from that temperature in the status bar to indicate it is being altered, for ATC it will display the degree (or half degree increments for Celsius and for Fahrenheit do not show half degrees) being set

(change the temperature using the temperature hard control -> A pop-up comes down from the temperature in the status bar and displays the degree being set, without half degrees)"
N20	NR1L-ComfortHMI-037	R-C49(amend)	HMI_Comfort_HMI_Logic_and_Flow_R1_SR24_Post_3A_CR24879_(September_25_2023)_2.2、2.14	"HMI_Comfort_HMI_Logic_and_Flow_R1_SR24_Post_3A_CR24879_(September_25_2023)_2.2
HMI_Comfort_HMI_Logic_and_Flow_R1_SR24_Post_3A_CR24879_(September_25_2023)_2.14"
T20	NR1L-ComfortHMI-037	R-C48(amend)	1	0
U20	NR1L-ComfortHMI-037	R-C48(amend)	1	0
W20	NR1L-ComfortHMI-037	R-C48(amend)	1	0
X20	NR1L-ComfortHMI-037	R-C48(amend)	1	0
I21	NR1L-ComfortHMI-038	R-C50+R-C50(amend)	"If the user is outside of the climate main category and the temperature is changed through hard controls, a pop-up will be shown coming down from that temperature in the status bar to indicate it is being altered, for ATC it will display the degree (or half degree increments for Celsius and for Fahrenheit do not show half degrees) being set, for MTC (if the MTC has a Climate screen) it will display a slider bar with the arrow pointing to the current setting, this information will change as the user alters the temp.

(continue altering the temperature using the temperature hard control -> The arrow moves with the temperature being set)"	"For MTC (if the MTC has a Climate screen) it will display a slider bar with the arrow pointing to the current setting, this information will change as the user alters the temp.

(continue altering the temperature using the temperature hard control -> The arrow moves with the temperature being set)"
N21	NR1L-ComfortHMI-038	R-C49(amend)	HMI_Comfort_HMI_Logic_and_Flow_R1_SR24_Post_3A_CR24879_(September_25_2023)_2.2、2.14、16.2	"HMI_Comfort_HMI_Logic_and_Flow_R1_SR24_Post_3A_CR24879_(September_25_2023)_2.2
HMI_Comfort_HMI_Logic_and_Flow_R1_SR24_Post_3A_CR24879_(September_25_2023)_2.14
HMI_Comfort_HMI_Logic_and_Flow_R1_SR24_Post_3A_CR24879_(September_25_2023)_16.2"
T21	NR1L-ComfortHMI-038	R-C48(amend)	1	0
U21	NR1L-ComfortHMI-038	R-C48(amend)	1	0
W21	NR1L-ComfortHMI-038	R-C48(amend)	1	0
X21	NR1L-ComfortHMI-038	R-C48(amend)	1	0
N22	NR1L-ComfortHMI-039	R-C49(amend)	HMI_Comfort_HMI_Logic_and_Flow_R1_SR24_Post_3A_CR24879_(September_25_2023)_2.2、2.14、16.2、6.3	"HMI_Comfort_HMI_Logic_and_Flow_R1_SR24_Post_3A_CR24879_(September_25_2023)_2.2
HMI_Comfort_HMI_Logic_and_Flow_R1_SR24_Post_3A_CR24879_(September_25_2023)_2.14
HMI_Comfort_HMI_Logic_and_Flow_R1_SR24_Post_3A_CR24879_(September_25_2023)_6.3
HMI_Comfort_HMI_Logic_and_Flow_R1_SR24_Post_3A_CR24879_(September_25_2023)_16.2"
T22	NR1L-ComfortHMI-039	R-C48(amend)	1	0
U22	NR1L-ComfortHMI-039	R-C48(amend)	1	0
W22	NR1L-ComfortHMI-039	R-C48(amend)	1	0
X22	NR1L-ComfortHMI-039	R-C48(amend)	1	0
N23	NR1L-ComfortHMI-040	R-C49(amend)	HMI_Comfort_HMI_Logic_and_Flow_R1_SR24_Post_3A_CR24879_(September_25_2023)_2.2、2.14、16.2	"HMI_Comfort_HMI_Logic_and_Flow_R1_SR24_Post_3A_CR24879_(September_25_2023)_2.2
HMI_Comfort_HMI_Logic_and_Flow_R1_SR24_Post_3A_CR24879_(September_25_2023)_2.14
HMI_Comfort_HMI_Logic_and_Flow_R1_SR24_Post_3A_CR24879_(September_25_2023)_16.2"
T23	NR1L-ComfortHMI-040	R-C48(amend)	1	0
U23	NR1L-ComfortHMI-040	R-C48(amend)	1	0
W23	NR1L-ComfortHMI-040	R-C48(amend)	1	0
X23	NR1L-ComfortHMI-040	R-C48(amend)	1	0
L24	NR1L-ComfortHMI-127	M7	"1. Turn AUTO on from the climate screen
2. Read the fan speed indicator"	"1. Turn ""AUTO"" on from the climate screen
2. Read the fan speed indicator"
N24	NR1L-ComfortHMI-127	R-C49(amend)	HMI_Comfort_HMI_Logic_and_Flow_R1_SR24_Post_3A_CR24879_(September_25_2023)_2.3、2.14、16.2、6.3	"HMI_Comfort_HMI_Logic_and_Flow_R1_SR24_Post_3A_CR24879_(September_25_2023)_2.3
HMI_Comfort_HMI_Logic_and_Flow_R1_SR24_Post_3A_CR24879_(September_25_2023)_2.14
HMI_Comfort_HMI_Logic_and_Flow_R1_SR24_Post_3A_CR24879_(September_25_2023)_6.3
HMI_Comfort_HMI_Logic_and_Flow_R1_SR24_Post_3A_CR24879_(September_25_2023)_16.2"
T24	NR1L-ComfortHMI-127	R-C48(amend)	1	0
U24	NR1L-ComfortHMI-127	R-C48(amend)	1	0
W24	NR1L-ComfortHMI-127	R-C48(amend)	1	0
X24	NR1L-ComfortHMI-127	R-C48(amend)	1	0
L25	NR1L-ComfortHMI-128	M7	"1. Turn AUTO on from the climate screen
2. Read the main category control"	"1. Turn ""AUTO"" on from the climate screen
2. Read the main category control"
N25	NR1L-ComfortHMI-128	R-C49(amend)	HMI_Comfort_HMI_Logic_and_Flow_R1_SR24_Post_3A_CR24879_(September_25_2023)_2.3、2.14、16.2、6.3	"HMI_Comfort_HMI_Logic_and_Flow_R1_SR24_Post_3A_CR24879_(September_25_2023)_2.3
HMI_Comfort_HMI_Logic_and_Flow_R1_SR24_Post_3A_CR24879_(September_25_2023)_2.14
HMI_Comfort_HMI_Logic_and_Flow_R1_SR24_Post_3A_CR24879_(September_25_2023)_6.3
HMI_Comfort_HMI_Logic_and_Flow_R1_SR24_Post_3A_CR24879_(September_25_2023)_16.2"
T25	NR1L-ComfortHMI-128	R-C48(amend)	1	0
U25	NR1L-ComfortHMI-128	R-C48(amend)	1	0
W25	NR1L-ComfortHMI-128	R-C48(amend)	1	0
X25	NR1L-ComfortHMI-128	R-C48(amend)	1	0
I26	NR1L-ComfortHMI-129	M7	"AUTO affects Fan speed, Modes, AC in order to reach desired temperature as quickly as possible.

(turn AUTO on and read the fan speed and the airflow mode -> The fan speed and the airflow mode are set by the system)"	"AUTO affects Fan speed, Modes, AC in order to reach desired temperature as quickly as possible.

(turn ""AUTO"" on and read the fan speed and the airflow mode -> The fan speed and the airflow mode are set by the system)"
L26	NR1L-ComfortHMI-129	M7	"1. Set a fan speed and an airflow mode from the climate screen with AUTO off
2. Turn AUTO on and read the fan speed and the airflow mode"	"1. Set a fan speed and an airflow mode from the climate screen with AUTO off
2. Turn ""AUTO"" on and read the fan speed and the airflow mode"
N26	NR1L-ComfortHMI-129	R-C49(amend)	HMI_Comfort_HMI_Logic_and_Flow_R1_SR24_Post_3A_CR24879_(September_25_2023)_2.3、2.14、16.2、6.3	"HMI_Comfort_HMI_Logic_and_Flow_R1_SR24_Post_3A_CR24879_(September_25_2023)_2.3
HMI_Comfort_HMI_Logic_and_Flow_R1_SR24_Post_3A_CR24879_(September_25_2023)_2.14
HMI_Comfort_HMI_Logic_and_Flow_R1_SR24_Post_3A_CR24879_(September_25_2023)_6.3
HMI_Comfort_HMI_Logic_and_Flow_R1_SR24_Post_3A_CR24879_(September_25_2023)_16.2"
T26	NR1L-ComfortHMI-129	R-C48(amend)	1	0
U26	NR1L-ComfortHMI-129	R-C48(amend)	1	0
W26	NR1L-ComfortHMI-129	R-C48(amend)	1	0
X26	NR1L-ComfortHMI-129	R-C48(amend)	1	0
I27	NR1L-ComfortHMI-130	M7	"Auto is mutually exclusive with the four airflow modes and front defrost.

(turn AUTO on -> The airflow mode buttons and ""FRONT DEF"" are no longer active)"	"Auto is mutually exclusive with the four airflow modes and front defrost.

(turn ""AUTO"" on -> The airflow mode buttons and ""FRONT DEF"" are no longer active)"
L27	NR1L-ComfortHMI-130	M7+M9-compound	"1. Select an airflow mode and turn front defrost on from the climate screen
2. Turn AUTO on"	"1. Select an airflow mode on the climate screen
2. Turn front defrost on from the climate screen
3. Turn ""AUTO"" on"
M27	NR1L-ComfortHMI-130	M9-compound	"1. The selected airflow mode and ""FRONT DEF"" are active
2. The airflow mode buttons and ""FRONT DEF"" are no longer active"	"1. The selected airflow mode is active
2. ""FRONT DEF"" is active
3. The airflow mode buttons and ""FRONT DEF"" are no longer active"
N27	NR1L-ComfortHMI-130	R-C49(amend)	HMI_Comfort_HMI_Logic_and_Flow_R1_SR24_Post_3A_CR24879_(September_25_2023)_2.3、2.14、16.2、6.3	"HMI_Comfort_HMI_Logic_and_Flow_R1_SR24_Post_3A_CR24879_(September_25_2023)_2.3
HMI_Comfort_HMI_Logic_and_Flow_R1_SR24_Post_3A_CR24879_(September_25_2023)_2.14
HMI_Comfort_HMI_Logic_and_Flow_R1_SR24_Post_3A_CR24879_(September_25_2023)_6.3
HMI_Comfort_HMI_Logic_and_Flow_R1_SR24_Post_3A_CR24879_(September_25_2023)_16.2"
T27	NR1L-ComfortHMI-130	R-C48(amend)	1	0
U27	NR1L-ComfortHMI-130	R-C48(amend)	1	0
W27	NR1L-ComfortHMI-130	R-C48(amend)	1	0
X27	NR1L-ComfortHMI-130	R-C48(amend)	1	0
I28	NR1L-ComfortHMI-131	M7	"Auto can change the state of AC, but do not show this change.

(turn AUTO on and read the ""A/C"" button -> The ""A/C"" button state is unchanged)"	"Auto can change the state of AC, but do not show this change.

(turn ""AUTO"" on and read the ""A/C"" button -> The ""A/C"" button state is unchanged)"
L28	NR1L-ComfortHMI-131	M7+M9-Note	"1. Note the state of the ""A/C"" button on the climate screen with AUTO off
2. Turn AUTO on and read the ""A/C"" button"	"1. Read the state of the ""A/C"" button on the climate screen with AUTO off and record it
2. Turn ""AUTO"" on and read the ""A/C"" button"
N28	NR1L-ComfortHMI-131	R-C49(amend)	HMI_Comfort_HMI_Logic_and_Flow_R1_SR24_Post_3A_CR24879_(September_25_2023)_2.3、2.14、16.2、6.3	"HMI_Comfort_HMI_Logic_and_Flow_R1_SR24_Post_3A_CR24879_(September_25_2023)_2.3
HMI_Comfort_HMI_Logic_and_Flow_R1_SR24_Post_3A_CR24879_(September_25_2023)_2.14
HMI_Comfort_HMI_Logic_and_Flow_R1_SR24_Post_3A_CR24879_(September_25_2023)_6.3
HMI_Comfort_HMI_Logic_and_Flow_R1_SR24_Post_3A_CR24879_(September_25_2023)_16.2"
T28	NR1L-ComfortHMI-131	R-C48(amend)	1	0
U28	NR1L-ComfortHMI-131	R-C48(amend)	1	0
W28	NR1L-ComfortHMI-131	R-C48(amend)	1	0
X28	NR1L-ComfortHMI-131	R-C48(amend)	1	0
L29	NR1L-ComfortHMI-132	M7	"1. Turn AUTO on from the climate screen
2. Press ""A/C"""	"1. Turn ""AUTO"" on from the climate screen
2. Press ""A/C"""
N29	NR1L-ComfortHMI-132	R-C49(amend)	HMI_Comfort_HMI_Logic_and_Flow_R1_SR24_Post_3A_CR24879_(September_25_2023)_2.3、2.14、16.2、6.3	"HMI_Comfort_HMI_Logic_and_Flow_R1_SR24_Post_3A_CR24879_(September_25_2023)_2.3
HMI_Comfort_HMI_Logic_and_Flow_R1_SR24_Post_3A_CR24879_(September_25_2023)_2.14
HMI_Comfort_HMI_Logic_and_Flow_R1_SR24_Post_3A_CR24879_(September_25_2023)_6.3
HMI_Comfort_HMI_Logic_and_Flow_R1_SR24_Post_3A_CR24879_(September_25_2023)_16.2"
T29	NR1L-ComfortHMI-132	R-C48(amend)	1	0
U29	NR1L-ComfortHMI-132	R-C48(amend)	1	0
W29	NR1L-ComfortHMI-132	R-C48(amend)	1	0
X29	NR1L-ComfortHMI-132	R-C48(amend)	1	0
L30	NR1L-ComfortHMI-386	M7	"1. Turn AUTO on from the climate screen
2. Select another airflow mode"	"1. Turn ""AUTO"" on from the climate screen
2. Select another airflow mode"
N30	NR1L-ComfortHMI-386	R-C49(amend)	HMI_Comfort_HMI_Logic_and_Flow_R1_SR24_Post_3A_CR24879_(September_25_2023)_2.3、2.14、16.2、6.3	"HMI_Comfort_HMI_Logic_and_Flow_R1_SR24_Post_3A_CR24879_(September_25_2023)_2.3
HMI_Comfort_HMI_Logic_and_Flow_R1_SR24_Post_3A_CR24879_(September_25_2023)_2.14
HMI_Comfort_HMI_Logic_and_Flow_R1_SR24_Post_3A_CR24879_(September_25_2023)_6.3
HMI_Comfort_HMI_Logic_and_Flow_R1_SR24_Post_3A_CR24879_(September_25_2023)_16.2"
T30	NR1L-ComfortHMI-386	R-C48(amend)	1	0
U30	NR1L-ComfortHMI-386	R-C48(amend)	1	0
W30	NR1L-ComfortHMI-386	R-C48(amend)	1	0
X30	NR1L-ComfortHMI-386	R-C48(amend)	1	0
L31	NR1L-ComfortHMI-387	M7	"1. Turn AUTO on from the climate screen
2. Change the fan speed"	"1. Turn ""AUTO"" on from the climate screen
2. Change the fan speed"
N31	NR1L-ComfortHMI-387	R-C49(amend)	HMI_Comfort_HMI_Logic_and_Flow_R1_SR24_Post_3A_CR24879_(September_25_2023)_2.3、2.14、16.2、6.3	"HMI_Comfort_HMI_Logic_and_Flow_R1_SR24_Post_3A_CR24879_(September_25_2023)_2.3
HMI_Comfort_HMI_Logic_and_Flow_R1_SR24_Post_3A_CR24879_(September_25_2023)_2.14
HMI_Comfort_HMI_Logic_and_Flow_R1_SR24_Post_3A_CR24879_(September_25_2023)_6.3
HMI_Comfort_HMI_Logic_and_Flow_R1_SR24_Post_3A_CR24879_(September_25_2023)_16.2"
T31	NR1L-ComfortHMI-387	R-C48(amend)	1	0
U31	NR1L-ComfortHMI-387	R-C48(amend)	1	0
W31	NR1L-ComfortHMI-387	R-C48(amend)	1	0
X31	NR1L-ComfortHMI-387	R-C48(amend)	1	0
L32	NR1L-ComfortHMI-133	M7	"1. Turn AUTO on from the climate screen
2. Press the ""Feet"" airflow mode button"	"1. Turn ""AUTO"" on from the climate screen
2. Press the ""Feet"" airflow mode button"
N32	NR1L-ComfortHMI-133	R-C49(amend)	HMI_Comfort_HMI_Logic_and_Flow_R1_SR24_Post_3A_CR24879_(September_25_2023)_2.3、2.14、16.2、6.3	"HMI_Comfort_HMI_Logic_and_Flow_R1_SR24_Post_3A_CR24879_(September_25_2023)_2.3
HMI_Comfort_HMI_Logic_and_Flow_R1_SR24_Post_3A_CR24879_(September_25_2023)_2.14
HMI_Comfort_HMI_Logic_and_Flow_R1_SR24_Post_3A_CR24879_(September_25_2023)_6.3
HMI_Comfort_HMI_Logic_and_Flow_R1_SR24_Post_3A_CR24879_(September_25_2023)_16.2"
T32	NR1L-ComfortHMI-133	R-C48(amend)	1	0
U32	NR1L-ComfortHMI-133	R-C48(amend)	1	0
W32	NR1L-ComfortHMI-133	R-C48(amend)	1	0
X32	NR1L-ComfortHMI-133	R-C48(amend)	1	0
L33	NR1L-ComfortHMI-134	M7	"1. Turn AUTO on from the climate screen
2. Press ""REAR DEFROST"""	"1. Turn ""AUTO"" on from the climate screen
2. Press ""REAR DEFROST"""
N33	NR1L-ComfortHMI-134	R-C49(amend)	HMI_Comfort_HMI_Logic_and_Flow_R1_SR24_Post_3A_CR24879_(September_25_2023)_2.3、2.14、16.2、6.3	"HMI_Comfort_HMI_Logic_and_Flow_R1_SR24_Post_3A_CR24879_(September_25_2023)_2.3
HMI_Comfort_HMI_Logic_and_Flow_R1_SR24_Post_3A_CR24879_(September_25_2023)_2.14
HMI_Comfort_HMI_Logic_and_Flow_R1_SR24_Post_3A_CR24879_(September_25_2023)_6.3
HMI_Comfort_HMI_Logic_and_Flow_R1_SR24_Post_3A_CR24879_(September_25_2023)_16.2"
T33	NR1L-ComfortHMI-134	R-C48(amend)	1	0
U33	NR1L-ComfortHMI-134	R-C48(amend)	1	0
W33	NR1L-ComfortHMI-134	R-C48(amend)	1	0
X33	NR1L-ComfortHMI-134	R-C48(amend)	1	0
N34	NR1L-ComfortHMI-135	R-C49(amend)	HMI_Comfort_HMI_Logic_and_Flow_R1_SR24_Post_3A_CR24879_(September_25_2023)_2.3、2.14、16.2、6.3	"HMI_Comfort_HMI_Logic_and_Flow_R1_SR24_Post_3A_CR24879_(September_25_2023)_2.3
HMI_Comfort_HMI_Logic_and_Flow_R1_SR24_Post_3A_CR24879_(September_25_2023)_2.14
HMI_Comfort_HMI_Logic_and_Flow_R1_SR24_Post_3A_CR24879_(September_25_2023)_6.3
HMI_Comfort_HMI_Logic_and_Flow_R1_SR24_Post_3A_CR24879_(September_25_2023)_16.2"
T34	NR1L-ComfortHMI-135	R-C48(amend)	1	0
U34	NR1L-ComfortHMI-135	R-C48(amend)	1	0
W34	NR1L-ComfortHMI-135	R-C48(amend)	1	0
X34	NR1L-ComfortHMI-135	R-C48(amend)	1	0
I35	NR1L-ComfortHMI-363	M7	"C2.1) Some vehicles with dual zone climate with dual airflow mode can have a configuration for dual AUTO modes, one for the driver side and passenger side.

(read the AUTO controls -> A driver side AUTO mode and a passenger side AUTO mode are provided)"	"C2.1) Some vehicles with dual zone climate with dual airflow mode can have a configuration for dual AUTO modes, one for the driver side and passenger side.

(read the ""AUTO"" controls -> A driver side AUTO mode and a passenger side AUTO mode are provided)"
L35	NR1L-ComfortHMI-363	M7	"1. Open the climate screen
2. Read the AUTO controls"	"1. Open the climate screen
2. Read the ""AUTO"" controls"
N35	NR1L-ComfortHMI-363	R-C49(amend)	HMI_Comfort_HMI_Logic_and_Flow_R1_SR24_Post_3A_CR24879_(September_25_2023)_2.3.1、2.3、2.14、16.2、6.3	"HMI_Comfort_HMI_Logic_and_Flow_R1_SR24_Post_3A_CR24879_(September_25_2023)_2.3.1
HMI_Comfort_HMI_Logic_and_Flow_R1_SR24_Post_3A_CR24879_(September_25_2023)_2.3
HMI_Comfort_HMI_Logic_and_Flow_R1_SR24_Post_3A_CR24879_(September_25_2023)_2.14
HMI_Comfort_HMI_Logic_and_Flow_R1_SR24_Post_3A_CR24879_(September_25_2023)_6.3
HMI_Comfort_HMI_Logic_and_Flow_R1_SR24_Post_3A_CR24879_(September_25_2023)_16.2"
T35	NR1L-ComfortHMI-363	R-C48(amend)	1	0
U35	NR1L-ComfortHMI-363	R-C48(amend)	1	0
W35	NR1L-ComfortHMI-363	R-C48(amend)	1	0
X35	NR1L-ComfortHMI-363	R-C48(amend)	1	0
I36	NR1L-ComfortHMI-364	M7	"C2.1) Some vehicles with dual zone climate with dual airflow mode can have a configuration for dual AUTO modes, one for the driver side and passenger side.

(read the driver and passenger AUTO indicators -> The driver side AUTO indicator is shown as on and the passenger side AUTO indicator is shown separately)"	"C2.1) Some vehicles with dual zone climate with dual airflow mode can have a configuration for dual AUTO modes, one for the driver side and passenger side.

(read the driver and passenger ""AUTO"" indicators -> The driver side ""AUTO"" indicator is shown as on and the passenger side ""AUTO"" indicator is shown separately)"
L36	NR1L-ComfortHMI-364	M7	"1. Turn the driver side AUTO on
2. Read the driver and passenger AUTO indicators"	"1. Turn the driver side ""AUTO"" on
2. Read the driver and passenger ""AUTO"" indicators"
M36	NR1L-ComfortHMI-364	M7	"1. The driver side AUTO is on
2. The driver side AUTO indicator is shown as on and the passenger side AUTO indicator is shown separately"	"1. The driver side AUTO is on
2. The driver side ""AUTO"" indicator is shown as on and the passenger side ""AUTO"" indicator is shown separately"
N36	NR1L-ComfortHMI-364	R-C49(amend)	HMI_Comfort_HMI_Logic_and_Flow_R1_SR24_Post_3A_CR24879_(September_25_2023)_2.3.1、2.3、2.14、16.2、6.3	"HMI_Comfort_HMI_Logic_and_Flow_R1_SR24_Post_3A_CR24879_(September_25_2023)_2.3.1
HMI_Comfort_HMI_Logic_and_Flow_R1_SR24_Post_3A_CR24879_(September_25_2023)_2.3
HMI_Comfort_HMI_Logic_and_Flow_R1_SR24_Post_3A_CR24879_(September_25_2023)_2.14
HMI_Comfort_HMI_Logic_and_Flow_R1_SR24_Post_3A_CR24879_(September_25_2023)_6.3
HMI_Comfort_HMI_Logic_and_Flow_R1_SR24_Post_3A_CR24879_(September_25_2023)_16.2"
T36	NR1L-ComfortHMI-364	R-C48(amend)	1	0
U36	NR1L-ComfortHMI-364	R-C48(amend)	1	0
W36	NR1L-ComfortHMI-364	R-C48(amend)	1	0
X36	NR1L-ComfortHMI-364	R-C48(amend)	1	0
N37	NR1L-ComfortHMI-136	R-C49(amend)	HMI_Comfort_HMI_Logic_and_Flow_R1_SR24_Post_3A_CR24879_(September_25_2023)_2.4、2.14、16.2、6.3	"HMI_Comfort_HMI_Logic_and_Flow_R1_SR24_Post_3A_CR24879_(September_25_2023)_2.4
HMI_Comfort_HMI_Logic_and_Flow_R1_SR24_Post_3A_CR24879_(September_25_2023)_2.14
HMI_Comfort_HMI_Logic_and_Flow_R1_SR24_Post_3A_CR24879_(September_25_2023)_6.3
HMI_Comfort_HMI_Logic_and_Flow_R1_SR24_Post_3A_CR24879_(September_25_2023)_16.2"
T37	NR1L-ComfortHMI-136	R-C48(amend)	1	0
U37	NR1L-ComfortHMI-136	R-C48(amend)	1	0
W37	NR1L-ComfortHMI-136	R-C48(amend)	1	0
X37	NR1L-ComfortHMI-136	R-C48(amend)	1	0
I38	NR1L-ComfortHMI-137	M7	"Auto can automatically turn on AC. AC will break Auto.

(turn AUTO on and read the ""A/C"" button -> The ""A/C"" button is highlighted)"	"Auto can automatically turn on AC. AC will break Auto.

(turn ""AUTO"" on and read the ""A/C"" button -> The ""A/C"" button is highlighted)"
L38	NR1L-ComfortHMI-137	M7	"1. Turn ""A/C"" off and AUTO off from the climate screen
2. Turn AUTO on and read the ""A/C"" button"	"1. Turn ""A/C"" off and ""AUTO"" off from the climate screen
2. Turn ""AUTO"" on and read the ""A/C"" button"
N38	NR1L-ComfortHMI-137	R-C49(amend)	HMI_Comfort_HMI_Logic_and_Flow_R1_SR24_Post_3A_CR24879_(September_25_2023)_2.4、2.14、16.2、6.3	"HMI_Comfort_HMI_Logic_and_Flow_R1_SR24_Post_3A_CR24879_(September_25_2023)_2.4
HMI_Comfort_HMI_Logic_and_Flow_R1_SR24_Post_3A_CR24879_(September_25_2023)_2.14
HMI_Comfort_HMI_Logic_and_Flow_R1_SR24_Post_3A_CR24879_(September_25_2023)_6.3
HMI_Comfort_HMI_Logic_and_Flow_R1_SR24_Post_3A_CR24879_(September_25_2023)_16.2"
T38	NR1L-ComfortHMI-137	R-C48(amend)	1	0
U38	NR1L-ComfortHMI-137	R-C48(amend)	1	0
W38	NR1L-ComfortHMI-137	R-C48(amend)	1	0
X38	NR1L-ComfortHMI-137	R-C48(amend)	1	0
L39	NR1L-ComfortHMI-138	M7	"1. Turn AUTO on from the climate screen
2. Press ""A/C"""	"1. Turn ""AUTO"" on from the climate screen
2. Press ""A/C"""
N39	NR1L-ComfortHMI-138	R-C49(amend)	HMI_Comfort_HMI_Logic_and_Flow_R1_SR24_Post_3A_CR24879_(September_25_2023)_2.4、2.14、16.2、6.3	"HMI_Comfort_HMI_Logic_and_Flow_R1_SR24_Post_3A_CR24879_(September_25_2023)_2.4
HMI_Comfort_HMI_Logic_and_Flow_R1_SR24_Post_3A_CR24879_(September_25_2023)_2.14
HMI_Comfort_HMI_Logic_and_Flow_R1_SR24_Post_3A_CR24879_(September_25_2023)_6.3
HMI_Comfort_HMI_Logic_and_Flow_R1_SR24_Post_3A_CR24879_(September_25_2023)_16.2"
T39	NR1L-ComfortHMI-138	R-C48(amend)	1	0
U39	NR1L-ComfortHMI-138	R-C48(amend)	1	0
W39	NR1L-ComfortHMI-138	R-C48(amend)	1	0
X39	NR1L-ComfortHMI-138	R-C48(amend)	1	0
I40	NR1L-ComfortHMI-139	R-C55 slim	"Defrost can automatically turn on AC (Do not show this change).

(turn ""RECIRC"" on and read the ""A/C"" button -> The ""A/C"" button is not highlighted)"	"Defrost can automatically turn on AC (Do not show this change).

(turn ""FRONT DEF"" on and read the ""A/C"" button -> The ""A/C"" button is not highlighted)"
L40	NR1L-ComfortHMI-139	R-C55 slim	"1. Turn ""A/C"" off from the climate screen and note the ""A/C"" button
2. Turn ""FRONT DEF"" on and read the ""A/C"" button
3. Turn ""RECIRC"" on and read the ""A/C"" button"	"1. Turn ""A/C"" off from the climate screen and note the ""A/C"" button
2. Turn ""FRONT DEF"" on and read the ""A/C"" button"
M40	NR1L-ComfortHMI-139	R-C55 slim	"1. The ""A/C"" button is not highlighted
2. The ""A/C"" button is not highlighted
3. The ""A/C"" button is not highlighted"	"1. The ""A/C"" button is not highlighted
2. The ""A/C"" button is not highlighted"
N40	NR1L-ComfortHMI-139	R-C49(amend)	HMI_Comfort_HMI_Logic_and_Flow_R1_SR24_Post_3A_CR24879_(September_25_2023)_2.4、2.14、16.2、6.3	"HMI_Comfort_HMI_Logic_and_Flow_R1_SR24_Post_3A_CR24879_(September_25_2023)_2.4
HMI_Comfort_HMI_Logic_and_Flow_R1_SR24_Post_3A_CR24879_(September_25_2023)_2.14
HMI_Comfort_HMI_Logic_and_Flow_R1_SR24_Post_3A_CR24879_(September_25_2023)_6.3
HMI_Comfort_HMI_Logic_and_Flow_R1_SR24_Post_3A_CR24879_(September_25_2023)_16.2"
T40	NR1L-ComfortHMI-139	R-C48(amend)	1	0
U40	NR1L-ComfortHMI-139	R-C48(amend)	1	0
W40	NR1L-ComfortHMI-139	R-C48(amend)	1	0
X40	NR1L-ComfortHMI-139	R-C48(amend)	1	0
N41	NR1L-ComfortHMI-140	R-C49(amend)	HMI_Comfort_HMI_Logic_and_Flow_R1_SR24_Post_3A_CR24879_(September_25_2023)_2.5、2.14、16.2、6.3	"HMI_Comfort_HMI_Logic_and_Flow_R1_SR24_Post_3A_CR24879_(September_25_2023)_2.5
HMI_Comfort_HMI_Logic_and_Flow_R1_SR24_Post_3A_CR24879_(September_25_2023)_2.14
HMI_Comfort_HMI_Logic_and_Flow_R1_SR24_Post_3A_CR24879_(September_25_2023)_6.3
HMI_Comfort_HMI_Logic_and_Flow_R1_SR24_Post_3A_CR24879_(September_25_2023)_16.2"
T41	NR1L-ComfortHMI-140	R-C48(amend)	1	0
U41	NR1L-ComfortHMI-140	R-C48(amend)	1	0
W41	NR1L-ComfortHMI-140	R-C48(amend)	1	0
X41	NR1L-ComfortHMI-140	R-C48(amend)	1	0
L42	NR1L-ComfortHMI-141	M6	"1. Set the recirc availability status from the CCM to unavailable
2. Read the ""RECIRC"" button on the climate screen"	"1. PENDING: DR-46 DBC message and raw value for $RECIRC_STAT$ = ""not available/Blink""
2. Read the ""RECIRC"" button on the climate screen"
N42	NR1L-ComfortHMI-141	R-C49(amend)	HMI_Comfort_HMI_Logic_and_Flow_R1_SR24_Post_3A_CR24879_(September_25_2023)_2.5、2.14、16.2、6.3	"HMI_Comfort_HMI_Logic_and_Flow_R1_SR24_Post_3A_CR24879_(September_25_2023)_2.5
HMI_Comfort_HMI_Logic_and_Flow_R1_SR24_Post_3A_CR24879_(September_25_2023)_2.14
HMI_Comfort_HMI_Logic_and_Flow_R1_SR24_Post_3A_CR24879_(September_25_2023)_6.3
HMI_Comfort_HMI_Logic_and_Flow_R1_SR24_Post_3A_CR24879_(September_25_2023)_16.2"
T42	NR1L-ComfortHMI-141	R-C48(amend)	1	0
U42	NR1L-ComfortHMI-141	R-C48(amend)	1	0
W42	NR1L-ComfortHMI-141	R-C48(amend)	1	0
X42	NR1L-ComfortHMI-141	R-C48(amend)	1	0
N43	NR1L-ComfortHMI-142	R-C49(amend)	HMI_Comfort_HMI_Logic_and_Flow_R1_SR24_Post_3A_CR24879_(September_25_2023)_2.5、2.14、16.2、6.3	"HMI_Comfort_HMI_Logic_and_Flow_R1_SR24_Post_3A_CR24879_(September_25_2023)_2.5
HMI_Comfort_HMI_Logic_and_Flow_R1_SR24_Post_3A_CR24879_(September_25_2023)_2.14
HMI_Comfort_HMI_Logic_and_Flow_R1_SR24_Post_3A_CR24879_(September_25_2023)_6.3
HMI_Comfort_HMI_Logic_and_Flow_R1_SR24_Post_3A_CR24879_(September_25_2023)_16.2"
T43	NR1L-ComfortHMI-142	R-C48(amend)	1	0
U43	NR1L-ComfortHMI-142	R-C48(amend)	1	0
W43	NR1L-ComfortHMI-142	R-C48(amend)	1	0
X43	NR1L-ComfortHMI-142	R-C48(amend)	1	0
I44	NR1L-ComfortHMI-439	M7	"The recirc icon will display the vehicle model specific icon as displayed in the table.

(read the RECIRC icon -> A RECIRC icon is displayed and it matches the vehicle's configuration — the model specific icon, or the generic recirc symbol where the vehicle model cannot be detected)"	"The recirc icon will display the vehicle model specific icon as displayed in the table.

(read the ""RECIRC"" icon -> A ""RECIRC"" icon is displayed and it matches the vehicle's configuration — the model specific icon, or the generic recirc symbol where the vehicle model cannot be detected)"
L44	NR1L-ComfortHMI-439	M7	"1. Open the climate screen
2. Read the RECIRC icon"	"1. Open the climate screen
2. Read the ""RECIRC"" icon"
M44	NR1L-ComfortHMI-439	M7	"1. The climate screen is displayed
2. A RECIRC icon is displayed and it matches the vehicle's configuration — the model specific icon, or the generic recirc symbol where the vehicle model cannot be detected"	"1. The climate screen is displayed
2. A ""RECIRC"" icon is displayed and it matches the vehicle's configuration — the model specific icon, or the generic recirc symbol where the vehicle model cannot be detected"
N44	NR1L-ComfortHMI-439	R-C49(amend)	HMI_Comfort_HMI_Logic_and_Flow_R1_SR24_Post_3A_CR24879_(September_25_2023)_2.5、2.14、16.2、6.3	"HMI_Comfort_HMI_Logic_and_Flow_R1_SR24_Post_3A_CR24879_(September_25_2023)_2.5
HMI_Comfort_HMI_Logic_and_Flow_R1_SR24_Post_3A_CR24879_(September_25_2023)_2.14
HMI_Comfort_HMI_Logic_and_Flow_R1_SR24_Post_3A_CR24879_(September_25_2023)_6.3
HMI_Comfort_HMI_Logic_and_Flow_R1_SR24_Post_3A_CR24879_(September_25_2023)_16.2"
T44	NR1L-ComfortHMI-439	R-C48(amend)	1	0
U44	NR1L-ComfortHMI-439	R-C48(amend)	1	0
W44	NR1L-ComfortHMI-439	R-C48(amend)	1	0
X44	NR1L-ComfortHMI-439	R-C48(amend)	1	0
AH44	NR1L-ComfortHMI-439	R-C61		The clause points to a table of vehicle-model specific recirc icons, but no cited section contains that table, so which icon is correct for a given vehicle model cannot be determined from the specification alone
I45	NR1L-ComfortHMI-365	M7	"C4.1) Some vehicles have a configuration for a 3 state toggle recirc button: Auto, Manual, Open.

(press the RECIRC button again -> RECIRC is in the Open state)"	"C4.1) Some vehicles have a configuration for a 3 state toggle recirc button: Auto, Manual, Open.

(press the ""RECIRC"" button again -> RECIRC is in the Open state)"
L45	NR1L-ComfortHMI-365	M7	"1. Press the RECIRC button
2. Press the RECIRC button again
3. Press the RECIRC button again"	"1. Press the ""RECIRC"" button
2. Press the ""RECIRC"" button again
3. Press the ""RECIRC"" button again"
N45	NR1L-ComfortHMI-365	R-C49(amend)	HMI_Comfort_HMI_Logic_and_Flow_R1_SR24_Post_3A_CR24879_(September_25_2023)_2.5.1、2.5、2.14、16.2、6.3	"HMI_Comfort_HMI_Logic_and_Flow_R1_SR24_Post_3A_CR24879_(September_25_2023)_2.5.1
HMI_Comfort_HMI_Logic_and_Flow_R1_SR24_Post_3A_CR24879_(September_25_2023)_2.5
HMI_Comfort_HMI_Logic_and_Flow_R1_SR24_Post_3A_CR24879_(September_25_2023)_2.14
HMI_Comfort_HMI_Logic_and_Flow_R1_SR24_Post_3A_CR24879_(September_25_2023)_6.3
HMI_Comfort_HMI_Logic_and_Flow_R1_SR24_Post_3A_CR24879_(September_25_2023)_16.2"
T45	NR1L-ComfortHMI-365	R-C48(amend)	1	0
U45	NR1L-ComfortHMI-365	R-C48(amend)	1	0
W45	NR1L-ComfortHMI-365	R-C48(amend)	1	0
X45	NR1L-ComfortHMI-365	R-C48(amend)	1	0
I46	NR1L-ComfortHMI-388	M7	"C4.1) Some vehicles have a configuration for a 3 state toggle recirc button: Auto, Manual, Open.

(press the RECIRC button again and read the RECIRC state -> RECIRC is in the Auto state and no further state is offered)"	"C4.1) Some vehicles have a configuration for a 3 state toggle recirc button: Auto, Manual, Open.

(press the ""RECIRC"" button again and read the ""RECIRC"" button state -> RECIRC is in the Auto state and no further state is offered)"
L46	NR1L-ComfortHMI-388	M7	"1. Press the RECIRC button until RECIRC is in the Open state
2. Press the RECIRC button again and read the RECIRC state"	"1. Press the ""RECIRC"" button until RECIRC is in the Open state
2. Press the ""RECIRC"" button again and read the ""RECIRC"" button state"
N46	NR1L-ComfortHMI-388	R-C49(amend)	HMI_Comfort_HMI_Logic_and_Flow_R1_SR24_Post_3A_CR24879_(September_25_2023)_2.5.1、2.5、2.14、16.2、6.3	"HMI_Comfort_HMI_Logic_and_Flow_R1_SR24_Post_3A_CR24879_(September_25_2023)_2.5.1
HMI_Comfort_HMI_Logic_and_Flow_R1_SR24_Post_3A_CR24879_(September_25_2023)_2.5
HMI_Comfort_HMI_Logic_and_Flow_R1_SR24_Post_3A_CR24879_(September_25_2023)_2.14
HMI_Comfort_HMI_Logic_and_Flow_R1_SR24_Post_3A_CR24879_(September_25_2023)_6.3
HMI_Comfort_HMI_Logic_and_Flow_R1_SR24_Post_3A_CR24879_(September_25_2023)_16.2"
T46	NR1L-ComfortHMI-388	R-C48(amend)	1	0
U46	NR1L-ComfortHMI-388	R-C48(amend)	1	0
W46	NR1L-ComfortHMI-388	R-C48(amend)	1	0
X46	NR1L-ComfortHMI-388	R-C48(amend)	1	0
I47	NR1L-ComfortHMI-366	M7	"C4.1) Some vehicles have a configuration for a 3 state toggle recirc button: Auto, Manual, Open.

(read the RECIRC control on the climate screen -> The climate screen indicates the Manual state)"	"C4.1) Some vehicles have a configuration for a 3 state toggle recirc button: Auto, Manual, Open.

(read the ""RECIRC"" control on the climate screen -> The climate screen indicates the Manual state)"
L47	NR1L-ComfortHMI-366	M7	"1. Set RECIRC to Manual
2. Read the RECIRC control on the climate screen"	"1. Set ""RECIRC"" to Manual
2. Read the ""RECIRC"" control on the climate screen"
N47	NR1L-ComfortHMI-366	R-C49(amend)	HMI_Comfort_HMI_Logic_and_Flow_R1_SR24_Post_3A_CR24879_(September_25_2023)_2.5.1、2.5、2.14、16.2、6.3	"HMI_Comfort_HMI_Logic_and_Flow_R1_SR24_Post_3A_CR24879_(September_25_2023)_2.5.1
HMI_Comfort_HMI_Logic_and_Flow_R1_SR24_Post_3A_CR24879_(September_25_2023)_2.5
HMI_Comfort_HMI_Logic_and_Flow_R1_SR24_Post_3A_CR24879_(September_25_2023)_2.14
HMI_Comfort_HMI_Logic_and_Flow_R1_SR24_Post_3A_CR24879_(September_25_2023)_6.3
HMI_Comfort_HMI_Logic_and_Flow_R1_SR24_Post_3A_CR24879_(September_25_2023)_16.2"
T47	NR1L-ComfortHMI-366	R-C48(amend)	1	0
U47	NR1L-ComfortHMI-366	R-C48(amend)	1	0
W47	NR1L-ComfortHMI-366	R-C48(amend)	1	0
X47	NR1L-ComfortHMI-366	R-C48(amend)	1	0
N48	NR1L-ComfortHMI-048	R-C49(amend)	HMI_Comfort_HMI_Logic_and_Flow_R1_SR24_Post_3A_CR24879_(September_25_2023)_2.6、2.14、16.2	"HMI_Comfort_HMI_Logic_and_Flow_R1_SR24_Post_3A_CR24879_(September_25_2023)_2.6
HMI_Comfort_HMI_Logic_and_Flow_R1_SR24_Post_3A_CR24879_(September_25_2023)_2.14
HMI_Comfort_HMI_Logic_and_Flow_R1_SR24_Post_3A_CR24879_(September_25_2023)_16.2"
T48	NR1L-ComfortHMI-048	R-C48(amend)	1	0
U48	NR1L-ComfortHMI-048	R-C48(amend)	1	0
W48	NR1L-ComfortHMI-048	R-C48(amend)	1	0
X48	NR1L-ComfortHMI-048	R-C48(amend)	1	0
N49	NR1L-ComfortHMI-049	R-C49(amend)	HMI_Comfort_HMI_Logic_and_Flow_R1_SR24_Post_3A_CR24879_(September_25_2023)_2.6、2.14、16.2	"HMI_Comfort_HMI_Logic_and_Flow_R1_SR24_Post_3A_CR24879_(September_25_2023)_2.6
HMI_Comfort_HMI_Logic_and_Flow_R1_SR24_Post_3A_CR24879_(September_25_2023)_2.14
HMI_Comfort_HMI_Logic_and_Flow_R1_SR24_Post_3A_CR24879_(September_25_2023)_16.2"
T49	NR1L-ComfortHMI-049	R-C48(amend)	1	0
U49	NR1L-ComfortHMI-049	R-C48(amend)	1	0
W49	NR1L-ComfortHMI-049	R-C48(amend)	1	0
X49	NR1L-ComfortHMI-049	R-C48(amend)	1	0
N50	NR1L-ComfortHMI-389	R-C49(amend)	HMI_Comfort_HMI_Logic_and_Flow_R1_SR24_Post_3A_CR24879_(September_25_2023)_2.6、2.14、16.2	"HMI_Comfort_HMI_Logic_and_Flow_R1_SR24_Post_3A_CR24879_(September_25_2023)_2.6
HMI_Comfort_HMI_Logic_and_Flow_R1_SR24_Post_3A_CR24879_(September_25_2023)_2.14
HMI_Comfort_HMI_Logic_and_Flow_R1_SR24_Post_3A_CR24879_(September_25_2023)_16.2"
T50	NR1L-ComfortHMI-389	R-C48(amend)	1	0
U50	NR1L-ComfortHMI-389	R-C48(amend)	1	0
W50	NR1L-ComfortHMI-389	R-C48(amend)	1	0
X50	NR1L-ComfortHMI-389	R-C48(amend)	1	0
N51	NR1L-ComfortHMI-050	R-C49(amend)	HMI_Comfort_HMI_Logic_and_Flow_R1_SR24_Post_3A_CR24879_(September_25_2023)_2.6、2.14、16.2	"HMI_Comfort_HMI_Logic_and_Flow_R1_SR24_Post_3A_CR24879_(September_25_2023)_2.6
HMI_Comfort_HMI_Logic_and_Flow_R1_SR24_Post_3A_CR24879_(September_25_2023)_2.14
HMI_Comfort_HMI_Logic_and_Flow_R1_SR24_Post_3A_CR24879_(September_25_2023)_16.2"
T51	NR1L-ComfortHMI-050	R-C48(amend)	1	0
U51	NR1L-ComfortHMI-050	R-C48(amend)	1	0
W51	NR1L-ComfortHMI-050	R-C48(amend)	1	0
X51	NR1L-ComfortHMI-050	R-C48(amend)	1	0
N52	NR1L-ComfortHMI-051	R-C49(amend)	HMI_Comfort_HMI_Logic_and_Flow_R1_SR24_Post_3A_CR24879_(September_25_2023)_2.6、2.14、16.2	"HMI_Comfort_HMI_Logic_and_Flow_R1_SR24_Post_3A_CR24879_(September_25_2023)_2.6
HMI_Comfort_HMI_Logic_and_Flow_R1_SR24_Post_3A_CR24879_(September_25_2023)_2.14
HMI_Comfort_HMI_Logic_and_Flow_R1_SR24_Post_3A_CR24879_(September_25_2023)_16.2"
T52	NR1L-ComfortHMI-051	R-C48(amend)	1	0
U52	NR1L-ComfortHMI-051	R-C48(amend)	1	0
W52	NR1L-ComfortHMI-051	R-C48(amend)	1	0
X52	NR1L-ComfortHMI-051	R-C48(amend)	1	0
N53	NR1L-ComfortHMI-052	R-C49(amend)	HMI_Comfort_HMI_Logic_and_Flow_R1_SR24_Post_3A_CR24879_(September_25_2023)_2.6、2.14、16.2	"HMI_Comfort_HMI_Logic_and_Flow_R1_SR24_Post_3A_CR24879_(September_25_2023)_2.6
HMI_Comfort_HMI_Logic_and_Flow_R1_SR24_Post_3A_CR24879_(September_25_2023)_2.14
HMI_Comfort_HMI_Logic_and_Flow_R1_SR24_Post_3A_CR24879_(September_25_2023)_16.2"
T53	NR1L-ComfortHMI-052	R-C48(amend)	1	0
U53	NR1L-ComfortHMI-052	R-C48(amend)	1	0
W53	NR1L-ComfortHMI-052	R-C48(amend)	1	0
X53	NR1L-ComfortHMI-052	R-C48(amend)	1	0
L54	NR1L-ComfortHMI-053	M7	"1. Turn SYNC on
2. Change the driver temperature"	"1. Turn ""SYNC"" on
2. Change the driver temperature"
N54	NR1L-ComfortHMI-053	R-C49(amend)	HMI_Comfort_HMI_Logic_and_Flow_R1_SR24_Post_3A_CR24879_(September_25_2023)_2.6.1、2.14、16.2、2.11	"HMI_Comfort_HMI_Logic_and_Flow_R1_SR24_Post_3A_CR24879_(September_25_2023)_2.6.1
HMI_Comfort_HMI_Logic_and_Flow_R1_SR24_Post_3A_CR24879_(September_25_2023)_2.11
HMI_Comfort_HMI_Logic_and_Flow_R1_SR24_Post_3A_CR24879_(September_25_2023)_2.14
HMI_Comfort_HMI_Logic_and_Flow_R1_SR24_Post_3A_CR24879_(September_25_2023)_16.2"
T54	NR1L-ComfortHMI-053	R-C48(amend)	1	0
U54	NR1L-ComfortHMI-053	R-C48(amend)	1	0
W54	NR1L-ComfortHMI-053	R-C48(amend)	1	0
X54	NR1L-ComfortHMI-053	R-C48(amend)	1	0
L55	NR1L-ComfortHMI-054	M7	"1. Turn SYNC on
2. Change the passenger temperature"	"1. Turn ""SYNC"" on
2. Change the passenger temperature"
N55	NR1L-ComfortHMI-054	R-C49(amend)	HMI_Comfort_HMI_Logic_and_Flow_R1_SR24_Post_3A_CR24879_(September_25_2023)_2.6.1、2.14、16.2、2.11	"HMI_Comfort_HMI_Logic_and_Flow_R1_SR24_Post_3A_CR24879_(September_25_2023)_2.6.1
HMI_Comfort_HMI_Logic_and_Flow_R1_SR24_Post_3A_CR24879_(September_25_2023)_2.11
HMI_Comfort_HMI_Logic_and_Flow_R1_SR24_Post_3A_CR24879_(September_25_2023)_2.14
HMI_Comfort_HMI_Logic_and_Flow_R1_SR24_Post_3A_CR24879_(September_25_2023)_16.2"
T55	NR1L-ComfortHMI-054	R-C48(amend)	1	0
U55	NR1L-ComfortHMI-054	R-C48(amend)	1	0
W55	NR1L-ComfortHMI-054	R-C48(amend)	1	0
X55	NR1L-ComfortHMI-054	R-C48(amend)	1	0
N56	NR1L-ComfortHMI-055	R-C49(amend)	HMI_Comfort_HMI_Logic_and_Flow_R1_SR24_Post_3A_CR24879_(September_25_2023)_2.6.1、2.14、16.2	"HMI_Comfort_HMI_Logic_and_Flow_R1_SR24_Post_3A_CR24879_(September_25_2023)_2.6.1
HMI_Comfort_HMI_Logic_and_Flow_R1_SR24_Post_3A_CR24879_(September_25_2023)_2.14
HMI_Comfort_HMI_Logic_and_Flow_R1_SR24_Post_3A_CR24879_(September_25_2023)_16.2"
T56	NR1L-ComfortHMI-055	R-C48(amend)	1	0
U56	NR1L-ComfortHMI-055	R-C48(amend)	1	0
W56	NR1L-ComfortHMI-055	R-C48(amend)	1	0
X56	NR1L-ComfortHMI-055	R-C48(amend)	1	0
N57	NR1L-ComfortHMI-390	R-C49(amend)	HMI_Comfort_HMI_Logic_and_Flow_R1_SR24_Post_3A_CR24879_(September_25_2023)_2.6.1、2.14、16.2	"HMI_Comfort_HMI_Logic_and_Flow_R1_SR24_Post_3A_CR24879_(September_25_2023)_2.6.1
HMI_Comfort_HMI_Logic_and_Flow_R1_SR24_Post_3A_CR24879_(September_25_2023)_2.14
HMI_Comfort_HMI_Logic_and_Flow_R1_SR24_Post_3A_CR24879_(September_25_2023)_16.2"
T57	NR1L-ComfortHMI-390	R-C48(amend)	1	0
U57	NR1L-ComfortHMI-390	R-C48(amend)	1	0
W57	NR1L-ComfortHMI-390	R-C48(amend)	1	0
X57	NR1L-ComfortHMI-390	R-C48(amend)	1	0
L58	NR1L-ComfortHMI-056	§3 slim	"1. Long-press the temperature up arrow on the climate screen
2. Long-press the temperature hard control"	"1. Read the temperature shown on the climate screen and record it
2. Long-press the temperature hard control"
M58	NR1L-ComfortHMI-056	§3 slim	"1. The temperature changes with a fast move
2. The temperature changes with a fast move"	"1. The climate screen shows the current temperature
2. The temperature changes with a fast move"
N58	NR1L-ComfortHMI-056	R-C49(amend)	HMI_Comfort_HMI_Logic_and_Flow_R1_SR24_Post_3A_CR24879_(September_25_2023)_2.6.1、2.14、16.2	"HMI_Comfort_HMI_Logic_and_Flow_R1_SR24_Post_3A_CR24879_(September_25_2023)_2.6.1
HMI_Comfort_HMI_Logic_and_Flow_R1_SR24_Post_3A_CR24879_(September_25_2023)_2.14
HMI_Comfort_HMI_Logic_and_Flow_R1_SR24_Post_3A_CR24879_(September_25_2023)_16.2"
T58	NR1L-ComfortHMI-056	R-C48(amend)	1	0
U58	NR1L-ComfortHMI-056	R-C48(amend)	1	0
W58	NR1L-ComfortHMI-056	R-C48(amend)	1	0
X58	NR1L-ComfortHMI-056	R-C48(amend)	1	0
L59	NR1L-ComfortHMI-057	M9-Note	"1. Note the temperature shown on the climate screen
2. Touch a spot in the temperature slider bar"	"1. Read the temperature shown on the climate screen and record it
2. Touch a spot in the temperature slider bar"
N59	NR1L-ComfortHMI-057	R-C49(amend)	HMI_Comfort_HMI_Logic_and_Flow_R1_SR24_Post_3A_CR24879_(September_25_2023)_2.6.1、2.14、16.2	"HMI_Comfort_HMI_Logic_and_Flow_R1_SR24_Post_3A_CR24879_(September_25_2023)_2.6.1
HMI_Comfort_HMI_Logic_and_Flow_R1_SR24_Post_3A_CR24879_(September_25_2023)_2.14
HMI_Comfort_HMI_Logic_and_Flow_R1_SR24_Post_3A_CR24879_(September_25_2023)_16.2"
T59	NR1L-ComfortHMI-057	R-C48(amend)	1	0
U59	NR1L-ComfortHMI-057	R-C48(amend)	1	0
W59	NR1L-ComfortHMI-057	R-C48(amend)	1	0
X59	NR1L-ComfortHMI-057	R-C48(amend)	1	0
L60	NR1L-ComfortHMI-391	M9-Note	"1. Note the temperature shown on the climate screen
2. Set the temperature to a value by voice command"	"1. Read the temperature shown on the climate screen and record it
2. Set the temperature to a value by voice command"
N60	NR1L-ComfortHMI-391	R-C49(amend)	HMI_Comfort_HMI_Logic_and_Flow_R1_SR24_Post_3A_CR24879_(September_25_2023)_2.6.1、2.14、16.2	"HMI_Comfort_HMI_Logic_and_Flow_R1_SR24_Post_3A_CR24879_(September_25_2023)_2.6.1
HMI_Comfort_HMI_Logic_and_Flow_R1_SR24_Post_3A_CR24879_(September_25_2023)_2.14
HMI_Comfort_HMI_Logic_and_Flow_R1_SR24_Post_3A_CR24879_(September_25_2023)_16.2"
T60	NR1L-ComfortHMI-391	R-C48(amend)	1	0
U60	NR1L-ComfortHMI-391	R-C48(amend)	1	0
W60	NR1L-ComfortHMI-391	R-C48(amend)	1	0
X60	NR1L-ComfortHMI-391	R-C48(amend)	1	0
L61	NR1L-ComfortHMI-058	M9-Note	"1. Note the temperature slider position
2. Press the temperature slider handle and move it"	"1. Read the temperature slider position and record it
2. Press the temperature slider handle and move it"
N61	NR1L-ComfortHMI-058	R-C49(amend)	HMI_Comfort_HMI_Logic_and_Flow_R1_SR24_Post_3A_CR24879_(September_25_2023)_2.6.1、2.14、16.2	"HMI_Comfort_HMI_Logic_and_Flow_R1_SR24_Post_3A_CR24879_(September_25_2023)_2.6.1
HMI_Comfort_HMI_Logic_and_Flow_R1_SR24_Post_3A_CR24879_(September_25_2023)_2.14
HMI_Comfort_HMI_Logic_and_Flow_R1_SR24_Post_3A_CR24879_(September_25_2023)_16.2"
T61	NR1L-ComfortHMI-058	R-C48(amend)	1	0
U61	NR1L-ComfortHMI-058	R-C48(amend)	1	0
W61	NR1L-ComfortHMI-058	R-C48(amend)	1	0
X61	NR1L-ComfortHMI-058	R-C48(amend)	1	0
N62	NR1L-ComfortHMI-392	R-C49(amend)	HMI_Comfort_HMI_Logic_and_Flow_R1_SR24_Post_3A_CR24879_(September_25_2023)_2.6.1、2.14、16.2	"HMI_Comfort_HMI_Logic_and_Flow_R1_SR24_Post_3A_CR24879_(September_25_2023)_2.6.1
HMI_Comfort_HMI_Logic_and_Flow_R1_SR24_Post_3A_CR24879_(September_25_2023)_2.14
HMI_Comfort_HMI_Logic_and_Flow_R1_SR24_Post_3A_CR24879_(September_25_2023)_16.2"
T62	NR1L-ComfortHMI-392	R-C48(amend)	1	0
U62	NR1L-ComfortHMI-392	R-C48(amend)	1	0
W62	NR1L-ComfortHMI-392	R-C48(amend)	1	0
X62	NR1L-ComfortHMI-392	R-C48(amend)	1	0
N63	NR1L-ComfortHMI-059	R-C49(amend)	HMI_Comfort_HMI_Logic_and_Flow_R1_SR24_Post_3A_CR24879_(September_25_2023)_2.7、2.14、16.2、6.3	"HMI_Comfort_HMI_Logic_and_Flow_R1_SR24_Post_3A_CR24879_(September_25_2023)_2.7
HMI_Comfort_HMI_Logic_and_Flow_R1_SR24_Post_3A_CR24879_(September_25_2023)_2.14
HMI_Comfort_HMI_Logic_and_Flow_R1_SR24_Post_3A_CR24879_(September_25_2023)_6.3
HMI_Comfort_HMI_Logic_and_Flow_R1_SR24_Post_3A_CR24879_(September_25_2023)_16.2"
T63	NR1L-ComfortHMI-059	R-C48(amend)	1	0
U63	NR1L-ComfortHMI-059	R-C48(amend)	1	0
W63	NR1L-ComfortHMI-059	R-C48(amend)	1	0
X63	NR1L-ComfortHMI-059	R-C48(amend)	1	0
N64	NR1L-ComfortHMI-060	R-C49(amend)	HMI_Comfort_HMI_Logic_and_Flow_R1_SR24_Post_3A_CR24879_(September_25_2023)_2.7、2.14、16.2	"HMI_Comfort_HMI_Logic_and_Flow_R1_SR24_Post_3A_CR24879_(September_25_2023)_2.7
HMI_Comfort_HMI_Logic_and_Flow_R1_SR24_Post_3A_CR24879_(September_25_2023)_2.14
HMI_Comfort_HMI_Logic_and_Flow_R1_SR24_Post_3A_CR24879_(September_25_2023)_16.2"
T64	NR1L-ComfortHMI-060	R-C48(amend)	1	0
U64	NR1L-ComfortHMI-060	R-C48(amend)	1	0
W64	NR1L-ComfortHMI-060	R-C48(amend)	1	0
X64	NR1L-ComfortHMI-060	R-C48(amend)	1	0
L65	NR1L-ComfortHMI-061	M9-Note	"1. Note the fan speed shown on the climate screen
2. Press the fan up button on the climate screen"	"1. Read the fan speed shown on the climate screen and record it
2. Press the fan up button on the climate screen"
N65	NR1L-ComfortHMI-061	R-C49(amend)	HMI_Comfort_HMI_Logic_and_Flow_R1_SR24_Post_3A_CR24879_(September_25_2023)_2.7、2.14、16.2	"HMI_Comfort_HMI_Logic_and_Flow_R1_SR24_Post_3A_CR24879_(September_25_2023)_2.7
HMI_Comfort_HMI_Logic_and_Flow_R1_SR24_Post_3A_CR24879_(September_25_2023)_2.14
HMI_Comfort_HMI_Logic_and_Flow_R1_SR24_Post_3A_CR24879_(September_25_2023)_16.2"
T65	NR1L-ComfortHMI-061	R-C48(amend)	1	0
U65	NR1L-ComfortHMI-061	R-C48(amend)	1	0
W65	NR1L-ComfortHMI-061	R-C48(amend)	1	0
X65	NR1L-ComfortHMI-061	R-C48(amend)	1	0
L66	NR1L-ComfortHMI-393	M9-Note	"1. Note the fan speed shown on the climate screen
2. Touch a fan segment on the climate screen"	"1. Read the fan speed shown on the climate screen and record it
2. Touch a fan segment on the climate screen"
N66	NR1L-ComfortHMI-393	R-C49(amend)	HMI_Comfort_HMI_Logic_and_Flow_R1_SR24_Post_3A_CR24879_(September_25_2023)_2.7、2.14、16.2	"HMI_Comfort_HMI_Logic_and_Flow_R1_SR24_Post_3A_CR24879_(September_25_2023)_2.7
HMI_Comfort_HMI_Logic_and_Flow_R1_SR24_Post_3A_CR24879_(September_25_2023)_2.14
HMI_Comfort_HMI_Logic_and_Flow_R1_SR24_Post_3A_CR24879_(September_25_2023)_16.2"
T66	NR1L-ComfortHMI-393	R-C48(amend)	1	0
U66	NR1L-ComfortHMI-393	R-C48(amend)	1	0
W66	NR1L-ComfortHMI-393	R-C48(amend)	1	0
X66	NR1L-ComfortHMI-393	R-C48(amend)	1	0
L67	NR1L-ComfortHMI-394	M9-Note	"1. Note the fan speed shown on the climate screen
2. Slide across the fan segments on the climate screen"	"1. Read the fan speed shown on the climate screen and record it
2. Slide across the fan segments on the climate screen"
N67	NR1L-ComfortHMI-394	R-C49(amend)	HMI_Comfort_HMI_Logic_and_Flow_R1_SR24_Post_3A_CR24879_(September_25_2023)_2.7、2.14、16.2	"HMI_Comfort_HMI_Logic_and_Flow_R1_SR24_Post_3A_CR24879_(September_25_2023)_2.7
HMI_Comfort_HMI_Logic_and_Flow_R1_SR24_Post_3A_CR24879_(September_25_2023)_2.14
HMI_Comfort_HMI_Logic_and_Flow_R1_SR24_Post_3A_CR24879_(September_25_2023)_16.2"
T67	NR1L-ComfortHMI-394	R-C48(amend)	1	0
U67	NR1L-ComfortHMI-394	R-C48(amend)	1	0
W67	NR1L-ComfortHMI-394	R-C48(amend)	1	0
X67	NR1L-ComfortHMI-394	R-C48(amend)	1	0
L68	NR1L-ComfortHMI-062	M9-Note	"1. Note the fan speed shown on the climate screen
2. Press the fan down button on the climate screen repeatedly until the fan speed stops decreasing"	"1. Read the fan speed shown on the climate screen and record it
2. Press the fan down button on the climate screen repeatedly until the fan speed stops decreasing"
N68	NR1L-ComfortHMI-062	R-C49(amend)	HMI_Comfort_HMI_Logic_and_Flow_R1_SR24_Post_3A_CR24879_(September_25_2023)_2.7、2.14、16.2	"HMI_Comfort_HMI_Logic_and_Flow_R1_SR24_Post_3A_CR24879_(September_25_2023)_2.7
HMI_Comfort_HMI_Logic_and_Flow_R1_SR24_Post_3A_CR24879_(September_25_2023)_2.14
HMI_Comfort_HMI_Logic_and_Flow_R1_SR24_Post_3A_CR24879_(September_25_2023)_16.2"
T68	NR1L-ComfortHMI-062	R-C48(amend)	1	0
U68	NR1L-ComfortHMI-062	R-C48(amend)	1	0
W68	NR1L-ComfortHMI-062	R-C48(amend)	1	0
X68	NR1L-ComfortHMI-062	R-C48(amend)	1	0
L69	NR1L-ComfortHMI-395	M9-Note	"1. Note the fan speed shown on the climate screen
2. Turn the fan speed hard control down repeatedly until the fan speed stops decreasing"	"1. Read the fan speed shown on the climate screen and record it
2. Turn the fan speed hard control down repeatedly until the fan speed stops decreasing"
N69	NR1L-ComfortHMI-395	R-C49(amend)	HMI_Comfort_HMI_Logic_and_Flow_R1_SR24_Post_3A_CR24879_(September_25_2023)_2.7、2.14、16.2	"HMI_Comfort_HMI_Logic_and_Flow_R1_SR24_Post_3A_CR24879_(September_25_2023)_2.7
HMI_Comfort_HMI_Logic_and_Flow_R1_SR24_Post_3A_CR24879_(September_25_2023)_2.14
HMI_Comfort_HMI_Logic_and_Flow_R1_SR24_Post_3A_CR24879_(September_25_2023)_16.2"
T69	NR1L-ComfortHMI-395	R-C48(amend)	1	0
U69	NR1L-ComfortHMI-395	R-C48(amend)	1	0
W69	NR1L-ComfortHMI-395	R-C48(amend)	1	0
X69	NR1L-ComfortHMI-395	R-C48(amend)	1	0
N70	NR1L-ComfortHMI-063	R-C49(amend)	HMI_Comfort_HMI_Logic_and_Flow_R1_SR24_Post_3A_CR24879_(September_25_2023)_2.7、2.14、16.2	"HMI_Comfort_HMI_Logic_and_Flow_R1_SR24_Post_3A_CR24879_(September_25_2023)_2.7
HMI_Comfort_HMI_Logic_and_Flow_R1_SR24_Post_3A_CR24879_(September_25_2023)_2.14
HMI_Comfort_HMI_Logic_and_Flow_R1_SR24_Post_3A_CR24879_(September_25_2023)_16.2"
T70	NR1L-ComfortHMI-063	R-C48(amend)	1	0
U70	NR1L-ComfortHMI-063	R-C48(amend)	1	0
W70	NR1L-ComfortHMI-063	R-C48(amend)	1	0
X70	NR1L-ComfortHMI-063	R-C48(amend)	1	0
N71	NR1L-ComfortHMI-066	R-C49(amend)	HMI_Comfort_HMI_Logic_and_Flow_R1_SR24_Post_3A_CR24879_(September_25_2023)_2.7.1、2.7、2.14	"HMI_Comfort_HMI_Logic_and_Flow_R1_SR24_Post_3A_CR24879_(September_25_2023)_2.7.1
HMI_Comfort_HMI_Logic_and_Flow_R1_SR24_Post_3A_CR24879_(September_25_2023)_2.7
HMI_Comfort_HMI_Logic_and_Flow_R1_SR24_Post_3A_CR24879_(September_25_2023)_2.14"
T71	NR1L-ComfortHMI-066	R-C48(amend)	1	0
U71	NR1L-ComfortHMI-066	R-C48(amend)	1	0
W71	NR1L-ComfortHMI-066	R-C48(amend)	1	0
X71	NR1L-ComfortHMI-066	R-C48(amend)	1	0
N72	NR1L-ComfortHMI-153	R-C49(amend)	HMI_Comfort_HMI_Logic_and_Flow_R1_SR24_Post_3A_CR24879_(September_25_2023)_2.8、2.14、16.2、6.3	"HMI_Comfort_HMI_Logic_and_Flow_R1_SR24_Post_3A_CR24879_(September_25_2023)_2.8
HMI_Comfort_HMI_Logic_and_Flow_R1_SR24_Post_3A_CR24879_(September_25_2023)_2.14
HMI_Comfort_HMI_Logic_and_Flow_R1_SR24_Post_3A_CR24879_(September_25_2023)_6.3
HMI_Comfort_HMI_Logic_and_Flow_R1_SR24_Post_3A_CR24879_(September_25_2023)_16.2"
T72	NR1L-ComfortHMI-153	R-C48(amend)	1	0
U72	NR1L-ComfortHMI-153	R-C48(amend)	1	0
W72	NR1L-ComfortHMI-153	R-C48(amend)	1	0
X72	NR1L-ComfortHMI-153	R-C48(amend)	1	0
N73	NR1L-ComfortHMI-154	R-C49(amend)	HMI_Comfort_HMI_Logic_and_Flow_R1_SR24_Post_3A_CR24879_(September_25_2023)_2.8、2.14、16.2、6.3	"HMI_Comfort_HMI_Logic_and_Flow_R1_SR24_Post_3A_CR24879_(September_25_2023)_2.8
HMI_Comfort_HMI_Logic_and_Flow_R1_SR24_Post_3A_CR24879_(September_25_2023)_2.14
HMI_Comfort_HMI_Logic_and_Flow_R1_SR24_Post_3A_CR24879_(September_25_2023)_6.3
HMI_Comfort_HMI_Logic_and_Flow_R1_SR24_Post_3A_CR24879_(September_25_2023)_16.2"
T73	NR1L-ComfortHMI-154	R-C48(amend)	1	0
U73	NR1L-ComfortHMI-154	R-C48(amend)	1	0
W73	NR1L-ComfortHMI-154	R-C48(amend)	1	0
X73	NR1L-ComfortHMI-154	R-C48(amend)	1	0
L74	NR1L-ComfortHMI-155	M9-Note	"1. Note the fan speed on the climate screen
2. Turn ""FRONT DEF"" on and read the fan speed"	"1. Read the fan speed on the climate screen and record it
2. Turn ""FRONT DEF"" on and read the fan speed"
N74	NR1L-ComfortHMI-155	R-C49(amend)	HMI_Comfort_HMI_Logic_and_Flow_R1_SR24_Post_3A_CR24879_(September_25_2023)_2.8、2.14、16.2、6.3	"HMI_Comfort_HMI_Logic_and_Flow_R1_SR24_Post_3A_CR24879_(September_25_2023)_2.8
HMI_Comfort_HMI_Logic_and_Flow_R1_SR24_Post_3A_CR24879_(September_25_2023)_2.14
HMI_Comfort_HMI_Logic_and_Flow_R1_SR24_Post_3A_CR24879_(September_25_2023)_6.3
HMI_Comfort_HMI_Logic_and_Flow_R1_SR24_Post_3A_CR24879_(September_25_2023)_16.2"
T74	NR1L-ComfortHMI-155	R-C48(amend)	1	0
U74	NR1L-ComfortHMI-155	R-C48(amend)	1	0
W74	NR1L-ComfortHMI-155	R-C48(amend)	1	0
X74	NR1L-ComfortHMI-155	R-C48(amend)	1	0
N75	NR1L-ComfortHMI-156	R-C49(amend)	HMI_Comfort_HMI_Logic_and_Flow_R1_SR24_Post_3A_CR24879_(September_25_2023)_2.8、2.14、16.2、6.3	"HMI_Comfort_HMI_Logic_and_Flow_R1_SR24_Post_3A_CR24879_(September_25_2023)_2.8
HMI_Comfort_HMI_Logic_and_Flow_R1_SR24_Post_3A_CR24879_(September_25_2023)_2.14
HMI_Comfort_HMI_Logic_and_Flow_R1_SR24_Post_3A_CR24879_(September_25_2023)_6.3
HMI_Comfort_HMI_Logic_and_Flow_R1_SR24_Post_3A_CR24879_(September_25_2023)_16.2"
T75	NR1L-ComfortHMI-156	R-C48(amend)	1	0
U75	NR1L-ComfortHMI-156	R-C48(amend)	1	0
W75	NR1L-ComfortHMI-156	R-C48(amend)	1	0
X75	NR1L-ComfortHMI-156	R-C48(amend)	1	0
I76	NR1L-ComfortHMI-157	M7	"Turning Defrost on while in Auto will break Auto and turn it off.

(turn AUTO on and read the ""FRONT DEF"" button -> The ""FRONT DEF"" button is no longer highlighted)"	"Turning Defrost on while in Auto will break Auto and turn it off.

(turn ""AUTO"" on and read the ""FRONT DEF"" button -> The ""FRONT DEF"" button is no longer highlighted)"
L76	NR1L-ComfortHMI-157	M7	"1. Turn ""FRONT DEF"" on from the climate screen
2. Turn AUTO on and read the ""FRONT DEF"" button"	"1. Turn ""FRONT DEF"" on from the climate screen
2. Turn ""AUTO"" on and read the ""FRONT DEF"" button"
N76	NR1L-ComfortHMI-157	R-C49(amend)	HMI_Comfort_HMI_Logic_and_Flow_R1_SR24_Post_3A_CR24879_(September_25_2023)_2.8、2.3、2.14、16.2、6.3	"HMI_Comfort_HMI_Logic_and_Flow_R1_SR24_Post_3A_CR24879_(September_25_2023)_2.8
HMI_Comfort_HMI_Logic_and_Flow_R1_SR24_Post_3A_CR24879_(September_25_2023)_2.3
HMI_Comfort_HMI_Logic_and_Flow_R1_SR24_Post_3A_CR24879_(September_25_2023)_2.14
HMI_Comfort_HMI_Logic_and_Flow_R1_SR24_Post_3A_CR24879_(September_25_2023)_6.3
HMI_Comfort_HMI_Logic_and_Flow_R1_SR24_Post_3A_CR24879_(September_25_2023)_16.2"
T76	NR1L-ComfortHMI-157	R-C48(amend)	1	0
U76	NR1L-ComfortHMI-157	R-C48(amend)	1	0
W76	NR1L-ComfortHMI-157	R-C48(amend)	1	0
X76	NR1L-ComfortHMI-157	R-C48(amend)	1	0
L77	NR1L-ComfortHMI-396	M7	"1. Turn AUTO on from the climate screen
2. Turn ""FRONT DEF"" on and read the ""AUTO"" button"	"1. Turn ""AUTO"" on from the climate screen
2. Turn ""FRONT DEF"" on and read the ""AUTO"" button"
N77	NR1L-ComfortHMI-396	R-C49(amend)	HMI_Comfort_HMI_Logic_and_Flow_R1_SR24_Post_3A_CR24879_(September_25_2023)_2.8、2.3、2.14、16.2、6.3	"HMI_Comfort_HMI_Logic_and_Flow_R1_SR24_Post_3A_CR24879_(September_25_2023)_2.8
HMI_Comfort_HMI_Logic_and_Flow_R1_SR24_Post_3A_CR24879_(September_25_2023)_2.3
HMI_Comfort_HMI_Logic_and_Flow_R1_SR24_Post_3A_CR24879_(September_25_2023)_2.14
HMI_Comfort_HMI_Logic_and_Flow_R1_SR24_Post_3A_CR24879_(September_25_2023)_6.3
HMI_Comfort_HMI_Logic_and_Flow_R1_SR24_Post_3A_CR24879_(September_25_2023)_16.2"
T77	NR1L-ComfortHMI-396	R-C48(amend)	1	0
U77	NR1L-ComfortHMI-396	R-C48(amend)	1	0
W77	NR1L-ComfortHMI-396	R-C48(amend)	1	0
X77	NR1L-ComfortHMI-396	R-C48(amend)	1	0
I78	NR1L-ComfortHMI-158	M6	"Therefore, gray out the RECIRC button when recirc availability status from CCM denotes that.

(set the recirc availability status from the CCM to unavailable and read the ""RECIRC"" button -> The ""RECIRC"" button is greyed out)"	"Therefore, gray out the RECIRC button when recirc availability status from CCM denotes that.

(read the ""RECIRC"" button on the climate screen -> The ""RECIRC"" button is greyed out)"
L78	NR1L-ComfortHMI-158	M6	"1. Turn ""FRONT DEF"" on from the climate screen
2. Set the recirc availability status from the CCM to unavailable and read the ""RECIRC"" button"	"1. Turn ""FRONT DEF"" on from the climate screen
2. PENDING: DR-46 DBC message and raw value for $RECIRC_STAT$ = ""not available/Blink""
3. Read the ""RECIRC"" button on the climate screen"
M78	NR1L-ComfortHMI-158	M6	"1. The ""FRONT DEF"" button is highlighted
2. The ""RECIRC"" button is greyed out"	"1. The ""FRONT DEF"" button is highlighted
2. The climate screen is displayed
3. The ""RECIRC"" button is greyed out"
N78	NR1L-ComfortHMI-158	R-C49(amend)	HMI_Comfort_HMI_Logic_and_Flow_R1_SR24_Post_3A_CR24879_(September_25_2023)_2.8、2.14、16.2、6.3	"HMI_Comfort_HMI_Logic_and_Flow_R1_SR24_Post_3A_CR24879_(September_25_2023)_2.8
HMI_Comfort_HMI_Logic_and_Flow_R1_SR24_Post_3A_CR24879_(September_25_2023)_2.14
HMI_Comfort_HMI_Logic_and_Flow_R1_SR24_Post_3A_CR24879_(September_25_2023)_6.3
HMI_Comfort_HMI_Logic_and_Flow_R1_SR24_Post_3A_CR24879_(September_25_2023)_16.2"
T78	NR1L-ComfortHMI-158	R-C48(amend)	1	0
U78	NR1L-ComfortHMI-158	R-C48(amend)	1	0
W78	NR1L-ComfortHMI-158	R-C48(amend)	1	0
X78	NR1L-ComfortHMI-158	R-C48(amend)	1	0
N79	NR1L-ComfortHMI-159	R-C49(amend)	HMI_Comfort_HMI_Logic_and_Flow_R1_SR24_Post_3A_CR24879_(September_25_2023)_2.9、3.4、2.14、16.2、6.3	"HMI_Comfort_HMI_Logic_and_Flow_R1_SR24_Post_3A_CR24879_(September_25_2023)_2.9
HMI_Comfort_HMI_Logic_and_Flow_R1_SR24_Post_3A_CR24879_(September_25_2023)_2.14
HMI_Comfort_HMI_Logic_and_Flow_R1_SR24_Post_3A_CR24879_(September_25_2023)_3.4
HMI_Comfort_HMI_Logic_and_Flow_R1_SR24_Post_3A_CR24879_(September_25_2023)_6.3
HMI_Comfort_HMI_Logic_and_Flow_R1_SR24_Post_3A_CR24879_(September_25_2023)_16.2"
T79	NR1L-ComfortHMI-159	R-C48(amend)	1	0
U79	NR1L-ComfortHMI-159	R-C48(amend)	1	0
W79	NR1L-ComfortHMI-159	R-C48(amend)	1	0
X79	NR1L-ComfortHMI-159	R-C48(amend)	1	0
L80	NR1L-ComfortHMI-160	M6	"1. Set the rear defrost availability status from the CCM to unavailable
2. Read the ""REAR DEFROST"" button on the climate screen"	"1. PENDING: DR-46 DBC message and raw value for $EBL_Stat$ = ""not available/Blink""
2. Read the ""REAR DEFROST"" button on the climate screen"
N80	NR1L-ComfortHMI-160	R-C49(amend)	HMI_Comfort_HMI_Logic_and_Flow_R1_SR24_Post_3A_CR24879_(September_25_2023)_2.9、3.4、2.14、16.2、6.3	"HMI_Comfort_HMI_Logic_and_Flow_R1_SR24_Post_3A_CR24879_(September_25_2023)_2.9
HMI_Comfort_HMI_Logic_and_Flow_R1_SR24_Post_3A_CR24879_(September_25_2023)_2.14
HMI_Comfort_HMI_Logic_and_Flow_R1_SR24_Post_3A_CR24879_(September_25_2023)_3.4
HMI_Comfort_HMI_Logic_and_Flow_R1_SR24_Post_3A_CR24879_(September_25_2023)_6.3
HMI_Comfort_HMI_Logic_and_Flow_R1_SR24_Post_3A_CR24879_(September_25_2023)_16.2"
T80	NR1L-ComfortHMI-160	R-C48(amend)	1	0
U80	NR1L-ComfortHMI-160	R-C48(amend)	1	0
W80	NR1L-ComfortHMI-160	R-C48(amend)	1	0
X80	NR1L-ComfortHMI-160	R-C48(amend)	1	0
L81	NR1L-ComfortHMI-161	M7	"1. Turn ""REAR DEFROST"" on from the climate screen
2. Turn AUTO on and read the ""REAR DEFROST"" button
3. Turn ""FRONT DEF"" on and read the ""REAR DEFROST"" button"	"1. Turn ""REAR DEFROST"" on from the climate screen
2. Turn ""AUTO"" on and read the ""REAR DEFROST"" button
3. Turn ""FRONT DEF"" on and read the ""REAR DEFROST"" button"
N81	NR1L-ComfortHMI-161	R-C49(amend)	HMI_Comfort_HMI_Logic_and_Flow_R1_SR24_Post_3A_CR24879_(September_25_2023)_2.9、3.4、2.14、16.2、6.3	"HMI_Comfort_HMI_Logic_and_Flow_R1_SR24_Post_3A_CR24879_(September_25_2023)_2.9
HMI_Comfort_HMI_Logic_and_Flow_R1_SR24_Post_3A_CR24879_(September_25_2023)_2.14
HMI_Comfort_HMI_Logic_and_Flow_R1_SR24_Post_3A_CR24879_(September_25_2023)_3.4
HMI_Comfort_HMI_Logic_and_Flow_R1_SR24_Post_3A_CR24879_(September_25_2023)_6.3
HMI_Comfort_HMI_Logic_and_Flow_R1_SR24_Post_3A_CR24879_(September_25_2023)_16.2"
T81	NR1L-ComfortHMI-161	R-C48(amend)	1	0
U81	NR1L-ComfortHMI-161	R-C48(amend)	1	0
W81	NR1L-ComfortHMI-161	R-C48(amend)	1	0
X81	NR1L-ComfortHMI-161	R-C48(amend)	1	0
N82	NR1L-ComfortHMI-162	R-C49(amend)	HMI_Comfort_HMI_Logic_and_Flow_R1_SR24_Post_3A_CR24879_(September_25_2023)_2.9、3.4、2.14、16.2、6.3	"HMI_Comfort_HMI_Logic_and_Flow_R1_SR24_Post_3A_CR24879_(September_25_2023)_2.9
HMI_Comfort_HMI_Logic_and_Flow_R1_SR24_Post_3A_CR24879_(September_25_2023)_2.14
HMI_Comfort_HMI_Logic_and_Flow_R1_SR24_Post_3A_CR24879_(September_25_2023)_3.4
HMI_Comfort_HMI_Logic_and_Flow_R1_SR24_Post_3A_CR24879_(September_25_2023)_6.3
HMI_Comfort_HMI_Logic_and_Flow_R1_SR24_Post_3A_CR24879_(September_25_2023)_16.2"
T82	NR1L-ComfortHMI-162	R-C48(amend)	1	0
U82	NR1L-ComfortHMI-162	R-C48(amend)	1	0
W82	NR1L-ComfortHMI-162	R-C48(amend)	1	0
X82	NR1L-ComfortHMI-162	R-C48(amend)	1	0
N83	NR1L-ComfortHMI-143	R-C49(amend)	HMI_Comfort_HMI_Logic_and_Flow_R1_SR24_Post_3A_CR24879_(September_25_2023)_2.10、2.14、16.2、6.3	"HMI_Comfort_HMI_Logic_and_Flow_R1_SR24_Post_3A_CR24879_(September_25_2023)_2.10
HMI_Comfort_HMI_Logic_and_Flow_R1_SR24_Post_3A_CR24879_(September_25_2023)_2.14
HMI_Comfort_HMI_Logic_and_Flow_R1_SR24_Post_3A_CR24879_(September_25_2023)_6.3
HMI_Comfort_HMI_Logic_and_Flow_R1_SR24_Post_3A_CR24879_(September_25_2023)_16.2"
T83	NR1L-ComfortHMI-143	R-C48(amend)	1	0
U83	NR1L-ComfortHMI-143	R-C48(amend)	1	0
W83	NR1L-ComfortHMI-143	R-C48(amend)	1	0
X83	NR1L-ComfortHMI-143	R-C48(amend)	1	0
N84	NR1L-ComfortHMI-144	R-C49(amend)	HMI_Comfort_HMI_Logic_and_Flow_R1_SR24_Post_3A_CR24879_(September_25_2023)_2.10、3.2、3.4、2.14、16.2、6.3	"HMI_Comfort_HMI_Logic_and_Flow_R1_SR24_Post_3A_CR24879_(September_25_2023)_2.10
HMI_Comfort_HMI_Logic_and_Flow_R1_SR24_Post_3A_CR24879_(September_25_2023)_2.14
HMI_Comfort_HMI_Logic_and_Flow_R1_SR24_Post_3A_CR24879_(September_25_2023)_3.2
HMI_Comfort_HMI_Logic_and_Flow_R1_SR24_Post_3A_CR24879_(September_25_2023)_3.4
HMI_Comfort_HMI_Logic_and_Flow_R1_SR24_Post_3A_CR24879_(September_25_2023)_6.3
HMI_Comfort_HMI_Logic_and_Flow_R1_SR24_Post_3A_CR24879_(September_25_2023)_16.2"
T84	NR1L-ComfortHMI-144	R-C48(amend)	1	0
U84	NR1L-ComfortHMI-144	R-C48(amend)	1	0
W84	NR1L-ComfortHMI-144	R-C48(amend)	1	0
X84	NR1L-ComfortHMI-144	R-C48(amend)	1	0
N85	NR1L-ComfortHMI-145	R-C49(amend)	HMI_Comfort_HMI_Logic_and_Flow_R1_SR24_Post_3A_CR24879_(September_25_2023)_2.10、2.14、16.2、6.3	"HMI_Comfort_HMI_Logic_and_Flow_R1_SR24_Post_3A_CR24879_(September_25_2023)_2.10
HMI_Comfort_HMI_Logic_and_Flow_R1_SR24_Post_3A_CR24879_(September_25_2023)_2.14
HMI_Comfort_HMI_Logic_and_Flow_R1_SR24_Post_3A_CR24879_(September_25_2023)_6.3
HMI_Comfort_HMI_Logic_and_Flow_R1_SR24_Post_3A_CR24879_(September_25_2023)_16.2"
T85	NR1L-ComfortHMI-145	R-C48(amend)	1	0
U85	NR1L-ComfortHMI-145	R-C48(amend)	1	0
W85	NR1L-ComfortHMI-145	R-C48(amend)	1	0
X85	NR1L-ComfortHMI-145	R-C48(amend)	1	0
N86	NR1L-ComfortHMI-146	R-C49(amend)	HMI_Comfort_HMI_Logic_and_Flow_R1_SR24_Post_3A_CR24879_(September_25_2023)_2.10、2.14、16.2、6.3	"HMI_Comfort_HMI_Logic_and_Flow_R1_SR24_Post_3A_CR24879_(September_25_2023)_2.10
HMI_Comfort_HMI_Logic_and_Flow_R1_SR24_Post_3A_CR24879_(September_25_2023)_2.14
HMI_Comfort_HMI_Logic_and_Flow_R1_SR24_Post_3A_CR24879_(September_25_2023)_6.3
HMI_Comfort_HMI_Logic_and_Flow_R1_SR24_Post_3A_CR24879_(September_25_2023)_16.2"
T86	NR1L-ComfortHMI-146	R-C48(amend)	1	0
U86	NR1L-ComfortHMI-146	R-C48(amend)	1	0
W86	NR1L-ComfortHMI-146	R-C48(amend)	1	0
X86	NR1L-ComfortHMI-146	R-C48(amend)	1	0
I87	NR1L-ComfortHMI-147	M9-compound	"If a user presses a temp/fan control to turn climate back on, the system reinstates to the last level of that feature and if Front/Max Defrost is selected, the climate system turns back on (does not happen with rear defrost, heated/vented seats or heated wheel).

(press the fan speed hard control up -> The climate system is on and the fan speed is at the level noted)"	"If a user presses a temp/fan control to turn climate back on, the system reinstates to the last level of that feature and if Front/Max Defrost is selected, the climate system turns back on (does not happen with rear defrost, heated/vented seats or heated wheel).

(press the fan speed hard control up -> The climate system is on and the fan speed is at the level recorded in step 1)"
L87	NR1L-ComfortHMI-147	M9-compound	"1. Note the fan speed, then turn the climate system off using the climate power button on the climate screen
2. Press the fan speed hard control up"	"1. Read the fan speed on the climate screen and record it
2. Turn the climate system off using the climate power button on the climate screen
3. Press the fan speed hard control up"
M87	NR1L-ComfortHMI-147	M9-compound	"1. The CLIMATE OFF screen is displayed
2. The climate system is on and the fan speed is at the level noted"	"1. The climate screen shows the current fan speed
2. The CLIMATE OFF screen is displayed
3. The climate system is on and the fan speed is at the level recorded in step 1"
N87	NR1L-ComfortHMI-147	R-C49(amend)	HMI_Comfort_HMI_Logic_and_Flow_R1_SR24_Post_3A_CR24879_(September_25_2023)_2.10、2.14、16.2、6.3	"HMI_Comfort_HMI_Logic_and_Flow_R1_SR24_Post_3A_CR24879_(September_25_2023)_2.10
HMI_Comfort_HMI_Logic_and_Flow_R1_SR24_Post_3A_CR24879_(September_25_2023)_2.14
HMI_Comfort_HMI_Logic_and_Flow_R1_SR24_Post_3A_CR24879_(September_25_2023)_6.3
HMI_Comfort_HMI_Logic_and_Flow_R1_SR24_Post_3A_CR24879_(September_25_2023)_16.2"
T87	NR1L-ComfortHMI-147	R-C48(amend)	1	0
U87	NR1L-ComfortHMI-147	R-C48(amend)	1	0
W87	NR1L-ComfortHMI-147	R-C48(amend)	1	0
X87	NR1L-ComfortHMI-147	R-C48(amend)	1	0
N88	NR1L-ComfortHMI-148	R-C49(amend)	HMI_Comfort_HMI_Logic_and_Flow_R1_SR24_Post_3A_CR24879_(September_25_2023)_2.10、2.14、16.2、6.3	"HMI_Comfort_HMI_Logic_and_Flow_R1_SR24_Post_3A_CR24879_(September_25_2023)_2.10
HMI_Comfort_HMI_Logic_and_Flow_R1_SR24_Post_3A_CR24879_(September_25_2023)_2.14
HMI_Comfort_HMI_Logic_and_Flow_R1_SR24_Post_3A_CR24879_(September_25_2023)_6.3
HMI_Comfort_HMI_Logic_and_Flow_R1_SR24_Post_3A_CR24879_(September_25_2023)_16.2"
T88	NR1L-ComfortHMI-148	R-C48(amend)	1	0
U88	NR1L-ComfortHMI-148	R-C48(amend)	1	0
W88	NR1L-ComfortHMI-148	R-C48(amend)	1	0
X88	NR1L-ComfortHMI-148	R-C48(amend)	1	0
N89	NR1L-ComfortHMI-149	R-C49(amend)	HMI_Comfort_HMI_Logic_and_Flow_R1_SR24_Post_3A_CR24879_(September_25_2023)_2.11、2.14、16.2、6.3	"HMI_Comfort_HMI_Logic_and_Flow_R1_SR24_Post_3A_CR24879_(September_25_2023)_2.11
HMI_Comfort_HMI_Logic_and_Flow_R1_SR24_Post_3A_CR24879_(September_25_2023)_2.14
HMI_Comfort_HMI_Logic_and_Flow_R1_SR24_Post_3A_CR24879_(September_25_2023)_6.3
HMI_Comfort_HMI_Logic_and_Flow_R1_SR24_Post_3A_CR24879_(September_25_2023)_16.2"
T89	NR1L-ComfortHMI-149	R-C48(amend)	1	0
U89	NR1L-ComfortHMI-149	R-C48(amend)	1	0
W89	NR1L-ComfortHMI-149	R-C48(amend)	1	0
X89	NR1L-ComfortHMI-149	R-C48(amend)	1	0
N90	NR1L-ComfortHMI-150	R-C49(amend)	HMI_Comfort_HMI_Logic_and_Flow_R1_SR24_Post_3A_CR24879_(September_25_2023)_2.11、2.14、16.2、6.3	"HMI_Comfort_HMI_Logic_and_Flow_R1_SR24_Post_3A_CR24879_(September_25_2023)_2.11
HMI_Comfort_HMI_Logic_and_Flow_R1_SR24_Post_3A_CR24879_(September_25_2023)_2.14
HMI_Comfort_HMI_Logic_and_Flow_R1_SR24_Post_3A_CR24879_(September_25_2023)_6.3
HMI_Comfort_HMI_Logic_and_Flow_R1_SR24_Post_3A_CR24879_(September_25_2023)_16.2"
T90	NR1L-ComfortHMI-150	R-C48(amend)	1	0
U90	NR1L-ComfortHMI-150	R-C48(amend)	1	0
W90	NR1L-ComfortHMI-150	R-C48(amend)	1	0
X90	NR1L-ComfortHMI-150	R-C48(amend)	1	0
N91	NR1L-ComfortHMI-151	R-C49(amend)	HMI_Comfort_HMI_Logic_and_Flow_R1_SR24_Post_3A_CR24879_(September_25_2023)_2.11、2.14、16.2、6.3	"HMI_Comfort_HMI_Logic_and_Flow_R1_SR24_Post_3A_CR24879_(September_25_2023)_2.11
HMI_Comfort_HMI_Logic_and_Flow_R1_SR24_Post_3A_CR24879_(September_25_2023)_2.14
HMI_Comfort_HMI_Logic_and_Flow_R1_SR24_Post_3A_CR24879_(September_25_2023)_6.3
HMI_Comfort_HMI_Logic_and_Flow_R1_SR24_Post_3A_CR24879_(September_25_2023)_16.2"
T91	NR1L-ComfortHMI-151	R-C48(amend)	1	0
U91	NR1L-ComfortHMI-151	R-C48(amend)	1	0
W91	NR1L-ComfortHMI-151	R-C48(amend)	1	0
X91	NR1L-ComfortHMI-151	R-C48(amend)	1	0
L92	NR1L-ComfortHMI-430	§3 slim	"1. Turn ""SYNC"" on from the climate screen
2. Change the fan speed from the climate screen
3. Change the airflow mode from the climate screen"	"1. Turn ""SYNC"" on from the climate screen
2. Change the airflow mode from the climate screen"
M92	NR1L-ComfortHMI-430	§3 slim	"1. The ""SYNC"" button is highlighted
2. The fan speed changes for the front and the rear passengers
3. The airflow mode changes for the front and the rear passengers"	"1. The ""SYNC"" button is highlighted
2. The airflow mode changes for the front and the rear passengers"
N92	NR1L-ComfortHMI-430	R-C49(amend)	HMI_Comfort_HMI_Logic_and_Flow_R1_SR24_Post_3A_CR24879_(September_25_2023)_2.11、2.14、16.2、6.3; CFTS043-HVAC Controls and Displays_Tree view_R1L-R scope_NEWR1L-53677	"CFTS043-HVAC Controls and Displays_Tree view_R1L-R scope_NEWR1L-53677
HMI_Comfort_HMI_Logic_and_Flow_R1_SR24_Post_3A_CR24879_(September_25_2023)_2.11
HMI_Comfort_HMI_Logic_and_Flow_R1_SR24_Post_3A_CR24879_(September_25_2023)_2.14
HMI_Comfort_HMI_Logic_and_Flow_R1_SR24_Post_3A_CR24879_(September_25_2023)_6.3
HMI_Comfort_HMI_Logic_and_Flow_R1_SR24_Post_3A_CR24879_(September_25_2023)_16.2"
T92	NR1L-ComfortHMI-430	R-C48(amend)	1	0
U92	NR1L-ComfortHMI-430	R-C48(amend)	1	0
W92	NR1L-ComfortHMI-430	R-C48(amend)	1	0
X92	NR1L-ComfortHMI-430	R-C48(amend)	1	0
N93	NR1L-ComfortHMI-431	R-C49(amend)	HMI_Comfort_HMI_Logic_and_Flow_R1_SR24_Post_3A_CR24879_(September_25_2023)_2.11、2.14、16.2、6.3; CFTS043-HVAC Controls and Displays_Tree view_R1L-R scope_NEWR1L-53677	"CFTS043-HVAC Controls and Displays_Tree view_R1L-R scope_NEWR1L-53677
HMI_Comfort_HMI_Logic_and_Flow_R1_SR24_Post_3A_CR24879_(September_25_2023)_2.11
HMI_Comfort_HMI_Logic_and_Flow_R1_SR24_Post_3A_CR24879_(September_25_2023)_2.14
HMI_Comfort_HMI_Logic_and_Flow_R1_SR24_Post_3A_CR24879_(September_25_2023)_6.3
HMI_Comfort_HMI_Logic_and_Flow_R1_SR24_Post_3A_CR24879_(September_25_2023)_16.2"
T93	NR1L-ComfortHMI-431	R-C48(amend)	1	0
U93	NR1L-ComfortHMI-431	R-C48(amend)	1	0
W93	NR1L-ComfortHMI-431	R-C48(amend)	1	0
X93	NR1L-ComfortHMI-431	R-C48(amend)	1	0
N94	NR1L-ComfortHMI-440	R-C49(amend)	HMI_Comfort_HMI_Logic_and_Flow_R1_SR24_Post_3A_CR24879_(September_25_2023)_2.12、2.14、16.2、6.3	"HMI_Comfort_HMI_Logic_and_Flow_R1_SR24_Post_3A_CR24879_(September_25_2023)_2.12
HMI_Comfort_HMI_Logic_and_Flow_R1_SR24_Post_3A_CR24879_(September_25_2023)_2.14
HMI_Comfort_HMI_Logic_and_Flow_R1_SR24_Post_3A_CR24879_(September_25_2023)_6.3
HMI_Comfort_HMI_Logic_and_Flow_R1_SR24_Post_3A_CR24879_(September_25_2023)_16.2"
T94	NR1L-ComfortHMI-440	R-C48(amend)	1	0
U94	NR1L-ComfortHMI-440	R-C48(amend)	1	0
W94	NR1L-ComfortHMI-440	R-C48(amend)	1	0
X94	NR1L-ComfortHMI-440	R-C48(amend)	1	0
N95	NR1L-ComfortHMI-441	R-C49(amend)	HMI_Comfort_HMI_Logic_and_Flow_R1_SR24_Post_3A_CR24879_(September_25_2023)_2.12、2.14、16.2、6.3	"HMI_Comfort_HMI_Logic_and_Flow_R1_SR24_Post_3A_CR24879_(September_25_2023)_2.12
HMI_Comfort_HMI_Logic_and_Flow_R1_SR24_Post_3A_CR24879_(September_25_2023)_2.14
HMI_Comfort_HMI_Logic_and_Flow_R1_SR24_Post_3A_CR24879_(September_25_2023)_6.3
HMI_Comfort_HMI_Logic_and_Flow_R1_SR24_Post_3A_CR24879_(September_25_2023)_16.2"
T95	NR1L-ComfortHMI-441	R-C48(amend)	1	0
U95	NR1L-ComfortHMI-441	R-C48(amend)	1	0
W95	NR1L-ComfortHMI-441	R-C48(amend)	1	0
X95	NR1L-ComfortHMI-441	R-C48(amend)	1	0
N96	NR1L-ComfortHMI-442	R-C49(amend)	HMI_Comfort_HMI_Logic_and_Flow_R1_SR24_Post_3A_CR24879_(September_25_2023)_2.12、2.14、16.2、6.3	"HMI_Comfort_HMI_Logic_and_Flow_R1_SR24_Post_3A_CR24879_(September_25_2023)_2.12
HMI_Comfort_HMI_Logic_and_Flow_R1_SR24_Post_3A_CR24879_(September_25_2023)_2.14
HMI_Comfort_HMI_Logic_and_Flow_R1_SR24_Post_3A_CR24879_(September_25_2023)_6.3
HMI_Comfort_HMI_Logic_and_Flow_R1_SR24_Post_3A_CR24879_(September_25_2023)_16.2"
T96	NR1L-ComfortHMI-442	R-C48(amend)	1	0
U96	NR1L-ComfortHMI-442	R-C48(amend)	1	0
W96	NR1L-ComfortHMI-442	R-C48(amend)	1	0
X96	NR1L-ComfortHMI-442	R-C48(amend)	1	0
N97	NR1L-ComfortHMI-443	R-C49(amend)	HMI_Comfort_HMI_Logic_and_Flow_R1_SR24_Post_3A_CR24879_(September_25_2023)_2.12、2.14、16.2、6.3	"HMI_Comfort_HMI_Logic_and_Flow_R1_SR24_Post_3A_CR24879_(September_25_2023)_2.12
HMI_Comfort_HMI_Logic_and_Flow_R1_SR24_Post_3A_CR24879_(September_25_2023)_2.14
HMI_Comfort_HMI_Logic_and_Flow_R1_SR24_Post_3A_CR24879_(September_25_2023)_6.3
HMI_Comfort_HMI_Logic_and_Flow_R1_SR24_Post_3A_CR24879_(September_25_2023)_16.2"
T97	NR1L-ComfortHMI-443	R-C48(amend)	1	0
U97	NR1L-ComfortHMI-443	R-C48(amend)	1	0
W97	NR1L-ComfortHMI-443	R-C48(amend)	1	0
X97	NR1L-ComfortHMI-443	R-C48(amend)	1	0
N98	NR1L-ComfortHMI-444	R-C49(amend)	HMI_Comfort_HMI_Logic_and_Flow_R1_SR24_Post_3A_CR24879_(September_25_2023)_2.12、2.14、16.2、6.3	"HMI_Comfort_HMI_Logic_and_Flow_R1_SR24_Post_3A_CR24879_(September_25_2023)_2.12
HMI_Comfort_HMI_Logic_and_Flow_R1_SR24_Post_3A_CR24879_(September_25_2023)_2.14
HMI_Comfort_HMI_Logic_and_Flow_R1_SR24_Post_3A_CR24879_(September_25_2023)_6.3
HMI_Comfort_HMI_Logic_and_Flow_R1_SR24_Post_3A_CR24879_(September_25_2023)_16.2"
T98	NR1L-ComfortHMI-444	R-C48(amend)	1	0
U98	NR1L-ComfortHMI-444	R-C48(amend)	1	0
W98	NR1L-ComfortHMI-444	R-C48(amend)	1	0
X98	NR1L-ComfortHMI-444	R-C48(amend)	1	0
N99	NR1L-ComfortHMI-445	R-C49(amend)	HMI_Comfort_HMI_Logic_and_Flow_R1_SR24_Post_3A_CR24879_(September_25_2023)_2.12、2.14、16.2、6.3	"HMI_Comfort_HMI_Logic_and_Flow_R1_SR24_Post_3A_CR24879_(September_25_2023)_2.12
HMI_Comfort_HMI_Logic_and_Flow_R1_SR24_Post_3A_CR24879_(September_25_2023)_2.14
HMI_Comfort_HMI_Logic_and_Flow_R1_SR24_Post_3A_CR24879_(September_25_2023)_6.3
HMI_Comfort_HMI_Logic_and_Flow_R1_SR24_Post_3A_CR24879_(September_25_2023)_16.2"
T99	NR1L-ComfortHMI-445	R-C48(amend)	1	0
U99	NR1L-ComfortHMI-445	R-C48(amend)	1	0
W99	NR1L-ComfortHMI-445	R-C48(amend)	1	0
X99	NR1L-ComfortHMI-445	R-C48(amend)	1	0
L100	NR1L-ComfortHMI-163	M7	"1. Select the Face airflow mode on the climate screen
2. Move to the next airflow mode four times, reading the mode after each"	"1. Select the ""Face"" airflow mode on the climate screen
2. Move to the next airflow mode four times, reading the mode after each"
N100	NR1L-ComfortHMI-163	R-C49(amend)	HMI_Comfort_HMI_Logic_and_Flow_R1_SR24_Post_3A_CR24879_(September_25_2023)_2.12.1、2.14、16.2、6.3	"HMI_Comfort_HMI_Logic_and_Flow_R1_SR24_Post_3A_CR24879_(September_25_2023)_2.12.1
HMI_Comfort_HMI_Logic_and_Flow_R1_SR24_Post_3A_CR24879_(September_25_2023)_2.14
HMI_Comfort_HMI_Logic_and_Flow_R1_SR24_Post_3A_CR24879_(September_25_2023)_6.3
HMI_Comfort_HMI_Logic_and_Flow_R1_SR24_Post_3A_CR24879_(September_25_2023)_16.2"
T100	NR1L-ComfortHMI-163	R-C48(amend)	1	0
U100	NR1L-ComfortHMI-163	R-C48(amend)	1	0
W100	NR1L-ComfortHMI-163	R-C48(amend)	1	0
X100	NR1L-ComfortHMI-163	R-C48(amend)	1	0
L101	NR1L-ComfortHMI-164	M7	"1. Select the Feet airflow mode on the climate screen
2. Select the Windshield airflow mode"	"1. Select the ""Feet"" airflow mode on the climate screen
2. Select the Windshield airflow mode"
N101	NR1L-ComfortHMI-164	R-C49(amend)	HMI_Comfort_HMI_Logic_and_Flow_R1_SR24_Post_3A_CR24879_(September_25_2023)_2.12.1、2.14、16.2、6.3	"HMI_Comfort_HMI_Logic_and_Flow_R1_SR24_Post_3A_CR24879_(September_25_2023)_2.12.1
HMI_Comfort_HMI_Logic_and_Flow_R1_SR24_Post_3A_CR24879_(September_25_2023)_2.14
HMI_Comfort_HMI_Logic_and_Flow_R1_SR24_Post_3A_CR24879_(September_25_2023)_6.3
HMI_Comfort_HMI_Logic_and_Flow_R1_SR24_Post_3A_CR24879_(September_25_2023)_16.2"
T101	NR1L-ComfortHMI-164	R-C48(amend)	1	0
U101	NR1L-ComfortHMI-164	R-C48(amend)	1	0
W101	NR1L-ComfortHMI-164	R-C48(amend)	1	0
X101	NR1L-ComfortHMI-164	R-C48(amend)	1	0
L102	NR1L-ComfortHMI-446	M7	"1. Set the airflow mode to Face
2. Press the Mode hard control once"	"1. Select the ""Face"" airflow mode
2. Press the Mode hard control once"
N102	NR1L-ComfortHMI-446	R-C49(amend)	HMI_Comfort_HMI_Logic_and_Flow_R1_SR24_Post_3A_CR24879_(September_25_2023)_2.12.2、2.12、2.14、16.2、6.3	"HMI_Comfort_HMI_Logic_and_Flow_R1_SR24_Post_3A_CR24879_(September_25_2023)_2.12.2
HMI_Comfort_HMI_Logic_and_Flow_R1_SR24_Post_3A_CR24879_(September_25_2023)_2.12
HMI_Comfort_HMI_Logic_and_Flow_R1_SR24_Post_3A_CR24879_(September_25_2023)_2.14
HMI_Comfort_HMI_Logic_and_Flow_R1_SR24_Post_3A_CR24879_(September_25_2023)_6.3
HMI_Comfort_HMI_Logic_and_Flow_R1_SR24_Post_3A_CR24879_(September_25_2023)_16.2"
T102	NR1L-ComfortHMI-446	R-C48(amend)	1	0
U102	NR1L-ComfortHMI-446	R-C48(amend)	1	0
W102	NR1L-ComfortHMI-446	R-C48(amend)	1	0
X102	NR1L-ComfortHMI-446	R-C48(amend)	1	0
N103	NR1L-ComfortHMI-447	R-C49(amend)	HMI_Comfort_HMI_Logic_and_Flow_R1_SR24_Post_3A_CR24879_(September_25_2023)_2.12.2、2.12、2.14、16.2、6.3	"HMI_Comfort_HMI_Logic_and_Flow_R1_SR24_Post_3A_CR24879_(September_25_2023)_2.12.2
HMI_Comfort_HMI_Logic_and_Flow_R1_SR24_Post_3A_CR24879_(September_25_2023)_2.12
HMI_Comfort_HMI_Logic_and_Flow_R1_SR24_Post_3A_CR24879_(September_25_2023)_2.14
HMI_Comfort_HMI_Logic_and_Flow_R1_SR24_Post_3A_CR24879_(September_25_2023)_6.3
HMI_Comfort_HMI_Logic_and_Flow_R1_SR24_Post_3A_CR24879_(September_25_2023)_16.2"
T103	NR1L-ComfortHMI-447	R-C48(amend)	1	0
U103	NR1L-ComfortHMI-447	R-C48(amend)	1	0
W103	NR1L-ComfortHMI-447	R-C48(amend)	1	0
X103	NR1L-ComfortHMI-447	R-C48(amend)	1	0
L104	NR1L-ComfortHMI-448	M7	"1. Set the airflow mode to Feet
2. Press the Mode hard control once"	"1. Select the ""Feet"" airflow mode
2. Press the Mode hard control once"
N104	NR1L-ComfortHMI-448	R-C49(amend)	HMI_Comfort_HMI_Logic_and_Flow_R1_SR24_Post_3A_CR24879_(September_25_2023)_2.12.2、2.12、2.14、16.2、6.3	"HMI_Comfort_HMI_Logic_and_Flow_R1_SR24_Post_3A_CR24879_(September_25_2023)_2.12.2
HMI_Comfort_HMI_Logic_and_Flow_R1_SR24_Post_3A_CR24879_(September_25_2023)_2.12
HMI_Comfort_HMI_Logic_and_Flow_R1_SR24_Post_3A_CR24879_(September_25_2023)_2.14
HMI_Comfort_HMI_Logic_and_Flow_R1_SR24_Post_3A_CR24879_(September_25_2023)_6.3
HMI_Comfort_HMI_Logic_and_Flow_R1_SR24_Post_3A_CR24879_(September_25_2023)_16.2"
T104	NR1L-ComfortHMI-448	R-C48(amend)	1	0
U104	NR1L-ComfortHMI-448	R-C48(amend)	1	0
W104	NR1L-ComfortHMI-448	R-C48(amend)	1	0
X104	NR1L-ComfortHMI-448	R-C48(amend)	1	0
N105	NR1L-ComfortHMI-449	R-C49(amend)	HMI_Comfort_HMI_Logic_and_Flow_R1_SR24_Post_3A_CR24879_(September_25_2023)_2.12.2、2.12、2.14、16.2、6.3	"HMI_Comfort_HMI_Logic_and_Flow_R1_SR24_Post_3A_CR24879_(September_25_2023)_2.12.2
HMI_Comfort_HMI_Logic_and_Flow_R1_SR24_Post_3A_CR24879_(September_25_2023)_2.12
HMI_Comfort_HMI_Logic_and_Flow_R1_SR24_Post_3A_CR24879_(September_25_2023)_2.14
HMI_Comfort_HMI_Logic_and_Flow_R1_SR24_Post_3A_CR24879_(September_25_2023)_6.3
HMI_Comfort_HMI_Logic_and_Flow_R1_SR24_Post_3A_CR24879_(September_25_2023)_16.2"
T105	NR1L-ComfortHMI-449	R-C48(amend)	1	0
U105	NR1L-ComfortHMI-449	R-C48(amend)	1	0
W105	NR1L-ComfortHMI-449	R-C48(amend)	1	0
X105	NR1L-ComfortHMI-449	R-C48(amend)	1	0
L106	NR1L-ComfortHMI-450	M7	"1. Set the airflow mode to Face
2. Press the Mode hard control four times, reading the airflow mode after each press"	"1. Select the ""Face"" airflow mode
2. Press the Mode hard control four times, reading the airflow mode after each press"
N106	NR1L-ComfortHMI-450	R-C49(amend)	HMI_Comfort_HMI_Logic_and_Flow_R1_SR24_Post_3A_CR24879_(September_25_2023)_2.12.2、2.12、2.14、16.2、6.3	"HMI_Comfort_HMI_Logic_and_Flow_R1_SR24_Post_3A_CR24879_(September_25_2023)_2.12.2
HMI_Comfort_HMI_Logic_and_Flow_R1_SR24_Post_3A_CR24879_(September_25_2023)_2.12
HMI_Comfort_HMI_Logic_and_Flow_R1_SR24_Post_3A_CR24879_(September_25_2023)_2.14
HMI_Comfort_HMI_Logic_and_Flow_R1_SR24_Post_3A_CR24879_(September_25_2023)_6.3
HMI_Comfort_HMI_Logic_and_Flow_R1_SR24_Post_3A_CR24879_(September_25_2023)_16.2"
T106	NR1L-ComfortHMI-450	R-C48(amend)	1	0
U106	NR1L-ComfortHMI-450	R-C48(amend)	1	0
W106	NR1L-ComfortHMI-450	R-C48(amend)	1	0
X106	NR1L-ComfortHMI-450	R-C48(amend)	1	0
L107	NR1L-ComfortHMI-451	M7	"1. Set the airflow mode to Face
2. Press and hold the Mode hard control"	"1. Select the ""Face"" airflow mode
2. Press and hold the Mode hard control"
N107	NR1L-ComfortHMI-451	R-C49(amend)	HMI_Comfort_HMI_Logic_and_Flow_R1_SR24_Post_3A_CR24879_(September_25_2023)_2.12.2、2.12、2.14、16.2、6.3	"HMI_Comfort_HMI_Logic_and_Flow_R1_SR24_Post_3A_CR24879_(September_25_2023)_2.12.2
HMI_Comfort_HMI_Logic_and_Flow_R1_SR24_Post_3A_CR24879_(September_25_2023)_2.12
HMI_Comfort_HMI_Logic_and_Flow_R1_SR24_Post_3A_CR24879_(September_25_2023)_2.14
HMI_Comfort_HMI_Logic_and_Flow_R1_SR24_Post_3A_CR24879_(September_25_2023)_6.3
HMI_Comfort_HMI_Logic_and_Flow_R1_SR24_Post_3A_CR24879_(September_25_2023)_16.2"
T107	NR1L-ComfortHMI-451	R-C48(amend)	1	0
U107	NR1L-ComfortHMI-451	R-C48(amend)	1	0
W107	NR1L-ComfortHMI-451	R-C48(amend)	1	0
X107	NR1L-ComfortHMI-451	R-C48(amend)	1	0
N108	NR1L-ComfortHMI-452	R-C49(amend)	HMI_Comfort_HMI_Logic_and_Flow_R1_SR24_Post_3A_CR24879_(September_25_2023)_2.12.2、2.12、2.14、16.2、6.3	"HMI_Comfort_HMI_Logic_and_Flow_R1_SR24_Post_3A_CR24879_(September_25_2023)_2.12.2
HMI_Comfort_HMI_Logic_and_Flow_R1_SR24_Post_3A_CR24879_(September_25_2023)_2.12
HMI_Comfort_HMI_Logic_and_Flow_R1_SR24_Post_3A_CR24879_(September_25_2023)_2.14
HMI_Comfort_HMI_Logic_and_Flow_R1_SR24_Post_3A_CR24879_(September_25_2023)_6.3
HMI_Comfort_HMI_Logic_and_Flow_R1_SR24_Post_3A_CR24879_(September_25_2023)_16.2"
T108	NR1L-ComfortHMI-452	R-C48(amend)	1	0
U108	NR1L-ComfortHMI-452	R-C48(amend)	1	0
W108	NR1L-ComfortHMI-452	R-C48(amend)	1	0
X108	NR1L-ComfortHMI-452	R-C48(amend)	1	0
I109	NR1L-ComfortHMI-453	R-C50+R-C50(amend)	"If the user is not on Climate main when pressing the Mode hard control a small pop-up will appear above the Climate main category control (timeout after 3 seconds of inactivity or as soon as another button except Mode HC is pressed), the user will not be shifted to climate main.

(press the Mode hard control once -> A small pop-up appears above the Climate main category control and the Climate main screen is still not displayed)"	"A small pop-up will appear above the Climate main category control (timeout after 3 seconds of inactivity or as soon as another button except Mode HC is pressed), the user will not be shifted to climate main.

(press the Mode hard control once -> A small pop-up appears above the Climate main category control and the Climate main screen is still not displayed)"
N109	NR1L-ComfortHMI-453	R-C49(amend)	HMI_Comfort_HMI_Logic_and_Flow_R1_SR24_Post_3A_CR24879_(September_25_2023)_2.12.2、2.12、2.14、16.2、6.3	"HMI_Comfort_HMI_Logic_and_Flow_R1_SR24_Post_3A_CR24879_(September_25_2023)_2.12.2
HMI_Comfort_HMI_Logic_and_Flow_R1_SR24_Post_3A_CR24879_(September_25_2023)_2.12
HMI_Comfort_HMI_Logic_and_Flow_R1_SR24_Post_3A_CR24879_(September_25_2023)_2.14
HMI_Comfort_HMI_Logic_and_Flow_R1_SR24_Post_3A_CR24879_(September_25_2023)_6.3
HMI_Comfort_HMI_Logic_and_Flow_R1_SR24_Post_3A_CR24879_(September_25_2023)_16.2"
T109	NR1L-ComfortHMI-453	R-C48(amend)	1	0
U109	NR1L-ComfortHMI-453	R-C48(amend)	1	0
W109	NR1L-ComfortHMI-453	R-C48(amend)	1	0
X109	NR1L-ComfortHMI-453	R-C48(amend)	1	0
I110	NR1L-ComfortHMI-454	R-C50+R-C50(amend)	"If the user is not on Climate main when pressing the Mode hard control a small pop-up will appear above the Climate main category control (timeout after 3 seconds of inactivity or as soon as another button except Mode HC is pressed), the user will not be shifted to climate main.

(do not interact with the head unit for 3 seconds -> The pop-up is no longer shown)"	"A small pop-up will appear above the Climate main category control (timeout after 3 seconds of inactivity or as soon as another button except Mode HC is pressed)

(do not interact with the head unit for 3 seconds -> The pop-up is no longer shown)"
L110	NR1L-ComfortHMI-454	M9-compound	"1. Open a screen other than Climate main and press the Mode hard control once
2. Do not interact with the head unit for 3 seconds"	"1. Open a screen other than Climate main
2. Press the Mode hard control once
3. Do not interact with the head unit for 3 seconds"
M110	NR1L-ComfortHMI-454	M9-compound	"1. A small pop-up appears above the Climate main category control
2. The pop-up is no longer shown"	"1. The Climate main screen is not displayed
2. A small pop-up appears above the Climate main category control
3. The pop-up is no longer shown"
N110	NR1L-ComfortHMI-454	R-C49(amend)	HMI_Comfort_HMI_Logic_and_Flow_R1_SR24_Post_3A_CR24879_(September_25_2023)_2.12.2、2.12、2.14、16.2、6.3	"HMI_Comfort_HMI_Logic_and_Flow_R1_SR24_Post_3A_CR24879_(September_25_2023)_2.12.2
HMI_Comfort_HMI_Logic_and_Flow_R1_SR24_Post_3A_CR24879_(September_25_2023)_2.12
HMI_Comfort_HMI_Logic_and_Flow_R1_SR24_Post_3A_CR24879_(September_25_2023)_2.14
HMI_Comfort_HMI_Logic_and_Flow_R1_SR24_Post_3A_CR24879_(September_25_2023)_6.3
HMI_Comfort_HMI_Logic_and_Flow_R1_SR24_Post_3A_CR24879_(September_25_2023)_16.2"
T110	NR1L-ComfortHMI-454	R-C48(amend)	1	0
U110	NR1L-ComfortHMI-454	R-C48(amend)	1	0
W110	NR1L-ComfortHMI-454	R-C48(amend)	1	0
X110	NR1L-ComfortHMI-454	R-C48(amend)	1	0
I111	NR1L-ComfortHMI-455	R-C50+R-C50(amend)	"If the user is not on Climate main when pressing the Mode hard control a small pop-up will appear above the Climate main category control (timeout after 3 seconds of inactivity or as soon as another button except Mode HC is pressed), the user will not be shifted to climate main.

(press a button other than the Mode hard control -> The pop-up is no longer shown)"	"A small pop-up will appear above the Climate main category control (timeout after 3 seconds of inactivity or as soon as another button except Mode HC is pressed)

(press a button other than the Mode hard control -> The pop-up is no longer shown)"
L111	NR1L-ComfortHMI-455	M9-compound	"1. Open a screen other than Climate main and press the Mode hard control once
2. Press a button other than the Mode hard control"	"1. Open a screen other than Climate main
2. Press the Mode hard control once
3. Press a button other than the Mode hard control"
M111	NR1L-ComfortHMI-455	M9-compound	"1. A small pop-up appears above the Climate main category control
2. The pop-up is no longer shown"	"1. The Climate main screen is not displayed
2. A small pop-up appears above the Climate main category control
3. The pop-up is no longer shown"
N111	NR1L-ComfortHMI-455	R-C49(amend)	HMI_Comfort_HMI_Logic_and_Flow_R1_SR24_Post_3A_CR24879_(September_25_2023)_2.12.2、2.12、2.14、16.2、6.3	"HMI_Comfort_HMI_Logic_and_Flow_R1_SR24_Post_3A_CR24879_(September_25_2023)_2.12.2
HMI_Comfort_HMI_Logic_and_Flow_R1_SR24_Post_3A_CR24879_(September_25_2023)_2.12
HMI_Comfort_HMI_Logic_and_Flow_R1_SR24_Post_3A_CR24879_(September_25_2023)_2.14
HMI_Comfort_HMI_Logic_and_Flow_R1_SR24_Post_3A_CR24879_(September_25_2023)_6.3
HMI_Comfort_HMI_Logic_and_Flow_R1_SR24_Post_3A_CR24879_(September_25_2023)_16.2"
T111	NR1L-ComfortHMI-455	R-C48(amend)	1	0
U111	NR1L-ComfortHMI-455	R-C48(amend)	1	0
W111	NR1L-ComfortHMI-455	R-C48(amend)	1	0
X111	NR1L-ComfortHMI-455	R-C48(amend)	1	0
L112	NR1L-ComfortHMI-456	§3 slim	"1. Press the Mode hard control while on the Climate main screen and read the main category label
2. Press the Mode hard control from a screen other than Climate main and read the main category label"	"1. Open a screen other than Climate main
2. Press the Mode hard control from a screen other than Climate main and read the main category label"
M112	NR1L-ComfortHMI-456	§3 slim	"1. The main category label shows the new airflow mode
2. The main category label shows the new airflow mode"	"1. The Climate main screen is not displayed
2. The main category label shows the new airflow mode"
N112	NR1L-ComfortHMI-456	R-C49(amend)	HMI_Comfort_HMI_Logic_and_Flow_R1_SR24_Post_3A_CR24879_(September_25_2023)_2.12.2、2.12、2.14、16.2、6.3	"HMI_Comfort_HMI_Logic_and_Flow_R1_SR24_Post_3A_CR24879_(September_25_2023)_2.12.2
HMI_Comfort_HMI_Logic_and_Flow_R1_SR24_Post_3A_CR24879_(September_25_2023)_2.12
HMI_Comfort_HMI_Logic_and_Flow_R1_SR24_Post_3A_CR24879_(September_25_2023)_2.14
HMI_Comfort_HMI_Logic_and_Flow_R1_SR24_Post_3A_CR24879_(September_25_2023)_6.3
HMI_Comfort_HMI_Logic_and_Flow_R1_SR24_Post_3A_CR24879_(September_25_2023)_16.2"
T112	NR1L-ComfortHMI-456	R-C48(amend)	1	0
U112	NR1L-ComfortHMI-456	R-C48(amend)	1	0
W112	NR1L-ComfortHMI-456	R-C48(amend)	1	0
X112	NR1L-ComfortHMI-456	R-C48(amend)	1	0
N113	NR1L-ComfortHMI-457	R-C49(amend)	HMI_Comfort_HMI_Logic_and_Flow_R1_SR24_Post_3A_CR24879_(September_25_2023)_2.12.2、2.12、2.14、16.2、6.3	"HMI_Comfort_HMI_Logic_and_Flow_R1_SR24_Post_3A_CR24879_(September_25_2023)_2.12.2
HMI_Comfort_HMI_Logic_and_Flow_R1_SR24_Post_3A_CR24879_(September_25_2023)_2.12
HMI_Comfort_HMI_Logic_and_Flow_R1_SR24_Post_3A_CR24879_(September_25_2023)_2.14
HMI_Comfort_HMI_Logic_and_Flow_R1_SR24_Post_3A_CR24879_(September_25_2023)_6.3
HMI_Comfort_HMI_Logic_and_Flow_R1_SR24_Post_3A_CR24879_(September_25_2023)_16.2"
T113	NR1L-ComfortHMI-457	R-C48(amend)	1	0
U113	NR1L-ComfortHMI-457	R-C48(amend)	1	0
W113	NR1L-ComfortHMI-457	R-C48(amend)	1	0
X113	NR1L-ComfortHMI-457	R-C48(amend)	1	0
N114	NR1L-ComfortHMI-152	R-C49(amend)	HMI_Comfort_HMI_Logic_and_Flow_R1_SR24_Post_3A_CR24879_(September_25_2023)_2.13、2.14、16.2、6.3	"HMI_Comfort_HMI_Logic_and_Flow_R1_SR24_Post_3A_CR24879_(September_25_2023)_2.13
HMI_Comfort_HMI_Logic_and_Flow_R1_SR24_Post_3A_CR24879_(September_25_2023)_2.14
HMI_Comfort_HMI_Logic_and_Flow_R1_SR24_Post_3A_CR24879_(September_25_2023)_6.3
HMI_Comfort_HMI_Logic_and_Flow_R1_SR24_Post_3A_CR24879_(September_25_2023)_16.2"
T114	NR1L-ComfortHMI-152	R-C48(amend)	1	0
U114	NR1L-ComfortHMI-152	R-C48(amend)	1	0
W114	NR1L-ComfortHMI-152	R-C48(amend)	1	0
X114	NR1L-ComfortHMI-152	R-C48(amend)	1	0
N115	NR1L-ComfortHMI-458	R-C49(amend)	HMI_Comfort_HMI_Logic_and_Flow_R1_SR24_Post_3A_CR24879_(September_25_2023)_2.13、2.14、16.2、6.3	"HMI_Comfort_HMI_Logic_and_Flow_R1_SR24_Post_3A_CR24879_(September_25_2023)_2.13
HMI_Comfort_HMI_Logic_and_Flow_R1_SR24_Post_3A_CR24879_(September_25_2023)_2.14
HMI_Comfort_HMI_Logic_and_Flow_R1_SR24_Post_3A_CR24879_(September_25_2023)_6.3
HMI_Comfort_HMI_Logic_and_Flow_R1_SR24_Post_3A_CR24879_(September_25_2023)_16.2"
T115	NR1L-ComfortHMI-458	R-C48(amend)	1	0
U115	NR1L-ComfortHMI-458	R-C48(amend)	1	0
W115	NR1L-ComfortHMI-458	R-C48(amend)	1	0
X115	NR1L-ComfortHMI-458	R-C48(amend)	1	0
F116	NR1L-ComfortHMI-466	R-C51		NR1L-ComfortHMI-466
H116	NR1L-ComfortHMI-466	R-C51		Climate Modes
I116	NR1L-ComfortHMI-466	R-C51		"On/Off logic should follow requirements from VF HVAC document.

(the requirement's content is owned by another document, so this delivery carries no test case for it; see Remarks)"
J116	NR1L-ComfortHMI-466	R-C51		"1. The vehicle has MAX A/C functionality, whose presence the CCM relays
2. The vehicle does not have 3 knob HVAC controls with ICS, for which no HVAC screens or pop ups are displayed
3. The vehicle is not an EMEA ICS vehicle, whose climate interface is specified separately in chapter 16
4. The vehicle is not configured with a non-foldable secondary lower screen containing comfort information, for which the comfort section is removed from the head unit"
K116	NR1L-ComfortHMI-466	R-C51		NA
N116	NR1L-ComfortHMI-466	R-C51		HMI_Comfort_HMI_Logic_and_Flow_R1_SR24_Post_3A_CR24879_(September_25_2023)_2.13
P116	NR1L-ComfortHMI-466	R-C51		P1
R116	NR1L-ComfortHMI-466	R-C51		功能測試 (Functional based ; no specific technique)
S116	NR1L-ComfortHMI-466	R-C51		NA
T116	NR1L-ComfortHMI-466	R-C48(amend)	1	0
U116	NR1L-ComfortHMI-466	R-C48(amend)	1	0
W116	NR1L-ComfortHMI-466	R-C48(amend)	1	0
X116	NR1L-ComfortHMI-466	R-C48(amend)	1	0
AH116	NR1L-ComfortHMI-466	R-C51		[BLOCKED-SPEC] Owner: VF HVAC document — the MAX A/C on/off logic is defined there; with that delegation removed this requirement has no content verifiable against the Comfort HMI specification alone. No test case in this delivery covers that logic.
N117	NR1L-ComfortHMI-043	R-C49(amend)	HMI_Comfort_HMI_Logic_and_Flow_R1_SR24_Post_3A_CR24879_(September_25_2023)_2.14、16.2	"HMI_Comfort_HMI_Logic_and_Flow_R1_SR24_Post_3A_CR24879_(September_25_2023)_2.14
HMI_Comfort_HMI_Logic_and_Flow_R1_SR24_Post_3A_CR24879_(September_25_2023)_16.2"
T117	NR1L-ComfortHMI-043	R-C48(amend)	1	0
U117	NR1L-ComfortHMI-043	R-C48(amend)	1	0
W117	NR1L-ComfortHMI-043	R-C48(amend)	1	0
X117	NR1L-ComfortHMI-043	R-C48(amend)	1	0
N118	NR1L-ComfortHMI-044	R-C49(amend)	HMI_Comfort_HMI_Logic_and_Flow_R1_SR24_Post_3A_CR24879_(September_25_2023)_2.14、16.2	"HMI_Comfort_HMI_Logic_and_Flow_R1_SR24_Post_3A_CR24879_(September_25_2023)_2.14
HMI_Comfort_HMI_Logic_and_Flow_R1_SR24_Post_3A_CR24879_(September_25_2023)_16.2"
T118	NR1L-ComfortHMI-044	R-C48(amend)	1	0
U118	NR1L-ComfortHMI-044	R-C48(amend)	1	0
W118	NR1L-ComfortHMI-044	R-C48(amend)	1	0
X118	NR1L-ComfortHMI-044	R-C48(amend)	1	0
N119	NR1L-ComfortHMI-045	R-C49(amend)	HMI_Comfort_HMI_Logic_and_Flow_R1_SR24_Post_3A_CR24879_(September_25_2023)_2.14、6.3	"HMI_Comfort_HMI_Logic_and_Flow_R1_SR24_Post_3A_CR24879_(September_25_2023)_2.14
HMI_Comfort_HMI_Logic_and_Flow_R1_SR24_Post_3A_CR24879_(September_25_2023)_6.3"
T119	NR1L-ComfortHMI-045	R-C48(amend)	1	0
U119	NR1L-ComfortHMI-045	R-C48(amend)	1	0
W119	NR1L-ComfortHMI-045	R-C48(amend)	1	0
X119	NR1L-ComfortHMI-045	R-C48(amend)	1	0
N120	NR1L-ComfortHMI-046	R-C49(amend)	HMI_Comfort_HMI_Logic_and_Flow_R1_SR24_Post_3A_CR24879_(September_25_2023)_2.14、6.3	"HMI_Comfort_HMI_Logic_and_Flow_R1_SR24_Post_3A_CR24879_(September_25_2023)_2.14
HMI_Comfort_HMI_Logic_and_Flow_R1_SR24_Post_3A_CR24879_(September_25_2023)_6.3"
T120	NR1L-ComfortHMI-046	R-C48(amend)	1	0
U120	NR1L-ComfortHMI-046	R-C48(amend)	1	0
W120	NR1L-ComfortHMI-046	R-C48(amend)	1	0
X120	NR1L-ComfortHMI-046	R-C48(amend)	1	0
N121	NR1L-ComfortHMI-047	R-C49(amend)	HMI_Comfort_HMI_Logic_and_Flow_R1_SR24_Post_3A_CR24879_(September_25_2023)_2.14、6.3	"HMI_Comfort_HMI_Logic_and_Flow_R1_SR24_Post_3A_CR24879_(September_25_2023)_2.14
HMI_Comfort_HMI_Logic_and_Flow_R1_SR24_Post_3A_CR24879_(September_25_2023)_6.3"
T121	NR1L-ComfortHMI-047	R-C48(amend)	1	0
U121	NR1L-ComfortHMI-047	R-C48(amend)	1	0
W121	NR1L-ComfortHMI-047	R-C48(amend)	1	0
X121	NR1L-ComfortHMI-047	R-C48(amend)	1	0
N122	NR1L-ComfortHMI-165	R-C49(amend)	HMI_Comfort_HMI_Logic_and_Flow_R1_SR24_Post_3A_CR24879_(September_25_2023)_2.15、2.14、16.2、6.3	"HMI_Comfort_HMI_Logic_and_Flow_R1_SR24_Post_3A_CR24879_(September_25_2023)_2.15
HMI_Comfort_HMI_Logic_and_Flow_R1_SR24_Post_3A_CR24879_(September_25_2023)_2.14
HMI_Comfort_HMI_Logic_and_Flow_R1_SR24_Post_3A_CR24879_(September_25_2023)_6.3
HMI_Comfort_HMI_Logic_and_Flow_R1_SR24_Post_3A_CR24879_(September_25_2023)_16.2"
T122	NR1L-ComfortHMI-165	R-C48(amend)	1	0
U122	NR1L-ComfortHMI-165	R-C48(amend)	1	0
W122	NR1L-ComfortHMI-165	R-C48(amend)	1	0
X122	NR1L-ComfortHMI-165	R-C48(amend)	1	0
L123	NR1L-ComfortHMI-166	M7	"1. Turn the exterior rear-view mirror defrost on
2. Turn AUTO on and read the exterior rear-view mirror defrost state
3. Turn the climate system off and read the exterior rear-view mirror defrost state"	"1. Turn the exterior rear-view mirror defrost on
2. Turn ""AUTO"" on and read the exterior rear-view mirror defrost state
3. Turn the climate system off and read the exterior rear-view mirror defrost state"
N123	NR1L-ComfortHMI-166	R-C49(amend)	HMI_Comfort_HMI_Logic_and_Flow_R1_SR24_Post_3A_CR24879_(September_25_2023)_2.15、2.14、16.2、6.3	"HMI_Comfort_HMI_Logic_and_Flow_R1_SR24_Post_3A_CR24879_(September_25_2023)_2.15
HMI_Comfort_HMI_Logic_and_Flow_R1_SR24_Post_3A_CR24879_(September_25_2023)_2.14
HMI_Comfort_HMI_Logic_and_Flow_R1_SR24_Post_3A_CR24879_(September_25_2023)_6.3
HMI_Comfort_HMI_Logic_and_Flow_R1_SR24_Post_3A_CR24879_(September_25_2023)_16.2"
T123	NR1L-ComfortHMI-166	R-C48(amend)	1	0
U123	NR1L-ComfortHMI-166	R-C48(amend)	1	0
W123	NR1L-ComfortHMI-166	R-C48(amend)	1	0
X123	NR1L-ComfortHMI-166	R-C48(amend)	1	0
N124	NR1L-ComfortHMI-064	R-C49(amend)	HMI_Comfort_HMI_Logic_and_Flow_R1_SR24_Post_3A_CR24879_(September_25_2023)_2.16、2.14、16.2	"HMI_Comfort_HMI_Logic_and_Flow_R1_SR24_Post_3A_CR24879_(September_25_2023)_2.16
HMI_Comfort_HMI_Logic_and_Flow_R1_SR24_Post_3A_CR24879_(September_25_2023)_2.14
HMI_Comfort_HMI_Logic_and_Flow_R1_SR24_Post_3A_CR24879_(September_25_2023)_16.2"
T124	NR1L-ComfortHMI-064	R-C48(amend)	1	0
U124	NR1L-ComfortHMI-064	R-C48(amend)	1	0
W124	NR1L-ComfortHMI-064	R-C48(amend)	1	0
X124	NR1L-ComfortHMI-064	R-C48(amend)	1	0
N125	NR1L-ComfortHMI-065	R-C49(amend)	HMI_Comfort_HMI_Logic_and_Flow_R1_SR24_Post_3A_CR24879_(September_25_2023)_2.16、2.14	"HMI_Comfort_HMI_Logic_and_Flow_R1_SR24_Post_3A_CR24879_(September_25_2023)_2.16
HMI_Comfort_HMI_Logic_and_Flow_R1_SR24_Post_3A_CR24879_(September_25_2023)_2.14"
T125	NR1L-ComfortHMI-065	R-C48(amend)	1	0
U125	NR1L-ComfortHMI-065	R-C48(amend)	1	0
W125	NR1L-ComfortHMI-065	R-C48(amend)	1	0
X125	NR1L-ComfortHMI-065	R-C48(amend)	1	0
N126	NR1L-ComfortHMI-015	R-C49(amend)	HMI_Comfort_HMI_Logic_and_Flow_R1_SR24_Post_3A_CR24879_(September_25_2023)_3.1、2.14	"HMI_Comfort_HMI_Logic_and_Flow_R1_SR24_Post_3A_CR24879_(September_25_2023)_3.1
HMI_Comfort_HMI_Logic_and_Flow_R1_SR24_Post_3A_CR24879_(September_25_2023)_2.14"
T126	NR1L-ComfortHMI-015	R-C48(amend)	1	0
U126	NR1L-ComfortHMI-015	R-C48(amend)	1	0
W126	NR1L-ComfortHMI-015	R-C48(amend)	1	0
X126	NR1L-ComfortHMI-015	R-C48(amend)	1	0
N127	NR1L-ComfortHMI-397	R-C49(amend)	HMI_Comfort_HMI_Logic_and_Flow_R1_SR24_Post_3A_CR24879_(September_25_2023)_3.1、2.14	"HMI_Comfort_HMI_Logic_and_Flow_R1_SR24_Post_3A_CR24879_(September_25_2023)_3.1
HMI_Comfort_HMI_Logic_and_Flow_R1_SR24_Post_3A_CR24879_(September_25_2023)_2.14"
T127	NR1L-ComfortHMI-397	R-C48(amend)	1	0
U127	NR1L-ComfortHMI-397	R-C48(amend)	1	0
W127	NR1L-ComfortHMI-397	R-C48(amend)	1	0
X127	NR1L-ComfortHMI-397	R-C48(amend)	1	0
N128	NR1L-ComfortHMI-398	R-C49(amend)	HMI_Comfort_HMI_Logic_and_Flow_R1_SR24_Post_3A_CR24879_(September_25_2023)_3.1、2.14	"HMI_Comfort_HMI_Logic_and_Flow_R1_SR24_Post_3A_CR24879_(September_25_2023)_3.1
HMI_Comfort_HMI_Logic_and_Flow_R1_SR24_Post_3A_CR24879_(September_25_2023)_2.14"
T128	NR1L-ComfortHMI-398	R-C48(amend)	1	0
U128	NR1L-ComfortHMI-398	R-C48(amend)	1	0
W128	NR1L-ComfortHMI-398	R-C48(amend)	1	0
X128	NR1L-ComfortHMI-398	R-C48(amend)	1	0
N129	NR1L-ComfortHMI-016	R-C49(amend)	HMI_Comfort_HMI_Logic_and_Flow_R1_SR24_Post_3A_CR24879_(September_25_2023)_3.1、2.14	"HMI_Comfort_HMI_Logic_and_Flow_R1_SR24_Post_3A_CR24879_(September_25_2023)_3.1
HMI_Comfort_HMI_Logic_and_Flow_R1_SR24_Post_3A_CR24879_(September_25_2023)_2.14"
T129	NR1L-ComfortHMI-016	R-C48(amend)	1	0
U129	NR1L-ComfortHMI-016	R-C48(amend)	1	0
W129	NR1L-ComfortHMI-016	R-C48(amend)	1	0
X129	NR1L-ComfortHMI-016	R-C48(amend)	1	0
N130	NR1L-ComfortHMI-017	R-C49(amend)	HMI_Comfort_HMI_Logic_and_Flow_R1_SR24_Post_3A_CR24879_(September_25_2023)_3.1、2.14	"HMI_Comfort_HMI_Logic_and_Flow_R1_SR24_Post_3A_CR24879_(September_25_2023)_3.1
HMI_Comfort_HMI_Logic_and_Flow_R1_SR24_Post_3A_CR24879_(September_25_2023)_2.14"
T130	NR1L-ComfortHMI-017	R-C48(amend)	1	0
U130	NR1L-ComfortHMI-017	R-C48(amend)	1	0
W130	NR1L-ComfortHMI-017	R-C48(amend)	1	0
X130	NR1L-ComfortHMI-017	R-C48(amend)	1	0
N131	NR1L-ComfortHMI-399	R-C49(amend)	HMI_Comfort_HMI_Logic_and_Flow_R1_SR24_Post_3A_CR24879_(September_25_2023)_3.1、2.14	"HMI_Comfort_HMI_Logic_and_Flow_R1_SR24_Post_3A_CR24879_(September_25_2023)_3.1
HMI_Comfort_HMI_Logic_and_Flow_R1_SR24_Post_3A_CR24879_(September_25_2023)_2.14"
T131	NR1L-ComfortHMI-399	R-C48(amend)	1	0
U131	NR1L-ComfortHMI-399	R-C48(amend)	1	0
W131	NR1L-ComfortHMI-399	R-C48(amend)	1	0
X131	NR1L-ComfortHMI-399	R-C48(amend)	1	0
N132	NR1L-ComfortHMI-018	R-C49(amend)	HMI_Comfort_HMI_Logic_and_Flow_R1_SR24_Post_3A_CR24879_(September_25_2023)_3.2、2.14、16.2	"HMI_Comfort_HMI_Logic_and_Flow_R1_SR24_Post_3A_CR24879_(September_25_2023)_3.2
HMI_Comfort_HMI_Logic_and_Flow_R1_SR24_Post_3A_CR24879_(September_25_2023)_2.14
HMI_Comfort_HMI_Logic_and_Flow_R1_SR24_Post_3A_CR24879_(September_25_2023)_16.2"
T132	NR1L-ComfortHMI-018	R-C48(amend)	1	0
U132	NR1L-ComfortHMI-018	R-C48(amend)	1	0
W132	NR1L-ComfortHMI-018	R-C48(amend)	1	0
X132	NR1L-ComfortHMI-018	R-C48(amend)	1	0
J133	NR1L-ComfortHMI-019	軸 2 PC	"1. The vehicle is equipped with MAX DEF
2. The front HVAC fan range of the vehicle is Off, 1-7
3. The vehicle does not have 3 knob HVAC controls with ICS, for which no HVAC screens or pop ups are displayed
4. The vehicle is not an EMEA ICS vehicle, whose climate interface is specified separately in chapter 16"	"1. The vehicle is equipped with MAX DEF
2. The front HVAC fan range of the vehicle is Off, 1-7
3. The vehicle is not a single zone climate configuration, for which Sync is not shown
4. The vehicle does not have 3 knob HVAC controls with ICS, for which no HVAC screens or pop ups are displayed
5. The vehicle is not an EMEA ICS vehicle, whose climate interface is specified separately in chapter 16"
L133	NR1L-ComfortHMI-019	M7	"1. Open the climate screen with MAX DEF not active
2. Press ""MAX DEF""
3. Read the A/C state
4. Read the airflow mode
5. Read the fan speed
6. Read the temperature setting for the driver and, if available, the passenger
7. Read the RECIRC state and its LED
8. Read the Sync state
9. Read the REAR DEFROST state"	"1. Open the climate screen with MAX DEF not active
2. Press ""MAX DEF""
3. Read the A/C state
4. Read the airflow mode
5. Read the fan speed
6. Read the temperature setting for the driver and, if available, the passenger
7. Read the ""RECIRC"" button state and its LED
8. Read the SYNC state
9. Read the REAR DEFROST state"
M133	NR1L-ComfortHMI-019	M7	"1. The ""MAX DEF"" button is not active
2. The ""MAX DEF"" button is active
3. A/C is on
4. The airflow mode is Windshield
5. The fan speed is at the highest setting (7/7)
6. The temperature is at the highest setting (HI) for the driver and, if available, the passenger
7. RECIRC is open and its LED is off
8. Sync is on
9. REAR DEFROST is active"	"1. The ""MAX DEF"" button is not active
2. The ""MAX DEF"" button is active
3. A/C is on
4. The airflow mode is Windshield
5. The fan speed is at the highest setting (7/7)
6. The temperature is at the highest setting (HI) for the driver and, if available, the passenger
7. RECIRC is open and its LED is off
8. SYNC is on
9. REAR DEFROST is active"
N133	NR1L-ComfortHMI-019	R-C49(amend)	HMI_Comfort_HMI_Logic_and_Flow_R1_SR24_Post_3A_CR24879_(September_25_2023)_3.2、2.7、2.14、16.2	"HMI_Comfort_HMI_Logic_and_Flow_R1_SR24_Post_3A_CR24879_(September_25_2023)_3.2
HMI_Comfort_HMI_Logic_and_Flow_R1_SR24_Post_3A_CR24879_(September_25_2023)_2.7
HMI_Comfort_HMI_Logic_and_Flow_R1_SR24_Post_3A_CR24879_(September_25_2023)_2.11
HMI_Comfort_HMI_Logic_and_Flow_R1_SR24_Post_3A_CR24879_(September_25_2023)_2.14
HMI_Comfort_HMI_Logic_and_Flow_R1_SR24_Post_3A_CR24879_(September_25_2023)_16.2"
T133	NR1L-ComfortHMI-019	R-C48(amend)	1	0
U133	NR1L-ComfortHMI-019	R-C48(amend)	1	0
W133	NR1L-ComfortHMI-019	R-C48(amend)	1	0
X133	NR1L-ComfortHMI-019	R-C48(amend)	1	0
N134	NR1L-ComfortHMI-020	R-C49(amend)	HMI_Comfort_HMI_Logic_and_Flow_R1_SR24_Post_3A_CR24879_(September_25_2023)_3.2、2.14、16.2	"HMI_Comfort_HMI_Logic_and_Flow_R1_SR24_Post_3A_CR24879_(September_25_2023)_3.2
HMI_Comfort_HMI_Logic_and_Flow_R1_SR24_Post_3A_CR24879_(September_25_2023)_2.14
HMI_Comfort_HMI_Logic_and_Flow_R1_SR24_Post_3A_CR24879_(September_25_2023)_16.2"
T134	NR1L-ComfortHMI-020	R-C48(amend)	1	0
U134	NR1L-ComfortHMI-020	R-C48(amend)	1	0
W134	NR1L-ComfortHMI-020	R-C48(amend)	1	0
X134	NR1L-ComfortHMI-020	R-C48(amend)	1	0
N135	NR1L-ComfortHMI-021	R-C49(amend)	HMI_Comfort_HMI_Logic_and_Flow_R1_SR24_Post_3A_CR24879_(September_25_2023)_3.2、2.14、16.2	"HMI_Comfort_HMI_Logic_and_Flow_R1_SR24_Post_3A_CR24879_(September_25_2023)_3.2
HMI_Comfort_HMI_Logic_and_Flow_R1_SR24_Post_3A_CR24879_(September_25_2023)_2.14
HMI_Comfort_HMI_Logic_and_Flow_R1_SR24_Post_3A_CR24879_(September_25_2023)_16.2"
T135	NR1L-ComfortHMI-021	R-C48(amend)	1	0
U135	NR1L-ComfortHMI-021	R-C48(amend)	1	0
W135	NR1L-ComfortHMI-021	R-C48(amend)	1	0
X135	NR1L-ComfortHMI-021	R-C48(amend)	1	0
N136	NR1L-ComfortHMI-022	R-C49(amend)	HMI_Comfort_HMI_Logic_and_Flow_R1_SR24_Post_3A_CR24879_(September_25_2023)_3.2、2.14、16.2	"HMI_Comfort_HMI_Logic_and_Flow_R1_SR24_Post_3A_CR24879_(September_25_2023)_3.2
HMI_Comfort_HMI_Logic_and_Flow_R1_SR24_Post_3A_CR24879_(September_25_2023)_2.14
HMI_Comfort_HMI_Logic_and_Flow_R1_SR24_Post_3A_CR24879_(September_25_2023)_16.2"
T136	NR1L-ComfortHMI-022	R-C48(amend)	1	0
U136	NR1L-ComfortHMI-022	R-C48(amend)	1	0
W136	NR1L-ComfortHMI-022	R-C48(amend)	1	0
X136	NR1L-ComfortHMI-022	R-C48(amend)	1	0
N137	NR1L-ComfortHMI-023	R-C49(amend)	HMI_Comfort_HMI_Logic_and_Flow_R1_SR24_Post_3A_CR24879_(September_25_2023)_3.2、2.14、16.2	"HMI_Comfort_HMI_Logic_and_Flow_R1_SR24_Post_3A_CR24879_(September_25_2023)_3.2
HMI_Comfort_HMI_Logic_and_Flow_R1_SR24_Post_3A_CR24879_(September_25_2023)_2.14
HMI_Comfort_HMI_Logic_and_Flow_R1_SR24_Post_3A_CR24879_(September_25_2023)_16.2"
T137	NR1L-ComfortHMI-023	R-C48(amend)	1	0
U137	NR1L-ComfortHMI-023	R-C48(amend)	1	0
W137	NR1L-ComfortHMI-023	R-C48(amend)	1	0
X137	NR1L-ComfortHMI-023	R-C48(amend)	1	0
N138	NR1L-ComfortHMI-024	R-C49(amend)	HMI_Comfort_HMI_Logic_and_Flow_R1_SR24_Post_3A_CR24879_(September_25_2023)_3.2、2.14、16.2	"HMI_Comfort_HMI_Logic_and_Flow_R1_SR24_Post_3A_CR24879_(September_25_2023)_3.2
HMI_Comfort_HMI_Logic_and_Flow_R1_SR24_Post_3A_CR24879_(September_25_2023)_2.14
HMI_Comfort_HMI_Logic_and_Flow_R1_SR24_Post_3A_CR24879_(September_25_2023)_16.2"
T138	NR1L-ComfortHMI-024	R-C48(amend)	1	0
U138	NR1L-ComfortHMI-024	R-C48(amend)	1	0
W138	NR1L-ComfortHMI-024	R-C48(amend)	1	0
X138	NR1L-ComfortHMI-024	R-C48(amend)	1	0
I139	NR1L-ComfortHMI-025	M7	"Changing temperature, recirculation, mode distribution or pressing again MAX DEF breaks MAX DEF (turns MAX DEF off) and the system goes back to the previous manual mode with the A/C on.

(change RECIRC -> The ""MAX DEF"" button is no longer active and the system is in the previous manual mode with A/C on)"	"Changing temperature, recirculation, mode distribution or pressing again MAX DEF breaks MAX DEF (turns MAX DEF off) and the system goes back to the previous manual mode with the A/C on.

(change ""RECIRC"" -> The ""MAX DEF"" button is no longer active and the system is in the previous manual mode with A/C on)"
L139	NR1L-ComfortHMI-025	M7	"1. Press ""MAX DEF""
2. Change RECIRC"	"1. Press ""MAX DEF""
2. Change ""RECIRC"""
N139	NR1L-ComfortHMI-025	R-C49(amend)	HMI_Comfort_HMI_Logic_and_Flow_R1_SR24_Post_3A_CR24879_(September_25_2023)_3.2、2.14、16.2	"HMI_Comfort_HMI_Logic_and_Flow_R1_SR24_Post_3A_CR24879_(September_25_2023)_3.2
HMI_Comfort_HMI_Logic_and_Flow_R1_SR24_Post_3A_CR24879_(September_25_2023)_2.14
HMI_Comfort_HMI_Logic_and_Flow_R1_SR24_Post_3A_CR24879_(September_25_2023)_16.2"
T139	NR1L-ComfortHMI-025	R-C48(amend)	1	0
U139	NR1L-ComfortHMI-025	R-C48(amend)	1	0
W139	NR1L-ComfortHMI-025	R-C48(amend)	1	0
X139	NR1L-ComfortHMI-025	R-C48(amend)	1	0
N140	NR1L-ComfortHMI-026	R-C49(amend)	HMI_Comfort_HMI_Logic_and_Flow_R1_SR24_Post_3A_CR24879_(September_25_2023)_3.2、2.14、16.2	"HMI_Comfort_HMI_Logic_and_Flow_R1_SR24_Post_3A_CR24879_(September_25_2023)_3.2
HMI_Comfort_HMI_Logic_and_Flow_R1_SR24_Post_3A_CR24879_(September_25_2023)_2.14
HMI_Comfort_HMI_Logic_and_Flow_R1_SR24_Post_3A_CR24879_(September_25_2023)_16.2"
T140	NR1L-ComfortHMI-026	R-C48(amend)	1	0
U140	NR1L-ComfortHMI-026	R-C48(amend)	1	0
W140	NR1L-ComfortHMI-026	R-C48(amend)	1	0
X140	NR1L-ComfortHMI-026	R-C48(amend)	1	0
N141	NR1L-ComfortHMI-027	R-C49(amend)	HMI_Comfort_HMI_Logic_and_Flow_R1_SR24_Post_3A_CR24879_(September_25_2023)_3.2、2.14、16.2	"HMI_Comfort_HMI_Logic_and_Flow_R1_SR24_Post_3A_CR24879_(September_25_2023)_3.2
HMI_Comfort_HMI_Logic_and_Flow_R1_SR24_Post_3A_CR24879_(September_25_2023)_2.14
HMI_Comfort_HMI_Logic_and_Flow_R1_SR24_Post_3A_CR24879_(September_25_2023)_16.2"
T141	NR1L-ComfortHMI-027	R-C48(amend)	1	0
U141	NR1L-ComfortHMI-027	R-C48(amend)	1	0
W141	NR1L-ComfortHMI-027	R-C48(amend)	1	0
X141	NR1L-ComfortHMI-027	R-C48(amend)	1	0
N142	NR1L-ComfortHMI-028	R-C49(amend)	HMI_Comfort_HMI_Logic_and_Flow_R1_SR24_Post_3A_CR24879_(September_25_2023)_3.2、2.14、16.2	"HMI_Comfort_HMI_Logic_and_Flow_R1_SR24_Post_3A_CR24879_(September_25_2023)_3.2
HMI_Comfort_HMI_Logic_and_Flow_R1_SR24_Post_3A_CR24879_(September_25_2023)_2.14
HMI_Comfort_HMI_Logic_and_Flow_R1_SR24_Post_3A_CR24879_(September_25_2023)_16.2"
T142	NR1L-ComfortHMI-028	R-C48(amend)	1	0
U142	NR1L-ComfortHMI-028	R-C48(amend)	1	0
W142	NR1L-ComfortHMI-028	R-C48(amend)	1	0
X142	NR1L-ComfortHMI-028	R-C48(amend)	1	0
N143	NR1L-ComfortHMI-029	R-C49(amend)	HMI_Comfort_HMI_Logic_and_Flow_R1_SR24_Post_3A_CR24879_(September_25_2023)_3.3、3.2、3.4、2.14、16.2	"HMI_Comfort_HMI_Logic_and_Flow_R1_SR24_Post_3A_CR24879_(September_25_2023)_3.3
HMI_Comfort_HMI_Logic_and_Flow_R1_SR24_Post_3A_CR24879_(September_25_2023)_2.14
HMI_Comfort_HMI_Logic_and_Flow_R1_SR24_Post_3A_CR24879_(September_25_2023)_3.2
HMI_Comfort_HMI_Logic_and_Flow_R1_SR24_Post_3A_CR24879_(September_25_2023)_3.4
HMI_Comfort_HMI_Logic_and_Flow_R1_SR24_Post_3A_CR24879_(September_25_2023)_16.2"
T143	NR1L-ComfortHMI-029	R-C48(amend)	1	0
U143	NR1L-ComfortHMI-029	R-C48(amend)	1	0
W143	NR1L-ComfortHMI-029	R-C48(amend)	1	0
X143	NR1L-ComfortHMI-029	R-C48(amend)	1	0
N144	NR1L-ComfortHMI-030	R-C49(amend)	HMI_Comfort_HMI_Logic_and_Flow_R1_SR24_Post_3A_CR24879_(September_25_2023)_3.3、3.2、3.4、2.14、16.2	"HMI_Comfort_HMI_Logic_and_Flow_R1_SR24_Post_3A_CR24879_(September_25_2023)_3.3
HMI_Comfort_HMI_Logic_and_Flow_R1_SR24_Post_3A_CR24879_(September_25_2023)_2.14
HMI_Comfort_HMI_Logic_and_Flow_R1_SR24_Post_3A_CR24879_(September_25_2023)_3.2
HMI_Comfort_HMI_Logic_and_Flow_R1_SR24_Post_3A_CR24879_(September_25_2023)_3.4
HMI_Comfort_HMI_Logic_and_Flow_R1_SR24_Post_3A_CR24879_(September_25_2023)_16.2"
T144	NR1L-ComfortHMI-030	R-C48(amend)	1	0
U144	NR1L-ComfortHMI-030	R-C48(amend)	1	0
W144	NR1L-ComfortHMI-030	R-C48(amend)	1	0
X144	NR1L-ComfortHMI-030	R-C48(amend)	1	0
N145	NR1L-ComfortHMI-031	R-C49(amend)	HMI_Comfort_HMI_Logic_and_Flow_R1_SR24_Post_3A_CR24879_(September_25_2023)_3.4、2.14	"HMI_Comfort_HMI_Logic_and_Flow_R1_SR24_Post_3A_CR24879_(September_25_2023)_3.4
HMI_Comfort_HMI_Logic_and_Flow_R1_SR24_Post_3A_CR24879_(September_25_2023)_2.14"
T145	NR1L-ComfortHMI-031	R-C48(amend)	1	0
U145	NR1L-ComfortHMI-031	R-C48(amend)	1	0
W145	NR1L-ComfortHMI-031	R-C48(amend)	1	0
X145	NR1L-ComfortHMI-031	R-C48(amend)	1	0
N146	NR1L-ComfortHMI-041	R-C49(amend)	HMI_Comfort_HMI_Logic_and_Flow_R1_SR24_Post_3A_CR24879_(September_25_2023)_6.3、2.14	"HMI_Comfort_HMI_Logic_and_Flow_R1_SR24_Post_3A_CR24879_(September_25_2023)_6.3
HMI_Comfort_HMI_Logic_and_Flow_R1_SR24_Post_3A_CR24879_(September_25_2023)_2.14"
T146	NR1L-ComfortHMI-041	R-C48(amend)	1	0
U146	NR1L-ComfortHMI-041	R-C48(amend)	1	0
W146	NR1L-ComfortHMI-041	R-C48(amend)	1	0
X146	NR1L-ComfortHMI-041	R-C48(amend)	1	0
N147	NR1L-ComfortHMI-266	R-C49(amend)	HMI_Comfort_HMI_Logic_and_Flow_R1_SR24_Post_3A_CR24879_(September_25_2023)_7.1、2.14、16.2、6.3	"HMI_Comfort_HMI_Logic_and_Flow_R1_SR24_Post_3A_CR24879_(September_25_2023)_7.1
HMI_Comfort_HMI_Logic_and_Flow_R1_SR24_Post_3A_CR24879_(September_25_2023)_2.14
HMI_Comfort_HMI_Logic_and_Flow_R1_SR24_Post_3A_CR24879_(September_25_2023)_6.3
HMI_Comfort_HMI_Logic_and_Flow_R1_SR24_Post_3A_CR24879_(September_25_2023)_16.2"
T147	NR1L-ComfortHMI-266	R-C48(amend)	1	0
U147	NR1L-ComfortHMI-266	R-C48(amend)	1	0
W147	NR1L-ComfortHMI-266	R-C48(amend)	1	0
X147	NR1L-ComfortHMI-266	R-C48(amend)	1	0
N148	NR1L-ComfortHMI-267	R-C49(amend)	HMI_Comfort_HMI_Logic_and_Flow_R1_SR24_Post_3A_CR24879_(September_25_2023)_7.1、2.14、16.2、6.3	"HMI_Comfort_HMI_Logic_and_Flow_R1_SR24_Post_3A_CR24879_(September_25_2023)_7.1
HMI_Comfort_HMI_Logic_and_Flow_R1_SR24_Post_3A_CR24879_(September_25_2023)_2.14
HMI_Comfort_HMI_Logic_and_Flow_R1_SR24_Post_3A_CR24879_(September_25_2023)_6.3
HMI_Comfort_HMI_Logic_and_Flow_R1_SR24_Post_3A_CR24879_(September_25_2023)_16.2"
T148	NR1L-ComfortHMI-267	R-C48(amend)	1	0
U148	NR1L-ComfortHMI-267	R-C48(amend)	1	0
W148	NR1L-ComfortHMI-267	R-C48(amend)	1	0
X148	NR1L-ComfortHMI-267	R-C48(amend)	1	0
N149	NR1L-ComfortHMI-268	R-C49(amend)	HMI_Comfort_HMI_Logic_and_Flow_R1_SR24_Post_3A_CR24879_(September_25_2023)_7.1、2.14、16.2、6.3	"HMI_Comfort_HMI_Logic_and_Flow_R1_SR24_Post_3A_CR24879_(September_25_2023)_7.1
HMI_Comfort_HMI_Logic_and_Flow_R1_SR24_Post_3A_CR24879_(September_25_2023)_2.14
HMI_Comfort_HMI_Logic_and_Flow_R1_SR24_Post_3A_CR24879_(September_25_2023)_6.3
HMI_Comfort_HMI_Logic_and_Flow_R1_SR24_Post_3A_CR24879_(September_25_2023)_16.2"
T149	NR1L-ComfortHMI-268	R-C48(amend)	1	0
U149	NR1L-ComfortHMI-268	R-C48(amend)	1	0
W149	NR1L-ComfortHMI-268	R-C48(amend)	1	0
X149	NR1L-ComfortHMI-268	R-C48(amend)	1	0
N150	NR1L-ComfortHMI-269	R-C49(amend)	HMI_Comfort_HMI_Logic_and_Flow_R1_SR24_Post_3A_CR24879_(September_25_2023)_7.1.1、2.14、16.2、6.3	"HMI_Comfort_HMI_Logic_and_Flow_R1_SR24_Post_3A_CR24879_(September_25_2023)_7.1.1
HMI_Comfort_HMI_Logic_and_Flow_R1_SR24_Post_3A_CR24879_(September_25_2023)_2.14
HMI_Comfort_HMI_Logic_and_Flow_R1_SR24_Post_3A_CR24879_(September_25_2023)_6.3
HMI_Comfort_HMI_Logic_and_Flow_R1_SR24_Post_3A_CR24879_(September_25_2023)_16.2"
T150	NR1L-ComfortHMI-269	R-C48(amend)	1	0
U150	NR1L-ComfortHMI-269	R-C48(amend)	1	0
W150	NR1L-ComfortHMI-269	R-C48(amend)	1	0
X150	NR1L-ComfortHMI-269	R-C48(amend)	1	0
N151	NR1L-ComfortHMI-270	R-C49(amend)	HMI_Comfort_HMI_Logic_and_Flow_R1_SR24_Post_3A_CR24879_(September_25_2023)_7.1.1、2.14、16.2、6.3	"HMI_Comfort_HMI_Logic_and_Flow_R1_SR24_Post_3A_CR24879_(September_25_2023)_7.1.1
HMI_Comfort_HMI_Logic_and_Flow_R1_SR24_Post_3A_CR24879_(September_25_2023)_2.14
HMI_Comfort_HMI_Logic_and_Flow_R1_SR24_Post_3A_CR24879_(September_25_2023)_6.3
HMI_Comfort_HMI_Logic_and_Flow_R1_SR24_Post_3A_CR24879_(September_25_2023)_16.2"
T151	NR1L-ComfortHMI-270	R-C48(amend)	1	0
U151	NR1L-ComfortHMI-270	R-C48(amend)	1	0
W151	NR1L-ComfortHMI-270	R-C48(amend)	1	0
X151	NR1L-ComfortHMI-270	R-C48(amend)	1	0
N152	NR1L-ComfortHMI-271	R-C49(amend)	HMI_Comfort_HMI_Logic_and_Flow_R1_SR24_Post_3A_CR24879_(September_25_2023)_7.1.1、2.14、16.2、6.3	"HMI_Comfort_HMI_Logic_and_Flow_R1_SR24_Post_3A_CR24879_(September_25_2023)_7.1.1
HMI_Comfort_HMI_Logic_and_Flow_R1_SR24_Post_3A_CR24879_(September_25_2023)_2.14
HMI_Comfort_HMI_Logic_and_Flow_R1_SR24_Post_3A_CR24879_(September_25_2023)_6.3
HMI_Comfort_HMI_Logic_and_Flow_R1_SR24_Post_3A_CR24879_(September_25_2023)_16.2"
T152	NR1L-ComfortHMI-271	R-C48(amend)	1	0
U152	NR1L-ComfortHMI-271	R-C48(amend)	1	0
W152	NR1L-ComfortHMI-271	R-C48(amend)	1	0
X152	NR1L-ComfortHMI-271	R-C48(amend)	1	0
I153	NR1L-ComfortHMI-272	M7	"The fan speed will be transmitted as 15h instead of the actual fan speed.

(read the rear fan speed indicator -> The rear fan speed indicator shows AUTO instead of the actual fan speed)"	"The fan speed will be transmitted as 15h instead of the actual fan speed.

(read the rear fan speed indicator -> The rear fan speed indicator shows ""AUTO"" instead of the actual fan speed)"
L153	NR1L-ComfortHMI-272	M7	"1. Turn rear AUTO on
2. Read the rear fan speed indicator"	"1. Turn rear ""AUTO"" on
2. Read the rear fan speed indicator"
M153	NR1L-ComfortHMI-272	M7	"1. The rear AUTO button is highlighted
2. The rear fan speed indicator shows AUTO instead of the actual fan speed"	"1. The rear ""AUTO"" button is highlighted
2. The rear fan speed indicator shows ""AUTO"" instead of the actual fan speed"
N153	NR1L-ComfortHMI-272	R-C49(amend)	HMI_Comfort_HMI_Logic_and_Flow_R1_SR24_Post_3A_CR24879_(September_25_2023)_7.2、2.14、16.2、6.3	"HMI_Comfort_HMI_Logic_and_Flow_R1_SR24_Post_3A_CR24879_(September_25_2023)_7.2
HMI_Comfort_HMI_Logic_and_Flow_R1_SR24_Post_3A_CR24879_(September_25_2023)_2.14
HMI_Comfort_HMI_Logic_and_Flow_R1_SR24_Post_3A_CR24879_(September_25_2023)_6.3
HMI_Comfort_HMI_Logic_and_Flow_R1_SR24_Post_3A_CR24879_(September_25_2023)_16.2"
T153	NR1L-ComfortHMI-272	R-C48(amend)	1	0
U153	NR1L-ComfortHMI-272	R-C48(amend)	1	0
W153	NR1L-ComfortHMI-272	R-C48(amend)	1	0
X153	NR1L-ComfortHMI-272	R-C48(amend)	1	0
L154	NR1L-ComfortHMI-273	M7	"1. Turn rear AUTO on
2. Set a rear temperature different from the current cabin temperature
3. Read the rear fan speed and airflow mode"	"1. Turn rear ""AUTO"" on
2. Set a rear temperature different from the current cabin temperature
3. Read the rear fan speed and airflow mode"
M154	NR1L-ComfortHMI-273	M7	"1. The rear AUTO button is highlighted
2. The rear temperature is set to the requested value
3. The rear fan speed and airflow mode change without user input"	"1. The rear ""AUTO"" button is highlighted
2. The rear temperature is set to the requested value
3. The rear fan speed and airflow mode change without user input"
N154	NR1L-ComfortHMI-273	R-C49(amend)	HMI_Comfort_HMI_Logic_and_Flow_R1_SR24_Post_3A_CR24879_(September_25_2023)_7.2、2.14、16.2、6.3	"HMI_Comfort_HMI_Logic_and_Flow_R1_SR24_Post_3A_CR24879_(September_25_2023)_7.2
HMI_Comfort_HMI_Logic_and_Flow_R1_SR24_Post_3A_CR24879_(September_25_2023)_2.14
HMI_Comfort_HMI_Logic_and_Flow_R1_SR24_Post_3A_CR24879_(September_25_2023)_6.3
HMI_Comfort_HMI_Logic_and_Flow_R1_SR24_Post_3A_CR24879_(September_25_2023)_16.2"
T154	NR1L-ComfortHMI-273	R-C48(amend)	1	0
U154	NR1L-ComfortHMI-273	R-C48(amend)	1	0
W154	NR1L-ComfortHMI-273	R-C48(amend)	1	0
X154	NR1L-ComfortHMI-273	R-C48(amend)	1	0
L155	NR1L-ComfortHMI-274	M7	"1. Select a rear airflow mode
2. Turn rear AUTO on
3. Read the three rear airflow mode buttons"	"1. Select a rear airflow mode
2. Turn rear ""AUTO"" on
3. Read the three rear airflow mode buttons"
M155	NR1L-ComfortHMI-274	M7	"1. The selected rear airflow mode button is highlighted
2. The rear AUTO button is highlighted
3. The three rear airflow mode buttons are turned off"	"1. The selected rear airflow mode button is highlighted
2. The rear ""AUTO"" button is highlighted
3. The three rear airflow mode buttons are turned off"
N155	NR1L-ComfortHMI-274	R-C49(amend)	HMI_Comfort_HMI_Logic_and_Flow_R1_SR24_Post_3A_CR24879_(September_25_2023)_7.2、2.14、16.2、6.3	"HMI_Comfort_HMI_Logic_and_Flow_R1_SR24_Post_3A_CR24879_(September_25_2023)_7.2
HMI_Comfort_HMI_Logic_and_Flow_R1_SR24_Post_3A_CR24879_(September_25_2023)_2.14
HMI_Comfort_HMI_Logic_and_Flow_R1_SR24_Post_3A_CR24879_(September_25_2023)_6.3
HMI_Comfort_HMI_Logic_and_Flow_R1_SR24_Post_3A_CR24879_(September_25_2023)_16.2"
T155	NR1L-ComfortHMI-274	R-C48(amend)	1	0
U155	NR1L-ComfortHMI-274	R-C48(amend)	1	0
W155	NR1L-ComfortHMI-274	R-C48(amend)	1	0
X155	NR1L-ComfortHMI-274	R-C48(amend)	1	0
I156	NR1L-ComfortHMI-275	M9-compound	"Switching to another airflow mode would break Auto; go from auto mode to the manual mode that most closely matches the auto mode exited, unless a specific mode button is pressed, in which case the system would go to that mode.

(turn rear AUTO on again and press a specific rear airflow mode button -> The system is in the pressed rear airflow mode)"	"Switching to another airflow mode would break Auto; go from auto mode to the manual mode that most closely matches the auto mode exited, unless a specific mode button is pressed, in which case the system would go to that mode.

(press a specific rear airflow mode button -> The system is in the pressed rear airflow mode)"
L156	NR1L-ComfortHMI-275	M7+M9-compound	"1. Turn rear AUTO on
2. Change the rear fan speed
3. Turn rear AUTO on again and press a specific rear airflow mode button"	"1. Turn rear ""AUTO"" on
2. Change the rear fan speed
3. Turn rear ""AUTO"" on again
4. Press a specific rear airflow mode button"
M156	NR1L-ComfortHMI-275	M7+M9-compound	"1. The rear AUTO button is highlighted
2. The rear AUTO button is no longer highlighted and the system is in the manual mode that most closely matches the exited AUTO mode
3. The system is in the pressed rear airflow mode"	"1. The rear ""AUTO"" button is highlighted
2. The rear ""AUTO"" button is no longer highlighted and the system is in the manual mode that most closely matches the exited AUTO mode
3. The rear ""AUTO"" button is highlighted
4. The system is in the pressed rear airflow mode"
N156	NR1L-ComfortHMI-275	R-C49(amend)	HMI_Comfort_HMI_Logic_and_Flow_R1_SR24_Post_3A_CR24879_(September_25_2023)_7.2、2.14、16.2、6.3	"HMI_Comfort_HMI_Logic_and_Flow_R1_SR24_Post_3A_CR24879_(September_25_2023)_7.2
HMI_Comfort_HMI_Logic_and_Flow_R1_SR24_Post_3A_CR24879_(September_25_2023)_2.14
HMI_Comfort_HMI_Logic_and_Flow_R1_SR24_Post_3A_CR24879_(September_25_2023)_6.3
HMI_Comfort_HMI_Logic_and_Flow_R1_SR24_Post_3A_CR24879_(September_25_2023)_16.2"
T156	NR1L-ComfortHMI-275	R-C48(amend)	1	0
U156	NR1L-ComfortHMI-275	R-C48(amend)	1	0
W156	NR1L-ComfortHMI-275	R-C48(amend)	1	0
X156	NR1L-ComfortHMI-275	R-C48(amend)	1	0
AH156	NR1L-ComfortHMI-275	R-C56		The specification does not name which manual mode the rear system enters when rear AUTO is broken by changing the rear fan speed, so the mode reached after that step cannot be determined from the specification alone
I157	NR1L-ComfortHMI-276	M7	"Any other climate controls do NOT break Auto either.

(read the rear AUTO button -> The rear AUTO button is still highlighted)"	"Any other climate controls do NOT break Auto either.

(read the rear ""AUTO"" button -> The rear ""AUTO"" button is still highlighted)"
L157	NR1L-ComfortHMI-276	M7	"1. Turn rear AUTO on
2. Change the rear temperature
3. Read the rear AUTO button"	"1. Turn rear ""AUTO"" on
2. Change the rear temperature
3. Read the rear ""AUTO"" button"
M157	NR1L-ComfortHMI-276	M7	"1. The rear AUTO button is highlighted
2. The rear temperature changes
3. The rear AUTO button is still highlighted"	"1. The rear ""AUTO"" button is highlighted
2. The rear temperature changes
3. The rear ""AUTO"" button is still highlighted"
N157	NR1L-ComfortHMI-276	R-C49(amend)	HMI_Comfort_HMI_Logic_and_Flow_R1_SR24_Post_3A_CR24879_(September_25_2023)_7.2、2.14、16.2、6.3	"HMI_Comfort_HMI_Logic_and_Flow_R1_SR24_Post_3A_CR24879_(September_25_2023)_7.2
HMI_Comfort_HMI_Logic_and_Flow_R1_SR24_Post_3A_CR24879_(September_25_2023)_2.14
HMI_Comfort_HMI_Logic_and_Flow_R1_SR24_Post_3A_CR24879_(September_25_2023)_6.3
HMI_Comfort_HMI_Logic_and_Flow_R1_SR24_Post_3A_CR24879_(September_25_2023)_16.2"
T157	NR1L-ComfortHMI-276	R-C48(amend)	1	0
U157	NR1L-ComfortHMI-276	R-C48(amend)	1	0
W157	NR1L-ComfortHMI-276	R-C48(amend)	1	0
X157	NR1L-ComfortHMI-276	R-C48(amend)	1	0
N158	NR1L-ComfortHMI-277	R-C49(amend)	HMI_Comfort_HMI_Logic_and_Flow_R1_SR24_Post_3A_CR24879_(September_25_2023)_7.3、2.14、16.2、6.3	"HMI_Comfort_HMI_Logic_and_Flow_R1_SR24_Post_3A_CR24879_(September_25_2023)_7.3
HMI_Comfort_HMI_Logic_and_Flow_R1_SR24_Post_3A_CR24879_(September_25_2023)_2.14
HMI_Comfort_HMI_Logic_and_Flow_R1_SR24_Post_3A_CR24879_(September_25_2023)_6.3
HMI_Comfort_HMI_Logic_and_Flow_R1_SR24_Post_3A_CR24879_(September_25_2023)_16.2"
T158	NR1L-ComfortHMI-277	R-C48(amend)	1	0
U158	NR1L-ComfortHMI-277	R-C48(amend)	1	0
W158	NR1L-ComfortHMI-277	R-C48(amend)	1	0
X158	NR1L-ComfortHMI-277	R-C48(amend)	1	0
L159	NR1L-ComfortHMI-400	M9-compound	"1. Press ""LOCK REAR"", then press ""UNLOCK REAR""
2. Operate a rear climate control"	"1. Press ""LOCK REAR""
2. Press ""UNLOCK REAR""
3. Operate a rear climate control"
M159	NR1L-ComfortHMI-400	M9-compound	"1. The rear climate is unlocked
2. The rear climate control takes effect"	"1. The rear climate is locked
2. The rear climate is unlocked
3. The rear climate control takes effect"
N159	NR1L-ComfortHMI-400	R-C49(amend)	HMI_Comfort_HMI_Logic_and_Flow_R1_SR24_Post_3A_CR24879_(September_25_2023)_7.3、2.14、16.2、6.3	"HMI_Comfort_HMI_Logic_and_Flow_R1_SR24_Post_3A_CR24879_(September_25_2023)_7.3
HMI_Comfort_HMI_Logic_and_Flow_R1_SR24_Post_3A_CR24879_(September_25_2023)_2.14
HMI_Comfort_HMI_Logic_and_Flow_R1_SR24_Post_3A_CR24879_(September_25_2023)_6.3
HMI_Comfort_HMI_Logic_and_Flow_R1_SR24_Post_3A_CR24879_(September_25_2023)_16.2"
T159	NR1L-ComfortHMI-400	R-C48(amend)	1	0
U159	NR1L-ComfortHMI-400	R-C48(amend)	1	0
W159	NR1L-ComfortHMI-400	R-C48(amend)	1	0
X159	NR1L-ComfortHMI-400	R-C48(amend)	1	0
N160	NR1L-ComfortHMI-278	R-C49(amend)	HMI_Comfort_HMI_Logic_and_Flow_R1_SR24_Post_3A_CR24879_(September_25_2023)_7.3、2.14、16.2、6.3	"HMI_Comfort_HMI_Logic_and_Flow_R1_SR24_Post_3A_CR24879_(September_25_2023)_7.3
HMI_Comfort_HMI_Logic_and_Flow_R1_SR24_Post_3A_CR24879_(September_25_2023)_2.14
HMI_Comfort_HMI_Logic_and_Flow_R1_SR24_Post_3A_CR24879_(September_25_2023)_6.3
HMI_Comfort_HMI_Logic_and_Flow_R1_SR24_Post_3A_CR24879_(September_25_2023)_16.2"
T160	NR1L-ComfortHMI-278	R-C48(amend)	1	0
U160	NR1L-ComfortHMI-278	R-C48(amend)	1	0
W160	NR1L-ComfortHMI-278	R-C48(amend)	1	0
X160	NR1L-ComfortHMI-278	R-C48(amend)	1	0
N161	NR1L-ComfortHMI-279	R-C49(amend)	HMI_Comfort_HMI_Logic_and_Flow_R1_SR24_Post_3A_CR24879_(September_25_2023)_7.3、2.14、16.2、6.3	"HMI_Comfort_HMI_Logic_and_Flow_R1_SR24_Post_3A_CR24879_(September_25_2023)_7.3
HMI_Comfort_HMI_Logic_and_Flow_R1_SR24_Post_3A_CR24879_(September_25_2023)_2.14
HMI_Comfort_HMI_Logic_and_Flow_R1_SR24_Post_3A_CR24879_(September_25_2023)_6.3
HMI_Comfort_HMI_Logic_and_Flow_R1_SR24_Post_3A_CR24879_(September_25_2023)_16.2"
T161	NR1L-ComfortHMI-279	R-C48(amend)	1	0
U161	NR1L-ComfortHMI-279	R-C48(amend)	1	0
W161	NR1L-ComfortHMI-279	R-C48(amend)	1	0
X161	NR1L-ComfortHMI-279	R-C48(amend)	1	0
N162	NR1L-ComfortHMI-280	R-C49(amend)	HMI_Comfort_HMI_Logic_and_Flow_R1_SR24_Post_3A_CR24879_(September_25_2023)_7.4、2.14、16.2、6.3	"HMI_Comfort_HMI_Logic_and_Flow_R1_SR24_Post_3A_CR24879_(September_25_2023)_7.4
HMI_Comfort_HMI_Logic_and_Flow_R1_SR24_Post_3A_CR24879_(September_25_2023)_2.14
HMI_Comfort_HMI_Logic_and_Flow_R1_SR24_Post_3A_CR24879_(September_25_2023)_6.3
HMI_Comfort_HMI_Logic_and_Flow_R1_SR24_Post_3A_CR24879_(September_25_2023)_16.2"
T162	NR1L-ComfortHMI-280	R-C48(amend)	1	0
U162	NR1L-ComfortHMI-280	R-C48(amend)	1	0
W162	NR1L-ComfortHMI-280	R-C48(amend)	1	0
X162	NR1L-ComfortHMI-280	R-C48(amend)	1	0
N163	NR1L-ComfortHMI-401	R-C49(amend)	HMI_Comfort_HMI_Logic_and_Flow_R1_SR24_Post_3A_CR24879_(September_25_2023)_7.4、2.14、16.2、6.3	"HMI_Comfort_HMI_Logic_and_Flow_R1_SR24_Post_3A_CR24879_(September_25_2023)_7.4
HMI_Comfort_HMI_Logic_and_Flow_R1_SR24_Post_3A_CR24879_(September_25_2023)_2.14
HMI_Comfort_HMI_Logic_and_Flow_R1_SR24_Post_3A_CR24879_(September_25_2023)_6.3
HMI_Comfort_HMI_Logic_and_Flow_R1_SR24_Post_3A_CR24879_(September_25_2023)_16.2"
T163	NR1L-ComfortHMI-401	R-C48(amend)	1	0
U163	NR1L-ComfortHMI-401	R-C48(amend)	1	0
W163	NR1L-ComfortHMI-401	R-C48(amend)	1	0
X163	NR1L-ComfortHMI-401	R-C48(amend)	1	0
N164	NR1L-ComfortHMI-402	R-C49(amend)	HMI_Comfort_HMI_Logic_and_Flow_R1_SR24_Post_3A_CR24879_(September_25_2023)_7.4、2.14、16.2、6.3	"HMI_Comfort_HMI_Logic_and_Flow_R1_SR24_Post_3A_CR24879_(September_25_2023)_7.4
HMI_Comfort_HMI_Logic_and_Flow_R1_SR24_Post_3A_CR24879_(September_25_2023)_2.14
HMI_Comfort_HMI_Logic_and_Flow_R1_SR24_Post_3A_CR24879_(September_25_2023)_6.3
HMI_Comfort_HMI_Logic_and_Flow_R1_SR24_Post_3A_CR24879_(September_25_2023)_16.2"
T164	NR1L-ComfortHMI-402	R-C48(amend)	1	0
U164	NR1L-ComfortHMI-402	R-C48(amend)	1	0
W164	NR1L-ComfortHMI-402	R-C48(amend)	1	0
X164	NR1L-ComfortHMI-402	R-C48(amend)	1	0
N165	NR1L-ComfortHMI-281	R-C49(amend)	HMI_Comfort_HMI_Logic_and_Flow_R1_SR24_Post_3A_CR24879_(September_25_2023)_7.4、2.14、16.2、6.3	"HMI_Comfort_HMI_Logic_and_Flow_R1_SR24_Post_3A_CR24879_(September_25_2023)_7.4
HMI_Comfort_HMI_Logic_and_Flow_R1_SR24_Post_3A_CR24879_(September_25_2023)_2.14
HMI_Comfort_HMI_Logic_and_Flow_R1_SR24_Post_3A_CR24879_(September_25_2023)_6.3
HMI_Comfort_HMI_Logic_and_Flow_R1_SR24_Post_3A_CR24879_(September_25_2023)_16.2"
T165	NR1L-ComfortHMI-281	R-C48(amend)	1	0
U165	NR1L-ComfortHMI-281	R-C48(amend)	1	0
W165	NR1L-ComfortHMI-281	R-C48(amend)	1	0
X165	NR1L-ComfortHMI-281	R-C48(amend)	1	0
N166	NR1L-ComfortHMI-282	R-C49(amend)	HMI_Comfort_HMI_Logic_and_Flow_R1_SR24_Post_3A_CR24879_(September_25_2023)_7.4、2.14、16.2、6.3	"HMI_Comfort_HMI_Logic_and_Flow_R1_SR24_Post_3A_CR24879_(September_25_2023)_7.4
HMI_Comfort_HMI_Logic_and_Flow_R1_SR24_Post_3A_CR24879_(September_25_2023)_2.14
HMI_Comfort_HMI_Logic_and_Flow_R1_SR24_Post_3A_CR24879_(September_25_2023)_6.3
HMI_Comfort_HMI_Logic_and_Flow_R1_SR24_Post_3A_CR24879_(September_25_2023)_16.2"
T166	NR1L-ComfortHMI-282	R-C48(amend)	1	0
U166	NR1L-ComfortHMI-282	R-C48(amend)	1	0
W166	NR1L-ComfortHMI-282	R-C48(amend)	1	0
X166	NR1L-ComfortHMI-282	R-C48(amend)	1	0
L167	NR1L-ComfortHMI-283	M7	"1. Turn SYNC on
2. Change the driver temperature"	"1. Turn ""SYNC"" on
2. Change the driver temperature"
M167	NR1L-ComfortHMI-283	M7	"1. The SYNC button is highlighted
2. The passenger temperature follows the driver temperature"	"1. The ""SYNC"" button is highlighted
2. The passenger temperature follows the driver temperature"
N167	NR1L-ComfortHMI-283	R-C49(amend)	HMI_Comfort_HMI_Logic_and_Flow_R1_SR24_Post_3A_CR24879_(September_25_2023)_7.4、2.11、2.14、16.2、6.3	"HMI_Comfort_HMI_Logic_and_Flow_R1_SR24_Post_3A_CR24879_(September_25_2023)_7.4
HMI_Comfort_HMI_Logic_and_Flow_R1_SR24_Post_3A_CR24879_(September_25_2023)_2.11
HMI_Comfort_HMI_Logic_and_Flow_R1_SR24_Post_3A_CR24879_(September_25_2023)_2.14
HMI_Comfort_HMI_Logic_and_Flow_R1_SR24_Post_3A_CR24879_(September_25_2023)_6.3
HMI_Comfort_HMI_Logic_and_Flow_R1_SR24_Post_3A_CR24879_(September_25_2023)_16.2"
T167	NR1L-ComfortHMI-283	R-C48(amend)	1	0
U167	NR1L-ComfortHMI-283	R-C48(amend)	1	0
W167	NR1L-ComfortHMI-283	R-C48(amend)	1	0
X167	NR1L-ComfortHMI-283	R-C48(amend)	1	0
I168	NR1L-ComfortHMI-403	M7	"If SYNC is ON, adjusting driver temperature affects passenger temperatures, adjusting passenger temperatures would break SYNC and turn it off.

(change the passenger temperature -> SYNC is turned off and the SYNC button is no longer highlighted)"	"If SYNC is ON, adjusting driver temperature affects passenger temperatures, adjusting passenger temperatures would break SYNC and turn it off.

(change the passenger temperature -> SYNC is turned off and the ""SYNC"" button is no longer highlighted)"
L168	NR1L-ComfortHMI-403	M7	"1. Turn SYNC on
2. Change the passenger temperature"	"1. Turn ""SYNC"" on
2. Change the passenger temperature"
M168	NR1L-ComfortHMI-403	M7	"1. The SYNC button is highlighted
2. SYNC is turned off and the SYNC button is no longer highlighted"	"1. The ""SYNC"" button is highlighted
2. SYNC is turned off and the ""SYNC"" button is no longer highlighted"
N168	NR1L-ComfortHMI-403	R-C49(amend)	HMI_Comfort_HMI_Logic_and_Flow_R1_SR24_Post_3A_CR24879_(September_25_2023)_7.4、2.11、2.14、16.2、6.3	"HMI_Comfort_HMI_Logic_and_Flow_R1_SR24_Post_3A_CR24879_(September_25_2023)_7.4
HMI_Comfort_HMI_Logic_and_Flow_R1_SR24_Post_3A_CR24879_(September_25_2023)_2.11
HMI_Comfort_HMI_Logic_and_Flow_R1_SR24_Post_3A_CR24879_(September_25_2023)_2.14
HMI_Comfort_HMI_Logic_and_Flow_R1_SR24_Post_3A_CR24879_(September_25_2023)_6.3
HMI_Comfort_HMI_Logic_and_Flow_R1_SR24_Post_3A_CR24879_(September_25_2023)_16.2"
T168	NR1L-ComfortHMI-403	R-C48(amend)	1	0
U168	NR1L-ComfortHMI-403	R-C48(amend)	1	0
W168	NR1L-ComfortHMI-403	R-C48(amend)	1	0
X168	NR1L-ComfortHMI-403	R-C48(amend)	1	0
N169	NR1L-ComfortHMI-284	R-C49(amend)	HMI_Comfort_HMI_Logic_and_Flow_R1_SR24_Post_3A_CR24879_(September_25_2023)_7.5、2.14、16.2、6.3	"HMI_Comfort_HMI_Logic_and_Flow_R1_SR24_Post_3A_CR24879_(September_25_2023)_7.5
HMI_Comfort_HMI_Logic_and_Flow_R1_SR24_Post_3A_CR24879_(September_25_2023)_2.14
HMI_Comfort_HMI_Logic_and_Flow_R1_SR24_Post_3A_CR24879_(September_25_2023)_6.3
HMI_Comfort_HMI_Logic_and_Flow_R1_SR24_Post_3A_CR24879_(September_25_2023)_16.2"
T169	NR1L-ComfortHMI-284	R-C48(amend)	1	0
U169	NR1L-ComfortHMI-284	R-C48(amend)	1	0
W169	NR1L-ComfortHMI-284	R-C48(amend)	1	0
X169	NR1L-ComfortHMI-284	R-C48(amend)	1	0
I170	NR1L-ComfortHMI-404	M7	"CR5.) Fan ranges: Off, 1-7, 15h (denoting to show AUTO instead).

(read the rear fan speed indicator -> The rear fan speed indicator shows AUTO)"	"CR5.) Fan ranges: Off, 1-7, 15h (denoting to show AUTO instead).

(read the rear fan speed indicator -> The rear fan speed indicator shows ""AUTO"")"
L170	NR1L-ComfortHMI-404	M7	"1. Turn rear AUTO on
2. Read the rear fan speed indicator"	"1. Turn rear ""AUTO"" on
2. Read the rear fan speed indicator"
M170	NR1L-ComfortHMI-404	M7	"1. The rear AUTO button is highlighted
2. The rear fan speed indicator shows AUTO"	"1. The rear ""AUTO"" button is highlighted
2. The rear fan speed indicator shows ""AUTO"""
N170	NR1L-ComfortHMI-404	R-C49(amend)	HMI_Comfort_HMI_Logic_and_Flow_R1_SR24_Post_3A_CR24879_(September_25_2023)_7.5、2.14、16.2、6.3	"HMI_Comfort_HMI_Logic_and_Flow_R1_SR24_Post_3A_CR24879_(September_25_2023)_7.5
HMI_Comfort_HMI_Logic_and_Flow_R1_SR24_Post_3A_CR24879_(September_25_2023)_2.14
HMI_Comfort_HMI_Logic_and_Flow_R1_SR24_Post_3A_CR24879_(September_25_2023)_6.3
HMI_Comfort_HMI_Logic_and_Flow_R1_SR24_Post_3A_CR24879_(September_25_2023)_16.2"
T170	NR1L-ComfortHMI-404	R-C48(amend)	1	0
U170	NR1L-ComfortHMI-404	R-C48(amend)	1	0
W170	NR1L-ComfortHMI-404	R-C48(amend)	1	0
X170	NR1L-ComfortHMI-404	R-C48(amend)	1	0
N171	NR1L-ComfortHMI-285	R-C49(amend)	HMI_Comfort_HMI_Logic_and_Flow_R1_SR24_Post_3A_CR24879_(September_25_2023)_7.5、2.14、16.2、6.3	"HMI_Comfort_HMI_Logic_and_Flow_R1_SR24_Post_3A_CR24879_(September_25_2023)_7.5
HMI_Comfort_HMI_Logic_and_Flow_R1_SR24_Post_3A_CR24879_(September_25_2023)_2.14
HMI_Comfort_HMI_Logic_and_Flow_R1_SR24_Post_3A_CR24879_(September_25_2023)_6.3
HMI_Comfort_HMI_Logic_and_Flow_R1_SR24_Post_3A_CR24879_(September_25_2023)_16.2"
T171	NR1L-ComfortHMI-285	R-C48(amend)	1	0
U171	NR1L-ComfortHMI-285	R-C48(amend)	1	0
W171	NR1L-ComfortHMI-285	R-C48(amend)	1	0
X171	NR1L-ComfortHMI-285	R-C48(amend)	1	0
N172	NR1L-ComfortHMI-286	R-C49(amend)	HMI_Comfort_HMI_Logic_and_Flow_R1_SR24_Post_3A_CR24879_(September_25_2023)_7.5、2.14、16.2、6.3	"HMI_Comfort_HMI_Logic_and_Flow_R1_SR24_Post_3A_CR24879_(September_25_2023)_7.5
HMI_Comfort_HMI_Logic_and_Flow_R1_SR24_Post_3A_CR24879_(September_25_2023)_2.14
HMI_Comfort_HMI_Logic_and_Flow_R1_SR24_Post_3A_CR24879_(September_25_2023)_6.3
HMI_Comfort_HMI_Logic_and_Flow_R1_SR24_Post_3A_CR24879_(September_25_2023)_16.2"
T172	NR1L-ComfortHMI-286	R-C48(amend)	1	0
U172	NR1L-ComfortHMI-286	R-C48(amend)	1	0
W172	NR1L-ComfortHMI-286	R-C48(amend)	1	0
X172	NR1L-ComfortHMI-286	R-C48(amend)	1	0
N173	NR1L-ComfortHMI-287	R-C49(amend)	HMI_Comfort_HMI_Logic_and_Flow_R1_SR24_Post_3A_CR24879_(September_25_2023)_7.5、2.14、16.2、6.3	"HMI_Comfort_HMI_Logic_and_Flow_R1_SR24_Post_3A_CR24879_(September_25_2023)_7.5
HMI_Comfort_HMI_Logic_and_Flow_R1_SR24_Post_3A_CR24879_(September_25_2023)_2.14
HMI_Comfort_HMI_Logic_and_Flow_R1_SR24_Post_3A_CR24879_(September_25_2023)_6.3
HMI_Comfort_HMI_Logic_and_Flow_R1_SR24_Post_3A_CR24879_(September_25_2023)_16.2"
T173	NR1L-ComfortHMI-287	R-C48(amend)	1	0
U173	NR1L-ComfortHMI-287	R-C48(amend)	1	0
W173	NR1L-ComfortHMI-287	R-C48(amend)	1	0
X173	NR1L-ComfortHMI-287	R-C48(amend)	1	0
N174	NR1L-ComfortHMI-288	R-C49(amend)	HMI_Comfort_HMI_Logic_and_Flow_R1_SR24_Post_3A_CR24879_(September_25_2023)_7.6、2.14、16.2、6.3	"HMI_Comfort_HMI_Logic_and_Flow_R1_SR24_Post_3A_CR24879_(September_25_2023)_7.6
HMI_Comfort_HMI_Logic_and_Flow_R1_SR24_Post_3A_CR24879_(September_25_2023)_2.14
HMI_Comfort_HMI_Logic_and_Flow_R1_SR24_Post_3A_CR24879_(September_25_2023)_6.3
HMI_Comfort_HMI_Logic_and_Flow_R1_SR24_Post_3A_CR24879_(September_25_2023)_16.2"
T174	NR1L-ComfortHMI-288	R-C48(amend)	1	0
U174	NR1L-ComfortHMI-288	R-C48(amend)	1	0
W174	NR1L-ComfortHMI-288	R-C48(amend)	1	0
X174	NR1L-ComfortHMI-288	R-C48(amend)	1	0
N175	NR1L-ComfortHMI-289	R-C49(amend)	HMI_Comfort_HMI_Logic_and_Flow_R1_SR24_Post_3A_CR24879_(September_25_2023)_7.6、2.14、16.2、6.3	"HMI_Comfort_HMI_Logic_and_Flow_R1_SR24_Post_3A_CR24879_(September_25_2023)_7.6
HMI_Comfort_HMI_Logic_and_Flow_R1_SR24_Post_3A_CR24879_(September_25_2023)_2.14
HMI_Comfort_HMI_Logic_and_Flow_R1_SR24_Post_3A_CR24879_(September_25_2023)_6.3
HMI_Comfort_HMI_Logic_and_Flow_R1_SR24_Post_3A_CR24879_(September_25_2023)_16.2"
T175	NR1L-ComfortHMI-289	R-C48(amend)	1	0
U175	NR1L-ComfortHMI-289	R-C48(amend)	1	0
W175	NR1L-ComfortHMI-289	R-C48(amend)	1	0
X175	NR1L-ComfortHMI-289	R-C48(amend)	1	0
N176	NR1L-ComfortHMI-290	R-C49(amend)	HMI_Comfort_HMI_Logic_and_Flow_R1_SR24_Post_3A_CR24879_(September_25_2023)_7.6、2.14、16.2、6.3	"HMI_Comfort_HMI_Logic_and_Flow_R1_SR24_Post_3A_CR24879_(September_25_2023)_7.6
HMI_Comfort_HMI_Logic_and_Flow_R1_SR24_Post_3A_CR24879_(September_25_2023)_2.14
HMI_Comfort_HMI_Logic_and_Flow_R1_SR24_Post_3A_CR24879_(September_25_2023)_6.3
HMI_Comfort_HMI_Logic_and_Flow_R1_SR24_Post_3A_CR24879_(September_25_2023)_16.2"
T176	NR1L-ComfortHMI-290	R-C48(amend)	1	0
U176	NR1L-ComfortHMI-290	R-C48(amend)	1	0
W176	NR1L-ComfortHMI-290	R-C48(amend)	1	0
X176	NR1L-ComfortHMI-290	R-C48(amend)	1	0
N177	NR1L-ComfortHMI-291	R-C49(amend)	HMI_Comfort_HMI_Logic_and_Flow_R1_SR24_Post_3A_CR24879_(September_25_2023)_7.6、2.14、16.2、6.3	"HMI_Comfort_HMI_Logic_and_Flow_R1_SR24_Post_3A_CR24879_(September_25_2023)_7.6
HMI_Comfort_HMI_Logic_and_Flow_R1_SR24_Post_3A_CR24879_(September_25_2023)_2.14
HMI_Comfort_HMI_Logic_and_Flow_R1_SR24_Post_3A_CR24879_(September_25_2023)_6.3
HMI_Comfort_HMI_Logic_and_Flow_R1_SR24_Post_3A_CR24879_(September_25_2023)_16.2"
T177	NR1L-ComfortHMI-291	R-C48(amend)	1	0
U177	NR1L-ComfortHMI-291	R-C48(amend)	1	0
W177	NR1L-ComfortHMI-291	R-C48(amend)	1	0
X177	NR1L-ComfortHMI-291	R-C48(amend)	1	0
N178	NR1L-ComfortHMI-292	R-C49(amend)	HMI_Comfort_HMI_Logic_and_Flow_R1_SR24_Post_3A_CR24879_(September_25_2023)_7.6、2.14、16.2、6.3	"HMI_Comfort_HMI_Logic_and_Flow_R1_SR24_Post_3A_CR24879_(September_25_2023)_7.6
HMI_Comfort_HMI_Logic_and_Flow_R1_SR24_Post_3A_CR24879_(September_25_2023)_2.14
HMI_Comfort_HMI_Logic_and_Flow_R1_SR24_Post_3A_CR24879_(September_25_2023)_6.3
HMI_Comfort_HMI_Logic_and_Flow_R1_SR24_Post_3A_CR24879_(September_25_2023)_16.2"
T178	NR1L-ComfortHMI-292	R-C48(amend)	1	0
U178	NR1L-ComfortHMI-292	R-C48(amend)	1	0
W178	NR1L-ComfortHMI-292	R-C48(amend)	1	0
X178	NR1L-ComfortHMI-292	R-C48(amend)	1	0
L179	NR1L-ComfortHMI-293	M7	"1. Turn SYNC on
2. Change the driver temperature
3. Read the rear temperature"	"1. Turn ""SYNC"" on
2. Change the driver temperature
3. Read the rear temperature"
M179	NR1L-ComfortHMI-293	M7	"1. The SYNC button is highlighted
2. The driver temperature changes
3. The rear temperature follows the driver temperature"	"1. The ""SYNC"" button is highlighted
2. The driver temperature changes
3. The rear temperature follows the driver temperature"
N179	NR1L-ComfortHMI-293	R-C49(amend)	HMI_Comfort_HMI_Logic_and_Flow_R1_SR24_Post_3A_CR24879_(September_25_2023)_7.7、2.11、2.14、16.2、6.3	"HMI_Comfort_HMI_Logic_and_Flow_R1_SR24_Post_3A_CR24879_(September_25_2023)_7.7
HMI_Comfort_HMI_Logic_and_Flow_R1_SR24_Post_3A_CR24879_(September_25_2023)_2.11
HMI_Comfort_HMI_Logic_and_Flow_R1_SR24_Post_3A_CR24879_(September_25_2023)_2.14
HMI_Comfort_HMI_Logic_and_Flow_R1_SR24_Post_3A_CR24879_(September_25_2023)_6.3
HMI_Comfort_HMI_Logic_and_Flow_R1_SR24_Post_3A_CR24879_(September_25_2023)_16.2"
T179	NR1L-ComfortHMI-293	R-C48(amend)	1	0
U179	NR1L-ComfortHMI-293	R-C48(amend)	1	0
W179	NR1L-ComfortHMI-293	R-C48(amend)	1	0
X179	NR1L-ComfortHMI-293	R-C48(amend)	1	0
I180	NR1L-ComfortHMI-294	M7	"Adjusting the front or rear passenger temperature, mode, and fan speed via touchscreen or hard control would break SYNC.

(read the SYNC button -> SYNC is off and the SYNC button is no longer highlighted)"	"Adjusting the front or rear passenger temperature, mode, and fan speed via touchscreen or hard control would break SYNC.

(read the ""SYNC"" button -> SYNC is off and the ""SYNC"" button is no longer highlighted)"
L180	NR1L-ComfortHMI-294	M7	"1. Turn SYNC on
2. Change the rear passenger temperature using the rear climate controls
3. Read the SYNC button"	"1. Turn ""SYNC"" on
2. Change the rear passenger temperature using the rear climate controls
3. Read the ""SYNC"" button"
M180	NR1L-ComfortHMI-294	M7	"1. The SYNC button is highlighted
2. The rear passenger temperature changes
3. SYNC is off and the SYNC button is no longer highlighted"	"1. The ""SYNC"" button is highlighted
2. The rear passenger temperature changes
3. SYNC is off and the ""SYNC"" button is no longer highlighted"
N180	NR1L-ComfortHMI-294	R-C49(amend)	HMI_Comfort_HMI_Logic_and_Flow_R1_SR24_Post_3A_CR24879_(September_25_2023)_7.7、2.11、2.14、16.2、6.3	"HMI_Comfort_HMI_Logic_and_Flow_R1_SR24_Post_3A_CR24879_(September_25_2023)_7.7
HMI_Comfort_HMI_Logic_and_Flow_R1_SR24_Post_3A_CR24879_(September_25_2023)_2.11
HMI_Comfort_HMI_Logic_and_Flow_R1_SR24_Post_3A_CR24879_(September_25_2023)_2.14
HMI_Comfort_HMI_Logic_and_Flow_R1_SR24_Post_3A_CR24879_(September_25_2023)_6.3
HMI_Comfort_HMI_Logic_and_Flow_R1_SR24_Post_3A_CR24879_(September_25_2023)_16.2"
T180	NR1L-ComfortHMI-294	R-C48(amend)	1	0
U180	NR1L-ComfortHMI-294	R-C48(amend)	1	0
W180	NR1L-ComfortHMI-294	R-C48(amend)	1	0
X180	NR1L-ComfortHMI-294	R-C48(amend)	1	0
L181	NR1L-ComfortHMI-295	M7	"1. Turn SYNC on
2. Change the front fan speed
3. Read the rear fan speed"	"1. Turn ""SYNC"" on
2. Change the front fan speed
3. Read the rear fan speed"
M181	NR1L-ComfortHMI-295	M7	"1. The SYNC button is highlighted
2. The front fan speed changes
3. The rear fan speed follows the front fan speed"	"1. The ""SYNC"" button is highlighted
2. The front fan speed changes
3. The rear fan speed follows the front fan speed"
N181	NR1L-ComfortHMI-295	R-C49(amend)	HMI_Comfort_HMI_Logic_and_Flow_R1_SR24_Post_3A_CR24879_(September_25_2023)_7.7、2.11、2.14、16.2、6.3	"HMI_Comfort_HMI_Logic_and_Flow_R1_SR24_Post_3A_CR24879_(September_25_2023)_7.7
HMI_Comfort_HMI_Logic_and_Flow_R1_SR24_Post_3A_CR24879_(September_25_2023)_2.11
HMI_Comfort_HMI_Logic_and_Flow_R1_SR24_Post_3A_CR24879_(September_25_2023)_2.14
HMI_Comfort_HMI_Logic_and_Flow_R1_SR24_Post_3A_CR24879_(September_25_2023)_6.3
HMI_Comfort_HMI_Logic_and_Flow_R1_SR24_Post_3A_CR24879_(September_25_2023)_16.2"
T181	NR1L-ComfortHMI-295	R-C48(amend)	1	0
U181	NR1L-ComfortHMI-295	R-C48(amend)	1	0
W181	NR1L-ComfortHMI-295	R-C48(amend)	1	0
X181	NR1L-ComfortHMI-295	R-C48(amend)	1	0
L182	NR1L-ComfortHMI-296	M7	"1. Select the rear Feet mode
2. Read the rear airflow mode"	"1. Select the rear ""Feet"" mode
2. Read the rear airflow mode"
N182	NR1L-ComfortHMI-296	R-C49(amend)	HMI_Comfort_HMI_Logic_and_Flow_R1_SR24_Post_3A_CR24879_(September_25_2023)_7.8、2.14、16.2、6.3	"HMI_Comfort_HMI_Logic_and_Flow_R1_SR24_Post_3A_CR24879_(September_25_2023)_7.8
HMI_Comfort_HMI_Logic_and_Flow_R1_SR24_Post_3A_CR24879_(September_25_2023)_2.14
HMI_Comfort_HMI_Logic_and_Flow_R1_SR24_Post_3A_CR24879_(September_25_2023)_6.3
HMI_Comfort_HMI_Logic_and_Flow_R1_SR24_Post_3A_CR24879_(September_25_2023)_16.2"
T182	NR1L-ComfortHMI-296	R-C48(amend)	1	0
U182	NR1L-ComfortHMI-296	R-C48(amend)	1	0
W182	NR1L-ComfortHMI-296	R-C48(amend)	1	0
X182	NR1L-ComfortHMI-296	R-C48(amend)	1	0
L183	NR1L-ComfortHMI-405	M7	"1. Select the rear Face + Feet mode
2. Read the rear airflow mode"	"1. Select the rear ""Face + Feet"" mode
2. Read the rear airflow mode"
N183	NR1L-ComfortHMI-405	R-C49(amend)	HMI_Comfort_HMI_Logic_and_Flow_R1_SR24_Post_3A_CR24879_(September_25_2023)_7.8、2.14、16.2、6.3	"HMI_Comfort_HMI_Logic_and_Flow_R1_SR24_Post_3A_CR24879_(September_25_2023)_7.8
HMI_Comfort_HMI_Logic_and_Flow_R1_SR24_Post_3A_CR24879_(September_25_2023)_2.14
HMI_Comfort_HMI_Logic_and_Flow_R1_SR24_Post_3A_CR24879_(September_25_2023)_6.3
HMI_Comfort_HMI_Logic_and_Flow_R1_SR24_Post_3A_CR24879_(September_25_2023)_16.2"
T183	NR1L-ComfortHMI-405	R-C48(amend)	1	0
U183	NR1L-ComfortHMI-405	R-C48(amend)	1	0
W183	NR1L-ComfortHMI-405	R-C48(amend)	1	0
X183	NR1L-ComfortHMI-405	R-C48(amend)	1	0
L184	NR1L-ComfortHMI-406	M7	"1. Select the rear Face mode
2. Read the rear airflow mode"	"1. Select the rear ""Face"" mode
2. Read the rear airflow mode"
N184	NR1L-ComfortHMI-406	R-C49(amend)	HMI_Comfort_HMI_Logic_and_Flow_R1_SR24_Post_3A_CR24879_(September_25_2023)_7.8、2.14、16.2、6.3	"HMI_Comfort_HMI_Logic_and_Flow_R1_SR24_Post_3A_CR24879_(September_25_2023)_7.8
HMI_Comfort_HMI_Logic_and_Flow_R1_SR24_Post_3A_CR24879_(September_25_2023)_2.14
HMI_Comfort_HMI_Logic_and_Flow_R1_SR24_Post_3A_CR24879_(September_25_2023)_6.3
HMI_Comfort_HMI_Logic_and_Flow_R1_SR24_Post_3A_CR24879_(September_25_2023)_16.2"
T184	NR1L-ComfortHMI-406	R-C48(amend)	1	0
U184	NR1L-ComfortHMI-406	R-C48(amend)	1	0
W184	NR1L-ComfortHMI-406	R-C48(amend)	1	0
X184	NR1L-ComfortHMI-406	R-C48(amend)	1	0
N185	NR1L-ComfortHMI-297	R-C49(amend)	HMI_Comfort_HMI_Logic_and_Flow_R1_SR24_Post_3A_CR24879_(September_25_2023)_7.8、2.14、16.2、6.3	"HMI_Comfort_HMI_Logic_and_Flow_R1_SR24_Post_3A_CR24879_(September_25_2023)_7.8
HMI_Comfort_HMI_Logic_and_Flow_R1_SR24_Post_3A_CR24879_(September_25_2023)_2.14
HMI_Comfort_HMI_Logic_and_Flow_R1_SR24_Post_3A_CR24879_(September_25_2023)_6.3
HMI_Comfort_HMI_Logic_and_Flow_R1_SR24_Post_3A_CR24879_(September_25_2023)_16.2"
T185	NR1L-ComfortHMI-297	R-C48(amend)	1	0
U185	NR1L-ComfortHMI-297	R-C48(amend)	1	0
W185	NR1L-ComfortHMI-297	R-C48(amend)	1	0
X185	NR1L-ComfortHMI-297	R-C48(amend)	1	0
L186	NR1L-ComfortHMI-298	M7	"1. Select a rear airflow mode
2. Turn rear AUTO on
3. Read the rear airflow mode buttons"	"1. Select a rear airflow mode
2. Turn rear ""AUTO"" on
3. Read the rear airflow mode buttons"
M186	NR1L-ComfortHMI-298	M7	"1. The selected rear airflow mode button is highlighted
2. The rear AUTO button is highlighted
3. The rear airflow mode buttons are turned off"	"1. The selected rear airflow mode button is highlighted
2. The rear ""AUTO"" button is highlighted
3. The rear airflow mode buttons are turned off"
N186	NR1L-ComfortHMI-298	R-C49(amend)	HMI_Comfort_HMI_Logic_and_Flow_R1_SR24_Post_3A_CR24879_(September_25_2023)_7.8、2.14、16.2、6.3	"HMI_Comfort_HMI_Logic_and_Flow_R1_SR24_Post_3A_CR24879_(September_25_2023)_7.8
HMI_Comfort_HMI_Logic_and_Flow_R1_SR24_Post_3A_CR24879_(September_25_2023)_2.14
HMI_Comfort_HMI_Logic_and_Flow_R1_SR24_Post_3A_CR24879_(September_25_2023)_6.3
HMI_Comfort_HMI_Logic_and_Flow_R1_SR24_Post_3A_CR24879_(September_25_2023)_16.2"
T186	NR1L-ComfortHMI-298	R-C48(amend)	1	0
U186	NR1L-ComfortHMI-298	R-C48(amend)	1	0
W186	NR1L-ComfortHMI-298	R-C48(amend)	1	0
X186	NR1L-ComfortHMI-298	R-C48(amend)	1	0
I187	NR1L-ComfortHMI-299	M7	"Only one mode can be selected at a time.

(read the rear airflow mode buttons -> Only the rear Face mode button is highlighted)"	"Only one mode can be selected at a time.

(read the rear airflow mode buttons -> Only the rear ""Face"" mode button is highlighted)"
L187	NR1L-ComfortHMI-299	M7	"1. Select the rear Feet mode
2. Select the rear Face mode
3. Read the rear airflow mode buttons"	"1. Select the rear ""Feet"" mode
2. Select the rear ""Face"" mode
3. Read the rear airflow mode buttons"
M187	NR1L-ComfortHMI-299	M7	"1. The rear Feet mode is selected
2. The rear Face mode is selected
3. Only the rear Face mode button is highlighted"	"1. The rear Feet mode is selected
2. The rear Face mode is selected
3. Only the rear ""Face"" mode button is highlighted"
N187	NR1L-ComfortHMI-299	R-C49(amend)	HMI_Comfort_HMI_Logic_and_Flow_R1_SR24_Post_3A_CR24879_(September_25_2023)_7.8、2.14、16.2、6.3	"HMI_Comfort_HMI_Logic_and_Flow_R1_SR24_Post_3A_CR24879_(September_25_2023)_7.8
HMI_Comfort_HMI_Logic_and_Flow_R1_SR24_Post_3A_CR24879_(September_25_2023)_2.14
HMI_Comfort_HMI_Logic_and_Flow_R1_SR24_Post_3A_CR24879_(September_25_2023)_6.3
HMI_Comfort_HMI_Logic_and_Flow_R1_SR24_Post_3A_CR24879_(September_25_2023)_16.2"
T187	NR1L-ComfortHMI-299	R-C48(amend)	1	0
U187	NR1L-ComfortHMI-299	R-C48(amend)	1	0
W187	NR1L-ComfortHMI-299	R-C48(amend)	1	0
X187	NR1L-ComfortHMI-299	R-C48(amend)	1	0
N188	NR1L-ComfortHMI-300	R-C49(amend)	HMI_Comfort_HMI_Logic_and_Flow_R1_SR24_Post_3A_CR24879_(September_25_2023)_7.8、2.14、16.2、6.3	"HMI_Comfort_HMI_Logic_and_Flow_R1_SR24_Post_3A_CR24879_(September_25_2023)_7.8
HMI_Comfort_HMI_Logic_and_Flow_R1_SR24_Post_3A_CR24879_(September_25_2023)_2.14
HMI_Comfort_HMI_Logic_and_Flow_R1_SR24_Post_3A_CR24879_(September_25_2023)_6.3
HMI_Comfort_HMI_Logic_and_Flow_R1_SR24_Post_3A_CR24879_(September_25_2023)_16.2"
T188	NR1L-ComfortHMI-300	R-C48(amend)	1	0
U188	NR1L-ComfortHMI-300	R-C48(amend)	1	0
W188	NR1L-ComfortHMI-300	R-C48(amend)	1	0
X188	NR1L-ComfortHMI-300	R-C48(amend)	1	0
N189	NR1L-ComfortHMI-407	R-C49(amend)	HMI_Comfort_HMI_Logic_and_Flow_R1_SR24_Post_3A_CR24879_(September_25_2023)_7.8、2.14、16.2、6.3	"HMI_Comfort_HMI_Logic_and_Flow_R1_SR24_Post_3A_CR24879_(September_25_2023)_7.8
HMI_Comfort_HMI_Logic_and_Flow_R1_SR24_Post_3A_CR24879_(September_25_2023)_2.14
HMI_Comfort_HMI_Logic_and_Flow_R1_SR24_Post_3A_CR24879_(September_25_2023)_6.3
HMI_Comfort_HMI_Logic_and_Flow_R1_SR24_Post_3A_CR24879_(September_25_2023)_16.2"
T189	NR1L-ComfortHMI-407	R-C48(amend)	1	0
U189	NR1L-ComfortHMI-407	R-C48(amend)	1	0
W189	NR1L-ComfortHMI-407	R-C48(amend)	1	0
X189	NR1L-ComfortHMI-407	R-C48(amend)	1	0
N190	NR1L-ComfortHMI-301	R-C49(amend)	HMI_Comfort_HMI_Logic_and_Flow_R1_SR24_Post_3A_CR24879_(September_25_2023)_7.9、2.14、16.2、6.3	"HMI_Comfort_HMI_Logic_and_Flow_R1_SR24_Post_3A_CR24879_(September_25_2023)_7.9
HMI_Comfort_HMI_Logic_and_Flow_R1_SR24_Post_3A_CR24879_(September_25_2023)_2.14
HMI_Comfort_HMI_Logic_and_Flow_R1_SR24_Post_3A_CR24879_(September_25_2023)_6.3
HMI_Comfort_HMI_Logic_and_Flow_R1_SR24_Post_3A_CR24879_(September_25_2023)_16.2"
T190	NR1L-ComfortHMI-301	R-C48(amend)	1	0
U190	NR1L-ComfortHMI-301	R-C48(amend)	1	0
W190	NR1L-ComfortHMI-301	R-C48(amend)	1	0
X190	NR1L-ComfortHMI-301	R-C48(amend)	1	0
N191	NR1L-ComfortHMI-302	R-C49(amend)	HMI_Comfort_HMI_Logic_and_Flow_R1_SR24_Post_3A_CR24879_(September_25_2023)_7.10、2.14、16.2、6.3	"HMI_Comfort_HMI_Logic_and_Flow_R1_SR24_Post_3A_CR24879_(September_25_2023)_7.10
HMI_Comfort_HMI_Logic_and_Flow_R1_SR24_Post_3A_CR24879_(September_25_2023)_2.14
HMI_Comfort_HMI_Logic_and_Flow_R1_SR24_Post_3A_CR24879_(September_25_2023)_6.3
HMI_Comfort_HMI_Logic_and_Flow_R1_SR24_Post_3A_CR24879_(September_25_2023)_16.2"
T191	NR1L-ComfortHMI-302	R-C48(amend)	1	0
U191	NR1L-ComfortHMI-302	R-C48(amend)	1	0
W191	NR1L-ComfortHMI-302	R-C48(amend)	1	0
X191	NR1L-ComfortHMI-302	R-C48(amend)	1	0
N192	NR1L-ComfortHMI-303	R-C49(amend)	HMI_Comfort_HMI_Logic_and_Flow_R1_SR24_Post_3A_CR24879_(September_25_2023)_7.10、2.14、16.2、6.3	"HMI_Comfort_HMI_Logic_and_Flow_R1_SR24_Post_3A_CR24879_(September_25_2023)_7.10
HMI_Comfort_HMI_Logic_and_Flow_R1_SR24_Post_3A_CR24879_(September_25_2023)_2.14
HMI_Comfort_HMI_Logic_and_Flow_R1_SR24_Post_3A_CR24879_(September_25_2023)_6.3
HMI_Comfort_HMI_Logic_and_Flow_R1_SR24_Post_3A_CR24879_(September_25_2023)_16.2"
T192	NR1L-ComfortHMI-303	R-C48(amend)	1	0
U192	NR1L-ComfortHMI-303	R-C48(amend)	1	0
W192	NR1L-ComfortHMI-303	R-C48(amend)	1	0
X192	NR1L-ComfortHMI-303	R-C48(amend)	1	0
N193	NR1L-ComfortHMI-459	R-C49(amend)	HMI_Comfort_HMI_Logic_and_Flow_R1_SR24_Post_3A_CR24879_(September_25_2023)_9.1、2.14、16.2、6.3	"HMI_Comfort_HMI_Logic_and_Flow_R1_SR24_Post_3A_CR24879_(September_25_2023)_9.1
HMI_Comfort_HMI_Logic_and_Flow_R1_SR24_Post_3A_CR24879_(September_25_2023)_2.14
HMI_Comfort_HMI_Logic_and_Flow_R1_SR24_Post_3A_CR24879_(September_25_2023)_6.3
HMI_Comfort_HMI_Logic_and_Flow_R1_SR24_Post_3A_CR24879_(September_25_2023)_16.2"
T193	NR1L-ComfortHMI-459	R-C48(amend)	1	0
U193	NR1L-ComfortHMI-459	R-C48(amend)	1	0
W193	NR1L-ComfortHMI-459	R-C48(amend)	1	0
X193	NR1L-ComfortHMI-459	R-C48(amend)	1	0
N194	NR1L-ComfortHMI-367	R-C49(amend)	HMI_Comfort_HMI_Logic_and_Flow_R1_SR24_Post_3A_CR24879_(September_25_2023)_9.2、9.1、2.14、16.2、6.3	"HMI_Comfort_HMI_Logic_and_Flow_R1_SR24_Post_3A_CR24879_(September_25_2023)_9.2
HMI_Comfort_HMI_Logic_and_Flow_R1_SR24_Post_3A_CR24879_(September_25_2023)_2.14
HMI_Comfort_HMI_Logic_and_Flow_R1_SR24_Post_3A_CR24879_(September_25_2023)_6.3
HMI_Comfort_HMI_Logic_and_Flow_R1_SR24_Post_3A_CR24879_(September_25_2023)_9.1
HMI_Comfort_HMI_Logic_and_Flow_R1_SR24_Post_3A_CR24879_(September_25_2023)_16.2"
T194	NR1L-ComfortHMI-367	R-C48(amend)	1	0
U194	NR1L-ComfortHMI-367	R-C48(amend)	1	0
W194	NR1L-ComfortHMI-367	R-C48(amend)	1	0
X194	NR1L-ComfortHMI-367	R-C48(amend)	1	0
I195	NR1L-ComfortHMI-408	M7	"The pop up will show the front fan speed status (level number, AUTO, OFF) and the Rear fan status (level number, AUTO, OFF).

(trigger the fan speed pop up using the hard controls -> The pop up shows AUTO as the front fan status)"	"The pop up will show the front fan speed status (level number, AUTO, OFF) and the Rear fan status (level number, AUTO, OFF).

(trigger the fan speed pop up using the hard controls -> The pop up shows ""AUTO"" as the front fan status)"
L195	NR1L-ComfortHMI-408	M7	"1. Turn AUTO on for the front climate
2. Trigger the fan speed pop up using the hard controls"	"1. Turn ""AUTO"" on for the front climate
2. Trigger the fan speed pop up using the hard controls"
M195	NR1L-ComfortHMI-408	M7	"1. The front climate is in AUTO
2. The pop up shows AUTO as the front fan status"	"1. The front climate is in AUTO
2. The pop up shows ""AUTO"" as the front fan status"
N195	NR1L-ComfortHMI-408	R-C49(amend)	HMI_Comfort_HMI_Logic_and_Flow_R1_SR24_Post_3A_CR24879_(September_25_2023)_9.2、9.1、2.14、16.2、6.3	"HMI_Comfort_HMI_Logic_and_Flow_R1_SR24_Post_3A_CR24879_(September_25_2023)_9.2
HMI_Comfort_HMI_Logic_and_Flow_R1_SR24_Post_3A_CR24879_(September_25_2023)_2.14
HMI_Comfort_HMI_Logic_and_Flow_R1_SR24_Post_3A_CR24879_(September_25_2023)_6.3
HMI_Comfort_HMI_Logic_and_Flow_R1_SR24_Post_3A_CR24879_(September_25_2023)_9.1
HMI_Comfort_HMI_Logic_and_Flow_R1_SR24_Post_3A_CR24879_(September_25_2023)_16.2"
T195	NR1L-ComfortHMI-408	R-C48(amend)	1	0
U195	NR1L-ComfortHMI-408	R-C48(amend)	1	0
W195	NR1L-ComfortHMI-408	R-C48(amend)	1	0
X195	NR1L-ComfortHMI-408	R-C48(amend)	1	0
N196	NR1L-ComfortHMI-409	R-C49(amend)	HMI_Comfort_HMI_Logic_and_Flow_R1_SR24_Post_3A_CR24879_(September_25_2023)_9.2、9.1、2.14、16.2、6.3	"HMI_Comfort_HMI_Logic_and_Flow_R1_SR24_Post_3A_CR24879_(September_25_2023)_9.2
HMI_Comfort_HMI_Logic_and_Flow_R1_SR24_Post_3A_CR24879_(September_25_2023)_2.14
HMI_Comfort_HMI_Logic_and_Flow_R1_SR24_Post_3A_CR24879_(September_25_2023)_6.3
HMI_Comfort_HMI_Logic_and_Flow_R1_SR24_Post_3A_CR24879_(September_25_2023)_9.1
HMI_Comfort_HMI_Logic_and_Flow_R1_SR24_Post_3A_CR24879_(September_25_2023)_16.2"
T196	NR1L-ComfortHMI-409	R-C48(amend)	1	0
U196	NR1L-ComfortHMI-409	R-C48(amend)	1	0
W196	NR1L-ComfortHMI-409	R-C48(amend)	1	0
X196	NR1L-ComfortHMI-409	R-C48(amend)	1	0
I197	NR1L-ComfortHMI-368	M9-compound	"The pop up will be touch interactive: by pressing on the Front Fan area, the user will be redirected to the Front climate tab; by pressing on the Rear fan area, the user will be redirected to the Rear climate tab.

(trigger the fan speed pop up and press the Rear fan area -> The Rear climate tab is displayed)"	"The pop up will be touch interactive: by pressing on the Front Fan area, the user will be redirected to the Front climate tab; by pressing on the Rear fan area, the user will be redirected to the Rear climate tab.

(press the Rear fan area -> The Rear climate tab is displayed)"
L197	NR1L-ComfortHMI-368	M9-compound	"1. Trigger the fan speed pop up and press the Front Fan area
2. Trigger the fan speed pop up and press the Rear fan area"	"1. Trigger the fan speed pop up
2. Press the Front Fan area
3. Trigger the fan speed pop up
4. Press the Rear fan area"
M197	NR1L-ComfortHMI-368	M9-compound	"1. The Front climate tab is displayed
2. The Rear climate tab is displayed"	"1. The fan speed pop up is displayed
2. The Front climate tab is displayed
3. The fan speed pop up is displayed
4. The Rear climate tab is displayed"
N197	NR1L-ComfortHMI-368	R-C49(amend)	HMI_Comfort_HMI_Logic_and_Flow_R1_SR24_Post_3A_CR24879_(September_25_2023)_9.2、9.1、2.14、16.2、6.3	"HMI_Comfort_HMI_Logic_and_Flow_R1_SR24_Post_3A_CR24879_(September_25_2023)_9.2
HMI_Comfort_HMI_Logic_and_Flow_R1_SR24_Post_3A_CR24879_(September_25_2023)_2.14
HMI_Comfort_HMI_Logic_and_Flow_R1_SR24_Post_3A_CR24879_(September_25_2023)_6.3
HMI_Comfort_HMI_Logic_and_Flow_R1_SR24_Post_3A_CR24879_(September_25_2023)_9.1
HMI_Comfort_HMI_Logic_and_Flow_R1_SR24_Post_3A_CR24879_(September_25_2023)_16.2"
T197	NR1L-ComfortHMI-368	R-C48(amend)	1	0
U197	NR1L-ComfortHMI-368	R-C48(amend)	1	0
W197	NR1L-ComfortHMI-368	R-C48(amend)	1	0
X197	NR1L-ComfortHMI-368	R-C48(amend)	1	0
N198	NR1L-ComfortHMI-369	R-C49(amend)	HMI_Comfort_HMI_Logic_and_Flow_R1_SR24_Post_3A_CR24879_(September_25_2023)_9.3、9.1、9.2、2.14、16.2、6.3	"HMI_Comfort_HMI_Logic_and_Flow_R1_SR24_Post_3A_CR24879_(September_25_2023)_9.3
HMI_Comfort_HMI_Logic_and_Flow_R1_SR24_Post_3A_CR24879_(September_25_2023)_2.14
HMI_Comfort_HMI_Logic_and_Flow_R1_SR24_Post_3A_CR24879_(September_25_2023)_6.3
HMI_Comfort_HMI_Logic_and_Flow_R1_SR24_Post_3A_CR24879_(September_25_2023)_9.1
HMI_Comfort_HMI_Logic_and_Flow_R1_SR24_Post_3A_CR24879_(September_25_2023)_9.2
HMI_Comfort_HMI_Logic_and_Flow_R1_SR24_Post_3A_CR24879_(September_25_2023)_16.2"
T198	NR1L-ComfortHMI-369	R-C48(amend)	1	0
U198	NR1L-ComfortHMI-369	R-C48(amend)	1	0
W198	NR1L-ComfortHMI-369	R-C48(amend)	1	0
X198	NR1L-ComfortHMI-369	R-C48(amend)	1	0
N199	NR1L-ComfortHMI-370	R-C49(amend)	HMI_Comfort_HMI_Logic_and_Flow_R1_SR24_Post_3A_CR24879_(September_25_2023)_9.4、9.1、2.14、16.2、6.3	"HMI_Comfort_HMI_Logic_and_Flow_R1_SR24_Post_3A_CR24879_(September_25_2023)_9.4
HMI_Comfort_HMI_Logic_and_Flow_R1_SR24_Post_3A_CR24879_(September_25_2023)_2.14
HMI_Comfort_HMI_Logic_and_Flow_R1_SR24_Post_3A_CR24879_(September_25_2023)_6.3
HMI_Comfort_HMI_Logic_and_Flow_R1_SR24_Post_3A_CR24879_(September_25_2023)_9.1
HMI_Comfort_HMI_Logic_and_Flow_R1_SR24_Post_3A_CR24879_(September_25_2023)_16.2"
T199	NR1L-ComfortHMI-370	R-C48(amend)	1	0
U199	NR1L-ComfortHMI-370	R-C48(amend)	1	0
W199	NR1L-ComfortHMI-370	R-C48(amend)	1	0
X199	NR1L-ComfortHMI-370	R-C48(amend)	1	0
N200	NR1L-ComfortHMI-371	R-C49(amend)	HMI_Comfort_HMI_Logic_and_Flow_R1_SR24_Post_3A_CR24879_(September_25_2023)_9.4、9.1、2.14、16.2、6.3	"HMI_Comfort_HMI_Logic_and_Flow_R1_SR24_Post_3A_CR24879_(September_25_2023)_9.4
HMI_Comfort_HMI_Logic_and_Flow_R1_SR24_Post_3A_CR24879_(September_25_2023)_2.14
HMI_Comfort_HMI_Logic_and_Flow_R1_SR24_Post_3A_CR24879_(September_25_2023)_6.3
HMI_Comfort_HMI_Logic_and_Flow_R1_SR24_Post_3A_CR24879_(September_25_2023)_9.1
HMI_Comfort_HMI_Logic_and_Flow_R1_SR24_Post_3A_CR24879_(September_25_2023)_16.2"
T200	NR1L-ComfortHMI-371	R-C48(amend)	1	0
U200	NR1L-ComfortHMI-371	R-C48(amend)	1	0
W200	NR1L-ComfortHMI-371	R-C48(amend)	1	0
X200	NR1L-ComfortHMI-371	R-C48(amend)	1	0
N201	NR1L-ComfortHMI-372	R-C49(amend)	HMI_Comfort_HMI_Logic_and_Flow_R1_SR24_Post_3A_CR24879_(September_25_2023)_9.4、9.1、2.14、16.2、6.3	"HMI_Comfort_HMI_Logic_and_Flow_R1_SR24_Post_3A_CR24879_(September_25_2023)_9.4
HMI_Comfort_HMI_Logic_and_Flow_R1_SR24_Post_3A_CR24879_(September_25_2023)_2.14
HMI_Comfort_HMI_Logic_and_Flow_R1_SR24_Post_3A_CR24879_(September_25_2023)_6.3
HMI_Comfort_HMI_Logic_and_Flow_R1_SR24_Post_3A_CR24879_(September_25_2023)_9.1
HMI_Comfort_HMI_Logic_and_Flow_R1_SR24_Post_3A_CR24879_(September_25_2023)_16.2"
T201	NR1L-ComfortHMI-372	R-C48(amend)	1	0
U201	NR1L-ComfortHMI-372	R-C48(amend)	1	0
W201	NR1L-ComfortHMI-372	R-C48(amend)	1	0
X201	NR1L-ComfortHMI-372	R-C48(amend)	1	0
N202	NR1L-ComfortHMI-373	R-C49(amend)	HMI_Comfort_HMI_Logic_and_Flow_R1_SR24_Post_3A_CR24879_(September_25_2023)_9.4.1、9.1、9.4、2.14、16.2、6.3	"HMI_Comfort_HMI_Logic_and_Flow_R1_SR24_Post_3A_CR24879_(September_25_2023)_9.4.1
HMI_Comfort_HMI_Logic_and_Flow_R1_SR24_Post_3A_CR24879_(September_25_2023)_2.14
HMI_Comfort_HMI_Logic_and_Flow_R1_SR24_Post_3A_CR24879_(September_25_2023)_6.3
HMI_Comfort_HMI_Logic_and_Flow_R1_SR24_Post_3A_CR24879_(September_25_2023)_9.1
HMI_Comfort_HMI_Logic_and_Flow_R1_SR24_Post_3A_CR24879_(September_25_2023)_9.4
HMI_Comfort_HMI_Logic_and_Flow_R1_SR24_Post_3A_CR24879_(September_25_2023)_16.2"
T202	NR1L-ComfortHMI-373	R-C48(amend)	1	0
U202	NR1L-ComfortHMI-373	R-C48(amend)	1	0
W202	NR1L-ComfortHMI-373	R-C48(amend)	1	0
X202	NR1L-ComfortHMI-373	R-C48(amend)	1	0
I203	NR1L-ComfortHMI-067	M7	"EH1.) ECO HVAC is an HVAC Mode, used on EV Vehicles only, to reduce Climate control System Power Consumption.

(press the AUTO button -> The AUTO ECO mode is active)"	"EH1.) ECO HVAC is an HVAC Mode, used on EV Vehicles only, to reduce Climate control System Power Consumption.

(press the ""AUTO"" button -> The AUTO ECO mode is active)"
L203	NR1L-ComfortHMI-067	M7	"1. Open the climate screen
2. Press the AUTO button"	"1. Open the climate screen
2. Press the ""AUTO"" button"
M203	NR1L-ComfortHMI-067	M7	"1. The climate screen shows the AUTO control
2. The AUTO ECO mode is active"	"1. The climate screen shows the ""AUTO"" control
2. The AUTO ECO mode is active"
N203	NR1L-ComfortHMI-067	R-C49(amend)	HMI_Comfort_HMI_Logic_and_Flow_R1_SR24_Post_3A_CR24879_(September_25_2023)_10.1、2.14	"HMI_Comfort_HMI_Logic_and_Flow_R1_SR24_Post_3A_CR24879_(September_25_2023)_10.1
HMI_Comfort_HMI_Logic_and_Flow_R1_SR24_Post_3A_CR24879_(September_25_2023)_2.14"
T203	NR1L-ComfortHMI-067	R-C48(amend)	1	0
U203	NR1L-ComfortHMI-067	R-C48(amend)	1	0
W203	NR1L-ComfortHMI-067	R-C48(amend)	1	0
X203	NR1L-ComfortHMI-067	R-C48(amend)	1	0
N204	NR1L-ComfortHMI-081	R-C49(amend)	HMI_Comfort_HMI_Logic_and_Flow_R1_SR24_Post_3A_CR24879_(September_25_2023)_10.1、2.14	"HMI_Comfort_HMI_Logic_and_Flow_R1_SR24_Post_3A_CR24879_(September_25_2023)_10.1
HMI_Comfort_HMI_Logic_and_Flow_R1_SR24_Post_3A_CR24879_(September_25_2023)_2.14"
T204	NR1L-ComfortHMI-081	R-C48(amend)	1	0
U204	NR1L-ComfortHMI-081	R-C48(amend)	1	0
W204	NR1L-ComfortHMI-081	R-C48(amend)	1	0
X204	NR1L-ComfortHMI-081	R-C48(amend)	1	0
I205	NR1L-ComfortHMI-068	M7	"EH2.) For BEV vehicles, the AUTO functionality can have 3 states: AUTO ECO, AUTO ON, AUTO OFF.

(press the AUTO button -> The AUTO state is AUTO ON)"	"EH2.) For BEV vehicles, the AUTO functionality can have 3 states: AUTO ECO, AUTO ON, AUTO OFF.

(press the ""AUTO"" button -> The AUTO state is AUTO ON)"
L205	NR1L-ComfortHMI-068	M7	"1. Press the AUTO button until AUTO is off
2. Press the AUTO button
3. Press the AUTO button"	"1. Press the ""AUTO"" button until AUTO is off
2. Press the ""AUTO"" button
3. Press the ""AUTO"" button"
N205	NR1L-ComfortHMI-068	R-C49(amend)	HMI_Comfort_HMI_Logic_and_Flow_R1_SR24_Post_3A_CR24879_(September_25_2023)_10.2、10.1、2.14	"HMI_Comfort_HMI_Logic_and_Flow_R1_SR24_Post_3A_CR24879_(September_25_2023)_10.2
HMI_Comfort_HMI_Logic_and_Flow_R1_SR24_Post_3A_CR24879_(September_25_2023)_2.14
HMI_Comfort_HMI_Logic_and_Flow_R1_SR24_Post_3A_CR24879_(September_25_2023)_10.1"
T205	NR1L-ComfortHMI-068	R-C48(amend)	1	0
U205	NR1L-ComfortHMI-068	R-C48(amend)	1	0
W205	NR1L-ComfortHMI-068	R-C48(amend)	1	0
X205	NR1L-ComfortHMI-068	R-C48(amend)	1	0
I206	NR1L-ComfortHMI-069	M7	"EH3.) Button label will read AUTO ECO.

(read the label on the AUTO button -> The button label reads AUTO ECO)"	"EH3.) Button label will read AUTO ECO.

(read the label on the ""AUTO"" button -> The button label reads ""AUTO ECO"")"
L206	NR1L-ComfortHMI-069	M7	"1. Press the AUTO button until the AUTO ECO mode is active
2. Read the label on the AUTO button"	"1. Press the ""AUTO"" button until the AUTO ECO mode is active
2. Read the label on the ""AUTO"" button"
M206	NR1L-ComfortHMI-069	M7	"1. The AUTO ECO mode is active
2. The button label reads AUTO ECO"	"1. The AUTO ECO mode is active
2. The button label reads ""AUTO ECO"""
N206	NR1L-ComfortHMI-069	R-C49(amend)	HMI_Comfort_HMI_Logic_and_Flow_R1_SR24_Post_3A_CR24879_(September_25_2023)_10.3、10.1、2.14	"HMI_Comfort_HMI_Logic_and_Flow_R1_SR24_Post_3A_CR24879_(September_25_2023)_10.3
HMI_Comfort_HMI_Logic_and_Flow_R1_SR24_Post_3A_CR24879_(September_25_2023)_2.14
HMI_Comfort_HMI_Logic_and_Flow_R1_SR24_Post_3A_CR24879_(September_25_2023)_10.1"
T206	NR1L-ComfortHMI-069	R-C48(amend)	1	0
U206	NR1L-ComfortHMI-069	R-C48(amend)	1	0
W206	NR1L-ComfortHMI-069	R-C48(amend)	1	0
X206	NR1L-ComfortHMI-069	R-C48(amend)	1	0
I207	NR1L-ComfortHMI-070	M7	"EH4.) When the AUTO function is off and available, the user s first press of the AUTO button will activate the AUTO ECO functionality.

(press the AUTO button once -> The AUTO ECO functionality is activated)"	"EH4.) When the AUTO function is off and available, the user s first press of the AUTO button will activate the AUTO ECO functionality.

(press the ""AUTO"" button once -> The AUTO ECO functionality is activated)"
L207	NR1L-ComfortHMI-070	M7	"1. Press the AUTO button until AUTO is off
2. Press the AUTO button once"	"1. Press the ""AUTO"" button until AUTO is off
2. Press the ""AUTO"" button once"
N207	NR1L-ComfortHMI-070	R-C49(amend)	HMI_Comfort_HMI_Logic_and_Flow_R1_SR24_Post_3A_CR24879_(September_25_2023)_10.4、10.1、2.14	"HMI_Comfort_HMI_Logic_and_Flow_R1_SR24_Post_3A_CR24879_(September_25_2023)_10.4
HMI_Comfort_HMI_Logic_and_Flow_R1_SR24_Post_3A_CR24879_(September_25_2023)_2.14
HMI_Comfort_HMI_Logic_and_Flow_R1_SR24_Post_3A_CR24879_(September_25_2023)_10.1"
T207	NR1L-ComfortHMI-070	R-C48(amend)	1	0
U207	NR1L-ComfortHMI-070	R-C48(amend)	1	0
W207	NR1L-ComfortHMI-070	R-C48(amend)	1	0
X207	NR1L-ComfortHMI-070	R-C48(amend)	1	0
I208	NR1L-ComfortHMI-460	M7	"EH4.) When the AUTO function is off and available, the user s first press of the AUTO button will activate the AUTO ECO functionality.

(press the position at which the AUTO button is shown in an ATC configuration -> The AUTO ECO functionality is not activated)"	"EH4.) When the AUTO function is off and available, the user s first press of the AUTO button will activate the AUTO ECO functionality.

(press the position at which the ""AUTO"" button is shown in an ATC configuration -> The AUTO ECO functionality is not activated)"
L208	NR1L-ComfortHMI-460	M7	"1. Open the climate screen
2. Press the position at which the AUTO button is shown in an ATC configuration"	"1. Open the climate screen
2. Press the position at which the ""AUTO"" button is shown in an ATC configuration"
M208	NR1L-ComfortHMI-460	M7	"1. The climate screen is displayed and no AUTO button is shown
2. The AUTO ECO functionality is not activated"	"1. The climate screen is displayed and no ""AUTO"" button is shown
2. The AUTO ECO functionality is not activated"
N208	NR1L-ComfortHMI-460	R-C49(amend)	HMI_Comfort_HMI_Logic_and_Flow_R1_SR24_Post_3A_CR24879_(September_25_2023)_10.4、2.3、10.1、2.14	"HMI_Comfort_HMI_Logic_and_Flow_R1_SR24_Post_3A_CR24879_(September_25_2023)_10.4
HMI_Comfort_HMI_Logic_and_Flow_R1_SR24_Post_3A_CR24879_(September_25_2023)_2.3
HMI_Comfort_HMI_Logic_and_Flow_R1_SR24_Post_3A_CR24879_(September_25_2023)_2.14
HMI_Comfort_HMI_Logic_and_Flow_R1_SR24_Post_3A_CR24879_(September_25_2023)_10.1"
T208	NR1L-ComfortHMI-460	R-C48(amend)	1	0
U208	NR1L-ComfortHMI-460	R-C48(amend)	1	0
W208	NR1L-ComfortHMI-460	R-C48(amend)	1	0
X208	NR1L-ComfortHMI-460	R-C48(amend)	1	0
I209	NR1L-ComfortHMI-071	M7	"EH5.) The second press will switch to AUTO on.

(press the AUTO button once -> The AUTO state is AUTO ON)"	"EH5.) The second press will switch to AUTO on.

(press the ""AUTO"" button once -> The AUTO state is AUTO ON)"
L209	NR1L-ComfortHMI-071	M7	"1. Press the AUTO button until the AUTO ECO mode is active
2. Press the AUTO button once"	"1. Press the ""AUTO"" button until the AUTO ECO mode is active
2. Press the ""AUTO"" button once"
N209	NR1L-ComfortHMI-071	R-C49(amend)	HMI_Comfort_HMI_Logic_and_Flow_R1_SR24_Post_3A_CR24879_(September_25_2023)_10.5、10.1、2.14	"HMI_Comfort_HMI_Logic_and_Flow_R1_SR24_Post_3A_CR24879_(September_25_2023)_10.5
HMI_Comfort_HMI_Logic_and_Flow_R1_SR24_Post_3A_CR24879_(September_25_2023)_2.14
HMI_Comfort_HMI_Logic_and_Flow_R1_SR24_Post_3A_CR24879_(September_25_2023)_10.1"
T209	NR1L-ComfortHMI-071	R-C48(amend)	1	0
U209	NR1L-ComfortHMI-071	R-C48(amend)	1	0
W209	NR1L-ComfortHMI-071	R-C48(amend)	1	0
X209	NR1L-ComfortHMI-071	R-C48(amend)	1	0
I210	NR1L-ComfortHMI-072	M7	"A third press would go back to AUTO ECO.

(press the AUTO button once -> The AUTO state is AUTO ECO)"	"A third press would go back to AUTO ECO.

(press the ""AUTO"" button once -> The AUTO state is AUTO ECO)"
L210	NR1L-ComfortHMI-072	M7	"1. Press the AUTO button until the AUTO ON state is active
2. Press the AUTO button once"	"1. Press the ""AUTO"" button until the AUTO ON state is active
2. Press the ""AUTO"" button once"
N210	NR1L-ComfortHMI-072	R-C49(amend)	HMI_Comfort_HMI_Logic_and_Flow_R1_SR24_Post_3A_CR24879_(September_25_2023)_10.5、10.1、2.14	"HMI_Comfort_HMI_Logic_and_Flow_R1_SR24_Post_3A_CR24879_(September_25_2023)_10.5
HMI_Comfort_HMI_Logic_and_Flow_R1_SR24_Post_3A_CR24879_(September_25_2023)_2.14
HMI_Comfort_HMI_Logic_and_Flow_R1_SR24_Post_3A_CR24879_(September_25_2023)_10.1"
T210	NR1L-ComfortHMI-072	R-C48(amend)	1	0
U210	NR1L-ComfortHMI-072	R-C48(amend)	1	0
W210	NR1L-ComfortHMI-072	R-C48(amend)	1	0
X210	NR1L-ComfortHMI-072	R-C48(amend)	1	0
I211	NR1L-ComfortHMI-073	M9-compound	"The user will not be able to exit AUTO mode by pressing the AUTO button again.

(press the AUTO button until the AUTO ECO mode is active, then change the airflow mode -> AUTO is broken)"	"The user will not be able to exit AUTO mode by pressing the AUTO button again.

(change the airflow mode -> AUTO is broken)"
L211	NR1L-ComfortHMI-073	M7+M9-compound	"1. Press the AUTO button until the AUTO ECO mode is active
2. Press the AUTO button repeatedly
3. Change the fan speed
4. Press the AUTO button until the AUTO ECO mode is active, then change the airflow mode"	"1. Press the ""AUTO"" button until the AUTO ECO mode is active
2. Press the ""AUTO"" button repeatedly
3. Change the fan speed
4. Press the ""AUTO"" button until the AUTO ECO mode is active
5. Change the airflow mode"
M211	NR1L-ComfortHMI-073	M9-compound	"1. The AUTO state is AUTO ECO
2. The AUTO state stays within AUTO ECO and AUTO ON and does not leave AUTO
3. AUTO is broken
4. AUTO is broken"	"1. The AUTO state is AUTO ECO
2. The AUTO state stays within AUTO ECO and AUTO ON and does not leave AUTO
3. AUTO is broken
4. The AUTO state is AUTO ECO
5. AUTO is broken"
N211	NR1L-ComfortHMI-073	R-C49(amend)	HMI_Comfort_HMI_Logic_and_Flow_R1_SR24_Post_3A_CR24879_(September_25_2023)_10.5、10.1、2.14	"HMI_Comfort_HMI_Logic_and_Flow_R1_SR24_Post_3A_CR24879_(September_25_2023)_10.5
HMI_Comfort_HMI_Logic_and_Flow_R1_SR24_Post_3A_CR24879_(September_25_2023)_2.14
HMI_Comfort_HMI_Logic_and_Flow_R1_SR24_Post_3A_CR24879_(September_25_2023)_10.1"
T211	NR1L-ComfortHMI-073	R-C48(amend)	1	0
U211	NR1L-ComfortHMI-073	R-C48(amend)	1	0
W211	NR1L-ComfortHMI-073	R-C48(amend)	1	0
X211	NR1L-ComfortHMI-073	R-C48(amend)	1	0
I212	NR1L-ComfortHMI-074	M7	"EH6.) When AUTO ECO is on, deselect airflow modes as in standard AUTO mode; fan speed indication should denote that AUTO ECO is active.

(press the AUTO button until the AUTO ECO mode is active -> The airflow modes are deselected)"	"EH6.) When AUTO ECO is on, deselect airflow modes as in standard AUTO mode; fan speed indication should denote that AUTO ECO is active.

(press the ""AUTO"" button until the AUTO ECO mode is active -> The airflow modes are deselected)"
L212	NR1L-ComfortHMI-074	M7	"1. Select an airflow mode on the climate screen
2. Press the AUTO button until the AUTO ECO mode is active"	"1. Select an airflow mode on the climate screen
2. Press the ""AUTO"" button until the AUTO ECO mode is active"
N212	NR1L-ComfortHMI-074	R-C49(amend)	HMI_Comfort_HMI_Logic_and_Flow_R1_SR24_Post_3A_CR24879_(September_25_2023)_10.6、10.1、2.14	"HMI_Comfort_HMI_Logic_and_Flow_R1_SR24_Post_3A_CR24879_(September_25_2023)_10.6
HMI_Comfort_HMI_Logic_and_Flow_R1_SR24_Post_3A_CR24879_(September_25_2023)_2.14
HMI_Comfort_HMI_Logic_and_Flow_R1_SR24_Post_3A_CR24879_(September_25_2023)_10.1"
T212	NR1L-ComfortHMI-074	R-C48(amend)	1	0
U212	NR1L-ComfortHMI-074	R-C48(amend)	1	0
W212	NR1L-ComfortHMI-074	R-C48(amend)	1	0
X212	NR1L-ComfortHMI-074	R-C48(amend)	1	0
L213	NR1L-ComfortHMI-075	M7	"1. Press the AUTO button until the AUTO ECO mode is active
2. Read the fan speed indication on the climate screen"	"1. Press the ""AUTO"" button until the AUTO ECO mode is active
2. Read the fan speed indication on the climate screen"
N213	NR1L-ComfortHMI-075	R-C49(amend)	HMI_Comfort_HMI_Logic_and_Flow_R1_SR24_Post_3A_CR24879_(September_25_2023)_10.6、10.1、2.14	"HMI_Comfort_HMI_Logic_and_Flow_R1_SR24_Post_3A_CR24879_(September_25_2023)_10.6
HMI_Comfort_HMI_Logic_and_Flow_R1_SR24_Post_3A_CR24879_(September_25_2023)_2.14
HMI_Comfort_HMI_Logic_and_Flow_R1_SR24_Post_3A_CR24879_(September_25_2023)_10.1"
T213	NR1L-ComfortHMI-075	R-C48(amend)	1	0
U213	NR1L-ComfortHMI-075	R-C48(amend)	1	0
W213	NR1L-ComfortHMI-075	R-C48(amend)	1	0
X213	NR1L-ComfortHMI-075	R-C48(amend)	1	0
L214	NR1L-ComfortHMI-076	M7	"1. Press the AUTO button until the AUTO ECO mode is active
2. Run an ignition cycle
3. Read the AUTO state on the climate screen"	"1. Press the ""AUTO"" button until the AUTO ECO mode is active
2. Run an ignition cycle
3. Read the AUTO state on the climate screen"
N214	NR1L-ComfortHMI-076	R-C49(amend)	HMI_Comfort_HMI_Logic_and_Flow_R1_SR24_Post_3A_CR24879_(September_25_2023)_10.7、10.1、2.14	"HMI_Comfort_HMI_Logic_and_Flow_R1_SR24_Post_3A_CR24879_(September_25_2023)_10.7
HMI_Comfort_HMI_Logic_and_Flow_R1_SR24_Post_3A_CR24879_(September_25_2023)_2.14
HMI_Comfort_HMI_Logic_and_Flow_R1_SR24_Post_3A_CR24879_(September_25_2023)_10.1"
T214	NR1L-ComfortHMI-076	R-C48(amend)	1	0
U214	NR1L-ComfortHMI-076	R-C48(amend)	1	0
W214	NR1L-ComfortHMI-076	R-C48(amend)	1	0
X214	NR1L-ComfortHMI-076	R-C48(amend)	1	0
I215	NR1L-ComfortHMI-077	M7	"EH8.) The Comfort main Menu Bar icon shall reflect the AUTO ECO and AUTO states.

(press the AUTO button once, then read the Comfort main Menu Bar icon -> The Comfort main Menu Bar icon reflects the AUTO ON state)"	"EH8.) The Comfort main Menu Bar icon shall reflect the AUTO ECO and AUTO states.

(press the ""AUTO"" button once, then read the Comfort main Menu Bar icon -> The Comfort main Menu Bar icon reflects the AUTO ON state)"
L215	NR1L-ComfortHMI-077	M7	"1. Press the AUTO button until the AUTO ECO mode is active, then read the Comfort main Menu Bar icon
2. Press the AUTO button once, then read the Comfort main Menu Bar icon"	"1. Press the ""AUTO"" button until the AUTO ECO mode is active, then read the Comfort main Menu Bar icon
2. Press the ""AUTO"" button once, then read the Comfort main Menu Bar icon"
N215	NR1L-ComfortHMI-077	R-C49(amend)	HMI_Comfort_HMI_Logic_and_Flow_R1_SR24_Post_3A_CR24879_(September_25_2023)_10.8、10.1、2.14、6.3	"HMI_Comfort_HMI_Logic_and_Flow_R1_SR24_Post_3A_CR24879_(September_25_2023)_10.8
HMI_Comfort_HMI_Logic_and_Flow_R1_SR24_Post_3A_CR24879_(September_25_2023)_2.14
HMI_Comfort_HMI_Logic_and_Flow_R1_SR24_Post_3A_CR24879_(September_25_2023)_6.3
HMI_Comfort_HMI_Logic_and_Flow_R1_SR24_Post_3A_CR24879_(September_25_2023)_10.1"
T215	NR1L-ComfortHMI-077	R-C48(amend)	1	0
U215	NR1L-ComfortHMI-077	R-C48(amend)	1	0
W215	NR1L-ComfortHMI-077	R-C48(amend)	1	0
X215	NR1L-ComfortHMI-077	R-C48(amend)	1	0
I216	NR1L-ComfortHMI-078	M9-compound	"EH9.) The comfort pop ups triggered by hard controls interaction shall reflect the AUTO ECO and AUTO states.

(press the AUTO button once, then change the fan speed using the fan speed hard control -> The comfort pop up reflects the AUTO ON state)"	"EH9.) The comfort pop ups triggered by hard controls interaction shall reflect the AUTO ECO and AUTO states.

(change the fan speed using the fan speed hard control -> The comfort pop up reflects the AUTO ON state)"
L216	NR1L-ComfortHMI-078	M7+M9-compound	"1. Press the AUTO button until the AUTO ECO mode is active, then change the fan speed using the fan speed hard control
2. Press the AUTO button once, then change the fan speed using the fan speed hard control"	"1. Press the ""AUTO"" button until the AUTO ECO mode is active
2. Change the fan speed using the fan speed hard control
3. Press the ""AUTO"" button until the AUTO ON state is active
4. Change the fan speed using the fan speed hard control"
M216	NR1L-ComfortHMI-078	M9-compound	"1. The comfort pop up reflects the AUTO ECO state
2. The comfort pop up reflects the AUTO ON state"	"1. The AUTO state is AUTO ECO
2. The comfort pop up reflects the AUTO ECO state
3. The AUTO state is AUTO ON
4. The comfort pop up reflects the AUTO ON state"
N216	NR1L-ComfortHMI-078	R-C49(amend)	HMI_Comfort_HMI_Logic_and_Flow_R1_SR24_Post_3A_CR24879_(September_25_2023)_10.9、10.1、2.14	"HMI_Comfort_HMI_Logic_and_Flow_R1_SR24_Post_3A_CR24879_(September_25_2023)_10.9
HMI_Comfort_HMI_Logic_and_Flow_R1_SR24_Post_3A_CR24879_(September_25_2023)_2.14
HMI_Comfort_HMI_Logic_and_Flow_R1_SR24_Post_3A_CR24879_(September_25_2023)_10.1"
T216	NR1L-ComfortHMI-078	R-C48(amend)	1	0
U216	NR1L-ComfortHMI-078	R-C48(amend)	1	0
W216	NR1L-ComfortHMI-078	R-C48(amend)	1	0
X216	NR1L-ComfortHMI-078	R-C48(amend)	1	0
I217	NR1L-ComfortHMI-079	M7	"When entering the AUTO ECO mode, text will read «Press again to improve climate performance»; when standard AUTO is activated, the text will read «Press again for lower battery consumption»

(press the AUTO button once and read the AUTO pop up -> The AUTO pop up reads ""Press again to improve climate performance"")"	"When entering the AUTO ECO mode, text will read «Press again to improve climate performance»; when standard AUTO is activated, the text will read «Press again for lower battery consumption»

(press the ""AUTO"" button once and read the AUTO pop up -> The AUTO pop up reads ""Press again to improve climate performance"")"
L217	NR1L-ComfortHMI-079	M7	"1. Press the AUTO button until AUTO is off
2. Press the AUTO button once and read the AUTO pop up"	"1. Press the ""AUTO"" button until AUTO is off
2. Press the ""AUTO"" button once and read the AUTO pop up"
N217	NR1L-ComfortHMI-079	R-C49(amend)	HMI_Comfort_HMI_Logic_and_Flow_R1_SR24_Post_3A_CR24879_(September_25_2023)_10.9.1、10.1、2.14	"HMI_Comfort_HMI_Logic_and_Flow_R1_SR24_Post_3A_CR24879_(September_25_2023)_10.9.1
HMI_Comfort_HMI_Logic_and_Flow_R1_SR24_Post_3A_CR24879_(September_25_2023)_2.14
HMI_Comfort_HMI_Logic_and_Flow_R1_SR24_Post_3A_CR24879_(September_25_2023)_10.1"
T217	NR1L-ComfortHMI-079	R-C48(amend)	1	0
U217	NR1L-ComfortHMI-079	R-C48(amend)	1	0
W217	NR1L-ComfortHMI-079	R-C48(amend)	1	0
X217	NR1L-ComfortHMI-079	R-C48(amend)	1	0
I218	NR1L-ComfortHMI-080	M7	"When entering the AUTO ECO mode, text will read «Press again to improve climate performance»; when standard AUTO is activated, the text will read «Press again for lower battery consumption»

(press the AUTO button once and read the AUTO pop up -> The AUTO pop up reads ""Press again for lower battery consumption"")"	"When entering the AUTO ECO mode, text will read «Press again to improve climate performance»; when standard AUTO is activated, the text will read «Press again for lower battery consumption»

(press the ""AUTO"" button once and read the AUTO pop up -> The AUTO pop up reads ""Press again for lower battery consumption"")"
L218	NR1L-ComfortHMI-080	M7	"1. Press the AUTO button until the AUTO ECO mode is active
2. Press the AUTO button once and read the AUTO pop up"	"1. Press the ""AUTO"" button until the AUTO ECO mode is active
2. Press the ""AUTO"" button once and read the AUTO pop up"
N218	NR1L-ComfortHMI-080	R-C49(amend)	HMI_Comfort_HMI_Logic_and_Flow_R1_SR24_Post_3A_CR24879_(September_25_2023)_10.9.1、10.1、2.14	"HMI_Comfort_HMI_Logic_and_Flow_R1_SR24_Post_3A_CR24879_(September_25_2023)_10.9.1
HMI_Comfort_HMI_Logic_and_Flow_R1_SR24_Post_3A_CR24879_(September_25_2023)_2.14
HMI_Comfort_HMI_Logic_and_Flow_R1_SR24_Post_3A_CR24879_(September_25_2023)_10.1"
T218	NR1L-ComfortHMI-080	R-C48(amend)	1	0
U218	NR1L-ComfortHMI-080	R-C48(amend)	1	0
W218	NR1L-ComfortHMI-080	R-C48(amend)	1	0
X218	NR1L-ComfortHMI-080	R-C48(amend)	1	0
N219	NR1L-ComfortHMI-304	R-C49(amend)	HMI_Comfort_HMI_Logic_and_Flow_R1_SR24_Post_3A_CR24879_(September_25_2023)_11.1、2.14、16.2、6.3、2.1	"HMI_Comfort_HMI_Logic_and_Flow_R1_SR24_Post_3A_CR24879_(September_25_2023)_11.1
HMI_Comfort_HMI_Logic_and_Flow_R1_SR24_Post_3A_CR24879_(September_25_2023)_2.1
HMI_Comfort_HMI_Logic_and_Flow_R1_SR24_Post_3A_CR24879_(September_25_2023)_2.14
HMI_Comfort_HMI_Logic_and_Flow_R1_SR24_Post_3A_CR24879_(September_25_2023)_6.3
HMI_Comfort_HMI_Logic_and_Flow_R1_SR24_Post_3A_CR24879_(September_25_2023)_16.2"
T219	NR1L-ComfortHMI-304	R-C48(amend)	1	0
U219	NR1L-ComfortHMI-304	R-C48(amend)	1	0
W219	NR1L-ComfortHMI-304	R-C48(amend)	1	0
X219	NR1L-ComfortHMI-304	R-C48(amend)	1	0
N220	NR1L-ComfortHMI-305	R-C49(amend)	HMI_Comfort_HMI_Logic_and_Flow_R1_SR24_Post_3A_CR24879_(September_25_2023)_11.1、2.14、16.2、6.3、2.1	"HMI_Comfort_HMI_Logic_and_Flow_R1_SR24_Post_3A_CR24879_(September_25_2023)_11.1
HMI_Comfort_HMI_Logic_and_Flow_R1_SR24_Post_3A_CR24879_(September_25_2023)_2.1
HMI_Comfort_HMI_Logic_and_Flow_R1_SR24_Post_3A_CR24879_(September_25_2023)_2.14
HMI_Comfort_HMI_Logic_and_Flow_R1_SR24_Post_3A_CR24879_(September_25_2023)_6.3
HMI_Comfort_HMI_Logic_and_Flow_R1_SR24_Post_3A_CR24879_(September_25_2023)_16.2"
T220	NR1L-ComfortHMI-305	R-C48(amend)	1	0
U220	NR1L-ComfortHMI-305	R-C48(amend)	1	0
W220	NR1L-ComfortHMI-305	R-C48(amend)	1	0
X220	NR1L-ComfortHMI-305	R-C48(amend)	1	0
N221	NR1L-ComfortHMI-306	R-C49(amend)	HMI_Comfort_HMI_Logic_and_Flow_R1_SR24_Post_3A_CR24879_(September_25_2023)_11.1、2.14、16.2、6.3、2.1	"HMI_Comfort_HMI_Logic_and_Flow_R1_SR24_Post_3A_CR24879_(September_25_2023)_11.1
HMI_Comfort_HMI_Logic_and_Flow_R1_SR24_Post_3A_CR24879_(September_25_2023)_2.1
HMI_Comfort_HMI_Logic_and_Flow_R1_SR24_Post_3A_CR24879_(September_25_2023)_2.14
HMI_Comfort_HMI_Logic_and_Flow_R1_SR24_Post_3A_CR24879_(September_25_2023)_6.3
HMI_Comfort_HMI_Logic_and_Flow_R1_SR24_Post_3A_CR24879_(September_25_2023)_16.2"
T221	NR1L-ComfortHMI-306	R-C48(amend)	1	0
U221	NR1L-ComfortHMI-306	R-C48(amend)	1	0
W221	NR1L-ComfortHMI-306	R-C48(amend)	1	0
X221	NR1L-ComfortHMI-306	R-C48(amend)	1	0
N222	NR1L-ComfortHMI-307	R-C49(amend)	HMI_Comfort_HMI_Logic_and_Flow_R1_SR24_Post_3A_CR24879_(September_25_2023)_11.1、2.14、16.2、6.3、2.1	"HMI_Comfort_HMI_Logic_and_Flow_R1_SR24_Post_3A_CR24879_(September_25_2023)_11.1
HMI_Comfort_HMI_Logic_and_Flow_R1_SR24_Post_3A_CR24879_(September_25_2023)_2.1
HMI_Comfort_HMI_Logic_and_Flow_R1_SR24_Post_3A_CR24879_(September_25_2023)_2.14
HMI_Comfort_HMI_Logic_and_Flow_R1_SR24_Post_3A_CR24879_(September_25_2023)_6.3
HMI_Comfort_HMI_Logic_and_Flow_R1_SR24_Post_3A_CR24879_(September_25_2023)_16.2"
T222	NR1L-ComfortHMI-307	R-C48(amend)	1	0
U222	NR1L-ComfortHMI-307	R-C48(amend)	1	0
W222	NR1L-ComfortHMI-307	R-C48(amend)	1	0
X222	NR1L-ComfortHMI-307	R-C48(amend)	1	0
N223	NR1L-ComfortHMI-308	R-C49(amend)	HMI_Comfort_HMI_Logic_and_Flow_R1_SR24_Post_3A_CR24879_(September_25_2023)_11.2、11.1、2.14、16.2、6.3、2.1	"HMI_Comfort_HMI_Logic_and_Flow_R1_SR24_Post_3A_CR24879_(September_25_2023)_11.2
HMI_Comfort_HMI_Logic_and_Flow_R1_SR24_Post_3A_CR24879_(September_25_2023)_2.1
HMI_Comfort_HMI_Logic_and_Flow_R1_SR24_Post_3A_CR24879_(September_25_2023)_2.14
HMI_Comfort_HMI_Logic_and_Flow_R1_SR24_Post_3A_CR24879_(September_25_2023)_6.3
HMI_Comfort_HMI_Logic_and_Flow_R1_SR24_Post_3A_CR24879_(September_25_2023)_11.1
HMI_Comfort_HMI_Logic_and_Flow_R1_SR24_Post_3A_CR24879_(September_25_2023)_16.2"
T223	NR1L-ComfortHMI-308	R-C48(amend)	1	0
U223	NR1L-ComfortHMI-308	R-C48(amend)	1	0
W223	NR1L-ComfortHMI-308	R-C48(amend)	1	0
X223	NR1L-ComfortHMI-308	R-C48(amend)	1	0
N224	NR1L-ComfortHMI-309	R-C49(amend)	HMI_Comfort_HMI_Logic_and_Flow_R1_SR24_Post_3A_CR24879_(September_25_2023)_11.2、11.1、2.14、16.2、6.3、2.1	"HMI_Comfort_HMI_Logic_and_Flow_R1_SR24_Post_3A_CR24879_(September_25_2023)_11.2
HMI_Comfort_HMI_Logic_and_Flow_R1_SR24_Post_3A_CR24879_(September_25_2023)_2.1
HMI_Comfort_HMI_Logic_and_Flow_R1_SR24_Post_3A_CR24879_(September_25_2023)_2.14
HMI_Comfort_HMI_Logic_and_Flow_R1_SR24_Post_3A_CR24879_(September_25_2023)_6.3
HMI_Comfort_HMI_Logic_and_Flow_R1_SR24_Post_3A_CR24879_(September_25_2023)_11.1
HMI_Comfort_HMI_Logic_and_Flow_R1_SR24_Post_3A_CR24879_(September_25_2023)_16.2"
T224	NR1L-ComfortHMI-309	R-C48(amend)	1	0
U224	NR1L-ComfortHMI-309	R-C48(amend)	1	0
W224	NR1L-ComfortHMI-309	R-C48(amend)	1	0
X224	NR1L-ComfortHMI-309	R-C48(amend)	1	0
N225	NR1L-ComfortHMI-310	R-C49(amend)	HMI_Comfort_HMI_Logic_and_Flow_R1_SR24_Post_3A_CR24879_(September_25_2023)_11.2、11.1、2.14、16.2、6.3、2.1	"HMI_Comfort_HMI_Logic_and_Flow_R1_SR24_Post_3A_CR24879_(September_25_2023)_11.2
HMI_Comfort_HMI_Logic_and_Flow_R1_SR24_Post_3A_CR24879_(September_25_2023)_2.1
HMI_Comfort_HMI_Logic_and_Flow_R1_SR24_Post_3A_CR24879_(September_25_2023)_2.14
HMI_Comfort_HMI_Logic_and_Flow_R1_SR24_Post_3A_CR24879_(September_25_2023)_6.3
HMI_Comfort_HMI_Logic_and_Flow_R1_SR24_Post_3A_CR24879_(September_25_2023)_11.1
HMI_Comfort_HMI_Logic_and_Flow_R1_SR24_Post_3A_CR24879_(September_25_2023)_16.2"
T225	NR1L-ComfortHMI-310	R-C48(amend)	1	0
U225	NR1L-ComfortHMI-310	R-C48(amend)	1	0
W225	NR1L-ComfortHMI-310	R-C48(amend)	1	0
X225	NR1L-ComfortHMI-310	R-C48(amend)	1	0
N226	NR1L-ComfortHMI-311	R-C49(amend)	HMI_Comfort_HMI_Logic_and_Flow_R1_SR24_Post_3A_CR24879_(September_25_2023)_11.2、11.1、2.14、16.2、6.3、2.1	"HMI_Comfort_HMI_Logic_and_Flow_R1_SR24_Post_3A_CR24879_(September_25_2023)_11.2
HMI_Comfort_HMI_Logic_and_Flow_R1_SR24_Post_3A_CR24879_(September_25_2023)_2.1
HMI_Comfort_HMI_Logic_and_Flow_R1_SR24_Post_3A_CR24879_(September_25_2023)_2.14
HMI_Comfort_HMI_Logic_and_Flow_R1_SR24_Post_3A_CR24879_(September_25_2023)_6.3
HMI_Comfort_HMI_Logic_and_Flow_R1_SR24_Post_3A_CR24879_(September_25_2023)_11.1
HMI_Comfort_HMI_Logic_and_Flow_R1_SR24_Post_3A_CR24879_(September_25_2023)_16.2"
T226	NR1L-ComfortHMI-311	R-C48(amend)	1	0
U226	NR1L-ComfortHMI-311	R-C48(amend)	1	0
W226	NR1L-ComfortHMI-311	R-C48(amend)	1	0
X226	NR1L-ComfortHMI-311	R-C48(amend)	1	0
N227	NR1L-ComfortHMI-312	R-C49(amend)	HMI_Comfort_HMI_Logic_and_Flow_R1_SR24_Post_3A_CR24879_(September_25_2023)_11.3、17.3、2.14、16.2	"HMI_Comfort_HMI_Logic_and_Flow_R1_SR24_Post_3A_CR24879_(September_25_2023)_11.3
HMI_Comfort_HMI_Logic_and_Flow_R1_SR24_Post_3A_CR24879_(September_25_2023)_2.14
HMI_Comfort_HMI_Logic_and_Flow_R1_SR24_Post_3A_CR24879_(September_25_2023)_16.2
HMI_Comfort_HMI_Logic_and_Flow_R1_SR24_Post_3A_CR24879_(September_25_2023)_17.3"
T227	NR1L-ComfortHMI-312	R-C48(amend)	1	0
U227	NR1L-ComfortHMI-312	R-C48(amend)	1	0
W227	NR1L-ComfortHMI-312	R-C48(amend)	1	0
X227	NR1L-ComfortHMI-312	R-C48(amend)	1	0
N228	NR1L-ComfortHMI-313	R-C49(amend)	HMI_Comfort_HMI_Logic_and_Flow_R1_SR24_Post_3A_CR24879_(September_25_2023)_11.4、17.3、2.14、16.2、6.3、2.1	"HMI_Comfort_HMI_Logic_and_Flow_R1_SR24_Post_3A_CR24879_(September_25_2023)_11.4
HMI_Comfort_HMI_Logic_and_Flow_R1_SR24_Post_3A_CR24879_(September_25_2023)_2.1
HMI_Comfort_HMI_Logic_and_Flow_R1_SR24_Post_3A_CR24879_(September_25_2023)_2.14
HMI_Comfort_HMI_Logic_and_Flow_R1_SR24_Post_3A_CR24879_(September_25_2023)_6.3
HMI_Comfort_HMI_Logic_and_Flow_R1_SR24_Post_3A_CR24879_(September_25_2023)_16.2
HMI_Comfort_HMI_Logic_and_Flow_R1_SR24_Post_3A_CR24879_(September_25_2023)_17.3"
T228	NR1L-ComfortHMI-313	R-C48(amend)	1	0
U228	NR1L-ComfortHMI-313	R-C48(amend)	1	0
W228	NR1L-ComfortHMI-313	R-C48(amend)	1	0
X228	NR1L-ComfortHMI-313	R-C48(amend)	1	0
N229	NR1L-ComfortHMI-314	R-C49(amend)	HMI_Comfort_HMI_Logic_and_Flow_R1_SR24_Post_3A_CR24879_(September_25_2023)_11.4、17.3、2.14、16.2、6.3、2.1	"HMI_Comfort_HMI_Logic_and_Flow_R1_SR24_Post_3A_CR24879_(September_25_2023)_11.4
HMI_Comfort_HMI_Logic_and_Flow_R1_SR24_Post_3A_CR24879_(September_25_2023)_2.1
HMI_Comfort_HMI_Logic_and_Flow_R1_SR24_Post_3A_CR24879_(September_25_2023)_2.14
HMI_Comfort_HMI_Logic_and_Flow_R1_SR24_Post_3A_CR24879_(September_25_2023)_6.3
HMI_Comfort_HMI_Logic_and_Flow_R1_SR24_Post_3A_CR24879_(September_25_2023)_16.2
HMI_Comfort_HMI_Logic_and_Flow_R1_SR24_Post_3A_CR24879_(September_25_2023)_17.3"
T229	NR1L-ComfortHMI-314	R-C48(amend)	1	0
U229	NR1L-ComfortHMI-314	R-C48(amend)	1	0
W229	NR1L-ComfortHMI-314	R-C48(amend)	1	0
X229	NR1L-ComfortHMI-314	R-C48(amend)	1	0
N230	NR1L-ComfortHMI-382	R-C49(amend)	HMI_Comfort_HMI_Logic_and_Flow_R1_SR24_Post_3A_CR24879_(September_25_2023)_11.5、17.3、2.14、16.2; HMI Settings List R1 SR25 Post R1L-R (Feb 13 2026)_Settings	"HMI Settings List R1 SR25 Post R1L-R (Feb 13 2026)_Settings
HMI_Comfort_HMI_Logic_and_Flow_R1_SR24_Post_3A_CR24879_(September_25_2023)_11.5
HMI_Comfort_HMI_Logic_and_Flow_R1_SR24_Post_3A_CR24879_(September_25_2023)_2.14
HMI_Comfort_HMI_Logic_and_Flow_R1_SR24_Post_3A_CR24879_(September_25_2023)_16.2
HMI_Comfort_HMI_Logic_and_Flow_R1_SR24_Post_3A_CR24879_(September_25_2023)_17.3"
T230	NR1L-ComfortHMI-382	R-C48(amend)	1	0
U230	NR1L-ComfortHMI-382	R-C48(amend)	1	0
W230	NR1L-ComfortHMI-382	R-C48(amend)	1	0
X230	NR1L-ComfortHMI-382	R-C48(amend)	1	0
N231	NR1L-ComfortHMI-315	R-C49(amend)	HMI_Comfort_HMI_Logic_and_Flow_R1_SR24_Post_3A_CR24879_(September_25_2023)_11.6、2.14、16.2、6.3、2.1	"HMI_Comfort_HMI_Logic_and_Flow_R1_SR24_Post_3A_CR24879_(September_25_2023)_11.6
HMI_Comfort_HMI_Logic_and_Flow_R1_SR24_Post_3A_CR24879_(September_25_2023)_2.1
HMI_Comfort_HMI_Logic_and_Flow_R1_SR24_Post_3A_CR24879_(September_25_2023)_2.14
HMI_Comfort_HMI_Logic_and_Flow_R1_SR24_Post_3A_CR24879_(September_25_2023)_6.3
HMI_Comfort_HMI_Logic_and_Flow_R1_SR24_Post_3A_CR24879_(September_25_2023)_16.2"
T231	NR1L-ComfortHMI-315	R-C48(amend)	1	0
U231	NR1L-ComfortHMI-315	R-C48(amend)	1	0
W231	NR1L-ComfortHMI-315	R-C48(amend)	1	0
X231	NR1L-ComfortHMI-315	R-C48(amend)	1	0
N232	NR1L-ComfortHMI-316	R-C49(amend)	HMI_Comfort_HMI_Logic_and_Flow_R1_SR24_Post_3A_CR24879_(September_25_2023)_11.6、2.14、16.2、6.3、2.1	"HMI_Comfort_HMI_Logic_and_Flow_R1_SR24_Post_3A_CR24879_(September_25_2023)_11.6
HMI_Comfort_HMI_Logic_and_Flow_R1_SR24_Post_3A_CR24879_(September_25_2023)_2.1
HMI_Comfort_HMI_Logic_and_Flow_R1_SR24_Post_3A_CR24879_(September_25_2023)_2.14
HMI_Comfort_HMI_Logic_and_Flow_R1_SR24_Post_3A_CR24879_(September_25_2023)_6.3
HMI_Comfort_HMI_Logic_and_Flow_R1_SR24_Post_3A_CR24879_(September_25_2023)_16.2"
T232	NR1L-ComfortHMI-316	R-C48(amend)	1	0
U232	NR1L-ComfortHMI-316	R-C48(amend)	1	0
W232	NR1L-ComfortHMI-316	R-C48(amend)	1	0
X232	NR1L-ComfortHMI-316	R-C48(amend)	1	0
N233	NR1L-ComfortHMI-317	R-C49(amend)	HMI_Comfort_HMI_Logic_and_Flow_R1_SR24_Post_3A_CR24879_(September_25_2023)_11.6、2.14、16.2、6.3、2.1	"HMI_Comfort_HMI_Logic_and_Flow_R1_SR24_Post_3A_CR24879_(September_25_2023)_11.6
HMI_Comfort_HMI_Logic_and_Flow_R1_SR24_Post_3A_CR24879_(September_25_2023)_2.1
HMI_Comfort_HMI_Logic_and_Flow_R1_SR24_Post_3A_CR24879_(September_25_2023)_2.14
HMI_Comfort_HMI_Logic_and_Flow_R1_SR24_Post_3A_CR24879_(September_25_2023)_6.3
HMI_Comfort_HMI_Logic_and_Flow_R1_SR24_Post_3A_CR24879_(September_25_2023)_16.2"
T233	NR1L-ComfortHMI-317	R-C48(amend)	1	0
U233	NR1L-ComfortHMI-317	R-C48(amend)	1	0
W233	NR1L-ComfortHMI-317	R-C48(amend)	1	0
X233	NR1L-ComfortHMI-317	R-C48(amend)	1	0
N234	NR1L-ComfortHMI-318	R-C49(amend)	HMI_Comfort_HMI_Logic_and_Flow_R1_SR24_Post_3A_CR24879_(September_25_2023)_11.6、2.14、16.2、6.3、2.1	"HMI_Comfort_HMI_Logic_and_Flow_R1_SR24_Post_3A_CR24879_(September_25_2023)_11.6
HMI_Comfort_HMI_Logic_and_Flow_R1_SR24_Post_3A_CR24879_(September_25_2023)_2.1
HMI_Comfort_HMI_Logic_and_Flow_R1_SR24_Post_3A_CR24879_(September_25_2023)_2.14
HMI_Comfort_HMI_Logic_and_Flow_R1_SR24_Post_3A_CR24879_(September_25_2023)_6.3
HMI_Comfort_HMI_Logic_and_Flow_R1_SR24_Post_3A_CR24879_(September_25_2023)_16.2"
T234	NR1L-ComfortHMI-318	R-C48(amend)	1	0
U234	NR1L-ComfortHMI-318	R-C48(amend)	1	0
W234	NR1L-ComfortHMI-318	R-C48(amend)	1	0
X234	NR1L-ComfortHMI-318	R-C48(amend)	1	0
N235	NR1L-ComfortHMI-319	R-C49(amend)	HMI_Comfort_HMI_Logic_and_Flow_R1_SR24_Post_3A_CR24879_(September_25_2023)_11.6、2.14、16.2、6.3、2.1	"HMI_Comfort_HMI_Logic_and_Flow_R1_SR24_Post_3A_CR24879_(September_25_2023)_11.6
HMI_Comfort_HMI_Logic_and_Flow_R1_SR24_Post_3A_CR24879_(September_25_2023)_2.1
HMI_Comfort_HMI_Logic_and_Flow_R1_SR24_Post_3A_CR24879_(September_25_2023)_2.14
HMI_Comfort_HMI_Logic_and_Flow_R1_SR24_Post_3A_CR24879_(September_25_2023)_6.3
HMI_Comfort_HMI_Logic_and_Flow_R1_SR24_Post_3A_CR24879_(September_25_2023)_16.2"
T235	NR1L-ComfortHMI-319	R-C48(amend)	1	0
U235	NR1L-ComfortHMI-319	R-C48(amend)	1	0
W235	NR1L-ComfortHMI-319	R-C48(amend)	1	0
X235	NR1L-ComfortHMI-319	R-C48(amend)	1	0
N236	NR1L-ComfortHMI-320	R-C49(amend)	HMI_Comfort_HMI_Logic_and_Flow_R1_SR24_Post_3A_CR24879_(September_25_2023)_11.6、2.14、16.2、6.3、2.1	"HMI_Comfort_HMI_Logic_and_Flow_R1_SR24_Post_3A_CR24879_(September_25_2023)_11.6
HMI_Comfort_HMI_Logic_and_Flow_R1_SR24_Post_3A_CR24879_(September_25_2023)_2.1
HMI_Comfort_HMI_Logic_and_Flow_R1_SR24_Post_3A_CR24879_(September_25_2023)_2.14
HMI_Comfort_HMI_Logic_and_Flow_R1_SR24_Post_3A_CR24879_(September_25_2023)_6.3
HMI_Comfort_HMI_Logic_and_Flow_R1_SR24_Post_3A_CR24879_(September_25_2023)_16.2"
T236	NR1L-ComfortHMI-320	R-C48(amend)	1	0
U236	NR1L-ComfortHMI-320	R-C48(amend)	1	0
W236	NR1L-ComfortHMI-320	R-C48(amend)	1	0
X236	NR1L-ComfortHMI-320	R-C48(amend)	1	0
N237	NR1L-ComfortHMI-321	R-C49(amend)	HMI_Comfort_HMI_Logic_and_Flow_R1_SR24_Post_3A_CR24879_(September_25_2023)_11.6.1、11.6、2.14、16.2、6.3、2.1	"HMI_Comfort_HMI_Logic_and_Flow_R1_SR24_Post_3A_CR24879_(September_25_2023)_11.6.1
HMI_Comfort_HMI_Logic_and_Flow_R1_SR24_Post_3A_CR24879_(September_25_2023)_2.1
HMI_Comfort_HMI_Logic_and_Flow_R1_SR24_Post_3A_CR24879_(September_25_2023)_2.14
HMI_Comfort_HMI_Logic_and_Flow_R1_SR24_Post_3A_CR24879_(September_25_2023)_6.3
HMI_Comfort_HMI_Logic_and_Flow_R1_SR24_Post_3A_CR24879_(September_25_2023)_11.6
HMI_Comfort_HMI_Logic_and_Flow_R1_SR24_Post_3A_CR24879_(September_25_2023)_16.2"
T237	NR1L-ComfortHMI-321	R-C48(amend)	1	0
U237	NR1L-ComfortHMI-321	R-C48(amend)	1	0
W237	NR1L-ComfortHMI-321	R-C48(amend)	1	0
X237	NR1L-ComfortHMI-321	R-C48(amend)	1	0
N238	NR1L-ComfortHMI-322	R-C49(amend)	HMI_Comfort_HMI_Logic_and_Flow_R1_SR24_Post_3A_CR24879_(September_25_2023)_11.6.1、11.6、2.14、16.2、6.3、2.1	"HMI_Comfort_HMI_Logic_and_Flow_R1_SR24_Post_3A_CR24879_(September_25_2023)_11.6.1
HMI_Comfort_HMI_Logic_and_Flow_R1_SR24_Post_3A_CR24879_(September_25_2023)_2.1
HMI_Comfort_HMI_Logic_and_Flow_R1_SR24_Post_3A_CR24879_(September_25_2023)_2.14
HMI_Comfort_HMI_Logic_and_Flow_R1_SR24_Post_3A_CR24879_(September_25_2023)_6.3
HMI_Comfort_HMI_Logic_and_Flow_R1_SR24_Post_3A_CR24879_(September_25_2023)_11.6
HMI_Comfort_HMI_Logic_and_Flow_R1_SR24_Post_3A_CR24879_(September_25_2023)_16.2"
T238	NR1L-ComfortHMI-322	R-C48(amend)	1	0
U238	NR1L-ComfortHMI-322	R-C48(amend)	1	0
W238	NR1L-ComfortHMI-322	R-C48(amend)	1	0
X238	NR1L-ComfortHMI-322	R-C48(amend)	1	0
N239	NR1L-ComfortHMI-323	R-C49(amend)	HMI_Comfort_HMI_Logic_and_Flow_R1_SR24_Post_3A_CR24879_(September_25_2023)_11.7、11.6、11.6.1、2.14、16.2、6.3、2.1	"HMI_Comfort_HMI_Logic_and_Flow_R1_SR24_Post_3A_CR24879_(September_25_2023)_11.7
HMI_Comfort_HMI_Logic_and_Flow_R1_SR24_Post_3A_CR24879_(September_25_2023)_2.1
HMI_Comfort_HMI_Logic_and_Flow_R1_SR24_Post_3A_CR24879_(September_25_2023)_2.14
HMI_Comfort_HMI_Logic_and_Flow_R1_SR24_Post_3A_CR24879_(September_25_2023)_6.3
HMI_Comfort_HMI_Logic_and_Flow_R1_SR24_Post_3A_CR24879_(September_25_2023)_11.6
HMI_Comfort_HMI_Logic_and_Flow_R1_SR24_Post_3A_CR24879_(September_25_2023)_11.6.1
HMI_Comfort_HMI_Logic_and_Flow_R1_SR24_Post_3A_CR24879_(September_25_2023)_16.2"
T239	NR1L-ComfortHMI-323	R-C48(amend)	1	0
U239	NR1L-ComfortHMI-323	R-C48(amend)	1	0
W239	NR1L-ComfortHMI-323	R-C48(amend)	1	0
X239	NR1L-ComfortHMI-323	R-C48(amend)	1	0
N240	NR1L-ComfortHMI-324	R-C49(amend)	HMI_Comfort_HMI_Logic_and_Flow_R1_SR24_Post_3A_CR24879_(September_25_2023)_11.7、11.6、11.6.1、2.14、16.2、6.3、2.1	"HMI_Comfort_HMI_Logic_and_Flow_R1_SR24_Post_3A_CR24879_(September_25_2023)_11.7
HMI_Comfort_HMI_Logic_and_Flow_R1_SR24_Post_3A_CR24879_(September_25_2023)_2.1
HMI_Comfort_HMI_Logic_and_Flow_R1_SR24_Post_3A_CR24879_(September_25_2023)_2.14
HMI_Comfort_HMI_Logic_and_Flow_R1_SR24_Post_3A_CR24879_(September_25_2023)_6.3
HMI_Comfort_HMI_Logic_and_Flow_R1_SR24_Post_3A_CR24879_(September_25_2023)_11.6
HMI_Comfort_HMI_Logic_and_Flow_R1_SR24_Post_3A_CR24879_(September_25_2023)_11.6.1
HMI_Comfort_HMI_Logic_and_Flow_R1_SR24_Post_3A_CR24879_(September_25_2023)_16.2"
T240	NR1L-ComfortHMI-324	R-C48(amend)	1	0
U240	NR1L-ComfortHMI-324	R-C48(amend)	1	0
W240	NR1L-ComfortHMI-324	R-C48(amend)	1	0
X240	NR1L-ComfortHMI-324	R-C48(amend)	1	0
N241	NR1L-ComfortHMI-325	R-C49(amend)	HMI_Comfort_HMI_Logic_and_Flow_R1_SR24_Post_3A_CR24879_(September_25_2023)_11.7、11.6、11.6.1、2.14、16.2、6.3、2.1	"HMI_Comfort_HMI_Logic_and_Flow_R1_SR24_Post_3A_CR24879_(September_25_2023)_11.7
HMI_Comfort_HMI_Logic_and_Flow_R1_SR24_Post_3A_CR24879_(September_25_2023)_2.1
HMI_Comfort_HMI_Logic_and_Flow_R1_SR24_Post_3A_CR24879_(September_25_2023)_2.14
HMI_Comfort_HMI_Logic_and_Flow_R1_SR24_Post_3A_CR24879_(September_25_2023)_6.3
HMI_Comfort_HMI_Logic_and_Flow_R1_SR24_Post_3A_CR24879_(September_25_2023)_11.6
HMI_Comfort_HMI_Logic_and_Flow_R1_SR24_Post_3A_CR24879_(September_25_2023)_11.6.1
HMI_Comfort_HMI_Logic_and_Flow_R1_SR24_Post_3A_CR24879_(September_25_2023)_16.2"
T241	NR1L-ComfortHMI-325	R-C48(amend)	1	0
U241	NR1L-ComfortHMI-325	R-C48(amend)	1	0
W241	NR1L-ComfortHMI-325	R-C48(amend)	1	0
X241	NR1L-ComfortHMI-325	R-C48(amend)	1	0
N242	NR1L-ComfortHMI-326	R-C49(amend)	HMI_Comfort_HMI_Logic_and_Flow_R1_SR24_Post_3A_CR24879_(September_25_2023)_11.7、11.6、11.6.1、2.14、16.2、6.3、2.1	"HMI_Comfort_HMI_Logic_and_Flow_R1_SR24_Post_3A_CR24879_(September_25_2023)_11.7
HMI_Comfort_HMI_Logic_and_Flow_R1_SR24_Post_3A_CR24879_(September_25_2023)_2.1
HMI_Comfort_HMI_Logic_and_Flow_R1_SR24_Post_3A_CR24879_(September_25_2023)_2.14
HMI_Comfort_HMI_Logic_and_Flow_R1_SR24_Post_3A_CR24879_(September_25_2023)_6.3
HMI_Comfort_HMI_Logic_and_Flow_R1_SR24_Post_3A_CR24879_(September_25_2023)_11.6
HMI_Comfort_HMI_Logic_and_Flow_R1_SR24_Post_3A_CR24879_(September_25_2023)_11.6.1
HMI_Comfort_HMI_Logic_and_Flow_R1_SR24_Post_3A_CR24879_(September_25_2023)_16.2"
T242	NR1L-ComfortHMI-326	R-C48(amend)	1	0
U242	NR1L-ComfortHMI-326	R-C48(amend)	1	0
W242	NR1L-ComfortHMI-326	R-C48(amend)	1	0
X242	NR1L-ComfortHMI-326	R-C48(amend)	1	0
N243	NR1L-ComfortHMI-327	R-C49(amend)	HMI_Comfort_HMI_Logic_and_Flow_R1_SR24_Post_3A_CR24879_(September_25_2023)_11.8、2.14、16.2、6.3、2.1	"HMI_Comfort_HMI_Logic_and_Flow_R1_SR24_Post_3A_CR24879_(September_25_2023)_11.8
HMI_Comfort_HMI_Logic_and_Flow_R1_SR24_Post_3A_CR24879_(September_25_2023)_2.1
HMI_Comfort_HMI_Logic_and_Flow_R1_SR24_Post_3A_CR24879_(September_25_2023)_2.14
HMI_Comfort_HMI_Logic_and_Flow_R1_SR24_Post_3A_CR24879_(September_25_2023)_6.3
HMI_Comfort_HMI_Logic_and_Flow_R1_SR24_Post_3A_CR24879_(September_25_2023)_16.2"
T243	NR1L-ComfortHMI-327	R-C48(amend)	1	0
U243	NR1L-ComfortHMI-327	R-C48(amend)	1	0
W243	NR1L-ComfortHMI-327	R-C48(amend)	1	0
X243	NR1L-ComfortHMI-327	R-C48(amend)	1	0
N244	NR1L-ComfortHMI-328	R-C49(amend)	HMI_Comfort_HMI_Logic_and_Flow_R1_SR24_Post_3A_CR24879_(September_25_2023)_11.8、2.14、16.2、6.3、2.1	"HMI_Comfort_HMI_Logic_and_Flow_R1_SR24_Post_3A_CR24879_(September_25_2023)_11.8
HMI_Comfort_HMI_Logic_and_Flow_R1_SR24_Post_3A_CR24879_(September_25_2023)_2.1
HMI_Comfort_HMI_Logic_and_Flow_R1_SR24_Post_3A_CR24879_(September_25_2023)_2.14
HMI_Comfort_HMI_Logic_and_Flow_R1_SR24_Post_3A_CR24879_(September_25_2023)_6.3
HMI_Comfort_HMI_Logic_and_Flow_R1_SR24_Post_3A_CR24879_(September_25_2023)_16.2"
T244	NR1L-ComfortHMI-328	R-C48(amend)	1	0
U244	NR1L-ComfortHMI-328	R-C48(amend)	1	0
W244	NR1L-ComfortHMI-328	R-C48(amend)	1	0
X244	NR1L-ComfortHMI-328	R-C48(amend)	1	0
N245	NR1L-ComfortHMI-329	R-C49(amend)	HMI_Comfort_HMI_Logic_and_Flow_R1_SR24_Post_3A_CR24879_(September_25_2023)_11.8、2.14、16.2、6.3、2.1	"HMI_Comfort_HMI_Logic_and_Flow_R1_SR24_Post_3A_CR24879_(September_25_2023)_11.8
HMI_Comfort_HMI_Logic_and_Flow_R1_SR24_Post_3A_CR24879_(September_25_2023)_2.1
HMI_Comfort_HMI_Logic_and_Flow_R1_SR24_Post_3A_CR24879_(September_25_2023)_2.14
HMI_Comfort_HMI_Logic_and_Flow_R1_SR24_Post_3A_CR24879_(September_25_2023)_6.3
HMI_Comfort_HMI_Logic_and_Flow_R1_SR24_Post_3A_CR24879_(September_25_2023)_16.2"
T245	NR1L-ComfortHMI-329	R-C48(amend)	1	0
U245	NR1L-ComfortHMI-329	R-C48(amend)	1	0
W245	NR1L-ComfortHMI-329	R-C48(amend)	1	0
X245	NR1L-ComfortHMI-329	R-C48(amend)	1	0
N246	NR1L-ComfortHMI-330	R-C49(amend)	HMI_Comfort_HMI_Logic_and_Flow_R1_SR24_Post_3A_CR24879_(September_25_2023)_11.8、2.14、16.2、6.3、2.1	"HMI_Comfort_HMI_Logic_and_Flow_R1_SR24_Post_3A_CR24879_(September_25_2023)_11.8
HMI_Comfort_HMI_Logic_and_Flow_R1_SR24_Post_3A_CR24879_(September_25_2023)_2.1
HMI_Comfort_HMI_Logic_and_Flow_R1_SR24_Post_3A_CR24879_(September_25_2023)_2.14
HMI_Comfort_HMI_Logic_and_Flow_R1_SR24_Post_3A_CR24879_(September_25_2023)_6.3
HMI_Comfort_HMI_Logic_and_Flow_R1_SR24_Post_3A_CR24879_(September_25_2023)_16.2"
T246	NR1L-ComfortHMI-330	R-C48(amend)	1	0
U246	NR1L-ComfortHMI-330	R-C48(amend)	1	0
W246	NR1L-ComfortHMI-330	R-C48(amend)	1	0
X246	NR1L-ComfortHMI-330	R-C48(amend)	1	0
N247	NR1L-ComfortHMI-331	R-C49(amend)	HMI_Comfort_HMI_Logic_and_Flow_R1_SR24_Post_3A_CR24879_(September_25_2023)_11.9、2.14、16.2、6.3、2.1	"HMI_Comfort_HMI_Logic_and_Flow_R1_SR24_Post_3A_CR24879_(September_25_2023)_11.9
HMI_Comfort_HMI_Logic_and_Flow_R1_SR24_Post_3A_CR24879_(September_25_2023)_2.1
HMI_Comfort_HMI_Logic_and_Flow_R1_SR24_Post_3A_CR24879_(September_25_2023)_2.14
HMI_Comfort_HMI_Logic_and_Flow_R1_SR24_Post_3A_CR24879_(September_25_2023)_6.3
HMI_Comfort_HMI_Logic_and_Flow_R1_SR24_Post_3A_CR24879_(September_25_2023)_16.2"
T247	NR1L-ComfortHMI-331	R-C48(amend)	1	0
U247	NR1L-ComfortHMI-331	R-C48(amend)	1	0
W247	NR1L-ComfortHMI-331	R-C48(amend)	1	0
X247	NR1L-ComfortHMI-331	R-C48(amend)	1	0
N248	NR1L-ComfortHMI-332	R-C49(amend)	HMI_Comfort_HMI_Logic_and_Flow_R1_SR24_Post_3A_CR24879_(September_25_2023)_11.9、2.14、16.2、6.3、2.1	"HMI_Comfort_HMI_Logic_and_Flow_R1_SR24_Post_3A_CR24879_(September_25_2023)_11.9
HMI_Comfort_HMI_Logic_and_Flow_R1_SR24_Post_3A_CR24879_(September_25_2023)_2.1
HMI_Comfort_HMI_Logic_and_Flow_R1_SR24_Post_3A_CR24879_(September_25_2023)_2.14
HMI_Comfort_HMI_Logic_and_Flow_R1_SR24_Post_3A_CR24879_(September_25_2023)_6.3
HMI_Comfort_HMI_Logic_and_Flow_R1_SR24_Post_3A_CR24879_(September_25_2023)_16.2"
T248	NR1L-ComfortHMI-332	R-C48(amend)	1	0
U248	NR1L-ComfortHMI-332	R-C48(amend)	1	0
W248	NR1L-ComfortHMI-332	R-C48(amend)	1	0
X248	NR1L-ComfortHMI-332	R-C48(amend)	1	0
N249	NR1L-ComfortHMI-333	R-C49(amend)	HMI_Comfort_HMI_Logic_and_Flow_R1_SR24_Post_3A_CR24879_(September_25_2023)_11.10、17.3、2.14、16.2、6.3、2.1	"HMI_Comfort_HMI_Logic_and_Flow_R1_SR24_Post_3A_CR24879_(September_25_2023)_11.10
HMI_Comfort_HMI_Logic_and_Flow_R1_SR24_Post_3A_CR24879_(September_25_2023)_2.1
HMI_Comfort_HMI_Logic_and_Flow_R1_SR24_Post_3A_CR24879_(September_25_2023)_2.14
HMI_Comfort_HMI_Logic_and_Flow_R1_SR24_Post_3A_CR24879_(September_25_2023)_6.3
HMI_Comfort_HMI_Logic_and_Flow_R1_SR24_Post_3A_CR24879_(September_25_2023)_16.2
HMI_Comfort_HMI_Logic_and_Flow_R1_SR24_Post_3A_CR24879_(September_25_2023)_17.3"
T249	NR1L-ComfortHMI-333	R-C48(amend)	1	0
U249	NR1L-ComfortHMI-333	R-C48(amend)	1	0
W249	NR1L-ComfortHMI-333	R-C48(amend)	1	0
X249	NR1L-ComfortHMI-333	R-C48(amend)	1	0
I250	NR1L-ComfortHMI-334	M9-compound	"If an item in the popup is selected the timer will restart.

(display the popup again and select an item in it -> The popup remains displayed for a further 3 seconds from the selection)"	"If an item in the popup is selected the timer will restart.

(select an item in the popup -> The popup remains displayed for a further 3 seconds from the selection)"
L250	NR1L-ComfortHMI-334	M9-compound	"1. Press the heated seat control so that the popup is displayed
2. Wait without touching the popup
3. Display the popup again and select an item in it"	"1. Press the heated seat control so that the popup is displayed
2. Wait without touching the popup
3. Display the popup again
4. Select an item in the popup"
M250	NR1L-ComfortHMI-334	M9-compound	"1. The popup is displayed
2. The popup closes after 3 seconds
3. The popup remains displayed for a further 3 seconds from the selection"	"1. The popup is displayed
2. The popup closes after 3 seconds
3. The popup is displayed
4. The popup remains displayed for a further 3 seconds from the selection"
N250	NR1L-ComfortHMI-334	R-C49(amend)	HMI_Comfort_HMI_Logic_and_Flow_R1_SR24_Post_3A_CR24879_(September_25_2023)_11.10、17.3、2.14、16.2、6.3、2.1	"HMI_Comfort_HMI_Logic_and_Flow_R1_SR24_Post_3A_CR24879_(September_25_2023)_11.10
HMI_Comfort_HMI_Logic_and_Flow_R1_SR24_Post_3A_CR24879_(September_25_2023)_2.1
HMI_Comfort_HMI_Logic_and_Flow_R1_SR24_Post_3A_CR24879_(September_25_2023)_2.14
HMI_Comfort_HMI_Logic_and_Flow_R1_SR24_Post_3A_CR24879_(September_25_2023)_6.3
HMI_Comfort_HMI_Logic_and_Flow_R1_SR24_Post_3A_CR24879_(September_25_2023)_16.2
HMI_Comfort_HMI_Logic_and_Flow_R1_SR24_Post_3A_CR24879_(September_25_2023)_17.3"
T250	NR1L-ComfortHMI-334	R-C48(amend)	1	0
U250	NR1L-ComfortHMI-334	R-C48(amend)	1	0
W250	NR1L-ComfortHMI-334	R-C48(amend)	1	0
X250	NR1L-ComfortHMI-334	R-C48(amend)	1	0
N251	NR1L-ComfortHMI-335	R-C49(amend)	HMI_Comfort_HMI_Logic_and_Flow_R1_SR24_Post_3A_CR24879_(September_25_2023)_11.10、17.3、2.14、16.2、6.3、2.1	"HMI_Comfort_HMI_Logic_and_Flow_R1_SR24_Post_3A_CR24879_(September_25_2023)_11.10
HMI_Comfort_HMI_Logic_and_Flow_R1_SR24_Post_3A_CR24879_(September_25_2023)_2.1
HMI_Comfort_HMI_Logic_and_Flow_R1_SR24_Post_3A_CR24879_(September_25_2023)_2.14
HMI_Comfort_HMI_Logic_and_Flow_R1_SR24_Post_3A_CR24879_(September_25_2023)_6.3
HMI_Comfort_HMI_Logic_and_Flow_R1_SR24_Post_3A_CR24879_(September_25_2023)_16.2
HMI_Comfort_HMI_Logic_and_Flow_R1_SR24_Post_3A_CR24879_(September_25_2023)_17.3"
T251	NR1L-ComfortHMI-335	R-C48(amend)	1	0
U251	NR1L-ComfortHMI-335	R-C48(amend)	1	0
W251	NR1L-ComfortHMI-335	R-C48(amend)	1	0
X251	NR1L-ComfortHMI-335	R-C48(amend)	1	0
N252	NR1L-ComfortHMI-336	R-C49(amend)	HMI_Comfort_HMI_Logic_and_Flow_R1_SR24_Post_3A_CR24879_(September_25_2023)_11.11、2.14、16.2、6.3、2.1	"HMI_Comfort_HMI_Logic_and_Flow_R1_SR24_Post_3A_CR24879_(September_25_2023)_11.11
HMI_Comfort_HMI_Logic_and_Flow_R1_SR24_Post_3A_CR24879_(September_25_2023)_2.1
HMI_Comfort_HMI_Logic_and_Flow_R1_SR24_Post_3A_CR24879_(September_25_2023)_2.14
HMI_Comfort_HMI_Logic_and_Flow_R1_SR24_Post_3A_CR24879_(September_25_2023)_6.3
HMI_Comfort_HMI_Logic_and_Flow_R1_SR24_Post_3A_CR24879_(September_25_2023)_16.2"
T252	NR1L-ComfortHMI-336	R-C48(amend)	1	0
U252	NR1L-ComfortHMI-336	R-C48(amend)	1	0
W252	NR1L-ComfortHMI-336	R-C48(amend)	1	0
X252	NR1L-ComfortHMI-336	R-C48(amend)	1	0
N253	NR1L-ComfortHMI-337	R-C49(amend)	HMI_Comfort_HMI_Logic_and_Flow_R1_SR24_Post_3A_CR24879_(September_25_2023)_11.11、2.14、16.2	"HMI_Comfort_HMI_Logic_and_Flow_R1_SR24_Post_3A_CR24879_(September_25_2023)_11.11
HMI_Comfort_HMI_Logic_and_Flow_R1_SR24_Post_3A_CR24879_(September_25_2023)_2.14
HMI_Comfort_HMI_Logic_and_Flow_R1_SR24_Post_3A_CR24879_(September_25_2023)_16.2"
T253	NR1L-ComfortHMI-337	R-C48(amend)	1	0
U253	NR1L-ComfortHMI-337	R-C48(amend)	1	0
W253	NR1L-ComfortHMI-337	R-C48(amend)	1	0
X253	NR1L-ComfortHMI-337	R-C48(amend)	1	0
N254	NR1L-ComfortHMI-338	R-C49(amend)	HMI_Comfort_HMI_Logic_and_Flow_R1_SR24_Post_3A_CR24879_(September_25_2023)_11.11、2.14、16.2	"HMI_Comfort_HMI_Logic_and_Flow_R1_SR24_Post_3A_CR24879_(September_25_2023)_11.11
HMI_Comfort_HMI_Logic_and_Flow_R1_SR24_Post_3A_CR24879_(September_25_2023)_2.14
HMI_Comfort_HMI_Logic_and_Flow_R1_SR24_Post_3A_CR24879_(September_25_2023)_16.2"
T254	NR1L-ComfortHMI-338	R-C48(amend)	1	0
U254	NR1L-ComfortHMI-338	R-C48(amend)	1	0
W254	NR1L-ComfortHMI-338	R-C48(amend)	1	0
X254	NR1L-ComfortHMI-338	R-C48(amend)	1	0
N255	NR1L-ComfortHMI-339	R-C49(amend)	HMI_Comfort_HMI_Logic_and_Flow_R1_SR24_Post_3A_CR24879_(September_25_2023)_11.11.1、17.3、2.14、16.2	"HMI_Comfort_HMI_Logic_and_Flow_R1_SR24_Post_3A_CR24879_(September_25_2023)_11.11.1
HMI_Comfort_HMI_Logic_and_Flow_R1_SR24_Post_3A_CR24879_(September_25_2023)_2.14
HMI_Comfort_HMI_Logic_and_Flow_R1_SR24_Post_3A_CR24879_(September_25_2023)_16.2
HMI_Comfort_HMI_Logic_and_Flow_R1_SR24_Post_3A_CR24879_(September_25_2023)_17.3"
T255	NR1L-ComfortHMI-339	R-C48(amend)	1	0
U255	NR1L-ComfortHMI-339	R-C48(amend)	1	0
W255	NR1L-ComfortHMI-339	R-C48(amend)	1	0
X255	NR1L-ComfortHMI-339	R-C48(amend)	1	0
N256	NR1L-ComfortHMI-340	R-C49(amend)	HMI_Comfort_HMI_Logic_and_Flow_R1_SR24_Post_3A_CR24879_(September_25_2023)_12.1、2.14、16.2、6.3、2.1	"HMI_Comfort_HMI_Logic_and_Flow_R1_SR24_Post_3A_CR24879_(September_25_2023)_12.1
HMI_Comfort_HMI_Logic_and_Flow_R1_SR24_Post_3A_CR24879_(September_25_2023)_2.1
HMI_Comfort_HMI_Logic_and_Flow_R1_SR24_Post_3A_CR24879_(September_25_2023)_2.14
HMI_Comfort_HMI_Logic_and_Flow_R1_SR24_Post_3A_CR24879_(September_25_2023)_6.3
HMI_Comfort_HMI_Logic_and_Flow_R1_SR24_Post_3A_CR24879_(September_25_2023)_16.2"
T256	NR1L-ComfortHMI-340	R-C48(amend)	1	0
U256	NR1L-ComfortHMI-340	R-C48(amend)	1	0
W256	NR1L-ComfortHMI-340	R-C48(amend)	1	0
X256	NR1L-ComfortHMI-340	R-C48(amend)	1	0
N257	NR1L-ComfortHMI-341	R-C49(amend)	HMI_Comfort_HMI_Logic_and_Flow_R1_SR24_Post_3A_CR24879_(September_25_2023)_12.1、2.14、16.2、6.3、2.1	"HMI_Comfort_HMI_Logic_and_Flow_R1_SR24_Post_3A_CR24879_(September_25_2023)_12.1
HMI_Comfort_HMI_Logic_and_Flow_R1_SR24_Post_3A_CR24879_(September_25_2023)_2.1
HMI_Comfort_HMI_Logic_and_Flow_R1_SR24_Post_3A_CR24879_(September_25_2023)_2.14
HMI_Comfort_HMI_Logic_and_Flow_R1_SR24_Post_3A_CR24879_(September_25_2023)_6.3
HMI_Comfort_HMI_Logic_and_Flow_R1_SR24_Post_3A_CR24879_(September_25_2023)_16.2"
T257	NR1L-ComfortHMI-341	R-C48(amend)	1	0
U257	NR1L-ComfortHMI-341	R-C48(amend)	1	0
W257	NR1L-ComfortHMI-341	R-C48(amend)	1	0
X257	NR1L-ComfortHMI-341	R-C48(amend)	1	0
N258	NR1L-ComfortHMI-342	R-C49(amend)	HMI_Comfort_HMI_Logic_and_Flow_R1_SR24_Post_3A_CR24879_(September_25_2023)_12.1、2.14、16.2、6.3、2.1	"HMI_Comfort_HMI_Logic_and_Flow_R1_SR24_Post_3A_CR24879_(September_25_2023)_12.1
HMI_Comfort_HMI_Logic_and_Flow_R1_SR24_Post_3A_CR24879_(September_25_2023)_2.1
HMI_Comfort_HMI_Logic_and_Flow_R1_SR24_Post_3A_CR24879_(September_25_2023)_2.14
HMI_Comfort_HMI_Logic_and_Flow_R1_SR24_Post_3A_CR24879_(September_25_2023)_6.3
HMI_Comfort_HMI_Logic_and_Flow_R1_SR24_Post_3A_CR24879_(September_25_2023)_16.2"
T258	NR1L-ComfortHMI-342	R-C48(amend)	1	0
U258	NR1L-ComfortHMI-342	R-C48(amend)	1	0
W258	NR1L-ComfortHMI-342	R-C48(amend)	1	0
X258	NR1L-ComfortHMI-342	R-C48(amend)	1	0
N259	NR1L-ComfortHMI-343	R-C49(amend)	HMI_Comfort_HMI_Logic_and_Flow_R1_SR24_Post_3A_CR24879_(September_25_2023)_12.1、2.14、16.2、6.3、2.1	"HMI_Comfort_HMI_Logic_and_Flow_R1_SR24_Post_3A_CR24879_(September_25_2023)_12.1
HMI_Comfort_HMI_Logic_and_Flow_R1_SR24_Post_3A_CR24879_(September_25_2023)_2.1
HMI_Comfort_HMI_Logic_and_Flow_R1_SR24_Post_3A_CR24879_(September_25_2023)_2.14
HMI_Comfort_HMI_Logic_and_Flow_R1_SR24_Post_3A_CR24879_(September_25_2023)_6.3
HMI_Comfort_HMI_Logic_and_Flow_R1_SR24_Post_3A_CR24879_(September_25_2023)_16.2"
T259	NR1L-ComfortHMI-343	R-C48(amend)	1	0
U259	NR1L-ComfortHMI-343	R-C48(amend)	1	0
W259	NR1L-ComfortHMI-343	R-C48(amend)	1	0
X259	NR1L-ComfortHMI-343	R-C48(amend)	1	0
N260	NR1L-ComfortHMI-344	R-C49(amend)	HMI_Comfort_HMI_Logic_and_Flow_R1_SR24_Post_3A_CR24879_(September_25_2023)_12.2、12.1、2.14、16.2、6.3、2.1	"HMI_Comfort_HMI_Logic_and_Flow_R1_SR24_Post_3A_CR24879_(September_25_2023)_12.2
HMI_Comfort_HMI_Logic_and_Flow_R1_SR24_Post_3A_CR24879_(September_25_2023)_2.1
HMI_Comfort_HMI_Logic_and_Flow_R1_SR24_Post_3A_CR24879_(September_25_2023)_2.14
HMI_Comfort_HMI_Logic_and_Flow_R1_SR24_Post_3A_CR24879_(September_25_2023)_6.3
HMI_Comfort_HMI_Logic_and_Flow_R1_SR24_Post_3A_CR24879_(September_25_2023)_12.1
HMI_Comfort_HMI_Logic_and_Flow_R1_SR24_Post_3A_CR24879_(September_25_2023)_16.2"
T260	NR1L-ComfortHMI-344	R-C48(amend)	1	0
U260	NR1L-ComfortHMI-344	R-C48(amend)	1	0
W260	NR1L-ComfortHMI-344	R-C48(amend)	1	0
X260	NR1L-ComfortHMI-344	R-C48(amend)	1	0
N261	NR1L-ComfortHMI-345	R-C49(amend)	HMI_Comfort_HMI_Logic_and_Flow_R1_SR24_Post_3A_CR24879_(September_25_2023)_12.2、12.1、2.14、16.2、6.3、2.1	"HMI_Comfort_HMI_Logic_and_Flow_R1_SR24_Post_3A_CR24879_(September_25_2023)_12.2
HMI_Comfort_HMI_Logic_and_Flow_R1_SR24_Post_3A_CR24879_(September_25_2023)_2.1
HMI_Comfort_HMI_Logic_and_Flow_R1_SR24_Post_3A_CR24879_(September_25_2023)_2.14
HMI_Comfort_HMI_Logic_and_Flow_R1_SR24_Post_3A_CR24879_(September_25_2023)_6.3
HMI_Comfort_HMI_Logic_and_Flow_R1_SR24_Post_3A_CR24879_(September_25_2023)_12.1
HMI_Comfort_HMI_Logic_and_Flow_R1_SR24_Post_3A_CR24879_(September_25_2023)_16.2"
T261	NR1L-ComfortHMI-345	R-C48(amend)	1	0
U261	NR1L-ComfortHMI-345	R-C48(amend)	1	0
W261	NR1L-ComfortHMI-345	R-C48(amend)	1	0
X261	NR1L-ComfortHMI-345	R-C48(amend)	1	0
N262	NR1L-ComfortHMI-346	R-C49(amend)	HMI_Comfort_HMI_Logic_and_Flow_R1_SR24_Post_3A_CR24879_(September_25_2023)_12.2、12.1、2.14、16.2、6.3、2.1	"HMI_Comfort_HMI_Logic_and_Flow_R1_SR24_Post_3A_CR24879_(September_25_2023)_12.2
HMI_Comfort_HMI_Logic_and_Flow_R1_SR24_Post_3A_CR24879_(September_25_2023)_2.1
HMI_Comfort_HMI_Logic_and_Flow_R1_SR24_Post_3A_CR24879_(September_25_2023)_2.14
HMI_Comfort_HMI_Logic_and_Flow_R1_SR24_Post_3A_CR24879_(September_25_2023)_6.3
HMI_Comfort_HMI_Logic_and_Flow_R1_SR24_Post_3A_CR24879_(September_25_2023)_12.1
HMI_Comfort_HMI_Logic_and_Flow_R1_SR24_Post_3A_CR24879_(September_25_2023)_16.2"
T262	NR1L-ComfortHMI-346	R-C48(amend)	1	0
U262	NR1L-ComfortHMI-346	R-C48(amend)	1	0
W262	NR1L-ComfortHMI-346	R-C48(amend)	1	0
X262	NR1L-ComfortHMI-346	R-C48(amend)	1	0
N263	NR1L-ComfortHMI-347	R-C49(amend)	HMI_Comfort_HMI_Logic_and_Flow_R1_SR24_Post_3A_CR24879_(September_25_2023)_12.2、12.1、2.14、16.2、6.3、2.1	"HMI_Comfort_HMI_Logic_and_Flow_R1_SR24_Post_3A_CR24879_(September_25_2023)_12.2
HMI_Comfort_HMI_Logic_and_Flow_R1_SR24_Post_3A_CR24879_(September_25_2023)_2.1
HMI_Comfort_HMI_Logic_and_Flow_R1_SR24_Post_3A_CR24879_(September_25_2023)_2.14
HMI_Comfort_HMI_Logic_and_Flow_R1_SR24_Post_3A_CR24879_(September_25_2023)_6.3
HMI_Comfort_HMI_Logic_and_Flow_R1_SR24_Post_3A_CR24879_(September_25_2023)_12.1
HMI_Comfort_HMI_Logic_and_Flow_R1_SR24_Post_3A_CR24879_(September_25_2023)_16.2"
T263	NR1L-ComfortHMI-347	R-C48(amend)	1	0
U263	NR1L-ComfortHMI-347	R-C48(amend)	1	0
W263	NR1L-ComfortHMI-347	R-C48(amend)	1	0
X263	NR1L-ComfortHMI-347	R-C48(amend)	1	0
N264	NR1L-ComfortHMI-348	R-C49(amend)	HMI_Comfort_HMI_Logic_and_Flow_R1_SR24_Post_3A_CR24879_(September_25_2023)_12.3、17.3、2.14、16.2、6.3、2.1	"HMI_Comfort_HMI_Logic_and_Flow_R1_SR24_Post_3A_CR24879_(September_25_2023)_12.3
HMI_Comfort_HMI_Logic_and_Flow_R1_SR24_Post_3A_CR24879_(September_25_2023)_2.1
HMI_Comfort_HMI_Logic_and_Flow_R1_SR24_Post_3A_CR24879_(September_25_2023)_2.14
HMI_Comfort_HMI_Logic_and_Flow_R1_SR24_Post_3A_CR24879_(September_25_2023)_6.3
HMI_Comfort_HMI_Logic_and_Flow_R1_SR24_Post_3A_CR24879_(September_25_2023)_16.2
HMI_Comfort_HMI_Logic_and_Flow_R1_SR24_Post_3A_CR24879_(September_25_2023)_17.3"
T264	NR1L-ComfortHMI-348	R-C48(amend)	1	0
U264	NR1L-ComfortHMI-348	R-C48(amend)	1	0
W264	NR1L-ComfortHMI-348	R-C48(amend)	1	0
X264	NR1L-ComfortHMI-348	R-C48(amend)	1	0
N265	NR1L-ComfortHMI-349	R-C49(amend)	HMI_Comfort_HMI_Logic_and_Flow_R1_SR24_Post_3A_CR24879_(September_25_2023)_12.3、17.3、2.14、16.2、6.3、2.1	"HMI_Comfort_HMI_Logic_and_Flow_R1_SR24_Post_3A_CR24879_(September_25_2023)_12.3
HMI_Comfort_HMI_Logic_and_Flow_R1_SR24_Post_3A_CR24879_(September_25_2023)_2.1
HMI_Comfort_HMI_Logic_and_Flow_R1_SR24_Post_3A_CR24879_(September_25_2023)_2.14
HMI_Comfort_HMI_Logic_and_Flow_R1_SR24_Post_3A_CR24879_(September_25_2023)_6.3
HMI_Comfort_HMI_Logic_and_Flow_R1_SR24_Post_3A_CR24879_(September_25_2023)_16.2
HMI_Comfort_HMI_Logic_and_Flow_R1_SR24_Post_3A_CR24879_(September_25_2023)_17.3"
T265	NR1L-ComfortHMI-349	R-C48(amend)	1	0
U265	NR1L-ComfortHMI-349	R-C48(amend)	1	0
W265	NR1L-ComfortHMI-349	R-C48(amend)	1	0
X265	NR1L-ComfortHMI-349	R-C48(amend)	1	0
N266	NR1L-ComfortHMI-350	R-C49(amend)	HMI_Comfort_HMI_Logic_and_Flow_R1_SR24_Post_3A_CR24879_(September_25_2023)_12.4、17.3、2.14、16.2	"HMI_Comfort_HMI_Logic_and_Flow_R1_SR24_Post_3A_CR24879_(September_25_2023)_12.4
HMI_Comfort_HMI_Logic_and_Flow_R1_SR24_Post_3A_CR24879_(September_25_2023)_2.14
HMI_Comfort_HMI_Logic_and_Flow_R1_SR24_Post_3A_CR24879_(September_25_2023)_16.2
HMI_Comfort_HMI_Logic_and_Flow_R1_SR24_Post_3A_CR24879_(September_25_2023)_17.3"
T266	NR1L-ComfortHMI-350	R-C48(amend)	1	0
U266	NR1L-ComfortHMI-350	R-C48(amend)	1	0
W266	NR1L-ComfortHMI-350	R-C48(amend)	1	0
X266	NR1L-ComfortHMI-350	R-C48(amend)	1	0
N267	NR1L-ComfortHMI-351	R-C49(amend)	HMI_Comfort_HMI_Logic_and_Flow_R1_SR24_Post_3A_CR24879_(September_25_2023)_12.5、17.3、2.14、16.2、6.3、2.1	"HMI_Comfort_HMI_Logic_and_Flow_R1_SR24_Post_3A_CR24879_(September_25_2023)_12.5
HMI_Comfort_HMI_Logic_and_Flow_R1_SR24_Post_3A_CR24879_(September_25_2023)_2.1
HMI_Comfort_HMI_Logic_and_Flow_R1_SR24_Post_3A_CR24879_(September_25_2023)_2.14
HMI_Comfort_HMI_Logic_and_Flow_R1_SR24_Post_3A_CR24879_(September_25_2023)_6.3
HMI_Comfort_HMI_Logic_and_Flow_R1_SR24_Post_3A_CR24879_(September_25_2023)_16.2
HMI_Comfort_HMI_Logic_and_Flow_R1_SR24_Post_3A_CR24879_(September_25_2023)_17.3"
T267	NR1L-ComfortHMI-351	R-C48(amend)	1	0
U267	NR1L-ComfortHMI-351	R-C48(amend)	1	0
W267	NR1L-ComfortHMI-351	R-C48(amend)	1	0
X267	NR1L-ComfortHMI-351	R-C48(amend)	1	0
N268	NR1L-ComfortHMI-352	R-C49(amend)	HMI_Comfort_HMI_Logic_and_Flow_R1_SR24_Post_3A_CR24879_(September_25_2023)_12.5、17.3、2.14、16.2、6.3、2.1	"HMI_Comfort_HMI_Logic_and_Flow_R1_SR24_Post_3A_CR24879_(September_25_2023)_12.5
HMI_Comfort_HMI_Logic_and_Flow_R1_SR24_Post_3A_CR24879_(September_25_2023)_2.1
HMI_Comfort_HMI_Logic_and_Flow_R1_SR24_Post_3A_CR24879_(September_25_2023)_2.14
HMI_Comfort_HMI_Logic_and_Flow_R1_SR24_Post_3A_CR24879_(September_25_2023)_6.3
HMI_Comfort_HMI_Logic_and_Flow_R1_SR24_Post_3A_CR24879_(September_25_2023)_16.2
HMI_Comfort_HMI_Logic_and_Flow_R1_SR24_Post_3A_CR24879_(September_25_2023)_17.3"
T268	NR1L-ComfortHMI-352	R-C48(amend)	1	0
U268	NR1L-ComfortHMI-352	R-C48(amend)	1	0
W268	NR1L-ComfortHMI-352	R-C48(amend)	1	0
X268	NR1L-ComfortHMI-352	R-C48(amend)	1	0
N269	NR1L-ComfortHMI-383	R-C49(amend)	HMI_Comfort_HMI_Logic_and_Flow_R1_SR24_Post_3A_CR24879_(September_25_2023)_12.6、17.3、2.14、16.2	"HMI_Comfort_HMI_Logic_and_Flow_R1_SR24_Post_3A_CR24879_(September_25_2023)_12.6
HMI_Comfort_HMI_Logic_and_Flow_R1_SR24_Post_3A_CR24879_(September_25_2023)_2.14
HMI_Comfort_HMI_Logic_and_Flow_R1_SR24_Post_3A_CR24879_(September_25_2023)_16.2
HMI_Comfort_HMI_Logic_and_Flow_R1_SR24_Post_3A_CR24879_(September_25_2023)_17.3"
T269	NR1L-ComfortHMI-383	R-C48(amend)	1	0
U269	NR1L-ComfortHMI-383	R-C48(amend)	1	0
W269	NR1L-ComfortHMI-383	R-C48(amend)	1	0
X269	NR1L-ComfortHMI-383	R-C48(amend)	1	0
N270	NR1L-ComfortHMI-353	R-C49(amend)	HMI_Comfort_HMI_Logic_and_Flow_R1_SR24_Post_3A_CR24879_(September_25_2023)_12.7、17.3、2.14、16.2、6.3、2.1	"HMI_Comfort_HMI_Logic_and_Flow_R1_SR24_Post_3A_CR24879_(September_25_2023)_12.7
HMI_Comfort_HMI_Logic_and_Flow_R1_SR24_Post_3A_CR24879_(September_25_2023)_2.1
HMI_Comfort_HMI_Logic_and_Flow_R1_SR24_Post_3A_CR24879_(September_25_2023)_2.14
HMI_Comfort_HMI_Logic_and_Flow_R1_SR24_Post_3A_CR24879_(September_25_2023)_6.3
HMI_Comfort_HMI_Logic_and_Flow_R1_SR24_Post_3A_CR24879_(September_25_2023)_16.2
HMI_Comfort_HMI_Logic_and_Flow_R1_SR24_Post_3A_CR24879_(September_25_2023)_17.3"
T270	NR1L-ComfortHMI-353	R-C48(amend)	1	0
U270	NR1L-ComfortHMI-353	R-C48(amend)	1	0
W270	NR1L-ComfortHMI-353	R-C48(amend)	1	0
X270	NR1L-ComfortHMI-353	R-C48(amend)	1	0
N271	NR1L-ComfortHMI-354	R-C49(amend)	HMI_Comfort_HMI_Logic_and_Flow_R1_SR24_Post_3A_CR24879_(September_25_2023)_12.7、17.3、2.14、16.2、6.3、2.1	"HMI_Comfort_HMI_Logic_and_Flow_R1_SR24_Post_3A_CR24879_(September_25_2023)_12.7
HMI_Comfort_HMI_Logic_and_Flow_R1_SR24_Post_3A_CR24879_(September_25_2023)_2.1
HMI_Comfort_HMI_Logic_and_Flow_R1_SR24_Post_3A_CR24879_(September_25_2023)_2.14
HMI_Comfort_HMI_Logic_and_Flow_R1_SR24_Post_3A_CR24879_(September_25_2023)_6.3
HMI_Comfort_HMI_Logic_and_Flow_R1_SR24_Post_3A_CR24879_(September_25_2023)_16.2
HMI_Comfort_HMI_Logic_and_Flow_R1_SR24_Post_3A_CR24879_(September_25_2023)_17.3"
T271	NR1L-ComfortHMI-354	R-C48(amend)	1	0
U271	NR1L-ComfortHMI-354	R-C48(amend)	1	0
W271	NR1L-ComfortHMI-354	R-C48(amend)	1	0
X271	NR1L-ComfortHMI-354	R-C48(amend)	1	0
N272	NR1L-ComfortHMI-355	R-C49(amend)	HMI_Comfort_HMI_Logic_and_Flow_R1_SR24_Post_3A_CR24879_(September_25_2023)_12.8、2.14、16.2、6.3、2.1	"HMI_Comfort_HMI_Logic_and_Flow_R1_SR24_Post_3A_CR24879_(September_25_2023)_12.8
HMI_Comfort_HMI_Logic_and_Flow_R1_SR24_Post_3A_CR24879_(September_25_2023)_2.1
HMI_Comfort_HMI_Logic_and_Flow_R1_SR24_Post_3A_CR24879_(September_25_2023)_2.14
HMI_Comfort_HMI_Logic_and_Flow_R1_SR24_Post_3A_CR24879_(September_25_2023)_6.3
HMI_Comfort_HMI_Logic_and_Flow_R1_SR24_Post_3A_CR24879_(September_25_2023)_16.2"
T272	NR1L-ComfortHMI-355	R-C48(amend)	1	0
U272	NR1L-ComfortHMI-355	R-C48(amend)	1	0
W272	NR1L-ComfortHMI-355	R-C48(amend)	1	0
X272	NR1L-ComfortHMI-355	R-C48(amend)	1	0
N273	NR1L-ComfortHMI-356	R-C49(amend)	HMI_Comfort_HMI_Logic_and_Flow_R1_SR24_Post_3A_CR24879_(September_25_2023)_12.8、2.14、16.2、6.3、2.1	"HMI_Comfort_HMI_Logic_and_Flow_R1_SR24_Post_3A_CR24879_(September_25_2023)_12.8
HMI_Comfort_HMI_Logic_and_Flow_R1_SR24_Post_3A_CR24879_(September_25_2023)_2.1
HMI_Comfort_HMI_Logic_and_Flow_R1_SR24_Post_3A_CR24879_(September_25_2023)_2.14
HMI_Comfort_HMI_Logic_and_Flow_R1_SR24_Post_3A_CR24879_(September_25_2023)_6.3
HMI_Comfort_HMI_Logic_and_Flow_R1_SR24_Post_3A_CR24879_(September_25_2023)_16.2"
T273	NR1L-ComfortHMI-356	R-C48(amend)	1	0
U273	NR1L-ComfortHMI-356	R-C48(amend)	1	0
W273	NR1L-ComfortHMI-356	R-C48(amend)	1	0
X273	NR1L-ComfortHMI-356	R-C48(amend)	1	0
N274	NR1L-ComfortHMI-357	R-C49(amend)	HMI_Comfort_HMI_Logic_and_Flow_R1_SR24_Post_3A_CR24879_(September_25_2023)_12.8、2.14、16.2、6.3、2.1	"HMI_Comfort_HMI_Logic_and_Flow_R1_SR24_Post_3A_CR24879_(September_25_2023)_12.8
HMI_Comfort_HMI_Logic_and_Flow_R1_SR24_Post_3A_CR24879_(September_25_2023)_2.1
HMI_Comfort_HMI_Logic_and_Flow_R1_SR24_Post_3A_CR24879_(September_25_2023)_2.14
HMI_Comfort_HMI_Logic_and_Flow_R1_SR24_Post_3A_CR24879_(September_25_2023)_6.3
HMI_Comfort_HMI_Logic_and_Flow_R1_SR24_Post_3A_CR24879_(September_25_2023)_16.2"
T274	NR1L-ComfortHMI-357	R-C48(amend)	1	0
U274	NR1L-ComfortHMI-357	R-C48(amend)	1	0
W274	NR1L-ComfortHMI-357	R-C48(amend)	1	0
X274	NR1L-ComfortHMI-357	R-C48(amend)	1	0
N275	NR1L-ComfortHMI-358	R-C49(amend)	HMI_Comfort_HMI_Logic_and_Flow_R1_SR24_Post_3A_CR24879_(September_25_2023)_12.9、12.8、2.14、16.2、6.3、2.1	"HMI_Comfort_HMI_Logic_and_Flow_R1_SR24_Post_3A_CR24879_(September_25_2023)_12.9
HMI_Comfort_HMI_Logic_and_Flow_R1_SR24_Post_3A_CR24879_(September_25_2023)_2.1
HMI_Comfort_HMI_Logic_and_Flow_R1_SR24_Post_3A_CR24879_(September_25_2023)_2.14
HMI_Comfort_HMI_Logic_and_Flow_R1_SR24_Post_3A_CR24879_(September_25_2023)_6.3
HMI_Comfort_HMI_Logic_and_Flow_R1_SR24_Post_3A_CR24879_(September_25_2023)_12.8
HMI_Comfort_HMI_Logic_and_Flow_R1_SR24_Post_3A_CR24879_(September_25_2023)_16.2"
T275	NR1L-ComfortHMI-358	R-C48(amend)	1	0
U275	NR1L-ComfortHMI-358	R-C48(amend)	1	0
W275	NR1L-ComfortHMI-358	R-C48(amend)	1	0
X275	NR1L-ComfortHMI-358	R-C48(amend)	1	0
N276	NR1L-ComfortHMI-359	R-C49(amend)	HMI_Comfort_HMI_Logic_and_Flow_R1_SR24_Post_3A_CR24879_(September_25_2023)_12.9、12.8、2.14、16.2、6.3、2.1	"HMI_Comfort_HMI_Logic_and_Flow_R1_SR24_Post_3A_CR24879_(September_25_2023)_12.9
HMI_Comfort_HMI_Logic_and_Flow_R1_SR24_Post_3A_CR24879_(September_25_2023)_2.1
HMI_Comfort_HMI_Logic_and_Flow_R1_SR24_Post_3A_CR24879_(September_25_2023)_2.14
HMI_Comfort_HMI_Logic_and_Flow_R1_SR24_Post_3A_CR24879_(September_25_2023)_6.3
HMI_Comfort_HMI_Logic_and_Flow_R1_SR24_Post_3A_CR24879_(September_25_2023)_12.8
HMI_Comfort_HMI_Logic_and_Flow_R1_SR24_Post_3A_CR24879_(September_25_2023)_16.2"
T276	NR1L-ComfortHMI-359	R-C48(amend)	1	0
U276	NR1L-ComfortHMI-359	R-C48(amend)	1	0
W276	NR1L-ComfortHMI-359	R-C48(amend)	1	0
X276	NR1L-ComfortHMI-359	R-C48(amend)	1	0
N277	NR1L-ComfortHMI-360	R-C49(amend)	HMI_Comfort_HMI_Logic_and_Flow_R1_SR24_Post_3A_CR24879_(September_25_2023)_12.9、12.8、2.14、16.2、6.3、2.1	"HMI_Comfort_HMI_Logic_and_Flow_R1_SR24_Post_3A_CR24879_(September_25_2023)_12.9
HMI_Comfort_HMI_Logic_and_Flow_R1_SR24_Post_3A_CR24879_(September_25_2023)_2.1
HMI_Comfort_HMI_Logic_and_Flow_R1_SR24_Post_3A_CR24879_(September_25_2023)_2.14
HMI_Comfort_HMI_Logic_and_Flow_R1_SR24_Post_3A_CR24879_(September_25_2023)_6.3
HMI_Comfort_HMI_Logic_and_Flow_R1_SR24_Post_3A_CR24879_(September_25_2023)_12.8
HMI_Comfort_HMI_Logic_and_Flow_R1_SR24_Post_3A_CR24879_(September_25_2023)_16.2"
T277	NR1L-ComfortHMI-360	R-C48(amend)	1	0
U277	NR1L-ComfortHMI-360	R-C48(amend)	1	0
W277	NR1L-ComfortHMI-360	R-C48(amend)	1	0
X277	NR1L-ComfortHMI-360	R-C48(amend)	1	0
L278	NR1L-ComfortHMI-001	M9-Note	"1. Note which tab is currently shown on the lower screen
2. Press ""-"" on the door seat control"	"1. Read which tab is currently shown on the lower screen and record it
2. Press ""-"" on the door seat control"
T278	NR1L-ComfortHMI-001	R-C48(amend)	1	0
U278	NR1L-ComfortHMI-001	R-C48(amend)	1	0
W278	NR1L-ComfortHMI-001	R-C48(amend)	1	0
X278	NR1L-ComfortHMI-001	R-C48(amend)	1	0
T279	NR1L-ComfortHMI-002	R-C48(amend)	1	0
U279	NR1L-ComfortHMI-002	R-C48(amend)	1	0
W279	NR1L-ComfortHMI-002	R-C48(amend)	1	0
X279	NR1L-ComfortHMI-002	R-C48(amend)	1	0
L280	NR1L-ComfortHMI-003	M9-Note	"1. Note which tab is currently shown in the climate section on the head unit
2. Press ""-"" on the door seat control"	"1. Read which tab is currently shown in the climate section on the head unit and record it
2. Press ""-"" on the door seat control"
N280	NR1L-ComfortHMI-003	R-C49(amend)	HMI_Comfort_HMI_Logic_and_Flow_R1_SR24_Post_3A_CR24879_(September_25_2023)_13.2、2.14、6.3	"HMI_Comfort_HMI_Logic_and_Flow_R1_SR24_Post_3A_CR24879_(September_25_2023)_13.2
HMI_Comfort_HMI_Logic_and_Flow_R1_SR24_Post_3A_CR24879_(September_25_2023)_2.14
HMI_Comfort_HMI_Logic_and_Flow_R1_SR24_Post_3A_CR24879_(September_25_2023)_6.3"
T280	NR1L-ComfortHMI-003	R-C48(amend)	1	0
U280	NR1L-ComfortHMI-003	R-C48(amend)	1	0
W280	NR1L-ComfortHMI-003	R-C48(amend)	1	0
X280	NR1L-ComfortHMI-003	R-C48(amend)	1	0
T281	NR1L-ComfortHMI-004	R-C48(amend)	1	0
U281	NR1L-ComfortHMI-004	R-C48(amend)	1	0
W281	NR1L-ComfortHMI-004	R-C48(amend)	1	0
X281	NR1L-ComfortHMI-004	R-C48(amend)	1	0
T282	NR1L-ComfortHMI-005	R-C48(amend)	1	0
U282	NR1L-ComfortHMI-005	R-C48(amend)	1	0
W282	NR1L-ComfortHMI-005	R-C48(amend)	1	0
X282	NR1L-ComfortHMI-005	R-C48(amend)	1	0
T283	NR1L-ComfortHMI-006	R-C48(amend)	1	0
U283	NR1L-ComfortHMI-006	R-C48(amend)	1	0
W283	NR1L-ComfortHMI-006	R-C48(amend)	1	0
X283	NR1L-ComfortHMI-006	R-C48(amend)	1	0
T284	NR1L-ComfortHMI-007	R-C48(amend)	1	0
U284	NR1L-ComfortHMI-007	R-C48(amend)	1	0
W284	NR1L-ComfortHMI-007	R-C48(amend)	1	0
X284	NR1L-ComfortHMI-007	R-C48(amend)	1	0
T285	NR1L-ComfortHMI-008	R-C48(amend)	1	0
U285	NR1L-ComfortHMI-008	R-C48(amend)	1	0
W285	NR1L-ComfortHMI-008	R-C48(amend)	1	0
X285	NR1L-ComfortHMI-008	R-C48(amend)	1	0
T286	NR1L-ComfortHMI-009	R-C48(amend)	1	0
U286	NR1L-ComfortHMI-009	R-C48(amend)	1	0
W286	NR1L-ComfortHMI-009	R-C48(amend)	1	0
X286	NR1L-ComfortHMI-009	R-C48(amend)	1	0
T287	NR1L-ComfortHMI-010	R-C48(amend)	1	0
U287	NR1L-ComfortHMI-010	R-C48(amend)	1	0
W287	NR1L-ComfortHMI-010	R-C48(amend)	1	0
X287	NR1L-ComfortHMI-010	R-C48(amend)	1	0
T288	NR1L-ComfortHMI-011	R-C48(amend)	1	0
U288	NR1L-ComfortHMI-011	R-C48(amend)	1	0
W288	NR1L-ComfortHMI-011	R-C48(amend)	1	0
X288	NR1L-ComfortHMI-011	R-C48(amend)	1	0
T289	NR1L-ComfortHMI-012	R-C48(amend)	1	0
U289	NR1L-ComfortHMI-012	R-C48(amend)	1	0
W289	NR1L-ComfortHMI-012	R-C48(amend)	1	0
X289	NR1L-ComfortHMI-012	R-C48(amend)	1	0
T290	NR1L-ComfortHMI-013	R-C48(amend)	1	0
U290	NR1L-ComfortHMI-013	R-C48(amend)	1	0
W290	NR1L-ComfortHMI-013	R-C48(amend)	1	0
X290	NR1L-ComfortHMI-013	R-C48(amend)	1	0
T291	NR1L-ComfortHMI-014	R-C48(amend)	1	0
U291	NR1L-ComfortHMI-014	R-C48(amend)	1	0
W291	NR1L-ComfortHMI-014	R-C48(amend)	1	0
X291	NR1L-ComfortHMI-014	R-C48(amend)	1	0
H292	NR1L-ComfortHMI-434	M8	HVAC Pop-ups	Climate Popups
N292	NR1L-ComfortHMI-434	R-C49(amend)	HMI_Comfort_HMI_Logic_and_Flow_R1_SR24_Post_3A_CR24879_(September_25_2023)_14.1、2.14、16.2、6.3; Pop Up List HMI R1 SR24 Post 2A (Dec 15, 2023)_Main	"Pop Up List HMI R1 SR24 Post 2A (Dec 15, 2023)_Main
HMI_Comfort_HMI_Logic_and_Flow_R1_SR24_Post_3A_CR24879_(September_25_2023)_14.1
HMI_Comfort_HMI_Logic_and_Flow_R1_SR24_Post_3A_CR24879_(September_25_2023)_2.14
HMI_Comfort_HMI_Logic_and_Flow_R1_SR24_Post_3A_CR24879_(September_25_2023)_6.3
HMI_Comfort_HMI_Logic_and_Flow_R1_SR24_Post_3A_CR24879_(September_25_2023)_16.2"
T292	NR1L-ComfortHMI-434	R-C48(amend)	1	0
U292	NR1L-ComfortHMI-434	R-C48(amend)	1	0
W292	NR1L-ComfortHMI-434	R-C48(amend)	1	0
X292	NR1L-ComfortHMI-434	R-C48(amend)	1	0
N293	NR1L-ComfortHMI-167	R-C49(amend)	HMI_Comfort_HMI_Logic_and_Flow_R1_SR24_Post_3A_CR24879_(September_25_2023)_14.1.1、2.14、16.2、6.3	"HMI_Comfort_HMI_Logic_and_Flow_R1_SR24_Post_3A_CR24879_(September_25_2023)_14.1.1
HMI_Comfort_HMI_Logic_and_Flow_R1_SR24_Post_3A_CR24879_(September_25_2023)_2.14
HMI_Comfort_HMI_Logic_and_Flow_R1_SR24_Post_3A_CR24879_(September_25_2023)_6.3
HMI_Comfort_HMI_Logic_and_Flow_R1_SR24_Post_3A_CR24879_(September_25_2023)_16.2"
T293	NR1L-ComfortHMI-167	R-C48(amend)	1	0
U293	NR1L-ComfortHMI-167	R-C48(amend)	1	0
W293	NR1L-ComfortHMI-167	R-C48(amend)	1	0
X293	NR1L-ComfortHMI-167	R-C48(amend)	1	0
N294	NR1L-ComfortHMI-168	R-C49(amend)	HMI_Comfort_HMI_Logic_and_Flow_R1_SR24_Post_3A_CR24879_(September_25_2023)_14.2、2.14、16.2、6.3	"HMI_Comfort_HMI_Logic_and_Flow_R1_SR24_Post_3A_CR24879_(September_25_2023)_14.2
HMI_Comfort_HMI_Logic_and_Flow_R1_SR24_Post_3A_CR24879_(September_25_2023)_2.14
HMI_Comfort_HMI_Logic_and_Flow_R1_SR24_Post_3A_CR24879_(September_25_2023)_6.3
HMI_Comfort_HMI_Logic_and_Flow_R1_SR24_Post_3A_CR24879_(September_25_2023)_16.2"
T294	NR1L-ComfortHMI-168	R-C48(amend)	1	0
U294	NR1L-ComfortHMI-168	R-C48(amend)	1	0
W294	NR1L-ComfortHMI-168	R-C48(amend)	1	0
X294	NR1L-ComfortHMI-168	R-C48(amend)	1	0
N295	NR1L-ComfortHMI-169	R-C49(amend)	HMI_Comfort_HMI_Logic_and_Flow_R1_SR24_Post_3A_CR24879_(September_25_2023)_14.3、2.14、16.2、6.3	"HMI_Comfort_HMI_Logic_and_Flow_R1_SR24_Post_3A_CR24879_(September_25_2023)_14.3
HMI_Comfort_HMI_Logic_and_Flow_R1_SR24_Post_3A_CR24879_(September_25_2023)_2.14
HMI_Comfort_HMI_Logic_and_Flow_R1_SR24_Post_3A_CR24879_(September_25_2023)_6.3
HMI_Comfort_HMI_Logic_and_Flow_R1_SR24_Post_3A_CR24879_(September_25_2023)_16.2"
T295	NR1L-ComfortHMI-169	R-C48(amend)	1	0
U295	NR1L-ComfortHMI-169	R-C48(amend)	1	0
W295	NR1L-ComfortHMI-169	R-C48(amend)	1	0
X295	NR1L-ComfortHMI-169	R-C48(amend)	1	0
N296	NR1L-ComfortHMI-170	R-C49(amend)	HMI_Comfort_HMI_Logic_and_Flow_R1_SR24_Post_3A_CR24879_(September_25_2023)_14.3、2.14、16.2、6.3	"HMI_Comfort_HMI_Logic_and_Flow_R1_SR24_Post_3A_CR24879_(September_25_2023)_14.3
HMI_Comfort_HMI_Logic_and_Flow_R1_SR24_Post_3A_CR24879_(September_25_2023)_2.14
HMI_Comfort_HMI_Logic_and_Flow_R1_SR24_Post_3A_CR24879_(September_25_2023)_6.3
HMI_Comfort_HMI_Logic_and_Flow_R1_SR24_Post_3A_CR24879_(September_25_2023)_16.2"
T296	NR1L-ComfortHMI-170	R-C48(amend)	1	0
U296	NR1L-ComfortHMI-170	R-C48(amend)	1	0
W296	NR1L-ComfortHMI-170	R-C48(amend)	1	0
X296	NR1L-ComfortHMI-170	R-C48(amend)	1	0
N297	NR1L-ComfortHMI-171	R-C49(amend)	HMI_Comfort_HMI_Logic_and_Flow_R1_SR24_Post_3A_CR24879_(September_25_2023)_14.4、2.14、16.2、6.3	"HMI_Comfort_HMI_Logic_and_Flow_R1_SR24_Post_3A_CR24879_(September_25_2023)_14.4
HMI_Comfort_HMI_Logic_and_Flow_R1_SR24_Post_3A_CR24879_(September_25_2023)_2.14
HMI_Comfort_HMI_Logic_and_Flow_R1_SR24_Post_3A_CR24879_(September_25_2023)_6.3
HMI_Comfort_HMI_Logic_and_Flow_R1_SR24_Post_3A_CR24879_(September_25_2023)_16.2"
T297	NR1L-ComfortHMI-171	R-C48(amend)	1	0
U297	NR1L-ComfortHMI-171	R-C48(amend)	1	0
W297	NR1L-ComfortHMI-171	R-C48(amend)	1	0
X297	NR1L-ComfortHMI-171	R-C48(amend)	1	0
N298	NR1L-ComfortHMI-172	R-C49(amend)	HMI_Comfort_HMI_Logic_and_Flow_R1_SR24_Post_3A_CR24879_(September_25_2023)_14.4、2.14、16.2、6.3	"HMI_Comfort_HMI_Logic_and_Flow_R1_SR24_Post_3A_CR24879_(September_25_2023)_14.4
HMI_Comfort_HMI_Logic_and_Flow_R1_SR24_Post_3A_CR24879_(September_25_2023)_2.14
HMI_Comfort_HMI_Logic_and_Flow_R1_SR24_Post_3A_CR24879_(September_25_2023)_6.3
HMI_Comfort_HMI_Logic_and_Flow_R1_SR24_Post_3A_CR24879_(September_25_2023)_16.2"
T298	NR1L-ComfortHMI-172	R-C48(amend)	1	0
U298	NR1L-ComfortHMI-172	R-C48(amend)	1	0
W298	NR1L-ComfortHMI-172	R-C48(amend)	1	0
X298	NR1L-ComfortHMI-172	R-C48(amend)	1	0
I299	NR1L-ComfortHMI-173	M9-compound	"HVACP5.) HVAC pop-ups should display over NAV, 3rd Party Apps, and Projection screens when permitted.

(open a Projection screen and change the fan speed using the fan speed hard control -> The fan pop-up is shown over the Projection screen)"	"HVACP5.) HVAC pop-ups should display over NAV, 3rd Party Apps, and Projection screens when permitted.

(change the fan speed using the fan speed hard control -> The fan pop-up is shown over the Projection screen)"
L299	NR1L-ComfortHMI-173	M9-compound	"1. Open a NAV screen and change the fan speed using the fan speed hard control
2. Open a Projection screen and change the fan speed using the fan speed hard control"	"1. Open a NAV screen
2. Change the fan speed using the fan speed hard control
3. Open a Projection screen
4. Change the fan speed using the fan speed hard control"
M299	NR1L-ComfortHMI-173	M9-compound	"1. The fan pop-up is shown over the NAV screen
2. The fan pop-up is shown over the Projection screen"	"1. The NAV screen is displayed
2. The fan pop-up is shown over the NAV screen
3. The Projection screen is displayed
4. The fan pop-up is shown over the Projection screen"
N299	NR1L-ComfortHMI-173	R-C49(amend)	HMI_Comfort_HMI_Logic_and_Flow_R1_SR24_Post_3A_CR24879_(September_25_2023)_14.5、2.14、16.2、6.3	"HMI_Comfort_HMI_Logic_and_Flow_R1_SR24_Post_3A_CR24879_(September_25_2023)_14.5
HMI_Comfort_HMI_Logic_and_Flow_R1_SR24_Post_3A_CR24879_(September_25_2023)_2.14
HMI_Comfort_HMI_Logic_and_Flow_R1_SR24_Post_3A_CR24879_(September_25_2023)_6.3
HMI_Comfort_HMI_Logic_and_Flow_R1_SR24_Post_3A_CR24879_(September_25_2023)_16.2"
T299	NR1L-ComfortHMI-173	R-C48(amend)	1	0
U299	NR1L-ComfortHMI-173	R-C48(amend)	1	0
W299	NR1L-ComfortHMI-173	R-C48(amend)	1	0
X299	NR1L-ComfortHMI-173	R-C48(amend)	1	0
L300	NR1L-ComfortHMI-174	M9-compound	"1. Open a pop-up, then change the fan speed using the fan speed hard control
2. Touch the text area of the bottom pop-up"	"1. Open a pop-up
2. Change the fan speed using the fan speed hard control
3. Touch the text area of the bottom pop-up"
M300	NR1L-ComfortHMI-174	M9-compound	"1. The fan pop-up is shown over the other pop-up
2. The fan pop-up is closed"	"1. The pop-up is displayed
2. The fan pop-up is shown over the other pop-up
3. The fan pop-up is closed"
N300	NR1L-ComfortHMI-174	R-C49(amend)	HMI_Comfort_HMI_Logic_and_Flow_R1_SR24_Post_3A_CR24879_(September_25_2023)_14.6、2.14、16.2、6.3	"HMI_Comfort_HMI_Logic_and_Flow_R1_SR24_Post_3A_CR24879_(September_25_2023)_14.6
HMI_Comfort_HMI_Logic_and_Flow_R1_SR24_Post_3A_CR24879_(September_25_2023)_2.14
HMI_Comfort_HMI_Logic_and_Flow_R1_SR24_Post_3A_CR24879_(September_25_2023)_6.3
HMI_Comfort_HMI_Logic_and_Flow_R1_SR24_Post_3A_CR24879_(September_25_2023)_16.2"
T300	NR1L-ComfortHMI-174	R-C48(amend)	1	0
U300	NR1L-ComfortHMI-174	R-C48(amend)	1	0
W300	NR1L-ComfortHMI-174	R-C48(amend)	1	0
X300	NR1L-ComfortHMI-174	R-C48(amend)	1	0
L301	NR1L-ComfortHMI-175	M9-compound	"1. Open a pop-up that has a selectable item, then change the fan speed using the fan speed hard control
2. Touch the selectable item of the bottom pop-up"	"1. Open a pop-up that has a selectable item
2. Change the fan speed using the fan speed hard control
3. Touch the selectable item of the bottom pop-up"
M301	NR1L-ComfortHMI-175	M9-compound	"1. The fan pop-up is shown over the other pop-up
2. The action of the bottom pop-up is taken"	"1. The pop-up is displayed
2. The fan pop-up is shown over the other pop-up
3. The action of the bottom pop-up is taken"
N301	NR1L-ComfortHMI-175	R-C49(amend)	HMI_Comfort_HMI_Logic_and_Flow_R1_SR24_Post_3A_CR24879_(September_25_2023)_14.7、2.14、16.2、6.3	"HMI_Comfort_HMI_Logic_and_Flow_R1_SR24_Post_3A_CR24879_(September_25_2023)_14.7
HMI_Comfort_HMI_Logic_and_Flow_R1_SR24_Post_3A_CR24879_(September_25_2023)_2.14
HMI_Comfort_HMI_Logic_and_Flow_R1_SR24_Post_3A_CR24879_(September_25_2023)_6.3
HMI_Comfort_HMI_Logic_and_Flow_R1_SR24_Post_3A_CR24879_(September_25_2023)_16.2"
T301	NR1L-ComfortHMI-175	R-C48(amend)	1	0
U301	NR1L-ComfortHMI-175	R-C48(amend)	1	0
W301	NR1L-ComfortHMI-175	R-C48(amend)	1	0
X301	NR1L-ComfortHMI-175	R-C48(amend)	1	0
L302	NR1L-ComfortHMI-176	M9-compound	"1. Open a pop-up that has a selectable item, then change the fan speed using the fan speed hard control
2. Touch the selectable item of the bottom pop-up and read the screen"	"1. Open a pop-up that has a selectable item
2. Change the fan speed using the fan speed hard control
3. Touch the selectable item of the bottom pop-up and read the screen"
M302	NR1L-ComfortHMI-176	M9-compound	"1. The fan pop-up is shown over the other pop-up
2. The fan pop-up is closed"	"1. The pop-up is displayed
2. The fan pop-up is shown over the other pop-up
3. The fan pop-up is closed"
N302	NR1L-ComfortHMI-176	R-C49(amend)	HMI_Comfort_HMI_Logic_and_Flow_R1_SR24_Post_3A_CR24879_(September_25_2023)_14.7、2.14、16.2、6.3	"HMI_Comfort_HMI_Logic_and_Flow_R1_SR24_Post_3A_CR24879_(September_25_2023)_14.7
HMI_Comfort_HMI_Logic_and_Flow_R1_SR24_Post_3A_CR24879_(September_25_2023)_2.14
HMI_Comfort_HMI_Logic_and_Flow_R1_SR24_Post_3A_CR24879_(September_25_2023)_6.3
HMI_Comfort_HMI_Logic_and_Flow_R1_SR24_Post_3A_CR24879_(September_25_2023)_16.2"
T302	NR1L-ComfortHMI-176	R-C48(amend)	1	0
U302	NR1L-ComfortHMI-176	R-C48(amend)	1	0
W302	NR1L-ComfortHMI-176	R-C48(amend)	1	0
X302	NR1L-ComfortHMI-176	R-C48(amend)	1	0
L303	NR1L-ComfortHMI-177	M9-compound	"1. Open a pop-up, then change the fan speed using the fan speed hard control
2. Press an area outside both pop-ups"	"1. Open a pop-up
2. Change the fan speed using the fan speed hard control
3. Press an area outside both pop-ups"
M303	NR1L-ComfortHMI-177	M9-compound	"1. The fan pop-up is shown over the other pop-up
2. Both pop-ups are closed"	"1. The pop-up is displayed
2. The fan pop-up is shown over the other pop-up
3. Both pop-ups are closed"
N303	NR1L-ComfortHMI-177	R-C49(amend)	HMI_Comfort_HMI_Logic_and_Flow_R1_SR24_Post_3A_CR24879_(September_25_2023)_14.8、2.14、16.2、6.3	"HMI_Comfort_HMI_Logic_and_Flow_R1_SR24_Post_3A_CR24879_(September_25_2023)_14.8
HMI_Comfort_HMI_Logic_and_Flow_R1_SR24_Post_3A_CR24879_(September_25_2023)_2.14
HMI_Comfort_HMI_Logic_and_Flow_R1_SR24_Post_3A_CR24879_(September_25_2023)_6.3
HMI_Comfort_HMI_Logic_and_Flow_R1_SR24_Post_3A_CR24879_(September_25_2023)_16.2"
T303	NR1L-ComfortHMI-177	R-C48(amend)	1	0
U303	NR1L-ComfortHMI-177	R-C48(amend)	1	0
W303	NR1L-ComfortHMI-177	R-C48(amend)	1	0
X303	NR1L-ComfortHMI-177	R-C48(amend)	1	0
N304	NR1L-ComfortHMI-178	R-C49(amend)	HMI_Comfort_HMI_Logic_and_Flow_R1_SR24_Post_3A_CR24879_(September_25_2023)_14.9、2.14、16.2、6.3	"HMI_Comfort_HMI_Logic_and_Flow_R1_SR24_Post_3A_CR24879_(September_25_2023)_14.9
HMI_Comfort_HMI_Logic_and_Flow_R1_SR24_Post_3A_CR24879_(September_25_2023)_2.14
HMI_Comfort_HMI_Logic_and_Flow_R1_SR24_Post_3A_CR24879_(September_25_2023)_6.3
HMI_Comfort_HMI_Logic_and_Flow_R1_SR24_Post_3A_CR24879_(September_25_2023)_16.2"
T304	NR1L-ComfortHMI-178	R-C48(amend)	1	0
U304	NR1L-ComfortHMI-178	R-C48(amend)	1	0
W304	NR1L-ComfortHMI-178	R-C48(amend)	1	0
X304	NR1L-ComfortHMI-178	R-C48(amend)	1	0
I305	NR1L-ComfortHMI-179	M9-compound	"HVACP10.) When head unit is in simulated off/idle mode HVAC popups should display as they normally would when idle mode is not applied.

(put the head unit into simulated off/idle mode and change the fan speed again -> The fan pop-up is shown as it was in step 1)"	"HVACP10.) When head unit is in simulated off/idle mode HVAC popups should display as they normally would when idle mode is not applied.

(change the fan speed again -> The fan pop-up is shown as it was in step 1)"
L305	NR1L-ComfortHMI-179	M9-compound	"1. Change the fan speed using the fan speed hard control with idle mode not applied and read the fan pop-up
2. Put the head unit into simulated off/idle mode and change the fan speed again"	"1. Change the fan speed using the fan speed hard control with idle mode not applied and read the fan pop-up
2. Put the head unit into simulated off/idle mode
3. Change the fan speed again"
M305	NR1L-ComfortHMI-179	M9-compound	"1. The fan pop-up is shown
2. The fan pop-up is shown as it was in step 1"	"1. The fan pop-up is shown
2. The head unit is in simulated off/idle mode
3. The fan pop-up is shown as it was in step 1"
N305	NR1L-ComfortHMI-179	R-C49(amend)	HMI_Comfort_HMI_Logic_and_Flow_R1_SR24_Post_3A_CR24879_(September_25_2023)_14.10、2.14、16.2、6.3	"HMI_Comfort_HMI_Logic_and_Flow_R1_SR24_Post_3A_CR24879_(September_25_2023)_14.10
HMI_Comfort_HMI_Logic_and_Flow_R1_SR24_Post_3A_CR24879_(September_25_2023)_2.14
HMI_Comfort_HMI_Logic_and_Flow_R1_SR24_Post_3A_CR24879_(September_25_2023)_6.3
HMI_Comfort_HMI_Logic_and_Flow_R1_SR24_Post_3A_CR24879_(September_25_2023)_16.2"
T305	NR1L-ComfortHMI-179	R-C48(amend)	1	0
U305	NR1L-ComfortHMI-179	R-C48(amend)	1	0
W305	NR1L-ComfortHMI-179	R-C48(amend)	1	0
X305	NR1L-ComfortHMI-179	R-C48(amend)	1	0
N306	NR1L-ComfortHMI-180	R-C49(amend)	HMI_Comfort_HMI_Logic_and_Flow_R1_SR24_Post_3A_CR24879_(September_25_2023)_14.10.1、2.14、16.2、6.3	"HMI_Comfort_HMI_Logic_and_Flow_R1_SR24_Post_3A_CR24879_(September_25_2023)_14.10.1
HMI_Comfort_HMI_Logic_and_Flow_R1_SR24_Post_3A_CR24879_(September_25_2023)_2.14
HMI_Comfort_HMI_Logic_and_Flow_R1_SR24_Post_3A_CR24879_(September_25_2023)_6.3
HMI_Comfort_HMI_Logic_and_Flow_R1_SR24_Post_3A_CR24879_(September_25_2023)_16.2"
T306	NR1L-ComfortHMI-180	R-C48(amend)	1	0
U306	NR1L-ComfortHMI-180	R-C48(amend)	1	0
W306	NR1L-ComfortHMI-180	R-C48(amend)	1	0
X306	NR1L-ComfortHMI-180	R-C48(amend)	1	0
N307	NR1L-ComfortHMI-181	R-C49(amend)	HMI_Comfort_HMI_Logic_and_Flow_R1_SR24_Post_3A_CR24879_(September_25_2023)_14.11、2.14、16.2、6.3	"HMI_Comfort_HMI_Logic_and_Flow_R1_SR24_Post_3A_CR24879_(September_25_2023)_14.11
HMI_Comfort_HMI_Logic_and_Flow_R1_SR24_Post_3A_CR24879_(September_25_2023)_2.14
HMI_Comfort_HMI_Logic_and_Flow_R1_SR24_Post_3A_CR24879_(September_25_2023)_6.3
HMI_Comfort_HMI_Logic_and_Flow_R1_SR24_Post_3A_CR24879_(September_25_2023)_16.2"
T307	NR1L-ComfortHMI-181	R-C48(amend)	1	0
U307	NR1L-ComfortHMI-181	R-C48(amend)	1	0
W307	NR1L-ComfortHMI-181	R-C48(amend)	1	0
X307	NR1L-ComfortHMI-181	R-C48(amend)	1	0
N308	NR1L-ComfortHMI-182	R-C49(amend)	HMI_Comfort_HMI_Logic_and_Flow_R1_SR24_Post_3A_CR24879_(September_25_2023)_14.11、2.14、16.2、6.3	"HMI_Comfort_HMI_Logic_and_Flow_R1_SR24_Post_3A_CR24879_(September_25_2023)_14.11
HMI_Comfort_HMI_Logic_and_Flow_R1_SR24_Post_3A_CR24879_(September_25_2023)_2.14
HMI_Comfort_HMI_Logic_and_Flow_R1_SR24_Post_3A_CR24879_(September_25_2023)_6.3
HMI_Comfort_HMI_Logic_and_Flow_R1_SR24_Post_3A_CR24879_(September_25_2023)_16.2"
T308	NR1L-ComfortHMI-182	R-C48(amend)	1	0
U308	NR1L-ComfortHMI-182	R-C48(amend)	1	0
W308	NR1L-ComfortHMI-182	R-C48(amend)	1	0
X308	NR1L-ComfortHMI-182	R-C48(amend)	1	0
N309	NR1L-ComfortHMI-374	R-C49(amend)	HMI_Comfort_HMI_Logic_and_Flow_R1_SR24_Post_3A_CR24879_(September_25_2023)_14.12、2.14、16.2、6.3	"HMI_Comfort_HMI_Logic_and_Flow_R1_SR24_Post_3A_CR24879_(September_25_2023)_14.12
HMI_Comfort_HMI_Logic_and_Flow_R1_SR24_Post_3A_CR24879_(September_25_2023)_2.14
HMI_Comfort_HMI_Logic_and_Flow_R1_SR24_Post_3A_CR24879_(September_25_2023)_6.3
HMI_Comfort_HMI_Logic_and_Flow_R1_SR24_Post_3A_CR24879_(September_25_2023)_16.2"
T309	NR1L-ComfortHMI-374	R-C48(amend)	1	0
U309	NR1L-ComfortHMI-374	R-C48(amend)	1	0
W309	NR1L-ComfortHMI-374	R-C48(amend)	1	0
X309	NR1L-ComfortHMI-374	R-C48(amend)	1	0
N310	NR1L-ComfortHMI-375	R-C49(amend)	HMI_Comfort_HMI_Logic_and_Flow_R1_SR24_Post_3A_CR24879_(September_25_2023)_14.12、2.14、16.2、6.3	"HMI_Comfort_HMI_Logic_and_Flow_R1_SR24_Post_3A_CR24879_(September_25_2023)_14.12
HMI_Comfort_HMI_Logic_and_Flow_R1_SR24_Post_3A_CR24879_(September_25_2023)_2.14
HMI_Comfort_HMI_Logic_and_Flow_R1_SR24_Post_3A_CR24879_(September_25_2023)_6.3
HMI_Comfort_HMI_Logic_and_Flow_R1_SR24_Post_3A_CR24879_(September_25_2023)_16.2"
T310	NR1L-ComfortHMI-375	R-C48(amend)	1	0
U310	NR1L-ComfortHMI-375	R-C48(amend)	1	0
W310	NR1L-ComfortHMI-375	R-C48(amend)	1	0
X310	NR1L-ComfortHMI-375	R-C48(amend)	1	0
N311	NR1L-ComfortHMI-376	R-C49(amend)	HMI_Comfort_HMI_Logic_and_Flow_R1_SR24_Post_3A_CR24879_(September_25_2023)_14.12、2.14、16.2、6.3	"HMI_Comfort_HMI_Logic_and_Flow_R1_SR24_Post_3A_CR24879_(September_25_2023)_14.12
HMI_Comfort_HMI_Logic_and_Flow_R1_SR24_Post_3A_CR24879_(September_25_2023)_2.14
HMI_Comfort_HMI_Logic_and_Flow_R1_SR24_Post_3A_CR24879_(September_25_2023)_6.3
HMI_Comfort_HMI_Logic_and_Flow_R1_SR24_Post_3A_CR24879_(September_25_2023)_16.2"
T311	NR1L-ComfortHMI-376	R-C48(amend)	1	0
U311	NR1L-ComfortHMI-376	R-C48(amend)	1	0
W311	NR1L-ComfortHMI-376	R-C48(amend)	1	0
X311	NR1L-ComfortHMI-376	R-C48(amend)	1	0
N312	NR1L-ComfortHMI-183	R-C49(amend)	HMI_Comfort_HMI_Logic_and_Flow_R1_SR24_Post_3A_CR24879_(September_25_2023)_14.13、2.14、16.2、6.3	"HMI_Comfort_HMI_Logic_and_Flow_R1_SR24_Post_3A_CR24879_(September_25_2023)_14.13
HMI_Comfort_HMI_Logic_and_Flow_R1_SR24_Post_3A_CR24879_(September_25_2023)_2.14
HMI_Comfort_HMI_Logic_and_Flow_R1_SR24_Post_3A_CR24879_(September_25_2023)_6.3
HMI_Comfort_HMI_Logic_and_Flow_R1_SR24_Post_3A_CR24879_(September_25_2023)_16.2"
T312	NR1L-ComfortHMI-183	R-C48(amend)	1	0
U312	NR1L-ComfortHMI-183	R-C48(amend)	1	0
W312	NR1L-ComfortHMI-183	R-C48(amend)	1	0
X312	NR1L-ComfortHMI-183	R-C48(amend)	1	0
N313	NR1L-ComfortHMI-377	R-C49(amend)	HMI_Comfort_HMI_Logic_and_Flow_R1_SR24_Post_3A_CR24879_(September_25_2023)_14.14、2.14、16.2、6.3	"HMI_Comfort_HMI_Logic_and_Flow_R1_SR24_Post_3A_CR24879_(September_25_2023)_14.14
HMI_Comfort_HMI_Logic_and_Flow_R1_SR24_Post_3A_CR24879_(September_25_2023)_2.14
HMI_Comfort_HMI_Logic_and_Flow_R1_SR24_Post_3A_CR24879_(September_25_2023)_6.3
HMI_Comfort_HMI_Logic_and_Flow_R1_SR24_Post_3A_CR24879_(September_25_2023)_16.2"
T313	NR1L-ComfortHMI-377	R-C48(amend)	1	0
U313	NR1L-ComfortHMI-377	R-C48(amend)	1	0
W313	NR1L-ComfortHMI-377	R-C48(amend)	1	0
X313	NR1L-ComfortHMI-377	R-C48(amend)	1	0
N314	NR1L-ComfortHMI-461	R-C49(amend)	HMI_Comfort_HMI_Logic_and_Flow_R1_SR24_Post_3A_CR24879_(September_25_2023)_14.15、2.14、16.2、6.3	"HMI_Comfort_HMI_Logic_and_Flow_R1_SR24_Post_3A_CR24879_(September_25_2023)_14.15
HMI_Comfort_HMI_Logic_and_Flow_R1_SR24_Post_3A_CR24879_(September_25_2023)_2.14
HMI_Comfort_HMI_Logic_and_Flow_R1_SR24_Post_3A_CR24879_(September_25_2023)_6.3
HMI_Comfort_HMI_Logic_and_Flow_R1_SR24_Post_3A_CR24879_(September_25_2023)_16.2"
T314	NR1L-ComfortHMI-461	R-C48(amend)	1	0
U314	NR1L-ComfortHMI-461	R-C48(amend)	1	0
W314	NR1L-ComfortHMI-461	R-C48(amend)	1	0
X314	NR1L-ComfortHMI-461	R-C48(amend)	1	0
L315	NR1L-ComfortHMI-184	M9-compound	"1. Turn the driver heated seat on, then turn it off
2. Read the driver comfort seat feature in the status bar"	"1. Turn the driver heated seat on
2. Turn the driver heated seat off
3. Read the driver comfort seat feature in the status bar"
M315	NR1L-ComfortHMI-184	M9-compound	"1. The driver heated seat is off
2. The driver comfort seat feature shows the heated state as the last used state"	"1. The driver heated seat is on
2. The driver heated seat is off
3. The driver comfort seat feature shows the heated state as the last used state"
N315	NR1L-ComfortHMI-184	R-C49(amend)	HMI_Comfort_HMI_Logic_and_Flow_R1_SR24_Post_3A_CR24879_(September_25_2023)_14.16、14.15、2.14、16.2、6.3	"HMI_Comfort_HMI_Logic_and_Flow_R1_SR24_Post_3A_CR24879_(September_25_2023)_14.16
HMI_Comfort_HMI_Logic_and_Flow_R1_SR24_Post_3A_CR24879_(September_25_2023)_2.14
HMI_Comfort_HMI_Logic_and_Flow_R1_SR24_Post_3A_CR24879_(September_25_2023)_6.3
HMI_Comfort_HMI_Logic_and_Flow_R1_SR24_Post_3A_CR24879_(September_25_2023)_14.15
HMI_Comfort_HMI_Logic_and_Flow_R1_SR24_Post_3A_CR24879_(September_25_2023)_16.2"
T315	NR1L-ComfortHMI-184	R-C48(amend)	1	0
U315	NR1L-ComfortHMI-184	R-C48(amend)	1	0
W315	NR1L-ComfortHMI-184	R-C48(amend)	1	0
X315	NR1L-ComfortHMI-184	R-C48(amend)	1	0
N316	NR1L-ComfortHMI-185	R-C49(amend)	HMI_Comfort_HMI_Logic_and_Flow_R1_SR24_Post_3A_CR24879_(September_25_2023)_14.16、14.15、2.14、16.2、6.3	"HMI_Comfort_HMI_Logic_and_Flow_R1_SR24_Post_3A_CR24879_(September_25_2023)_14.16
HMI_Comfort_HMI_Logic_and_Flow_R1_SR24_Post_3A_CR24879_(September_25_2023)_2.14
HMI_Comfort_HMI_Logic_and_Flow_R1_SR24_Post_3A_CR24879_(September_25_2023)_6.3
HMI_Comfort_HMI_Logic_and_Flow_R1_SR24_Post_3A_CR24879_(September_25_2023)_14.15
HMI_Comfort_HMI_Logic_and_Flow_R1_SR24_Post_3A_CR24879_(September_25_2023)_16.2"
T316	NR1L-ComfortHMI-185	R-C48(amend)	1	0
U316	NR1L-ComfortHMI-185	R-C48(amend)	1	0
W316	NR1L-ComfortHMI-185	R-C48(amend)	1	0
X316	NR1L-ComfortHMI-185	R-C48(amend)	1	0
N317	NR1L-ComfortHMI-186	R-C49(amend)	HMI_Comfort_HMI_Logic_and_Flow_R1_SR24_Post_3A_CR24879_(September_25_2023)_14.16、14.15、2.14、16.2、6.3	"HMI_Comfort_HMI_Logic_and_Flow_R1_SR24_Post_3A_CR24879_(September_25_2023)_14.16
HMI_Comfort_HMI_Logic_and_Flow_R1_SR24_Post_3A_CR24879_(September_25_2023)_2.14
HMI_Comfort_HMI_Logic_and_Flow_R1_SR24_Post_3A_CR24879_(September_25_2023)_6.3
HMI_Comfort_HMI_Logic_and_Flow_R1_SR24_Post_3A_CR24879_(September_25_2023)_14.15
HMI_Comfort_HMI_Logic_and_Flow_R1_SR24_Post_3A_CR24879_(September_25_2023)_16.2"
T317	NR1L-ComfortHMI-186	R-C48(amend)	1	0
U317	NR1L-ComfortHMI-186	R-C48(amend)	1	0
W317	NR1L-ComfortHMI-186	R-C48(amend)	1	0
X317	NR1L-ComfortHMI-186	R-C48(amend)	1	0
N318	NR1L-ComfortHMI-187	R-C49(amend)	HMI_Comfort_HMI_Logic_and_Flow_R1_SR24_Post_3A_CR24879_(September_25_2023)_14.16.1、14.15、2.14、16.2、6.3	"HMI_Comfort_HMI_Logic_and_Flow_R1_SR24_Post_3A_CR24879_(September_25_2023)_14.16.1
HMI_Comfort_HMI_Logic_and_Flow_R1_SR24_Post_3A_CR24879_(September_25_2023)_2.14
HMI_Comfort_HMI_Logic_and_Flow_R1_SR24_Post_3A_CR24879_(September_25_2023)_6.3
HMI_Comfort_HMI_Logic_and_Flow_R1_SR24_Post_3A_CR24879_(September_25_2023)_14.15
HMI_Comfort_HMI_Logic_and_Flow_R1_SR24_Post_3A_CR24879_(September_25_2023)_16.2"
T318	NR1L-ComfortHMI-187	R-C48(amend)	1	0
U318	NR1L-ComfortHMI-187	R-C48(amend)	1	0
W318	NR1L-ComfortHMI-187	R-C48(amend)	1	0
X318	NR1L-ComfortHMI-187	R-C48(amend)	1	0
N319	NR1L-ComfortHMI-188	R-C49(amend)	HMI_Comfort_HMI_Logic_and_Flow_R1_SR24_Post_3A_CR24879_(September_25_2023)_14.16.1、14.15、2.14、16.2、6.3	"HMI_Comfort_HMI_Logic_and_Flow_R1_SR24_Post_3A_CR24879_(September_25_2023)_14.16.1
HMI_Comfort_HMI_Logic_and_Flow_R1_SR24_Post_3A_CR24879_(September_25_2023)_2.14
HMI_Comfort_HMI_Logic_and_Flow_R1_SR24_Post_3A_CR24879_(September_25_2023)_6.3
HMI_Comfort_HMI_Logic_and_Flow_R1_SR24_Post_3A_CR24879_(September_25_2023)_14.15
HMI_Comfort_HMI_Logic_and_Flow_R1_SR24_Post_3A_CR24879_(September_25_2023)_16.2"
T319	NR1L-ComfortHMI-188	R-C48(amend)	1	0
U319	NR1L-ComfortHMI-188	R-C48(amend)	1	0
W319	NR1L-ComfortHMI-188	R-C48(amend)	1	0
X319	NR1L-ComfortHMI-188	R-C48(amend)	1	0
N320	NR1L-ComfortHMI-189	R-C49(amend)	HMI_Comfort_HMI_Logic_and_Flow_R1_SR24_Post_3A_CR24879_(September_25_2023)_14.16.1、14.15、2.14、16.2、6.3	"HMI_Comfort_HMI_Logic_and_Flow_R1_SR24_Post_3A_CR24879_(September_25_2023)_14.16.1
HMI_Comfort_HMI_Logic_and_Flow_R1_SR24_Post_3A_CR24879_(September_25_2023)_2.14
HMI_Comfort_HMI_Logic_and_Flow_R1_SR24_Post_3A_CR24879_(September_25_2023)_6.3
HMI_Comfort_HMI_Logic_and_Flow_R1_SR24_Post_3A_CR24879_(September_25_2023)_14.15
HMI_Comfort_HMI_Logic_and_Flow_R1_SR24_Post_3A_CR24879_(September_25_2023)_16.2"
T320	NR1L-ComfortHMI-189	R-C48(amend)	1	0
U320	NR1L-ComfortHMI-189	R-C48(amend)	1	0
W320	NR1L-ComfortHMI-189	R-C48(amend)	1	0
X320	NR1L-ComfortHMI-189	R-C48(amend)	1	0
N321	NR1L-ComfortHMI-190	R-C49(amend)	HMI_Comfort_HMI_Logic_and_Flow_R1_SR24_Post_3A_CR24879_(September_25_2023)_14.17、14.15、2.14、16.2、6.3	"HMI_Comfort_HMI_Logic_and_Flow_R1_SR24_Post_3A_CR24879_(September_25_2023)_14.17
HMI_Comfort_HMI_Logic_and_Flow_R1_SR24_Post_3A_CR24879_(September_25_2023)_2.14
HMI_Comfort_HMI_Logic_and_Flow_R1_SR24_Post_3A_CR24879_(September_25_2023)_6.3
HMI_Comfort_HMI_Logic_and_Flow_R1_SR24_Post_3A_CR24879_(September_25_2023)_14.15
HMI_Comfort_HMI_Logic_and_Flow_R1_SR24_Post_3A_CR24879_(September_25_2023)_16.2"
T321	NR1L-ComfortHMI-190	R-C48(amend)	1	0
U321	NR1L-ComfortHMI-190	R-C48(amend)	1	0
W321	NR1L-ComfortHMI-190	R-C48(amend)	1	0
X321	NR1L-ComfortHMI-190	R-C48(amend)	1	0
I322	NR1L-ComfortHMI-191	M2	"HVACSB5.) Popup will have a 5 sec timeout and restart with additional presses.

(wait 5 seconds without further interaction -> The popup is no longer shown)"	"HVACSB5.) Popup will have a 5 sec timeout and restart with additional presses.

(press the icon again before the timeout -> the timeout restarts)"
L322	NR1L-ComfortHMI-191	M2	"1. Press the driver comfort seat icon in the status bar
2. Wait 5 seconds without further interaction"	"1. Press the driver comfort seat icon in the status bar
2. Press the driver comfort seat icon again before the popup times out
3. Wait until 5 seconds have passed since the press in step 1"
M322	NR1L-ComfortHMI-191	M2	"1. A popup for the comfort feature is shown
2. The popup is no longer shown"	"1. A popup for the comfort feature is shown
2. The popup is still shown
3. The popup is still shown"
N322	NR1L-ComfortHMI-191	R-C49(amend)	HMI_Comfort_HMI_Logic_and_Flow_R1_SR24_Post_3A_CR24879_(September_25_2023)_14.18、14.15、2.14、16.2、6.3	"HMI_Comfort_HMI_Logic_and_Flow_R1_SR24_Post_3A_CR24879_(September_25_2023)_14.18
HMI_Comfort_HMI_Logic_and_Flow_R1_SR24_Post_3A_CR24879_(September_25_2023)_2.14
HMI_Comfort_HMI_Logic_and_Flow_R1_SR24_Post_3A_CR24879_(September_25_2023)_6.3
HMI_Comfort_HMI_Logic_and_Flow_R1_SR24_Post_3A_CR24879_(September_25_2023)_14.15
HMI_Comfort_HMI_Logic_and_Flow_R1_SR24_Post_3A_CR24879_(September_25_2023)_16.2"
T322	NR1L-ComfortHMI-191	R-C48(amend)	1	0
U322	NR1L-ComfortHMI-191	R-C48(amend)	1	0
W322	NR1L-ComfortHMI-191	R-C48(amend)	1	0
X322	NR1L-ComfortHMI-191	R-C48(amend)	1	0
I323	NR1L-ComfortHMI-192	M2	"HVACSB5.) Popup will have a 5 sec timeout and restart with additional presses.

(let the popup time out untouched -> it is gone after five seconds)"	"HVACSB5.) Popup will have a 5 sec timeout and restart with additional presses.

(press the icon again before the timeout -> the popup stays for another 5 seconds, then closes)"
L323	NR1L-ComfortHMI-192	M2	"1. Press the driver comfort seat icon in the status bar
2. Wait 5 seconds without further interaction"	"1. Press the driver comfort seat icon in the status bar
2. Press the driver comfort seat icon again before the popup times out
3. Wait 5 seconds after the press in step 2 without further interaction"
M323	NR1L-ComfortHMI-192	M2	"1. A popup for the comfort feature is shown
2. The popup is no longer shown"	"1. A popup for the comfort feature is shown
2. The popup is still shown
3. The popup is no longer shown"
N323	NR1L-ComfortHMI-192	R-C49(amend)	HMI_Comfort_HMI_Logic_and_Flow_R1_SR24_Post_3A_CR24879_(September_25_2023)_14.18、14.15、2.14、16.2、6.3	"HMI_Comfort_HMI_Logic_and_Flow_R1_SR24_Post_3A_CR24879_(September_25_2023)_14.18
HMI_Comfort_HMI_Logic_and_Flow_R1_SR24_Post_3A_CR24879_(September_25_2023)_2.14
HMI_Comfort_HMI_Logic_and_Flow_R1_SR24_Post_3A_CR24879_(September_25_2023)_6.3
HMI_Comfort_HMI_Logic_and_Flow_R1_SR24_Post_3A_CR24879_(September_25_2023)_14.15
HMI_Comfort_HMI_Logic_and_Flow_R1_SR24_Post_3A_CR24879_(September_25_2023)_16.2"
T323	NR1L-ComfortHMI-192	R-C48(amend)	1	0
U323	NR1L-ComfortHMI-192	R-C48(amend)	1	0
W323	NR1L-ComfortHMI-192	R-C48(amend)	1	0
X323	NR1L-ComfortHMI-192	R-C48(amend)	1	0
N324	NR1L-ComfortHMI-410	R-C49(amend)	HMI_Comfort_HMI_Logic_and_Flow_R1_SR24_Post_3A_CR24879_(September_25_2023)_14.18、14.15、2.14、16.2、6.3	"HMI_Comfort_HMI_Logic_and_Flow_R1_SR24_Post_3A_CR24879_(September_25_2023)_14.18
HMI_Comfort_HMI_Logic_and_Flow_R1_SR24_Post_3A_CR24879_(September_25_2023)_2.14
HMI_Comfort_HMI_Logic_and_Flow_R1_SR24_Post_3A_CR24879_(September_25_2023)_6.3
HMI_Comfort_HMI_Logic_and_Flow_R1_SR24_Post_3A_CR24879_(September_25_2023)_14.15
HMI_Comfort_HMI_Logic_and_Flow_R1_SR24_Post_3A_CR24879_(September_25_2023)_16.2"
T324	NR1L-ComfortHMI-410	R-C48(amend)	1	0
U324	NR1L-ComfortHMI-410	R-C48(amend)	1	0
W324	NR1L-ComfortHMI-410	R-C48(amend)	1	0
X324	NR1L-ComfortHMI-410	R-C48(amend)	1	0
I325	NR1L-ComfortHMI-193	R-C50	"HVACSB6.) When the Climate widget is shown on the currently displayed screen and the user interacts with climate controls, either soft or hard, pop ups will behave as follows:\n-Temperature Pop-up: only on status bar (do not show drop down menu)\n-FAN Speed Pop-up: show for R1Low, do not show for R1H.\n-Air Flow Mode (distribution) Pop-up: do not show (feedback is already on widget)\n-Climate On/Off Pop-up: do not show (feedback is already on widget)\n-Auto Pop-up: do not show (feedback is already on widget)\n-Heated Seats Pop-up: only on status bar (do not show drop down menu)\n-Vented Seats Pop-up: only on status bar (do not show drop down menu)\n-Heated Steering Wheel Pop-up: only on status bar (do not show drop down menu)

(read the status bar and the area below it -> The temperature pop-up is shown on the status bar and no drop down menu is shown)"	"HVACSB6.) When the Climate widget is shown on the currently displayed screen and the user interacts with climate controls, either soft or hard, pop ups will behave as follows:\n-Temperature Pop-up: only on status bar (do not show drop down menu)

(read the status bar and the area below it -> The temperature pop-up is shown on the status bar and no drop down menu is shown)"
N325	NR1L-ComfortHMI-193	R-C49(amend)	HMI_Comfort_HMI_Logic_and_Flow_R1_SR24_Post_3A_CR24879_(September_25_2023)_14.19、2.14、16.2、6.3	"HMI_Comfort_HMI_Logic_and_Flow_R1_SR24_Post_3A_CR24879_(September_25_2023)_14.19
HMI_Comfort_HMI_Logic_and_Flow_R1_SR24_Post_3A_CR24879_(September_25_2023)_2.14
HMI_Comfort_HMI_Logic_and_Flow_R1_SR24_Post_3A_CR24879_(September_25_2023)_6.3
HMI_Comfort_HMI_Logic_and_Flow_R1_SR24_Post_3A_CR24879_(September_25_2023)_16.2"
T325	NR1L-ComfortHMI-193	R-C48(amend)	1	0
U325	NR1L-ComfortHMI-193	R-C48(amend)	1	0
W325	NR1L-ComfortHMI-193	R-C48(amend)	1	0
X325	NR1L-ComfortHMI-193	R-C48(amend)	1	0
I326	NR1L-ComfortHMI-194	R-C50	"HVACSB6.) When the Climate widget is shown on the currently displayed screen and the user interacts with climate controls, either soft or hard, pop ups will behave as follows:\n-Temperature Pop-up: only on status bar (do not show drop down menu)\n-FAN Speed Pop-up: show for R1Low, do not show for R1H.\n-Air Flow Mode (distribution) Pop-up: do not show (feedback is already on widget)\n-Climate On/Off Pop-up: do not show (feedback is already on widget)\n-Auto Pop-up: do not show (feedback is already on widget)\n-Heated Seats Pop-up: only on status bar (do not show drop down menu)\n-Vented Seats Pop-up: only on status bar (do not show drop down menu)\n-Heated Steering Wheel Pop-up: only on status bar (do not show drop down menu)

(read the screen for a fan speed pop-up -> A fan speed pop-up is shown)"	"-FAN Speed Pop-up: show for R1Low, do not show for R1H.

(read the screen for a fan speed pop-up -> A fan speed pop-up is shown)"
N326	NR1L-ComfortHMI-194	R-C49(amend)	HMI_Comfort_HMI_Logic_and_Flow_R1_SR24_Post_3A_CR24879_(September_25_2023)_14.19、2.14、16.2、6.3	"HMI_Comfort_HMI_Logic_and_Flow_R1_SR24_Post_3A_CR24879_(September_25_2023)_14.19
HMI_Comfort_HMI_Logic_and_Flow_R1_SR24_Post_3A_CR24879_(September_25_2023)_2.14
HMI_Comfort_HMI_Logic_and_Flow_R1_SR24_Post_3A_CR24879_(September_25_2023)_6.3
HMI_Comfort_HMI_Logic_and_Flow_R1_SR24_Post_3A_CR24879_(September_25_2023)_16.2"
T326	NR1L-ComfortHMI-194	R-C48(amend)	1	0
U326	NR1L-ComfortHMI-194	R-C48(amend)	1	0
W326	NR1L-ComfortHMI-194	R-C48(amend)	1	0
X326	NR1L-ComfortHMI-194	R-C48(amend)	1	0
I327	NR1L-ComfortHMI-195	R-C50	"HVACSB6.) When the Climate widget is shown on the currently displayed screen and the user interacts with climate controls, either soft or hard, pop ups will behave as follows:\n-Temperature Pop-up: only on status bar (do not show drop down menu)\n-FAN Speed Pop-up: show for R1Low, do not show for R1H.\n-Air Flow Mode (distribution) Pop-up: do not show (feedback is already on widget)\n-Climate On/Off Pop-up: do not show (feedback is already on widget)\n-Auto Pop-up: do not show (feedback is already on widget)\n-Heated Seats Pop-up: only on status bar (do not show drop down menu)\n-Vented Seats Pop-up: only on status bar (do not show drop down menu)\n-Heated Steering Wheel Pop-up: only on status bar (do not show drop down menu)

(read the screen for an airflow mode pop-up -> No airflow mode pop-up is shown)"	"-Air Flow Mode (distribution) Pop-up: do not show (feedback is already on widget)

(read the screen for an airflow mode pop-up -> No airflow mode pop-up is shown)"
N327	NR1L-ComfortHMI-195	R-C49(amend)	HMI_Comfort_HMI_Logic_and_Flow_R1_SR24_Post_3A_CR24879_(September_25_2023)_14.19、2.14、16.2、6.3	"HMI_Comfort_HMI_Logic_and_Flow_R1_SR24_Post_3A_CR24879_(September_25_2023)_14.19
HMI_Comfort_HMI_Logic_and_Flow_R1_SR24_Post_3A_CR24879_(September_25_2023)_2.14
HMI_Comfort_HMI_Logic_and_Flow_R1_SR24_Post_3A_CR24879_(September_25_2023)_6.3
HMI_Comfort_HMI_Logic_and_Flow_R1_SR24_Post_3A_CR24879_(September_25_2023)_16.2"
T327	NR1L-ComfortHMI-195	R-C48(amend)	1	0
U327	NR1L-ComfortHMI-195	R-C48(amend)	1	0
W327	NR1L-ComfortHMI-195	R-C48(amend)	1	0
X327	NR1L-ComfortHMI-195	R-C48(amend)	1	0
I328	NR1L-ComfortHMI-196	R-C50	"HVACSB6.) When the Climate widget is shown on the currently displayed screen and the user interacts with climate controls, either soft or hard, pop ups will behave as follows:\n-Temperature Pop-up: only on status bar (do not show drop down menu)\n-FAN Speed Pop-up: show for R1Low, do not show for R1H.\n-Air Flow Mode (distribution) Pop-up: do not show (feedback is already on widget)\n-Climate On/Off Pop-up: do not show (feedback is already on widget)\n-Auto Pop-up: do not show (feedback is already on widget)\n-Heated Seats Pop-up: only on status bar (do not show drop down menu)\n-Vented Seats Pop-up: only on status bar (do not show drop down menu)\n-Heated Steering Wheel Pop-up: only on status bar (do not show drop down menu)

(read the screen for a climate on/off pop-up -> No climate on/off pop-up is shown)"	"-Climate On/Off Pop-up: do not show (feedback is already on widget)

(read the screen for a climate on/off pop-up -> No climate on/off pop-up is shown)"
N328	NR1L-ComfortHMI-196	R-C49(amend)	HMI_Comfort_HMI_Logic_and_Flow_R1_SR24_Post_3A_CR24879_(September_25_2023)_14.19、2.14、16.2、6.3	"HMI_Comfort_HMI_Logic_and_Flow_R1_SR24_Post_3A_CR24879_(September_25_2023)_14.19
HMI_Comfort_HMI_Logic_and_Flow_R1_SR24_Post_3A_CR24879_(September_25_2023)_2.14
HMI_Comfort_HMI_Logic_and_Flow_R1_SR24_Post_3A_CR24879_(September_25_2023)_6.3
HMI_Comfort_HMI_Logic_and_Flow_R1_SR24_Post_3A_CR24879_(September_25_2023)_16.2"
T328	NR1L-ComfortHMI-196	R-C48(amend)	1	0
U328	NR1L-ComfortHMI-196	R-C48(amend)	1	0
W328	NR1L-ComfortHMI-196	R-C48(amend)	1	0
X328	NR1L-ComfortHMI-196	R-C48(amend)	1	0
I329	NR1L-ComfortHMI-197	R-C50	"HVACSB6.) When the Climate widget is shown on the currently displayed screen and the user interacts with climate controls, either soft or hard, pop ups will behave as follows:\n-Temperature Pop-up: only on status bar (do not show drop down menu)\n-FAN Speed Pop-up: show for R1Low, do not show for R1H.\n-Air Flow Mode (distribution) Pop-up: do not show (feedback is already on widget)\n-Climate On/Off Pop-up: do not show (feedback is already on widget)\n-Auto Pop-up: do not show (feedback is already on widget)\n-Heated Seats Pop-up: only on status bar (do not show drop down menu)\n-Vented Seats Pop-up: only on status bar (do not show drop down menu)\n-Heated Steering Wheel Pop-up: only on status bar (do not show drop down menu)

(read the screen for an AUTO pop-up -> No AUTO pop-up is shown)"	"-Auto Pop-up: do not show (feedback is already on widget)

(read the screen for an AUTO pop-up -> No AUTO pop-up is shown)"
L329	NR1L-ComfortHMI-197	M7	"1. Turn AUTO on using the AUTO hard control
2. Read the screen for an AUTO pop-up"	"1. Turn ""AUTO"" on using the ""AUTO"" hard control
2. Read the screen for an AUTO pop-up"
N329	NR1L-ComfortHMI-197	R-C49(amend)	HMI_Comfort_HMI_Logic_and_Flow_R1_SR24_Post_3A_CR24879_(September_25_2023)_14.19、2.14、16.2、6.3	"HMI_Comfort_HMI_Logic_and_Flow_R1_SR24_Post_3A_CR24879_(September_25_2023)_14.19
HMI_Comfort_HMI_Logic_and_Flow_R1_SR24_Post_3A_CR24879_(September_25_2023)_2.14
HMI_Comfort_HMI_Logic_and_Flow_R1_SR24_Post_3A_CR24879_(September_25_2023)_6.3
HMI_Comfort_HMI_Logic_and_Flow_R1_SR24_Post_3A_CR24879_(September_25_2023)_16.2"
T329	NR1L-ComfortHMI-197	R-C48(amend)	1	0
U329	NR1L-ComfortHMI-197	R-C48(amend)	1	0
W329	NR1L-ComfortHMI-197	R-C48(amend)	1	0
X329	NR1L-ComfortHMI-197	R-C48(amend)	1	0
I330	NR1L-ComfortHMI-198	R-C50	"HVACSB6.) When the Climate widget is shown on the currently displayed screen and the user interacts with climate controls, either soft or hard, pop ups will behave as follows:\n-Temperature Pop-up: only on status bar (do not show drop down menu)\n-FAN Speed Pop-up: show for R1Low, do not show for R1H.\n-Air Flow Mode (distribution) Pop-up: do not show (feedback is already on widget)\n-Climate On/Off Pop-up: do not show (feedback is already on widget)\n-Auto Pop-up: do not show (feedback is already on widget)\n-Heated Seats Pop-up: only on status bar (do not show drop down menu)\n-Vented Seats Pop-up: only on status bar (do not show drop down menu)\n-Heated Steering Wheel Pop-up: only on status bar (do not show drop down menu)

(read the status bar and the area below it -> The heated seats pop-up is shown on the status bar and no drop down menu is shown)"	"-Heated Seats Pop-up: only on status bar (do not show drop down menu)

(read the status bar and the area below it -> The heated seats pop-up is shown on the status bar and no drop down menu is shown)"
N330	NR1L-ComfortHMI-198	R-C49(amend)	HMI_Comfort_HMI_Logic_and_Flow_R1_SR24_Post_3A_CR24879_(September_25_2023)_14.19、2.14、16.2、6.3	"HMI_Comfort_HMI_Logic_and_Flow_R1_SR24_Post_3A_CR24879_(September_25_2023)_14.19
HMI_Comfort_HMI_Logic_and_Flow_R1_SR24_Post_3A_CR24879_(September_25_2023)_2.14
HMI_Comfort_HMI_Logic_and_Flow_R1_SR24_Post_3A_CR24879_(September_25_2023)_6.3
HMI_Comfort_HMI_Logic_and_Flow_R1_SR24_Post_3A_CR24879_(September_25_2023)_16.2"
T330	NR1L-ComfortHMI-198	R-C48(amend)	1	0
U330	NR1L-ComfortHMI-198	R-C48(amend)	1	0
W330	NR1L-ComfortHMI-198	R-C48(amend)	1	0
X330	NR1L-ComfortHMI-198	R-C48(amend)	1	0
I331	NR1L-ComfortHMI-199	R-C50	"HVACSB6.) When the Climate widget is shown on the currently displayed screen and the user interacts with climate controls, either soft or hard, pop ups will behave as follows:\n-Temperature Pop-up: only on status bar (do not show drop down menu)\n-FAN Speed Pop-up: show for R1Low, do not show for R1H.\n-Air Flow Mode (distribution) Pop-up: do not show (feedback is already on widget)\n-Climate On/Off Pop-up: do not show (feedback is already on widget)\n-Auto Pop-up: do not show (feedback is already on widget)\n-Heated Seats Pop-up: only on status bar (do not show drop down menu)\n-Vented Seats Pop-up: only on status bar (do not show drop down menu)\n-Heated Steering Wheel Pop-up: only on status bar (do not show drop down menu)

(read the status bar and the area below it -> The vented seats pop-up is shown on the status bar and no drop down menu is shown)"	"-Vented Seats Pop-up: only on status bar (do not show drop down menu)

(read the status bar and the area below it -> The vented seats pop-up is shown on the status bar and no drop down menu is shown)"
N331	NR1L-ComfortHMI-199	R-C49(amend)	HMI_Comfort_HMI_Logic_and_Flow_R1_SR24_Post_3A_CR24879_(September_25_2023)_14.19、2.14、16.2、6.3	"HMI_Comfort_HMI_Logic_and_Flow_R1_SR24_Post_3A_CR24879_(September_25_2023)_14.19
HMI_Comfort_HMI_Logic_and_Flow_R1_SR24_Post_3A_CR24879_(September_25_2023)_2.14
HMI_Comfort_HMI_Logic_and_Flow_R1_SR24_Post_3A_CR24879_(September_25_2023)_6.3
HMI_Comfort_HMI_Logic_and_Flow_R1_SR24_Post_3A_CR24879_(September_25_2023)_16.2"
T331	NR1L-ComfortHMI-199	R-C48(amend)	1	0
U331	NR1L-ComfortHMI-199	R-C48(amend)	1	0
W331	NR1L-ComfortHMI-199	R-C48(amend)	1	0
X331	NR1L-ComfortHMI-199	R-C48(amend)	1	0
I332	NR1L-ComfortHMI-200	R-C50	"HVACSB6.) When the Climate widget is shown on the currently displayed screen and the user interacts with climate controls, either soft or hard, pop ups will behave as follows:\n-Temperature Pop-up: only on status bar (do not show drop down menu)\n-FAN Speed Pop-up: show for R1Low, do not show for R1H.\n-Air Flow Mode (distribution) Pop-up: do not show (feedback is already on widget)\n-Climate On/Off Pop-up: do not show (feedback is already on widget)\n-Auto Pop-up: do not show (feedback is already on widget)\n-Heated Seats Pop-up: only on status bar (do not show drop down menu)\n-Vented Seats Pop-up: only on status bar (do not show drop down menu)\n-Heated Steering Wheel Pop-up: only on status bar (do not show drop down menu)

(read the status bar and the area below it -> The heated steering wheel pop-up is shown on the status bar and no drop down menu is shown)"	"-Heated Steering Wheel Pop-up: only on status bar (do not show drop down menu)

(read the status bar and the area below it -> The heated steering wheel pop-up is shown on the status bar and no drop down menu is shown)"
N332	NR1L-ComfortHMI-200	R-C49(amend)	HMI_Comfort_HMI_Logic_and_Flow_R1_SR24_Post_3A_CR24879_(September_25_2023)_14.19、2.14、16.2、6.3	"HMI_Comfort_HMI_Logic_and_Flow_R1_SR24_Post_3A_CR24879_(September_25_2023)_14.19
HMI_Comfort_HMI_Logic_and_Flow_R1_SR24_Post_3A_CR24879_(September_25_2023)_2.14
HMI_Comfort_HMI_Logic_and_Flow_R1_SR24_Post_3A_CR24879_(September_25_2023)_6.3
HMI_Comfort_HMI_Logic_and_Flow_R1_SR24_Post_3A_CR24879_(September_25_2023)_16.2"
T332	NR1L-ComfortHMI-200	R-C48(amend)	1	0
U332	NR1L-ComfortHMI-200	R-C48(amend)	1	0
W332	NR1L-ComfortHMI-200	R-C48(amend)	1	0
X332	NR1L-ComfortHMI-200	R-C48(amend)	1	0
N333	NR1L-ComfortHMI-201	R-C49(amend)	HMI_Comfort_HMI_Logic_and_Flow_R1_SR24_Post_3A_CR24879_(September_25_2023)_15.1、2.14、16.2、6.3	"HMI_Comfort_HMI_Logic_and_Flow_R1_SR24_Post_3A_CR24879_(September_25_2023)_15.1
HMI_Comfort_HMI_Logic_and_Flow_R1_SR24_Post_3A_CR24879_(September_25_2023)_2.14
HMI_Comfort_HMI_Logic_and_Flow_R1_SR24_Post_3A_CR24879_(September_25_2023)_6.3
HMI_Comfort_HMI_Logic_and_Flow_R1_SR24_Post_3A_CR24879_(September_25_2023)_16.2"
T333	NR1L-ComfortHMI-201	R-C48(amend)	1	0
U333	NR1L-ComfortHMI-201	R-C48(amend)	1	0
W333	NR1L-ComfortHMI-201	R-C48(amend)	1	0
X333	NR1L-ComfortHMI-201	R-C48(amend)	1	0
L334	NR1L-ComfortHMI-384	M9-compound	"1. Turn ""FRONT DEF"" on and set the airflow mode and the fan speed to known values
2. Turn ""FRONT DEF"" off and read the HVAC pop-up"	"1. Turn ""FRONT DEF"" on
2. Set the airflow mode and the fan speed to known values
3. Turn ""FRONT DEF"" off and read the HVAC pop-up"
M334	NR1L-ComfortHMI-384	M9-compound	"1. The climate screen shows the values set
2. The HVAC pop-up shows the current MODE and FAN SPEED of the system"	"1. ""FRONT DEF"" is active
2. The climate screen shows the values set
3. The HVAC pop-up shows the current MODE and FAN SPEED of the system"
N334	NR1L-ComfortHMI-384	R-C49(amend)	HMI_Comfort_HMI_Logic_and_Flow_R1_SR24_Post_3A_CR24879_(September_25_2023)_15.1、2.14、16.2、6.3	"HMI_Comfort_HMI_Logic_and_Flow_R1_SR24_Post_3A_CR24879_(September_25_2023)_15.1
HMI_Comfort_HMI_Logic_and_Flow_R1_SR24_Post_3A_CR24879_(September_25_2023)_2.14
HMI_Comfort_HMI_Logic_and_Flow_R1_SR24_Post_3A_CR24879_(September_25_2023)_6.3
HMI_Comfort_HMI_Logic_and_Flow_R1_SR24_Post_3A_CR24879_(September_25_2023)_16.2"
T334	NR1L-ComfortHMI-384	R-C48(amend)	1	0
U334	NR1L-ComfortHMI-384	R-C48(amend)	1	0
W334	NR1L-ComfortHMI-384	R-C48(amend)	1	0
X334	NR1L-ComfortHMI-384	R-C48(amend)	1	0
N335	NR1L-ComfortHMI-202	R-C49(amend)	HMI_Comfort_HMI_Logic_and_Flow_R1_SR24_Post_3A_CR24879_(September_25_2023)_15.1、2.14、16.2、6.3	"HMI_Comfort_HMI_Logic_and_Flow_R1_SR24_Post_3A_CR24879_(September_25_2023)_15.1
HMI_Comfort_HMI_Logic_and_Flow_R1_SR24_Post_3A_CR24879_(September_25_2023)_2.14
HMI_Comfort_HMI_Logic_and_Flow_R1_SR24_Post_3A_CR24879_(September_25_2023)_6.3
HMI_Comfort_HMI_Logic_and_Flow_R1_SR24_Post_3A_CR24879_(September_25_2023)_16.2"
T335	NR1L-ComfortHMI-202	R-C48(amend)	1	0
U335	NR1L-ComfortHMI-202	R-C48(amend)	1	0
W335	NR1L-ComfortHMI-202	R-C48(amend)	1	0
X335	NR1L-ComfortHMI-202	R-C48(amend)	1	0
I336	NR1L-ComfortHMI-385	M9-compound	"The graphics provided are examples and all pop ups should display current state of the HVAC systems (not the exact pictures below but whatever MODE or FAN SPEED for current system).

(turn ""FRONT DEF"" off and read the HVAC pop-up -> The HVAC pop-up shows the fan speed set in step 1)"	"The graphics provided are examples and all pop ups should display current state of the HVAC systems (not the exact pictures below but whatever MODE or FAN SPEED for current system).

(turn ""FRONT DEF"" off and read the HVAC pop-up -> The HVAC pop-up shows the fan speed set in step 2)"
L336	NR1L-ComfortHMI-385	M9-compound	"1. Turn ""FRONT DEF"" on and set the fan speed to a value that differs from the one in the example graphic
2. Turn ""FRONT DEF"" off and read the HVAC pop-up"	"1. Turn ""FRONT DEF"" on
2. Set the fan speed to a value that differs from the one in the example graphic
3. Turn ""FRONT DEF"" off and read the HVAC pop-up"
M336	NR1L-ComfortHMI-385	M9-compound	"1. The climate screen shows the fan speed set
2. The HVAC pop-up shows the fan speed set in step 1"	"1. ""FRONT DEF"" is active
2. The climate screen shows the fan speed set
3. The HVAC pop-up shows the fan speed set in step 2"
N336	NR1L-ComfortHMI-385	R-C49(amend)	HMI_Comfort_HMI_Logic_and_Flow_R1_SR24_Post_3A_CR24879_(September_25_2023)_15.1、2.14、16.2、6.3	"HMI_Comfort_HMI_Logic_and_Flow_R1_SR24_Post_3A_CR24879_(September_25_2023)_15.1
HMI_Comfort_HMI_Logic_and_Flow_R1_SR24_Post_3A_CR24879_(September_25_2023)_2.14
HMI_Comfort_HMI_Logic_and_Flow_R1_SR24_Post_3A_CR24879_(September_25_2023)_6.3
HMI_Comfort_HMI_Logic_and_Flow_R1_SR24_Post_3A_CR24879_(September_25_2023)_16.2"
T336	NR1L-ComfortHMI-385	R-C48(amend)	1	0
U336	NR1L-ComfortHMI-385	R-C48(amend)	1	0
W336	NR1L-ComfortHMI-385	R-C48(amend)	1	0
X336	NR1L-ComfortHMI-385	R-C48(amend)	1	0
N337	NR1L-ComfortHMI-082	R-C49(amend)	HMI_Comfort_HMI_Logic_and_Flow_R1_SR24_Post_3A_CR24879_(September_25_2023)_16.2、2.14、6.3	"HMI_Comfort_HMI_Logic_and_Flow_R1_SR24_Post_3A_CR24879_(September_25_2023)_16.2
HMI_Comfort_HMI_Logic_and_Flow_R1_SR24_Post_3A_CR24879_(September_25_2023)_2.14
HMI_Comfort_HMI_Logic_and_Flow_R1_SR24_Post_3A_CR24879_(September_25_2023)_6.3"
T337	NR1L-ComfortHMI-082	R-C48(amend)	1	0
U337	NR1L-ComfortHMI-082	R-C48(amend)	1	0
W337	NR1L-ComfortHMI-082	R-C48(amend)	1	0
X337	NR1L-ComfortHMI-082	R-C48(amend)	1	0
N338	NR1L-ComfortHMI-083	R-C49(amend)	HMI_Comfort_HMI_Logic_and_Flow_R1_SR24_Post_3A_CR24879_(September_25_2023)_16.2、2.14、6.3	"HMI_Comfort_HMI_Logic_and_Flow_R1_SR24_Post_3A_CR24879_(September_25_2023)_16.2
HMI_Comfort_HMI_Logic_and_Flow_R1_SR24_Post_3A_CR24879_(September_25_2023)_2.14
HMI_Comfort_HMI_Logic_and_Flow_R1_SR24_Post_3A_CR24879_(September_25_2023)_6.3"
T338	NR1L-ComfortHMI-083	R-C48(amend)	1	0
U338	NR1L-ComfortHMI-083	R-C48(amend)	1	0
W338	NR1L-ComfortHMI-083	R-C48(amend)	1	0
X338	NR1L-ComfortHMI-083	R-C48(amend)	1	0
N339	NR1L-ComfortHMI-084	R-C49(amend)	HMI_Comfort_HMI_Logic_and_Flow_R1_SR24_Post_3A_CR24879_(September_25_2023)_16.2、2.14	"HMI_Comfort_HMI_Logic_and_Flow_R1_SR24_Post_3A_CR24879_(September_25_2023)_16.2
HMI_Comfort_HMI_Logic_and_Flow_R1_SR24_Post_3A_CR24879_(September_25_2023)_2.14"
T339	NR1L-ComfortHMI-084	R-C48(amend)	1	0
U339	NR1L-ComfortHMI-084	R-C48(amend)	1	0
W339	NR1L-ComfortHMI-084	R-C48(amend)	1	0
X339	NR1L-ComfortHMI-084	R-C48(amend)	1	0
L340	NR1L-ComfortHMI-085	M7	"1. Turn SYNC on from the climate screen
2. Adjust the driver temperature slider"	"1. Turn ""SYNC"" on from the climate screen
2. Adjust the driver temperature slider"
N340	NR1L-ComfortHMI-085	R-C49(amend)	HMI_Comfort_HMI_Logic_and_Flow_R1_SR24_Post_3A_CR24879_(September_25_2023)_16.2、16.11、2.14	"HMI_Comfort_HMI_Logic_and_Flow_R1_SR24_Post_3A_CR24879_(September_25_2023)_16.2
HMI_Comfort_HMI_Logic_and_Flow_R1_SR24_Post_3A_CR24879_(September_25_2023)_2.14
HMI_Comfort_HMI_Logic_and_Flow_R1_SR24_Post_3A_CR24879_(September_25_2023)_16.11"
T340	NR1L-ComfortHMI-085	R-C48(amend)	1	0
U340	NR1L-ComfortHMI-085	R-C48(amend)	1	0
W340	NR1L-ComfortHMI-085	R-C48(amend)	1	0
X340	NR1L-ComfortHMI-085	R-C48(amend)	1	0
I341	NR1L-ComfortHMI-086	R-C50	"If the user is outside of the climate main category and the temperature is changed through hard controls, a pop-up will be shown coming down from that temperature in the status bar to indicate it is being altered, for ATC it will display the degree (or half degree increments for Celsius) being set, for MTC it will display a slider bar with the arrow pointing to the current setting, this information will change as the user alters the temp.

(change the temperature using the temperature hard control -> A pop-up comes down from the temperature in the status bar)"	"If the user is outside of the climate main category and the temperature is changed through hard controls, a pop-up will be shown coming down from that temperature in the status bar to indicate it is being altered

(change the temperature using the temperature hard control -> A pop-up comes down from the temperature in the status bar)"
N341	NR1L-ComfortHMI-086	R-C49(amend)	HMI_Comfort_HMI_Logic_and_Flow_R1_SR24_Post_3A_CR24879_(September_25_2023)_16.2、2.14	"HMI_Comfort_HMI_Logic_and_Flow_R1_SR24_Post_3A_CR24879_(September_25_2023)_16.2
HMI_Comfort_HMI_Logic_and_Flow_R1_SR24_Post_3A_CR24879_(September_25_2023)_2.14"
T341	NR1L-ComfortHMI-086	R-C48(amend)	1	0
U341	NR1L-ComfortHMI-086	R-C48(amend)	1	0
W341	NR1L-ComfortHMI-086	R-C48(amend)	1	0
X341	NR1L-ComfortHMI-086	R-C48(amend)	1	0
I342	NR1L-ComfortHMI-087	R-C50+R-C50(amend)	"If the user is outside of the climate main category and the temperature is changed through hard controls, a pop-up will be shown coming down from that temperature in the status bar to indicate it is being altered, for ATC it will display the degree (or half degree increments for Celsius) being set, for MTC it will display a slider bar with the arrow pointing to the current setting, this information will change as the user alters the temp.

(change the temperature using the temperature hard control -> The pop-up displays the degree being set in half degree increments)"	"A pop-up will be shown coming down from that temperature in the status bar to indicate it is being altered, for ATC it will display the degree (or half degree increments for Celsius) being set

(change the temperature using the temperature hard control -> The pop-up displays the degree being set in half degree increments)"
L342	NR1L-ComfortHMI-087	M9-compound	"1. Set the temperature units to Celsius and open a screen outside the climate main category
2. Change the temperature using the temperature hard control"	"1. Set the temperature units to Celsius
2. Open a screen outside the climate main category
3. Change the temperature using the temperature hard control"
M342	NR1L-ComfortHMI-087	M9-compound	"1. The climate main category is not displayed
2. The pop-up displays the degree being set in half degree increments"	"1. The temperature units are Celsius
2. The climate main category is not displayed
3. The pop-up displays the degree being set in half degree increments"
N342	NR1L-ComfortHMI-087	R-C49(amend)	HMI_Comfort_HMI_Logic_and_Flow_R1_SR24_Post_3A_CR24879_(September_25_2023)_16.2、2.14	"HMI_Comfort_HMI_Logic_and_Flow_R1_SR24_Post_3A_CR24879_(September_25_2023)_16.2
HMI_Comfort_HMI_Logic_and_Flow_R1_SR24_Post_3A_CR24879_(September_25_2023)_2.14"
T342	NR1L-ComfortHMI-087	R-C48(amend)	1	0
U342	NR1L-ComfortHMI-087	R-C48(amend)	1	0
W342	NR1L-ComfortHMI-087	R-C48(amend)	1	0
X342	NR1L-ComfortHMI-087	R-C48(amend)	1	0
I343	NR1L-ComfortHMI-088	R-C50+R-C50(amend)	"If the user is outside of the climate main category and the temperature is changed through hard controls, a pop-up will be shown coming down from that temperature in the status bar to indicate it is being altered, for ATC it will display the degree (or half degree increments for Celsius) being set, for MTC it will display a slider bar with the arrow pointing to the current setting, this information will change as the user alters the temp.

(change the temperature using the temperature hard control -> The pop-up displays a slider bar with the arrow pointing to the current setting)"	"For MTC it will display a slider bar with the arrow pointing to the current setting, this information will change as the user alters the temp.

(change the temperature using the temperature hard control -> The pop-up displays a slider bar with the arrow pointing to the current setting)"
N343	NR1L-ComfortHMI-088	R-C49(amend)	HMI_Comfort_HMI_Logic_and_Flow_R1_SR24_Post_3A_CR24879_(September_25_2023)_16.2、2.14	"HMI_Comfort_HMI_Logic_and_Flow_R1_SR24_Post_3A_CR24879_(September_25_2023)_16.2
HMI_Comfort_HMI_Logic_and_Flow_R1_SR24_Post_3A_CR24879_(September_25_2023)_2.14"
T343	NR1L-ComfortHMI-088	R-C48(amend)	1	0
U343	NR1L-ComfortHMI-088	R-C48(amend)	1	0
W343	NR1L-ComfortHMI-088	R-C48(amend)	1	0
X343	NR1L-ComfortHMI-088	R-C48(amend)	1	0
N344	NR1L-ComfortHMI-089	R-C49(amend)	HMI_Comfort_HMI_Logic_and_Flow_R1_SR24_Post_3A_CR24879_(September_25_2023)_16.2、2.14、6.3	"HMI_Comfort_HMI_Logic_and_Flow_R1_SR24_Post_3A_CR24879_(September_25_2023)_16.2
HMI_Comfort_HMI_Logic_and_Flow_R1_SR24_Post_3A_CR24879_(September_25_2023)_2.14
HMI_Comfort_HMI_Logic_and_Flow_R1_SR24_Post_3A_CR24879_(September_25_2023)_6.3"
T344	NR1L-ComfortHMI-089	R-C48(amend)	1	0
U344	NR1L-ComfortHMI-089	R-C48(amend)	1	0
W344	NR1L-ComfortHMI-089	R-C48(amend)	1	0
X344	NR1L-ComfortHMI-089	R-C48(amend)	1	0
N345	NR1L-ComfortHMI-090	R-C49(amend)	HMI_Comfort_HMI_Logic_and_Flow_R1_SR24_Post_3A_CR24879_(September_25_2023)_16.2、2.14	"HMI_Comfort_HMI_Logic_and_Flow_R1_SR24_Post_3A_CR24879_(September_25_2023)_16.2
HMI_Comfort_HMI_Logic_and_Flow_R1_SR24_Post_3A_CR24879_(September_25_2023)_2.14"
T345	NR1L-ComfortHMI-090	R-C48(amend)	1	0
U345	NR1L-ComfortHMI-090	R-C48(amend)	1	0
W345	NR1L-ComfortHMI-090	R-C48(amend)	1	0
X345	NR1L-ComfortHMI-090	R-C48(amend)	1	0
L346	NR1L-ComfortHMI-203	M7	"1. Turn AUTO on from the climate screen
2. Read the fan speed indicator"	"1. Turn ""AUTO"" on from the climate screen
2. Read the fan speed indicator"
N346	NR1L-ComfortHMI-203	R-C49(amend)	HMI_Comfort_HMI_Logic_and_Flow_R1_SR24_Post_3A_CR24879_(September_25_2023)_16.3、16.2、2.14、6.3	"HMI_Comfort_HMI_Logic_and_Flow_R1_SR24_Post_3A_CR24879_(September_25_2023)_16.3
HMI_Comfort_HMI_Logic_and_Flow_R1_SR24_Post_3A_CR24879_(September_25_2023)_2.14
HMI_Comfort_HMI_Logic_and_Flow_R1_SR24_Post_3A_CR24879_(September_25_2023)_6.3
HMI_Comfort_HMI_Logic_and_Flow_R1_SR24_Post_3A_CR24879_(September_25_2023)_16.2"
T346	NR1L-ComfortHMI-203	R-C48(amend)	1	0
U346	NR1L-ComfortHMI-203	R-C48(amend)	1	0
W346	NR1L-ComfortHMI-203	R-C48(amend)	1	0
X346	NR1L-ComfortHMI-203	R-C48(amend)	1	0
I347	NR1L-ComfortHMI-204	M7	"The fan speed indicator shows Auto instead of the actual fan speed and none of the Mode buttons will be shown highlighted.

(turn AUTO on and read the Mode buttons -> No Mode button is highlighted)"	"The fan speed indicator shows Auto instead of the actual fan speed and none of the Mode buttons will be shown highlighted.

(turn ""AUTO"" on and read the Mode buttons -> No Mode button is highlighted)"
L347	NR1L-ComfortHMI-204	M7	"1. Select an airflow mode on the climate screen
2. Turn AUTO on and read the Mode buttons"	"1. Select an airflow mode on the climate screen
2. Turn ""AUTO"" on and read the Mode buttons"
N347	NR1L-ComfortHMI-204	R-C49(amend)	HMI_Comfort_HMI_Logic_and_Flow_R1_SR24_Post_3A_CR24879_(September_25_2023)_16.3、16.2、2.14、6.3	"HMI_Comfort_HMI_Logic_and_Flow_R1_SR24_Post_3A_CR24879_(September_25_2023)_16.3
HMI_Comfort_HMI_Logic_and_Flow_R1_SR24_Post_3A_CR24879_(September_25_2023)_2.14
HMI_Comfort_HMI_Logic_and_Flow_R1_SR24_Post_3A_CR24879_(September_25_2023)_6.3
HMI_Comfort_HMI_Logic_and_Flow_R1_SR24_Post_3A_CR24879_(September_25_2023)_16.2"
T347	NR1L-ComfortHMI-204	R-C48(amend)	1	0
U347	NR1L-ComfortHMI-204	R-C48(amend)	1	0
W347	NR1L-ComfortHMI-204	R-C48(amend)	1	0
X347	NR1L-ComfortHMI-204	R-C48(amend)	1	0
L348	NR1L-ComfortHMI-205	M7	"1. Turn AUTO on from the climate screen
2. Read the main category control"	"1. Turn ""AUTO"" on from the climate screen
2. Read the main category control"
N348	NR1L-ComfortHMI-205	R-C49(amend)	HMI_Comfort_HMI_Logic_and_Flow_R1_SR24_Post_3A_CR24879_(September_25_2023)_16.3、16.2、2.14、6.3	"HMI_Comfort_HMI_Logic_and_Flow_R1_SR24_Post_3A_CR24879_(September_25_2023)_16.3
HMI_Comfort_HMI_Logic_and_Flow_R1_SR24_Post_3A_CR24879_(September_25_2023)_2.14
HMI_Comfort_HMI_Logic_and_Flow_R1_SR24_Post_3A_CR24879_(September_25_2023)_6.3
HMI_Comfort_HMI_Logic_and_Flow_R1_SR24_Post_3A_CR24879_(September_25_2023)_16.2"
T348	NR1L-ComfortHMI-205	R-C48(amend)	1	0
U348	NR1L-ComfortHMI-205	R-C48(amend)	1	0
W348	NR1L-ComfortHMI-205	R-C48(amend)	1	0
X348	NR1L-ComfortHMI-205	R-C48(amend)	1	0
I349	NR1L-ComfortHMI-206	M7	"AUTO affects Fan speed, Modes, AC in order to reach desired temperature as quickly as possible.

(turn AUTO on and read the fan speed and the airflow mode -> The fan speed and the airflow mode are set by the system)"	"AUTO affects Fan speed, Modes, AC in order to reach desired temperature as quickly as possible.

(turn ""AUTO"" on and read the fan speed and the airflow mode -> The fan speed and the airflow mode are set by the system)"
L349	NR1L-ComfortHMI-206	M7	"1. Set a fan speed and an airflow mode from the climate screen with AUTO off
2. Turn AUTO on and read the fan speed and the airflow mode"	"1. Set a fan speed and an airflow mode from the climate screen with AUTO off
2. Turn ""AUTO"" on and read the fan speed and the airflow mode"
N349	NR1L-ComfortHMI-206	R-C49(amend)	HMI_Comfort_HMI_Logic_and_Flow_R1_SR24_Post_3A_CR24879_(September_25_2023)_16.3、16.2、2.14、6.3	"HMI_Comfort_HMI_Logic_and_Flow_R1_SR24_Post_3A_CR24879_(September_25_2023)_16.3
HMI_Comfort_HMI_Logic_and_Flow_R1_SR24_Post_3A_CR24879_(September_25_2023)_2.14
HMI_Comfort_HMI_Logic_and_Flow_R1_SR24_Post_3A_CR24879_(September_25_2023)_6.3
HMI_Comfort_HMI_Logic_and_Flow_R1_SR24_Post_3A_CR24879_(September_25_2023)_16.2"
T349	NR1L-ComfortHMI-206	R-C48(amend)	1	0
U349	NR1L-ComfortHMI-206	R-C48(amend)	1	0
W349	NR1L-ComfortHMI-206	R-C48(amend)	1	0
X349	NR1L-ComfortHMI-206	R-C48(amend)	1	0
I350	NR1L-ComfortHMI-207	M7	"Auto is mutually exclusive with MAX A/C and MAX DEF.

(turn AUTO on and read the ""MAX A/C"" and ""MAX DEF"" buttons -> Neither ""MAX A/C"" nor ""MAX DEF"" is highlighted)"	"Auto is mutually exclusive with MAX A/C and MAX DEF.

(turn ""AUTO"" on and read the ""MAX A/C"" and ""MAX DEF"" buttons -> Neither ""MAX A/C"" nor ""MAX DEF"" is highlighted)"
L350	NR1L-ComfortHMI-207	M7	"1. Turn ""MAX A/C"" on from the climate screen
2. Turn AUTO on and read the ""MAX A/C"" and ""MAX DEF"" buttons"	"1. Turn ""MAX A/C"" on from the climate screen
2. Turn ""AUTO"" on and read the ""MAX A/C"" and ""MAX DEF"" buttons"
N350	NR1L-ComfortHMI-207	R-C49(amend)	HMI_Comfort_HMI_Logic_and_Flow_R1_SR24_Post_3A_CR24879_(September_25_2023)_16.3、16.2、16.13、3.2、2.14、6.3	"HMI_Comfort_HMI_Logic_and_Flow_R1_SR24_Post_3A_CR24879_(September_25_2023)_16.3
HMI_Comfort_HMI_Logic_and_Flow_R1_SR24_Post_3A_CR24879_(September_25_2023)_2.14
HMI_Comfort_HMI_Logic_and_Flow_R1_SR24_Post_3A_CR24879_(September_25_2023)_3.2
HMI_Comfort_HMI_Logic_and_Flow_R1_SR24_Post_3A_CR24879_(September_25_2023)_6.3
HMI_Comfort_HMI_Logic_and_Flow_R1_SR24_Post_3A_CR24879_(September_25_2023)_16.2
HMI_Comfort_HMI_Logic_and_Flow_R1_SR24_Post_3A_CR24879_(September_25_2023)_16.13"
T350	NR1L-ComfortHMI-207	R-C48(amend)	1	0
U350	NR1L-ComfortHMI-207	R-C48(amend)	1	0
W350	NR1L-ComfortHMI-207	R-C48(amend)	1	0
X350	NR1L-ComfortHMI-207	R-C48(amend)	1	0
L351	NR1L-ComfortHMI-208	M7	"1. Turn AUTO on from the climate screen
2. Press ""MAX A/C"""	"1. Turn ""AUTO"" on from the climate screen
2. Press ""MAX A/C"""
N351	NR1L-ComfortHMI-208	R-C49(amend)	HMI_Comfort_HMI_Logic_and_Flow_R1_SR24_Post_3A_CR24879_(September_25_2023)_16.3、16.2、16.13、3.2、2.14、6.3	"HMI_Comfort_HMI_Logic_and_Flow_R1_SR24_Post_3A_CR24879_(September_25_2023)_16.3
HMI_Comfort_HMI_Logic_and_Flow_R1_SR24_Post_3A_CR24879_(September_25_2023)_2.14
HMI_Comfort_HMI_Logic_and_Flow_R1_SR24_Post_3A_CR24879_(September_25_2023)_3.2
HMI_Comfort_HMI_Logic_and_Flow_R1_SR24_Post_3A_CR24879_(September_25_2023)_6.3
HMI_Comfort_HMI_Logic_and_Flow_R1_SR24_Post_3A_CR24879_(September_25_2023)_16.2
HMI_Comfort_HMI_Logic_and_Flow_R1_SR24_Post_3A_CR24879_(September_25_2023)_16.13"
T351	NR1L-ComfortHMI-208	R-C48(amend)	1	0
U351	NR1L-ComfortHMI-208	R-C48(amend)	1	0
W351	NR1L-ComfortHMI-208	R-C48(amend)	1	0
X351	NR1L-ComfortHMI-208	R-C48(amend)	1	0
L352	NR1L-ComfortHMI-411	M7	"1. Turn AUTO on from the climate screen
2. Press ""MAX DEF"""	"1. Turn ""AUTO"" on from the climate screen
2. Press ""MAX DEF"""
N352	NR1L-ComfortHMI-411	R-C49(amend)	HMI_Comfort_HMI_Logic_and_Flow_R1_SR24_Post_3A_CR24879_(September_25_2023)_16.3、16.2、16.13、3.2、2.14、6.3	"HMI_Comfort_HMI_Logic_and_Flow_R1_SR24_Post_3A_CR24879_(September_25_2023)_16.3
HMI_Comfort_HMI_Logic_and_Flow_R1_SR24_Post_3A_CR24879_(September_25_2023)_2.14
HMI_Comfort_HMI_Logic_and_Flow_R1_SR24_Post_3A_CR24879_(September_25_2023)_3.2
HMI_Comfort_HMI_Logic_and_Flow_R1_SR24_Post_3A_CR24879_(September_25_2023)_6.3
HMI_Comfort_HMI_Logic_and_Flow_R1_SR24_Post_3A_CR24879_(September_25_2023)_16.2
HMI_Comfort_HMI_Logic_and_Flow_R1_SR24_Post_3A_CR24879_(September_25_2023)_16.13"
T352	NR1L-ComfortHMI-411	R-C48(amend)	1	0
U352	NR1L-ComfortHMI-411	R-C48(amend)	1	0
W352	NR1L-ComfortHMI-411	R-C48(amend)	1	0
X352	NR1L-ComfortHMI-411	R-C48(amend)	1	0
L353	NR1L-ComfortHMI-209	M7	"1. Turn AUTO on from the climate screen
2. Select another airflow mode"	"1. Turn ""AUTO"" on from the climate screen
2. Select another airflow mode"
N353	NR1L-ComfortHMI-209	R-C49(amend)	HMI_Comfort_HMI_Logic_and_Flow_R1_SR24_Post_3A_CR24879_(September_25_2023)_16.3、16.2、2.14、6.3	"HMI_Comfort_HMI_Logic_and_Flow_R1_SR24_Post_3A_CR24879_(September_25_2023)_16.3
HMI_Comfort_HMI_Logic_and_Flow_R1_SR24_Post_3A_CR24879_(September_25_2023)_2.14
HMI_Comfort_HMI_Logic_and_Flow_R1_SR24_Post_3A_CR24879_(September_25_2023)_6.3
HMI_Comfort_HMI_Logic_and_Flow_R1_SR24_Post_3A_CR24879_(September_25_2023)_16.2"
T353	NR1L-ComfortHMI-209	R-C48(amend)	1	0
U353	NR1L-ComfortHMI-209	R-C48(amend)	1	0
W353	NR1L-ComfortHMI-209	R-C48(amend)	1	0
X353	NR1L-ComfortHMI-209	R-C48(amend)	1	0
L354	NR1L-ComfortHMI-412	M7	"1. Turn AUTO on from the climate screen
2. Change the fan speed"	"1. Turn ""AUTO"" on from the climate screen
2. Change the fan speed"
N354	NR1L-ComfortHMI-412	R-C49(amend)	HMI_Comfort_HMI_Logic_and_Flow_R1_SR24_Post_3A_CR24879_(September_25_2023)_16.3、16.2、2.14、6.3	"HMI_Comfort_HMI_Logic_and_Flow_R1_SR24_Post_3A_CR24879_(September_25_2023)_16.3
HMI_Comfort_HMI_Logic_and_Flow_R1_SR24_Post_3A_CR24879_(September_25_2023)_2.14
HMI_Comfort_HMI_Logic_and_Flow_R1_SR24_Post_3A_CR24879_(September_25_2023)_6.3
HMI_Comfort_HMI_Logic_and_Flow_R1_SR24_Post_3A_CR24879_(September_25_2023)_16.2"
T354	NR1L-ComfortHMI-412	R-C48(amend)	1	0
U354	NR1L-ComfortHMI-412	R-C48(amend)	1	0
W354	NR1L-ComfortHMI-412	R-C48(amend)	1	0
X354	NR1L-ComfortHMI-412	R-C48(amend)	1	0
L355	NR1L-ComfortHMI-210	M7	"1. Turn AUTO on from the climate screen and read the ""A/C"" button
2. Press ""A/C"" and read the ""AUTO"" button"	"1. Turn ""AUTO"" on from the climate screen and read the ""A/C"" button
2. Press ""A/C"" and read the ""AUTO"" button"
N355	NR1L-ComfortHMI-210	R-C49(amend)	HMI_Comfort_HMI_Logic_and_Flow_R1_SR24_Post_3A_CR24879_(September_25_2023)_16.3、16.2、2.14、6.3	"HMI_Comfort_HMI_Logic_and_Flow_R1_SR24_Post_3A_CR24879_(September_25_2023)_16.3
HMI_Comfort_HMI_Logic_and_Flow_R1_SR24_Post_3A_CR24879_(September_25_2023)_2.14
HMI_Comfort_HMI_Logic_and_Flow_R1_SR24_Post_3A_CR24879_(September_25_2023)_6.3
HMI_Comfort_HMI_Logic_and_Flow_R1_SR24_Post_3A_CR24879_(September_25_2023)_16.2"
T355	NR1L-ComfortHMI-210	R-C48(amend)	1	0
U355	NR1L-ComfortHMI-210	R-C48(amend)	1	0
W355	NR1L-ComfortHMI-210	R-C48(amend)	1	0
X355	NR1L-ComfortHMI-210	R-C48(amend)	1	0
N356	NR1L-ComfortHMI-211	R-C49(amend)	HMI_Comfort_HMI_Logic_and_Flow_R1_SR24_Post_3A_CR24879_(September_25_2023)_16.3、16.2、2.14、6.3	"HMI_Comfort_HMI_Logic_and_Flow_R1_SR24_Post_3A_CR24879_(September_25_2023)_16.3
HMI_Comfort_HMI_Logic_and_Flow_R1_SR24_Post_3A_CR24879_(September_25_2023)_2.14
HMI_Comfort_HMI_Logic_and_Flow_R1_SR24_Post_3A_CR24879_(September_25_2023)_6.3
HMI_Comfort_HMI_Logic_and_Flow_R1_SR24_Post_3A_CR24879_(September_25_2023)_16.2"
T356	NR1L-ComfortHMI-211	R-C48(amend)	1	0
U356	NR1L-ComfortHMI-211	R-C48(amend)	1	0
W356	NR1L-ComfortHMI-211	R-C48(amend)	1	0
X356	NR1L-ComfortHMI-211	R-C48(amend)	1	0
N357	NR1L-ComfortHMI-212	R-C49(amend)	HMI_Comfort_HMI_Logic_and_Flow_R1_SR24_Post_3A_CR24879_(September_25_2023)_16.4、16.2、16.13、3.2、3.4、2.14、6.3	"HMI_Comfort_HMI_Logic_and_Flow_R1_SR24_Post_3A_CR24879_(September_25_2023)_16.4
HMI_Comfort_HMI_Logic_and_Flow_R1_SR24_Post_3A_CR24879_(September_25_2023)_2.14
HMI_Comfort_HMI_Logic_and_Flow_R1_SR24_Post_3A_CR24879_(September_25_2023)_3.2
HMI_Comfort_HMI_Logic_and_Flow_R1_SR24_Post_3A_CR24879_(September_25_2023)_3.4
HMI_Comfort_HMI_Logic_and_Flow_R1_SR24_Post_3A_CR24879_(September_25_2023)_6.3
HMI_Comfort_HMI_Logic_and_Flow_R1_SR24_Post_3A_CR24879_(September_25_2023)_16.2
HMI_Comfort_HMI_Logic_and_Flow_R1_SR24_Post_3A_CR24879_(September_25_2023)_16.13"
T357	NR1L-ComfortHMI-212	R-C48(amend)	1	0
U357	NR1L-ComfortHMI-212	R-C48(amend)	1	0
W357	NR1L-ComfortHMI-212	R-C48(amend)	1	0
X357	NR1L-ComfortHMI-212	R-C48(amend)	1	0
N358	NR1L-ComfortHMI-213	R-C49(amend)	HMI_Comfort_HMI_Logic_and_Flow_R1_SR24_Post_3A_CR24879_(September_25_2023)_16.5、16.2、2.14、6.3	"HMI_Comfort_HMI_Logic_and_Flow_R1_SR24_Post_3A_CR24879_(September_25_2023)_16.5
HMI_Comfort_HMI_Logic_and_Flow_R1_SR24_Post_3A_CR24879_(September_25_2023)_2.14
HMI_Comfort_HMI_Logic_and_Flow_R1_SR24_Post_3A_CR24879_(September_25_2023)_6.3
HMI_Comfort_HMI_Logic_and_Flow_R1_SR24_Post_3A_CR24879_(September_25_2023)_16.2"
T358	NR1L-ComfortHMI-213	R-C48(amend)	1	0
U358	NR1L-ComfortHMI-213	R-C48(amend)	1	0
W358	NR1L-ComfortHMI-213	R-C48(amend)	1	0
X358	NR1L-ComfortHMI-213	R-C48(amend)	1	0
N359	NR1L-ComfortHMI-214	R-C49(amend)	HMI_Comfort_HMI_Logic_and_Flow_R1_SR24_Post_3A_CR24879_(September_25_2023)_16.5、16.2、2.14、6.3	"HMI_Comfort_HMI_Logic_and_Flow_R1_SR24_Post_3A_CR24879_(September_25_2023)_16.5
HMI_Comfort_HMI_Logic_and_Flow_R1_SR24_Post_3A_CR24879_(September_25_2023)_2.14
HMI_Comfort_HMI_Logic_and_Flow_R1_SR24_Post_3A_CR24879_(September_25_2023)_6.3
HMI_Comfort_HMI_Logic_and_Flow_R1_SR24_Post_3A_CR24879_(September_25_2023)_16.2"
T359	NR1L-ComfortHMI-214	R-C48(amend)	1	0
U359	NR1L-ComfortHMI-214	R-C48(amend)	1	0
W359	NR1L-ComfortHMI-214	R-C48(amend)	1	0
X359	NR1L-ComfortHMI-214	R-C48(amend)	1	0
L360	NR1L-ComfortHMI-098	M9-compound	"1. Set the temperature units to English and open the climate screen
2. Adjust the temperature across its whole range"	"1. Set the temperature units to English
2. Open the climate screen
3. Adjust the temperature across its whole range"
M360	NR1L-ComfortHMI-098	M9-compound	"1. The climate screen shows the temperature setting
2. The settings available are LO, 60 to 84, HI"	"1. The temperature units are English
2. The climate screen shows the temperature setting
3. The settings available are LO, 60 to 84, HI"
N360	NR1L-ComfortHMI-098	R-C49(amend)	HMI_Comfort_HMI_Logic_and_Flow_R1_SR24_Post_3A_CR24879_(September_25_2023)_16.6、16.2、2.14、6.3	"HMI_Comfort_HMI_Logic_and_Flow_R1_SR24_Post_3A_CR24879_(September_25_2023)_16.6
HMI_Comfort_HMI_Logic_and_Flow_R1_SR24_Post_3A_CR24879_(September_25_2023)_2.14
HMI_Comfort_HMI_Logic_and_Flow_R1_SR24_Post_3A_CR24879_(September_25_2023)_6.3
HMI_Comfort_HMI_Logic_and_Flow_R1_SR24_Post_3A_CR24879_(September_25_2023)_16.2"
T360	NR1L-ComfortHMI-098	R-C48(amend)	1	0
U360	NR1L-ComfortHMI-098	R-C48(amend)	1	0
W360	NR1L-ComfortHMI-098	R-C48(amend)	1	0
X360	NR1L-ComfortHMI-098	R-C48(amend)	1	0
L361	NR1L-ComfortHMI-413	M9-compound	"1. Set the temperature units to Metric and open the climate screen
2. Adjust the temperature across its whole range"	"1. Set the temperature units to Metric
2. Open the climate screen
3. Adjust the temperature across its whole range"
M361	NR1L-ComfortHMI-413	M9-compound	"1. The climate screen shows the temperature setting
2. The settings available are LO, 16 to 28, HI"	"1. The temperature units are Metric
2. The climate screen shows the temperature setting
3. The settings available are LO, 16 to 28, HI"
N361	NR1L-ComfortHMI-413	R-C49(amend)	HMI_Comfort_HMI_Logic_and_Flow_R1_SR24_Post_3A_CR24879_(September_25_2023)_16.6、16.2、2.14、6.3	"HMI_Comfort_HMI_Logic_and_Flow_R1_SR24_Post_3A_CR24879_(September_25_2023)_16.6
HMI_Comfort_HMI_Logic_and_Flow_R1_SR24_Post_3A_CR24879_(September_25_2023)_2.14
HMI_Comfort_HMI_Logic_and_Flow_R1_SR24_Post_3A_CR24879_(September_25_2023)_6.3
HMI_Comfort_HMI_Logic_and_Flow_R1_SR24_Post_3A_CR24879_(September_25_2023)_16.2"
T361	NR1L-ComfortHMI-413	R-C48(amend)	1	0
U361	NR1L-ComfortHMI-413	R-C48(amend)	1	0
W361	NR1L-ComfortHMI-413	R-C48(amend)	1	0
X361	NR1L-ComfortHMI-413	R-C48(amend)	1	0
N362	NR1L-ComfortHMI-099	R-C49(amend)	HMI_Comfort_HMI_Logic_and_Flow_R1_SR24_Post_3A_CR24879_(September_25_2023)_16.6、16.2、2.14、6.3	"HMI_Comfort_HMI_Logic_and_Flow_R1_SR24_Post_3A_CR24879_(September_25_2023)_16.6
HMI_Comfort_HMI_Logic_and_Flow_R1_SR24_Post_3A_CR24879_(September_25_2023)_2.14
HMI_Comfort_HMI_Logic_and_Flow_R1_SR24_Post_3A_CR24879_(September_25_2023)_6.3
HMI_Comfort_HMI_Logic_and_Flow_R1_SR24_Post_3A_CR24879_(September_25_2023)_16.2"
T362	NR1L-ComfortHMI-099	R-C48(amend)	1	0
U362	NR1L-ComfortHMI-099	R-C48(amend)	1	0
W362	NR1L-ComfortHMI-099	R-C48(amend)	1	0
X362	NR1L-ComfortHMI-099	R-C48(amend)	1	0
N363	NR1L-ComfortHMI-100	R-C49(amend)	HMI_Comfort_HMI_Logic_and_Flow_R1_SR24_Post_3A_CR24879_(September_25_2023)_16.6、16.2、2.14、6.3	"HMI_Comfort_HMI_Logic_and_Flow_R1_SR24_Post_3A_CR24879_(September_25_2023)_16.6
HMI_Comfort_HMI_Logic_and_Flow_R1_SR24_Post_3A_CR24879_(September_25_2023)_2.14
HMI_Comfort_HMI_Logic_and_Flow_R1_SR24_Post_3A_CR24879_(September_25_2023)_6.3
HMI_Comfort_HMI_Logic_and_Flow_R1_SR24_Post_3A_CR24879_(September_25_2023)_16.2"
T363	NR1L-ComfortHMI-100	R-C48(amend)	1	0
U363	NR1L-ComfortHMI-100	R-C48(amend)	1	0
W363	NR1L-ComfortHMI-100	R-C48(amend)	1	0
X363	NR1L-ComfortHMI-100	R-C48(amend)	1	0
N364	NR1L-ComfortHMI-101	R-C49(amend)	HMI_Comfort_HMI_Logic_and_Flow_R1_SR24_Post_3A_CR24879_(September_25_2023)_16.6、16.2、2.14	"HMI_Comfort_HMI_Logic_and_Flow_R1_SR24_Post_3A_CR24879_(September_25_2023)_16.6
HMI_Comfort_HMI_Logic_and_Flow_R1_SR24_Post_3A_CR24879_(September_25_2023)_2.14
HMI_Comfort_HMI_Logic_and_Flow_R1_SR24_Post_3A_CR24879_(September_25_2023)_16.2"
T364	NR1L-ComfortHMI-101	R-C48(amend)	1	0
U364	NR1L-ComfortHMI-101	R-C48(amend)	1	0
W364	NR1L-ComfortHMI-101	R-C48(amend)	1	0
X364	NR1L-ComfortHMI-101	R-C48(amend)	1	0
N365	NR1L-ComfortHMI-102	R-C49(amend)	HMI_Comfort_HMI_Logic_and_Flow_R1_SR24_Post_3A_CR24879_(September_25_2023)_16.6、16.2、2.14、6.3	"HMI_Comfort_HMI_Logic_and_Flow_R1_SR24_Post_3A_CR24879_(September_25_2023)_16.6
HMI_Comfort_HMI_Logic_and_Flow_R1_SR24_Post_3A_CR24879_(September_25_2023)_2.14
HMI_Comfort_HMI_Logic_and_Flow_R1_SR24_Post_3A_CR24879_(September_25_2023)_6.3
HMI_Comfort_HMI_Logic_and_Flow_R1_SR24_Post_3A_CR24879_(September_25_2023)_16.2"
T365	NR1L-ComfortHMI-102	R-C48(amend)	1	0
U365	NR1L-ComfortHMI-102	R-C48(amend)	1	0
W365	NR1L-ComfortHMI-102	R-C48(amend)	1	0
X365	NR1L-ComfortHMI-102	R-C48(amend)	1	0
L366	NR1L-ComfortHMI-103	M7	"1. Turn SYNC on from the climate screen
2. Adjust the driver temperature slider"	"1. Turn ""SYNC"" on from the climate screen
2. Adjust the driver temperature slider"
N366	NR1L-ComfortHMI-103	R-C49(amend)	HMI_Comfort_HMI_Logic_and_Flow_R1_SR24_Post_3A_CR24879_(September_25_2023)_16.6、16.11、16.2、2.14	"HMI_Comfort_HMI_Logic_and_Flow_R1_SR24_Post_3A_CR24879_(September_25_2023)_16.6
HMI_Comfort_HMI_Logic_and_Flow_R1_SR24_Post_3A_CR24879_(September_25_2023)_2.14
HMI_Comfort_HMI_Logic_and_Flow_R1_SR24_Post_3A_CR24879_(September_25_2023)_16.2
HMI_Comfort_HMI_Logic_and_Flow_R1_SR24_Post_3A_CR24879_(September_25_2023)_16.11"
T366	NR1L-ComfortHMI-103	R-C48(amend)	1	0
U366	NR1L-ComfortHMI-103	R-C48(amend)	1	0
W366	NR1L-ComfortHMI-103	R-C48(amend)	1	0
X366	NR1L-ComfortHMI-103	R-C48(amend)	1	0
L367	NR1L-ComfortHMI-104	M7	"1. Turn SYNC on from the climate screen
2. Adjust the driver temperature"	"1. Turn ""SYNC"" on from the climate screen
2. Adjust the driver temperature"
N367	NR1L-ComfortHMI-104	R-C49(amend)	HMI_Comfort_HMI_Logic_and_Flow_R1_SR24_Post_3A_CR24879_(September_25_2023)_16.6.1、16.11、16.2、2.14、6.3	"HMI_Comfort_HMI_Logic_and_Flow_R1_SR24_Post_3A_CR24879_(September_25_2023)_16.6.1
HMI_Comfort_HMI_Logic_and_Flow_R1_SR24_Post_3A_CR24879_(September_25_2023)_2.14
HMI_Comfort_HMI_Logic_and_Flow_R1_SR24_Post_3A_CR24879_(September_25_2023)_6.3
HMI_Comfort_HMI_Logic_and_Flow_R1_SR24_Post_3A_CR24879_(September_25_2023)_16.2
HMI_Comfort_HMI_Logic_and_Flow_R1_SR24_Post_3A_CR24879_(September_25_2023)_16.11"
T367	NR1L-ComfortHMI-104	R-C48(amend)	1	0
U367	NR1L-ComfortHMI-104	R-C48(amend)	1	0
W367	NR1L-ComfortHMI-104	R-C48(amend)	1	0
X367	NR1L-ComfortHMI-104	R-C48(amend)	1	0
L368	NR1L-ComfortHMI-105	M7	"1. Turn SYNC on from the climate screen
2. Adjust the passenger temperature"	"1. Turn ""SYNC"" on from the climate screen
2. Adjust the passenger temperature"
N368	NR1L-ComfortHMI-105	R-C49(amend)	HMI_Comfort_HMI_Logic_and_Flow_R1_SR24_Post_3A_CR24879_(September_25_2023)_16.6.1、16.11、16.2、2.14、6.3	"HMI_Comfort_HMI_Logic_and_Flow_R1_SR24_Post_3A_CR24879_(September_25_2023)_16.6.1
HMI_Comfort_HMI_Logic_and_Flow_R1_SR24_Post_3A_CR24879_(September_25_2023)_2.14
HMI_Comfort_HMI_Logic_and_Flow_R1_SR24_Post_3A_CR24879_(September_25_2023)_6.3
HMI_Comfort_HMI_Logic_and_Flow_R1_SR24_Post_3A_CR24879_(September_25_2023)_16.2
HMI_Comfort_HMI_Logic_and_Flow_R1_SR24_Post_3A_CR24879_(September_25_2023)_16.11"
T368	NR1L-ComfortHMI-105	R-C48(amend)	1	0
U368	NR1L-ComfortHMI-105	R-C48(amend)	1	0
W368	NR1L-ComfortHMI-105	R-C48(amend)	1	0
X368	NR1L-ComfortHMI-105	R-C48(amend)	1	0
L369	NR1L-ComfortHMI-106	M9-Note	"1. Note the temperature shown on the climate screen
2. Press the temperature up arrow on the climate screen"	"1. Read the temperature shown on the climate screen and record it
2. Press the temperature up arrow on the climate screen"
N369	NR1L-ComfortHMI-106	R-C49(amend)	HMI_Comfort_HMI_Logic_and_Flow_R1_SR24_Post_3A_CR24879_(September_25_2023)_16.6.1、16.2、2.14、6.3	"HMI_Comfort_HMI_Logic_and_Flow_R1_SR24_Post_3A_CR24879_(September_25_2023)_16.6.1
HMI_Comfort_HMI_Logic_and_Flow_R1_SR24_Post_3A_CR24879_(September_25_2023)_2.14
HMI_Comfort_HMI_Logic_and_Flow_R1_SR24_Post_3A_CR24879_(September_25_2023)_6.3
HMI_Comfort_HMI_Logic_and_Flow_R1_SR24_Post_3A_CR24879_(September_25_2023)_16.2"
T369	NR1L-ComfortHMI-106	R-C48(amend)	1	0
U369	NR1L-ComfortHMI-106	R-C48(amend)	1	0
W369	NR1L-ComfortHMI-106	R-C48(amend)	1	0
X369	NR1L-ComfortHMI-106	R-C48(amend)	1	0
L370	NR1L-ComfortHMI-414	M9-Note	"1. Note the temperature shown on the climate screen
2. Touch the slider handle and drag it to another value"	"1. Read the temperature shown on the climate screen and record it
2. Touch the slider handle and drag it to another value"
N370	NR1L-ComfortHMI-414	R-C49(amend)	HMI_Comfort_HMI_Logic_and_Flow_R1_SR24_Post_3A_CR24879_(September_25_2023)_16.6.1、16.2、2.14、6.3	"HMI_Comfort_HMI_Logic_and_Flow_R1_SR24_Post_3A_CR24879_(September_25_2023)_16.6.1
HMI_Comfort_HMI_Logic_and_Flow_R1_SR24_Post_3A_CR24879_(September_25_2023)_2.14
HMI_Comfort_HMI_Logic_and_Flow_R1_SR24_Post_3A_CR24879_(September_25_2023)_6.3
HMI_Comfort_HMI_Logic_and_Flow_R1_SR24_Post_3A_CR24879_(September_25_2023)_16.2"
T370	NR1L-ComfortHMI-414	R-C48(amend)	1	0
U370	NR1L-ComfortHMI-414	R-C48(amend)	1	0
W370	NR1L-ComfortHMI-414	R-C48(amend)	1	0
X370	NR1L-ComfortHMI-414	R-C48(amend)	1	0
L371	NR1L-ComfortHMI-415	M9-Note	"1. Note the temperature shown on the climate screen
2. Set the temperature to a value by voice command"	"1. Read the temperature shown on the climate screen and record it
2. Set the temperature to a value by voice command"
N371	NR1L-ComfortHMI-415	R-C49(amend)	HMI_Comfort_HMI_Logic_and_Flow_R1_SR24_Post_3A_CR24879_(September_25_2023)_16.6.1、16.2、2.14、6.3	"HMI_Comfort_HMI_Logic_and_Flow_R1_SR24_Post_3A_CR24879_(September_25_2023)_16.6.1
HMI_Comfort_HMI_Logic_and_Flow_R1_SR24_Post_3A_CR24879_(September_25_2023)_2.14
HMI_Comfort_HMI_Logic_and_Flow_R1_SR24_Post_3A_CR24879_(September_25_2023)_6.3
HMI_Comfort_HMI_Logic_and_Flow_R1_SR24_Post_3A_CR24879_(September_25_2023)_16.2"
T371	NR1L-ComfortHMI-415	R-C48(amend)	1	0
U371	NR1L-ComfortHMI-415	R-C48(amend)	1	0
W371	NR1L-ComfortHMI-415	R-C48(amend)	1	0
X371	NR1L-ComfortHMI-415	R-C48(amend)	1	0
L372	NR1L-ComfortHMI-107	§3 slim	"1. Press and hold the temperature up arrow on the climate screen
2. Press and hold the temperature hard control in the up direction"	"1. Read the temperature shown on the climate screen and record it
2. Press and hold the temperature hard control in the up direction"
M372	NR1L-ComfortHMI-107	§3 slim	"1. The temperature moves up by more than 1 increment while the press is held
2. The temperature moves up by more than 1 increment while the press is held"	"1. The climate screen shows the current temperature
2. The temperature moves up by more than 1 increment while the press is held"
N372	NR1L-ComfortHMI-107	R-C49(amend)	HMI_Comfort_HMI_Logic_and_Flow_R1_SR24_Post_3A_CR24879_(September_25_2023)_16.6.1、16.2、2.14、6.3	"HMI_Comfort_HMI_Logic_and_Flow_R1_SR24_Post_3A_CR24879_(September_25_2023)_16.6.1
HMI_Comfort_HMI_Logic_and_Flow_R1_SR24_Post_3A_CR24879_(September_25_2023)_2.14
HMI_Comfort_HMI_Logic_and_Flow_R1_SR24_Post_3A_CR24879_(September_25_2023)_6.3
HMI_Comfort_HMI_Logic_and_Flow_R1_SR24_Post_3A_CR24879_(September_25_2023)_16.2"
T372	NR1L-ComfortHMI-107	R-C48(amend)	1	0
U372	NR1L-ComfortHMI-107	R-C48(amend)	1	0
W372	NR1L-ComfortHMI-107	R-C48(amend)	1	0
X372	NR1L-ComfortHMI-107	R-C48(amend)	1	0
N373	NR1L-ComfortHMI-108	R-C49(amend)	HMI_Comfort_HMI_Logic_and_Flow_R1_SR24_Post_3A_CR24879_(September_25_2023)_16.6.1、16.2、2.14、6.3	"HMI_Comfort_HMI_Logic_and_Flow_R1_SR24_Post_3A_CR24879_(September_25_2023)_16.6.1
HMI_Comfort_HMI_Logic_and_Flow_R1_SR24_Post_3A_CR24879_(September_25_2023)_2.14
HMI_Comfort_HMI_Logic_and_Flow_R1_SR24_Post_3A_CR24879_(September_25_2023)_6.3
HMI_Comfort_HMI_Logic_and_Flow_R1_SR24_Post_3A_CR24879_(September_25_2023)_16.2"
T373	NR1L-ComfortHMI-108	R-C48(amend)	1	0
U373	NR1L-ComfortHMI-108	R-C48(amend)	1	0
W373	NR1L-ComfortHMI-108	R-C48(amend)	1	0
X373	NR1L-ComfortHMI-108	R-C48(amend)	1	0
L374	NR1L-ComfortHMI-416	M9-Note	"1. Note the temperature slider position
2. Press the slider handle and drag it"	"1. Read the temperature slider position and record it
2. Press the slider handle and drag it"
N374	NR1L-ComfortHMI-416	R-C49(amend)	HMI_Comfort_HMI_Logic_and_Flow_R1_SR24_Post_3A_CR24879_(September_25_2023)_16.6.1、16.2、2.14、6.3	"HMI_Comfort_HMI_Logic_and_Flow_R1_SR24_Post_3A_CR24879_(September_25_2023)_16.6.1
HMI_Comfort_HMI_Logic_and_Flow_R1_SR24_Post_3A_CR24879_(September_25_2023)_2.14
HMI_Comfort_HMI_Logic_and_Flow_R1_SR24_Post_3A_CR24879_(September_25_2023)_6.3
HMI_Comfort_HMI_Logic_and_Flow_R1_SR24_Post_3A_CR24879_(September_25_2023)_16.2"
T374	NR1L-ComfortHMI-416	R-C48(amend)	1	0
U374	NR1L-ComfortHMI-416	R-C48(amend)	1	0
W374	NR1L-ComfortHMI-416	R-C48(amend)	1	0
X374	NR1L-ComfortHMI-416	R-C48(amend)	1	0
I375	NR1L-ComfortHMI-109	M7	"ICE6.) Fan ranges: Off, 1-7 (denoting to show AUTO label instead when in AUTO).

(turn AUTO on -> The fan speed indicator shows the AUTO label instead of a fan speed)"	"ICE6.) Fan ranges: Off, 1-7 (denoting to show AUTO label instead when in AUTO).

(turn ""AUTO"" on -> The fan speed indicator shows the ""AUTO"" label instead of a fan speed)"
L375	NR1L-ComfortHMI-109	M7	"1. Adjust the fan speed across its whole range on the climate screen
2. Turn AUTO on"	"1. Adjust the fan speed across its whole range on the climate screen
2. Turn ""AUTO"" on"
M375	NR1L-ComfortHMI-109	M7	"1. The fan speeds available are 1 to 7
2. The fan speed indicator shows the AUTO label instead of a fan speed"	"1. The fan speeds available are 1 to 7
2. The fan speed indicator shows the ""AUTO"" label instead of a fan speed"
N375	NR1L-ComfortHMI-109	R-C49(amend)	HMI_Comfort_HMI_Logic_and_Flow_R1_SR24_Post_3A_CR24879_(September_25_2023)_16.7、16.2、2.14、6.3	"HMI_Comfort_HMI_Logic_and_Flow_R1_SR24_Post_3A_CR24879_(September_25_2023)_16.7
HMI_Comfort_HMI_Logic_and_Flow_R1_SR24_Post_3A_CR24879_(September_25_2023)_2.14
HMI_Comfort_HMI_Logic_and_Flow_R1_SR24_Post_3A_CR24879_(September_25_2023)_6.3
HMI_Comfort_HMI_Logic_and_Flow_R1_SR24_Post_3A_CR24879_(September_25_2023)_16.2"
T375	NR1L-ComfortHMI-109	R-C48(amend)	1	0
U375	NR1L-ComfortHMI-109	R-C48(amend)	1	0
W375	NR1L-ComfortHMI-109	R-C48(amend)	1	0
X375	NR1L-ComfortHMI-109	R-C48(amend)	1	0
N376	NR1L-ComfortHMI-110	R-C49(amend)	HMI_Comfort_HMI_Logic_and_Flow_R1_SR24_Post_3A_CR24879_(September_25_2023)_16.7、16.2、2.14、6.3	"HMI_Comfort_HMI_Logic_and_Flow_R1_SR24_Post_3A_CR24879_(September_25_2023)_16.7
HMI_Comfort_HMI_Logic_and_Flow_R1_SR24_Post_3A_CR24879_(September_25_2023)_2.14
HMI_Comfort_HMI_Logic_and_Flow_R1_SR24_Post_3A_CR24879_(September_25_2023)_6.3
HMI_Comfort_HMI_Logic_and_Flow_R1_SR24_Post_3A_CR24879_(September_25_2023)_16.2"
T376	NR1L-ComfortHMI-110	R-C48(amend)	1	0
U376	NR1L-ComfortHMI-110	R-C48(amend)	1	0
W376	NR1L-ComfortHMI-110	R-C48(amend)	1	0
X376	NR1L-ComfortHMI-110	R-C48(amend)	1	0
N377	NR1L-ComfortHMI-111	R-C49(amend)	HMI_Comfort_HMI_Logic_and_Flow_R1_SR24_Post_3A_CR24879_(September_25_2023)_16.7、16.2、2.14	"HMI_Comfort_HMI_Logic_and_Flow_R1_SR24_Post_3A_CR24879_(September_25_2023)_16.7
HMI_Comfort_HMI_Logic_and_Flow_R1_SR24_Post_3A_CR24879_(September_25_2023)_2.14
HMI_Comfort_HMI_Logic_and_Flow_R1_SR24_Post_3A_CR24879_(September_25_2023)_16.2"
T377	NR1L-ComfortHMI-111	R-C48(amend)	1	0
U377	NR1L-ComfortHMI-111	R-C48(amend)	1	0
W377	NR1L-ComfortHMI-111	R-C48(amend)	1	0
X377	NR1L-ComfortHMI-111	R-C48(amend)	1	0
L378	NR1L-ComfortHMI-112	M9-Note	"1. Note the fan speed shown on the climate screen
2. Press the fan up button on the climate screen"	"1. Read the fan speed shown on the climate screen and record it
2. Press the fan up button on the climate screen"
N378	NR1L-ComfortHMI-112	R-C49(amend)	HMI_Comfort_HMI_Logic_and_Flow_R1_SR24_Post_3A_CR24879_(September_25_2023)_16.7、16.2、2.14、6.3	"HMI_Comfort_HMI_Logic_and_Flow_R1_SR24_Post_3A_CR24879_(September_25_2023)_16.7
HMI_Comfort_HMI_Logic_and_Flow_R1_SR24_Post_3A_CR24879_(September_25_2023)_2.14
HMI_Comfort_HMI_Logic_and_Flow_R1_SR24_Post_3A_CR24879_(September_25_2023)_6.3
HMI_Comfort_HMI_Logic_and_Flow_R1_SR24_Post_3A_CR24879_(September_25_2023)_16.2"
T378	NR1L-ComfortHMI-112	R-C48(amend)	1	0
U378	NR1L-ComfortHMI-112	R-C48(amend)	1	0
W378	NR1L-ComfortHMI-112	R-C48(amend)	1	0
X378	NR1L-ComfortHMI-112	R-C48(amend)	1	0
L379	NR1L-ComfortHMI-417	M9-Note	"1. Note the fan speed shown on the climate screen
2. Touch a fan segment on the climate screen"	"1. Read the fan speed shown on the climate screen and record it
2. Touch a fan segment on the climate screen"
N379	NR1L-ComfortHMI-417	R-C49(amend)	HMI_Comfort_HMI_Logic_and_Flow_R1_SR24_Post_3A_CR24879_(September_25_2023)_16.7、16.2、2.14、6.3	"HMI_Comfort_HMI_Logic_and_Flow_R1_SR24_Post_3A_CR24879_(September_25_2023)_16.7
HMI_Comfort_HMI_Logic_and_Flow_R1_SR24_Post_3A_CR24879_(September_25_2023)_2.14
HMI_Comfort_HMI_Logic_and_Flow_R1_SR24_Post_3A_CR24879_(September_25_2023)_6.3
HMI_Comfort_HMI_Logic_and_Flow_R1_SR24_Post_3A_CR24879_(September_25_2023)_16.2"
T379	NR1L-ComfortHMI-417	R-C48(amend)	1	0
U379	NR1L-ComfortHMI-417	R-C48(amend)	1	0
W379	NR1L-ComfortHMI-417	R-C48(amend)	1	0
X379	NR1L-ComfortHMI-417	R-C48(amend)	1	0
L380	NR1L-ComfortHMI-418	M9-Note	"1. Note the fan speed shown on the climate screen
2. Slide across the fan segments on the climate screen"	"1. Read the fan speed shown on the climate screen and record it
2. Slide across the fan segments on the climate screen"
N380	NR1L-ComfortHMI-418	R-C49(amend)	HMI_Comfort_HMI_Logic_and_Flow_R1_SR24_Post_3A_CR24879_(September_25_2023)_16.7、16.2、2.14、6.3	"HMI_Comfort_HMI_Logic_and_Flow_R1_SR24_Post_3A_CR24879_(September_25_2023)_16.7
HMI_Comfort_HMI_Logic_and_Flow_R1_SR24_Post_3A_CR24879_(September_25_2023)_2.14
HMI_Comfort_HMI_Logic_and_Flow_R1_SR24_Post_3A_CR24879_(September_25_2023)_6.3
HMI_Comfort_HMI_Logic_and_Flow_R1_SR24_Post_3A_CR24879_(September_25_2023)_16.2"
T380	NR1L-ComfortHMI-418	R-C48(amend)	1	0
U380	NR1L-ComfortHMI-418	R-C48(amend)	1	0
W380	NR1L-ComfortHMI-418	R-C48(amend)	1	0
X380	NR1L-ComfortHMI-418	R-C48(amend)	1	0
L381	NR1L-ComfortHMI-419	M9-Note	"1. Note the fan speed shown on the climate screen
2. Change the fan speed using the fan speed hard control"	"1. Read the fan speed shown on the climate screen and record it
2. Change the fan speed using the fan speed hard control"
N381	NR1L-ComfortHMI-419	R-C49(amend)	HMI_Comfort_HMI_Logic_and_Flow_R1_SR24_Post_3A_CR24879_(September_25_2023)_16.7、16.2、2.14、6.3	"HMI_Comfort_HMI_Logic_and_Flow_R1_SR24_Post_3A_CR24879_(September_25_2023)_16.7
HMI_Comfort_HMI_Logic_and_Flow_R1_SR24_Post_3A_CR24879_(September_25_2023)_2.14
HMI_Comfort_HMI_Logic_and_Flow_R1_SR24_Post_3A_CR24879_(September_25_2023)_6.3
HMI_Comfort_HMI_Logic_and_Flow_R1_SR24_Post_3A_CR24879_(September_25_2023)_16.2"
T381	NR1L-ComfortHMI-419	R-C48(amend)	1	0
U381	NR1L-ComfortHMI-419	R-C48(amend)	1	0
W381	NR1L-ComfortHMI-419	R-C48(amend)	1	0
X381	NR1L-ComfortHMI-419	R-C48(amend)	1	0
L382	NR1L-ComfortHMI-113	M9-Note	"1. Note the fan speed shown on the climate screen
2. Press the fan down button on the climate screen repeatedly until the fan speed stops decreasing"	"1. Read the fan speed shown on the climate screen and record it
2. Press the fan down button on the climate screen repeatedly until the fan speed stops decreasing"
N382	NR1L-ComfortHMI-113	R-C49(amend)	HMI_Comfort_HMI_Logic_and_Flow_R1_SR24_Post_3A_CR24879_(September_25_2023)_16.7、16.2、2.14、6.3	"HMI_Comfort_HMI_Logic_and_Flow_R1_SR24_Post_3A_CR24879_(September_25_2023)_16.7
HMI_Comfort_HMI_Logic_and_Flow_R1_SR24_Post_3A_CR24879_(September_25_2023)_2.14
HMI_Comfort_HMI_Logic_and_Flow_R1_SR24_Post_3A_CR24879_(September_25_2023)_6.3
HMI_Comfort_HMI_Logic_and_Flow_R1_SR24_Post_3A_CR24879_(September_25_2023)_16.2"
T382	NR1L-ComfortHMI-113	R-C48(amend)	1	0
U382	NR1L-ComfortHMI-113	R-C48(amend)	1	0
W382	NR1L-ComfortHMI-113	R-C48(amend)	1	0
X382	NR1L-ComfortHMI-113	R-C48(amend)	1	0
L383	NR1L-ComfortHMI-420	M9-Note	"1. Note the fan speed shown on the climate screen
2. Turn the fan speed hard control down repeatedly until the fan speed stops decreasing"	"1. Read the fan speed shown on the climate screen and record it
2. Turn the fan speed hard control down repeatedly until the fan speed stops decreasing"
N383	NR1L-ComfortHMI-420	R-C49(amend)	HMI_Comfort_HMI_Logic_and_Flow_R1_SR24_Post_3A_CR24879_(September_25_2023)_16.7、16.2、2.14、6.3	"HMI_Comfort_HMI_Logic_and_Flow_R1_SR24_Post_3A_CR24879_(September_25_2023)_16.7
HMI_Comfort_HMI_Logic_and_Flow_R1_SR24_Post_3A_CR24879_(September_25_2023)_2.14
HMI_Comfort_HMI_Logic_and_Flow_R1_SR24_Post_3A_CR24879_(September_25_2023)_6.3
HMI_Comfort_HMI_Logic_and_Flow_R1_SR24_Post_3A_CR24879_(September_25_2023)_16.2"
T383	NR1L-ComfortHMI-420	R-C48(amend)	1	0
U383	NR1L-ComfortHMI-420	R-C48(amend)	1	0
W383	NR1L-ComfortHMI-420	R-C48(amend)	1	0
X383	NR1L-ComfortHMI-420	R-C48(amend)	1	0
L384	NR1L-ComfortHMI-237	M9-compound	"1. Turn ""A/C"" off and select an airflow mode other than Windshield on the climate screen
2. Press ""MAX DEF"" and read the ""A/C"" button and the airflow mode"	"1. Turn ""A/C"" off on the climate screen
2. Select an airflow mode other than Windshield on the climate screen
3. Press ""MAX DEF"" and read the ""A/C"" button and the airflow mode"
M384	NR1L-ComfortHMI-237	M9-compound	"1. The ""A/C"" button is not highlighted and the selected airflow mode is active
2. The ""A/C"" button is highlighted and the Windshield airflow mode is active"	"1. The ""A/C"" button is not highlighted
2. The selected airflow mode is active
3. The ""A/C"" button is highlighted and the Windshield airflow mode is active"
N384	NR1L-ComfortHMI-237	R-C49(amend)	HMI_Comfort_HMI_Logic_and_Flow_R1_SR24_Post_3A_CR24879_(September_25_2023)_16.8、16.2、3.2、2.14、6.3	"HMI_Comfort_HMI_Logic_and_Flow_R1_SR24_Post_3A_CR24879_(September_25_2023)_16.8
HMI_Comfort_HMI_Logic_and_Flow_R1_SR24_Post_3A_CR24879_(September_25_2023)_2.14
HMI_Comfort_HMI_Logic_and_Flow_R1_SR24_Post_3A_CR24879_(September_25_2023)_3.2
HMI_Comfort_HMI_Logic_and_Flow_R1_SR24_Post_3A_CR24879_(September_25_2023)_6.3
HMI_Comfort_HMI_Logic_and_Flow_R1_SR24_Post_3A_CR24879_(September_25_2023)_16.2"
T384	NR1L-ComfortHMI-237	R-C48(amend)	1	0
U384	NR1L-ComfortHMI-237	R-C48(amend)	1	0
W384	NR1L-ComfortHMI-237	R-C48(amend)	1	0
X384	NR1L-ComfortHMI-237	R-C48(amend)	1	0
N385	NR1L-ComfortHMI-238	R-C49(amend)	HMI_Comfort_HMI_Logic_and_Flow_R1_SR24_Post_3A_CR24879_(September_25_2023)_16.8、16.2、3.2、2.14、6.3	"HMI_Comfort_HMI_Logic_and_Flow_R1_SR24_Post_3A_CR24879_(September_25_2023)_16.8
HMI_Comfort_HMI_Logic_and_Flow_R1_SR24_Post_3A_CR24879_(September_25_2023)_2.14
HMI_Comfort_HMI_Logic_and_Flow_R1_SR24_Post_3A_CR24879_(September_25_2023)_3.2
HMI_Comfort_HMI_Logic_and_Flow_R1_SR24_Post_3A_CR24879_(September_25_2023)_6.3
HMI_Comfort_HMI_Logic_and_Flow_R1_SR24_Post_3A_CR24879_(September_25_2023)_16.2"
T385	NR1L-ComfortHMI-238	R-C48(amend)	1	0
U385	NR1L-ComfortHMI-238	R-C48(amend)	1	0
W385	NR1L-ComfortHMI-238	R-C48(amend)	1	0
X385	NR1L-ComfortHMI-238	R-C48(amend)	1	0
N386	NR1L-ComfortHMI-239	R-C49(amend)	HMI_Comfort_HMI_Logic_and_Flow_R1_SR24_Post_3A_CR24879_(September_25_2023)_16.8、16.2、3.2、2.14、6.3	"HMI_Comfort_HMI_Logic_and_Flow_R1_SR24_Post_3A_CR24879_(September_25_2023)_16.8
HMI_Comfort_HMI_Logic_and_Flow_R1_SR24_Post_3A_CR24879_(September_25_2023)_2.14
HMI_Comfort_HMI_Logic_and_Flow_R1_SR24_Post_3A_CR24879_(September_25_2023)_3.2
HMI_Comfort_HMI_Logic_and_Flow_R1_SR24_Post_3A_CR24879_(September_25_2023)_6.3
HMI_Comfort_HMI_Logic_and_Flow_R1_SR24_Post_3A_CR24879_(September_25_2023)_16.2"
T386	NR1L-ComfortHMI-239	R-C48(amend)	1	0
U386	NR1L-ComfortHMI-239	R-C48(amend)	1	0
W386	NR1L-ComfortHMI-239	R-C48(amend)	1	0
X386	NR1L-ComfortHMI-239	R-C48(amend)	1	0
I387	NR1L-ComfortHMI-240	M7	"ICE7.) MAX DEF automatically turns on A/C, changes airflow modes to Windshield, increases fan speed at highest setting (7/7), sets temperature (driver and passenger if available) at highest setting (HI), change RECIRC to open (LED off), turns on Sync and activates the REAR DEFROST.

(press ""MAX DEF"" and read the RECIRC state and its LED -> RECIRC is open and its LED is off)"	"ICE7.) MAX DEF automatically turns on A/C, changes airflow modes to Windshield, increases fan speed at highest setting (7/7), sets temperature (driver and passenger if available) at highest setting (HI), change RECIRC to open (LED off), turns on Sync and activates the REAR DEFROST.

(press ""MAX DEF"" and read the ""RECIRC"" button state and its LED -> RECIRC is open and its LED is off)"
L387	NR1L-ComfortHMI-240	M7	"1. Set RECIRC to closed on the climate screen
2. Press ""MAX DEF"" and read the RECIRC state and its LED"	"1. Set ""RECIRC"" to closed on the climate screen
2. Press ""MAX DEF"" and read the ""RECIRC"" button state and its LED"
N387	NR1L-ComfortHMI-240	R-C49(amend)	HMI_Comfort_HMI_Logic_and_Flow_R1_SR24_Post_3A_CR24879_(September_25_2023)_16.8、16.2、3.2、2.14、6.3	"HMI_Comfort_HMI_Logic_and_Flow_R1_SR24_Post_3A_CR24879_(September_25_2023)_16.8
HMI_Comfort_HMI_Logic_and_Flow_R1_SR24_Post_3A_CR24879_(September_25_2023)_2.14
HMI_Comfort_HMI_Logic_and_Flow_R1_SR24_Post_3A_CR24879_(September_25_2023)_3.2
HMI_Comfort_HMI_Logic_and_Flow_R1_SR24_Post_3A_CR24879_(September_25_2023)_6.3
HMI_Comfort_HMI_Logic_and_Flow_R1_SR24_Post_3A_CR24879_(September_25_2023)_16.2"
T387	NR1L-ComfortHMI-240	R-C48(amend)	1	0
U387	NR1L-ComfortHMI-240	R-C48(amend)	1	0
W387	NR1L-ComfortHMI-240	R-C48(amend)	1	0
X387	NR1L-ComfortHMI-240	R-C48(amend)	1	0
N388	NR1L-ComfortHMI-241	R-C49(amend)	HMI_Comfort_HMI_Logic_and_Flow_R1_SR24_Post_3A_CR24879_(September_25_2023)_16.8、16.2、3.2、16.11、2.14、6.3	"HMI_Comfort_HMI_Logic_and_Flow_R1_SR24_Post_3A_CR24879_(September_25_2023)_16.8
HMI_Comfort_HMI_Logic_and_Flow_R1_SR24_Post_3A_CR24879_(September_25_2023)_2.14
HMI_Comfort_HMI_Logic_and_Flow_R1_SR24_Post_3A_CR24879_(September_25_2023)_3.2
HMI_Comfort_HMI_Logic_and_Flow_R1_SR24_Post_3A_CR24879_(September_25_2023)_6.3
HMI_Comfort_HMI_Logic_and_Flow_R1_SR24_Post_3A_CR24879_(September_25_2023)_16.2
HMI_Comfort_HMI_Logic_and_Flow_R1_SR24_Post_3A_CR24879_(September_25_2023)_16.11"
T388	NR1L-ComfortHMI-241	R-C48(amend)	1	0
U388	NR1L-ComfortHMI-241	R-C48(amend)	1	0
W388	NR1L-ComfortHMI-241	R-C48(amend)	1	0
X388	NR1L-ComfortHMI-241	R-C48(amend)	1	0
N389	NR1L-ComfortHMI-242	R-C49(amend)	HMI_Comfort_HMI_Logic_and_Flow_R1_SR24_Post_3A_CR24879_(September_25_2023)_16.8、16.2、3.2、3.4、2.14、6.3	"HMI_Comfort_HMI_Logic_and_Flow_R1_SR24_Post_3A_CR24879_(September_25_2023)_16.8
HMI_Comfort_HMI_Logic_and_Flow_R1_SR24_Post_3A_CR24879_(September_25_2023)_2.14
HMI_Comfort_HMI_Logic_and_Flow_R1_SR24_Post_3A_CR24879_(September_25_2023)_3.2
HMI_Comfort_HMI_Logic_and_Flow_R1_SR24_Post_3A_CR24879_(September_25_2023)_3.4
HMI_Comfort_HMI_Logic_and_Flow_R1_SR24_Post_3A_CR24879_(September_25_2023)_6.3
HMI_Comfort_HMI_Logic_and_Flow_R1_SR24_Post_3A_CR24879_(September_25_2023)_16.2"
T389	NR1L-ComfortHMI-242	R-C48(amend)	1	0
U389	NR1L-ComfortHMI-242	R-C48(amend)	1	0
W389	NR1L-ComfortHMI-242	R-C48(amend)	1	0
X389	NR1L-ComfortHMI-242	R-C48(amend)	1	0
L390	NR1L-ComfortHMI-243	M9-compound	"1. Select a known airflow mode on the climate screen, then press ""MAX DEF""
2. Wait without further interaction until ""MAX DEF"" is no longer highlighted"	"1. Select a known airflow mode on the climate screen
2. Press ""MAX DEF""
3. Wait without further interaction until ""MAX DEF"" is no longer highlighted"
M390	NR1L-ComfortHMI-243	M9-compound	"1. The ""MAX DEF"" button is highlighted
2. The ""MAX DEF"" button is no longer highlighted and the airflow mode is the one selected in step 1"	"1. The selected airflow mode is active
2. The ""MAX DEF"" button is highlighted
3. The ""MAX DEF"" button is no longer highlighted and the airflow mode is the one selected in step 1"
N390	NR1L-ComfortHMI-243	R-C49(amend)	HMI_Comfort_HMI_Logic_and_Flow_R1_SR24_Post_3A_CR24879_(September_25_2023)_16.8、16.2、3.2、2.14、6.3	"HMI_Comfort_HMI_Logic_and_Flow_R1_SR24_Post_3A_CR24879_(September_25_2023)_16.8
HMI_Comfort_HMI_Logic_and_Flow_R1_SR24_Post_3A_CR24879_(September_25_2023)_2.14
HMI_Comfort_HMI_Logic_and_Flow_R1_SR24_Post_3A_CR24879_(September_25_2023)_3.2
HMI_Comfort_HMI_Logic_and_Flow_R1_SR24_Post_3A_CR24879_(September_25_2023)_6.3
HMI_Comfort_HMI_Logic_and_Flow_R1_SR24_Post_3A_CR24879_(September_25_2023)_16.2"
T390	NR1L-ComfortHMI-243	R-C48(amend)	1	0
U390	NR1L-ComfortHMI-243	R-C48(amend)	1	0
W390	NR1L-ComfortHMI-243	R-C48(amend)	1	0
X390	NR1L-ComfortHMI-243	R-C48(amend)	1	0
N391	NR1L-ComfortHMI-244	R-C49(amend)	HMI_Comfort_HMI_Logic_and_Flow_R1_SR24_Post_3A_CR24879_(September_25_2023)_16.8、16.2、3.2、2.14、6.3	"HMI_Comfort_HMI_Logic_and_Flow_R1_SR24_Post_3A_CR24879_(September_25_2023)_16.8
HMI_Comfort_HMI_Logic_and_Flow_R1_SR24_Post_3A_CR24879_(September_25_2023)_2.14
HMI_Comfort_HMI_Logic_and_Flow_R1_SR24_Post_3A_CR24879_(September_25_2023)_3.2
HMI_Comfort_HMI_Logic_and_Flow_R1_SR24_Post_3A_CR24879_(September_25_2023)_6.3
HMI_Comfort_HMI_Logic_and_Flow_R1_SR24_Post_3A_CR24879_(September_25_2023)_16.2"
T391	NR1L-ComfortHMI-244	R-C48(amend)	1	0
U391	NR1L-ComfortHMI-244	R-C48(amend)	1	0
W391	NR1L-ComfortHMI-244	R-C48(amend)	1	0
X391	NR1L-ComfortHMI-244	R-C48(amend)	1	0
L392	NR1L-ComfortHMI-245	M9-compound	"1. Select a known airflow mode, then press ""MAX DEF""
2. Change the temperature and read the ""MAX DEF"" button"	"1. Select a known airflow mode
2. Press ""MAX DEF""
3. Change the temperature and read the ""MAX DEF"" button"
M392	NR1L-ComfortHMI-245	M9-compound	"1. The ""MAX DEF"" button is highlighted
2. ""MAX DEF"" is no longer highlighted and the airflow mode is the one selected in step 1"	"1. The selected airflow mode is active
2. The ""MAX DEF"" button is highlighted
3. ""MAX DEF"" is no longer highlighted and the airflow mode is the one selected in step 1"
N392	NR1L-ComfortHMI-245	R-C49(amend)	HMI_Comfort_HMI_Logic_and_Flow_R1_SR24_Post_3A_CR24879_(September_25_2023)_16.8、16.2、3.2、2.14、6.3	"HMI_Comfort_HMI_Logic_and_Flow_R1_SR24_Post_3A_CR24879_(September_25_2023)_16.8
HMI_Comfort_HMI_Logic_and_Flow_R1_SR24_Post_3A_CR24879_(September_25_2023)_2.14
HMI_Comfort_HMI_Logic_and_Flow_R1_SR24_Post_3A_CR24879_(September_25_2023)_3.2
HMI_Comfort_HMI_Logic_and_Flow_R1_SR24_Post_3A_CR24879_(September_25_2023)_6.3
HMI_Comfort_HMI_Logic_and_Flow_R1_SR24_Post_3A_CR24879_(September_25_2023)_16.2"
T392	NR1L-ComfortHMI-245	R-C48(amend)	1	0
U392	NR1L-ComfortHMI-245	R-C48(amend)	1	0
W392	NR1L-ComfortHMI-245	R-C48(amend)	1	0
X392	NR1L-ComfortHMI-245	R-C48(amend)	1	0
I393	NR1L-ComfortHMI-421	M7	"Changing temperature, recirculation, mode distribution or pressing again MAX DEF breaks MAX DEF (turns MAX DEF off) and the system goes back to the previous manual mode with the A/C on.

(change RECIRC and read the ""MAX DEF"" button -> ""MAX DEF"" is no longer highlighted and the airflow mode is the one selected in step 1)"	"Changing temperature, recirculation, mode distribution or pressing again MAX DEF breaks MAX DEF (turns MAX DEF off) and the system goes back to the previous manual mode with the A/C on.

(change ""RECIRC"" and read the ""MAX DEF"" button -> ""MAX DEF"" is no longer highlighted and the airflow mode is the one selected in step 1)"
L393	NR1L-ComfortHMI-421	M7+M9-compound	"1. Select a known airflow mode, then press ""MAX DEF""
2. Change RECIRC and read the ""MAX DEF"" button"	"1. Select a known airflow mode
2. Press ""MAX DEF""
3. Change ""RECIRC"" and read the ""MAX DEF"" button"
M393	NR1L-ComfortHMI-421	M9-compound	"1. The ""MAX DEF"" button is highlighted
2. ""MAX DEF"" is no longer highlighted and the airflow mode is the one selected in step 1"	"1. The selected airflow mode is active
2. The ""MAX DEF"" button is highlighted
3. ""MAX DEF"" is no longer highlighted and the airflow mode is the one selected in step 1"
N393	NR1L-ComfortHMI-421	R-C49(amend)	HMI_Comfort_HMI_Logic_and_Flow_R1_SR24_Post_3A_CR24879_(September_25_2023)_16.8、16.2、3.2、2.14、6.3	"HMI_Comfort_HMI_Logic_and_Flow_R1_SR24_Post_3A_CR24879_(September_25_2023)_16.8
HMI_Comfort_HMI_Logic_and_Flow_R1_SR24_Post_3A_CR24879_(September_25_2023)_2.14
HMI_Comfort_HMI_Logic_and_Flow_R1_SR24_Post_3A_CR24879_(September_25_2023)_3.2
HMI_Comfort_HMI_Logic_and_Flow_R1_SR24_Post_3A_CR24879_(September_25_2023)_6.3
HMI_Comfort_HMI_Logic_and_Flow_R1_SR24_Post_3A_CR24879_(September_25_2023)_16.2"
T393	NR1L-ComfortHMI-421	R-C48(amend)	1	0
U393	NR1L-ComfortHMI-421	R-C48(amend)	1	0
W393	NR1L-ComfortHMI-421	R-C48(amend)	1	0
X393	NR1L-ComfortHMI-421	R-C48(amend)	1	0
L394	NR1L-ComfortHMI-422	M9-compound	"1. Select a known airflow mode, then press ""MAX DEF""
2. Select another airflow mode and read the ""MAX DEF"" button"	"1. Select a known airflow mode
2. Press ""MAX DEF""
3. Select another airflow mode and read the ""MAX DEF"" button"
M394	NR1L-ComfortHMI-422	M9-compound	"1. The ""MAX DEF"" button is highlighted
2. ""MAX DEF"" is no longer highlighted"	"1. The selected airflow mode is active
2. The ""MAX DEF"" button is highlighted
3. ""MAX DEF"" is no longer highlighted"
N394	NR1L-ComfortHMI-422	R-C49(amend)	HMI_Comfort_HMI_Logic_and_Flow_R1_SR24_Post_3A_CR24879_(September_25_2023)_16.8、16.2、3.2、2.14、6.3	"HMI_Comfort_HMI_Logic_and_Flow_R1_SR24_Post_3A_CR24879_(September_25_2023)_16.8
HMI_Comfort_HMI_Logic_and_Flow_R1_SR24_Post_3A_CR24879_(September_25_2023)_2.14
HMI_Comfort_HMI_Logic_and_Flow_R1_SR24_Post_3A_CR24879_(September_25_2023)_3.2
HMI_Comfort_HMI_Logic_and_Flow_R1_SR24_Post_3A_CR24879_(September_25_2023)_6.3
HMI_Comfort_HMI_Logic_and_Flow_R1_SR24_Post_3A_CR24879_(September_25_2023)_16.2"
T394	NR1L-ComfortHMI-422	R-C48(amend)	1	0
U394	NR1L-ComfortHMI-422	R-C48(amend)	1	0
W394	NR1L-ComfortHMI-422	R-C48(amend)	1	0
X394	NR1L-ComfortHMI-422	R-C48(amend)	1	0
N395	NR1L-ComfortHMI-423	R-C49(amend)	HMI_Comfort_HMI_Logic_and_Flow_R1_SR24_Post_3A_CR24879_(September_25_2023)_16.8、16.2、3.2、2.14、6.3	"HMI_Comfort_HMI_Logic_and_Flow_R1_SR24_Post_3A_CR24879_(September_25_2023)_16.8
HMI_Comfort_HMI_Logic_and_Flow_R1_SR24_Post_3A_CR24879_(September_25_2023)_2.14
HMI_Comfort_HMI_Logic_and_Flow_R1_SR24_Post_3A_CR24879_(September_25_2023)_3.2
HMI_Comfort_HMI_Logic_and_Flow_R1_SR24_Post_3A_CR24879_(September_25_2023)_6.3
HMI_Comfort_HMI_Logic_and_Flow_R1_SR24_Post_3A_CR24879_(September_25_2023)_16.2"
T395	NR1L-ComfortHMI-423	R-C48(amend)	1	0
U395	NR1L-ComfortHMI-423	R-C48(amend)	1	0
W395	NR1L-ComfortHMI-423	R-C48(amend)	1	0
X395	NR1L-ComfortHMI-423	R-C48(amend)	1	0
L396	NR1L-ComfortHMI-246	M9-compound	"1. Select a known airflow mode, then press ""MAX DEF""
2. Press ""A/C"" and read the ""MAX DEF"" button, the airflow mode and the ""A/C"" button"	"1. Select a known airflow mode
2. Press ""MAX DEF""
3. Press ""A/C"" and read the ""MAX DEF"" button, the airflow mode and the ""A/C"" button"
M396	NR1L-ComfortHMI-246	M9-compound	"1. The ""MAX DEF"" button is highlighted
2. ""MAX DEF"" is no longer highlighted, the airflow mode is the one selected in step 1 and ""A/C"" is not highlighted"	"1. The selected airflow mode is active
2. The ""MAX DEF"" button is highlighted
3. ""MAX DEF"" is no longer highlighted, the airflow mode is the one selected in step 1 and ""A/C"" is not highlighted"
N396	NR1L-ComfortHMI-246	R-C49(amend)	HMI_Comfort_HMI_Logic_and_Flow_R1_SR24_Post_3A_CR24879_(September_25_2023)_16.8、16.2、3.2、2.14、6.3	"HMI_Comfort_HMI_Logic_and_Flow_R1_SR24_Post_3A_CR24879_(September_25_2023)_16.8
HMI_Comfort_HMI_Logic_and_Flow_R1_SR24_Post_3A_CR24879_(September_25_2023)_2.14
HMI_Comfort_HMI_Logic_and_Flow_R1_SR24_Post_3A_CR24879_(September_25_2023)_3.2
HMI_Comfort_HMI_Logic_and_Flow_R1_SR24_Post_3A_CR24879_(September_25_2023)_6.3
HMI_Comfort_HMI_Logic_and_Flow_R1_SR24_Post_3A_CR24879_(September_25_2023)_16.2"
T396	NR1L-ComfortHMI-246	R-C48(amend)	1	0
U396	NR1L-ComfortHMI-246	R-C48(amend)	1	0
W396	NR1L-ComfortHMI-246	R-C48(amend)	1	0
X396	NR1L-ComfortHMI-246	R-C48(amend)	1	0
N397	NR1L-ComfortHMI-247	R-C49(amend)	HMI_Comfort_HMI_Logic_and_Flow_R1_SR24_Post_3A_CR24879_(September_25_2023)_16.8、16.2、3.2、2.14、6.3	"HMI_Comfort_HMI_Logic_and_Flow_R1_SR24_Post_3A_CR24879_(September_25_2023)_16.8
HMI_Comfort_HMI_Logic_and_Flow_R1_SR24_Post_3A_CR24879_(September_25_2023)_2.14
HMI_Comfort_HMI_Logic_and_Flow_R1_SR24_Post_3A_CR24879_(September_25_2023)_3.2
HMI_Comfort_HMI_Logic_and_Flow_R1_SR24_Post_3A_CR24879_(September_25_2023)_6.3
HMI_Comfort_HMI_Logic_and_Flow_R1_SR24_Post_3A_CR24879_(September_25_2023)_16.2"
T397	NR1L-ComfortHMI-247	R-C48(amend)	1	0
U397	NR1L-ComfortHMI-247	R-C48(amend)	1	0
W397	NR1L-ComfortHMI-247	R-C48(amend)	1	0
X397	NR1L-ComfortHMI-247	R-C48(amend)	1	0
N398	NR1L-ComfortHMI-248	R-C49(amend)	HMI_Comfort_HMI_Logic_and_Flow_R1_SR24_Post_3A_CR24879_(September_25_2023)_16.8、16.2、16.13、3.2、2.14、6.3	"HMI_Comfort_HMI_Logic_and_Flow_R1_SR24_Post_3A_CR24879_(September_25_2023)_16.8
HMI_Comfort_HMI_Logic_and_Flow_R1_SR24_Post_3A_CR24879_(September_25_2023)_2.14
HMI_Comfort_HMI_Logic_and_Flow_R1_SR24_Post_3A_CR24879_(September_25_2023)_3.2
HMI_Comfort_HMI_Logic_and_Flow_R1_SR24_Post_3A_CR24879_(September_25_2023)_6.3
HMI_Comfort_HMI_Logic_and_Flow_R1_SR24_Post_3A_CR24879_(September_25_2023)_16.2
HMI_Comfort_HMI_Logic_and_Flow_R1_SR24_Post_3A_CR24879_(September_25_2023)_16.13"
T398	NR1L-ComfortHMI-248	R-C48(amend)	1	0
U398	NR1L-ComfortHMI-248	R-C48(amend)	1	0
W398	NR1L-ComfortHMI-248	R-C48(amend)	1	0
X398	NR1L-ComfortHMI-248	R-C48(amend)	1	0
N399	NR1L-ComfortHMI-249	R-C49(amend)	HMI_Comfort_HMI_Logic_and_Flow_R1_SR24_Post_3A_CR24879_(September_25_2023)_16.9、16.2、3.4、2.14、6.3	"HMI_Comfort_HMI_Logic_and_Flow_R1_SR24_Post_3A_CR24879_(September_25_2023)_16.9
HMI_Comfort_HMI_Logic_and_Flow_R1_SR24_Post_3A_CR24879_(September_25_2023)_2.14
HMI_Comfort_HMI_Logic_and_Flow_R1_SR24_Post_3A_CR24879_(September_25_2023)_3.4
HMI_Comfort_HMI_Logic_and_Flow_R1_SR24_Post_3A_CR24879_(September_25_2023)_6.3
HMI_Comfort_HMI_Logic_and_Flow_R1_SR24_Post_3A_CR24879_(September_25_2023)_16.2"
T399	NR1L-ComfortHMI-249	R-C48(amend)	1	0
U399	NR1L-ComfortHMI-249	R-C48(amend)	1	0
W399	NR1L-ComfortHMI-249	R-C48(amend)	1	0
X399	NR1L-ComfortHMI-249	R-C48(amend)	1	0
L400	NR1L-ComfortHMI-250	M6	"1. Set the rear defrost availability status from the CCM to unavailable
2. Read the ""REAR DEFROST"" button on the climate screen"	"1. PENDING: DR-46 DBC message and raw value for $EBL_Stat$ = ""not available/Blink""
2. Read the ""REAR DEFROST"" button on the climate screen"
N400	NR1L-ComfortHMI-250	R-C49(amend)	HMI_Comfort_HMI_Logic_and_Flow_R1_SR24_Post_3A_CR24879_(September_25_2023)_16.9、16.2、3.4、2.14、6.3	"HMI_Comfort_HMI_Logic_and_Flow_R1_SR24_Post_3A_CR24879_(September_25_2023)_16.9
HMI_Comfort_HMI_Logic_and_Flow_R1_SR24_Post_3A_CR24879_(September_25_2023)_2.14
HMI_Comfort_HMI_Logic_and_Flow_R1_SR24_Post_3A_CR24879_(September_25_2023)_3.4
HMI_Comfort_HMI_Logic_and_Flow_R1_SR24_Post_3A_CR24879_(September_25_2023)_6.3
HMI_Comfort_HMI_Logic_and_Flow_R1_SR24_Post_3A_CR24879_(September_25_2023)_16.2"
T400	NR1L-ComfortHMI-250	R-C48(amend)	1	0
U400	NR1L-ComfortHMI-250	R-C48(amend)	1	0
W400	NR1L-ComfortHMI-250	R-C48(amend)	1	0
X400	NR1L-ComfortHMI-250	R-C48(amend)	1	0
N401	NR1L-ComfortHMI-215	R-C49(amend)	HMI_Comfort_HMI_Logic_and_Flow_R1_SR24_Post_3A_CR24879_(September_25_2023)_16.10、16.2、2.14、6.3	"HMI_Comfort_HMI_Logic_and_Flow_R1_SR24_Post_3A_CR24879_(September_25_2023)_16.10
HMI_Comfort_HMI_Logic_and_Flow_R1_SR24_Post_3A_CR24879_(September_25_2023)_2.14
HMI_Comfort_HMI_Logic_and_Flow_R1_SR24_Post_3A_CR24879_(September_25_2023)_6.3
HMI_Comfort_HMI_Logic_and_Flow_R1_SR24_Post_3A_CR24879_(September_25_2023)_16.2"
T401	NR1L-ComfortHMI-215	R-C48(amend)	1	0
U401	NR1L-ComfortHMI-215	R-C48(amend)	1	0
W401	NR1L-ComfortHMI-215	R-C48(amend)	1	0
X401	NR1L-ComfortHMI-215	R-C48(amend)	1	0
N402	NR1L-ComfortHMI-216	R-C49(amend)	HMI_Comfort_HMI_Logic_and_Flow_R1_SR24_Post_3A_CR24879_(September_25_2023)_16.10、16.2、3.2、3.4、2.14、6.3	"HMI_Comfort_HMI_Logic_and_Flow_R1_SR24_Post_3A_CR24879_(September_25_2023)_16.10
HMI_Comfort_HMI_Logic_and_Flow_R1_SR24_Post_3A_CR24879_(September_25_2023)_2.14
HMI_Comfort_HMI_Logic_and_Flow_R1_SR24_Post_3A_CR24879_(September_25_2023)_3.2
HMI_Comfort_HMI_Logic_and_Flow_R1_SR24_Post_3A_CR24879_(September_25_2023)_3.4
HMI_Comfort_HMI_Logic_and_Flow_R1_SR24_Post_3A_CR24879_(September_25_2023)_6.3
HMI_Comfort_HMI_Logic_and_Flow_R1_SR24_Post_3A_CR24879_(September_25_2023)_16.2"
T402	NR1L-ComfortHMI-216	R-C48(amend)	1	0
U402	NR1L-ComfortHMI-216	R-C48(amend)	1	0
W402	NR1L-ComfortHMI-216	R-C48(amend)	1	0
X402	NR1L-ComfortHMI-216	R-C48(amend)	1	0
N403	NR1L-ComfortHMI-217	R-C49(amend)	HMI_Comfort_HMI_Logic_and_Flow_R1_SR24_Post_3A_CR24879_(September_25_2023)_16.10、16.2、2.14、6.3	"HMI_Comfort_HMI_Logic_and_Flow_R1_SR24_Post_3A_CR24879_(September_25_2023)_16.10
HMI_Comfort_HMI_Logic_and_Flow_R1_SR24_Post_3A_CR24879_(September_25_2023)_2.14
HMI_Comfort_HMI_Logic_and_Flow_R1_SR24_Post_3A_CR24879_(September_25_2023)_6.3
HMI_Comfort_HMI_Logic_and_Flow_R1_SR24_Post_3A_CR24879_(September_25_2023)_16.2"
T403	NR1L-ComfortHMI-217	R-C48(amend)	1	0
U403	NR1L-ComfortHMI-217	R-C48(amend)	1	0
W403	NR1L-ComfortHMI-217	R-C48(amend)	1	0
X403	NR1L-ComfortHMI-217	R-C48(amend)	1	0
N404	NR1L-ComfortHMI-218	R-C49(amend)	HMI_Comfort_HMI_Logic_and_Flow_R1_SR24_Post_3A_CR24879_(September_25_2023)_16.10、16.2、2.14、6.3	"HMI_Comfort_HMI_Logic_and_Flow_R1_SR24_Post_3A_CR24879_(September_25_2023)_16.10
HMI_Comfort_HMI_Logic_and_Flow_R1_SR24_Post_3A_CR24879_(September_25_2023)_2.14
HMI_Comfort_HMI_Logic_and_Flow_R1_SR24_Post_3A_CR24879_(September_25_2023)_6.3
HMI_Comfort_HMI_Logic_and_Flow_R1_SR24_Post_3A_CR24879_(September_25_2023)_16.2"
T404	NR1L-ComfortHMI-218	R-C48(amend)	1	0
U404	NR1L-ComfortHMI-218	R-C48(amend)	1	0
W404	NR1L-ComfortHMI-218	R-C48(amend)	1	0
X404	NR1L-ComfortHMI-218	R-C48(amend)	1	0
N405	NR1L-ComfortHMI-219	R-C49(amend)	HMI_Comfort_HMI_Logic_and_Flow_R1_SR24_Post_3A_CR24879_(September_25_2023)_16.10、16.2、3.4、17.3、2.14、6.3	"HMI_Comfort_HMI_Logic_and_Flow_R1_SR24_Post_3A_CR24879_(September_25_2023)_16.10
HMI_Comfort_HMI_Logic_and_Flow_R1_SR24_Post_3A_CR24879_(September_25_2023)_2.14
HMI_Comfort_HMI_Logic_and_Flow_R1_SR24_Post_3A_CR24879_(September_25_2023)_3.4
HMI_Comfort_HMI_Logic_and_Flow_R1_SR24_Post_3A_CR24879_(September_25_2023)_6.3
HMI_Comfort_HMI_Logic_and_Flow_R1_SR24_Post_3A_CR24879_(September_25_2023)_16.2
HMI_Comfort_HMI_Logic_and_Flow_R1_SR24_Post_3A_CR24879_(September_25_2023)_17.3"
T405	NR1L-ComfortHMI-219	R-C48(amend)	1	0
U405	NR1L-ComfortHMI-219	R-C48(amend)	1	0
W405	NR1L-ComfortHMI-219	R-C48(amend)	1	0
X405	NR1L-ComfortHMI-219	R-C48(amend)	1	0
N406	NR1L-ComfortHMI-424	R-C49(amend)	HMI_Comfort_HMI_Logic_and_Flow_R1_SR24_Post_3A_CR24879_(September_25_2023)_16.10、16.2、3.4、17.3、2.14、6.3	"HMI_Comfort_HMI_Logic_and_Flow_R1_SR24_Post_3A_CR24879_(September_25_2023)_16.10
HMI_Comfort_HMI_Logic_and_Flow_R1_SR24_Post_3A_CR24879_(September_25_2023)_2.14
HMI_Comfort_HMI_Logic_and_Flow_R1_SR24_Post_3A_CR24879_(September_25_2023)_3.4
HMI_Comfort_HMI_Logic_and_Flow_R1_SR24_Post_3A_CR24879_(September_25_2023)_6.3
HMI_Comfort_HMI_Logic_and_Flow_R1_SR24_Post_3A_CR24879_(September_25_2023)_16.2
HMI_Comfort_HMI_Logic_and_Flow_R1_SR24_Post_3A_CR24879_(September_25_2023)_17.3"
T406	NR1L-ComfortHMI-424	R-C48(amend)	1	0
U406	NR1L-ComfortHMI-424	R-C48(amend)	1	0
W406	NR1L-ComfortHMI-424	R-C48(amend)	1	0
X406	NR1L-ComfortHMI-424	R-C48(amend)	1	0
N407	NR1L-ComfortHMI-425	R-C49(amend)	HMI_Comfort_HMI_Logic_and_Flow_R1_SR24_Post_3A_CR24879_(September_25_2023)_16.10、16.2、3.4、17.3、2.14、6.3	"HMI_Comfort_HMI_Logic_and_Flow_R1_SR24_Post_3A_CR24879_(September_25_2023)_16.10
HMI_Comfort_HMI_Logic_and_Flow_R1_SR24_Post_3A_CR24879_(September_25_2023)_2.14
HMI_Comfort_HMI_Logic_and_Flow_R1_SR24_Post_3A_CR24879_(September_25_2023)_3.4
HMI_Comfort_HMI_Logic_and_Flow_R1_SR24_Post_3A_CR24879_(September_25_2023)_6.3
HMI_Comfort_HMI_Logic_and_Flow_R1_SR24_Post_3A_CR24879_(September_25_2023)_16.2
HMI_Comfort_HMI_Logic_and_Flow_R1_SR24_Post_3A_CR24879_(September_25_2023)_17.3"
T407	NR1L-ComfortHMI-425	R-C48(amend)	1	0
U407	NR1L-ComfortHMI-425	R-C48(amend)	1	0
W407	NR1L-ComfortHMI-425	R-C48(amend)	1	0
X407	NR1L-ComfortHMI-425	R-C48(amend)	1	0
N408	NR1L-ComfortHMI-220	R-C49(amend)	HMI_Comfort_HMI_Logic_and_Flow_R1_SR24_Post_3A_CR24879_(September_25_2023)_16.10、16.2、2.14、6.3	"HMI_Comfort_HMI_Logic_and_Flow_R1_SR24_Post_3A_CR24879_(September_25_2023)_16.10
HMI_Comfort_HMI_Logic_and_Flow_R1_SR24_Post_3A_CR24879_(September_25_2023)_2.14
HMI_Comfort_HMI_Logic_and_Flow_R1_SR24_Post_3A_CR24879_(September_25_2023)_6.3
HMI_Comfort_HMI_Logic_and_Flow_R1_SR24_Post_3A_CR24879_(September_25_2023)_16.2"
T408	NR1L-ComfortHMI-220	R-C48(amend)	1	0
U408	NR1L-ComfortHMI-220	R-C48(amend)	1	0
W408	NR1L-ComfortHMI-220	R-C48(amend)	1	0
X408	NR1L-ComfortHMI-220	R-C48(amend)	1	0
N409	NR1L-ComfortHMI-221	R-C49(amend)	HMI_Comfort_HMI_Logic_and_Flow_R1_SR24_Post_3A_CR24879_(September_25_2023)_16.10、16.2、2.14、6.3	"HMI_Comfort_HMI_Logic_and_Flow_R1_SR24_Post_3A_CR24879_(September_25_2023)_16.10
HMI_Comfort_HMI_Logic_and_Flow_R1_SR24_Post_3A_CR24879_(September_25_2023)_2.14
HMI_Comfort_HMI_Logic_and_Flow_R1_SR24_Post_3A_CR24879_(September_25_2023)_6.3
HMI_Comfort_HMI_Logic_and_Flow_R1_SR24_Post_3A_CR24879_(September_25_2023)_16.2"
T409	NR1L-ComfortHMI-221	R-C48(amend)	1	0
U409	NR1L-ComfortHMI-221	R-C48(amend)	1	0
W409	NR1L-ComfortHMI-221	R-C48(amend)	1	0
X409	NR1L-ComfortHMI-221	R-C48(amend)	1	0
N410	NR1L-ComfortHMI-222	R-C49(amend)	HMI_Comfort_HMI_Logic_and_Flow_R1_SR24_Post_3A_CR24879_(September_25_2023)_16.10、16.2、2.14、6.3	"HMI_Comfort_HMI_Logic_and_Flow_R1_SR24_Post_3A_CR24879_(September_25_2023)_16.10
HMI_Comfort_HMI_Logic_and_Flow_R1_SR24_Post_3A_CR24879_(September_25_2023)_2.14
HMI_Comfort_HMI_Logic_and_Flow_R1_SR24_Post_3A_CR24879_(September_25_2023)_6.3
HMI_Comfort_HMI_Logic_and_Flow_R1_SR24_Post_3A_CR24879_(September_25_2023)_16.2"
T410	NR1L-ComfortHMI-222	R-C48(amend)	1	0
U410	NR1L-ComfortHMI-222	R-C48(amend)	1	0
W410	NR1L-ComfortHMI-222	R-C48(amend)	1	0
X410	NR1L-ComfortHMI-222	R-C48(amend)	1	0
N411	NR1L-ComfortHMI-223	R-C49(amend)	HMI_Comfort_HMI_Logic_and_Flow_R1_SR24_Post_3A_CR24879_(September_25_2023)_16.11、16.2、2.14、6.3	"HMI_Comfort_HMI_Logic_and_Flow_R1_SR24_Post_3A_CR24879_(September_25_2023)_16.11
HMI_Comfort_HMI_Logic_and_Flow_R1_SR24_Post_3A_CR24879_(September_25_2023)_2.14
HMI_Comfort_HMI_Logic_and_Flow_R1_SR24_Post_3A_CR24879_(September_25_2023)_6.3
HMI_Comfort_HMI_Logic_and_Flow_R1_SR24_Post_3A_CR24879_(September_25_2023)_16.2"
T411	NR1L-ComfortHMI-223	R-C48(amend)	1	0
U411	NR1L-ComfortHMI-223	R-C48(amend)	1	0
W411	NR1L-ComfortHMI-223	R-C48(amend)	1	0
X411	NR1L-ComfortHMI-223	R-C48(amend)	1	0
N412	NR1L-ComfortHMI-224	R-C49(amend)	HMI_Comfort_HMI_Logic_and_Flow_R1_SR24_Post_3A_CR24879_(September_25_2023)_16.11、16.2、2.14、6.3	"HMI_Comfort_HMI_Logic_and_Flow_R1_SR24_Post_3A_CR24879_(September_25_2023)_16.11
HMI_Comfort_HMI_Logic_and_Flow_R1_SR24_Post_3A_CR24879_(September_25_2023)_2.14
HMI_Comfort_HMI_Logic_and_Flow_R1_SR24_Post_3A_CR24879_(September_25_2023)_6.3
HMI_Comfort_HMI_Logic_and_Flow_R1_SR24_Post_3A_CR24879_(September_25_2023)_16.2"
T412	NR1L-ComfortHMI-224	R-C48(amend)	1	0
U412	NR1L-ComfortHMI-224	R-C48(amend)	1	0
W412	NR1L-ComfortHMI-224	R-C48(amend)	1	0
X412	NR1L-ComfortHMI-224	R-C48(amend)	1	0
H413	NR1L-ComfortHMI-432	M8	EMEA ICS Interface	ICS Climate Modes
N413	NR1L-ComfortHMI-432	R-C49(amend)	HMI_Comfort_HMI_Logic_and_Flow_R1_SR24_Post_3A_CR24879_(September_25_2023)_16.11、16.2、2.14、6.3; CFTS043-HVAC Controls and Displays_Tree view_R1L-R scope_NEWR1L-53677	"CFTS043-HVAC Controls and Displays_Tree view_R1L-R scope_NEWR1L-53677
HMI_Comfort_HMI_Logic_and_Flow_R1_SR24_Post_3A_CR24879_(September_25_2023)_16.11
HMI_Comfort_HMI_Logic_and_Flow_R1_SR24_Post_3A_CR24879_(September_25_2023)_2.14
HMI_Comfort_HMI_Logic_and_Flow_R1_SR24_Post_3A_CR24879_(September_25_2023)_6.3
HMI_Comfort_HMI_Logic_and_Flow_R1_SR24_Post_3A_CR24879_(September_25_2023)_16.2"
T413	NR1L-ComfortHMI-432	R-C48(amend)	1	0
U413	NR1L-ComfortHMI-432	R-C48(amend)	1	0
W413	NR1L-ComfortHMI-432	R-C48(amend)	1	0
X413	NR1L-ComfortHMI-432	R-C48(amend)	1	0
H414	NR1L-ComfortHMI-433	M8	EMEA ICS Interface	ICS Climate Modes
N414	NR1L-ComfortHMI-433	R-C49(amend)	HMI_Comfort_HMI_Logic_and_Flow_R1_SR24_Post_3A_CR24879_(September_25_2023)_16.11、16.2、2.14、6.3; CFTS043-HVAC Controls and Displays_Tree view_R1L-R scope_NEWR1L-53677	"CFTS043-HVAC Controls and Displays_Tree view_R1L-R scope_NEWR1L-53677
HMI_Comfort_HMI_Logic_and_Flow_R1_SR24_Post_3A_CR24879_(September_25_2023)_16.11
HMI_Comfort_HMI_Logic_and_Flow_R1_SR24_Post_3A_CR24879_(September_25_2023)_2.14
HMI_Comfort_HMI_Logic_and_Flow_R1_SR24_Post_3A_CR24879_(September_25_2023)_6.3
HMI_Comfort_HMI_Logic_and_Flow_R1_SR24_Post_3A_CR24879_(September_25_2023)_16.2"
T414	NR1L-ComfortHMI-433	R-C48(amend)	1	0
U414	NR1L-ComfortHMI-433	R-C48(amend)	1	0
W414	NR1L-ComfortHMI-433	R-C48(amend)	1	0
X414	NR1L-ComfortHMI-433	R-C48(amend)	1	0
I415	NR1L-ComfortHMI-251	M7	"Only one airflow mode can be selected at a time.

(select the Feet airflow mode and read the mode buttons -> The Feet airflow mode is active and the Face airflow mode is not)"	"Only one airflow mode can be selected at a time.

(select the ""Feet"" airflow mode and read the mode buttons -> The Feet airflow mode is active and the Face airflow mode is not)"
L415	NR1L-ComfortHMI-251	M7	"1. Select the Face airflow mode on the climate screen
2. Select the Feet airflow mode and read the mode buttons"	"1. Select the ""Face"" airflow mode on the climate screen
2. Select the ""Feet"" airflow mode and read the mode buttons"
N415	NR1L-ComfortHMI-251	R-C49(amend)	HMI_Comfort_HMI_Logic_and_Flow_R1_SR24_Post_3A_CR24879_(September_25_2023)_16.12、16.2、2.14、6.3	"HMI_Comfort_HMI_Logic_and_Flow_R1_SR24_Post_3A_CR24879_(September_25_2023)_16.12
HMI_Comfort_HMI_Logic_and_Flow_R1_SR24_Post_3A_CR24879_(September_25_2023)_2.14
HMI_Comfort_HMI_Logic_and_Flow_R1_SR24_Post_3A_CR24879_(September_25_2023)_6.3
HMI_Comfort_HMI_Logic_and_Flow_R1_SR24_Post_3A_CR24879_(September_25_2023)_16.2"
T415	NR1L-ComfortHMI-251	R-C48(amend)	1	0
U415	NR1L-ComfortHMI-251	R-C48(amend)	1	0
W415	NR1L-ComfortHMI-251	R-C48(amend)	1	0
X415	NR1L-ComfortHMI-251	R-C48(amend)	1	0
I416	NR1L-ComfortHMI-252	M7	"ON state for the four airflow modes is shown by highlighting the button and increasing button size.

(select the Feet airflow mode and read that button -> The Feet airflow mode button is highlighted and larger than in step 1)"	"ON state for the four airflow modes is shown by highlighting the button and increasing button size.

(select the ""Feet"" airflow mode and read that button -> The ""Feet"" airflow mode button is highlighted and larger than in step 1)"
L416	NR1L-ComfortHMI-252	M7+M9-Note	"1. Note the size and highlight of the Feet airflow mode button
2. Select the Feet airflow mode and read that button"	"1. Read the size and highlight of the ""Feet"" airflow mode button and record them
2. Select the ""Feet"" airflow mode and read that button"
M416	NR1L-ComfortHMI-252	M7	"1. The Feet airflow mode button is not highlighted
2. The Feet airflow mode button is highlighted and larger than in step 1"	"1. The ""Feet"" airflow mode button is not highlighted
2. The ""Feet"" airflow mode button is highlighted and larger than in step 1"
N416	NR1L-ComfortHMI-252	R-C49(amend)	HMI_Comfort_HMI_Logic_and_Flow_R1_SR24_Post_3A_CR24879_(September_25_2023)_16.12、16.2、2.14、6.3	"HMI_Comfort_HMI_Logic_and_Flow_R1_SR24_Post_3A_CR24879_(September_25_2023)_16.12
HMI_Comfort_HMI_Logic_and_Flow_R1_SR24_Post_3A_CR24879_(September_25_2023)_2.14
HMI_Comfort_HMI_Logic_and_Flow_R1_SR24_Post_3A_CR24879_(September_25_2023)_6.3
HMI_Comfort_HMI_Logic_and_Flow_R1_SR24_Post_3A_CR24879_(September_25_2023)_16.2"
T416	NR1L-ComfortHMI-252	R-C48(amend)	1	0
U416	NR1L-ComfortHMI-252	R-C48(amend)	1	0
W416	NR1L-ComfortHMI-252	R-C48(amend)	1	0
X416	NR1L-ComfortHMI-252	R-C48(amend)	1	0
L417	NR1L-ComfortHMI-253	M7	"1. Select the Feet airflow mode on the climate screen
2. Read the main category control"	"1. Select the ""Feet"" airflow mode on the climate screen
2. Read the main category control"
N417	NR1L-ComfortHMI-253	R-C49(amend)	HMI_Comfort_HMI_Logic_and_Flow_R1_SR24_Post_3A_CR24879_(September_25_2023)_16.12、16.2、2.14、6.3	"HMI_Comfort_HMI_Logic_and_Flow_R1_SR24_Post_3A_CR24879_(September_25_2023)_16.12
HMI_Comfort_HMI_Logic_and_Flow_R1_SR24_Post_3A_CR24879_(September_25_2023)_2.14
HMI_Comfort_HMI_Logic_and_Flow_R1_SR24_Post_3A_CR24879_(September_25_2023)_6.3
HMI_Comfort_HMI_Logic_and_Flow_R1_SR24_Post_3A_CR24879_(September_25_2023)_16.2"
T417	NR1L-ComfortHMI-253	R-C48(amend)	1	0
U417	NR1L-ComfortHMI-253	R-C48(amend)	1	0
W417	NR1L-ComfortHMI-253	R-C48(amend)	1	0
X417	NR1L-ComfortHMI-253	R-C48(amend)	1	0
I418	NR1L-ComfortHMI-254	R-C50	"ICE11.1) If the Mode hard control is pressed the user will be moved to the next mode available in the loop (Face > Face/Feet > Feet > Feet/Windshield > Windshield), the user will be shifted with each press, press and hold of the control will only move one mode over, it will not continue to move through modes.

(press the Mode hard control four times, reading the mode after each press -> The modes were Face/Feet, then Feet, then Feet/Windshield, then Windshield)"	"ICE11.1) If the Mode hard control is pressed the user will be moved to the next mode available in the loop (Face > Face/Feet > Feet > Feet/Windshield > Windshield), the user will be shifted with each press

(press the Mode hard control four times, reading the mode after each press -> The modes were Face/Feet, then Feet, then Feet/Windshield, then Windshield)"
L418	NR1L-ComfortHMI-254	M7	"1. Select the Face airflow mode on the climate screen
2. Press the Mode hard control four times, reading the mode after each press"	"1. Select the ""Face"" airflow mode on the climate screen
2. Press the Mode hard control four times, reading the mode after each press"
N418	NR1L-ComfortHMI-254	R-C49(amend)	HMI_Comfort_HMI_Logic_and_Flow_R1_SR24_Post_3A_CR24879_(September_25_2023)_16.12.1、16.2、2.14、6.3	"HMI_Comfort_HMI_Logic_and_Flow_R1_SR24_Post_3A_CR24879_(September_25_2023)_16.12.1
HMI_Comfort_HMI_Logic_and_Flow_R1_SR24_Post_3A_CR24879_(September_25_2023)_2.14
HMI_Comfort_HMI_Logic_and_Flow_R1_SR24_Post_3A_CR24879_(September_25_2023)_6.3
HMI_Comfort_HMI_Logic_and_Flow_R1_SR24_Post_3A_CR24879_(September_25_2023)_16.2"
T418	NR1L-ComfortHMI-254	R-C48(amend)	1	0
U418	NR1L-ComfortHMI-254	R-C48(amend)	1	0
W418	NR1L-ComfortHMI-254	R-C48(amend)	1	0
X418	NR1L-ComfortHMI-254	R-C48(amend)	1	0
I419	NR1L-ComfortHMI-255	R-C50+R-C50(amend)	"ICE11.1) If the Mode hard control is pressed the user will be moved to the next mode available in the loop (Face > Face/Feet > Feet > Feet/Windshield > Windshield), the user will be shifted with each press, press and hold of the control will only move one mode over, it will not continue to move through modes.

(press and hold the Mode hard control and read the airflow mode -> The Face/Feet airflow mode is active and the mode does not move further while the control is held)"	"The user will be shifted with each press, press and hold of the control will only move one mode over, it will not continue to move through modes.

(press and hold the Mode hard control and read the airflow mode -> The Face/Feet airflow mode is active and the mode does not move further while the control is held)"
L419	NR1L-ComfortHMI-255	M7	"1. Select the Face airflow mode on the climate screen
2. Press and hold the Mode hard control and read the airflow mode"	"1. Select the ""Face"" airflow mode on the climate screen
2. Press and hold the Mode hard control and read the airflow mode"
N419	NR1L-ComfortHMI-255	R-C49(amend)	HMI_Comfort_HMI_Logic_and_Flow_R1_SR24_Post_3A_CR24879_(September_25_2023)_16.12.1、16.2、2.14、6.3	"HMI_Comfort_HMI_Logic_and_Flow_R1_SR24_Post_3A_CR24879_(September_25_2023)_16.12.1
HMI_Comfort_HMI_Logic_and_Flow_R1_SR24_Post_3A_CR24879_(September_25_2023)_2.14
HMI_Comfort_HMI_Logic_and_Flow_R1_SR24_Post_3A_CR24879_(September_25_2023)_6.3
HMI_Comfort_HMI_Logic_and_Flow_R1_SR24_Post_3A_CR24879_(September_25_2023)_16.2"
T419	NR1L-ComfortHMI-255	R-C48(amend)	1	0
U419	NR1L-ComfortHMI-255	R-C48(amend)	1	0
W419	NR1L-ComfortHMI-255	R-C48(amend)	1	0
X419	NR1L-ComfortHMI-255	R-C48(amend)	1	0
I420	NR1L-ComfortHMI-256	R-C50	"When the Mode hard control is pressed, if the user is on Climate main the new mode button will be shown highlighted. if the user is not on Climate main when pressing the Mode hard control a small pop -up will appear above the Climate main category control (timeout after 3 seconds of inactivity or as soon as another button except Mode HC is pressed), the user will not be shifted to climate main.

(press the Mode hard control and read the airflow mode -> The airflow mode has moved to the next mode in the loop)"	"When the Mode hard control is pressed, if the user is on Climate main the new mode button will be shown highlighted.

(press the Mode hard control and read the airflow mode -> The airflow mode has moved to the next mode in the loop)"
N420	NR1L-ComfortHMI-256	R-C49(amend)	HMI_Comfort_HMI_Logic_and_Flow_R1_SR24_Post_3A_CR24879_(September_25_2023)_16.12.1、16.2、2.14、6.3	"HMI_Comfort_HMI_Logic_and_Flow_R1_SR24_Post_3A_CR24879_(September_25_2023)_16.12.1
HMI_Comfort_HMI_Logic_and_Flow_R1_SR24_Post_3A_CR24879_(September_25_2023)_2.14
HMI_Comfort_HMI_Logic_and_Flow_R1_SR24_Post_3A_CR24879_(September_25_2023)_6.3
HMI_Comfort_HMI_Logic_and_Flow_R1_SR24_Post_3A_CR24879_(September_25_2023)_16.2"
T420	NR1L-ComfortHMI-256	R-C48(amend)	1	0
U420	NR1L-ComfortHMI-256	R-C48(amend)	1	0
W420	NR1L-ComfortHMI-256	R-C48(amend)	1	0
X420	NR1L-ComfortHMI-256	R-C48(amend)	1	0
I421	NR1L-ComfortHMI-257	R-C50	"When the Mode hard control is pressed, if the user is on Climate main the new mode button will be shown highlighted. if the user is not on Climate main when pressing the Mode hard control a small pop -up will appear above the Climate main category control (timeout after 3 seconds of inactivity or as soon as another button except Mode HC is pressed), the user will not be shifted to climate main.

(press the Mode hard control and read the mode buttons -> The new mode button is highlighted)"	"When the Mode hard control is pressed, if the user is on Climate main the new mode button will be shown highlighted.

(press the Mode hard control and read the mode buttons -> The new mode button is highlighted)"
N421	NR1L-ComfortHMI-257	R-C49(amend)	HMI_Comfort_HMI_Logic_and_Flow_R1_SR24_Post_3A_CR24879_(September_25_2023)_16.12.1、16.2、2.14、6.3	"HMI_Comfort_HMI_Logic_and_Flow_R1_SR24_Post_3A_CR24879_(September_25_2023)_16.12.1
HMI_Comfort_HMI_Logic_and_Flow_R1_SR24_Post_3A_CR24879_(September_25_2023)_2.14
HMI_Comfort_HMI_Logic_and_Flow_R1_SR24_Post_3A_CR24879_(September_25_2023)_6.3
HMI_Comfort_HMI_Logic_and_Flow_R1_SR24_Post_3A_CR24879_(September_25_2023)_16.2"
T421	NR1L-ComfortHMI-257	R-C48(amend)	1	0
U421	NR1L-ComfortHMI-257	R-C48(amend)	1	0
W421	NR1L-ComfortHMI-257	R-C48(amend)	1	0
X421	NR1L-ComfortHMI-257	R-C48(amend)	1	0
I422	NR1L-ComfortHMI-258	R-C50+R-C50(amend)	"When the Mode hard control is pressed, if the user is on Climate main the new mode button will be shown highlighted. if the user is not on Climate main when pressing the Mode hard control a small pop -up will appear above the Climate main category control (timeout after 3 seconds of inactivity or as soon as another button except Mode HC is pressed), the user will not be shifted to climate main.

(press the Mode hard control and read the airflow mode -> The airflow mode has moved to the next mode in the loop)"	"If the user is not on Climate main when pressing the Mode hard control a small pop -up will appear above the Climate main category control

(press the Mode hard control and read the airflow mode -> The airflow mode has moved to the next mode in the loop)"
N422	NR1L-ComfortHMI-258	R-C49(amend)	HMI_Comfort_HMI_Logic_and_Flow_R1_SR24_Post_3A_CR24879_(September_25_2023)_16.12.1、16.2、2.14、6.3	"HMI_Comfort_HMI_Logic_and_Flow_R1_SR24_Post_3A_CR24879_(September_25_2023)_16.12.1
HMI_Comfort_HMI_Logic_and_Flow_R1_SR24_Post_3A_CR24879_(September_25_2023)_2.14
HMI_Comfort_HMI_Logic_and_Flow_R1_SR24_Post_3A_CR24879_(September_25_2023)_6.3
HMI_Comfort_HMI_Logic_and_Flow_R1_SR24_Post_3A_CR24879_(September_25_2023)_16.2"
T422	NR1L-ComfortHMI-258	R-C48(amend)	1	0
U422	NR1L-ComfortHMI-258	R-C48(amend)	1	0
W422	NR1L-ComfortHMI-258	R-C48(amend)	1	0
X422	NR1L-ComfortHMI-258	R-C48(amend)	1	0
I423	NR1L-ComfortHMI-259	R-C50+R-C50(amend)	"When the Mode hard control is pressed, if the user is on Climate main the new mode button will be shown highlighted. if the user is not on Climate main when pressing the Mode hard control a small pop -up will appear above the Climate main category control (timeout after 3 seconds of inactivity or as soon as another button except Mode HC is pressed), the user will not be shifted to climate main.

(press the Mode hard control and read the area above the Climate main category control -> A small pop-up is shown above the Climate main category control)"	"If the user is not on Climate main when pressing the Mode hard control a small pop -up will appear above the Climate main category control

(press the Mode hard control and read the area above the Climate main category control -> A small pop-up is shown above the Climate main category control)"
N423	NR1L-ComfortHMI-259	R-C49(amend)	HMI_Comfort_HMI_Logic_and_Flow_R1_SR24_Post_3A_CR24879_(September_25_2023)_16.12.1、16.2、2.14、6.3	"HMI_Comfort_HMI_Logic_and_Flow_R1_SR24_Post_3A_CR24879_(September_25_2023)_16.12.1
HMI_Comfort_HMI_Logic_and_Flow_R1_SR24_Post_3A_CR24879_(September_25_2023)_2.14
HMI_Comfort_HMI_Logic_and_Flow_R1_SR24_Post_3A_CR24879_(September_25_2023)_6.3
HMI_Comfort_HMI_Logic_and_Flow_R1_SR24_Post_3A_CR24879_(September_25_2023)_16.2"
T423	NR1L-ComfortHMI-259	R-C48(amend)	1	0
U423	NR1L-ComfortHMI-259	R-C48(amend)	1	0
W423	NR1L-ComfortHMI-259	R-C48(amend)	1	0
X423	NR1L-ComfortHMI-259	R-C48(amend)	1	0
I424	NR1L-ComfortHMI-260	R-C50+R-C50(amend)	"When the Mode hard control is pressed, if the user is on Climate main the new mode button will be shown highlighted. if the user is not on Climate main when pressing the Mode hard control a small pop -up will appear above the Climate main category control (timeout after 3 seconds of inactivity or as soon as another button except Mode HC is pressed), the user will not be shifted to climate main.

(wait 3 seconds without further interaction -> The pop-up is no longer shown)"	"A small pop -up will appear above the Climate main category control (timeout after 3 seconds of inactivity or as soon as another button except Mode HC is pressed)

(wait 3 seconds without further interaction -> The pop-up is no longer shown)"
N424	NR1L-ComfortHMI-260	R-C49(amend)	HMI_Comfort_HMI_Logic_and_Flow_R1_SR24_Post_3A_CR24879_(September_25_2023)_16.12.1、16.2、2.14、6.3	"HMI_Comfort_HMI_Logic_and_Flow_R1_SR24_Post_3A_CR24879_(September_25_2023)_16.12.1
HMI_Comfort_HMI_Logic_and_Flow_R1_SR24_Post_3A_CR24879_(September_25_2023)_2.14
HMI_Comfort_HMI_Logic_and_Flow_R1_SR24_Post_3A_CR24879_(September_25_2023)_6.3
HMI_Comfort_HMI_Logic_and_Flow_R1_SR24_Post_3A_CR24879_(September_25_2023)_16.2"
T424	NR1L-ComfortHMI-260	R-C48(amend)	1	0
U424	NR1L-ComfortHMI-260	R-C48(amend)	1	0
W424	NR1L-ComfortHMI-260	R-C48(amend)	1	0
X424	NR1L-ComfortHMI-260	R-C48(amend)	1	0
I425	NR1L-ComfortHMI-426	R-C50+R-C50(amend)	"When the Mode hard control is pressed, if the user is on Climate main the new mode button will be shown highlighted. if the user is not on Climate main when pressing the Mode hard control a small pop -up will appear above the Climate main category control (timeout after 3 seconds of inactivity or as soon as another button except Mode HC is pressed), the user will not be shifted to climate main.

(press the fan speed hard control and read the screen -> The pop-up is no longer shown)"	"A small pop -up will appear above the Climate main category control (timeout after 3 seconds of inactivity or as soon as another button except Mode HC is pressed)

(press the fan speed hard control and read the screen -> The pop-up is no longer shown)"
N425	NR1L-ComfortHMI-426	R-C49(amend)	HMI_Comfort_HMI_Logic_and_Flow_R1_SR24_Post_3A_CR24879_(September_25_2023)_16.12.1、16.2、2.14、6.3	"HMI_Comfort_HMI_Logic_and_Flow_R1_SR24_Post_3A_CR24879_(September_25_2023)_16.12.1
HMI_Comfort_HMI_Logic_and_Flow_R1_SR24_Post_3A_CR24879_(September_25_2023)_2.14
HMI_Comfort_HMI_Logic_and_Flow_R1_SR24_Post_3A_CR24879_(September_25_2023)_6.3
HMI_Comfort_HMI_Logic_and_Flow_R1_SR24_Post_3A_CR24879_(September_25_2023)_16.2"
T425	NR1L-ComfortHMI-426	R-C48(amend)	1	0
U425	NR1L-ComfortHMI-426	R-C48(amend)	1	0
W425	NR1L-ComfortHMI-426	R-C48(amend)	1	0
X425	NR1L-ComfortHMI-426	R-C48(amend)	1	0
I426	NR1L-ComfortHMI-261	R-C50+R-C50(amend)	"When the Mode hard control is pressed, if the user is on Climate main the new mode button will be shown highlighted. if the user is not on Climate main when pressing the Mode hard control a small pop -up will appear above the Climate main category control (timeout after 3 seconds of inactivity or as soon as another button except Mode HC is pressed), the user will not be shifted to climate main.

(press the Mode hard control and read the displayed screen -> The displayed screen is the one opened in step 1)"	"A small pop -up will appear above the Climate main category control (timeout after 3 seconds of inactivity or as soon as another button except Mode HC is pressed), the user will not be shifted to climate main.

(press the Mode hard control and read the displayed screen -> The displayed screen is the one opened in step 1)"
N426	NR1L-ComfortHMI-261	R-C49(amend)	HMI_Comfort_HMI_Logic_and_Flow_R1_SR24_Post_3A_CR24879_(September_25_2023)_16.12.1、16.2、2.14、6.3	"HMI_Comfort_HMI_Logic_and_Flow_R1_SR24_Post_3A_CR24879_(September_25_2023)_16.12.1
HMI_Comfort_HMI_Logic_and_Flow_R1_SR24_Post_3A_CR24879_(September_25_2023)_2.14
HMI_Comfort_HMI_Logic_and_Flow_R1_SR24_Post_3A_CR24879_(September_25_2023)_6.3
HMI_Comfort_HMI_Logic_and_Flow_R1_SR24_Post_3A_CR24879_(September_25_2023)_16.2"
T426	NR1L-ComfortHMI-261	R-C48(amend)	1	0
U426	NR1L-ComfortHMI-261	R-C48(amend)	1	0
W426	NR1L-ComfortHMI-261	R-C48(amend)	1	0
X426	NR1L-ComfortHMI-261	R-C48(amend)	1	0
L427	NR1L-ComfortHMI-262	M9-Note	"1. Note the main category label on the climate screen
2. Press the Mode hard control and read the main category label"	"1. Read the main category label on the climate screen and record it
2. Press the Mode hard control and read the main category label"
N427	NR1L-ComfortHMI-262	R-C49(amend)	HMI_Comfort_HMI_Logic_and_Flow_R1_SR24_Post_3A_CR24879_(September_25_2023)_16.12.1、16.2、2.14、6.3	"HMI_Comfort_HMI_Logic_and_Flow_R1_SR24_Post_3A_CR24879_(September_25_2023)_16.12.1
HMI_Comfort_HMI_Logic_and_Flow_R1_SR24_Post_3A_CR24879_(September_25_2023)_2.14
HMI_Comfort_HMI_Logic_and_Flow_R1_SR24_Post_3A_CR24879_(September_25_2023)_6.3
HMI_Comfort_HMI_Logic_and_Flow_R1_SR24_Post_3A_CR24879_(September_25_2023)_16.2"
T427	NR1L-ComfortHMI-262	R-C48(amend)	1	0
U427	NR1L-ComfortHMI-262	R-C48(amend)	1	0
W427	NR1L-ComfortHMI-262	R-C48(amend)	1	0
X427	NR1L-ComfortHMI-262	R-C48(amend)	1	0
N428	NR1L-ComfortHMI-263	R-C49(amend)	HMI_Comfort_HMI_Logic_and_Flow_R1_SR24_Post_3A_CR24879_(September_25_2023)_16.12.1、16.2、2.14、6.3	"HMI_Comfort_HMI_Logic_and_Flow_R1_SR24_Post_3A_CR24879_(September_25_2023)_16.12.1
HMI_Comfort_HMI_Logic_and_Flow_R1_SR24_Post_3A_CR24879_(September_25_2023)_2.14
HMI_Comfort_HMI_Logic_and_Flow_R1_SR24_Post_3A_CR24879_(September_25_2023)_6.3
HMI_Comfort_HMI_Logic_and_Flow_R1_SR24_Post_3A_CR24879_(September_25_2023)_16.2"
T428	NR1L-ComfortHMI-263	R-C48(amend)	1	0
U428	NR1L-ComfortHMI-263	R-C48(amend)	1	0
W428	NR1L-ComfortHMI-263	R-C48(amend)	1	0
X428	NR1L-ComfortHMI-263	R-C48(amend)	1	0
N429	NR1L-ComfortHMI-225	R-C49(amend)	HMI_Comfort_HMI_Logic_and_Flow_R1_SR24_Post_3A_CR24879_(September_25_2023)_16.13、16.2、2.14、6.3	"HMI_Comfort_HMI_Logic_and_Flow_R1_SR24_Post_3A_CR24879_(September_25_2023)_16.13
HMI_Comfort_HMI_Logic_and_Flow_R1_SR24_Post_3A_CR24879_(September_25_2023)_2.14
HMI_Comfort_HMI_Logic_and_Flow_R1_SR24_Post_3A_CR24879_(September_25_2023)_6.3
HMI_Comfort_HMI_Logic_and_Flow_R1_SR24_Post_3A_CR24879_(September_25_2023)_16.2"
T429	NR1L-ComfortHMI-225	R-C48(amend)	1	0
U429	NR1L-ComfortHMI-225	R-C48(amend)	1	0
W429	NR1L-ComfortHMI-225	R-C48(amend)	1	0
X429	NR1L-ComfortHMI-225	R-C48(amend)	1	0
N430	NR1L-ComfortHMI-226	R-C49(amend)	HMI_Comfort_HMI_Logic_and_Flow_R1_SR24_Post_3A_CR24879_(September_25_2023)_16.13、16.2、2.14、6.3	"HMI_Comfort_HMI_Logic_and_Flow_R1_SR24_Post_3A_CR24879_(September_25_2023)_16.13
HMI_Comfort_HMI_Logic_and_Flow_R1_SR24_Post_3A_CR24879_(September_25_2023)_2.14
HMI_Comfort_HMI_Logic_and_Flow_R1_SR24_Post_3A_CR24879_(September_25_2023)_6.3
HMI_Comfort_HMI_Logic_and_Flow_R1_SR24_Post_3A_CR24879_(September_25_2023)_16.2"
T430	NR1L-ComfortHMI-226	R-C48(amend)	1	0
U430	NR1L-ComfortHMI-226	R-C48(amend)	1	0
W430	NR1L-ComfortHMI-226	R-C48(amend)	1	0
X430	NR1L-ComfortHMI-226	R-C48(amend)	1	0
N431	NR1L-ComfortHMI-227	R-C49(amend)	HMI_Comfort_HMI_Logic_and_Flow_R1_SR24_Post_3A_CR24879_(September_25_2023)_16.13、16.2、2.14、6.3	"HMI_Comfort_HMI_Logic_and_Flow_R1_SR24_Post_3A_CR24879_(September_25_2023)_16.13
HMI_Comfort_HMI_Logic_and_Flow_R1_SR24_Post_3A_CR24879_(September_25_2023)_2.14
HMI_Comfort_HMI_Logic_and_Flow_R1_SR24_Post_3A_CR24879_(September_25_2023)_6.3
HMI_Comfort_HMI_Logic_and_Flow_R1_SR24_Post_3A_CR24879_(September_25_2023)_16.2"
T431	NR1L-ComfortHMI-227	R-C48(amend)	1	0
U431	NR1L-ComfortHMI-227	R-C48(amend)	1	0
W431	NR1L-ComfortHMI-227	R-C48(amend)	1	0
X431	NR1L-ComfortHMI-227	R-C48(amend)	1	0
N432	NR1L-ComfortHMI-228	R-C49(amend)	HMI_Comfort_HMI_Logic_and_Flow_R1_SR24_Post_3A_CR24879_(September_25_2023)_16.13、16.2、2.14、6.3	"HMI_Comfort_HMI_Logic_and_Flow_R1_SR24_Post_3A_CR24879_(September_25_2023)_16.13
HMI_Comfort_HMI_Logic_and_Flow_R1_SR24_Post_3A_CR24879_(September_25_2023)_2.14
HMI_Comfort_HMI_Logic_and_Flow_R1_SR24_Post_3A_CR24879_(September_25_2023)_6.3
HMI_Comfort_HMI_Logic_and_Flow_R1_SR24_Post_3A_CR24879_(September_25_2023)_16.2"
T432	NR1L-ComfortHMI-228	R-C48(amend)	1	0
U432	NR1L-ComfortHMI-228	R-C48(amend)	1	0
W432	NR1L-ComfortHMI-228	R-C48(amend)	1	0
X432	NR1L-ComfortHMI-228	R-C48(amend)	1	0
L433	NR1L-ComfortHMI-229	M7	"1. Set RECIRC to open on the climate screen
2. Press ""MAX A/C"" and read the ""RECIRC"" state and its LED"	"1. Set ""RECIRC"" to open on the climate screen
2. Press ""MAX A/C"" and read the ""RECIRC"" state and its LED"
N433	NR1L-ComfortHMI-229	R-C49(amend)	HMI_Comfort_HMI_Logic_and_Flow_R1_SR24_Post_3A_CR24879_(September_25_2023)_16.13、16.2、2.14、6.3	"HMI_Comfort_HMI_Logic_and_Flow_R1_SR24_Post_3A_CR24879_(September_25_2023)_16.13
HMI_Comfort_HMI_Logic_and_Flow_R1_SR24_Post_3A_CR24879_(September_25_2023)_2.14
HMI_Comfort_HMI_Logic_and_Flow_R1_SR24_Post_3A_CR24879_(September_25_2023)_6.3
HMI_Comfort_HMI_Logic_and_Flow_R1_SR24_Post_3A_CR24879_(September_25_2023)_16.2"
T433	NR1L-ComfortHMI-229	R-C48(amend)	1	0
U433	NR1L-ComfortHMI-229	R-C48(amend)	1	0
W433	NR1L-ComfortHMI-229	R-C48(amend)	1	0
X433	NR1L-ComfortHMI-229	R-C48(amend)	1	0
N434	NR1L-ComfortHMI-230	R-C49(amend)	HMI_Comfort_HMI_Logic_and_Flow_R1_SR24_Post_3A_CR24879_(September_25_2023)_16.13、16.2、16.11、2.14、6.3	"HMI_Comfort_HMI_Logic_and_Flow_R1_SR24_Post_3A_CR24879_(September_25_2023)_16.13
HMI_Comfort_HMI_Logic_and_Flow_R1_SR24_Post_3A_CR24879_(September_25_2023)_2.14
HMI_Comfort_HMI_Logic_and_Flow_R1_SR24_Post_3A_CR24879_(September_25_2023)_6.3
HMI_Comfort_HMI_Logic_and_Flow_R1_SR24_Post_3A_CR24879_(September_25_2023)_16.2
HMI_Comfort_HMI_Logic_and_Flow_R1_SR24_Post_3A_CR24879_(September_25_2023)_16.11"
T434	NR1L-ComfortHMI-230	R-C48(amend)	1	0
U434	NR1L-ComfortHMI-230	R-C48(amend)	1	0
W434	NR1L-ComfortHMI-230	R-C48(amend)	1	0
X434	NR1L-ComfortHMI-230	R-C48(amend)	1	0
N435	NR1L-ComfortHMI-231	R-C49(amend)	HMI_Comfort_HMI_Logic_and_Flow_R1_SR24_Post_3A_CR24879_(September_25_2023)_16.13、16.2、2.14、6.3	"HMI_Comfort_HMI_Logic_and_Flow_R1_SR24_Post_3A_CR24879_(September_25_2023)_16.13
HMI_Comfort_HMI_Logic_and_Flow_R1_SR24_Post_3A_CR24879_(September_25_2023)_2.14
HMI_Comfort_HMI_Logic_and_Flow_R1_SR24_Post_3A_CR24879_(September_25_2023)_6.3
HMI_Comfort_HMI_Logic_and_Flow_R1_SR24_Post_3A_CR24879_(September_25_2023)_16.2"
T435	NR1L-ComfortHMI-231	R-C48(amend)	1	0
U435	NR1L-ComfortHMI-231	R-C48(amend)	1	0
W435	NR1L-ComfortHMI-231	R-C48(amend)	1	0
X435	NR1L-ComfortHMI-231	R-C48(amend)	1	0
N436	NR1L-ComfortHMI-232	R-C49(amend)	HMI_Comfort_HMI_Logic_and_Flow_R1_SR24_Post_3A_CR24879_(September_25_2023)_16.13、16.2、2.14、6.3	"HMI_Comfort_HMI_Logic_and_Flow_R1_SR24_Post_3A_CR24879_(September_25_2023)_16.13
HMI_Comfort_HMI_Logic_and_Flow_R1_SR24_Post_3A_CR24879_(September_25_2023)_2.14
HMI_Comfort_HMI_Logic_and_Flow_R1_SR24_Post_3A_CR24879_(September_25_2023)_6.3
HMI_Comfort_HMI_Logic_and_Flow_R1_SR24_Post_3A_CR24879_(September_25_2023)_16.2"
T436	NR1L-ComfortHMI-232	R-C48(amend)	1	0
U436	NR1L-ComfortHMI-232	R-C48(amend)	1	0
W436	NR1L-ComfortHMI-232	R-C48(amend)	1	0
X436	NR1L-ComfortHMI-232	R-C48(amend)	1	0
I437	NR1L-ComfortHMI-427	M7	"Changing temperature, recirculation, mode distribution, or pressing again MAX A/C brakes MAX A/C, (turns MAX A/C off) and the system goes back to the previous manual mode except for the element changed (temperature, or mode, or recirculation) and keeps the A/C on.

(change RECIRC and read the ""MAX A/C"" button -> The ""MAX A/C"" button is no longer highlighted)"	"Changing temperature, recirculation, mode distribution, or pressing again MAX A/C brakes MAX A/C, (turns MAX A/C off) and the system goes back to the previous manual mode except for the element changed (temperature, or mode, or recirculation) and keeps the A/C on.

(change ""RECIRC"" and read the ""MAX A/C"" button -> The ""MAX A/C"" button is no longer highlighted)"
L437	NR1L-ComfortHMI-427	M7	"1. Press ""MAX A/C"" on the climate screen
2. Change RECIRC and read the ""MAX A/C"" button"	"1. Press ""MAX A/C"" on the climate screen
2. Change ""RECIRC"" and read the ""MAX A/C"" button"
N437	NR1L-ComfortHMI-427	R-C49(amend)	HMI_Comfort_HMI_Logic_and_Flow_R1_SR24_Post_3A_CR24879_(September_25_2023)_16.13、16.2、2.14、6.3	"HMI_Comfort_HMI_Logic_and_Flow_R1_SR24_Post_3A_CR24879_(September_25_2023)_16.13
HMI_Comfort_HMI_Logic_and_Flow_R1_SR24_Post_3A_CR24879_(September_25_2023)_2.14
HMI_Comfort_HMI_Logic_and_Flow_R1_SR24_Post_3A_CR24879_(September_25_2023)_6.3
HMI_Comfort_HMI_Logic_and_Flow_R1_SR24_Post_3A_CR24879_(September_25_2023)_16.2"
T437	NR1L-ComfortHMI-427	R-C48(amend)	1	0
U437	NR1L-ComfortHMI-427	R-C48(amend)	1	0
W437	NR1L-ComfortHMI-427	R-C48(amend)	1	0
X437	NR1L-ComfortHMI-427	R-C48(amend)	1	0
N438	NR1L-ComfortHMI-428	R-C49(amend)	HMI_Comfort_HMI_Logic_and_Flow_R1_SR24_Post_3A_CR24879_(September_25_2023)_16.13、16.2、2.14、6.3	"HMI_Comfort_HMI_Logic_and_Flow_R1_SR24_Post_3A_CR24879_(September_25_2023)_16.13
HMI_Comfort_HMI_Logic_and_Flow_R1_SR24_Post_3A_CR24879_(September_25_2023)_2.14
HMI_Comfort_HMI_Logic_and_Flow_R1_SR24_Post_3A_CR24879_(September_25_2023)_6.3
HMI_Comfort_HMI_Logic_and_Flow_R1_SR24_Post_3A_CR24879_(September_25_2023)_16.2"
T438	NR1L-ComfortHMI-428	R-C48(amend)	1	0
U438	NR1L-ComfortHMI-428	R-C48(amend)	1	0
W438	NR1L-ComfortHMI-428	R-C48(amend)	1	0
X438	NR1L-ComfortHMI-428	R-C48(amend)	1	0
N439	NR1L-ComfortHMI-429	R-C49(amend)	HMI_Comfort_HMI_Logic_and_Flow_R1_SR24_Post_3A_CR24879_(September_25_2023)_16.13、16.2、2.14、6.3	"HMI_Comfort_HMI_Logic_and_Flow_R1_SR24_Post_3A_CR24879_(September_25_2023)_16.13
HMI_Comfort_HMI_Logic_and_Flow_R1_SR24_Post_3A_CR24879_(September_25_2023)_2.14
HMI_Comfort_HMI_Logic_and_Flow_R1_SR24_Post_3A_CR24879_(September_25_2023)_6.3
HMI_Comfort_HMI_Logic_and_Flow_R1_SR24_Post_3A_CR24879_(September_25_2023)_16.2"
T439	NR1L-ComfortHMI-429	R-C48(amend)	1	0
U439	NR1L-ComfortHMI-429	R-C48(amend)	1	0
W439	NR1L-ComfortHMI-429	R-C48(amend)	1	0
X439	NR1L-ComfortHMI-429	R-C48(amend)	1	0
L440	NR1L-ComfortHMI-233	M9-compound	"1. Set a known airflow mode and temperature, then press ""MAX A/C""
2. Change the temperature and read the airflow mode and the ""A/C"" button"	"1. Set a known airflow mode and temperature
2. Press ""MAX A/C""
3. Change the temperature and read the airflow mode and the ""A/C"" button"
M440	NR1L-ComfortHMI-233	M9-compound	"1. The ""MAX A/C"" button is highlighted
2. The airflow mode is the one set in step 1, the temperature is the one just changed to, and ""A/C"" is highlighted"	"1. The climate screen shows the airflow mode and temperature set
2. The ""MAX A/C"" button is highlighted
3. The airflow mode is the one set in step 1, the temperature is the one just changed to, and ""A/C"" is highlighted"
N440	NR1L-ComfortHMI-233	R-C49(amend)	HMI_Comfort_HMI_Logic_and_Flow_R1_SR24_Post_3A_CR24879_(September_25_2023)_16.13、16.2、2.14、6.3	"HMI_Comfort_HMI_Logic_and_Flow_R1_SR24_Post_3A_CR24879_(September_25_2023)_16.13
HMI_Comfort_HMI_Logic_and_Flow_R1_SR24_Post_3A_CR24879_(September_25_2023)_2.14
HMI_Comfort_HMI_Logic_and_Flow_R1_SR24_Post_3A_CR24879_(September_25_2023)_6.3
HMI_Comfort_HMI_Logic_and_Flow_R1_SR24_Post_3A_CR24879_(September_25_2023)_16.2"
T440	NR1L-ComfortHMI-233	R-C48(amend)	1	0
U440	NR1L-ComfortHMI-233	R-C48(amend)	1	0
W440	NR1L-ComfortHMI-233	R-C48(amend)	1	0
X440	NR1L-ComfortHMI-233	R-C48(amend)	1	0
L441	NR1L-ComfortHMI-234	M9-compound	"1. Set a known airflow mode, then press ""MAX A/C""
2. Press ""A/C"" and read the ""MAX A/C"" button, the airflow mode and the ""A/C"" button"	"1. Set a known airflow mode
2. Press ""MAX A/C""
3. Press ""A/C"" and read the ""MAX A/C"" button, the airflow mode and the ""A/C"" button"
M441	NR1L-ComfortHMI-234	M9-compound	"1. The ""MAX A/C"" button is highlighted
2. ""MAX A/C"" is no longer highlighted, the airflow mode is the one set in step 1, and ""A/C"" is not highlighted"	"1. The selected airflow mode is active
2. The ""MAX A/C"" button is highlighted
3. ""MAX A/C"" is no longer highlighted, the airflow mode is the one set in step 1, and ""A/C"" is not highlighted"
N441	NR1L-ComfortHMI-234	R-C49(amend)	HMI_Comfort_HMI_Logic_and_Flow_R1_SR24_Post_3A_CR24879_(September_25_2023)_16.13、16.2、2.14、6.3	"HMI_Comfort_HMI_Logic_and_Flow_R1_SR24_Post_3A_CR24879_(September_25_2023)_16.13
HMI_Comfort_HMI_Logic_and_Flow_R1_SR24_Post_3A_CR24879_(September_25_2023)_2.14
HMI_Comfort_HMI_Logic_and_Flow_R1_SR24_Post_3A_CR24879_(September_25_2023)_6.3
HMI_Comfort_HMI_Logic_and_Flow_R1_SR24_Post_3A_CR24879_(September_25_2023)_16.2"
T441	NR1L-ComfortHMI-234	R-C48(amend)	1	0
U441	NR1L-ComfortHMI-234	R-C48(amend)	1	0
W441	NR1L-ComfortHMI-234	R-C48(amend)	1	0
X441	NR1L-ComfortHMI-234	R-C48(amend)	1	0
N442	NR1L-ComfortHMI-235	R-C49(amend)	HMI_Comfort_HMI_Logic_and_Flow_R1_SR24_Post_3A_CR24879_(September_25_2023)_16.13、16.2、2.14、6.3	"HMI_Comfort_HMI_Logic_and_Flow_R1_SR24_Post_3A_CR24879_(September_25_2023)_16.13
HMI_Comfort_HMI_Logic_and_Flow_R1_SR24_Post_3A_CR24879_(September_25_2023)_2.14
HMI_Comfort_HMI_Logic_and_Flow_R1_SR24_Post_3A_CR24879_(September_25_2023)_6.3
HMI_Comfort_HMI_Logic_and_Flow_R1_SR24_Post_3A_CR24879_(September_25_2023)_16.2"
T442	NR1L-ComfortHMI-235	R-C48(amend)	1	0
U442	NR1L-ComfortHMI-235	R-C48(amend)	1	0
W442	NR1L-ComfortHMI-235	R-C48(amend)	1	0
X442	NR1L-ComfortHMI-235	R-C48(amend)	1	0
N443	NR1L-ComfortHMI-236	R-C49(amend)	HMI_Comfort_HMI_Logic_and_Flow_R1_SR24_Post_3A_CR24879_(September_25_2023)_16.13、16.2、3.2、2.14、6.3	"HMI_Comfort_HMI_Logic_and_Flow_R1_SR24_Post_3A_CR24879_(September_25_2023)_16.13
HMI_Comfort_HMI_Logic_and_Flow_R1_SR24_Post_3A_CR24879_(September_25_2023)_2.14
HMI_Comfort_HMI_Logic_and_Flow_R1_SR24_Post_3A_CR24879_(September_25_2023)_3.2
HMI_Comfort_HMI_Logic_and_Flow_R1_SR24_Post_3A_CR24879_(September_25_2023)_6.3
HMI_Comfort_HMI_Logic_and_Flow_R1_SR24_Post_3A_CR24879_(September_25_2023)_16.2"
T443	NR1L-ComfortHMI-236	R-C48(amend)	1	0
U443	NR1L-ComfortHMI-236	R-C48(amend)	1	0
W443	NR1L-ComfortHMI-236	R-C48(amend)	1	0
X443	NR1L-ComfortHMI-236	R-C48(amend)	1	0
N444	NR1L-ComfortHMI-091	R-C49(amend)	HMI_Comfort_HMI_Logic_and_Flow_R1_SR24_Post_3A_CR24879_(September_25_2023)_16.14、16.2、2.14、6.3	"HMI_Comfort_HMI_Logic_and_Flow_R1_SR24_Post_3A_CR24879_(September_25_2023)_16.14
HMI_Comfort_HMI_Logic_and_Flow_R1_SR24_Post_3A_CR24879_(September_25_2023)_2.14
HMI_Comfort_HMI_Logic_and_Flow_R1_SR24_Post_3A_CR24879_(September_25_2023)_6.3
HMI_Comfort_HMI_Logic_and_Flow_R1_SR24_Post_3A_CR24879_(September_25_2023)_16.2"
T444	NR1L-ComfortHMI-091	R-C48(amend)	1	0
U444	NR1L-ComfortHMI-091	R-C48(amend)	1	0
W444	NR1L-ComfortHMI-091	R-C48(amend)	1	0
X444	NR1L-ComfortHMI-091	R-C48(amend)	1	0
N445	NR1L-ComfortHMI-092	R-C49(amend)	HMI_Comfort_HMI_Logic_and_Flow_R1_SR24_Post_3A_CR24879_(September_25_2023)_16.14、16.2、2.14、6.3	"HMI_Comfort_HMI_Logic_and_Flow_R1_SR24_Post_3A_CR24879_(September_25_2023)_16.14
HMI_Comfort_HMI_Logic_and_Flow_R1_SR24_Post_3A_CR24879_(September_25_2023)_2.14
HMI_Comfort_HMI_Logic_and_Flow_R1_SR24_Post_3A_CR24879_(September_25_2023)_6.3
HMI_Comfort_HMI_Logic_and_Flow_R1_SR24_Post_3A_CR24879_(September_25_2023)_16.2"
T445	NR1L-ComfortHMI-092	R-C48(amend)	1	0
U445	NR1L-ComfortHMI-092	R-C48(amend)	1	0
W445	NR1L-ComfortHMI-092	R-C48(amend)	1	0
X445	NR1L-ComfortHMI-092	R-C48(amend)	1	0
N446	NR1L-ComfortHMI-093	R-C49(amend)	HMI_Comfort_HMI_Logic_and_Flow_R1_SR24_Post_3A_CR24879_(September_25_2023)_16.14、16.2、2.14、6.3	"HMI_Comfort_HMI_Logic_and_Flow_R1_SR24_Post_3A_CR24879_(September_25_2023)_16.14
HMI_Comfort_HMI_Logic_and_Flow_R1_SR24_Post_3A_CR24879_(September_25_2023)_2.14
HMI_Comfort_HMI_Logic_and_Flow_R1_SR24_Post_3A_CR24879_(September_25_2023)_6.3
HMI_Comfort_HMI_Logic_and_Flow_R1_SR24_Post_3A_CR24879_(September_25_2023)_16.2"
T446	NR1L-ComfortHMI-093	R-C48(amend)	1	0
U446	NR1L-ComfortHMI-093	R-C48(amend)	1	0
W446	NR1L-ComfortHMI-093	R-C48(amend)	1	0
X446	NR1L-ComfortHMI-093	R-C48(amend)	1	0
N447	NR1L-ComfortHMI-264	R-C49(amend)	HMI_Comfort_HMI_Logic_and_Flow_R1_SR24_Post_3A_CR24879_(September_25_2023)_16.15、16.2、2.14、6.3	"HMI_Comfort_HMI_Logic_and_Flow_R1_SR24_Post_3A_CR24879_(September_25_2023)_16.15
HMI_Comfort_HMI_Logic_and_Flow_R1_SR24_Post_3A_CR24879_(September_25_2023)_2.14
HMI_Comfort_HMI_Logic_and_Flow_R1_SR24_Post_3A_CR24879_(September_25_2023)_6.3
HMI_Comfort_HMI_Logic_and_Flow_R1_SR24_Post_3A_CR24879_(September_25_2023)_16.2"
T447	NR1L-ComfortHMI-264	R-C48(amend)	1	0
U447	NR1L-ComfortHMI-264	R-C48(amend)	1	0
W447	NR1L-ComfortHMI-264	R-C48(amend)	1	0
X447	NR1L-ComfortHMI-264	R-C48(amend)	1	0
L448	NR1L-ComfortHMI-265	M7	"1. Turn the exterior rear-view mirror defrost on
2. Turn AUTO on and read the exterior rear-view mirror defrost state
3. Turn the climate system off and read the exterior rear-view mirror defrost state"	"1. Turn the exterior rear-view mirror defrost on
2. Turn ""AUTO"" on and read the exterior rear-view mirror defrost state
3. Turn the climate system off and read the exterior rear-view mirror defrost state"
N448	NR1L-ComfortHMI-265	R-C49(amend)	HMI_Comfort_HMI_Logic_and_Flow_R1_SR24_Post_3A_CR24879_(September_25_2023)_16.15、16.2、2.14、6.3	"HMI_Comfort_HMI_Logic_and_Flow_R1_SR24_Post_3A_CR24879_(September_25_2023)_16.15
HMI_Comfort_HMI_Logic_and_Flow_R1_SR24_Post_3A_CR24879_(September_25_2023)_2.14
HMI_Comfort_HMI_Logic_and_Flow_R1_SR24_Post_3A_CR24879_(September_25_2023)_6.3
HMI_Comfort_HMI_Logic_and_Flow_R1_SR24_Post_3A_CR24879_(September_25_2023)_16.2"
T448	NR1L-ComfortHMI-265	R-C48(amend)	1	0
U448	NR1L-ComfortHMI-265	R-C48(amend)	1	0
W448	NR1L-ComfortHMI-265	R-C48(amend)	1	0
X448	NR1L-ComfortHMI-265	R-C48(amend)	1	0
N449	NR1L-ComfortHMI-094	R-C49(amend)	HMI_Comfort_HMI_Logic_and_Flow_R1_SR24_Post_3A_CR24879_(September_25_2023)_16.16、16.2、6.3	"HMI_Comfort_HMI_Logic_and_Flow_R1_SR24_Post_3A_CR24879_(September_25_2023)_16.16
HMI_Comfort_HMI_Logic_and_Flow_R1_SR24_Post_3A_CR24879_(September_25_2023)_6.3
HMI_Comfort_HMI_Logic_and_Flow_R1_SR24_Post_3A_CR24879_(September_25_2023)_16.2"
T449	NR1L-ComfortHMI-094	R-C48(amend)	1	0
U449	NR1L-ComfortHMI-094	R-C48(amend)	1	0
W449	NR1L-ComfortHMI-094	R-C48(amend)	1	0
X449	NR1L-ComfortHMI-094	R-C48(amend)	1	0
N450	NR1L-ComfortHMI-462	R-C49(amend)	HMI_Comfort_HMI_Logic_and_Flow_R1_SR24_Post_3A_CR24879_(September_25_2023)_16.16、16.2、6.3	"HMI_Comfort_HMI_Logic_and_Flow_R1_SR24_Post_3A_CR24879_(September_25_2023)_16.16
HMI_Comfort_HMI_Logic_and_Flow_R1_SR24_Post_3A_CR24879_(September_25_2023)_6.3
HMI_Comfort_HMI_Logic_and_Flow_R1_SR24_Post_3A_CR24879_(September_25_2023)_16.2"
T450	NR1L-ComfortHMI-462	R-C48(amend)	1	0
U450	NR1L-ComfortHMI-462	R-C48(amend)	1	0
W450	NR1L-ComfortHMI-462	R-C48(amend)	1	0
X450	NR1L-ComfortHMI-462	R-C48(amend)	1	0
AH450	NR1L-ComfortHMI-462	R-C61		The clause makes the seat off icon depend on the system configuration and refers the reader to the Climate section, but no cited section gives the configuration-to-icon mapping, so the icon expected on this vehicle cannot be determined from the specification alone
N451	NR1L-ComfortHMI-095	R-C49(amend)	HMI_Comfort_HMI_Logic_and_Flow_R1_SR24_Post_3A_CR24879_(September_25_2023)_16.16、16.2、6.3	"HMI_Comfort_HMI_Logic_and_Flow_R1_SR24_Post_3A_CR24879_(September_25_2023)_16.16
HMI_Comfort_HMI_Logic_and_Flow_R1_SR24_Post_3A_CR24879_(September_25_2023)_6.3
HMI_Comfort_HMI_Logic_and_Flow_R1_SR24_Post_3A_CR24879_(September_25_2023)_16.2"
T451	NR1L-ComfortHMI-095	R-C48(amend)	1	0
U451	NR1L-ComfortHMI-095	R-C48(amend)	1	0
W451	NR1L-ComfortHMI-095	R-C48(amend)	1	0
X451	NR1L-ComfortHMI-095	R-C48(amend)	1	0
N452	NR1L-ComfortHMI-096	R-C49(amend)	HMI_Comfort_HMI_Logic_and_Flow_R1_SR24_Post_3A_CR24879_(September_25_2023)_16.16、16.2、6.3	"HMI_Comfort_HMI_Logic_and_Flow_R1_SR24_Post_3A_CR24879_(September_25_2023)_16.16
HMI_Comfort_HMI_Logic_and_Flow_R1_SR24_Post_3A_CR24879_(September_25_2023)_6.3
HMI_Comfort_HMI_Logic_and_Flow_R1_SR24_Post_3A_CR24879_(September_25_2023)_16.2"
T452	NR1L-ComfortHMI-096	R-C48(amend)	1	0
U452	NR1L-ComfortHMI-096	R-C48(amend)	1	0
W452	NR1L-ComfortHMI-096	R-C48(amend)	1	0
X452	NR1L-ComfortHMI-096	R-C48(amend)	1	0
L453	NR1L-ComfortHMI-097	M9-compound	"1. Turn one seat control on and another seat control off, then leave the controls screen
2. Enter the controls screen"	"1. Turn one seat control on and another seat control off
2. Leave the controls screen
3. Enter the controls screen"
M453	NR1L-ComfortHMI-097	M9-compound	"1. The controls screen is no longer displayed
2. The controls screen shows one seat control active and the other inactive"	"1. The controls screen shows one seat control active and the other inactive
2. The controls screen is no longer displayed
3. The controls screen shows one seat control active and the other inactive"
N453	NR1L-ComfortHMI-097	R-C49(amend)	HMI_Comfort_HMI_Logic_and_Flow_R1_SR24_Post_3A_CR24879_(September_25_2023)_16.16、16.2、6.3	"HMI_Comfort_HMI_Logic_and_Flow_R1_SR24_Post_3A_CR24879_(September_25_2023)_16.16
HMI_Comfort_HMI_Logic_and_Flow_R1_SR24_Post_3A_CR24879_(September_25_2023)_6.3
HMI_Comfort_HMI_Logic_and_Flow_R1_SR24_Post_3A_CR24879_(September_25_2023)_16.2"
T453	NR1L-ComfortHMI-097	R-C48(amend)	1	0
U453	NR1L-ComfortHMI-097	R-C48(amend)	1	0
W453	NR1L-ComfortHMI-097	R-C48(amend)	1	0
X453	NR1L-ComfortHMI-097	R-C48(amend)	1	0
N454	NR1L-ComfortHMI-114	R-C49(amend)	HMI_Comfort_HMI_Logic_and_Flow_R1_SR24_Post_3A_CR24879_(September_25_2023)_16.17、16.2、2.14、6.3	"HMI_Comfort_HMI_Logic_and_Flow_R1_SR24_Post_3A_CR24879_(September_25_2023)_16.17
HMI_Comfort_HMI_Logic_and_Flow_R1_SR24_Post_3A_CR24879_(September_25_2023)_2.14
HMI_Comfort_HMI_Logic_and_Flow_R1_SR24_Post_3A_CR24879_(September_25_2023)_6.3
HMI_Comfort_HMI_Logic_and_Flow_R1_SR24_Post_3A_CR24879_(September_25_2023)_16.2"
T454	NR1L-ComfortHMI-114	R-C48(amend)	1	0
U454	NR1L-ComfortHMI-114	R-C48(amend)	1	0
W454	NR1L-ComfortHMI-114	R-C48(amend)	1	0
X454	NR1L-ComfortHMI-114	R-C48(amend)	1	0
N455	NR1L-ComfortHMI-115	R-C49(amend)	HMI_Comfort_HMI_Logic_and_Flow_R1_SR24_Post_3A_CR24879_(September_25_2023)_17.1、17.3、2.14、16.2、6.3	"HMI_Comfort_HMI_Logic_and_Flow_R1_SR24_Post_3A_CR24879_(September_25_2023)_17.1
HMI_Comfort_HMI_Logic_and_Flow_R1_SR24_Post_3A_CR24879_(September_25_2023)_2.14
HMI_Comfort_HMI_Logic_and_Flow_R1_SR24_Post_3A_CR24879_(September_25_2023)_6.3
HMI_Comfort_HMI_Logic_and_Flow_R1_SR24_Post_3A_CR24879_(September_25_2023)_16.2
HMI_Comfort_HMI_Logic_and_Flow_R1_SR24_Post_3A_CR24879_(September_25_2023)_17.3"
T455	NR1L-ComfortHMI-115	R-C48(amend)	1	0
U455	NR1L-ComfortHMI-115	R-C48(amend)	1	0
W455	NR1L-ComfortHMI-115	R-C48(amend)	1	0
X455	NR1L-ComfortHMI-115	R-C48(amend)	1	0
N456	NR1L-ComfortHMI-116	R-C49(amend)	HMI_Comfort_HMI_Logic_and_Flow_R1_SR24_Post_3A_CR24879_(September_25_2023)_17.1、2.14、16.2、6.3	"HMI_Comfort_HMI_Logic_and_Flow_R1_SR24_Post_3A_CR24879_(September_25_2023)_17.1
HMI_Comfort_HMI_Logic_and_Flow_R1_SR24_Post_3A_CR24879_(September_25_2023)_2.14
HMI_Comfort_HMI_Logic_and_Flow_R1_SR24_Post_3A_CR24879_(September_25_2023)_6.3
HMI_Comfort_HMI_Logic_and_Flow_R1_SR24_Post_3A_CR24879_(September_25_2023)_16.2"
T456	NR1L-ComfortHMI-116	R-C48(amend)	1	0
U456	NR1L-ComfortHMI-116	R-C48(amend)	1	0
W456	NR1L-ComfortHMI-116	R-C48(amend)	1	0
X456	NR1L-ComfortHMI-116	R-C48(amend)	1	0
N457	NR1L-ComfortHMI-117	R-C49(amend)	HMI_Comfort_HMI_Logic_and_Flow_R1_SR24_Post_3A_CR24879_(September_25_2023)_17.1、17.3、2.14、16.2、6.3	"HMI_Comfort_HMI_Logic_and_Flow_R1_SR24_Post_3A_CR24879_(September_25_2023)_17.1
HMI_Comfort_HMI_Logic_and_Flow_R1_SR24_Post_3A_CR24879_(September_25_2023)_2.14
HMI_Comfort_HMI_Logic_and_Flow_R1_SR24_Post_3A_CR24879_(September_25_2023)_6.3
HMI_Comfort_HMI_Logic_and_Flow_R1_SR24_Post_3A_CR24879_(September_25_2023)_16.2
HMI_Comfort_HMI_Logic_and_Flow_R1_SR24_Post_3A_CR24879_(September_25_2023)_17.3"
T457	NR1L-ComfortHMI-117	R-C48(amend)	1	0
U457	NR1L-ComfortHMI-117	R-C48(amend)	1	0
W457	NR1L-ComfortHMI-117	R-C48(amend)	1	0
X457	NR1L-ComfortHMI-117	R-C48(amend)	1	0
L458	NR1L-ComfortHMI-118	M9-compound	"1. Move the Comfort widget to its second screen and leave the home screen
2. Open the home screen"	"1. Move the Comfort widget to its second screen
2. Leave the home screen
3. Open the home screen"
M458	NR1L-ComfortHMI-118	M9-compound	"1. The home screen is no longer displayed
2. The Comfort widget shows the Climate screen"	"1. The Comfort widget shows its second screen
2. The home screen is no longer displayed
3. The Comfort widget shows the Climate screen"
N458	NR1L-ComfortHMI-118	R-C49(amend)	HMI_Comfort_HMI_Logic_and_Flow_R1_SR24_Post_3A_CR24879_(September_25_2023)_17.2、17.1、2.14、16.2、6.3	"HMI_Comfort_HMI_Logic_and_Flow_R1_SR24_Post_3A_CR24879_(September_25_2023)_17.2
HMI_Comfort_HMI_Logic_and_Flow_R1_SR24_Post_3A_CR24879_(September_25_2023)_2.14
HMI_Comfort_HMI_Logic_and_Flow_R1_SR24_Post_3A_CR24879_(September_25_2023)_6.3
HMI_Comfort_HMI_Logic_and_Flow_R1_SR24_Post_3A_CR24879_(September_25_2023)_16.2
HMI_Comfort_HMI_Logic_and_Flow_R1_SR24_Post_3A_CR24879_(September_25_2023)_17.1"
T458	NR1L-ComfortHMI-118	R-C48(amend)	1	0
U458	NR1L-ComfortHMI-118	R-C48(amend)	1	0
W458	NR1L-ComfortHMI-118	R-C48(amend)	1	0
X458	NR1L-ComfortHMI-118	R-C48(amend)	1	0
N459	NR1L-ComfortHMI-119	R-C49(amend)	HMI_Comfort_HMI_Logic_and_Flow_R1_SR24_Post_3A_CR24879_(September_25_2023)_17.2、2.13、2.11、17.1、2.14、16.2、6.3	"HMI_Comfort_HMI_Logic_and_Flow_R1_SR24_Post_3A_CR24879_(September_25_2023)_17.2
HMI_Comfort_HMI_Logic_and_Flow_R1_SR24_Post_3A_CR24879_(September_25_2023)_2.11
HMI_Comfort_HMI_Logic_and_Flow_R1_SR24_Post_3A_CR24879_(September_25_2023)_2.13
HMI_Comfort_HMI_Logic_and_Flow_R1_SR24_Post_3A_CR24879_(September_25_2023)_2.14
HMI_Comfort_HMI_Logic_and_Flow_R1_SR24_Post_3A_CR24879_(September_25_2023)_6.3
HMI_Comfort_HMI_Logic_and_Flow_R1_SR24_Post_3A_CR24879_(September_25_2023)_16.2
HMI_Comfort_HMI_Logic_and_Flow_R1_SR24_Post_3A_CR24879_(September_25_2023)_17.1"
T459	NR1L-ComfortHMI-119	R-C48(amend)	1	0
U459	NR1L-ComfortHMI-119	R-C48(amend)	1	0
W459	NR1L-ComfortHMI-119	R-C48(amend)	1	0
X459	NR1L-ComfortHMI-119	R-C48(amend)	1	0
N460	NR1L-ComfortHMI-120	R-C49(amend)	HMI_Comfort_HMI_Logic_and_Flow_R1_SR24_Post_3A_CR24879_(September_25_2023)_17.2、17.1、2.14、16.2、6.3	"HMI_Comfort_HMI_Logic_and_Flow_R1_SR24_Post_3A_CR24879_(September_25_2023)_17.2
HMI_Comfort_HMI_Logic_and_Flow_R1_SR24_Post_3A_CR24879_(September_25_2023)_2.14
HMI_Comfort_HMI_Logic_and_Flow_R1_SR24_Post_3A_CR24879_(September_25_2023)_6.3
HMI_Comfort_HMI_Logic_and_Flow_R1_SR24_Post_3A_CR24879_(September_25_2023)_16.2
HMI_Comfort_HMI_Logic_and_Flow_R1_SR24_Post_3A_CR24879_(September_25_2023)_17.1"
T460	NR1L-ComfortHMI-120	R-C48(amend)	1	0
U460	NR1L-ComfortHMI-120	R-C48(amend)	1	0
W460	NR1L-ComfortHMI-120	R-C48(amend)	1	0
X460	NR1L-ComfortHMI-120	R-C48(amend)	1	0
N461	NR1L-ComfortHMI-121	R-C49(amend)	HMI_Comfort_HMI_Logic_and_Flow_R1_SR24_Post_3A_CR24879_(September_25_2023)_17.2、17.1、2.14、16.2、6.3	"HMI_Comfort_HMI_Logic_and_Flow_R1_SR24_Post_3A_CR24879_(September_25_2023)_17.2
HMI_Comfort_HMI_Logic_and_Flow_R1_SR24_Post_3A_CR24879_(September_25_2023)_2.14
HMI_Comfort_HMI_Logic_and_Flow_R1_SR24_Post_3A_CR24879_(September_25_2023)_6.3
HMI_Comfort_HMI_Logic_and_Flow_R1_SR24_Post_3A_CR24879_(September_25_2023)_16.2
HMI_Comfort_HMI_Logic_and_Flow_R1_SR24_Post_3A_CR24879_(September_25_2023)_17.1"
T461	NR1L-ComfortHMI-121	R-C48(amend)	1	0
U461	NR1L-ComfortHMI-121	R-C48(amend)	1	0
W461	NR1L-ComfortHMI-121	R-C48(amend)	1	0
X461	NR1L-ComfortHMI-121	R-C48(amend)	1	0
N462	NR1L-ComfortHMI-122	R-C49(amend)	HMI_Comfort_HMI_Logic_and_Flow_R1_SR24_Post_3A_CR24879_(September_25_2023)_17.2、2.11、17.1、2.14、16.2、6.3	"HMI_Comfort_HMI_Logic_and_Flow_R1_SR24_Post_3A_CR24879_(September_25_2023)_17.2
HMI_Comfort_HMI_Logic_and_Flow_R1_SR24_Post_3A_CR24879_(September_25_2023)_2.11
HMI_Comfort_HMI_Logic_and_Flow_R1_SR24_Post_3A_CR24879_(September_25_2023)_2.14
HMI_Comfort_HMI_Logic_and_Flow_R1_SR24_Post_3A_CR24879_(September_25_2023)_6.3
HMI_Comfort_HMI_Logic_and_Flow_R1_SR24_Post_3A_CR24879_(September_25_2023)_16.2
HMI_Comfort_HMI_Logic_and_Flow_R1_SR24_Post_3A_CR24879_(September_25_2023)_17.1"
T462	NR1L-ComfortHMI-122	R-C48(amend)	1	0
U462	NR1L-ComfortHMI-122	R-C48(amend)	1	0
W462	NR1L-ComfortHMI-122	R-C48(amend)	1	0
X462	NR1L-ComfortHMI-122	R-C48(amend)	1	0
N463	NR1L-ComfortHMI-123	R-C49(amend)	HMI_Comfort_HMI_Logic_and_Flow_R1_SR24_Post_3A_CR24879_(September_25_2023)_17.2、2.13、17.1、2.14、16.2、6.3	"HMI_Comfort_HMI_Logic_and_Flow_R1_SR24_Post_3A_CR24879_(September_25_2023)_17.2
HMI_Comfort_HMI_Logic_and_Flow_R1_SR24_Post_3A_CR24879_(September_25_2023)_2.13
HMI_Comfort_HMI_Logic_and_Flow_R1_SR24_Post_3A_CR24879_(September_25_2023)_2.14
HMI_Comfort_HMI_Logic_and_Flow_R1_SR24_Post_3A_CR24879_(September_25_2023)_6.3
HMI_Comfort_HMI_Logic_and_Flow_R1_SR24_Post_3A_CR24879_(September_25_2023)_16.2
HMI_Comfort_HMI_Logic_and_Flow_R1_SR24_Post_3A_CR24879_(September_25_2023)_17.1"
T463	NR1L-ComfortHMI-123	R-C48(amend)	1	0
U463	NR1L-ComfortHMI-123	R-C48(amend)	1	0
W463	NR1L-ComfortHMI-123	R-C48(amend)	1	0
X463	NR1L-ComfortHMI-123	R-C48(amend)	1	0
N464	NR1L-ComfortHMI-124	R-C49(amend)	HMI_Comfort_HMI_Logic_and_Flow_R1_SR24_Post_3A_CR24879_(September_25_2023)_17.2、17.1、2.14、16.2、6.3	"HMI_Comfort_HMI_Logic_and_Flow_R1_SR24_Post_3A_CR24879_(September_25_2023)_17.2
HMI_Comfort_HMI_Logic_and_Flow_R1_SR24_Post_3A_CR24879_(September_25_2023)_2.14
HMI_Comfort_HMI_Logic_and_Flow_R1_SR24_Post_3A_CR24879_(September_25_2023)_6.3
HMI_Comfort_HMI_Logic_and_Flow_R1_SR24_Post_3A_CR24879_(September_25_2023)_16.2
HMI_Comfort_HMI_Logic_and_Flow_R1_SR24_Post_3A_CR24879_(September_25_2023)_17.1"
T464	NR1L-ComfortHMI-124	R-C48(amend)	1	0
U464	NR1L-ComfortHMI-124	R-C48(amend)	1	0
W464	NR1L-ComfortHMI-124	R-C48(amend)	1	0
X464	NR1L-ComfortHMI-124	R-C48(amend)	1	0
N465	NR1L-ComfortHMI-361	R-C49(amend)	HMI_Comfort_HMI_Logic_and_Flow_R1_SR24_Post_3A_CR24879_(September_25_2023)_17.2、17.1、2.14、16.2、6.3	"HMI_Comfort_HMI_Logic_and_Flow_R1_SR24_Post_3A_CR24879_(September_25_2023)_17.2
HMI_Comfort_HMI_Logic_and_Flow_R1_SR24_Post_3A_CR24879_(September_25_2023)_2.14
HMI_Comfort_HMI_Logic_and_Flow_R1_SR24_Post_3A_CR24879_(September_25_2023)_6.3
HMI_Comfort_HMI_Logic_and_Flow_R1_SR24_Post_3A_CR24879_(September_25_2023)_16.2
HMI_Comfort_HMI_Logic_and_Flow_R1_SR24_Post_3A_CR24879_(September_25_2023)_17.1"
T465	NR1L-ComfortHMI-361	R-C48(amend)	1	0
U465	NR1L-ComfortHMI-361	R-C48(amend)	1	0
W465	NR1L-ComfortHMI-361	R-C48(amend)	1	0
X465	NR1L-ComfortHMI-361	R-C48(amend)	1	0
N466	NR1L-ComfortHMI-125	R-C49(amend)	HMI_Comfort_HMI_Logic_and_Flow_R1_SR24_Post_3A_CR24879_(September_25_2023)_17.3、17.1、2.14、16.2、6.3	"HMI_Comfort_HMI_Logic_and_Flow_R1_SR24_Post_3A_CR24879_(September_25_2023)_17.3
HMI_Comfort_HMI_Logic_and_Flow_R1_SR24_Post_3A_CR24879_(September_25_2023)_2.14
HMI_Comfort_HMI_Logic_and_Flow_R1_SR24_Post_3A_CR24879_(September_25_2023)_6.3
HMI_Comfort_HMI_Logic_and_Flow_R1_SR24_Post_3A_CR24879_(September_25_2023)_16.2
HMI_Comfort_HMI_Logic_and_Flow_R1_SR24_Post_3A_CR24879_(September_25_2023)_17.1"
T466	NR1L-ComfortHMI-125	R-C48(amend)	1	0
U466	NR1L-ComfortHMI-125	R-C48(amend)	1	0
W466	NR1L-ComfortHMI-125	R-C48(amend)	1	0
X466	NR1L-ComfortHMI-125	R-C48(amend)	1	0
N467	NR1L-ComfortHMI-362	R-C49(amend)	HMI_Comfort_HMI_Logic_and_Flow_R1_SR24_Post_3A_CR24879_(September_25_2023)_17.3、17.1、2.14、16.2、6.3	"HMI_Comfort_HMI_Logic_and_Flow_R1_SR24_Post_3A_CR24879_(September_25_2023)_17.3
HMI_Comfort_HMI_Logic_and_Flow_R1_SR24_Post_3A_CR24879_(September_25_2023)_2.14
HMI_Comfort_HMI_Logic_and_Flow_R1_SR24_Post_3A_CR24879_(September_25_2023)_6.3
HMI_Comfort_HMI_Logic_and_Flow_R1_SR24_Post_3A_CR24879_(September_25_2023)_16.2
HMI_Comfort_HMI_Logic_and_Flow_R1_SR24_Post_3A_CR24879_(September_25_2023)_17.1"
T467	NR1L-ComfortHMI-362	R-C48(amend)	1	0
U467	NR1L-ComfortHMI-362	R-C48(amend)	1	0
W467	NR1L-ComfortHMI-362	R-C48(amend)	1	0
X467	NR1L-ComfortHMI-362	R-C48(amend)	1	0
N468	NR1L-ComfortHMI-126	R-C49(amend)	HMI_Comfort_HMI_Logic_and_Flow_R1_SR24_Post_3A_CR24879_(September_25_2023)_17.3、17.1、2.14、16.2、6.3	"HMI_Comfort_HMI_Logic_and_Flow_R1_SR24_Post_3A_CR24879_(September_25_2023)_17.3
HMI_Comfort_HMI_Logic_and_Flow_R1_SR24_Post_3A_CR24879_(September_25_2023)_2.14
HMI_Comfort_HMI_Logic_and_Flow_R1_SR24_Post_3A_CR24879_(September_25_2023)_6.3
HMI_Comfort_HMI_Logic_and_Flow_R1_SR24_Post_3A_CR24879_(September_25_2023)_16.2
HMI_Comfort_HMI_Logic_and_Flow_R1_SR24_Post_3A_CR24879_(September_25_2023)_17.1"
T468	NR1L-ComfortHMI-126	R-C48(amend)	1	0
U468	NR1L-ComfortHMI-126	R-C48(amend)	1	0
W468	NR1L-ComfortHMI-126	R-C48(amend)	1	0
X468	NR1L-ComfortHMI-126	R-C48(amend)	1	0
N469	NR1L-ComfortHMI-378	R-C49(amend)	HMI_Comfort_HMI_Logic_and_Flow_R1_SR24_Post_3A_CR24879_(September_25_2023)_17.4、17.1、2.14、16.2、6.3	"HMI_Comfort_HMI_Logic_and_Flow_R1_SR24_Post_3A_CR24879_(September_25_2023)_17.4
HMI_Comfort_HMI_Logic_and_Flow_R1_SR24_Post_3A_CR24879_(September_25_2023)_2.14
HMI_Comfort_HMI_Logic_and_Flow_R1_SR24_Post_3A_CR24879_(September_25_2023)_6.3
HMI_Comfort_HMI_Logic_and_Flow_R1_SR24_Post_3A_CR24879_(September_25_2023)_16.2
HMI_Comfort_HMI_Logic_and_Flow_R1_SR24_Post_3A_CR24879_(September_25_2023)_17.1"
T469	NR1L-ComfortHMI-378	R-C48(amend)	1	0
U469	NR1L-ComfortHMI-378	R-C48(amend)	1	0
W469	NR1L-ComfortHMI-378	R-C48(amend)	1	0
X469	NR1L-ComfortHMI-378	R-C48(amend)	1	0
N470	NR1L-ComfortHMI-379	R-C49(amend)	HMI_Comfort_HMI_Logic_and_Flow_R1_SR24_Post_3A_CR24879_(September_25_2023)_17.4、17.1、2.14、16.2、6.3	"HMI_Comfort_HMI_Logic_and_Flow_R1_SR24_Post_3A_CR24879_(September_25_2023)_17.4
HMI_Comfort_HMI_Logic_and_Flow_R1_SR24_Post_3A_CR24879_(September_25_2023)_2.14
HMI_Comfort_HMI_Logic_and_Flow_R1_SR24_Post_3A_CR24879_(September_25_2023)_6.3
HMI_Comfort_HMI_Logic_and_Flow_R1_SR24_Post_3A_CR24879_(September_25_2023)_16.2
HMI_Comfort_HMI_Logic_and_Flow_R1_SR24_Post_3A_CR24879_(September_25_2023)_17.1"
T470	NR1L-ComfortHMI-379	R-C48(amend)	1	0
U470	NR1L-ComfortHMI-379	R-C48(amend)	1	0
W470	NR1L-ComfortHMI-379	R-C48(amend)	1	0
X470	NR1L-ComfortHMI-379	R-C48(amend)	1	0
N471	NR1L-ComfortHMI-380	R-C49(amend)	HMI_Comfort_HMI_Logic_and_Flow_R1_SR24_Post_3A_CR24879_(September_25_2023)_17.5、17.1、2.14、16.2、6.3	"HMI_Comfort_HMI_Logic_and_Flow_R1_SR24_Post_3A_CR24879_(September_25_2023)_17.5
HMI_Comfort_HMI_Logic_and_Flow_R1_SR24_Post_3A_CR24879_(September_25_2023)_2.14
HMI_Comfort_HMI_Logic_and_Flow_R1_SR24_Post_3A_CR24879_(September_25_2023)_6.3
HMI_Comfort_HMI_Logic_and_Flow_R1_SR24_Post_3A_CR24879_(September_25_2023)_16.2
HMI_Comfort_HMI_Logic_and_Flow_R1_SR24_Post_3A_CR24879_(September_25_2023)_17.1"
T471	NR1L-ComfortHMI-380	R-C48(amend)	1	0
U471	NR1L-ComfortHMI-380	R-C48(amend)	1	0
W471	NR1L-ComfortHMI-380	R-C48(amend)	1	0
X471	NR1L-ComfortHMI-380	R-C48(amend)	1	0
N472	NR1L-ComfortHMI-381	R-C49(amend)	HMI_Comfort_HMI_Logic_and_Flow_R1_SR24_Post_3A_CR24879_(September_25_2023)_17.5、17.1、2.14、16.2、6.3	"HMI_Comfort_HMI_Logic_and_Flow_R1_SR24_Post_3A_CR24879_(September_25_2023)_17.5
HMI_Comfort_HMI_Logic_and_Flow_R1_SR24_Post_3A_CR24879_(September_25_2023)_2.14
HMI_Comfort_HMI_Logic_and_Flow_R1_SR24_Post_3A_CR24879_(September_25_2023)_6.3
HMI_Comfort_HMI_Logic_and_Flow_R1_SR24_Post_3A_CR24879_(September_25_2023)_16.2
HMI_Comfort_HMI_Logic_and_Flow_R1_SR24_Post_3A_CR24879_(September_25_2023)_17.1"
T472	NR1L-ComfortHMI-381	R-C48(amend)	1	0
U472	NR1L-ComfortHMI-381	R-C48(amend)	1	0
W472	NR1L-ComfortHMI-381	R-C48(amend)	1	0
X472	NR1L-ComfortHMI-381	R-C48(amend)	1	0
N473	NR1L-ComfortHMI-463	R-C49(amend)	HMI_Comfort_HMI_Logic_and_Flow_R1_SR24_Post_3A_CR24879_(September_25_2023)_18.1、17.3、2.14、16.2、6.3	"HMI_Comfort_HMI_Logic_and_Flow_R1_SR24_Post_3A_CR24879_(September_25_2023)_18.1
HMI_Comfort_HMI_Logic_and_Flow_R1_SR24_Post_3A_CR24879_(September_25_2023)_2.14
HMI_Comfort_HMI_Logic_and_Flow_R1_SR24_Post_3A_CR24879_(September_25_2023)_6.3
HMI_Comfort_HMI_Logic_and_Flow_R1_SR24_Post_3A_CR24879_(September_25_2023)_16.2
HMI_Comfort_HMI_Logic_and_Flow_R1_SR24_Post_3A_CR24879_(September_25_2023)_17.3"
T473	NR1L-ComfortHMI-463	R-C48(amend)	1	0
U473	NR1L-ComfortHMI-463	R-C48(amend)	1	0
W473	NR1L-ComfortHMI-463	R-C48(amend)	1	0
X473	NR1L-ComfortHMI-463	R-C48(amend)	1	0
N474	NR1L-ComfortHMI-464	R-C49(amend)	HMI_Comfort_HMI_Logic_and_Flow_R1_SR24_Post_3A_CR24879_(September_25_2023)_18.1、2.14、16.2、6.3	"HMI_Comfort_HMI_Logic_and_Flow_R1_SR24_Post_3A_CR24879_(September_25_2023)_18.1
HMI_Comfort_HMI_Logic_and_Flow_R1_SR24_Post_3A_CR24879_(September_25_2023)_2.14
HMI_Comfort_HMI_Logic_and_Flow_R1_SR24_Post_3A_CR24879_(September_25_2023)_6.3
HMI_Comfort_HMI_Logic_and_Flow_R1_SR24_Post_3A_CR24879_(September_25_2023)_16.2"
T474	NR1L-ComfortHMI-464	R-C48(amend)	1	0
U474	NR1L-ComfortHMI-464	R-C48(amend)	1	0
W474	NR1L-ComfortHMI-464	R-C48(amend)	1	0
X474	NR1L-ComfortHMI-464	R-C48(amend)	1	0
N475	NR1L-ComfortHMI-465	R-C49(amend)	HMI_Comfort_HMI_Logic_and_Flow_R1_SR24_Post_3A_CR24879_(September_25_2023)_18.1、17.3、2.14、16.2、6.3	"HMI_Comfort_HMI_Logic_and_Flow_R1_SR24_Post_3A_CR24879_(September_25_2023)_18.1
HMI_Comfort_HMI_Logic_and_Flow_R1_SR24_Post_3A_CR24879_(September_25_2023)_2.14
HMI_Comfort_HMI_Logic_and_Flow_R1_SR24_Post_3A_CR24879_(September_25_2023)_6.3
HMI_Comfort_HMI_Logic_and_Flow_R1_SR24_Post_3A_CR24879_(September_25_2023)_16.2
HMI_Comfort_HMI_Logic_and_Flow_R1_SR24_Post_3A_CR24879_(September_25_2023)_17.3"
T475	NR1L-ComfortHMI-465	R-C48(amend)	1	0
U475	NR1L-ComfortHMI-465	R-C48(amend)	1	0
W475	NR1L-ComfortHMI-465	R-C48(amend)	1	0
X475	NR1L-ComfortHMI-465	R-C48(amend)	1	0
C476	NR1L-ComfortHMI-467	§3 sibling		NRL-434152
D476	NR1L-ComfortHMI-467	§3 sibling		SWE1-HVAC-003-07
F476	NR1L-ComfortHMI-467	§3 sibling		NR1L-ComfortHMI-467
G476	NR1L-ComfortHMI-467	§3 sibling		Climate Control Interface
H476	NR1L-ComfortHMI-467	§3 sibling		Climate Modes
I476	NR1L-ComfortHMI-467	§3 sibling		"When breaking Auto the system will go to the manual mode that most closely matches the auto mode exited, unless a specific mode button is pressed, in which case the system would go to that mode.

(press ""A/C"" -> The ""AUTO"" button is no longer highlighted and the system is in the manual mode that most closely matches the exited AUTO mode)"
J476	NR1L-ComfortHMI-467	§3 sibling		"1. The vehicle has an ATC climate system, in which AUTO is shown
2. The vehicle does not have 3 knob HVAC controls with ICS, for which no HVAC screens or pop ups are displayed
3. The vehicle is not an EMEA ICS vehicle, whose climate interface is specified separately in chapter 16
4. The vehicle is not configured with a non-foldable secondary lower screen containing comfort information, for which the comfort section is removed from the head unit"
K476	NR1L-ComfortHMI-467	§3 sibling		NA
L476	NR1L-ComfortHMI-467	§3 sibling		"1. Turn ""AUTO"" on from the climate screen
2. Press ""A/C"""
M476	NR1L-ComfortHMI-467	§3 sibling		"1. The ""AUTO"" button is highlighted
2. The ""AUTO"" button is no longer highlighted and the system is in the manual mode that most closely matches the exited AUTO mode"
N476	NR1L-ComfortHMI-467	§3 sibling		"HMI_Comfort_HMI_Logic_and_Flow_R1_SR24_Post_3A_CR24879_(September_25_2023)_2.3
HMI_Comfort_HMI_Logic_and_Flow_R1_SR24_Post_3A_CR24879_(September_25_2023)_2.14
HMI_Comfort_HMI_Logic_and_Flow_R1_SR24_Post_3A_CR24879_(September_25_2023)_6.3
HMI_Comfort_HMI_Logic_and_Flow_R1_SR24_Post_3A_CR24879_(September_25_2023)_16.2"
O476	NR1L-ComfortHMI-467	§3 sibling		NEW
P476	NR1L-ComfortHMI-467	§3 sibling		P0
R476	NR1L-ComfortHMI-467	§3 sibling		功能測試 (Functional based ; no specific technique)
S476	NR1L-ComfortHMI-467	§3 sibling		NA
T476	NR1L-ComfortHMI-467	§3 sibling		0
U476	NR1L-ComfortHMI-467	§3 sibling		0
V476	NR1L-ComfortHMI-467	§3 sibling		1
W476	NR1L-ComfortHMI-467	§3 sibling		0
X476	NR1L-ComfortHMI-467	§3 sibling		0
Y476	NR1L-ComfortHMI-467	§3 sibling		1
Z476	NR1L-ComfortHMI-467	§3 sibling		1
AA476	NR1L-ComfortHMI-467	§3 sibling		PeiPYHsu
AH476	NR1L-ComfortHMI-467	§3 sibling		The specification does not name which manual mode the system enters when AUTO is broken by pressing A/C, so the mode reached after this step cannot be determined from the specification alone
C477	NR1L-ComfortHMI-468	§3 sibling		NRL-434152
D477	NR1L-ComfortHMI-468	§3 sibling		SWE1-HVAC-003-07
F477	NR1L-ComfortHMI-468	§3 sibling		NR1L-ComfortHMI-468
G477	NR1L-ComfortHMI-468	§3 sibling		Climate Control Interface
H477	NR1L-ComfortHMI-468	§3 sibling		Climate Modes
I477	NR1L-ComfortHMI-468	§3 sibling		"When breaking Auto the system will go to the manual mode that most closely matches the auto mode exited, unless a specific mode button is pressed, in which case the system would go to that mode.

(change the fan speed -> The ""AUTO"" button is no longer highlighted and the system is in the manual mode that most closely matches the exited AUTO mode)"
J477	NR1L-ComfortHMI-468	§3 sibling		"1. The vehicle has an ATC climate system, in which AUTO is shown
2. The vehicle does not have 3 knob HVAC controls with ICS, for which no HVAC screens or pop ups are displayed
3. The vehicle is not an EMEA ICS vehicle, whose climate interface is specified separately in chapter 16
4. The vehicle is not configured with a non-foldable secondary lower screen containing comfort information, for which the comfort section is removed from the head unit"
K477	NR1L-ComfortHMI-468	§3 sibling		NA
L477	NR1L-ComfortHMI-468	§3 sibling		"1. Turn ""AUTO"" on from the climate screen
2. Change the fan speed"
M477	NR1L-ComfortHMI-468	§3 sibling		"1. The ""AUTO"" button is highlighted
2. The ""AUTO"" button is no longer highlighted and the system is in the manual mode that most closely matches the exited AUTO mode"
N477	NR1L-ComfortHMI-468	§3 sibling		"HMI_Comfort_HMI_Logic_and_Flow_R1_SR24_Post_3A_CR24879_(September_25_2023)_2.3
HMI_Comfort_HMI_Logic_and_Flow_R1_SR24_Post_3A_CR24879_(September_25_2023)_2.14
HMI_Comfort_HMI_Logic_and_Flow_R1_SR24_Post_3A_CR24879_(September_25_2023)_6.3
HMI_Comfort_HMI_Logic_and_Flow_R1_SR24_Post_3A_CR24879_(September_25_2023)_16.2"
O477	NR1L-ComfortHMI-468	§3 sibling		NEW
P477	NR1L-ComfortHMI-468	§3 sibling		P0
R477	NR1L-ComfortHMI-468	§3 sibling		功能測試 (Functional based ; no specific technique)
S477	NR1L-ComfortHMI-468	§3 sibling		NA
T477	NR1L-ComfortHMI-468	§3 sibling		0
U477	NR1L-ComfortHMI-468	§3 sibling		0
V477	NR1L-ComfortHMI-468	§3 sibling		1
W477	NR1L-ComfortHMI-468	§3 sibling		0
X477	NR1L-ComfortHMI-468	§3 sibling		0
Y477	NR1L-ComfortHMI-468	§3 sibling		1
Z477	NR1L-ComfortHMI-468	§3 sibling		1
AA477	NR1L-ComfortHMI-468	§3 sibling		PeiPYHsu
AH477	NR1L-ComfortHMI-468	§3 sibling		The specification does not name which manual mode the system enters when AUTO is broken by changing the fan speed, so the mode reached after this step cannot be determined from the specification alone
C478	NR1L-ComfortHMI-469	§3 sibling		NRL-434181
D478	NR1L-ComfortHMI-469	§3 sibling		SWE1-HVAC-009-04
F478	NR1L-ComfortHMI-469	§3 sibling		NR1L-ComfortHMI-469
G478	NR1L-ComfortHMI-469	§3 sibling		Climate Control Interface
H478	NR1L-ComfortHMI-469	§3 sibling		Temperature and Fan
I478	NR1L-ComfortHMI-469	§3 sibling		"Change temperature on climate screen by using arrows (move 1 increment up/down per press, long press = fast move or slider (TEMP pop-up next to slider when touching it so that finger does not cover number).

(long-press the temperature up arrow on the climate screen -> The temperature changes with a fast move)"
J478	NR1L-ComfortHMI-469	§3 sibling		"1. The climate screen provides temperature arrows
2. The vehicle does not have 3 knob HVAC controls with ICS, for which no HVAC screens or pop ups are displayed
3. The vehicle is not an EMEA ICS vehicle, whose climate interface is specified separately in chapter 16"
K478	NR1L-ComfortHMI-469	§3 sibling		NA
L478	NR1L-ComfortHMI-469	§3 sibling		"1. Read the temperature shown on the climate screen and record it
2. Long-press the temperature up arrow on the climate screen"
M478	NR1L-ComfortHMI-469	§3 sibling		"1. The climate screen shows the current temperature
2. The temperature changes with a fast move"
N478	NR1L-ComfortHMI-469	§3 sibling		"HMI_Comfort_HMI_Logic_and_Flow_R1_SR24_Post_3A_CR24879_(September_25_2023)_2.6.1
HMI_Comfort_HMI_Logic_and_Flow_R1_SR24_Post_3A_CR24879_(September_25_2023)_2.14
HMI_Comfort_HMI_Logic_and_Flow_R1_SR24_Post_3A_CR24879_(September_25_2023)_16.2"
O478	NR1L-ComfortHMI-469	§3 sibling		NEW
P478	NR1L-ComfortHMI-469	§3 sibling		P0
R478	NR1L-ComfortHMI-469	§3 sibling		功能測試 (Functional based ; no specific technique)
S478	NR1L-ComfortHMI-469	§3 sibling		NA
T478	NR1L-ComfortHMI-469	§3 sibling		0
U478	NR1L-ComfortHMI-469	§3 sibling		0
V478	NR1L-ComfortHMI-469	§3 sibling		1
W478	NR1L-ComfortHMI-469	§3 sibling		0
X478	NR1L-ComfortHMI-469	§3 sibling		0
Y478	NR1L-ComfortHMI-469	§3 sibling		1
Z478	NR1L-ComfortHMI-469	§3 sibling		1
AA478	NR1L-ComfortHMI-469	§3 sibling		PeiPYHsu
C479	NR1L-ComfortHMI-470	§3 sibling		NRL-434187
D479	NR1L-ComfortHMI-470	§3 sibling		SWE1-HVAC-010-03
F479	NR1L-ComfortHMI-470	§3 sibling		NR1L-ComfortHMI-470
G479	NR1L-ComfortHMI-470	§3 sibling		Climate Control Interface
H479	NR1L-ComfortHMI-470	§3 sibling		Temperature and Fan
I479	NR1L-ComfortHMI-470	§3 sibling		"When on climate screen, user can either use Fan up/down (minus/plus) buttons, directly touch a fan segment to jump or slide, or use Hard Control.

(change the fan speed using the fan speed hard control -> The fan speed follows the hard control)"
J479	NR1L-ComfortHMI-470	§3 sibling		"1. The vehicle has a fan speed hard control
2. The vehicle does not have 3 knob HVAC controls with ICS, for which no HVAC screens or pop ups are displayed
3. The vehicle is not an EMEA ICS vehicle, whose climate interface is specified separately in chapter 16"
K479	NR1L-ComfortHMI-470	§3 sibling		NA
L479	NR1L-ComfortHMI-470	§3 sibling		"1. Read the fan speed shown on the climate screen and record it
2. Change the fan speed using the fan speed hard control"
M479	NR1L-ComfortHMI-470	§3 sibling		"1. The climate screen shows the current fan speed
2. The fan speed follows the hard control"
N479	NR1L-ComfortHMI-470	§3 sibling		"HMI_Comfort_HMI_Logic_and_Flow_R1_SR24_Post_3A_CR24879_(September_25_2023)_2.7
HMI_Comfort_HMI_Logic_and_Flow_R1_SR24_Post_3A_CR24879_(September_25_2023)_2.14
HMI_Comfort_HMI_Logic_and_Flow_R1_SR24_Post_3A_CR24879_(September_25_2023)_16.2"
O479	NR1L-ComfortHMI-470	§3 sibling		NEW
P479	NR1L-ComfortHMI-470	§3 sibling		P0
R479	NR1L-ComfortHMI-470	§3 sibling		功能測試 (Functional based ; no specific technique)
S479	NR1L-ComfortHMI-470	§3 sibling		NA
T479	NR1L-ComfortHMI-470	§3 sibling		0
U479	NR1L-ComfortHMI-470	§3 sibling		0
V479	NR1L-ComfortHMI-470	§3 sibling		1
W479	NR1L-ComfortHMI-470	§3 sibling		0
X479	NR1L-ComfortHMI-470	§3 sibling		0
Y479	NR1L-ComfortHMI-470	§3 sibling		1
Z479	NR1L-ComfortHMI-470	§3 sibling		1
AA479	NR1L-ComfortHMI-470	§3 sibling		PeiPYHsu
C480	NR1L-ComfortHMI-471	§3 sibling		NRL-434214
D480	NR1L-ComfortHMI-471	§3 sibling		SWE1-HVAC-015-04
F480	NR1L-ComfortHMI-471	§3 sibling		NR1L-ComfortHMI-471
G480	NR1L-ComfortHMI-471	§3 sibling		Climate Control Interface
H480	NR1L-ComfortHMI-471	§3 sibling		Climate Modes
I480	NR1L-ComfortHMI-471	§3 sibling		"Adjusting Fan speed and Mode will alter the Front and Rear passengers.

(change the fan speed from the climate screen -> The fan speed changes for the front and the rear passengers)"
J480	NR1L-ComfortHMI-471	§3 sibling		"1. The vehicle is not a single zone climate configuration, for which Sync is not shown
2. The below requirements shall be implemented when the PROXI parameter $Rear_HVAC_cfg$ = [Present] — the vehicle is equipped with rear climate (CFTS043 NEWR1L-53677)
3. The vehicle does not have 3 knob HVAC controls with ICS, for which no HVAC screens or pop ups are displayed
4. The vehicle is not an EMEA ICS vehicle, whose climate interface is specified separately in chapter 16
5. The vehicle is not configured with a non-foldable secondary lower screen containing comfort information, for which the comfort section is removed from the head unit"
K480	NR1L-ComfortHMI-471	§3 sibling		NA
L480	NR1L-ComfortHMI-471	§3 sibling		"1. Turn ""SYNC"" on from the climate screen
2. Change the fan speed from the climate screen"
M480	NR1L-ComfortHMI-471	§3 sibling		"1. The ""SYNC"" button is highlighted
2. The fan speed changes for the front and the rear passengers"
N480	NR1L-ComfortHMI-471	§3 sibling		"CFTS043-HVAC Controls and Displays_Tree view_R1L-R scope_NEWR1L-53677
HMI_Comfort_HMI_Logic_and_Flow_R1_SR24_Post_3A_CR24879_(September_25_2023)_2.11
HMI_Comfort_HMI_Logic_and_Flow_R1_SR24_Post_3A_CR24879_(September_25_2023)_2.14
HMI_Comfort_HMI_Logic_and_Flow_R1_SR24_Post_3A_CR24879_(September_25_2023)_6.3
HMI_Comfort_HMI_Logic_and_Flow_R1_SR24_Post_3A_CR24879_(September_25_2023)_16.2"
O480	NR1L-ComfortHMI-471	§3 sibling		NEW
P480	NR1L-ComfortHMI-471	§3 sibling		P0
R480	NR1L-ComfortHMI-471	§3 sibling		功能測試 (Functional based ; no specific technique)
S480	NR1L-ComfortHMI-471	§3 sibling		NA
T480	NR1L-ComfortHMI-471	§3 sibling		0
U480	NR1L-ComfortHMI-471	§3 sibling		0
V480	NR1L-ComfortHMI-471	§3 sibling		1
W480	NR1L-ComfortHMI-471	§3 sibling		0
X480	NR1L-ComfortHMI-471	§3 sibling		0
Y480	NR1L-ComfortHMI-471	§3 sibling		1
Z480	NR1L-ComfortHMI-471	§3 sibling		1
AA480	NR1L-ComfortHMI-471	§3 sibling		PeiPYHsu
C481	NR1L-ComfortHMI-472	§3 sibling		NRL-434228
D481	NR1L-ComfortHMI-472	§3 sibling		SWE1-HVAC-018-05
F481	NR1L-ComfortHMI-472	§3 sibling		NR1L-ComfortHMI-472
G481	NR1L-ComfortHMI-472	§3 sibling		Climate Control Interface
H481	NR1L-ComfortHMI-472	§3 sibling		Airflow and Defrost
I481	NR1L-ComfortHMI-472	§3 sibling		"In both cases the main category label will be updated.

(press the Mode hard control while on the Climate main screen and read the main category label -> The main category label shows the new airflow mode)"
J481	NR1L-ComfortHMI-472	§3 sibling		"1. The vehicle is configured with the four airflow modes the clause lists — Face, Face plus Feet, Feet and Feet plus Windshield
2. The vehicle has a Mode hard control
3. The vehicle does not have 3 knob HVAC controls with ICS, for which no HVAC screens or pop ups are displayed
4. The vehicle is not an EMEA ICS vehicle, whose climate interface is specified separately in chapter 16
5. The vehicle is not configured with a non-foldable secondary lower screen containing comfort information, for which the comfort section is removed from the head unit"
K481	NR1L-ComfortHMI-472	§3 sibling		NA
L481	NR1L-ComfortHMI-472	§3 sibling		"1. Open the Climate main screen
2. Press the Mode hard control while on the Climate main screen and read the main category label"
M481	NR1L-ComfortHMI-472	§3 sibling		"1. The Climate main screen is displayed
2. The main category label shows the new airflow mode"
N481	NR1L-ComfortHMI-472	§3 sibling		"HMI_Comfort_HMI_Logic_and_Flow_R1_SR24_Post_3A_CR24879_(September_25_2023)_2.12.2
HMI_Comfort_HMI_Logic_and_Flow_R1_SR24_Post_3A_CR24879_(September_25_2023)_2.12
HMI_Comfort_HMI_Logic_and_Flow_R1_SR24_Post_3A_CR24879_(September_25_2023)_2.14
HMI_Comfort_HMI_Logic_and_Flow_R1_SR24_Post_3A_CR24879_(September_25_2023)_6.3
HMI_Comfort_HMI_Logic_and_Flow_R1_SR24_Post_3A_CR24879_(September_25_2023)_16.2"
O481	NR1L-ComfortHMI-472	§3 sibling		NEW
P481	NR1L-ComfortHMI-472	§3 sibling		P1
R481	NR1L-ComfortHMI-472	§3 sibling		功能測試 (Functional based ; no specific technique)
S481	NR1L-ComfortHMI-472	§3 sibling		NA
T481	NR1L-ComfortHMI-472	§3 sibling		0
U481	NR1L-ComfortHMI-472	§3 sibling		0
V481	NR1L-ComfortHMI-472	§3 sibling		1
W481	NR1L-ComfortHMI-472	§3 sibling		0
X481	NR1L-ComfortHMI-472	§3 sibling		0
Y481	NR1L-ComfortHMI-472	§3 sibling		1
Z481	NR1L-ComfortHMI-472	§3 sibling		1
AA481	NR1L-ComfortHMI-472	§3 sibling		PeiPYHsu
C482	NR1L-ComfortHMI-473	§3 sibling		NRL-434428
D482	NR1L-ComfortHMI-473	§3 sibling		SWE1-HVAC-080-01
F482	NR1L-ComfortHMI-473	§3 sibling		NR1L-ComfortHMI-473
G482	NR1L-ComfortHMI-473	§3 sibling		Climate Control Interface
H482	NR1L-ComfortHMI-473	§3 sibling		Seat Control Tab
I482	NR1L-ComfortHMI-473	§3 sibling		"LS3.) The user will be able to long press on the hard button (-, +) or on the touch screen itself to initiate fast increases/decreases.

(release ""+"" on the touch screen -> The lumbar/bolster stops increasing)"
J482	NR1L-ComfortHMI-473	§3 sibling		"1. The vehicle is equipped with a lower screen that provides seat controls
2. The Seats tab is open and the lumbar/bolster level is away from both its minimum and its maximum"
K482	NR1L-ComfortHMI-473	§3 sibling		NA
L482	NR1L-ComfortHMI-473	§3 sibling		"1. Record the lumbar/bolster state shown before the adjustment
2. Long press ""+"" on the Seats tab of the touch screen
3. Release ""+"" on the touch screen"
M482	NR1L-ComfortHMI-473	§3 sibling		"1. The lumbar/bolster state before the adjustment is shown
2. The lumbar/bolster increases faster than it does for a single short press
3. The lumbar/bolster stops increasing"
N482	NR1L-ComfortHMI-473	§3 sibling		HMI_Comfort_HMI_Logic_and_Flow_R1_SR24_Post_3A_CR24879_(September_25_2023)_13.4
O482	NR1L-ComfortHMI-473	§3 sibling		NEW
P482	NR1L-ComfortHMI-473	§3 sibling		P0
R482	NR1L-ComfortHMI-473	§3 sibling		功能測試 (Functional based ; no specific technique)
S482	NR1L-ComfortHMI-473	§3 sibling		NA
T482	NR1L-ComfortHMI-473	§3 sibling		0
U482	NR1L-ComfortHMI-473	§3 sibling		0
V482	NR1L-ComfortHMI-473	§3 sibling		1
W482	NR1L-ComfortHMI-473	§3 sibling		0
X482	NR1L-ComfortHMI-473	§3 sibling		0
Y482	NR1L-ComfortHMI-473	§3 sibling		1
Z482	NR1L-ComfortHMI-473	§3 sibling		1
AA482	NR1L-ComfortHMI-473	§3 sibling		PeiPYHsu
C483	NR1L-ComfortHMI-474	§3 sibling		NRL-434523
D483	NR1L-ComfortHMI-474	§3 sibling		SWE1-HVAC-111-04
F483	NR1L-ComfortHMI-474	§3 sibling		NR1L-ComfortHMI-474
G483	NR1L-ComfortHMI-474	§3 sibling		Climate Control Interface
H483	NR1L-ComfortHMI-474	§3 sibling		ICS Temperature and Fan
I483	NR1L-ComfortHMI-474	§3 sibling		"Change temperature on climate screen by using arrows (move 1 increment up/ down per press, long press = fast move or slider (TEMP pop-up next to slider when touching it so that finger does not cover number).

(press and hold the temperature up arrow on the climate screen -> The temperature moves up by more than 1 increment while the press is held)"
J483	NR1L-ComfortHMI-474	§3 sibling		"1. The vehicle is an EMEA ICS vehicle, whose climate interface is specified in chapter 16
2. The vehicle does not have 3 knob HVAC controls with ICS, for which no HVAC screens or pop ups are displayed
3. The vehicle is not configured with a non-foldable secondary lower screen containing comfort information, for which the comfort section is removed from the head unit"
K483	NR1L-ComfortHMI-474	§3 sibling		NA
L483	NR1L-ComfortHMI-474	§3 sibling		"1. Read the temperature shown on the climate screen and record it
2. Press and hold the temperature up arrow on the climate screen"
M483	NR1L-ComfortHMI-474	§3 sibling		"1. The climate screen shows the current temperature
2. The temperature moves up by more than 1 increment while the press is held"
N483	NR1L-ComfortHMI-474	§3 sibling		"HMI_Comfort_HMI_Logic_and_Flow_R1_SR24_Post_3A_CR24879_(September_25_2023)_16.6.1
HMI_Comfort_HMI_Logic_and_Flow_R1_SR24_Post_3A_CR24879_(September_25_2023)_2.14
HMI_Comfort_HMI_Logic_and_Flow_R1_SR24_Post_3A_CR24879_(September_25_2023)_6.3
HMI_Comfort_HMI_Logic_and_Flow_R1_SR24_Post_3A_CR24879_(September_25_2023)_16.2"
O483	NR1L-ComfortHMI-474	§3 sibling		NEW
P483	NR1L-ComfortHMI-474	§3 sibling		P1
R483	NR1L-ComfortHMI-474	§3 sibling		功能測試 (Functional based ; no specific technique)
S483	NR1L-ComfortHMI-474	§3 sibling		NA
T483	NR1L-ComfortHMI-474	§3 sibling		0
U483	NR1L-ComfortHMI-474	§3 sibling		0
V483	NR1L-ComfortHMI-474	§3 sibling		1
W483	NR1L-ComfortHMI-474	§3 sibling		0
X483	NR1L-ComfortHMI-474	§3 sibling		0
Y483	NR1L-ComfortHMI-474	§3 sibling		1
Z483	NR1L-ComfortHMI-474	§3 sibling		1
AA483	NR1L-ComfortHMI-474	§3 sibling		PeiPYHsu
C484	NR1L-ComfortHMI-475	§3 sibling		NRL-434151
D484	NR1L-ComfortHMI-475	§3 sibling		SWE1-HVAC-003-06
F484	NR1L-ComfortHMI-475	§3 sibling		NR1L-ComfortHMI-475
G484	NR1L-ComfortHMI-475	§3 sibling		Climate Control Interface
H484	NR1L-ComfortHMI-475	§3 sibling		Climate Modes
I484	NR1L-ComfortHMI-475	§3 sibling		"Manually selecting A/C, switching to another airflow mode (including front defrost), or changing fan speeds breaks Auto.

(turn ""FRONT DEF"" on -> The ""AUTO"" button is no longer highlighted)"
J484	NR1L-ComfortHMI-475	§3 sibling		"1. The vehicle has an ATC climate system, in which AUTO is shown
2. The vehicle does not have 3 knob HVAC controls with ICS, for which no HVAC screens or pop ups are displayed
3. The vehicle is not an EMEA ICS vehicle, whose climate interface is specified separately in chapter 16
4. The vehicle is not configured with a non-foldable secondary lower screen containing comfort information, for which the comfort section is removed from the head unit"
K484	NR1L-ComfortHMI-475	§3 sibling		NA
L484	NR1L-ComfortHMI-475	§3 sibling		"1. Turn ""AUTO"" on from the climate screen
2. Turn ""FRONT DEF"" on"
M484	NR1L-ComfortHMI-475	§3 sibling		"1. The ""AUTO"" button is highlighted
2. The ""AUTO"" button is no longer highlighted"
N484	NR1L-ComfortHMI-475	§3 sibling		"HMI_Comfort_HMI_Logic_and_Flow_R1_SR24_Post_3A_CR24879_(September_25_2023)_2.3
HMI_Comfort_HMI_Logic_and_Flow_R1_SR24_Post_3A_CR24879_(September_25_2023)_2.14
HMI_Comfort_HMI_Logic_and_Flow_R1_SR24_Post_3A_CR24879_(September_25_2023)_6.3
HMI_Comfort_HMI_Logic_and_Flow_R1_SR24_Post_3A_CR24879_(September_25_2023)_16.2"
O484	NR1L-ComfortHMI-475	§3 sibling		NEW
P484	NR1L-ComfortHMI-475	§3 sibling		P0
R484	NR1L-ComfortHMI-475	§3 sibling		功能測試 (Functional based ; no specific technique)
S484	NR1L-ComfortHMI-475	§3 sibling		NA
T484	NR1L-ComfortHMI-475	§3 sibling		0
U484	NR1L-ComfortHMI-475	§3 sibling		0
V484	NR1L-ComfortHMI-475	§3 sibling		1
W484	NR1L-ComfortHMI-475	§3 sibling		0
X484	NR1L-ComfortHMI-475	§3 sibling		0
Y484	NR1L-ComfortHMI-475	§3 sibling		1
Z484	NR1L-ComfortHMI-475	§3 sibling		1
AA484	NR1L-ComfortHMI-475	§3 sibling		PeiPYHsu
C485	NR1L-ComfortHMI-476	§3 sibling		NRL-434162
D485	NR1L-ComfortHMI-476	§3 sibling		SWE1-HVAC-005-04
F485	NR1L-ComfortHMI-476	§3 sibling		NR1L-ComfortHMI-476
G485	NR1L-ComfortHMI-476	§3 sibling		Climate Control Interface
H485	NR1L-ComfortHMI-476	§3 sibling		Climate Modes
I485	NR1L-ComfortHMI-476	§3 sibling		"Recirc can automatically turn on AC.

(turn ""RECIRC"" on and read the ""A/C"" button -> The ""A/C"" button is not highlighted)"
J485	NR1L-ComfortHMI-476	§3 sibling		"1. The climate screen is open and the climate system is on
2. The vehicle does not have 3 knob HVAC controls with ICS, for which no HVAC screens or pop ups are displayed
3. The vehicle is not an EMEA ICS vehicle, whose climate interface is specified separately in chapter 16
4. The vehicle is not configured with a non-foldable secondary lower screen containing comfort information, for which the comfort section is removed from the head unit"
K485	NR1L-ComfortHMI-476	§3 sibling		NA
L485	NR1L-ComfortHMI-476	§3 sibling		"1. Turn ""A/C"" off from the climate screen and note the ""A/C"" button
2. Turn ""RECIRC"" on and read the ""A/C"" button"
M485	NR1L-ComfortHMI-476	§3 sibling		"1. The ""A/C"" button is not highlighted
2. The ""A/C"" button is not highlighted"
N485	NR1L-ComfortHMI-476	§3 sibling		"HMI_Comfort_HMI_Logic_and_Flow_R1_SR24_Post_3A_CR24879_(September_25_2023)_2.4
HMI_Comfort_HMI_Logic_and_Flow_R1_SR24_Post_3A_CR24879_(September_25_2023)_2.14
HMI_Comfort_HMI_Logic_and_Flow_R1_SR24_Post_3A_CR24879_(September_25_2023)_6.3
HMI_Comfort_HMI_Logic_and_Flow_R1_SR24_Post_3A_CR24879_(September_25_2023)_16.2"
O485	NR1L-ComfortHMI-476	§3 sibling		NEW
P485	NR1L-ComfortHMI-476	§3 sibling		P1
R485	NR1L-ComfortHMI-476	§3 sibling		功能測試 (Functional based ; no specific technique)
S485	NR1L-ComfortHMI-476	§3 sibling		NA
T485	NR1L-ComfortHMI-476	§3 sibling		0
U485	NR1L-ComfortHMI-476	§3 sibling		0
V485	NR1L-ComfortHMI-476	§3 sibling		1
W485	NR1L-ComfortHMI-476	§3 sibling		0
X485	NR1L-ComfortHMI-476	§3 sibling		0
Y485	NR1L-ComfortHMI-476	§3 sibling		1
Z485	NR1L-ComfortHMI-476	§3 sibling		1
AA485	NR1L-ComfortHMI-476	§3 sibling		PeiPYHsu
AH485	NR1L-ComfortHMI-476	§3 sibling		The specification states that Recirc can automatically turn on A/C but, unlike the Defrost sentence in the same clause, it does not say whether that change is shown on the A/C button; the expected result follows the analysis report leaf, which records the change as not shown
