lid	sheet	row	scope	message	signal	can	fmt
2ndHdRstRelRq	CAN Mapping	4	Atlantis High	RADIO_B3	HDRstRelRq_2ndRow	CAN-BH	
A_EV_Kilometers	CAN Mapping	5	Atlantis High	IPC_FD_11	A_EV_Kilometers	FD	see dbc
A_EV_Miles	CAN Mapping	6	Atlantis High	IPC_FD_11	A_EV_Miles	FD	see dbc
A_Hybrid_Kilometers	CAN Mapping	7	Atlantis High	IPC_FD_11	A_Hybrid_Kilometers	FD	see dbc
A_Hybrid_Miles	CAN Mapping	8	Atlantis High	IPC_FD_11	A_Hybrid_Miles	FD	see dbc
"A_MPG
A_KMpL"	CAN Mapping	11	Atlantis High	IPC_FD_6	AverageFuelConsumptionAPlus	FD	Atlantis\n10 bit signal\n0 - 102.3 miles/gallon or km/liter\nresolution = 0.1 miles/gallon or km/liter
AbortCrankingAtc	CAN Mapping	14	Atlantis High	BCM_FD_29	AbortCrankingAtc	FD	
AbortCrankingAtc	CAN Mapping	14	Atlantis High	DRIVETRAIN_FD_2	AbortCrankingAtc		
ABS_IND_STAT	CAN Mapping	15	Atlantis High	IPC_FD_3	ABS_IND_STAT	FD	0 = Off\n1 = On\n2 = Blinking\n3 = SNA
ABSActive	CAN Mapping	16	Atlantis(&High)	BRAKE1	ABSActive	CAN-C	\n0 = Not_active\n1 = Active
ABSIndLampStatus	CAN Mapping	17	Atlantis High	BRAKE_FD_5	ABSFailSts	FD	ATLANTIS\n1 bit signal\n0 = Fail_Not_Present\n1 = Fail_Present
AC_Charge_Button_Label1	CAN Mapping	18	Atlantis High	VCDM_HMI2	AC_Charge_Button_Label1		see dbc
AC_Charge_Button_Label2	CAN Mapping	19	Atlantis High	VCDM_HMI2	AC_Charge_Button_Label2		see dbc
AC_Charge_Button_Label3	CAN Mapping	20	Atlantis High	VCDM_HMI2	AC_Charge_Button_Label3		see dbc
AC_Charge_Button_Label4	CAN Mapping	21	Atlantis High	VCDM_HMI2	AC_Charge_Button_Label4		see dbc
AC_Charge_Button_Label5	CAN Mapping	22	Atlantis High	VCDM_HMI2	AC_Charge_Button_Label5		see dbc
AC_SW_RQ	CAN Mapping	23	Atlantis High	TELEMATIC_FD_5	AC_SW_RQ	FD	1 bit signal
ACC_DistSwDec	CAN Mapping	25	Atlantis High	BCM_FD_13	ACC_DistSwDec	CAN-B	False\nTrue
ACC_DistSwInc	CAN Mapping	26	Atlantis High	BCM_FD_13	ACC_DistSwInc	FD	False\nTrue
ACC_On	CAN Mapping	27	Atlantis High	BCM_FD_13	ACC_On	FD	False\nTrue
AcceleratorPedalPosition	CAN Mapping	30	Atlantis High	ENGINE_SIMULATOR1	AccelPdlPosn_OBD_PT1	FD	-
AcceleratorSts	CAN Mapping	31	Atlantis High	BCM_FD_13	AcceleratorSts	FD	Not_Active\nActive
AccelPdlPosn_OBD	CAN Mapping	32	Atlantis High	ENGINE_FD_2	GasPedalPositionFailSts	FD	Atlantis\n1 bit signal\n0 = Fail not present\n1 = Fail present
AccelPdlPosn_OBD	CAN Mapping	33	Atlantis High	OBD_CONTENT_FRAME	AccelPdlPosn_OBD	CAN-B	ATLANTIS\n8 bit mesaage \nResolution = 0.3922%
AccelPdlPosn_OBD	CAN Mapping	34	Atlantis High	ENGINE_FD_2	GasPedalPosition	FD	Atlantis\n8 bit signal\n0 - 99.568 %\nresolution = 0.392%
ACCFaulted	CAN Mapping	35	Atlantis High	DASM_FD_2	ACCFailSts	FD	Atlantis\n1 bit signal (ACCFailSts)\n0 = Fail_not_present\n1 = Fail_Present\n\n1 bit signal (NCCFailSts)\n0 = Fail_not_present\n1 = Fail_Present
ACCFaulted	CAN Mapping	35	Atlantis High	DASM_FD_2	NCCFailSts		Atlantis\n1 bit signal (ACCFailSts)\n0 = Fail_not_present\n1 = Fail_Present\n\n1 bit signal (NCCFailSts)\n0 = Fail_not_present\n1 = Fail_Present
ACConlyNA_DASMSts	CAN Mapping	36	Atlantis High	DASM_FD_2	ACCFailSts	FD	Atlantis\n1 bit signal (ACCFailSts)\n0 = Fail_not_present\n1 = Fail_Present\n\n1 bit signal (DASMFailSts)\n0 = Fail_Present\n1 = Fail_not_present
ACConlyNA_DASMSts	CAN Mapping	36	Atlantis High	DASM_FD_2	DASMFailSts		Atlantis\n1 bit signal (ACCFailSts)\n0 = Fail_not_present\n1 = Fail_Present\n\n1 bit signal (DASMFailSts)\n0 = Fail_Present\n1 = Fail_not_present
ACConlyNA_DASMSts	CAN Mapping	37	Atlantis(&High)	C2_IGW3	ACCFailSts	CAN-C	0 = Fail_not_present\n1 = Fail_Present
ACCSystemSts	CAN Mapping	38	Atlantis(&High)	C2_IGW3	ACCSystemSts	CAN-C	0 = OFF\n1 = Enabled\n2 = Engaged\n3 = Engaged_BrakeOnly\n4 = Override\n5 = Cancel
ActualH2Consumption	CAN Mapping	41	Atlantis(&High)	FCPS_DATA1	ActualH2Consumption	CAN-C	See dbc
ActualRearDifferentialTorqueLock	CAN Mapping	42	Atlantis(&High)		Applicable		
ACV_FailType	CAN Mapping	43	Atlantis High	STATUS_CLIMATE9	ACV_FailType	B	0=None\n1-7 = Reserved
ACV_FailType	CAN Mapping	43	Atlantis High	BCM_FD_26	ACV_FailType	FD	0=None\n1-7 = Reserved
ACV_Request	CAN Mapping	44	Atlantis High	STATUS_BH_BCM2	ACV_Request	B	0=OFF\n1=ON
ACV_Request	CAN Mapping	44	Atlantis High	TBM_FD_1	ACV_Request	FD	0=OFF\n1=ON
ACV_Status	CAN Mapping	45	Atlantis High	STATUS_CLIMATE9	ACV_Status	B	0=OFF\n1=ON\n2=Reserved\n3=SNA
ACV_Status	CAN Mapping	45	Atlantis High	BCM_FD_26	ACV_Status	FD	0=OFF\n1=ON\n2=Reserved\n3=SNA
ADAS_CountryCode	CAN Mapping	46	Atlantis High	TELEMATIC_FD_11	CountryCode	FD	10 bit signal
ADAS_L3_TellTaleSts	CAN Mapping	47	Atlantis High	ADAS_FD_HMI	L3_TelltaleSts	FD	00.- OFF\n01.- White\n02.- Blue\n03.- Blue_Flashing\n04.- Yellow_Flashing\n05.- Red_Flashing\n06.- Red\n07.- SNA
ADAS_MRM_STATUS	CAN Mapping	48	Atlantis High	ADAS_FD_INFO	MRM_STATUS	FD	0 = Not_Active\n1 = MRM_in_Process\n2 = Vehicle_Secure_Request\n3 = Vehicle_Securement_Complete\n4 = Canceled\n7 = SNA
ADAS_MRM_STATUS_C2	CAN Mapping	49	Atlantis High	ADAS_FD_INFO_C2	MRM_STATUS_C2	FD	0 = Not_Active\n1 = MRM_in_Process\n2 = Vehicle_Secure_Request\n3 = Vehicle_Securement_Complete\n4 = Canceled\n7 = SNA
ADC_DrvMd_CfgSts	CAN Mapping	50	Atlantis High	BCM_FD_11	ADC_DrvMd_CfgSts	FD	0 = MODE_1\n1 = MODE_2\n2 = MODE_3\n3 = SNA
ADC_Stat_2	CAN Mapping	51	Atlantis High	ASCM_FD_2	ADC_Stat_2	FD	See dbc
ADS_DrvMd_CfgSts	CAN Mapping	52	Atlantis High	BCM_FD_26	ADS_DrvMd_CFGSts_TMI	FD	0 - MODE_1\n1 - MODE_2\n2 - MODE_3\n3 - DM1\n4 - DM2\n5 - DM3\n6 - DEFAULT\n7 - SNA
AEBFailSts	CAN Mapping	55	Atlantis(&High)	C2_IGW3	AEBFailSts	CAN-C	0 = Fail_Present\n1 = Fail_not_present\n
AEBTempFailSts	CAN Mapping	56	Atlantis(&High)	C2_IGW3	AEBTemporaryFailSts	CAN-C	\n0 = Fail_Present\n1 = Fail_not_present
AFTER_RUN_STATUS	CAN Mapping	57	Atlantis High	ENGINE_FD_8	AFTER_RUN_STATUS	FD	
AHBFault	CAN Mapping	58	Atlantis High	HAPTIC1	AHBFault	CAN-B	1 bit\n0 = Off\n1 = On
AirbagIndLamp	CAN Mapping	60	Atlantis High	ORC_FD_1	AirBagFailSts	FD	ATLANTIS\n0 = Fail_Not_Present_Lamp_Off, \n1 = Fail_Not_Present_Flashing, \n2 = Fail_Present_Lamp_On, \n3 = Not_Used
AirCondStatus	CAN Mapping	61	Atlantis High	STATUS_CLIMATE2	HVACAC_Sts	CAN-B	ATLANTIS\n0 = OFF\n1 = ON\n2 = BLINK\n3 = SNA
AirFuelRatio	CAN Mapping	62	Atlantis High	ENGINE_FD_5	AirFuelRatio	FD	
AirSuspensionDown_Req	CAN Mapping	63	Atlantis High	TELEMATIC_FD_11	HU_AirSusp_DnSw1	FD	ATLANTIS\n1 bit signal\n0 =Not_Pressed\n1 = Pressed
AirSuspensionStatus	CAN Mapping	64	Atlantis High	ASCM_FD_2	ASCM_Stat	FD	4 bit sgnal\n\n0 = NONE\n1 = DUMP\n2 = PARK\n3 = AERO\n4 = NVL\n5 = OR1\n6 = ORL2\n7 = EEHNA\n8 = RAISE\n9 = LOWER\n10 = SYSFAIL\n11 = SRVS\n12 = AERO2\n15 = SNA
AirSuspensionUp_Req	CAN Mapping	65	Atlantis High	TELEMATIC_FD_11	HU_AirSusp_UpSw1	FD	ATLANTIS\n1 bit signal\n0 =Not_Pressed\n1 = Pressed
AllowClimateSchd1	CAN Mapping	66	Atlantis High	CLIMATE_SCHEDULE_HU1	AllowClimateSchd1	FD	See dbc file
AllowClimateSchd2	CAN Mapping	67	Atlantis High	CLIMATE_SCHEDULE_HU1	AllowClimateSchd2	FD	See dbc file
AMB_TEMP_AVG	CAN Mapping	68	Atlantis High	BCM_FD_9	ExternalTemperature	FD	See dbc
AMB_TEMP_AVG	CAN Mapping	68	Atlantis High	BCM_FD_10	ExternalTemperatureC		See dbc
AMB_TEMP_AVG	CAN Mapping	68	Atlantis High	BCM_FD_10	ExternalTemperatureF		See dbc
AmbientLightingIntensityZone1	CAN Mapping	69	Atlantis High	RADIO_B9	IntelAmbLight_Intensity_Zone	CAN-BH	Level 0 - Level 100
AmbientLightingIntensityZone2	CAN Mapping	70	Atlantis High	RADIO_B9	IntelAmbLight_Intensity_Zone2	CAN-BH	Level 0 - Level 100
AmbientLightingLevel	CAN Mapping	71	Atlantis High	IPC_VEHICLE_SETUP	AmbientLightingLevel		
AmbientLightingLevel	CAN Mapping	71	Atlantis High	CENTERSTACK3	AmbDimmerPos		
AmbientLightingLevel_Req	CAN Mapping	72	Atlantis High	CENTERSTACK3	AmbDimmerPos		
AMPAudioStatus	CAN Mapping	73	Atlantis High	STATUS_AMP	AUDIOSts_AMP	CAN-B	0 = Initializaton\n1 = Available\n2 = Not_Available
AMPSurroundAvailable	CAN Mapping	74	Atlantis High	STATUS_AMP	SURR_AVAILSts	CAN-B	1 bit signal\n0 = False\n1 = True
AMPSurroundSTS	CAN Mapping	75	Atlantis High	STATUS_AMP	AMP_DSS_STATSts	CAN-B	2 bit signal\n0 = CFG_ST\n1 = CFG_VID_SURR\n2 = CFG_AUD_SURR
AntiTheftStatus	CAN Mapping	76	Atlantis High	STATUS_TELEMATIC	AntitheftSts	CAN-B	2 bit signal\n0 = Not_Successfully\n1 = In_Progress\n2 = Successfully
AQS_Active	CAN Mapping	77	Atlantis(&High)	HVAC_A1	AQS_Active		
ASBM4_Climate_btn_1	CAN Mapping	78	Atlantis High	BCM_ASBM4	Climate_button_1	BH	See DBC
ASBM4_Climate_btn_2	CAN Mapping	79	Atlantis High	BCM_ASBM4	Climate_button_2	BH	See DBC
ASBM4_Climate_btn_3	CAN Mapping	80	Atlantis High	BCM_ASBM4	Climate_button_3	BH	See DBC
ASBM4_Climate_btn_4	CAN Mapping	81	Atlantis High	BCM_ASBM4	Climate_button_4	BH	See DBC
ASBM4_Climate_btn_5	CAN Mapping	82	Atlantis High	BCM_ASBM4	Climate_button_5	BH	See DBC
ASBM4_Climate_btn_9	CAN Mapping	83	Atlantis High	BCM_ASBM4	Climate_button_9	BH	See DBC
ASBM4_Climate_btn_10	CAN Mapping	84	Atlantis High	BCM_ASBM4	Climate_button_10	BH	See DBC
ASBM4_Climate_btn_11	CAN Mapping	85	Atlantis High	BCM_ASBM4	Climate_button_11	BH	See DBC
ASBM4_Climate_btn_12	CAN Mapping	86	Atlantis High	BCM_ASBM4	Climate_button_12	BH	See DBC
ASBM4_Climate_btn_13	CAN Mapping	87	Atlantis High	BCM_ASBM4	Climate_button_13	BH	See DBC
ASBM4_Climate_btn_14	CAN Mapping	88	Atlantis High	BCM_ASBM4	Climate_button_14	BH	See DBC
ASBM4_Climate_btn_15	CAN Mapping	89	Atlantis High	BCM_ASBM4	Climate_button_15	BH	See DBC
ASBM4_Climate_btn_20	CAN Mapping	90	Atlantis High	BCM_ASBM4	Climate_button_20	BH	See DBC
ASC_DrvMd_CfgSts	CAN Mapping	91	Atlantis High	BCM_FD_26	ASC_DrvMd_CfgSts_TMI	FD	0 - DEFAULT\n1 - DM1\n2 - DM2\n3 - DM3\n4 - MODE_1\n5 - MODE_2\n6 - MODE_3\n7 - SNA
ASC_MODE_REQ	CAN Mapping	92	Atlantis High	TELEMATIC_FD_15	ETM_ASC_MODE_REQ	FD	0 - DEFAULT\n1 - DM1\n2 - DM2\n3 - DM3\n4 - MODE_1\n5 - MODE_2\n6 - MODE_3\n7 - SNA
ASCM_SysFail	CAN Mapping	93	Atlantis High	ASCM_FD_2	ASCM_SysFail	FD	0 = FALSE\n1 = TRUE
ASRActive	CAN Mapping	94	Atlantis High	BRAKE_FD_4	ASRActive	FD	Atlantis\n1 bit signal\n0 = Not_active\n1 = Active
Audible_Warning	CAN Mapping	96	Atlantis High		pending	FD	
Audible_Warning_Sts	CAN Mapping	97	Atlantis High		pending	FD	
Audio_Range_Impact	CAN Mapping	98	Atlantis High		pending	FD	
AudioMenuPopup	CAN Mapping	102	Atlantis High	IPC_FD_11	AudioMenuPopup	FD	0 = Not_Active\n1 = Active
AudioReq	CAN Mapping	104	Atlantis(&High)	STATUS_TBM	AudioRequest		
AUTO_MD_SW_RQ	CAN Mapping	105	Atlantis High	TELEMATIC_FD_5	AUTO_MD_SW_RQ	FD	1 bit signal
AUTO_MD_SW_RQ_2_M	CAN Mapping	106	Atlantis High	TGW_HVAC_CTRL_M	AUTO_MD_SW_RQ_2_M		
AUTO_MD_SW_RQ_M	CAN Mapping	107	Atlantis High	TGW_HVAC_CTRL_M	AUTO_MD_SW_RQ_M		
Auto_Stat	CAN Mapping	109	Atlantis High	STATUS_CLIMATE2	HVACAuto_Sts	CAN-B	ATLANTIS\n0 = OFF\n1 = ON\n2 = BLINK\n3 = SNA
Auto_Stat_2	CAN Mapping	110	Atlantis High	HVAC_A1	AUTO_STAT_2		
AutomaticOilChange	CAN Mapping	111	Atlantis High	STATUS_CCAN4	OilLifeSts	CAN-B	ATLANTIS\n2 bit signal\n0 = Normal_Oil_Properties\n1 = Oil_Life_Reset\n2 = Change_Oil_Required\n3 = Not_used
AutonomyZEV	CAN Mapping	112	Atlantis High		Moved		
AutonomyZEV	CAN Mapping	112	Atlantis High		AtlMi		
AutoVehHoldSts	CAN Mapping	113	Atlantis High	BRAKE_FD_7	AutoVehHoldSts		
AverageTempC	CAN Mapping	114	Atlantis High	BCM_FD_10	ExternalTemperatureC	FD	ATLANTIS\n9 bit signal (ExternalTemperatureC)\n-85 - +170 degrees C\nresolution = 0.5 degrees C\n\n1 bit signal (ExternalTemperatureFailSts)\n0 = Fail_not_present\n1 = Fail_present
AverageTempF	CAN Mapping	115	Atlantis High	BCM_FD_10	ExternalTemperatureF	FD	ATLANTIS\n9 bit signal (ExternalTemperatureF)\n-121 - +389 degrees F\nresolution = 1 degrees F\n\n1 bit signal (ExternalTemperatureFailSts)\n0 = Fail_not_present\n1 = Fail_present
AvgFuelEcon	CAN Mapping	117	Atlantis High	ENGINE_FD_6	FuelConsumption_GAG	FD	ENGINE_FD_6.FuelConsumption_GAG:\n16 bit signal\n\nUnits are litres/hour\nOffset = 0\nFactor = 0.0022\nRange is 0 to 144.1748\n\nSNA = 65535\n\n
AvgFuelLevel	CAN Mapping	118	Atlantis High	BCM_FD_9	FuelLevel	FD	ATLANTIS\n8 bit (FuelLevel)\n0 - +255%\nResolution = 1%\n\n1 bit signal (FuelLevelFailSts)\n0 = Fail_Not_Present\n1 = Fail_Present
AWD_service_stat	CAN Mapping	119	Atlantis High	IPC_FD_3	AWD_SERVICE_STAT	FD	0 = Off\n1 = On\n2 = Blinking\n3 = SNA
AxleLckrSts/AxlLckrSts	CAN Mapping	121	Atlantis High	DRIVETRAIN_FD_3	AxleLckr_Stat	FD	
"B_Total_Dist_Miles
B_Total_Dist_Kilometers"	CAN Mapping	130	Atlantis High	TRIP_B	PartialOdometerBPlus	CAN-B	Atlantis\n20 bit signal\n0 - 104857.5 km or miles\nresolution = 0.1 km or miles
Back_Button	CAN Mapping	131	Atlantis High	CLIMATIC_PANEL	Radio_btn3	CAN-B	 1 bit signal\n0 = Not_Pressed (Back button)\n1 = Pressed (Back button)
Backlite_Close_RQ	CAN Mapping	132	Atlantis High	PTCM_CTRL	Close_Backlite_BurronSts	BH-CAN	0x0 = Pressed\n0x1 = No_Pressed
Backlite_Fail	CAN Mapping	133	Atlantis High	STATUS_PTCM	BackliteFailSts	BH-CAN	0x0 = Fail_Not_Present\n0x1 = Fail_Present
Backlite_Open_RQ	CAN Mapping	134	Atlantis High	PTCM_CTRL	Open_Backlite_BurronSts	BH-CAN	0x0 = Pressed\n0x1 = No_Pressed
Backlite_Stat	CAN Mapping	135	Atlantis High	STATUS_PTCM	BackliteSts	BH-CAN	0x0 = OPEN\n0x1 = CLOSED\n0x2 = MIDDLE\n0x3 = None
BAT_SOCE	CAN Mapping	136	Atlantis High		TBD		
BAT_SOH	CAN Mapping	137	Atlantis High	BATTERY_HV	BMS_HV_SOH	FD	Min=0\nMax=127\nFactor=1\nOffset=0\nInitialValue=0
BatPwrUsageDisp	CAN Mapping	138	Atlantis High	HYBRID_DISPLAY	BatteryPowerUse_Display	FD	
BatPwrUsageDisp	CAN Mapping	138	Atlantis High	HCP_4	BatPwrUsgDisp		
BatPwrUsageDisp_V	CAN Mapping	139	Atlantis High	HYBRID_DISPLAY	BatteryPowerUse_DisplayV	FD	0 = Valid\n1 = Not_Valid
Batt_CabinPriority1	CAN Mapping	140	Atlantis High	CHARGE_SCHEDULE_HU1	Batt_CabinPriority1	FD	0 = Checkbox Unselected\n1 = Checkbox Selected
Batt_CabinPriority1_Sts	CAN Mapping	141	Atlantis High	CHARGE_SCHEDULE_HCP1	Batt_CabinPriority1_Sts	FD	0 = Battery charging on priority\n1 = Cabin conditioning on priority
Batt_CabinPriority2	CAN Mapping	142	Atlantis High	CHARGE_SCHEDULE_HU1	Batt_CabinPriority2	FD	0 = Checkbox Unselected\n1 = Checkbox Selected
Batt_CabinPriority2_Sts	CAN Mapping	143	Atlantis High	CHARGE_SCHEDULE_HCP1	Batt_CabinPriority2_Sts	FD	0 = Battery charging on priority\n1 = Cabin conditioning on priority
Batt_CabinPriority3	CAN Mapping	144	Atlantis High	CHARGE_SCHEDULE_HU1	Batt_CabinPriority3	FD	0 = Checkbox Unselected\n1 = Checkbox Selected
Batt_CabinPriority3_Sts	CAN Mapping	145	Atlantis High	CHARGE_SCHEDULE_HCP1	Batt_CabinPriority3_Sts	FD	0 = Battery charging on priority\n1 = Cabin conditioning on priority
Batt_ST_Crit	CAN Mapping	146	Atlantis High	STATUS_LIN	Batt_ST_Crit	CAN-B	Atlantis\n1 bit signal\n0 = False\n1 = True
Batt_ST_Crit	CAN Mapping	146	Atlantis High	BCM_FD_11	Batt_ST_Crit	FD	Atlantis\n1 bit signal\n0 = False\n1 = True
Battery_charge_stat	CAN Mapping	147	Atlantis High	IPC_FD_3	BATTERY_CHARGE_STAT	FD	0 = Off\n1 = On\n2 = Blinking\n3 = SNA
BatteryLampStatus	CAN Mapping	148	Atlantis High	STATUS_LIN	Batt_ST_Crit	CAN-B	Atlantis\n1 bit signal\n0 = False\n1 = True
BatteryLampStatus	CAN Mapping	148	Atlantis High	BCM_FD_11	Batt_ST_Crit	FD	Atlantis\n1 bit signal\n0 = False\n1 = True
BatteryTemperature	CAN Mapping	149	Atlantis(&High)	LIN_BCM_IGW2	IBS_T_BATT		8 - bit\n-40 - +215 degrees C\nresolution = 1 degree C
BatteryVoltage	CAN Mapping	151	Atlantis High	BATTERY_INFO	BatteryVoltageLevelHP	CAN-B	9 bit \n4-18v\nResolution: 0.025V
BatteryVoltage	CAN Mapping	151	Atlantis High	BODY9	Battery_Volt_1	BH	9 bit \n4-18v\nResolution: 0.025V
BatteryVoltage	CAN Mapping	151	Atlantis High	BCM_FD_3	Battery_Volt_1	FD	9 bit \n4-18v\nResolution: 0.025V
Bcall_Enable	CAN Mapping	152	Atlantis High	TBM_FD_2	bcall_enab	CAN_FD	0=DISABLED\n1=ENABLED\n3=SNA
BlueChannel	CAN Mapping	156	Atlantis High	RADIO_B7	Blue_Channel_Amb_Light	B	0-255
BoostPressureIndication	CAN Mapping	157	Atlantis(&High)	STATUS_C_ECM2	BoostPressureIndication		8 bit signal\n1 bit = 15 mbar
BoostVacGauge	CAN Mapping	158	Atlantis High	ENGINE_FD_1	BoostVacGauge	FD	
Brake_Ind_Stat	CAN Mapping	159	Atlantis High	IPC_FD_3	BRK_IND_STAT	FD	0 = Off\n1 = On\n2 = Blinking\n3 = SNA
Brake_Pad_stat	CAN Mapping	160	Atlantis High	IPC_FD_3	BRAKE_PAD_STAT	FD	0 = Off\n1 = On\n2 = Blinking\n3 = SNA
BrakeFluid	CAN Mapping	161	Atlantis High	STATUS_BH_BCM1	BrakeFluidLevelSts	CAN-B	ATLANTIS\n1 bit signal\n0 = OK\n1 = Low Level
BrakeIndicationLampStatus	CAN Mapping	162	Atlantis High	BRAKE_FD_5	EBDSFailSts	FD	ATLANTIS\n1 bit signal\n0 = Fail_Not_Present\n1 = Fail_Present
BrakePdlPosn	CAN Mapping	163	Atlantis High	BRAKE_FD_7	BrakePdlPosn	CAN-FD	
BrakePdlPosn	CAN Mapping	163	Atlantis High	GW_B_7	BrakePdlPosn	CAB-BH	
BrakePedal	CAN Mapping	164	Atlantis High		duplicate	FD	ATLANTIS\nLength: 1 bit\n0=Not Active\n1=Active
BrakePedal	CAN Mapping	164	Atlantis High		176	FD	ATLANTIS\nLength: 1 bit\n0=Not Active\n1=Active
BrakePedal	CAN Mapping	165	Atlantis High	BRAKE_FD_7	BrkPdl_Stat	FD	ATLANTIS\n1 bit signal\n0 = Active\n1 = Not Actve
BrakePressure	CAN Mapping	166	Atlantis High	BRAKE_FD_8	BrkPrss_TMC	FD	11 bit signal\n\nUnits are bar\nOffset = 0\nFactor = 0.1\nRange = 0 to 200\n\nSNA = 2047
Bridge_CS	CAN Mapping	167	Atlantis(&High)	SEGMENT	ADAS_Seg_Bridge	CAN-B	
Brk_Intrvntn_Actv_ESP	CAN Mapping	168	Atlantis High	BRAKE_FD_7	BrkIntrvntn_Actv_ESP	FD	Atlantis\n1 bit signal\n0 = Not Active\n1 = Active
BrkPdl_Flt	CAN Mapping	170	Atlantis High	BRAKE_FD_7	BrkPdl_Flt	FD	0 = NOT FAULTED\n1 = FAULTED
BSIS_FRONT_Chime_Type	CAN Mapping	171	Atlantis(&High)	BSIS_FRONT_INFO	FrontRadarChimeType	CAN-BH	0 = none\n1 thru 14 = Type 1 thru 14\n15 = SNA
BSIS_FRONT_Req	CAN Mapping	172	Atlantis(&High)	BSIS_FRONT_INFO	FrontRadarChimeReqSts	CAN-BH	Active and Not Active
BSIS_REAR_Chime_Type	CAN Mapping	173	Atlantis(&High)	BSIS_REAR_INFO	RearRadarChimeType	CAN-BH	0 = none\n1 thru 14 = Type 1 thru 14\n15 = SNA
BSIS_REAR_Req	CAN Mapping	174	Atlantis(&High)	BSIS_REAR_INFO	RearRadarChimeReqSts	CAN-BH	Active and Not Active
BSM_OPR_STAT	CAN Mapping	175	Atlantis High	STATUS_LBSS	BSS_LT_OPR_StatSts	CAN-B	Atlantis\n1 bit signal\n0 = No Operational Failure\n1 = Operational Failure - System Unavailable
BSM_OPR_STAT	CAN Mapping	175	Atlantis High	STATUS_RBSS	BSS_RT_OPR_StatSts		Atlantis\n1 bit signal\n0 = No Operational Failure\n1 = Operational Failure - System Unavailable
BsmServiceRequest	CAN Mapping	176	Atlantis High	STATUS_LBSS	BSS_LT_SRV_RQSts	CAN-B	ATLANTIS\n1 bit signal (BSS_LT_SRV_RQSts)\n0 = No Service Request\n1 = Service Request\n\n1 bit signal (BSS_RT_SRV_RQSts)\n0 = No Service Request\n1 = Service Request
BsmServiceRequest	CAN Mapping	176	Atlantis High	STATUS_RBSS	BSS_RT_SRV_RQSts		ATLANTIS\n1 bit signal (BSS_LT_SRV_RQSts)\n0 = No Service Request\n1 = Service Request\n\n1 bit signal (BSS_RT_SRV_RQSts)\n0 = No Service Request\n1 = Service Request
BSSChimeRqLF	CAN Mapping	177	Atlantis(&High)	STATUS_LBSS	BSS_LF_Chime_RQSts		ATLANTIS\n1 bit signal\n0 = No_left_frnt_chime_on_req\n1 = Left_front_chime_on_req
BSSChimeRqLR	CAN Mapping	178	Atlantis(&High)	STATUS_LBSS	BSS_LR_Chime_RQSts		ATLANTIS\n1 bit signal\n0 = No_left_rear_chime_on_req\n1 = Left_rear_chime_on_req
BSSChimeRqRF	CAN Mapping	179	Atlantis(&High)	STATUS_RBSS	BSS_RF_Chime_RQSts		ATLANTIS\n1 bit signal\n0 = No_rght_frnt_chime_on_req\n1 = Right_front_chime_on_req
BSSChimeRqRR	CAN Mapping	180	Atlantis(&High)	STATUS_RBSS	BSS_RR_Chime_RQSts		ATLANTIS\n1 bit signal\n0 = No_right_rear_chime_on_req\n1 = Right_rear_chime_on_req
BSSChimeType	CAN Mapping	181	Atlantis High	GW_B_5	Chime_TypSts	BH	ATLANTIS\n4 bit signal\n0 = None\n1 = type1\n2 = type2\n3 = type3\n4 = type4\n5 = type5\n6 = type6\n7 = type7\n8 = type8\n9 = type9\n10 = type10\n11 = type11\n12 = type12\n13 = type13\n14 = type14\n15 = SNA
BSSConfiguration	CAN Mapping	182	Atlantis High	STATUS_RBSS	BSS_RT_CFG_STATSts	CAN-B	ATLANTIS\n2 bit signal\n0 = Not_enabled\n1 = Enabled_for_LED\n2 = Enabled_for_LED_and_Chime\n3 = SNA
BSSConfiguration	CAN Mapping	182	Atlantis High	STATUS_LBSS	BSS_LT_CFG_STATSts		ATLANTIS\n2 bit signal\n0 = Not_enabled\n1 = Enabled_for_LED\n2 = Enabled_for_LED_and_Chime\n3 = SNA
BUBFailSts	CAN Mapping	183	Atlantis High	TBM_SCHEDULE_FD_2	BUBFailSts	FD	See dbc
BuiltUpArea_CS	CAN Mapping	184	Atlantis(&High)	SEGMENT	ADAS_Seg_BuildUpArea	CAN-B	
Cabin_Temp1	CAN Mapping	186	Atlantis High	CHARGE_SCHEDULE_HU1	Cabin_Temp1	FD	See dbc
Cabin_Temp1_Sts	CAN Mapping	187	Atlantis High	CHARGE_SCHEDULE_HCP1	Cabin_Temp1_Sts	FD	See dbc
Cabin_Temp2	CAN Mapping	188	Atlantis High	CHARGE_SCHEDULE_HU1	Cabin_Temp2	FD	See dbc
Cabin_Temp2_Sts	CAN Mapping	189	Atlantis High	CHARGE_SCHEDULE_HCP1	Cabin_Temp2_Sts	FD	See dbc
Cabin_Temp3	CAN Mapping	190	Atlantis High	CHARGE_SCHEDULE_HU1	Cabin_Temp3	FD	See dbc
Cabin_Temp3_Sts	CAN Mapping	191	Atlantis High	CHARGE_SCHEDULE_HCP1	Cabin_Temp3_Sts	FD	See dbc
CADM_Chime_LF	CAN Mapping	193	Atlantis High	GW_B_5	LF_Chime_RqSts	CAN-B	Atlantis\n1 bit signal\n\n0 = No_Request\n1 = Request
CADM_Chime_LR	CAN Mapping	194	Atlantis High	GW_B_5	LR_Chime_RqSts	CAN-B	Atlantis\n1 bit signal\n\n0 = No_Request\n1 = Request
CADM_Chime_Priority	CAN Mapping	195	Atlantis High	GW_B_5	Chime_Priority	CAN-B	Atlantis\n3 bit signal\n\n0 = A\n1 = B\n2 = C\n3 = D\n4 = E
CADM_Chime_Rate	CAN Mapping	196	Atlantis High	GW_B_5	Chime_RepRate	CAN-B	Atlantis\n4 bit signal\n\nValue = 0-15 in Hz
CADM_Chime_RF	CAN Mapping	197	Atlantis High	GW_B_5	RF_Chime_RqSts	CAN-B	Atlantis\n1 bit signal\n\n0 = No_Request\n1 = Request
CADM_Chime_RR	CAN Mapping	198	Atlantis High	GW_B_5	RR_Chime_RqSts	CAN-B	Atlantis\n1 bit signal\n\n0 = No_Request\n1 = Request
CADM_Chime_Type	CAN Mapping	199	Atlantis High	GW_B_5	Chime_TypSts	CAN-B	Atlantis\n4 bit signal\n\n0 = Default\n1 = Chime 1\n2 = Chime 2\n3 = Chime 3\n4 = Chime 4\n5 = Chime 5\n6 = Chime 6\n7 = Chime 7\n8 = Chime 8\n9 = Chime 9\n10 = Chime 10\n12 = Chime 12
CADM2_Chime_LF	CAN Mapping	200	Atlantis High	GW_B_6	LF_Chime_RqSts_C2	B-CAN	see .dbc
CADM2_Chime_LF	CAN Mapping	200	Atlantis High	ADAS_FD_HMI	LF_Chime_RqSts	FD	see .dbc
CADM2_Chime_LR	CAN Mapping	201	Atlantis High	GW_B_6	LR_Chime_RqSts_C2	B-CAN	see .dbc
CADM2_Chime_LR	CAN Mapping	201	Atlantis High	ADAS_FD_HMI	LR_Chime_RqSts	FD	see .dbc
CADM2_Chime_Priority	CAN Mapping	202	Atlantis High	GW_B_6	Chime_Priority_C2	B-CAN	see .dbc
CADM2_Chime_Priority	CAN Mapping	202	Atlantis High	ADAS_FD_HMI	Chime_Priority	FD	see .dbc
CADM2_Chime_Rate	CAN Mapping	203	Atlantis High	GW_B_6	Chime_RepRate_C2	B-CAN	see .dbc
CADM2_Chime_Rate	CAN Mapping	203	Atlantis High	ADAS_FD_HMI	Chime_RepRate	FD	see .dbc
CADM2_Chime_RF	CAN Mapping	204	Atlantis High	GW_B_6	RF_Chime_RqSts_C2	B-CAN	see .dbc
CADM2_Chime_RF	CAN Mapping	204	Atlantis High	ADAS_FD_HMI	RF_Chime_RqSts	FD	see .dbc
CADM2_Chime_RR	CAN Mapping	205	Atlantis High	GW_B_6	RR_Chime_RqSts_C2	B-CAN	see .dbc
CADM2_Chime_RR	CAN Mapping	205	Atlantis High	ADAS_FD_HMI	RR_Chime_RqSts	FD	see .dbc
CADM2_Chime_Type	CAN Mapping	206	Atlantis High	GW_B_6	Chime_TypSts_C2	B-CAN	see .dbc
CADM2_Chime_Type	CAN Mapping	206	Atlantis High	ADAS_FD_HMI	Chime_TypSts	FD	see .dbc
CallAction	CAN Mapping	207	Atlantis High	TELEMATIC_VEHICLE_SETUP	CallAction	FDCAN8	0: No_Action\n1: Iniziate\n2: Start\n3: Cancel\n4: Terminate
CallEnd	CAN Mapping	209	Atlantis High	GLOB_TLM	End_Call	FD	0 = No_Request\n1 = End_Call
Callnum	CAN Mapping	210	Atlantis High	GLOB_TLM	Call_Number	FD	0 = No_Call\n1 = Phone_Number_1\n2 = Phone_Number_2\n3 = Phone_Number_3\n4 = Phone_Number_4\n5 = Phone_Number_5\n6 = Phone_Number_6\n7 = Phone_Number_7
Callpro	CAN Mapping	211	Atlantis High	TBM_FD_2	bcall_enab	CAN_FD	0=DISABLED\n1=ENABLED\n3=SNA
Callreq	CAN Mapping	212	Atlantis High	TELEMATIC_VEHICLE_SETUP	CallRequest	FD	3 bit signal\n\n0 = No_Call\n1 = E-Call\n2 = B-Call
Callstat	CAN Mapping	213	Atlantis High	TBM_SCHEDULE_FD_2	CallSts	FD	0 = Call_Not_Available\n1 = Idle\n2 = Dialing\n3 = Attempt_Fail\n4 = Call_Established\n5 = Call_Fail\n6 = Call_Ended\n7 = Callback_Wait\n8 = Incoming_Call\n9 = Loading\n15 = SNA
Calltype	CAN Mapping	214	Atlantis High	TBM_SCHEDULE_FD_2	CallType	FD	0 = No_Call\n1 = E_Call\n2 = ACN_Call\n3 = B_Call\n7 = SNA
CameraDisplaySts	CAN Mapping	215	Atlantis High	RADIO_B3	CameraDisplaySts	B-CAN	0 = Default\n1  = View_1\n2 = View_2\n3 = View_3\n4 = View_4\n5 = View_5\n6 = View_6\n7 = View_7\n8 = View_8*\n9 = View_9*\n10 = View_10*\n11 = View_11*\n12 = View_12*\n13 = View_13*\n14 = View_14*\n15 = View_15* 
CameraDisplaySts	CAN Mapping	215	Atlantis High	Telematic_FD_14	CameraDisplaySts	FD	0 = Default\n1  = View_1\n2 = View_2\n3 = View_3\n4 = View_4\n5 = View_5\n6 = View_6\n7 = View_7\n8 = View_8*\n9 = View_9*\n10 = View_10*\n11 = View_11*\n12 = View_12*\n13 = View_13*\n14 = View_14*\n15 = View_15* 
CameraDisplaySts	CAN Mapping	215	Atlantis High	Telematic_FD_5	CameraDisplaySts2	FD	0 = Default\n1  = View_1\n2 = View_2\n3 = View_3\n4 = View_4\n5 = View_5\n6 = View_6\n7 = View_7\n8 = View_8*\n9 = View_9*\n10 = View_10*\n11 = View_11*\n12 = View_12*\n13 = View_13*\n14 = View_14*\n15 = View_15* 
Campaign_Notification	CAN Mapping	216	Atlantis High	FOTA_RSP_TBM	Campaign_Notification	FD	0 = No Campaign\n1 = Campaign Available
CardKeyPair_Stat	CAN Mapping	217	Atlantis High	SPAAK_FD	CardKeyPair_Stat1	FD	See dbc
Catalyst_Temp_Stat	CAN Mapping	219	Atlantis High	IPC_FD_3	CATALYST_TEMP_STAT	FD	0 = Off\n1 = On\n2 = Blinking\n3 = SNA
CCDMF_AC_Req	CAN Mapping	220	Atlantis High	CCDMF_1	CCDMF_AC_Rq	FD	0 - Not Pressed\n1 - Pressed\n
CCDMF_AUTO_Req	CAN Mapping	221	Atlantis High	CCDMF_1	CCDMF_AUTO_Rq	FD	0 - Not Pressed\n1 - Pressed\n
CCDMF_BackBolster_D_Req	CAN Mapping	222	Atlantis High	CCDMF_1	CCDMF_BackBolster_D_Req	B-CAN	0 = No_request\n1 = Bolster_in\n2 = Bolster_out\n3 = SNA
CCDMF_BackBolster_P_Req	CAN Mapping	223	Atlantis High	CCDMF_1	CCDMF_BackBolster_P_Req	B-CAN	0 = No_request\n1 = Bolster_in\n2 = Bolster_out\n3 = SNA
CCDMF_Driver_Cushion_Massage_Req	CAN Mapping	224	Atlantis High	CCDMF_1	CCDMF_Driver_Cushion_Massage_Req	B-CAN	0 = Not Pressed\n1 = Pressed
CCDMF_Driver_UpperBack_Massage_Req	CAN Mapping	225	Atlantis High	CCDMF_1	CCDMF_Driver_UpperBack_Massage_Req	B-CAN	0 = Not Pressed\n1 = Pressed
CCDMF_Front_ModeDefrost_Rq	CAN Mapping	226	Atlantis High	CCDMF_1	CCDMF_Front_ModeDefrost_Rq	CAN-B	0 = Not Pressed\n1 = Pressed
CCDMF_Front_ModeFloor_Rq	CAN Mapping	227	Atlantis High	CCDMF_1	CCDMF_Front_ModeFloor_Rq	CAN-B	0 = Not Pressed\n1 = Pressed
CCDMF_Front_ModePanel_Rq	CAN Mapping	228	Atlantis High	CCDMF_1	CCDMF_Front_ModePanel_Rq	CAN-B	0 = Not Pressed\n1 = Pressed
CCDMF_Front_Power_Rq	CAN Mapping	229	Atlantis High	CCDMF_1	CCDMF_Front_Power_Rq	CAN-B	0 = Not Pressed\n1 = Pressed
CCDMF_Front_SYNC_Rq	CAN Mapping	230	Atlantis High	CCDMF_1	CCDMF_Front_SYNC_Rq	CAN-B	0 = Not Pressed\n1 = Pressed
CCDMF_HVAC_Func_Rq	CAN Mapping	231	Atlantis High	CCDMF_1	CCDMF_HVAC_Func_Rq	CAN-B	0 = No Function\n1 = FTDRVTemp_Inc\n2 = FTDRVTemp_Dec\n3 = FTDRVTemp_JUMP\n4 = FTPSNTemp_Inc\n5 = FTPSNTemp_Dec\n6 = FTPSNTemp_JUMP\n7 = RearTemp_DRV_Inc\n8 = RearTemp_DRV_Dec\n9 = RearTemp_DRV_JUMP\n10 = RearTemp_PAS_Inc\n11 = RearTemp_PAS_Dec\n12 = RearTemp_PAS_JUMP\n13 = FTBlw_Inc\n14 = FTBlw_Dec\n15 = FTBlw_JUMP\n16 = RRBlw_Inc\n17 = RRBlw_Dec\n18 = RRBlw_JUMP\n31 = SNA
CCDMF_HVAC_JUMP_VAL	CAN Mapping	232	Atlantis High	CCDMF_1	CCDMF_HVAC_JUMP_VAL	CAN-B	7 bit signal
CCDMF_LumbarInOut_D_Req	CAN Mapping	233	Atlantis High	CCDMF_1	CCDMF_LumbarInOut_D_Req	B-CAN	0 = No_request\n1 = Lumbar_in\n2 = Lumbar_out\n3 = SNA
CCDMF_LumbarInOut_P_Req	CAN Mapping	234	Atlantis High	CCDMF_1	CCDMF_LumbarInOut_P_Req	B-CAN	0 = No_request\n1 = Lumbar_in\n2 = Lumbar_out\n3 = SNA
CCDMF_LumbarUpDown_D_Req	CAN Mapping	235	Atlantis High	CCDMF_1	CCDMF_LumbarUpDown_D_Req	B-CAN	0 = No_request\n1 = Lumbar up\n2 = Lumbar down\n3 = SNA
CCDMF_LumbarUpDown_P_Req	CAN Mapping	236	Atlantis High	CCDMF_1	CCDMF_LumbarUpDown_P_Req	B-CAN	0 = No_request\n1 = Lumbar_up\n2 = Lumbar_down\n3 = SNA
CCDMF_MassageIntensity_D_Tlm	CAN Mapping	237	Atlantis High	CCDMF_1	CCDMF_MassageIntensity_D_Tlm		
CCDMF_MassageIntensity_P_Tlm	CAN Mapping	238	Atlantis High	CCDMF_1	CCDMF_MassageIntensity_P_Tlm		
CCDMF_MassageSw_D_Tlm	CAN Mapping	239	Atlantis High	CCDMF_1	CCDMF_MassageSw_D_Tlm		
CCDMF_MassageSw_P_Tlm	CAN Mapping	240	Atlantis High	CCDMF_1	CCDMF_MassageSw_P_Tlm		
CCDMF_MassageType_D_Tlm	CAN Mapping	241	Atlantis High	CCDMF_1	CCDMF_MassageType_D_Tlm		
CCDMF_MassageType_P_Tlm	CAN Mapping	242	Atlantis High	CCDMF_1	CCDMF_MassageType_P_Tlm		
CCDMF_MaxAC_Rq	CAN Mapping	243	Atlantis High	CCDMF_1	CCDMF_MaxAC_Rq	CAN-B	0 = Not Pressed\n1 = Pressed
CCDMF_MaxDef_Req	CAN Mapping	244	Atlantis High	CCDMF_1	CCDMF_MaxDef_Req	FD	0 - Not Pressed\n1 - Pressed\n
CCDMF_Passenger_Cushion_Massage_Req	CAN Mapping	245	Atlantis High	CCDMF_1	CCDMF_Pass_Cushion_Massage_Req	B-CAN	0 = Not Pressed\n1 = Pressed
CCDMF_Passenger_UpperBack_Massage_Req	CAN Mapping	246	Atlantis High	CCDMF_1	CCDMF_Pass_UpperBack_Massage_Req	B-CAN	0 = Not Pressed\n1 = Pressed
CCDMF_Rear_AUTO_Rq	CAN Mapping	247	Atlantis High	CCDMF_1	CCDMF_Rear_AUTO_Rq	CAN-B	0 = Not Pressed\n1 = Pressed
CCDMF_Rear_Lock_Rq	CAN Mapping	248	Atlantis High	CCDMF_1	CCDMF_Rear_Lock_Rq	CAN-B	0 = Not Pressed\n1 = Pressed
CCDMF_Rear_ModeFloor_Rq	CAN Mapping	249	Atlantis High	CCDMF_1	CCDMF_Rear_ModeFloor_Rq	CAN-B	0 = Not Pressed\n1 = Pressed
CCDMF_Rear_ModePanel_Rq	CAN Mapping	250	Atlantis High	CCDMF_1	CCDMF_Rear_ModePanel_Rq	CAN-B	0 = Not Pressed\n1 = Pressed
CCDMF_Rear_Power_Rq	CAN Mapping	251	Atlantis High	CCDMF_1	CCDMF_Rear_Power_Rq	CAN-B	0 = Not Pressed\n1 = Pressed
CCDMF_Rear_SYNC_Rq	CAN Mapping	252	Atlantis High	CCDMF_1	CCDMF_Rear_SYNC_RQ	CAN-B	0 = Not Pressed\n1 = Pressed
CCDMF_RearDef_Req	CAN Mapping	253	Atlantis High	CCDMF_1	CCDMF_RearDef_Req	FD	0 - Not Pressed\n1 - Pressed\n
CCDMF_Recirc_Req	CAN Mapping	254	Atlantis High	CCDMF_1	CCDMF_Recirc_Req	FD	0 - Not Pressed\n1 - Pressed\n
CCDMF_RQ_DISP_INTS	CAN Mapping	255	Atlantis High	RADIO_B4	CCDMF_RQ_DISP_INTS	CAN-B	8 bit signal\nUnits are %, Factor = 0.5%\n255 = SNA
CCDMF_Stowed_Status	CAN Mapping	256	Atlantis High	CCDMF_1	CCDMF_Stowed_Status	CAN-B	0 = Stowed\n1 = Not_Stowed
CCDMF_ThighBolster_D_Req	CAN Mapping	257	Atlantis High	CCDMF_1	CCDMF_ThighBolster_D_Req	B-CAN	0 = No_request\n1 = Bolster_in\n2 = Bolster_out\n3 = SNA
CCDMF_ThighBolster_P_Req	CAN Mapping	258	Atlantis High	CCDMF_1	CCDMF_ThighBolster_P_Req	B-CAN	0 = No_request\n1 = Bolster_in\n2 = Bolster_out\n3 = SNA
CCDMR_Rear_AUTO_Rq	CAN Mapping	259	Atlantis High	CCDMR_1	CCDMR_Rear_AUTO_Rq	CAN-B	0 = Not Pressed\n1 = Pressed
CCDMR_Rear_HVAC_Func_Rq	CAN Mapping	260	Atlantis High	CCDMR_1	CCDMR_Rear_HVAC_Func_Rq	CAN-B	0 = No Function\n1 = RearTemp_DRV_Inc\n2 = RearTemp_DRV_Dec\n3 = RearTemp_DRV_JUMP\n4 = RearTemp_PAS_Inc\n5 = RearTemp_PAS_Dec\n6 = RearTemp_PAS_JUMP\n7 = RRBlw_Inc\n8 = RRBlw_Dec\n9 = RRBlw_JUMP\n32 = SNA
CCDMR_Rear_HVAC_JUMP_VAL	CAN Mapping	261	Atlantis High	CCDMR_1	CCDMR_Rear_HVAC_JUMP_VAL	CAN-B	7 bit signal
CCDMR_Rear_ModeFloor_Rq	CAN Mapping	262	Atlantis High	CCDMR_1	CCDMR_Rear_ModeFloor_Rq	CAN-B	0 = Not Pressed\n1 = Pressed
CCDMR_Rear_ModePanel_Rq	CAN Mapping	263	Atlantis High	CCDMR_1	CCDMR_Rear_ModePanel_Rq	CAN-B	0 = Not Pressed\n1 = Pressed
CCDMR_Rear_Power_Rq	CAN Mapping	264	Atlantis High	CCDMR_1	CCDMR_Rear_Power_Rq	CAN-B	0 = Not Pressed\n1 = Pressed
CCDMR_Rear_SYNC_Rq	CAN Mapping	265	Atlantis High	CCDMR_1	CCDMR_Rear_SYNC_Rq	CAN-B	0 = Not Pressed\n1 = Pressed
CCDMR_RL_HS_RQ	CAN Mapping	266	Atlantis High	CCDMR_1	RL_HS_CCDMR	BH-CAN	
CCDMR_RL_VS_RQ	CAN Mapping	267	Atlantis High	CCDMR_1	RL_VS_CCDMR	BH-CAN	
CCDMR_RR_HS_RQ	CAN Mapping	268	Atlantis High	CCDMR_1	RR_HS_CCDMR	BH-CAN	
CCDMR_RR_VS_RQ	CAN Mapping	269	Atlantis High	CCDMR_1	RR_VS_CCDMR	BH-CAN	
Cchar1	CAN Mapping	270	Atlantis High	WIFI_CONNECTED_DEVICES	UTF_Char1	FD	8 bit signal
Cchar2	CAN Mapping	271	Atlantis High	WIFI_CONNECTED_DEVICES	UTF_Char2	FD	8 bit signal
Cchar3	CAN Mapping	272	Atlantis High	WIFI_CONNECTED_DEVICES	UTF_Char3	FD	8 bit signal
Cchar4	CAN Mapping	273	Atlantis High	WIFI_CONNECTED_DEVICES	UTF_Char4	FD	8 bit signal
Cchar5	CAN Mapping	274	Atlantis High	WIFI_CONNECTED_DEVICES	UTF_Char5	FD	8 bit signal
Cchar6	CAN Mapping	275	Atlantis High	WIFI_CONNECTED_DEVICES	UTF_Char6	FD	8 bit signal
Cchar7	CAN Mapping	276	Atlantis High	WIFI_CONNECTED_DEVICES	UTF_Char7	FD	8 bit signal
CCLampSts	CAN Mapping	277	Atlantis(&High)	ENGINE10	CruiseControlLampSts	CAN-C	\n0 = Not_inserted\n1 = Inserted
CClientnumber	CAN Mapping	278	Atlantis(&High)	WIFI_CONNECTED_DEVICES	TotalFrameNumber		Atlantis\n4 bit signal
CCMFailSts	CAN Mapping	279	Atlantis High	DRIVETRAIN_FD_1	CCMFailSts	FD	1 bit\n0 = not present\n1 = present
CCSystemSts	CAN Mapping	280	Atlantis(&High)	ENGINE10	CruiseControlSts	CAN-C	0 = Not_inserted\n1 = Inserted\n
Cellsignal	CAN Mapping	281	Atlantis High	TBM_SCHEDULE_FD_2	SignalStrength	FD	0 = 0\n1 = 1\n2 = 2\n3 = 3\n4 = 4\n5 = 5\n7 = SNA
Center_Cluster_Button_Function	CAN Mapping	283	Atlantis High	TELEMATIC_FD_15	Center_Cluster_Button_function	FD	0 = Blank\n1 = Previous\n2 = Next\n3 = Pause/Play\n4 = Tune -\n5 = Tune +\n6 = Mute\n7 = Tag Song\n8 = Tag Artist\n9 = Unmute\n10 =Transfer Call to Device\n11 = Preset -\n12 = Preset +\n13 = Seek Up\n14 = Seek Down\n15 = Next Mode\n16 = Volume -\n17 = Volume +\n31 = SNA
CENTERSTACK2_Climate_btn_1	CAN Mapping	284	Atlantis High	CENTERSTACK2	Climate_btn_1		
CENTERSTACK2_Climate_btn_10	CAN Mapping	285	Atlantis High	CENTERSTACK2	Climate_btn_10		
CENTERSTACK2_Climate_btn_11	CAN Mapping	286	Atlantis High	CENTERSTACK2	Climate_btn_11		
CENTERSTACK2_Climate_btn_12	CAN Mapping	287	Atlantis High	CENTERSTACK2	Climate_btn_12		
CENTERSTACK2_Climate_btn_13	CAN Mapping	288	Atlantis High	CENTERSTACK2	Climate_btn_13		
CENTERSTACK2_Climate_btn_14	CAN Mapping	289	Atlantis High	CENTERSTACK2	Climate_btn_14		
CENTERSTACK2_Climate_btn_15	CAN Mapping	290	Atlantis High	CENTERSTACK2	Climate_btn_15		
CENTERSTACK2_Climate_btn_16	CAN Mapping	291	Atlantis High	CENTERSTACK2	Climate_btn_16		
CENTERSTACK2_Climate_btn_17	CAN Mapping	292	Atlantis High	CENTERSTACK2	Climate_btn_17		
CENTERSTACK2_Climate_btn_18	CAN Mapping	293	Atlantis High	CENTERSTACK2	Climate_btn_18		
CENTERSTACK2_Climate_btn_19	CAN Mapping	294	Atlantis High	CENTERSTACK2	Climate_btn_19		
CENTERSTACK2_Climate_btn_2	CAN Mapping	295	Atlantis High	CENTERSTACK2	Climate_btn_2		
CENTERSTACK2_Climate_btn_20	CAN Mapping	296	Atlantis High	CENTERSTACK2	Climate_btn_20		
CENTERSTACK2_Climate_btn_21	CAN Mapping	297	Atlantis High	CENTERSTACK2	Climate_btn_21		
CENTERSTACK2_Climate_btn_22	CAN Mapping	298	Atlantis High	CENTERSTACK2	Climate_btn_22		
CENTERSTACK2_Climate_btn_23	CAN Mapping	299	Atlantis High	CENTERSTACK2	Climate_btn_23		
CENTERSTACK2_Climate_btn_3	CAN Mapping	300	Atlantis High	CENTERSTACK2	Climate_btn_3		
CENTERSTACK2_Climate_btn_4	CAN Mapping	301	Atlantis High	CENTERSTACK2	Climate_btn_4		
CENTERSTACK2_Climate_btn_5	CAN Mapping	302	Atlantis High	CENTERSTACK2	Climate_btn_5		
CENTERSTACK2_Climate_btn_6	CAN Mapping	303	Atlantis High	CENTERSTACK2	Climate_btn_6		
CENTERSTACK2_Climate_btn_7	CAN Mapping	304	Atlantis High	CENTERSTACK2	Climate_btn_7		
CENTERSTACK2_Climate_btn_8	CAN Mapping	305	Atlantis High	CENTERSTACK2	Climate_btn_8		
CENTERSTACK2_Climate_btn_9	CAN Mapping	306	Atlantis High	CENTERSTACK2	Climate_btn_9		
CFG_Feature	CAN Mapping	307	Atlantis High	TELEMATIC_VEHICLE_SETUP	Trail_Num_Req	FD	
CFG_STAT_RQ	CAN Mapping	308	Atlantis High	TELEMATIC_VEHICLE_SETUP	Trail_Name_Req	FD	
CFrameID	CAN Mapping	309	Atlantis High	TELEMATIC_VEHICLE_SETUP	Trail_Brk_Type_Req	FD	
Charge_Now (see Usage Comment)	CAN Mapping	310	Atlantis High	TELEMATIC_FD_15	ChargeNow	FD	0 = No_Charge\n1 = Charge_Now
Charge_Schedule_Type1	CAN Mapping	311	Atlantis High	CHARGE_SCHEDULE_HU1	Charge_Schedule_Type1	FD	0 - No_Selection\n1 - Standard Charge\n2 - External Charge\n3 - Reserved
Charge_Schedule_Type1_Sts	CAN Mapping	312	Atlantis High	CHARGE_SCHEDULE_HCP1	Charge_Schedule_Type1_Sts	FD	0 - No_Selection\n1 - Standard Charge\n2 - External Charge\n3 - Reserved
Charge_Schedule_Type2	CAN Mapping	313	Atlantis High	CHARGE_SCHEDULE_HU1	Charge_Schedule_Type2	FD	0 - No_Selection\n1 - Standard Charge\n2 - External Charge\n3 - Reserved
Charge_Schedule_Type2_Sts	CAN Mapping	314	Atlantis High	CHARGE_SCHEDULE_HCP1	Charge_Schedule_Type2_Sts	FD	0 - No_Selection\n1 - Standard Charge\n2 - External Charge\n3 - Reserved
ChargeStop	CAN Mapping	316	Atlantis High	TELEMATIC_FD_19	ChargeStop	FD	0 - No_Change\n1 - Charge_Stop
ChargeUntilFull1	CAN Mapping	317	Atlantis High	CHARGE_SCHEDULE_HU1	ChargeUntilFull1	FD	0 = Charge Until Full Not selected\n1 = Charge Until Full
ChargeUntilFull1_Sts	CAN Mapping	318	Atlantis High	CHARGE_SCHEDULE_HCP1	ChargeUntilFull1_Sts	FD	0 = Charge Until Full Not selected\n1 = Charge Until Full
ChargeUntilFull2	CAN Mapping	319	Atlantis High	CHARGE_SCHEDULE_HU1	ChargeUntilFull2	FD	0 = Charge Until Full Not selected\n1 = Charge Until Full
ChargeUntilFull2_Sts	CAN Mapping	320	Atlantis High	CHARGE_SCHEDULE_HCP1	ChargeUntilFull2_Sts	FD	0 = Charge Until Full Not selected\n1 = Charge Until Full
ChargeUntilFull3	CAN Mapping	321	Atlantis High	CHARGE_SCHEDULE_HU1	ChargeUntilFull3	FD	0 = Charge Until Full Not selected\n1 = Charge Until Full
ChargeUntilFull3_Sts	CAN Mapping	322	Atlantis High	CHARGE_SCHEDULE_HCP1	ChargeUntilFull3_Sts	FD	0 = Charge Until Full Not selected\n1 = Charge Until Full
Charging_Contract	CAN Mapping	323	Atlantis High	CHARGE_SCHEDULE_HU1	Charging_Contract	FD	See dbc
Charging_Contract_Sts	CAN Mapping	324	Atlantis High	CHARGE_SCHEDULE_HCP1	Charging_Contract_Sts	FD	See dbc
ChargingDestinationPwr	CAN Mapping	325	Atlantis High	TELEMATIC_FD_15	ChargingDestinationPwr	CAN-FD	0 : No Information available\n63 : No Charging Destination
ChargingDestinationVoltage	CAN Mapping	326	Atlantis High	TELEMATIC_FD_15	ChargingDestinationVoltage	CAN-FD	0 : No Information available\n127 : No Charging Destination
ChargingLevel	CAN Mapping	327	Atlantis High	HYBRID_DISPLAY	ChargingLevelForDisplay	FD	0 = Default_NoLevel\n1 = Level_1_AC\n2 = Level_2_AC\n3 = Level_3_AC\n4 = Level_1_DC\n5 = Level_2_DC\n6 = PlugInNotDet\n7 = PPI_1_No_Drive\n8 = PPI_2_OK_Drive\n15 = SNA
ChargingSysSts	CAN Mapping	330	Atlantis High	HYBRID_DISPLAY	ChargeSystemSts_DPT	FD	See dbc file
CheckFuelCap	CAN Mapping	332	Atlantis High	ENGINE_FD_6	ChkFuelCap	FD	ATLANTIS\n1 bit signal\n0 = Not_Detected\n1 = Detected
ChkFuelLevelSts	CAN Mapping	335	Atlantis High	BCM_FD_6	ChkFuelLevelSts		
ChrgSysFault	CAN Mapping	336	Atlantis High	HYBRID_DISPLAY	ChargeSystemFault_DPT	FD	See dbc file
CHRGSystemFail	CAN Mapping	337	Atlantis High	ENGINE_FD_2	AlternatorFail	FD	ATLANTIS\n1 bit signal\n0 = Alternator_Fail\n1 = Alternator_Not_In_Fail
Clear_Trailer_TPM_Settings	CAN Mapping	341	Atlantis High	Radio_A4	Clear_Trailer_TPM_Settings		
ClearPersonalDataReq	CAN Mapping	342	Atlantis High	TELEMATIC_VEHICLE_SETUP	ClearPersonalDataReq		
ClientSignalStrength	CAN Mapping	343	Atlantis High	TBM_FD_2	WiFi_Network_Signal_Strength		0 = 0\n1 = 1\n2 = 2\n3 = 3\n4 = 4\n5 = 5\n7 = SNA
Climate_Cabin_Temp1	CAN Mapping	344	Atlantis High	CLIMATE_SCHEDULE_HU1	Climate_Cabin_Temp1	FD	See dbc file
Climate_Cabin_Temp2	CAN Mapping	345	Atlantis High	CLIMATE_SCHEDULE_HU1	Climate_Cabin_Temp2	FD	See dbc file
ClimateSchd1_Day	CAN Mapping	346	Atlantis High	CLIMATE_SCHEDULE_HU1	ClimateSchd1_Day	FD	See dbc file
ClimateSchd1_Departure_Hr	CAN Mapping	347	Atlantis High	CLIMATE_SCHEDULE_HU1	ClimateSchd1_Departure_Hr	FD	See dbc file
ClimateSchd1_Departure_Min	CAN Mapping	348	Atlantis High	CLIMATE_SCHEDULE_HU1	ClimateSchd1_Departure_Min	FD	See dbc file
ClimateSchd2_Day	CAN Mapping	349	Atlantis High	CLIMATE_SCHEDULE_HU2	ClimateSchd2_Day	FD	See dbc file
ClimateSchd2_Departure_Hr	CAN Mapping	350	Atlantis High	CLIMATE_SCHEDULE_HU1	ClimateSchd2_Departure_Hr	FD	See dbc file
ClimateSchd2_Departure_Min	CAN Mapping	351	Atlantis High	CLIMATE_SCHEDULE_HU1	ClimateSchd2_Departure_Min	FD	See dbc file
CLIMATIC_PANEL_Climate_btn1	CAN Mapping	352	Atlantis High	CLIMATIC_PANEL	Climate_btn1		
CLIMATIC_PANEL_Climate_btn11	CAN Mapping	353	Atlantis High	CLIMATIC_PANEL	Climate_btn11		
CLIMATIC_PANEL_Climate_btn12	CAN Mapping	354	Atlantis High	CLIMATIC_PANEL	Climate_btn12		
CLIMATIC_PANEL_Climate_btn13	CAN Mapping	355	Atlantis High	CLIMATIC_PANEL	Climate_btn13		
CLIMATIC_PANEL_Climate_btn8	CAN Mapping	356	Atlantis High	CLIMATIC_PANEL	Climate_btn8		
CLIMATIC_PANEL2_Climate_Knob2_DIR	CAN Mapping	357	Atlantis High	CLIMATIC_PANEL2	Climate_Knob2_DIR		
CLIMATIC_PANEL2_Climate_Knob2_VAL	CAN Mapping	358	Atlantis High	CLIMATIC_PANEL2	Climate_Knob2_VAL		
CLIMATIC_PANEL2_Mode_Knob_VAL	CAN Mapping	359	Atlantis High	CLIMATIC_PANEL2	Mode_Knob_VAL		
CLS_LkSw_Psd_D	CAN Mapping	360	Atlantis(&High)	NA	Not		NA
CLS_LkSw_Psd_P	CAN Mapping	361	Atlantis(&High)	NA	Not		NA
CLS_UnlkSw_Psd_D	CAN Mapping	362	Atlantis(&High)	NA	Not		NA
CLS_UnlkSw_Psd_P	CAN Mapping	363	Atlantis(&High)	NA	Not		NA
Cluster_In_Audio_Md	CAN Mapping	364	Atlantis High	IPC_FD_11	Cluster_In_Audio_Md	FD	0 = Not_Active\n1 = Active
CM_TCH_PT_DTV	CAN Mapping	365	Atlantis High	TELEMATIC_FD_5	CM_TCH_PT_DTV	FD	0 = Not Active\n1 = Touch screen pointer for DTV Video Active
CM_TCH_PT_VES	CAN Mapping	367	Atlantis High	TELEMATIC_FD_5	CM_TCH_PT_VES2	FD	1 bit signal
CM_TCH_STAT	CAN Mapping	368	Atlantis High	TELEMATIC_FD_5	CM_TCH_STAT	FD	0 = TCH_NOT_PSD\n1 = TCH_PSD\n2 = TCH_PS_CAN\n3 = Not_Used\n4 = TCH_CFG_RES\n5 = TCH_CFG_OFFSET\n6 = TCH_CFG_MAX\n7 = SNA
CM_TCH_X_COORD	CAN Mapping	369	Atlantis High	TELEMATIC_FD_5	CM_TCH_X_COORD	FD	16 bit signal
CM_TCH_Y_COORD	CAN Mapping	370	Atlantis High	TELEMATIC_FD_5	CM_TCH_Y_COORD	FD	16 bit signal
CmplxInsct_CS	CAN Mapping	371	Atlantis(&High)	SEGMENT	ADAS_Seg_Cmplxlnsct	CAN-B	
ColorZone1	CAN Mapping	372	Atlantis High	RADIO_B4	IntelAmbLight_Color_Zone1	BH	0 = SNA\n1 = Color 1\n2 = Color 2\n3 = Color 3\n4 = Color 4\n5 = Color 5\n6 = Color 6\n7 = Color 7
ColorZone2	CAN Mapping	373	Atlantis High	RADIO_B4	IntelAmbLight_Color_Zone2	BH	0 = SNA\n1 = Color 1\n2 = Color 2\n3 = Color 3\n4 = Color 4\n5 = Color 5\n6 = Color 6\n7 = Color 7
Command_11	CAN Mapping	374	Atlantis High	BCM_FD_14	Command_11Sts	FD	Not_Pressed\nPressed\nSNA
Command_12	CAN Mapping	375	Atlantis High	BCM_FD_14	Command_12Sts	FD	Not_Pressed\nPressed\nSNA
Command_13	CAN Mapping	376	Atlantis High	BCM_FD_14	Command_13Sts	FD	Not_Pressed\nPressed\nSNA
Command_14	CAN Mapping	377	Atlantis High	BCM_FD_14	Command_14Sts	FD	Not_Pressed\nPressed\nSNA
Command_15	CAN Mapping	378	Atlantis High	BCM_FD_14	Command_15Sts	FD	Not_Pressed\nPressed\nSNA
CONDITIONING_REQUIRED_STATUS	CAN Mapping	380	Atlantis High		pending	FD	
Confirm_ClearPersonalData	CAN Mapping	381	Atlantis High	TBM_SCHEDULE_FD_2	ClearPersonalData		
Confirm_RestoreApp	CAN Mapping	382	Atlantis High	TBM_SCHEDULE_FD_2	RestoreApp		
Confirm_RestoreDefaultSetting	CAN Mapping	383	Atlantis High	TBM_SCHEDULE_FD_2	RestoreDefaultSetting		
ConnAck	CAN Mapping	384	Atlantis High	HU_ACK	ConnectedDevices	FD-CAN	0 = Not_Received\n1 = Received
Connect_Now	CAN Mapping	385	Atlantis High	TELEMATIC_FD_15	Connect_Now	FD-CAN	See dbc
ConnectedServActive	CAN Mapping	386	Atlantis High	TBM_FD_1	ConnectedServActive		
ConsumptionUnit	CAN Mapping	387	Atlantis High	IPC_VEHICLE_SETUP	ConsumptionUnit	CAN-B	Atlantis\n3 bit signal\n0 = Km_Per_Litre\n1 = Litres_Per_100Km\n2 = Miles_Per_Gallon_UK\n3 = Miles_Per_Gallon_US\n4 = not_used\n5 = not_used\n6 = not_used\n7 = not_used
Coolent_Level_Stat	CAN Mapping	389	Atlantis High	IPC_FD_3	COOLENT_LEVEL_STAT	FD	0 = Off\n1 = On\n2 = Blinking\n3 = SNA
COOLING_REQUIRED_STATUS	CAN Mapping	390	Atlantis High	ENGINE_FD_8	COOLING_REQUIRED_STATUS	FD	
Cooperative_Status	CAN Mapping	391	Atlantis High	HCP_CHARGING_STAT	Cooperative_Status	FD	0 - Default \n1 - Regular Charging \n2 - External Charging \n3 - ChargeNow Override \n4 - Other reason
Cooperative_Vehicle_Location	CAN Mapping	392	Atlantis High	TBM_COOP_CHARGING	Cooperative_Vehicle_Location	FD	0 - Vehicle not at location\n1 - Vehicle at location
CruiseControlOnOffSts	CAN Mapping	394	Atlantis High	BCM_FD_13	CruiseControlOnOffSts	FD	Not_Active\nActive
CrusCnclSwitch	CAN Mapping	395	Atlantis High	BCM_FD_13	CrusCnclSwitch	FD	N/A
CurrentGearForDisplay	CAN Mapping	396	Atlantis High	TRANSM_FD_4	GearEngaged	FD	4 bit signal\n\n0 = Neutral\n1 = ForwardGear_1\n2 = ForwardGear_2\n3 = ForwardGear_3\n4 = ForwardGear_4\n5 = ForwardGear_5\n6 = ForwardGear_6\n7 = ForwardGear_7\n8 = ForwardGear_8\n9 = ForwardGear_9\n13 = Parking\n14 = ReverseGear\n15 = SNA
CurrentRoadName	CAN Mapping	397	Atlantis High	TELEMATIC_FD_17	Text_Type_NavTbT	FD	0 = No_Text\n1 = Nav_Turn_By_Turn_Info\n2 = Current_Road\n4 = Lane_Guidance_Info\n15 = SNA
CustKeyInIgn	CAN Mapping	398	Atlantis High	RFHUB_FD_1	CustKeyInIgnSts	FD	CUST_KEY_DEFAULT\nCUST_KEY_NOT_IN_IGNITION\nCUST_KEY_IN_IGNITION\nSNA
CycCnt_CS	CAN Mapping	399	Atlantis(&High)	SEGMENT	ADAS_Seg_CycCnt	CAN-B	
DASMChimePriority	CAN Mapping	401	Atlantis(&High)	GW_B_5	Chime_Priority	CAN-BH	
DASMChimeRate	CAN Mapping	402	Atlantis(&High)	GW_B_3	DASM_Chime_RepRate	CAN-BH	
DASMChimeRqLF	CAN Mapping	403	Atlantis High	DASM_FD_2	AS_LF_CHIME_RQ	FD	
DASMChimeRqRF	CAN Mapping	404	Atlantis High	DASM_FD_2	AS_RF_CHIME_RQ	FD	
DASMChimeType	CAN Mapping	405	Atlantis High	DASM_FD_2	AS_CHIME_TYPE	FD	
DateTmDay	CAN Mapping	406	Atlantis High	TELEMATIC_FD_1	Day1_TLM	FD	4 bits each\n0 to 9 (digit 1)\n0 to 9 (digit 2)
DateTmDay	CAN Mapping	406	Atlantis High	TELEMATIC_FD_1	Day2_TLM		4 bits each\n0 to 9 (digit 1)\n0 to 9 (digit 2)
DateTmFormat	CAN Mapping	407	Atlantis High	TELEMATIC_FD_10	DateTmFormat	FD	0 = NDEF0\n1 = FORMAT_12H\n2 = FORMAT_24H\n3 = FORMAT_0\n4 = FORMAT_1\n5 = FORMAT_2\n6 = FORMAT_3\n7 = SNA
DateTmHour	CAN Mapping	409	Atlantis High	TELEMATIC_FD_1	Hour1_TLM	FD	4 bits each\n0 to 9 (digit 1)\n0 to 9 (digit 2)
DateTmHour	CAN Mapping	409	Atlantis High	TELEMATIC_FD_1	Hour2_TLM		4 bits each\n0 to 9 (digit 1)\n0 to 9 (digit 2)
DateTmMinute	CAN Mapping	410	Atlantis High	TELEMATIC_FD_1	Minute1_TLM	FD	4 bits each\n0 to 9 (digit 1)\n0 to 9 (digit 2)
DateTmMinute	CAN Mapping	410	Atlantis High	TELEMATIC_FD_1	Minute2_TLM		4 bits each\n0 to 9 (digit 1)\n0 to 9 (digit 2)
DateTmMonth	CAN Mapping	411	Atlantis High	TELEMATIC_FD_1	Month1_TLM	FD	4 bits each\n0 to 9 (digit 1)\n0 to 9 (digit 2)
DateTmMonth	CAN Mapping	411	Atlantis High	TELEMATIC_FD_1	Month2_TLM		4 bits each\n0 to 9 (digit 1)\n0 to 9 (digit 2)
DateTmSecond	CAN Mapping	412	Atlantis High	TELEMATIC_FD_1	Second1_TLM	FD	4 bits each\n0 to 9 (digit 1)\n0 to 9 (digit 2)
DateTmSecond	CAN Mapping	412	Atlantis High	TELEMATIC_FD_1	Second2_TLM		4 bits each\n0 to 9 (digit 1)\n0 to 9 (digit 2)
DateTmYear	CAN Mapping	413	Atlantis High	TELEMATIC_FD_1	Year1_TLM	FD	4 bits each\n0 to 9 (digit 1)\n0 to 9 (digit 2)\n0 to 9 (digit 3)\n0 to 9 (digit 4)
DateTmYear	CAN Mapping	413	Atlantis High	TELEMATIC_FD_1	Year2_TLM		4 bits each\n0 to 9 (digit 1)\n0 to 9 (digit 2)\n0 to 9 (digit 3)\n0 to 9 (digit 4)
DateTmYear	CAN Mapping	413	Atlantis High	TELEMATIC_FD_1	Year3_TLM		4 bits each\n0 to 9 (digit 1)\n0 to 9 (digit 2)\n0 to 9 (digit 3)\n0 to 9 (digit 4)
DateTmYear	CAN Mapping	413	Atlantis High	TELEMATIC_FD_1	Year4_TLM		4 bits each\n0 to 9 (digit 1)\n0 to 9 (digit 2)\n0 to 9 (digit 3)\n0 to 9 (digit 4)
Day_Night_Mode	CAN Mapping	414	Atlantis High	BCM_FD_27	DAY_LGT_MODE_DISP	FD	ATLANTIS\n0 = Night\n1 = Day
Day_Night_Mode	CAN Mapping	414	Atlantis High	BCM_FD_27	DAY_LGT_MD_DISP		ATLANTIS\n0 = Night\n1 = Day
DC_PwrLev	CAN Mapping	415	Atlantis High	IPC_VEHICLE_SETUP	DC_PwrLev	FD	See dbc file
DC_PwrLev_Req	CAN Mapping	416	Atlantis High	TELEMATIC_VEHICLE_SETUP	DC_PwrLev_Req	FD	See dbc file
DCSD_AC_Req	CAN Mapping	417	Atlantis High	DIS_CENTERSTACK	DCSD_AC	BH	0 - Not Pressed\n1 - Pressed
DCSD_Auto_Req	CAN Mapping	418	Atlantis High	DIS_CENTERSTACK	DCSD_Auto	BH	0 - Not Pressed\n1 - Pressed
DCSD_DISP_STAT	CAN Mapping	420	Atlantis High	DIS_CENTERSTACK	DCSD_DISP_STAT	B-CAN	0 = OFF\n1 = ON\n2 = BLANK\n3 = RR_CMRA\n4 = DISP_HOT\n7 = SNA
DCSD_Enter	CAN Mapping	421	Atlantis High	DIS_CENTERSTACK	DCSD_Enter	CAN-B	0 = Enter_Not_Pressed\n1 = Enter_Pressed
DCSD_FanSpdDown_Req	CAN Mapping	422	Atlantis High	DIS_CENTERSTACK	DCSD_FanSpeedDown	BH	0 - Not Pressed\n1 - Pressed
DCSD_FanSpdUp_Req	CAN Mapping	423	Atlantis High	DIS_CENTERSTACK	DCSD_FanSpeedUp	BH	0 - Not Pressed\n1 - Pressed
DCSD_Front_Defrost	CAN Mapping	424	Atlantis High	DIS_CENTERSTACK	DCSD_Front_Defrost		
DCSD_HVAC_Pwr _Req	CAN Mapping	425	Atlantis High	DIS_CENTERSTACK	DCSD_HVAC_Pwr	BH	0 - Not Pressed\n1 - Pressed
DCSD_LeftTempDown_Req	CAN Mapping	426	Atlantis High	DIS_CENTERSTACK	DCSD_LeftTempDown	BH	0 - Not Pressed\n1 - Pressed
DCSD_LeftTempUp_Req	CAN Mapping	427	Atlantis High	DIS_CENTERSTACK	DCSD_LeftTempUp	BH	0 - Not Pressed\n1 - Pressed
DCSD_MaxDef_Req	CAN Mapping	428	Atlantis High	DIS_CENTERSTACK	DCSD_MaxDef_Req	BH	0 - Not Pressed\n1 - Pressed
DCSD_ModeDefrost_Req	CAN Mapping	429	Atlantis High	DIS_CENTERSTACK	DCSD_ModeDefrost_Req	BH	0 - Not Pressed\n1 - Pressed
DCSD_ModeFoot_Req	CAN Mapping	430	Atlantis High	DIS_CENTERSTACK	DCSD_ModeFoot_Req	BH	0 - Not Pressed\n1 - Pressed
DCSD_ModePanel_Req	CAN Mapping	431	Atlantis High	DIS_CENTERSTACK	DCSD_ModePanel_Req	BH	0 - Not Pressed\n1 - Pressed
DCSD_Power	CAN Mapping	432	Atlantis High	DIS_CENTERSTACK	DCSD_Power	CAN-B	0 = Button_Not_Pressed\n1 = Button_Pressed
DCSD_Rear_Defrost	CAN Mapping	433	Atlantis High	DIS_CENTERSTACK	DCSD_Rear_Defrost		
DCSD_Recirc_Req	CAN Mapping	434	Atlantis High	DIS_CENTERSTACK	DCSD_Recirc	BH	0 - Not Pressed\n1 - Pressed
DCSD_RightTempDown_Req	CAN Mapping	435	Atlantis High	DIS_CENTERSTACK	DCSD_RightTempDown	BH	0 - Not Pressed\n1 - Pressed
DCSD_RightTempUp_Req	CAN Mapping	436	Atlantis High	DIS_CENTERSTACK	DCSD_RightTempUp	BH	0 - Not Pressed\n1 - Pressed
DCSD_Screen_Off	CAN Mapping	437	Atlantis High	DIS_CENTERSTACK	DCSD_Screen_Off	CAN-B	0 = Screen_Off_Not_Pressed\n1 = Screen_Off_Pressed
DCSD_TUNEKNOB_DIR	CAN Mapping	438	Atlantis High	DIS_CENTERSTACK	DCSD_TUNEKNOB_DIR	CAN-B	0 = KNOB_NO_CHNG\n1 = KNOB_INC_POS\n2 = KNOB_DEC_NEG\n3 = KNOB_ENTER
DCSD_TUNEKNOB_VAL	CAN Mapping	439	Atlantis High	DIS_CENTERSTACK	DCSD_TUNEKNOB_VAL	CAN-B	6 bit signal
DCSD_VOLKNOB_DIR	CAN Mapping	440	Atlantis High	DIS_CENTERSTACK	DCSD_VOLKNOB_DIR	CAN-B	0 = KNOB_NO_CHNG\n1 = KNOB_INC_POS\n2 = KNOB_DEC_NEG\n3 = KNOB_ENTER
DCSD_VOLKNOB_VAL	CAN Mapping	441	Atlantis High	DIS_CENTERSTACK	DCSD_VOLKNOB_VAL	CAN-B	6 bit signal
DeceleratorSts	CAN Mapping	442	Atlantis High	BCM_FD_13	DeceleratorSts	FD	Not_Active\nActive
DeckLidState	CAN Mapping	443	Atlantis High	BCM_FD_11	GT_DL_Stat	FD	
DeckLidState	CAN Mapping	443	Atlantis High	TELEMATIC_FD_15	GT_DL_Stat		
Default_App_Request	CAN Mapping	445	Atlantis High	GLOB_TLM	Default_App_Request	FD	0 = No_Request \n1 = Request_to_Reinstall_Factory_Default_Apps
Defrost_Range_Impact	CAN Mapping	446	Atlantis High		pending	FD	
Disarm_Mobile_App_Req	CAN Mapping	447	Atlantis High	TBM_FD_1	Disarm_Mobile_App_Req		
Display_Theme_Selector	CAN Mapping	450	Atlantis High		Display_Synchronization_Rq	FD	
DisplayedSpeedLimSts	CAN Mapping	451	Atlantis High	IPC_FD_4	DisplayedSpeedLimSts	FD	6 bit signal\nsee .dbc for all enumerations\n\nenumerations are set up as: \nfor value x enumeration = Speed_Limit_5x\n\nexcept for:\n0 = Sign_Not_Detected\n62 = Speed_Limit_Unlimited\n63 = End_Speed_Limit
DisplaySts	CAN Mapping	452	Atlantis(&High)	HAPTIC1	DisplaySts	CAN-BH	\n0 = LaneSense_OFF\n1 = LaneSense_ON_HF_ NotA\n2 = SingleLine_Left\n3 = SingleLine_Right\n4 = ON_HF_NotA_NHTSA_on_Left\n5 = ON_HF_NotA_NHTSA _on_Right\n6 = ON_HF_Armed\n7 = ON_HF_Left_SingleLine_Left\n8 = ON_HF_Left_side\n9 = ON_HF_Right_SingleLine_Right\n10 = ON_HF_Right_side\n11 = ON_HF_Left_ NHTSA_on_Left\n12 = ON_HF_Right_NHTSA_on_Right\n13 = ON\n14 = ON_HF_Left_RoadEdge\n15 = ON_HF_Right_RoadEdge\n16 = ON_HF_SingleLeft_NHTSA_RoadEdge\n17 = ON_HF_SingleRight_NHTSA_RoadEdge\n18 = ON_HF_SingleLeft_RoadEdge\n19 = ON_HF_SingleRight_RoadEdge\n20 = ON_HF_SingleLeft_NHTSA\n21 = ON_HF_SingleRight_NHTSA\n22 = ON_HF_Left_NHTSA_RoadEdge\n23 = ON_HF_Right_NHTSA_RoadEdge\n24 = ON_HF_Stay_In_Lane_White\n25 = ON_HF_Stay_In_Lane_Green\n26 = ON_HF_Stay_In_Lane_Yellow\n27 = ON_HF_Stay_In_Lane_Yellow_Flashing\n88 = ELK_HF_Left_NHTSA_on_Left\n89 = ELK_HF_Right_NHTSA_on_Right\n90 = ELK_HF_Left_NHTSA_RoadEdge\n91 = ELK_HF_Right_NHTSA_RoadEdge\n92 = ELK_HF_Left_RoadEdge\n93 = ELK_HF_Right_RoadEdge\n94 = ELK_HF_Left\n95 = ELK_HF_Right\n97 = ON_HF_NotA_NoHands\n98 = SingleLine_Left_marker_NoHands\n99 = SingleLine_Right_marker_NoHands\n100 = ON_HF_NotA_NHTSA_on_Left_NoHand\n101 = ON_HF_NotA_NHTSA_on_Right_NoHand\n102 = ON_HF_Armed_NoHands\n103 = ON_HF_Left_SingleLine_Left_NoHand\n104 = ON_HF_Left_NoHands\n105 = ON_HF_Right_ SingleLine_R_NoHand\n106 = ON_HF_Right_NoHands\n107 = ON_HF_Left_NHTSA_on_Left_NoHand\n108 = ON_HF_Right_NHTSA_on_R_NoHand\n109 = ON_HF_SingleLeft_NHTSA_NoHand\n110 = ON_HF_SingleRight_NHTSA_NoHand\n111 = ON_HF_Left_RoadEdgeNoHand\n112 = ON_HF_Right_RoadEdgeNoHand\n113 = ON_HF_SingleLeft_RoadEdgeNoHand\n114 = ON_HF_SingleRight_RoadEdgeNoHand\n115 = ON_HF_Left_NHTSA_RoadEdgeNoHand\n116 = ON_HF_Right_NHTSA_RoadEdgeNoHand\n117 = ON_HF_SLeft_NHTSARoadEdgeNoHand\n118 = ON_HF_SRight_NHTSARoadEdgeNoHand\n119 = ECE_ON_HF_Left_NHTSA_on_Left\n120 = ECE_ON_HF_Right_NHTSA_on_Right\n160 = Sensor_Blinded\n161 = LaneSense_Temp _Unavailable\n162 = Blinded_LaneSense_AHBC_ON\n240 = LaneSense_Fault\n255 = SNA
DisplaySync_Req	CAN Mapping	453	Atlantis High	TELEMATIC_FD_1	Display_Synch_Req	FD	see DBC
DisplaySync_Sts	CAN Mapping	454	Atlantis High	IPC_VEHICLE_SETUP2	Display_Synch	FD	see DBC
Dist_to_Dest	CAN Mapping	455	Atlantis High	TELEMATIC_FD_15	DIST_TO_DEST	FD	16 bit signal\n\n65535 = SNA
Dist_Units	CAN Mapping	456	Atlantis High	TELEMATIC_FD_15	DIST_UNITS	FD	0 = NO_UNITS\n1 = MILE\n2 = FEET\n3 = KM\n4 = METER\n5 = YARD\n7 = SNA
DistanceToCharge	CAN Mapping	457	Atlantis High	TELEMATIC_FD_15	DistanceToCharge	CAN-FD	0 : No Information available\n127 : No Charging Destination
DistanceToService	CAN Mapping	458	Atlantis High	SERVICEINFO2	DistanceToService	CAN-B	ATLANTIS\n17 bit\n0 = initialization\n131071 = SNA
DistanceUnit	CAN Mapping	459	Atlantis High	IPC_VEHICLE_SETUP	DistanceUnit	FD	Atlantis\n1 bit signal\n0 = km\n1 = miles
Divided_Road_CS	CAN Mapping	460	Atlantis(&High)	SEGMENT	ADAS_Seg_DividedRoad	CAN-B	
Divided_Road_CS	CAN Mapping	461	Atlantis High	TELEMATIC_FD_11	Divided_Road_CS	FD	0 = Sgmnt_Not_Dvded_Rd_or_Dual_crrig\n1 = Sgmnt_Prt_Dvded_Rd_or_Dual_crrig\n2 = Unknown\n3 = NA
DNTMD_Sft_Btn_request	CAN Mapping	462	Atlantis High		pending	FD	
DNTMD_Sft_Btn_status	CAN Mapping	463	Atlantis High		pending	FD	
Do_Not_Repeat1	CAN Mapping	464	Atlantis High	CHARGE_SCHEDULE_HU1	Do_Not_Repeat1	FD	0 = Repeat (Unchecked)\n1 = Do Not Repeat (Checked)
Do_Not_Repeat1_Sts	CAN Mapping	465	Atlantis High	CHARGE_SCHEDULE_HCP1	Do_Not_Repeat1_Sts	FD	0 = Repeat (Unchecked)\n1 = Do Not Repeat (Checked)
Do_Not_Repeat2	CAN Mapping	466	Atlantis High	CHARGE_SCHEDULE_HU1	Do_Not_Repeat2	FD	0 = Repeat (Unchecked)\n1 = Do Not Repeat (Checked)
Do_Not_Repeat2_Sts	CAN Mapping	467	Atlantis High	CHARGE_SCHEDULE_HCP1	Do_Not_Repeat2_Sts	FD	0 = Repeat (Unchecked)\n1 = Do Not Repeat (Checked)
Do_Not_Repeat3	CAN Mapping	468	Atlantis High	CHARGE_SCHEDULE_HU1	Do_Not_Repeat3	FD	0 = Repeat (Unchecked)\n1 = Do Not Repeat (Checked)
Do_Not_Repeat3_Sts	CAN Mapping	469	Atlantis(&High)		Do_Not_Repeat3_Sts		See dbc
Do_Not_Repeat3_Sts	CAN Mapping	470	Atlantis High	CHARGE_SCHEDULE_HCP1	Do_Not_Repeat3_Sts	FD	See dbc
DonutMode_Sft_Btn_Req	CAN Mapping	471	Atlantis High	TELEMATIC_FD_15	DonutMode_Sft_Btn_Req	FD	0 - Not Pressed\n1 - Pressed
Door_Ajar_Status	CAN Mapping	473	Atlantis High	STATUS_BH_BCM1	BonnetSts	CAN-B	ATLANTIS\n1 bit signal\n0 = Closed\n1 = Open
DoorLockStatus	CAN Mapping	475	Atlantis High	BCM_FD_9	DoorLockLastElSts	FD	0 = Locked\n1 = Driver_Door_Unlocked\n2 = All_Door_Unlocked\n3 = SNA
DpfDefWarningStatus	CAN Mapping	477	Atlantis High	IPC_FD_3	DEF_STAT	FD	ATLANTIS\n2 bit signal\n0 = Off\n1 = On\n2 = Blinking\n3 = SNA
DR_MM_Lat	CAN Mapping	478	Atlantis High	TELEMATIC_FD_9	DR_MM_Lat	FD	32 bit signal\n\nUnits are mas\nOffset = -324000000\nFactor = 0.3017485143\nRange is -324000000 to 324000000
DR_MM_Long	CAN Mapping	479	Atlantis High	TELEMATIC_FD_9	DR_MM_Long	FD	32 bit signal\n\nUnits are mas\nOffset = -324000000\nFactor = 0.3017485143\nRange is -324000000 to 324000000
DRFTMD_Sft_Btn_request	CAN Mapping	480	Atlantis High		pending	FD	
DRFTMD_Sft_Btn_status	CAN Mapping	481	Atlantis High		pending	FD	
DriftMode_Slip_Limit_Req	CAN Mapping	483	Atlantis High	TELEMATIC_FD_15	DriftMode_Slip_Limit_Req	FD	0 - Low\n1 - Medium\n2 - High\n3 - Reserved
DriftMode_Slip_Limit_Sts	CAN Mapping	484	Atlantis High	BRAKE_FD_5	DriftMode_Slip_Limit_Sts	FD	0 - Low\n1 - Medium\n2 - High\n3 - SNA
DriveMdstat	CAN Mapping	486	Atlantis High	HYBRID_POWERTRAIN1	DriveModeSts	FD	Atlantis\n4 bit signal\n\n0 = Drive_Mode_Unavailable\n1 = Eco_Drive\n2 = Sport_Hybrid\n4 = ESave\n8 = Electric\n15 = SNA
DriveModeSts_EPT	CAN Mapping	487	Atlantis High	HYBRID_POWERTRAIN1	DriveModeSts_EPT		
Driver_Adjust_Req	CAN Mapping	488	Atlantis High	Driver_Door	Driver_Adjust_Req	CAN-BH	
Driver_Backrest_Req	CAN Mapping	489	Atlantis High	DRIVER_DOOR	Driver_Backrest_Req		
Driver_Cushion_Back_Tlm	CAN Mapping	490	Atlantis High	RADIO_B5	Driver_Cushion_Back_Tlm	B	0 = Not_Pressed\n1 = Pressed
Driver_Cushion_ExtendRetract_Req	CAN Mapping	491	Atlantis High	DRIVER_DOOR	Driver_Cushion_ExtendRetract_Req		
Driver_Cushion_Massage_Stat	CAN Mapping	492	Atlantis High	MASSAGE_DRIVER	Driver_Cushion_Massage_Stat	B-CAN	0 = Not_Selected\n1 = Selected
Driver_Cushion_Slide_ForeAft_Req	CAN Mapping	493	Atlantis High	DRIVER_DOOR	Driver_Cushion_Slide_ForeAft_Req		
Driver_Cushion_Slide_UpDown_Req	CAN Mapping	494	Atlantis High	DRIVER_DOOR	Driver_Cushion_Slide_UpDown_Req		
Driver_Cushion_Tilt_Req	CAN Mapping	495	Atlantis High	DRIVER_DOOR	Driver_Cushion_Tilt_Req		
Driver_Headrest_Req	CAN Mapping	496	Atlantis High	DRIVER_DOOR	Driver_Headrest_Req		
Driver_Recline_Req	CAN Mapping	497	Atlantis High	DRIVER_DOOR	Driver_Recline_Req		
Driver_UpperBack_Massage_Stat	CAN Mapping	498	Atlantis High	MASSAGE_DRIVER	Driver_UpperBack_Massage_Stat	B-CAN	0 = Not_Selected\n1 = Selected
DriverBelt	CAN Mapping	499	Atlantis High	ORC_FD_1	SBR1RowDriverSeatSts	FD	ATLANTIS\n2 bit signal\n0 = Seat_Belt_Fasten\n1 = Seat_Belt_Not_Fasten\n3 = SNA
DriverDoorSts	CAN Mapping	501	Atlantis High	STATUS_BH_BCM1	DriverDoorSts	CAN-B	1 bit signal\n0 = Closed\n1 = Open
DriverDoorSts	CAN Mapping	501	Atlantis High	BCM_FD_9	DriverDoorSts	FD	1 bit signal\n0 = Closed\n1 = Open
DriveReady	CAN Mapping	502	Atlantis High	ENGINE_SIMULATOR3	DriveReady_PT1	FD	0 = Default\n1 = Vehicle_is_allowed_to_shift_out_of_park_or_neutral
DriverRecall	CAN Mapping	503	Atlantis High	MEM_D_POS	Mem_D_Pos_Rq	CAN-B	ATLANTIS\n2 bit signal\n0 = Not_Pressed\n1 = MemPos1_Pressed\n2 = MemPos2_Pressed\n3 = SNA
DriverRecall2	CAN Mapping	504	Atlantis High	MEM_SEAT3a	Mem_Driv_Pos_Rq	FD	ATLANTIS\n3 bit signal\n0=Not_Pressed\n1=MemPos1_Pressed\n2=MemPos2_Pressed\n3=MemPos3_Pressed\n7=SNA
DriveStyleStatus	CAN Mapping	505	Atlantis High	BCM_FD_10	DriveStyleSts	FD	5 bit signal\n0=Normal\n1=City\n2=Sport_Fun\n3=Winter_Race\n4=Eco\n5=TracPlus\n6=Trekking\n7=Auto\n8=Snow\n9=Sand\n10=Mud\n11=Rock\n12=Race\n31=SNA
DRLFault	CAN Mapping	506	Atlantis High	EXTERNAL_LIGHTS	DRLFault	CAN-B	1 bit signal\n0 = False \n1 = True
Drv_BolsterReq	CAN Mapping	507	Atlantis High	DRIVER_SEAT	Drv_BolsterReq		
Drv_BolsterReq	CAN Mapping	507	Atlantis High	CENTERSTACK3	CushionBolster_Driv_Req		
DRV_MD_Sts	CAN Mapping	508	Atlantis High	TRANSM_FD_4	DriveModeSts	FD	4 bit signal\n\n0 = No_programs_available_selected\n1 = Eco\n2 = Sport\n3 = Valet\n4 = Ice_Winter\n5 = Tow_Haul\n6 = Track\n7 = 4LowMode\n8 = HDC/SSC\n9 = Rock\n10 = Sand\n11 = Mud\n12 = Normal\n13 = Mud_Sand\n14 = not_used\n15 = not_used
DrvMdHMI_2	CAN Mapping	510	Atlantis High	BCM_FD_11	DrvMdHMI_2	FD	0 = FALSE\n1 = TRUE
DrvMdHMI_3	CAN Mapping	511	Atlantis High	BCM_FD_11	DrvMdHMI_3	FD	0 = FALSE\n1 = TRUE
DrvMdHMI_4	CAN Mapping	512	Atlantis High	BCM_FD_11	DrvMdHMI_4	FD	0 = FALSE\n1 = TRUE
DrvRqShftROT	CAN Mapping	518	Atlantis High	TRANSM_FD_4	ShiftLeverPosition	FD	No_Selection_Active_Or_Available\nP\nR\nN\nD\nL\nTIP_Autostick\nPlus\nMinus\nSport\nNot_Used\nNot_Used\nNot_Used\nNot_Used\nNot_Used\nSNA
DrvSide	CAN Mapping	519	Atlantis High	TELEMATIC_FD_11	DrvSide	FD	0 = Left\n1 = Right
E_Call_BtnStat	CAN Mapping	579	Atlantis High	STATUS_BH_IPC	E_CALL_PSD	CAN-B	\n1 bit\n0 = not pressed\n1 = Pressed\n
E_Call_Stat	CAN Mapping	580	Atlantis High	STATUS_TELEMATIC	E_CALL_STAT	CAN-B	2 bits\n0 = OFF\n1 = CONT\n2 = BLINK\n3 = SNA 
E_Coasting_Req	CAN Mapping	581	Atlantis High	TELEMATIC_FD_19	E_Coasting_Req	FD	0 - Reserved\n1 - Level 1\n2 - Level 2\n3 - Level 3\n4 - Level 4\n5 - Level 5\n6 - Reserved\n7 - SNA
E_Coasting_Sts	CAN Mapping	582	Atlantis High		pending	FD	0 - Not available\n1 - Level1\n2 - Level2\n3 - Level3\n4 - Level4\n5 - Level5\n6 - Level0\n7 - SNA
E_Coasting_Sts	CAN Mapping	582	Atlantis High		message	FD	0 - Not available\n1 - Level1\n2 - Level2\n3 - Level3\n4 - Level4\n5 - Level5\n6 - Level0\n7 - SNA
E_Coasting_Sts	CAN Mapping	582	Atlantis High		name	FD	0 - Not available\n1 - Level1\n2 - Level2\n3 - Level3\n4 - Level4\n5 - Level5\n6 - Level0\n7 - SNA
E_Coasting_Sys_Sts	CAN Mapping	583	Atlantis High	HYBRID_DISPLAY	PopUpMessage12	FD	0 - MaxRegen_OFF\n1 - MaxRegen_ON\n2 - MaxRegen_Unavailable\n3 - Not_Defined
EB_Stat3	CAN Mapping	585	Atlantis High	ENGINE_FD_DIESEL	EB_Stat3	FD	0=EB_OFF \n1=EB_ON\n2=EB_LT\n3=EB_MED\n4=EB_HVY \n5=EB_SMART\n7=SNA
EB_SW_PSD_HU	CAN Mapping	586	Atlantis High	TELEMATIC_FD_13	EB_SW_PSD_HU	FD	0=Not_Pressed\n1=Pressed
EBL_Stat	CAN Mapping	587	Atlantis High	BODY_CNTRL3	EBL_Stat	CAN-B	ATLANTIS\n0 = Off\n1 = On\n2 = Blink\n3 = SNA
EBL_Stat	CAN Mapping	587	Atlantis High	BCM_FD_27	EBL_Stat	FD	ATLANTIS\n0 = Off\n1 = On\n2 = Blink\n3 = SNA
eBoost_Availability	CAN Mapping	588	Atlantis High		pending	FD	
eBoost_Availability	CAN Mapping	589	Atlantis High		pending	FD	
EC_Mirror_SK_Request	CAN Mapping	590	Atlantis High	TELEMATIC_VEHICLE_SETUP	EC_Mirror_SK_Request	BH-CAN	See dbc
EC_MirrStat	CAN Mapping	591	Atlantis High	BODY_CNTRL3	EC_MirrStat	BH-CAN	0 = OFF\n1 = ON\n2 = DNA\n3 = SNA
ECharge_SOC	CAN Mapping	593	Atlantis High	IPC_VEHICLE_SETUP	ECharge_SOC	FD	See dbc file
ECharge_SOC_req	CAN Mapping	594	Atlantis High	TELEMATIC_VEHICLE_SETUP	Echarge_SOC_req	FD	See dbc file
Eco_Mode	CAN Mapping	596	Atlantis High	BCM_FD_26	E_Mode_Sts	FD	0 - ECO_OFF\n1 - ECO_ON\n2 - ECO_UNAVAIL\n3 - SNA
Eco_Mode	CAN Mapping	597	Atlantis High	BCM_FD_11	E_Mode_Sts	FD	0 = ECO_OFF\n1 = ECO_ON\n2 = ECO_UNAVAIL\n3 = SNA
EconShftRq	CAN Mapping	599	Atlantis High	ENGINE_FD_6	GearShiftIndication	FD	Atlantis\n2 bit signal\n0 = No_Gearshift_Suggestion_by_ECM\n1 = Downshift_Suggestion_by_ECM\n2 = Upshift_Suggestion_by_ECM\n3 = Strategy_Not_Available_ECM_Fail
EDM#1_Power	CAN Mapping	600	Atlantis High		pending	FD	
EDM#1_Power	CAN Mapping	600	Atlantis High		1_Power	FD	
EDM#1_Power	CAN Mapping	601	Atlantis High		pending	FD	
EDM#1_Temp	CAN Mapping	602	Atlantis High		pending	FD	
EDM#1_Temp	CAN Mapping	602	Atlantis High		1_Temp	FD	
EDM#1_Temp	CAN Mapping	603	Atlantis High		pending	FD	
EDM#1_Torque	CAN Mapping	604	Atlantis High		pending	FD	
EDM#1_Torque	CAN Mapping	604	Atlantis High		1_Torque	FD	
EDM#1_Torque	CAN Mapping	605	Atlantis High		pending	FD	
EDM#2_Power	CAN Mapping	606	Atlantis High		pending	FD	
EDM#2_Power	CAN Mapping	606	Atlantis High		2_Power	FD	
EDM#2_Power	CAN Mapping	607	Atlantis High		pending	FD	
EDM#2_Temp	CAN Mapping	608	Atlantis High		pending	FD	
EDM#2_Temp	CAN Mapping	608	Atlantis High		2_Temp	FD	
EDM#2_Temp	CAN Mapping	609	Atlantis High		pending	FD	
EDM#2_Torque	CAN Mapping	610	Atlantis High		pending	FD	
EDM#2_Torque	CAN Mapping	610	Atlantis High		2_Torque	FD	
EDM#2_Torque	CAN Mapping	611	Atlantis High		pending	FD	
EffSpdLmt_CS	CAN Mapping	612	Atlantis High	TELEMATIC_FD_11	EffSpdLmt_CS	FD	5 bit signal\n\nSee .dbc for enumeration values
EffSpdLmt_NS	CAN Mapping	613	Atlantis High	TELEMATIC_FD_11	EffSpdLmt_NS	FD	5 bit signal\n\nSee .dbc for enumeration values
EffSpdLmtType_CS	CAN Mapping	614	Atlantis High	TELEMATIC_FD_11	EffSpdLmtType_CS	FD-CAN8	0 = Implicit\n1 = Explicit_On_Traffic_Sign\n2 = Explicit_Night\n3 = Explicit_Day\n4 = Explicit_Time_of_day\n5 = Explicit_Rain\n6 = Explicit_Snow\n7 = Unknown
Elec_Stab_stst	CAN Mapping	615	Atlantis High	IPC_FD_3	ELEC_STAB_STAT	FD	0 = Off\n1 = On\n2 = Blinking\n3 = SNA
Electric_Wrench_Stat	CAN Mapping	618	Atlantis High	IPC_FD_3	ELECTRIC_WRENCH_STAT	FD	0 = Off\n1 = On\n2 = Blinking\n3 = SNA
ElectricSteeringFailSts	CAN Mapping	619	Atlantis High	BCM_FD_2	EPS_Warn_Disp_Rq	FD	Atlantis\n3 bit signal (EPS_Warn_Disp_Rq)\n0 = OK (EPS function active)\n1 = ERR (Warning - Service power steering)\n2 = ERR2 (Warning - Power steering-over temp)\n3 = SERV_HI (Service Required - High Priority )\n7 = SNA
Electrochromic_Fail	CAN Mapping	620	Atlantis High	STATUS_PTCM	ElechtrocromicFailSts	BH-CAN	0x0 = Fail_Not_Present\n0x1 = Fail_Present
Electrochromic_Stat	CAN Mapping	621	Atlantis High	STATUS_PTCM	ElechtrocromicSts	BH-CAN	0x0 = ON\n0x1 = OFF
Emerg_Siren_Detected	CAN Mapping	622	Atlantis High	TELEMATIC_FD_5	Emerg_Siren_Detected	FD	00 = Not Detected\n01 = Detected\n03 = SNA
EModeSwPsd	CAN Mapping	624	Atlantis High	TELEMATIC_FD_15	EModeSwPsd	FD	0 - DEFAULT\n1 - SW_NOT_PSD\n2 - SW_PSD\n3 - SNA
Enable_ClimateSchd1	CAN Mapping	626	Atlantis High	CLIMATE_SCHEDULE_HU1	Enable_ClimateSchd1	FD	See dbc file
Enable_ClimateSchd1_Sts	CAN Mapping	627	Atlantis High	CLIMATE_SCHEDULE_HCP1	Enable_ClimateSchd1_Sts	FD	See dbc file
Enable_ClimateSchd2	CAN Mapping	628	Atlantis High	CLIMATE_SCHEDULE_HU1	Enable_ClimateSchd2	FD	See dbc file
Enable_ClimateSchd2_Sts	CAN Mapping	629	Atlantis High	CLIMATE_SCHEDULE_HCP1	Enable_ClimateSchd2_Sts	FD	See dbc file
Enable_Schedule1	CAN Mapping	630	Atlantis High	CHARGE_SCHEDULE_HU1	Enable_Schedule1	FD	See dbc
Enable_Schedule2	CAN Mapping	631	Atlantis High	CHARGE_SCHEDULE_HU1	Enable_Schedule2	FD	See dbc
Enable_Schedule3	CAN Mapping	632	Atlantis High	CHARGE_SCHEDULE_HU1	Enable_Schedule3	FD	See dbc
End_Time_Hr1	CAN Mapping	634	Atlantis High	CHARGE_SCHEDULE_HU1	End_Time_Hr1	FD	5 bit signal\n\nUnits are Hours\nOffset = 0\nFactor = 1\nRange is 0 - 23\n\nSNA = 31
End_Time_Hr1_Sts	CAN Mapping	635	Atlantis High	CHARGE_SCHEDULE_HCP1	End_Time_Hr1_Sts	FD	5 bit signal\n\nUnits are Hours\nOffset = 0\nFactor = 1\nRange is 0 - 23\n\nSNA = 31
End_Time_Hr2	CAN Mapping	636	Atlantis High	CHARGE_SCHEDULE_HU1	End_Time_Hr2	FD	5 bit signal\n\nUnits are Hours\nOffset = 0\nFactor = 1\nRange is 0 - 23\n\nSNA = 31
End_Time_Hr2_Sts	CAN Mapping	637	Atlantis High	CHARGE_SCHEDULE_HCP1	End_Time_Hr2_Sts	FD	5 bit signal\n\nUnits are Hours\nOffset = 0\nFactor = 1\nRange is 0 - 23\n\nSNA = 31
End_Time_Hr3	CAN Mapping	638	Atlantis High	CHARGE_SCHEDULE_HU1	End_Time_Hr3	FD	5 bit signal\n\nUnits are Hours\nOffset = 0\nFactor = 1\nRange is 0 - 23\n\nSNA = 31
End_Time_Hr3_Sts	CAN Mapping	639	Atlantis(&High)		End_Time_Hr3_Sts		See dbc
End_Time_Hr3_Sts	CAN Mapping	640	Atlantis High	CHARGE_SCHEDULE_HCP1	End_Time_Hr3_Sts	FD	See dbc
End_Time_Min1	CAN Mapping	641	Atlantis High	CHARGE_SCHEDULE_HU1	End_Time_Min1	FD	4 bit signal\n\nUnits are Min\nOffset = 0\nFactor = 5\nRange is 0 - 55\n\nSNA = 15
End_Time_Min1_Sts	CAN Mapping	642	Atlantis High	CHARGE_SCHEDULE_HCP1	End_Time_Min1_Sts	FD	4 bit signal\n\nUnits are Min\nOffset = 0\nFactor = 5\nRange is 0 - 55\n\nSNA = 15
End_Time_Min2	CAN Mapping	643	Atlantis High	CHARGE_SCHEDULE_HU1	End_Time_Min2	FD	4 bit signal\n\nUnits are Min\nOffset = 0\nFactor = 5\nRange is 0 - 55\n\nSNA = 15
End_Time_Min2_Sts	CAN Mapping	644	Atlantis High	CHARGE_SCHEDULE_HCP1	End_Time_Min2_Sts	FD	4 bit signal\n\nUnits are Min\nOffset = 0\nFactor = 5\nRange is 0 - 55\n\nSNA = 15
End_Time_Min3	CAN Mapping	645	Atlantis High	CHARGE_SCHEDULE_HU1	End_Time_Min3	FD	4 bit signal\n\nUnits are Min\nOffset = 0\nFactor = 5\nRange is 0 - 55\n\nSNA = 15
End_Time_Min3_Sts	CAN Mapping	646	Atlantis(&High)		End_Time_Min3_Sts		See dbc
End_Time_Min3_Sts	CAN Mapping	647	Atlantis High	CHARGE_SCHEDULE_HCP1	End_Time_Min3_Sts	FD	See dbc
Energy_Rate	CAN Mapping	648	Atlantis High	HCP_CHARGING_STAT	Energy_to_Battery	FD	see dbc
EngCoolTemp	CAN Mapping	651	Atlantis High	ENGINE_FD_6	EngineWaterTemp	See dbc	See dbc
Engine_MIL_Stat	CAN Mapping	653	Atlantis High	IPC_FD_3	ENGINE_MIL_STAT	FD	0 = Off\n1 = On\n2 = Blinking\n3 = SNA
Engine_Temp_Stat	CAN Mapping	654	Atlantis High	IPC_FD_3	ENGINE_TEMP_STAT	FD	0 = Off\n1 = On\n2 = Blinking\n3 = SNA
EngineCoolant	CAN Mapping	656	Atlantis High	BCM_FD_12	EngCoolTemp	FD	8 bit signal\n\nUnits are degrees C\nOffset = -40\nRange is -40 to 214\n\nSNA = 255
EngineOilOverTemp	CAN Mapping	657	Atlantis High	ENGINE_FD_6	EngineOilTemp	FD	ATLANTIS\n3 bit signal\n0 = Not_Used\n1 = First_Level\n2 = Second_Level\n3 = Third_Level\n4 = Fourth_Level\n5 = Fifth_Level\n6 = Sixth_Level\n7 = SNA
EngineOilOverTemp	CAN Mapping	657	Atlantis High	ENGINE_FD_3	OIL_TMP_IND_RQ		ATLANTIS\n3 bit signal\n0 = Not_Used\n1 = First_Level\n2 = Second_Level\n3 = Third_Level\n4 = Fourth_Level\n5 = Fifth_Level\n6 = Sixth_Level\n7 = SNA
EngineRPM	CAN Mapping	658	Atlantis High	STATUS_CCAN5	EngineSpeed	CAN-B	ATLANTIS\n14 bit signal (EngineSpeed)\n0-16382 rpm\nresolution = 1 rpm\n\n1 bit signal (EngineSpeedFailSts)\n0 = Fail_not_present\n1 = Fail_present
EngineRPM	CAN Mapping	658	Atlantis High	STATUS_CCAN5	EngineSpeedFailSts	CAN-FD	ATLANTIS\n14 bit signal (EngineSpeed)\n0-16382 rpm\nresolution = 1 rpm\n\n1 bit signal (EngineSpeedFailSts)\n0 = Fail_not_present\n1 = Fail_present
EngineRPM	CAN Mapping	658	Atlantis High		Signals		ATLANTIS\n14 bit signal (EngineSpeed)\n0-16382 rpm\nresolution = 1 rpm\n\n1 bit signal (EngineSpeedFailSts)\n0 = Fail_not_present\n1 = Fail_present
EngineRPM	CAN Mapping	658	Atlantis High		MASAH		ATLANTIS\n14 bit signal (EngineSpeed)\n0-16382 rpm\nresolution = 1 rpm\n\n1 bit signal (EngineSpeedFailSts)\n0 = Fail_not_present\n1 = Fail_present
EngineRPM	CAN Mapping	658	Atlantis High	ENGINE_FD_2	EngineSpeed_W		ATLANTIS\n14 bit signal (EngineSpeed)\n0-16382 rpm\nresolution = 1 rpm\n\n1 bit signal (EngineSpeedFailSts)\n0 = Fail_not_present\n1 = Fail_present
EngineRPM	CAN Mapping	658	Atlantis High	ENGINE_FD_2	EngineSts_W		ATLANTIS\n14 bit signal (EngineSpeed)\n0-16382 rpm\nresolution = 1 rpm\n\n1 bit signal (EngineSpeedFailSts)\n0 = Fail_not_present\n1 = Fail_present
EngineRPM	CAN Mapping	658	Atlantis High	STATUS_CCAN3	EngineSts		ATLANTIS\n14 bit signal (EngineSpeed)\n0-16382 rpm\nresolution = 1 rpm\n\n1 bit signal (EngineSpeedFailSts)\n0 = Fail_not_present\n1 = Fail_present
EngineSts	CAN Mapping	659	Atlantis High	STATUS_CCAN3	EngineSts	CAN-B	0 = Engine_Off\n1 = Engine_Cranking\n2 = Engine_On\n3 = SNA
EngineSts	CAN Mapping	659	Atlantis High	ENGINE_FD_2	EngineSts	FD	0 = Engine_Off\n1 = Engine_Cranking\n2 = Engine_On\n3 = SNA
EngineTorque	CAN Mapping	660	Atlantis High	ENGINE_FD_4	EngineTorque	FD	ATLANTIS\n11 bit signal \n-500 - 1546 nm\nResolution =1 nm\n
EngLoad	CAN Mapping	662	Atlantis High	OBD_CONTENT_FRAME	LoadOBD	FD	ATLANTIS\n8 bit\n0 - +100%\nresolution = 0.3922%
EngPwrUsageDisp	CAN Mapping	663	Atlantis High	HYBRID_DISPLAY	EnginePowerUse_Display	FD	10 bit display\n\nunits are kW\nOffset = 0\nFactor = 1\nRange is 0 to 1023
EngPwrUsageDisp_V	CAN Mapping	664	Atlantis High	HYBRID_DISPLAY	EnginePowerUse_DisplayV	FD	0 = Valid\n1 = Not_Valid
EngRun_Stat	CAN Mapping	665	Atlantis High	STATUS_CCAN3	EngineSts	CAN-B	0 = Engine_Off\n1 = Engine_Cranking\n2 = Engine_On\n3 = SNA
EngRun_Stat	CAN Mapping	665	Atlantis High	ENGINE_FD_2	EngineSts_W	FD	0 = Engine_Off\n1 = Engine_Cranking\n2 = Engine_On\n3 = SNA
Enter_Button	CAN Mapping	666	Atlantis High	CLIMATIC_PANEL	Radio_btn1	CAN-B	 1 bit signal\n0 = Not_Pressed (List/Enter button)\n1 = Pressed (List/Enter button)
Enter_Button	CAN Mapping	666	Atlantis High	DIS_CENTERSTACK	DCSD_Enter		 1 bit signal\n0 = Not_Pressed (List/Enter button)\n1 = Pressed (List/Enter button)
ENTMuted	CAN Mapping	667	Atlantis High	STATUS_TELEMATIC	MuteSts	CAN-B	1 bit signal\n0 = Muted\n1 = Unmuted
EPBHoldSts	CAN Mapping	668	Atlantis(&High)	GW_B_1	EPBHoldSts		Atlantis\n3 bit signal\n\n0 = REL\n1 = APPLIED\n2 = Applying\n3 = Releasing\n4 = DC\n5 = BSU
EPBSts	CAN Mapping	669	Atlantis High	BRAKE_FD_4	EPBSts	FD	Atlantis\n4 bit signal\n0 = Released\n1 = Applied\n2 = DynamicBrkESC\n3 = DynamicBrkEPB\n4 = Emergency_Braking\n5 = Applying\n6 = Maintenance_Mode\n7 = Assembly_Check\n8 = Inspection_Mode\n9 = Re_Clamping\n10 = Adjuste_Mode\n11 = Releasing\n12 = Fault_EPB_Released\n13 = Fault_EPB_Applied\n14 = Fault_Present\n15 = SNA\n
EPS_DrvMd_CfgSts	CAN Mapping	670	Atlantis High	BCM_FD_26	EPS_DrvMd_CfgSts_TMI	FD	See dbc
EPS_MODE_REQ	CAN Mapping	671	Atlantis High	TELEMATIC_FD_11	ETM_EPS_MODE_REQ	FD	See dbc
EPS_MODE_STAT	CAN Mapping	672	Atlantis High	EPS_FD_2	EPS_MODE_STAT	FD	See dbc
EPS_Warn_Stat	CAN Mapping	674	Atlantis High	IPC_FD_3	EPB_WARN_STAT	FD	0 = Off\n1 = On\n2 = Blinking\n3 = SNA
ErrSys_1	CAN Mapping	675	Atlantis High	BCM_FD_11	ErrSys_1	FD	0 = FALSE\n1 = TRUE
ErrSys_2	CAN Mapping	676	Atlantis High	BCM_FD_11	ErrSys_2	FD	0 = FALSE\n1 = TRUE
ErrSys_3	CAN Mapping	677	Atlantis High	BCM_FD_11	ErrSys_3	FD	0 = FALSE\n1 = TRUE
ErrSys_4	CAN Mapping	678	Atlantis High	BCM_FD_11	ErrSys_4	FD	0 = FALSE\n1 = TRUE
ErrSys_5	CAN Mapping	679	Atlantis High	BCM_FD_11	ErrSys_5	FD	0 = FALSE\n1 = TRUE
ErrSys_7	CAN Mapping	681	Atlantis High	BCM_FD_11	ErrSys_7	FD	0 = FALSE\n1 = TRUE
eRuptSts	CAN Mapping	682	Atlantis High	ENGINE_SIMULATOR5	eRUPT_Status	CAN-BH	0-Enabled\n1-Disabled\n2-Unavailable\n3-NA
ESave	CAN Mapping	683	Atlantis High	IPC_VEHICLE_SETUP	Esave	FD	See dbc file
ESaveReq	CAN Mapping	684	Atlantis High	TELEMATIC_VEHICLE_SETUP	ESave_req	FD	See dbc file
ESC_DrvMd_CfgSts	CAN Mapping	685	Atlantis High	BCM_FD_26	ESC_DrvMd_CfgSts_TMI	FD	See dbc
ESC_OFF_Hrd_Sft_Button_sts	CAN Mapping	687	Atlantis High	BRAKE_FD_4	ESC_OFF_Hrd_Sft_Button_sts	FD	See dbc
ESC_Sft_btn_status	CAN Mapping	689	Atlantis High	TELEMATIC_FD_5	ESC_Sft_btn_status	FD	See dbc
ESC_sftbtn_launch_sel	CAN Mapping	690	Atlantis High	BRAKE_FD_4	BSM_LnchCtrl_SftBtn_SelectSts	FD	
ESCControlLamp	CAN Mapping	691	Atlantis High	BRAKE_FD_1	ESC_CtrlLmp_Info	FD	ATLANTIS\n1 bit signal\n0 = No_intervention\n1 = Intervention_blinking_lamp
ESCControlLamp (Fail Sts)	CAN Mapping	692	Atlantis(&High)	BRAKE8	ESCFailSts		Atlantis\n1 bit signal\n0 = Fail_Not_Present\n1 = Fail_Present\n
ESS_ENG_ST	CAN Mapping	693	Atlantis High	STATUS_CCAN3	ESS_ENG_ST	CAN-B	4 bit signal\n1 = ENS Stopped\n2 = ENS Request Start\n3 = ENS Running\n4 = ENS Stop Pending\n5 = ENS Start protection\n6 = ENS Start inhibit\n7 = ENS disabled\n8 = ENS_IHB_LATCH\n9 = ENS Starting\nF = SNA
ESS_ENG_ST	CAN Mapping	693	Atlantis High	ENGINE_FD_2	ESS_ENG_ST	FD	4 bit signal\n1 = ENS Stopped\n2 = ENS Request Start\n3 = ENS Running\n4 = ENS Stop Pending\n5 = ENS Start protection\n6 = ENS Start inhibit\n7 = ENS disabled\n8 = ENS_IHB_LATCH\n9 = ENS Starting\nF = SNA
Est_HVBatSOC_HCP	CAN Mapping	694	Atlantis High	VDCM_HMI	Est_HVBatSOC_VDCM	FD	See dbc file
Est_HVBatSOC_HCP	CAN Mapping	694	Atlantis High	HYBRID_DISPLAY	HVBatterySOC_Display		See dbc file
Est_Range	CAN Mapping	695	Atlantis High	HYBRID_DISPLAY	EstimatedRange	FD	See dbc file
Est_Range_ChrgStopTime	CAN Mapping	696	Atlantis High	VDCM_HMI	Est_Range_ChrgStopTime	FD	See dbc file
Est_Range_Disp	CAN Mapping	697	Atlantis High	IPC_FD_5	Est_Range_Disp	FD	IPC_FD_5.Est_Range_Disp:\n8 bit signal\n\nOffset = 1\nRange = 0 - 254\n\nSNA = 255\n\n
Est_Range_Disp_Long	CAN Mapping	698	Atlantis High	IPC_FD_5	Est_Range_Disp_Long	CAN_FD	unit: km, mi (depends on user selection)\nmin: 0\nmax: 2046\nfactor: 1\nSNA: 2047 (decimal raw value\n
Est_Range_ExternalTarget1	CAN Mapping	699	Atlantis High	CHARGE_SCHEDULE_HCP1	Est_Range_ExternalTarget1	FD	See dbc
Est_Range_ExternalTarget2	CAN Mapping	700	Atlantis High	CHARGE_SCHEDULE_HCP1	Est_Range_ExternalTarget2	FD	See dbc
Est_Range_FullCharge	CAN Mapping	701	Atlantis High	HCP_CHARGING_STAT	Est_Range_FullCharge	FD	n/a
Est_Range_ImmediateTarget1	CAN Mapping	702	Atlantis High	CHARGE_SCHEDULE_HCP1	Est_Range_ImmediateTarget1	FD	See dbc
Est_Range_ImmediateTarget2	CAN Mapping	703	Atlantis High	CHARGE_SCHEDULE_HCP1	Est_Range_ImmediateTarget2	FD	See dbc
EstChargeTime_Level1	CAN Mapping	704	Atlantis High	HCP_CHARGING_STAT	Lv1_EstChargeTime_80	FD	n/a
EstChargeTime_Level2	CAN Mapping	705	Atlantis High	HCP_CHARGING_STAT	Lv2_EstChargeTime_80	FD	n/a
EstTimeofChrg_DC_Fast_100	CAN Mapping	706	Atlantis High	VDCM_HMI	DC_EstChargeTime2	FD	See dbc file
EstTimeofChrg_DC_Fast_80	CAN Mapping	707	Atlantis High	VDCM_HMI	DC_EstChargeTime1	FD	See dbc file
EstTimeofChrg_Lv1	CAN Mapping	708	Atlantis High	HYBRID_DISPLAY	Lv1_EstChargeTime	FD	See dbc file
EstTimeofChrg_Lv2	CAN Mapping	709	Atlantis High	HYBRID_DISPLAY	Lv2_EstChargeTime	FD	See dbc file
ETC_Control_Stat	CAN Mapping	710	Atlantis High	IPC_FD_3	ETC_CONTROL_STAT	FD	0 = Off\n1 = On\n2 = Blinking\n3 = SNA
ETCIndLampStatus	CAN Mapping	711	Atlantis High	ENGINE_FD_7	ETCFailSts	FD	ATLANTIS\n2 bit signal\n0 = Fail_Not_Present\n1 = Fail_Flash_Light_Indication\n2 = Fail_Fix_Light_Indication\n3 = Flash_For_Service
ETM_BackBolster_D_Req	CAN Mapping	713	Atlantis High	Radio_B5	ETM_BackBolster_D_Req	B-CAN	0 = No_request\n1 = Bolster_in\n2 = Bolster_out\n3 = SNA
ETM_BackBolster_P_Req	CAN Mapping	714	Atlantis High	Radio_B5	ETM_BackBolster_P_Req	B-CAN	0 = No_request\n1 = Bolster_in\n2 = Bolster_out\n3 = SNA
ETM_Driver_Cushion_Massage_Req	CAN Mapping	715	Atlantis High	Radio_B5	ETM_Driver_Cushion_Massage_Req	B-CAN	0 = Not Pressed\n1 = Pressed
ETM_Driver_UpperBack_Massage_Req	CAN Mapping	716	Atlantis High	Radio_B5	ETM_Driver_UpperBack_Massage_Req	B-CAN	0 = Not Pressed\n1 = Pressed
ETM_LumbarInOut_P_Req	CAN Mapping	718	Atlantis High	Radio_B5	ETM_LumbarInOut_P_Req	B-CAN	0 = No_request\n1 = Lumbar_in\n2 = Lumbar_out\n3 = SNA
ETM_LumbarUpDown_D_Req	CAN Mapping	719	Atlantis High	Radio_B5	ETM_LumbarUpDown_D_Req	B-CAN	0 = No_request\n1 = Lumbar up\n2 = Lumbar down\n3 = SNA
ETM_LumbarUpDown_P_Req	CAN Mapping	720	Atlantis High	Radio_B5	ETM_LumbarUpDown_P_Req	B-CAN	0 = No_request\n1 = Lumbar_up\n2 = Lumbar_down\n3 = SNA
ETM_Passenger_Cushion_Massage_Req	CAN Mapping	721	Atlantis High	Radio_B5	ETM_Pass_Cushion_Massage_Req	B-CAN	0 = Not Pressed\n1 = Pressed
ETM_Passenger_UpperBack_Massage_Req	CAN Mapping	722	Atlantis High	Radio_B5	ETM_Pass_UpperBack_Massage_Req	B-CAN	0 = Not Pressed\n1 = Pressed
ETM_ThighBolster_D_Req	CAN Mapping	723	Atlantis High	Radio_B5	ETM_ThighBolster_D_Req	B-CAN	0 = No_request\n1 = Bolster_in\n2 = Bolster_out\n3 = SNA
ETM_ThighBolster_P_Req	CAN Mapping	724	Atlantis High	Radio_B5	ETM_ThighBolster_P_Req	B-CAN	0 = No_request\n1 = Bolster_in\n2 = Bolster_out\n3 = SNA
EV_Actual_Torque	CAN Mapping	725	Atlantis High		pending	FD	
EV_Actual_Torque	CAN Mapping	726	Atlantis High		pending	FD	
EV_Actual_Torque_OptimalCondition	CAN Mapping	727	Atlantis High		pending	FD	
EV_Charge_Current	CAN Mapping	728	Atlantis High	HCP_CHARGING_STAT	EV_Charge_Current	FD	n/a
EV_ConsumptionUnit	CAN Mapping	729	Atlantis High	IPC_VEHICLE_SETUP	Consum_Unit	FD	See dbc file
EV_Creep_Req	CAN Mapping	730	Atlantis High	TELEMATIC_FD_19	Creep_Req	FD	0 - OFF\n1 - ON
EV_Creep_Sts	CAN Mapping	731	Atlantis High	IPC_Vehicle_Setup2	Creep	FD	0 - OFF\n1 - ON
EV_Potential_Power	CAN Mapping	734	Atlantis High		pending	FD	
EV_Potential_Power	CAN Mapping	735	Atlantis High		pending	FD	
EV_Potential_Torque	CAN Mapping	736	Atlantis High		pending	FD	
EV_Potential_Torque	CAN Mapping	737	Atlantis High		pending	FD	
EV_Sound	CAN Mapping	738	Atlantis High		pending	FD	
EV_Sound_Type	CAN Mapping	739	Atlantis High	TELEMATIC_FD_13	EV_Sound_Type	FD	0 - OFF\n1 - Low\n2 - Medium\n3 - High\n4 - Drive_Mode
EV_Sound_Type	CAN Mapping	739	Atlantis High	STATUS_TELEMATIC	EV_Sound_Type	BH-CAN	0 - OFF\n1 - Low\n2 - Medium\n3 - High\n4 - Drive_Mode
EV_Torque_Derate_DriveMode	CAN Mapping	740	Atlantis High		pending	FD	
EV_Torque_Derate_SOC	CAN Mapping	741	Atlantis High		pending	FD	
EV_Torque_Derate_Thermal	CAN Mapping	742	Atlantis High		pending	FD	
EVSE_Power	CAN Mapping	743	Atlantis High	HCP_CHARGING_STAT	EVSE_Power	FD	n/a
ExteriorRearReleaseSwitchSts	CAN Mapping	745	Atlantis High	BCM_FD_9	TrunkHandleReleaseSts	FD	Not_Active\nActive
External_ChargeTarget1	CAN Mapping	746	Atlantis High	CHARGE_SCHEDULE_HU1	External_ChargeTarget1	FD	Values 0-10\nDBC Factor 5\nOffset 50\nB - Reserved\nC - Reserved\nD - Reserved\nE - Reserved\nF - No_Selection
External_ChargeTarget1_Sts	CAN Mapping	747	Atlantis High	CHARGE_SCHEDULE_HCP1	External_ChargeTarget1_Sts	FD	Values 0-10\nDBC Factor 5\nOffset 50\nB - Reserved\nC - Reserved\nD - Reserved\nE - Reserved\nF - No_Selection
External_ChargeTarget2	CAN Mapping	748	Atlantis High	CHARGE_SCHEDULE_HU1	External_ChargeTarget2	FD	Values 0-10\nDBC Factor 5\nOffset 50\nB - Reserved\nC - Reserved\nD - Reserved\nE - Reserved\nF - No_Selection
External_ChargeTarget2_Sts	CAN Mapping	749	Atlantis High	CHARGE_SCHEDULE_HCP1	External_ChargeTarget2_Sts	FD	Values 0-10\nDBC Factor 5\nOffset 50\nB - Reserved\nC - Reserved\nD - Reserved\nE - Reserved\nF - No_Selection
ExternalChargingSysSts	CAN Mapping	750	Atlantis High		Message	FD	See dbc
ExternalChargingSysSts	CAN Mapping	750	Atlantis High		name	FD	See dbc
ExternalChargingSysSts	CAN Mapping	750	Atlantis High		pending	FD	See dbc
ExternalLightSensorLevel	CAN Mapping	751	Atlantis High	IPC_VEHICLE_SETUP	ExternalLightSensorLevel		2 bit signal\n0=Level_3\n1=Level_2\n2=Level_1\n3=Level_0
FastPulseCounter_Overflow	CAN Mapping	752	Atlantis High	STATUS_CCAN2	LHF_FastPulseCounter_overflow	CAN-B	1 bit signal\n1 = overflow present\n
FastPulseCounter_Overflow	CAN Mapping	753	Atlantis High	STATUS_CCAN2	LHR_FastPulseCounter_overflow	CAN-B	1 bit signal\n1 = overflow present\n
FastPulseCounter_Overflow	CAN Mapping	754	Atlantis High	STATUS_CCAN2	RHF_FastPulseCounter_overflow	CAN-B	1 bit signal\n1 = overflow present\n
FastPulseCounter_Overflow	CAN Mapping	755	Atlantis High	STATUS_CCAN2	RHR_FastPulseCounter_overflow	CAN-B	1 bit signal\n1 = overflow present\n
FCV_ConsumptionUnit	CAN Mapping	756	Atlantis(&High)	IPC_VEHICLE_SETUP2	FCV_ConsumptionUnit	CAN-C	See dbc
FCW_System_Stat	CAN Mapping	757	Atlantis High	IPC_FD_3	FCW_SYSTEM_STAT	FD	0 = Off\n1 = On\n2 = Blinking\n3 = SNA
FCWSystemSts	CAN Mapping	758	Atlantis(&High)	C2_IGW3	FCWSystemSts	CAN-C	\n0 = Off\n1 = On_Only_Warning\n2 = On_Only_Braking\n3 = On_Full
FL_HS_DCSD	CAN Mapping	760	Atlantis High	DIS_CENTERSTACK	FL_HS_DCSD	CAN-B	0 = Not Pressed\n1 = Pressed\n3 = SNA
FL_HS_RQ	CAN Mapping	761	Atlantis High	TELEMATIC_VEHICLE_SETUP3	FL_HS_Tlm	BH-CAN	0 = Not_Pressed\n1 = Pressed
FL_HS_RQ2	CAN Mapping	762	Atlantis(&High)	TELEMATIC_VEHICLE_SETUP	FL_HS_Cmd_Tlm		0 = Heated_seat_off\n1 = Heated_seat_low\n2 = Heated_seat_medium\n3 = Heated_seat_high
FL_MassageIntensityStat	CAN Mapping	763	Atlantis High	MASSAGE_DRIVER	MassageIntensity_D_Stat	B-CAN	0 = Intensity1\n1 = Intensity2\n2 = Intensity3\n3 = Not_Used1
FL_MassageStat	CAN Mapping	764	Atlantis High	MASSAGE_DRIVER	MassageSw_D_Stat	B-CAN	0 = Not_Pressed\n1 = Pressed
FL_MassageTypeStat	CAN Mapping	765	Atlantis High	MASSAGE_DRIVER	MassageType_D_Stat	B-CAN	0 = Type1\n1 = Type2\n2 = Type3\n3 = Type4\n4 = Type5\n5 = Type6\n6 = Type7\n7 = Not_Used1
FL_VS_DCSD	CAN Mapping	766	Atlantis High	DIS_CENTERSTACK	FL_VS_DCSD	CAN-B	0 = Not Pressed\n1 = Pressed
FL_VS_RQ_TGW	CAN Mapping	767	Atlantis High	TELEMATIC_VEHICLE_SETUP3	FL_VS_Tlm	BH-CAN	0 = Not_Pressed\n1 = Pressed
FL_VS_RQ_TGW2	CAN Mapping	768	Atlantis(&High)	TELEMATIC_VEHICLE_SETUP2	FL_VS_Cmd_Tlm		0 = Heated_seat_off\n1 = Heated_seat_low\n2 = Heated_seat_medium\n3 = Heated_seat_high
FL_ZONE_SELECT_DCSD	CAN Mapping	769	Atlantis High	DIS_CENTERSTACK	FL_ZONE_SELECT_DCSD	CAN-B	0 = Not Pressed\n1 = Pressed
FL_ZONE_SELECT_STAT	CAN Mapping	770	Atlantis High	STATUS_CLIMATE8	FL_ZONE_SELECT_STAT	CAN-B	0 = Cushion_and_Back\n1 = Back\n2 = Cushion\n3 = SNA
FOA_Msg_Req	CAN Mapping	771	Atlantis High	BCM_FD_10	FOA_Msg_Req		
FormOfWay_CS	CAN Mapping	772	Atlantis High	TELEMATIC_FD_11	FormOfWay_CS	FD	0 = TYPE_0\n1 = TYPE_1\n2 = TYPE_2\n3 = TYPE_3\n4 = TYPE_4\n5 = TYPE_5\n6 = TYPE_6\n7 = TYPE_7\n8 = TYPE_8\n9 = TYPE_9\n10 = TYPE_10\n11 = TYPE_11\n12 = TYPE_12\n13 = TYPE_13\n14 = TYPE_14\n15 = NA
FOTA_Cancellation_Reason	CAN Mapping	773	Atlantis High	FOTA_MASTER	FOTA_Cancellation_Reason	FD	0 = No Error\n1 = Ignition is ON\n2 = Vehicle Configuration changed\n3 = Internet Connection Failed (ADA Failure)\n4 = Charging in Progress\n5 = Park Brake not applied (Manual Transmission Only)\n6 = Conflict with Scheduled Charging\n7 = 12V Battery is below threshold\n8 = 12V Battery Temperature not in proper threshold range\n9 = Update Purged\n10 = Engine is Running/ Propulsion System active\n11 = Conflict with ECM (Refuel/EVAP/AfterRun etc)\n12 = Communication Data Loss\n13-255 = Reserved
FOTA_Delay	CAN Mapping	774	Atlantis High	FOTA_MASTER	Delay_Prohibited	FD	0 = Not Prohibited\n1 = Prohibited
FOTA_Install	CAN Mapping	775	Atlantis High	TELEMATIC_FD_10	HU_Install_Acceptance	FD	0 = Nothing to report\n1 = Accepted\n2 = Not Accepted
FOTA_Status	CAN Mapping	776	Atlantis High	FOTA_MASTER	FOTA_Status	FD	0 = No FOTA Event\n1 = Downloading Package from Backend\n2 = Passing Images to Big Target ECUs\n3 = Waiting for HMI Acceptance\n4 = Installing FOTA Update\n5 = Successful FOTA Update\n6 = FOTA Failure Rollback Successful\n7 = FOTA Failure Complete\n8 = Build Vehicle Library\n9 = Check Campaign Availability\n10 = Check Download Conditions\n11 = Validate Vehicle Package\n12 = Double Check Manifest\n13 = Initiate Authenticated Diagnostic session\n14 = Final Check\n15 = Rollback
FPDM_DISP_STAT	CAN Mapping	778	Atlantis High	FPDM1	FPDM_DISP_STAT	CAN-B	0 = OFF\n1 = ON\n2 = BLANK\n3 = DISP_HOT\n7 = SNA
FPDM_RQ_DISP_INTS	CAN Mapping	779	Atlantis High	RADIO_B2	FPDM_RQ_DISP_INTS	CAN-B	8 bit signal\nUnits are %, Factor = 0.5%\n255 = SNA
FR_HS_DCSD	CAN Mapping	780	Atlantis High	DIS_CENTERSTACK	FR_HS_DCSD	CAN-B	0 = Not Pressed\n1 = Pressed
FR_HS_RQ	CAN Mapping	781	Atlantis High	TELEMATIC_VEHICLE_SETUP3	FR_HS_Tlm	BH-CAN	0 = Not_Pressed\n1 = Pressed
FR_HS_RQ2	CAN Mapping	782	Atlantis(&High)	TELEMATIC_VEHICLE_SETUP	FR_HS_Cmd_Tlm		0 = Heated_seat_off\n1 = Heated_seat_low\n2 = Heated_seat_medium\n3 = Heated_seat_high
FR_MassageIntensityStat	CAN Mapping	783	Atlantis High	MASSAGE_PASS	MassageIntensity_P_Stat	B-CAN	0 = Intensity1\n1 = Intensity2\n2 = Intensity3\n3 = Not_Used1
FR_MassageStat	CAN Mapping	784	Atlantis High	MASSAGE_PASS	MassageSw_P_Stat	B-CAN	0 = Not_Pressed\n1 = Pressed
FR_MassageTypeStat	CAN Mapping	785	Atlantis High	MASSAGE_PASS	MassageType_P_Stat	B-CAN	0 = Type1\n1 = Type2\n2 = Type3\n3 = Type4\n4 = Type5\n5 = Type6\n6 = Type7\n7 = Not_Used1
FR_VS_DCSD	CAN Mapping	786	Atlantis High	DIS_CENTERSTACK	FR_VS_DCSD	CAN-B	0 = Not Pressed\n1 = Pressed
FR_VS_RQ_TGW	CAN Mapping	787	Atlantis High	TELEMATIC_VEHICLE_SETUP3	FR_VS_Tlm	BH-CAN	0 = Not_Pressed\n1 = Pressed
FR_VS_RQ_TGW2	CAN Mapping	788	Atlantis(&High)	TELEMATIC_VEHICLE_SETUP2	FR_VS_Cmd_Tlm		0 = Heated_seat_off\n1 = Heated_seat_low\n2 = Heated_seat_medium\n3 = Heated_seat_high
FR_ZONE_SELECT_DCSD	CAN Mapping	789	Atlantis High	DIS_CENTERSTACK	FR_ZONE_SELECT_DCSD	CAN-B	0 = Not Pressed\n1 = Pressed
FR_ZONE_SELECT_STAT	CAN Mapping	790	Atlantis High	STATUS_CLIMATE8	FR_ZONE_SELECT_STAT	CAN-B	0 = Cushion_and_Back\n1 = Back\n2 = Cushion\n3 = SNA
Front_AxleTorque_Static	CAN Mapping	791	Atlantis High	ENGINE_SIMULATOR4	Front_AxleTorque_Static_PT1	FD	FFFF SNA
Front_Int_SD_LT_Sw	CAN Mapping	792	Atlantis(&High)	NA	Present		NA
Front_Int_SD_RT_Sw	CAN Mapping	793	Atlantis(&High)	NA	Present		NA
Front_Windows_Enable	CAN Mapping	794	Atlantis High	STATUS_PTCM	FrontWindowsEnable	BH-CAN	0x0 = Enable\n0x1 = Disable
FrontAxleTrqEst (see Usage Comment)	CAN Mapping	795	Atlantis High	HYBRID1	FrontAxleTrqEst	FD	see .dbc
FrontHVACModeButton	CAN Mapping	796	Atlantis High	CLIMATIC_PANEL	Climate_btn10	CAN-B	1 bit signal\n0 = Not_Pressed (Front Mode button)\n1 = Pressed (Front Mode button)
FrontLeftLevel	CAN Mapping	797	Atlantis High	ASCM_FD_1	FL_Lvl	FD	8 bit signal\n\nOffset = -100\nFactor = 1\nRange is -100 to 153\n254 = NOT_INIT\n255 = SNA
FrontLeftLevel	CAN Mapping	798	Atlantis High	ASCM_FD_1	FL_Lvl	FD	8 bit signal\n\nOffset = -100\nFactor = 1\nRange is -100 to 153\n254 = NOT_INIT\n255 = SNA
FrontRightLevel	CAN Mapping	800	Atlantis High	ASCM_FD_1	FR_Lvl	FD	8 bit signal\n\nOffset = -100\nFactor = 1\nRange is -100 to 153\n254 = NOT_INIT\n255 = SNA
FrontRightLevel	CAN Mapping	801	Atlantis High	ASCM_FD_1	FR_Lvl	FD	8 bit signal\n\nOffset = -100\nFactor = 1\nRange is -100 to 153\n254 = NOT_INIT\n255 = SNA
FT_DEF_STAT	CAN Mapping	803	Atlantis High	HVAC_A1	FT_DEF_STAT		
FT_DEF_SW_RQ_M	CAN Mapping	804	Atlantis(&High)	TGW_HVAC_CTRL_M	FT_DEF_SW_RQ_M		
FT_DRV_ATC_TEMP	CAN Mapping	805	Atlantis High	STATUS_CLIMATE3	HVACDRVTemp	CAN-B	ATLANTIS\n6 bit signal\n0 = Init\n1 = Full cold\n62 = full hot\n63 = SNA
FT_DRV_MTC_TEMP	CAN Mapping	807	Atlantis High	STATUS_CLIMATE2	HVACDRVRelTemp	CAN-B	Altlantis\n7 bit signal\n0-100 100%\nResolution  = 1% (or degrees???)
FT_FOG_RQ	CAN Mapping	808	Atlantis High	EXTERNAL_LIGHTS	FrontFogLightSts	CAN-B	1 bit signal\n0 = Off\n1 = On
FT_HVAC_BLW_FN_SP	CAN Mapping	810	Atlantis High	STATUS_CLIMATE2	HVACBlower_Sts	CAN-B	ATLANTIS\n7 bit signal\n0-100 bars\nResolution = 1 bar
FT_HVAC_BLW_FN_SP_M	CAN Mapping	811	Atlantis High	FT_HVAC_ICS_STAT_M	FT_HVAC_BLW_FN_SP_M		
FT_HVAC_CTRL_STAT	CAN Mapping	812	Atlantis High	STATUS_CLIMATE2	HVACControl_Sts	CAN-B	ATLANTIS\n0 = Off \n1 = Blower Auto, Mode Auto\n2 = Blower Auto, Mode Man\n3 = Blower manual, Mode Auto\n4 = Blower Manual, Mode Man\n7 = SNA
FT_HVAC_CTRL_STAT_M	CAN Mapping	813	Atlantis(&High)	FT_HVAC_ICS_STAT	FT_HVAC_CTRL_STAT_M		
FT_HVAC_CTRL_STAT_M	CAN Mapping	813	Atlantis(&High)	FT_HVAC_ICS_STAT_M	FT_HVAC_CTRL_STAT_M		
FT_HVAC_MD_RQ	CAN Mapping	814	Atlantis High	TELEMATIC_FD_5	FT_HVAC_MD_RQ	FD	4 bit signal\n\n0 = NO_CHANGE\n1= DEFR_MD\n2 = MIX_DEFR_MID_MD\n3 = MIX_MD\n4 = FLR_MIX_MID_MD\n5 = FLR_MD\n6 = BI_LVL_FLR_MID_MD\n7 = BI_LVL_MD\n8 = PNL_BI_LVL_MID_MD\n9 = PNL_MD\n14 = LOC_DCSD \n15 = SNA
FT_HVAC_MD_STAT	CAN Mapping	815	Atlantis High	STATUS_CLIMATE2	HVACMode_Sts	CAN-B	ATLANTIS\n4 bit signal\n0 = No Change\n1 = Defrost\n2 = Mix_Defrost\n3 = Mix\n4 = Floor_Mix\n5 = Floor\n6 = BiLvl_Floor\n7 = BiLvl\n8 = Panel_BiLvl\n9 = Panel\n10 = Panel_HiLvl\n11 = HiLvl\n12 = HILvl_Defrost\n13 = Trilevel\n15= SNA
FT_HVAC_MD_STAT_2_M	CAN Mapping	816	Atlantis High	FT_HVAC_ICS_STAT_M	FT_HVAC_MD_STAT_2_M		
FT_HVAC_MD_STAT_M	CAN Mapping	817	Atlantis(&High)	FT_HVAC_ICS_STAT_M	FT_HVAC_MD_STAT_M		
FT_HVAC_SW_RQ	CAN Mapping	818	Atlantis High	TELEMATIC_FD_5	FT_HVAC_SW_RQ	FD	1 bit signal
FT_PSG_ATC_TEMP	CAN Mapping	820	Atlantis High	STATUS_CLIMATE3	HVACPSNTemp	CAN-B	ATLANTIS\n6 bit signal\n0 = Init\n1 = Full cold\n62 = full hot\n63 = SNA
FT_PSG_MTC_TEMP	CAN Mapping	822	Atlantis High	STATUS_CLIMATE2	HVACPSNRelTemp	CAN-B	Altlantis\n7 bit signal\n0-100 100%\nResolution  = 1% (or degrees???)
Ft_RrAxleLkIndRq	CAN Mapping	823	Atlantis(&High)		Applicable		
FTPAM_Req	CAN Mapping	824	Atlantis High	TELEMATIC_FD_11	HU_Front_PAMRequestSts	FD	ATLANTIS\n1 bit signal\n0 =Not_Pressed\n1 = Pressed
Fuel_Cap_Stat	CAN Mapping	825	Atlantis High	IPC_FD_3	FUEL_CAP_STAT	FD	0 = Off\n1 = On\n2 = Blinking\n3 = SNA
FuelCellPowerUse_Display	CAN Mapping	828	Atlantis(&High)	HCP_DISP3	FCPSPowerUseDisplay	CAN-C	See dbc
FuelConsumption_GAG_3	CAN Mapping	829	Atlantis High	ENGINE_FD_2	FuelConsumption_GAG_3	CAN_FD	unit: Liter / hour\nmin: 0\nmax: 2306.865\nfactor: 0.0022\n
FuelLvlIndicator	CAN Mapping	831	Atlantis High		pending	FD	
FuelLvlLow	CAN Mapping	832	Atlantis High	STATUS_BH_BCM1	LowFuelWarningSts	CAN-B	ATLANTIS\n1 bit signal\n0 = OFF\n1 = ON (Low fuel)
FuelLvlValueLow	CAN Mapping	833	Atlantis High	STATUS_BH_BCM1	FuelLvlValueLow	CAN-BH	
FuncReq_BCM	CAN Mapping	834	Atlantis High	RFHUB_FD_1	RFFuncReq		
FuncRoadClass_CS	CAN Mapping	835	Atlantis High	TELEMATIC_FD_11	FuncRoadClass_CS	FD	0 = Unknown\n1 = Priority_1\n2 = Priority_2\n3 = Priority_3\n4 = Priority_4\n5 = Priority_5\n6 = Priority_6\n7 = NA
FunctionLamp	CAN Mapping	836	Atlantis High	BRAKE_FD_4	FunctionLamp	FD	0 = OFF\n1 = CONT\n2 = BLINK\n3 = SNA
FVCM_check_healty_sts	CAN Mapping	838	Atlantis High		pending	FD	
Gas_Range	CAN Mapping	839	Atlantis High	IPC_FD_13	Gas_Range	FD	
GasPedalPosition_W	CAN Mapping	840	Atlantis High	GW_B_7	GasPedalPosition_W	CAN-BH	
GasPedalPosition_W	CAN Mapping	840	Atlantis High	ENGINE_FD_2	GasPedalPosition_W		
GearEngaged	CAN Mapping	841	Atlantis High	ENGINE_SIMULATOR4	GearEngaged_PT1	FD	0 - Neutral\n1 - ForwardGear_1\n2 - ForwardGear_2\n3 - ForwardGear_3\n4 - ForwardGear_4\n5 - ForwardGear_5\n6 - ForwardGear_6\n7 - ForwardGear_7\n8 - ForwardGear_8\n9 - ForwardGear_9\n13 - Parking\n14 - ReverseGear\n15 - SNA
Generator_Mode_Active_Sts	CAN Mapping	842	Atlantis High		pending	FD	
GeneratorModeSwitch_Req	CAN Mapping	843	Atlantis High		pending	FD	
GeneratorModeSwitch_Sts	CAN Mapping	844	Atlantis High		pending	FD	
GeneratorTemp	CAN Mapping	845	Atlantis High	SGCP_DATA2	SGCP_Temp	FD	See DBC
GlobDrvMdRq	CAN Mapping	846	Atlantis High	TELEMATIC_FD_5	GlobDrvMdRq	FD	0 - Not Pressed\n1 - Auto\n2 - Sport\n3 - Track\n4 - Wet/Snow\n5 - Valet\n6 - Rock\n7 - Tow\n8 - ECO\n9 - Launch Control\n10 - All\n11 - Custom\n12 - Mud\n13 - Sand\n14 - Plus\n15 - Ice\n16 - Dynamic\n17 - OffRoad\n18 - Baja\n19 - Mud_Sand\n20 - Drag\n21 - Line Lock\n22 - Drift\n23 - Donut\n24 - RWD
GlobDrvMdSts	CAN Mapping	847	Atlantis High	ENGINE_FD_6	TerrainModeDesiredStat	FD	See dbc
GloveBoxLock_RQ	CAN Mapping	848	Atlantis High	RADIO_B4	GloveBoxLock_Rq	CAN-B	0 = NO_CHG\n1 = UNLOCK\n2 = LOCK\n3 = SNA
GloveBoxLock_Stat	CAN Mapping	849	Atlantis High	GW_B_1	GloveBoxLock_Stat	CAN-B	0 = NO_CHG\n1 = UNLOCK\n2 = LOCK\n3 = SNA
GlowPlugLampStatus	CAN Mapping	850	Atlantis High	ENGINE_FD_7	ColdStartLampIndication	FD	ATLANTIS\n2 bit signal \n0 = Steady_Light\n1 = Blinking_Light\n2 = Warning_Message\n3 = No_Indication
GPS_Elevation	CAN Mapping	851	Atlantis High	TELEMATIC_FD_15	GPS_Elevation	FD	Cyclic on Change (COC)\n1000ms is the signal timing\nFFFF (Signal Startup / Default value)\nSignal SNA Value is 40000\nSignal Size is 16\nMin Value is 0\nMax Value is 37000\nLowest Resolution/Factor is 1\nOFFSET is -2000
GPS_Lat	CAN Mapping	852	Atlantis High	TELEMATIC_FD_9	GPS_Lat	FD	32 bit signal\n\nUnits are mas\nOffset = -324000000\nFactor = 0.3017485143\nRange is -324000000 to 324000000
GPS_Long	CAN Mapping	853	Atlantis High	TELEMATIC_FD_9	GPS_Long	FD	32 bit signal\n\nUnits are mas\nOffset = -648000000\nFactor = 0.3017485143\nRange is -648000000 to 648000000
GPSDateTmDay	CAN Mapping	854	Atlantis High	TELEMATIC_FD_1	GPS_Date_Day	FD	Atlantis\n8 bit signal\n1 - 31 Days\nresolution = 1 Day
GPSDateTmHour	CAN Mapping	855	Atlantis High	TELEMATIC_FD_1	GPS_UTC_Hour	FD	Atlantis\n8 bit signal\n0 - 23 hours\nresolution = 1 hour
GPSDateTmMinute	CAN Mapping	856	Atlantis High	TELEMATIC_FD_1	GPS_UTC_Minute	FD	Atlantis\n8 bit signal\n0 - 59 minutes\nresolution = 1 minute
GPSDateTmMonth	CAN Mapping	857	Atlantis High	TELEMATIC_FD_1	GPS_Date_Month	FD	Atlantis\n8 bit signal\n1 - 12 Months\nresolution = 1 Month\n
GPSDateTmSecond	CAN Mapping	858	Atlantis High	TELEMATIC_FD_1	GPS_UTC_Second	FD	Atlantis\n16 bit signal\n0 - 59.99 seconds\nresolution = .01 sec
GPSDateTmYear	CAN Mapping	859	Atlantis High	TELEMATIC_FD_1	GPS_Date_Year	FD	Atlantis\n16 bit signal\n0 - 65534 Years\nresolution = 1 Year
GPSFail	CAN Mapping	860	Atlantis(&High)	STATUS_TBM	GPSFailSts		
GreenChannel	CAN Mapping	861	Atlantis High	RADIO_B7	Green_Channel_Amb_Light	B	0-255
GSDP_Status	CAN Mapping	862	Atlantis High	TBM_FD_1	GSDP_Status	FD	see dbc
GyroPrsnt	CAN Mapping	863	Atlantis High	TELEMATIC_FD_5	RADIO_W_GYRO	FD	0 = Not_Present\n1 = Present
H2ConsumptionFailSts	CAN Mapping	864	Atlantis(&High)	FCPS_DATA1	H2ConsumptionFailSts	CAN-C	See dbc
HALFChimeRate	CAN Mapping	865	Atlantis High	BCM_FD_18	HALF_CHIME_REP_RATESts	FD	
HALFChimeRqLF	CAN Mapping	866	Atlantis High	BCM_FD_18	HALF_LF_CHIME_RQSts	FD	
HALFChimeRqRF	CAN Mapping	867	Atlantis High	BCM_FD_18	HALF_RF_CHIME_RQSts	FD	
HALFChimeType	CAN Mapping	868	Atlantis High	BCM_FD_18	HALF_CHIME_TYPESts	FD	
HandsFreePhoneStatus	CAN Mapping	869	Atlantis High	STATUS_TELEMATIC	HFPSts	CAN-B	0 = Not_Active\n1 = Active
HAS_Escalation_Sts	CAN Mapping	871	Atlantis High	GW_B_5	HAS_Escalation_Sts	B-CAN	see .dbc
HAS_Escalation_Sts	CAN Mapping	871	Atlantis High	ADAS_FD_HMI	HAS_Escalation_Sts	FD	see .dbc
HAS_Escalation_Sts_C2	CAN Mapping	872	Atlantis High	GW_B_6	HAS_Escalation_Sts_C2	B-CAN	see .dbc
HAS_Escalation_Sts_C2	CAN Mapping	872	Atlantis High	ADAS_FD_HMI_C2	HAS_Escalation_Sts_C2	FD	see .dbc
HAS_OpStat_Prim	CAN Mapping	873	Atlantis High	GW_B_5	HAS_OpStat_Prim	B-CAN	see .dbc
HAS_OpStat_Prim	CAN Mapping	873	Atlantis High	ADAS_FD_INFO	HAS_OpStat_Prim	FD	see .dbc
HAS_OpStat_Sec	CAN Mapping	874	Atlantis High	GW_B_6	HAS_OpStat_Sec	B-CAN	see .dbc
HAS_OpStat_Sec	CAN Mapping	874	Atlantis High	ADAS_FD_INFO_C2	HAS_OpStat_Sec	FD	see .dbc
HAS_SoH_AMP	CAN Mapping	875	Atlantis High	STATUS_AMP	HAS_SoH_AMP	CAN-B	0 = No Fault\n1 = Fault
HAS_SoH_ETM	CAN Mapping	876	Atlantis High	TELEMATIC_FD_5	HAS_SoH_ETM	FD	0 = No Fault\n1 = Fault
HazardSwitchPressed	CAN Mapping	877	Atlantis High	BCM_FD_26	HazardSwitchPressed		
HCP_Batt_CabinPriority1	CAN Mapping	878	Atlantis High	CHARGE_SCHEDULE_HCP1	Batt_CabinPriority1_Sts		
HCP_Batt_CabinPriority2	CAN Mapping	879	Atlantis High	CHARGE_SCHEDULE_HCP1	Batt_CabinPriority2_Sts		
HCP_Batt_CabinPriority3	CAN Mapping	880	Atlantis High	CHARGE_SCHEDULE_HCP1	Batt_CabinPriority3_Sts		
HCP_ChargeUntilFull1	CAN Mapping	881	Atlantis High	CHARGE_SCHEDULE_HCP1	ChargeUntilFull1_Sts		
HCP_ChargeUntilFull2	CAN Mapping	882	Atlantis High	CHARGE_SCHEDULE_HCP1	ChargeUntilFull2_Sts		
HCP_ChargeUntilFull3	CAN Mapping	883	Atlantis High	CHARGE_SCHEDULE_HCP1	ChargeUntilFull3_Sts		
HCP_Do_Not_Repeat1	CAN Mapping	884	Atlantis High	CHARGE_SCHEDULE_HCP1	Do_Not_Repeat1_Sts		
HCP_Do_Not_Repeat2	CAN Mapping	885	Atlantis High	CHARGE_SCHEDULE_HCP1	Do_Not_Repeat2_Sts		
HCP_Do_Not_Repeat3	CAN Mapping	886	Atlantis High	CHARGE_SCHEDULE_HCP1	Do_Not_Repeat3_Sts		
HCP_End_Time_Hr1	CAN Mapping	887	Atlantis High	CHARGE_SCHEDULE_HCP1	End_Time_Hr1_Sts		
HCP_End_Time_Hr2	CAN Mapping	888	Atlantis High	CHARGE_SCHEDULE_HCP1	End_Time_Hr2_Sts		
HCP_End_Time_Hr3	CAN Mapping	889	Atlantis High	CHARGE_SCHEDULE_HCP1	End_Time_Hr3_Sts		
HCP_End_Time_Min1	CAN Mapping	890	Atlantis High	CHARGE_SCHEDULE_HCP1	End_Time_Min1_Sts		
HCP_End_Time_Min2	CAN Mapping	891	Atlantis High	CHARGE_SCHEDULE_HCP1	End_Time_Min2_Sts		
HCP_End_Time_Min3	CAN Mapping	892	Atlantis High	CHARGE_SCHEDULE_HCP1	Start_Time_Min3_Sts		
HCP_Schedule_Confirmed1	CAN Mapping	893	Atlantis High	CHARGE_SCHEDULE_HCP1	Schedule_Confirmed1		
HCP_Schedule_Confirmed2	CAN Mapping	894	Atlantis High	CHARGE_SCHEDULE_HCP1	Schedule_Confirmed2		
HCP_Schedule_Confirmed3	CAN Mapping	895	Atlantis High	CHARGE_SCHEDULE_HCP1	Schedule_Confirmed3		
HCP_Schedule_Day1	CAN Mapping	896	Atlantis High	CHARGE_SCHEDULE_HCP1	Schedule_Day1_Sts		
HCP_Schedule_Day2	CAN Mapping	897	Atlantis High	CHARGE_SCHEDULE_HCP1	Schedule_Day2_Sts		
HCP_Schedule_Day3	CAN Mapping	898	Atlantis High	CHARGE_SCHEDULE_HCP1	Schedule_Day3_Sts		
HCP_Schedule_Type1	CAN Mapping	899	Atlantis High	CHARGE_SCHEDULE_HCP1	Schedule_Type1_Sts		
HCP_Schedule_Type2	CAN Mapping	900	Atlantis High	CHARGE_SCHEDULE_HCP1	Schedule_Type2_Sts		
HCP_Schedule_Type3	CAN Mapping	901	Atlantis High	CHARGE_SCHEDULE_HCP1	Schedule_Type3_Sts		
HCP_Start_Time_Hr1	CAN Mapping	902	Atlantis High	CHARGE_SCHEDULE_HCP1	Start_Time_Hr1_Sts		
HCP_Start_Time_Hr2	CAN Mapping	903	Atlantis High	CHARGE_SCHEDULE_HCP1	Start_Time_Hr2_Sts		
HCP_Start_Time_Hr3	CAN Mapping	904	Atlantis High	CHARGE_SCHEDULE_HCP1	Start_Time_Hr3_Sts		
HCP_Start_Time_Min1	CAN Mapping	905	Atlantis High	CHARGE_SCHEDULE_HCP1	Start_Time_Min1_Sts		
HCP_Start_Time_Min2	CAN Mapping	906	Atlantis High	CHARGE_SCHEDULE_HCP1	Start_Time_Min2_Sts		
HCP_Start_Time_Min3	CAN Mapping	907	Atlantis High	CHARGE_SCHEDULE_HCP1	Start_Time_Min3_Sts		
HCPPopUpMessage1	CAN Mapping	908	Atlantis High	HCP_C1	HCPPopUpMessage1		
HdRstRelRq	CAN Mapping	910	Atlantis High	RADIO_B3	HDRstRelRq_3rdRow	B-CAN	
HeadlightsDelayModeActive	CAN Mapping	911	Atlantis High	BCM_FD_26	HeadlightsDelayModeActive	FD	
HEALTH_DIST	CAN Mapping	912	Atlantis High	J1979_03_CARB_1	HVBatSOH_Distance_Last_Calc	FD	Min=0\nMax=65535\nFactor=1\nOffset=0\nInitialValue=0
HeatedSeatFL	CAN Mapping	913	Atlantis High	STATUS_CSWM	FL_HS_STATFailSts	CAN-B	ATLANTIS\n2 bit signal (FL_HS_STATSts)\n0 = Heated_seat_off\n1 = Heated_seat_low\n2 = Heated_seat_medium\n3 = Heated_seat_high\n\n1 bit signal (FL_HS_STATFailSts)\n0 = Fail_Not_Present\n1 = Fail_Present
HeatedSeatFL	CAN Mapping	913	Atlantis High	STATUS_CSWM	FL_HS_STATSts		ATLANTIS\n2 bit signal (FL_HS_STATSts)\n0 = Heated_seat_off\n1 = Heated_seat_low\n2 = Heated_seat_medium\n3 = Heated_seat_high\n\n1 bit signal (FL_HS_STATFailSts)\n0 = Fail_Not_Present\n1 = Fail_Present
HeatedSeatFR	CAN Mapping	914	Atlantis High	STATUS_CSWM	FR_HS_STATFailSts	CAN-B	ATLANTIS\n2 bit signal (FR_HS_STATSts)\n0 = Heated_seat_off\n1 = Heated_seat_low\n2 = Heated_seat_medium\n3 = Heated_seat_high\n\n1 bit signal (FR_HS_STATFailSts)\n0 = Fail_Not_Present\n1 = Fail_Present
HeatedSeatFR	CAN Mapping	914	Atlantis High	STATUS_CSWM	FR_HS_STATSts		ATLANTIS\n2 bit signal (FR_HS_STATSts)\n0 = Heated_seat_off\n1 = Heated_seat_low\n2 = Heated_seat_medium\n3 = Heated_seat_high\n\n1 bit signal (FR_HS_STATFailSts)\n0 = Fail_Not_Present\n1 = Fail_Present
HeatedSeatRL	CAN Mapping	915	Atlantis High	STATUS_CLIMATE9	RL_HS_STAT	BH-CAN	
HeatedSeatRR	CAN Mapping	916	Atlantis High	STATUS_CLIMATE9	RR_HS_STAT	BH-CAN	
HEV_EVT_MD	CAN Mapping	917	Atlantis High	HYBRID_POWERTRAIN5	Hybrid_EVT_ModeSts	FD	see .dbc
HIBeam_On	CAN Mapping	920	Atlantis High	BCM_FD_9	HighBeamSts	FD	ATLANTIS\n1 bit signal\n0 = OFF\n1 = ON
HillDescentStatus	CAN Mapping	923	Atlantis High	BRAKE_FD_5	HDCAutoDisabled	FD	Atlantis\n1 bit signal\n0 = HDCAutoDisabled_ON\n1 = HDCAutoDisabled_OFF
HillDescentStatus	CAN Mapping	924	Atlantis High	BRAKE_FD_1	HILL_DES_STAT	FD	0 = HDC_UNAVL\n1 = HDC_ACT\n2 = HDC_AVL\n3 = HDC_THRML_DEACT
HillHolderFailSts	CAN Mapping	925	Atlantis High	BRAKE_FD_5	HillHolderFailSts	FD	1 bit signal\n0 = False \n1 = True
HP_DrvMd_CfgSts	CAN Mapping	927	Atlantis High	BCM_FD_11	HP_DrvMd_CfgSts	FD	0 = NONE\n1 = VALET\n2 = BLACK\n3 = RED\n7 = SNA
HSA_BrkPrss	CAN Mapping	933	Atlantis High	BRAKE_FD_1	HSA_BrkPrss	FD	ATLANTIS\n8 biit signal\n0 - 50 bar\nResolution .2 bar
HSW_DCSD	CAN Mapping	934	Atlantis High	DIS_CENTERSTACK	HSW_DCSD	CAN-B	0 = Not Pressed\n1 = Pressed
HSW_RQ_TGW	CAN Mapping	935	Atlantis High	TELEMATIC_VEHICLE_SETUP3	HSW_Tlm	B-CAN	0 = Not_Pressed\n1 = Pressed
HSW_Stat	CAN Mapping	936	Atlantis High	STATUS_CSWM	HSW_STATSts	CAN-B	ATLANTIS\n1 bit signal\n0 = OFF\n1 = ON
HSW_Stat	CAN Mapping	936	Atlantis High	STATUS_CSWM	HSW_STATFailSts		ATLANTIS\n1 bit signal\n0 = OFF\n1 = ON
HSW_Stat_2	CAN Mapping	937	Atlantis High	STATUS_CLIMATE8	Tri_Level_HSW_StatSts	CAN-B	0 = Heated_steering_wheel_off\n1 = Heated_steering_wheel_low\n2 = Heated_steering_wheel_medium\n3 = Heated_steering_wheel_high\n7 = SNA
HU_Scheduled_Install	CAN Mapping	941	Atlantis High	TELEMATIC_FD_10	HU_Scheduled_Install	FD	11 bit signal\nFactor is 1\nUnit is minute\nRange is 0 - 2047
HUAudioStatus	CAN Mapping	943	Atlantis High	STATUS_TELEMATIC	AUDIOSts_Telematic	CAN-B	0 = Initializaton\n1 = Available\n2 = Not_Available
HUD_Brightness_LVL	CAN Mapping	944	Atlantis High	IPC_VEHICLE_SETUP	HUD_Brightness_LVL		
HUD_Brightness_LVL_Rq	CAN Mapping	945	Atlantis High	TELEMATIC_VEHICLE_SETUP	HUD_Brightness_LVL_Rq		
HUFOTACheck	CAN Mapping	946	Atlantis(&High)	GLOB_LTM	HUFOTACheck		
HUModeStatus	CAN Mapping	947	Atlantis High	STATUS_TELEMATIC	CurrentSource	CAN-B	0 = AM_Selected\n1 = FM_Selected\n2 = MW_Selected\n3 = LW_Selected\n4 = Internal_DISC_Selected\n5 = Internal_HDD_Selected\n6 = Internal_AUX_Selected\n7 = Internal_Slot_Media_Slctd\n8 = DTV_Selected\n9 = SDAR1_Selected\n10 = SW_Selected\n11 = VES_DVD1_Selected\n12 = MFLO_Selected\n13 = VES_AUX1_Selected\n14 = VES_AUX2_Selected\n15 = SDARV_Selected\n16 = HFM_Personal_HU_Selected\n18 = DAB_Selected\n19 = TGW_USB1_Selected\n23 = HFM_BlueTooth_1_Selected\n28 = IR_Off_Selected\n29 = HU_Off \n30 = HU_Locked\n31 = SNA
HUModeStatus	CAN Mapping	947	Atlantis High	TELEMATIC_FD_4	CurrentSource	CAN-FD	0 = AM_Selected\n1 = FM_Selected\n2 = MW_Selected\n3 = LW_Selected\n4 = Internal_DISC_Selected\n5 = Internal_HDD_Selected\n6 = Internal_AUX_Selected\n7 = Internal_Slot_Media_Slctd\n8 = DTV_Selected\n9 = SDAR1_Selected\n10 = SW_Selected\n11 = VES_DVD1_Selected\n12 = MFLO_Selected\n13 = VES_AUX1_Selected\n14 = VES_AUX2_Selected\n15 = SDARV_Selected\n16 = HFM_Personal_HU_Selected\n18 = DAB_Selected\n19 = TGW_USB1_Selected\n23 = HFM_BlueTooth_1_Selected\n28 = IR_Off_Selected\n29 = HU_Off \n30 = HU_Locked\n31 = SNA
HUReflash	CAN Mapping	948	Atlantis High	TBM_FD_2	HU_REFLASH	FD	0 = No_Update_Available\n1 = Update_Available\n3 = SNA
HVAC_ICS_AC_Req	CAN Mapping	949	Atlantis High	ICS_CLIMATE_SETUP	HVAC_ICS_AC_Req		
HVAC_ICS_AUTOProfileSetting	CAN Mapping	950	Atlantis High	ICS_CLIMATE_SETUP	HVAC_ICS_AUTOProfileSetting		
HVAC_ICS_ECO_Mode_Req	CAN Mapping	951	Atlantis High	ICS_CLIMATE_SETUP	HVAC_ICS_ECO_Mode_Req		
HVAC_ICS_Func_Req	CAN Mapping	952	Atlantis High	ICS_CLIMATE_SETUP	HVAC_ICS_Func_Req		
HVAC_ICS_JumpVAL	CAN Mapping	953	Atlantis High	ICS_CLIMATE_SETUP	HVAC_ICS_JumpVAL		
HVAC_ICS_LeftAuto_Req	CAN Mapping	954	Atlantis High	ICS_CLIMATE_SETUP	HVAC_ICS_LeftAuto_Req		
HVAC_ICS_LeftModeDefrost_Req	CAN Mapping	955	Atlantis High	ICS_CLIMATE_SETUP	HVAC_ICS_LeftModeDefrost_Req		
HVAC_ICS_LeftModeFloor_Req	CAN Mapping	956	Atlantis High	ICS_CLIMATE_SETUP	HVAC_ICS_LeftModeFloor_Req		
HVAC_ICS_LeftModePanel_Req	CAN Mapping	957	Atlantis High	ICS_CLIMATE_SETUP	HVAC_ICS_LeftModePanel_Req		
HVAC_ICS_MaxAC_Req	CAN Mapping	958	Atlantis High	ICS_CLIMATE_SETUP	HVAC_ICS_MaxAC_Req		
HVAC_ICS_MAXDef_Req	CAN Mapping	959	Atlantis High	ICS_CLIMATE_SETUP	HVAC_ICS_MAXDef_Req		
HVAC_ICS_Power_Req	CAN Mapping	960	Atlantis High	ICS_CLIMATE_SETUP	HVAC_ICS_Power_Req		
HVAC_ICS_Rear_Auto_Req	CAN Mapping	961	Atlantis High	ICS_CLIMATE_SETUP	HVAC_ICS_Rear_Auto_Req		
HVAC_ICS_Rear_Lock_Req	CAN Mapping	962	Atlantis High	ICS_CLIMATE_SETUP	HVAC_ICS_Rear_Lock_Req		
HVAC_ICS_Rear_Power_Req	CAN Mapping	963	Atlantis High	ICS_CLIMATE_SETUP	HVAC_ICS_Rear_Power_Req		
HVAC_ICS_Rear_Sync_Req	CAN Mapping	964	Atlantis High	ICS_CLIMATE_SETUP	HVAC_ICS_Rear_Sync_Req		
HVAC_ICS_RearDef_Req	CAN Mapping	965	Atlantis High	ICS_CLIMATE_SETUP	HVAC_ICS_RearDef_Req		
HVAC_ICS_RearModeFloor_Req	CAN Mapping	966	Atlantis High	ICS_CLIMATE_SETUP	HVAC_ICS_RearModeFloor_Req		
HVAC_ICS_RearModePanel_Req	CAN Mapping	967	Atlantis High	ICS_CLIMATE_SETUP	HVAC_ICS_RearModePanel_Req		
HVAC_ICS_Recirc_Req	CAN Mapping	968	Atlantis High	ICS_CLIMATE_SETUP	HVAC_ICS_Recirc_Req		
HVAC_ICS_RightAuto_Req	CAN Mapping	969	Atlantis High	ICS_CLIMATE_SETUP	HVAC_ICS_RightAuto_Req		
HVAC_ICS_RightModeDefrost_Req	CAN Mapping	970	Atlantis High	ICS_CLIMATE_SETUP	HVAC_ICS_RightModeDefrost_Req		
HVAC_ICS_RightModeFloor_Req	CAN Mapping	971	Atlantis High	ICS_CLIMATE_SETUP	HVAC_ICS_RightModeFloor_Req		
HVAC_ICS_RightModePanel_Req	CAN Mapping	972	Atlantis High	ICS_CLIMATE_SETUP	HVAC_ICS_RightModePanel_Req		
HVAC_ICS_Sync_Req	CAN Mapping	973	Atlantis High	ICS_CLIMATE_SETUP	HVAC_ICS_Sync_Req		
HVAC_ModeDefrost_Req	CAN Mapping	974	Atlantis High	TELEMATIC_CLIMATE_SETUP	HVAC_ModeDefrost_Req	B-CAN	0 = Not_Pressed\n1 = Pressed
HVAC_ModeFloor_Req	CAN Mapping	975	Atlantis High	TELEMATIC_CLIMATE_SETUP	HVAC_ModeFloor_Req	B-CAN	0 = Not_Pressed\n1 = Pressed
HVAC_ModePanel_Req	CAN Mapping	976	Atlantis High	TELEMATIC_CLIMATE_SETUP	HVAC_ModePanel_Req	B-CAN	0 = Not_Pressed\n1 = Pressed
HVAC_Range_Impact	CAN Mapping	977	Atlantis High		pending	FD	
HVACAC_Req	CAN Mapping	978	Atlantis High	TELEMATIC_CLIMATE_SETUP	HVACAC_Req	CAN-B	0 = Not_Pressed\n1 = Pressed
HVACAuto_Req	CAN Mapping	979	Atlantis High	TELEMATIC_CLIMATE_SETUP	HVACAuto_Req	CAN-B	0 = Not_Pressed\n1 = Pressed
HVACAutoECO_Sts	CAN Mapping	980	Atlantis High	STATUS_CLIMATE2	HVACAutoECO_Sts	FD	0 = Off\n1 = On
HVACAUTOProfile	CAN Mapping	981	Atlantis High	STATUS_CLIMATE3	HVACAUTOProfile		
HVACDRVTemp	CAN Mapping	982	Atlantis High	STATUS_CLIMATE3	HVACDRVTemp	CAN-B	6 bit signal\nUnits are degrees\nOffset = 0\nFactor = 1\n\n0 = Initialization\n1 = Full Cold\n62 = Full Hot\n63 = SNA
HVACECOMode_Sts	CAN Mapping	983	Atlantis High	BCM_FD_10	HVACECOMode_Sts		
HVACECOMode_Sts	CAN Mapping	983	Atlantis High	STATUS_CLIMATE3	HVACECOMode_Sts		
HVACFrontDef_Req	CAN Mapping	984	Atlantis High	TELEMATIC_CLIMATE_SETUP	HVACFrontDef_Req	CAN-B	0 = Not_Pressed\n1 = Pressed
HVACFunc_Req	CAN Mapping	985	Atlantis High	TELEMATIC_CLIMATE_SETUP	HVACFunc_Req	CAN-B	0 = No Function\n1 = FTDRVTemp_Inc\n2 = FTDRVTemp_Dec\n3 = FTDRVTemp_JUMP\n4 = FTPSNTemp_Inc\n5 = FTPSNTemp_Dec\n6 = FTPSNTemp_JUMP\n7 = RRTemp_DRV_Inc\n8 = RRTemp_DRV_Dec\n9 = RRTemp_DRV_JUMP\n10 = FTBlw_Inc\n11 = FTBlw_Dec\n12 = FTBlw_JUMP\n13 = RRBlw_Inc\n14 = RRBlw_Dec\n15 = RRBlw_JUMP\n16 = RRTemp_PAS_Inc\n17 = RRTemp_PAS_Dec\n18  = RRTemp_PAS_JUMP\n31 = SNA
HVACJumpVAL	CAN Mapping	986	Atlantis High	TELEMATIC_CLIMATE_SETUP	HVACJumpVAL	CAN-B	7 bit signal
HVACMaxAC_Req	CAN Mapping	987	Atlantis High	TELEMATIC_CLIMATE_SETUP	HVACMaxAC_Req	CAN-B	0 = Not_Pressed\n1 = Pressed
HVACMaxAC_Sts	CAN Mapping	988	Atlantis High	STATUS_CLIMATE2	HVACMaxAC_Sts	CAN-B	0 = OFF\n1 = ON\n2 = BLINK\n3 = SNA
HVACMaxDef_Req	CAN Mapping	989	Atlantis High	TELEMATIC_CLIMATE_SETUP	HVAC_MAXDef_Req	B-CAN	0 = Not_Pressed\n1 = Pressed
HVACMode_Req	CAN Mapping	990	Atlantis High	TELEMATIC_CLIMATE_SETUP	HVACMode_Req	CAN-B	0 = No Change\n1 = Defrost\n2 = Mix_Defrost\n3 = Mix\n4 = Floor_Mix\n5 = Floor\n6 = BiLvl_Floor\n7 = BiLvl\n8 = Panel_BiLvl\n9 = Panel\n10 = Panel_HiLvl\n11 = HiLvl\n12 = HILvl_Defrost\n13 = Trilevel\n15 = SNA
HVACPower_Req	CAN Mapping	991	Atlantis High	TELEMATIC_CLIMATE_SETUP	HVACPower_Req	CAN-B	0 = Not_Pressed\n1 = Pressed
HVACPowerButton	CAN Mapping	992	Atlantis High	CLIMATIC_PANEL	Climate_btn0	CAN-B	1 bit signal\n0 = Not_Pressed (HVAC Power button)\n1 = Pressed (HVAC Power button)
HVACPSNTemp	CAN Mapping	993	Atlantis High	STATUS_CLIMATE3	HVACPSNTemp	B-CAN	6 bit signal\nUnits are degrees\nOffset = 0\nFactor = 1\n\n0 = Initialization\n1 = Full Cold\n62 = Full Hot\n63 = SNA
HVACPwrUsageDisp	CAN Mapping	994	Atlantis High	HYBRID_DISPLAY	HVACPowerUse_Display		
HVACPwrUsageDisp_V	CAN Mapping	995	Atlantis(&High)	GW_B_2	HVACPwrUsageDisp_V		
HVACRearDef_Req	CAN Mapping	996	Atlantis High	TELEMATIC_CLIMATE_SETUP	HVACRearDef_Req	CAN-B	0 = Not_Pressed\n1 = Pressed
HVACRecirc_Req	CAN Mapping	997	Atlantis High	TELEMATIC_CLIMATE_SETUP	HVACRecirc_Req	CAN-B	0 = Not_Pressed\n1 = Pressed
HVACRightAuto_Sts	CAN Mapping	998	Atlantis High	STATUS_CLIMATE3	HVACRightAuto_Sts		
HVACRightControl_Sts	CAN Mapping	999	Atlantis High	STATUS_CLIMATE3	HVACRightControl_Sts		
HVACRightMode_Sts	CAN Mapping	1000	Atlantis High	STATUS_CLIMATE3	HVACRightMode_Sts		
HVACRRTemp	CAN Mapping	1001	Atlantis High	STATUS_CLIMATE8	RearHVACRightTemp	B-CAN	6 bit signal\nUnits are degrees\nOffset = 0\nFactor = 1\n\n0 = Initialization\n1 = Full Cold\n62 = Full Hot\n63 = SNA
HVACSync_Req	CAN Mapping	1002	Atlantis High	TELEMATIC_CLIMATE_SETUP	HVACSync_Req	CAN-B	0 = Not_Pressed\n1 = Pressed
HVBatSOC_HCP	CAN Mapping	1003	Atlantis High	HYBRID_DISPLAY	HVBatterySOC_Display		
HVBatSOCV_HCP	CAN Mapping	1004	Atlantis(&High)	GW_B_2	HVBatSOCV_HCP	CAN-B	
HVBatSOCV_HCP	CAN Mapping	1004	Atlantis(&High)	STATUS_HCP2	HVBatSOCV_HCP	CAN-B	
HVBatSOCV_HCP	CAN Mapping	1004	Atlantis(&High)	HCP_DISP	HVBatSOCV_HCP	CAN-C	
HVBatSOH	CAN Mapping	1005	Atlantis High	BATTERY_HV	BMS_HV_SOH	FD	0->100%\n0->127\n50->100%
HVBatSOH	CAN Mapping	1005	Atlantis High	BATTERY_HV	BMS_HV_SOH_Vldty	FD	0->100%\n0->127\n50->100%
HVBatSOH	CAN Mapping	1005	Atlantis High	BATTERY_HV_STATUS1	BPCM_HV_SOH	FD	0->100%\n0->127\n50->100%
HVBatSOH	CAN Mapping	1005	Atlantis High	HVBATTERY2	HVBatterySOH		0->100%\n0->127\n50->100%
HVBatteryTempForDisplay	CAN Mapping	1006	Atlantis High	VDCM_HMI	HVBatteryTempForDisplay	FD	See dbc
HVBatteryTempForDisplay	CAN Mapping	1007	Atlantis High		pending	FD	
HVESS_CHARGE_ACT	CAN Mapping	1008	Atlantis High	J1979_03_CARB_2	Syst_Actual_Charge_Pwr	FD	Min=0\nMax=3276.75\nFactor=0.05\nOffset=0\nInitialValue=0
HVESS_CHARGE_LIM	CAN Mapping	1009	Atlantis High	J1979_03_CARB_2	Syst_Actual_Charge_Lim	FD	Min=0\nMax=3276.75\nFactor=0.05\nOffset=0\nInitialValue=0
HydrogenTankLevel	CAN Mapping	1013	Atlantis(&High)	HCP_DISP3	HydrogenTankLevel	CAN-C	See dbc
IBS_I_BATT	CAN Mapping	1014	Atlantis High	BCM_FD_5	IBS_I_BATT	FD	16 bit signal\n0 - 66534\nSNA = 66535 
IBS_SOC	CAN Mapping	1015	Atlantis High	IBS3_DATA_2	IBS3_SOC		
IBS_SOC	CAN Mapping	1016	Atlantis(&High)	LIN_BCM_IGW3	IBS_SOC		
IBS_SOC_Accuracy	CAN Mapping	1018	Atlantis High	IBS3_DATA_2	IBS3_SOC_Accuracy		
IBS_V_Batt	CAN Mapping	1019	Atlantis High	BCM_FD_4	IBS_V_BATT	FD	14 bit signal (IBS_V_BATT)\n3 -18 Volts\nresolution = 0.0009765625 Volts\n
ICS_btn_12	CAN Mapping	1021	Atlantis High	ENGINE_FD_6	TerrainModeInterfaceButton_ECM	FD	See dbc
ICS_KNOB1_DIR	CAN Mapping	1024	Atlantis High	CLIMATIC_PANEL	Radio_Knob1_DIR	CAN-B	Atlantis\n2 bit signal\n0 = Knob_no_change\n1 = Knob_increment\n2 = Knob_decrement\n3 = Knob_enter
ICS_KNOB1_DIR	CAN Mapping	1024	Atlantis High	DIS_CENTERSTACK	DCSD_VOLKNOB_DIR		Atlantis\n2 bit signal\n0 = Knob_no_change\n1 = Knob_increment\n2 = Knob_decrement\n3 = Knob_enter
ICS_KNOB1_VAL	CAN Mapping	1025	Atlantis High	CLIMATIC_PANEL	Radio_Knob1_VAL	CAN-B	Atlantis\n6 bit signal\n0 - +63\nresolution = 1
ICS_KNOB1_VAL	CAN Mapping	1025	Atlantis High	DIS_CENTERSTACK	DCSD_VOLKNOB_VAL		Atlantis\n6 bit signal\n0 - +63\nresolution = 1
ICS_KNOB2_DIR	CAN Mapping	1026	Atlantis High	CLIMATIC_PANEL	Radio_Knob2_DIR	CAN-B	Atlantis\n2 bit signal\n0 = Knob_no_change\n1 = Knob_increment\n2 = Knob_decrement\n3 = Knob_enter
ICS_KNOB2_DIR	CAN Mapping	1026	Atlantis High	DIS_CENTERSTACK	DCSD_TUNEKNOB_DIR		Atlantis\n2 bit signal\n0 = Knob_no_change\n1 = Knob_increment\n2 = Knob_decrement\n3 = Knob_enter
ICS_KNOB2_VAL	CAN Mapping	1027	Atlantis High	CLIMATIC_PANEL	Radio_Knob2_VAL	CAN-B	Atlantis\n6 bit signal\n0-63\nresolution = 1
ICS_KNOB2_VAL	CAN Mapping	1027	Atlantis High	DIS_CENTERSTACK	DCSD_TUNEKNOB_VAL		Atlantis\n6 bit signal\n0-63\nresolution = 1
ICS_KNOB3_DIR	CAN Mapping	1028	Atlantis High	CLIMATIC_PANEL	Climate_Knob1_DIR	CAN-B	Atlantis\n2 bit signal\n0 = Knob_no_change\n1 = Knob_increment\n2 = Knob_decrement\n3 = Knob_enter
ICS_KNOB3_VAL	CAN Mapping	1029	Atlantis High	CLIMATIC_PANEL	Climate_Knob1_VAL	CAN-B	Atlantis\n6 bit signal\n0-63\nresolution = 1
ICS_R_L_BlowerDown	CAN Mapping	1030	Atlantis High		Atlantis		
ICS_R_L_BlowerDown	CAN Mapping	1030	Atlantis High		High		
ICS_R_L_BlowerUp	CAN Mapping	1031	Atlantis High		Atlantis		
ICS_R_L_BlowerUp	CAN Mapping	1031	Atlantis High		High		
ICS_R_L_TempDown	CAN Mapping	1032	Atlantis High		Atlantis		
ICS_R_L_TempDown	CAN Mapping	1032	Atlantis High		High		
ICS_R_L_TempUp	CAN Mapping	1033	Atlantis High		Atlantis		
ICS_R_L_TempUp	CAN Mapping	1033	Atlantis High		High		
ICSFrontDefrostButton	CAN Mapping	1035	Atlantis High	CLIMATIC_PANEL	Climate_btn7	CAN-B	1 bit signal\n0 = Not_Pressed (Front Defrost button)\n1 = Pressed (Front Defrost button)
ICSLeftTemperatureDownButton	CAN Mapping	1036	Atlantis High	CLIMATIC_PANEL	Climate_btn3	CAN-B	1 bit signal\n0 = Not_Pressed (Left Temperature Down button)\n1 = Pressed (Left Temperature Down button)
ICSLeftTemperatureUpButton	CAN Mapping	1037	Atlantis High	CLIMATIC_PANEL	Climate_btn2	CAN-B	1 bit signal\n0 = Not_Pressed (Left Temperature Up button)\n1 = Pressed (Left Temperature Up button)
ICSMuteButton	CAN Mapping	1038	Atlantis High	CLIMATIC_PANEL	Radio_btn4	CAN-B	1 bit signal\n0 = Not_Pressed \n1 = Pressed 
ICSMuteButton	CAN Mapping	1038	Atlantis High	GW_B_5	Mute_Button		1 bit signal\n0 = Not_Pressed \n1 = Pressed 
ICSMuteButton	CAN Mapping	1038	Atlantis High	DIS_CENTERSTACK	DCSD_Mute		1 bit signal\n0 = Not_Pressed \n1 = Pressed 
ICSPowerButton	CAN Mapping	1039	Atlantis High	CLIMATIC_PANEL	Radio_btn0	CAN-B	1 bit signal\n0 = Button NOT pressed\n1 = Button pressed
ICSPowerButton	CAN Mapping	1039	Atlantis High	DIS_CENTERSTACK	DCSD_Power		1 bit signal\n0 = Button NOT pressed\n1 = Button pressed
ICSR_Func_Req	CAN Mapping	1040	Atlantis High	CENTERSTACK_R	ICSR_Func_Req		
ICSR_JumpVal	CAN Mapping	1041	Atlantis High	CENTERSTACK_R	ICSR_JumpVal		
ICSRearDefrostButton	CAN Mapping	1042	Atlantis High	CLIMATIC_PANEL	Climate_btn6	CAN-B	1 bit signal\n0 = Not_Pressed (Rear Defrost button)\n1 = Pressed (Rear Defrost button)
ICSRightTemperatureUpButton	CAN Mapping	1043	Atlantis High	CLIMATIC_PANEL	Climate_btn4	CAN-B	1 bit signal\n0 = Not_Pressed (Right Temperature Up button)\n1 = Pressed (Right Temperature Up button)
ICSScreenOffButton	CAN Mapping	1044	Atlantis High	CLIMATIC_PANEL	Radio_btn2	CAN-B	 1 bit signal\n0 = Not_Pressed (Screen Off button)\n1 = Pressed (Screen Off button)
ICSScreenOffButton	CAN Mapping	1044	Atlantis High	DIS_CENTERSTACK	DCSD_Screen_Off		 1 bit signal\n0 = Not_Pressed (Screen Off button)\n1 = Pressed (Screen Off button)
iESS_Call_Setting_Rq	CAN Mapping	1045	Atlantis High	TELEMATIC_VEHICLE_SETUP	Internal_Sound_Inc_Call_Req	CAN-FD	"""0 = Off\n1 = Faded"""
iESS_Call_Setting_Sts	CAN Mapping	1046	Atlantis High	IPC_VEHICLE_SETUP	Internal_Sound_Inc_Call	CAN-FD	0 = Off\n1 = Faded
iESS_Call_Setting_Sts	CAN Mapping	1046	Atlantis High	GW_B_1	Internal_Sound_Inc_Call	CAN-BH	0 = Off\n1 = Faded
iESS_On_Off_Rq	CAN Mapping	1047	Atlantis High	TELEMATIC_VEHICLE_SETUP	Internal_External_Sound_On_Off_Req	CAN-FD	0 = Off\n1 = On
iESS_On_Off_Sts	CAN Mapping	1048	Atlantis High	IPC_VEHICLE_SETUP	Internal_External_Sound_On_Off	CAN-FD	0 = Off\n1 = On
iESS_On_Off_Sts	CAN Mapping	1048	Atlantis High	GW_B_1	Internal_External_Sound_On_Off	CAN-BH	0 = Off\n1 = On
iESS_Sound_Type_Rq	CAN Mapping	1049	Atlantis High	TELEMATIC_VEHICLE_SETUP	Internal_External_Sound_Type_Req	CAN-FD	"""0 = Sound 1\n1 = Sound 2\n2 = Sound 3\n3 = Sound 4"""
iESS_Sound_Type_Sts	CAN Mapping	1050	Atlantis High	IPC_VEHICLE_SETUP	Internal_External_Sound_Type	CAN-FD	"""0 = Sound 1\n1 = Sound 2\n2 = Sound 3\n3 = Sound 4"""
iESS_Sound_Type_Sts	CAN Mapping	1050	Atlantis High	GW_B_1	Internal_External_Sound_Type	CAN-BH	"""0 = Sound 1\n1 = Sound 2\n2 = Sound 3\n3 = Sound 4"""
iESS_Vol_Rq	CAN Mapping	1051	Atlantis High	TELEMATIC_VEHICLE_SETUP	Internal_Sound_Volume_Req	CAN-FD	0 = Low\n1 = Medium \n2= High
iESS_Vol_Sts	CAN Mapping	1052	Atlantis High	IPC_VEHICLE_SETUP	Internal_Sound_Volume	CAN-FD	0 = Low\n1 = Medium \n2= High
iESS_Vol_Sts	CAN Mapping	1052	Atlantis High	GW_B_1	Internal_Sound_Volume	CAN-BH	0 = Low\n1 = Medium \n2= High
IgnPos	CAN Mapping	1054	Atlantis High	RFHUB_FD_1	IgnPosSts	FD	Initialization\nIGN_LK\nACC\nRUN\nSTART\nSNA
Immediate_ChargeTarget1	CAN Mapping	1055	Atlantis High	CHARGE_SCHEDULE_HU1	Immediate_ChargeTarget1	FD	Values 0-10\nDBC Factor 5\nB - Reserved\nC - Reserved\nD - Reserved\nE - Reserved\nF - No_Selection
Immediate_ChargeTarget1_Sts	CAN Mapping	1056	Atlantis High	CHARGE_SCHEDULE_HCP1	Immediate_ChargeTarget1_Sts	FD	Values 0-10\nDBC Factor 5\nB - Reserved\nC - Reserved\nD - Reserved\nE - Reserved\nF - No_Selection
Immediate_ChargeTarget2	CAN Mapping	1057	Atlantis High	CHARGE_SCHEDULE_HU1	Immediate_ChargeTarget2	FD	Values 0-10\nDBC Factor 5\nB - Reserved\nC - Reserved\nD - Reserved\nE - Reserved\nF - No_Selection
Immediate_ChargeTarget2_Sts	CAN Mapping	1058	Atlantis High	CHARGE_SCHEDULE_HCP1	Immediate_ChargeTarget2_Sts	FD	Values 0-10\nDBC Factor 5\nB - Reserved\nC - Reserved\nD - Reserved\nE - Reserved\nF - No_Selection
IMPACT_A	CAN Mapping	1059	Atlantis High	IMPACT_INFO	IMPACT_A	FD	ATLANTIS\n1 bit signal\n0 =Do Not activated\n1 = Activated
IMPACT_B	CAN Mapping	1060	Atlantis High	IMPACT_INFO	IMPACT_B	FD	ATLANTIS\n1 bit signal\n0 =Do Not activated\n1 = Activated
IMPACT_C	CAN Mapping	1061	Atlantis High	IMPACT_INFO	IMPACT_C	FD	ATLANTIS\n1 bit signal\n0 =Do Not activated\n1 = Activated
IMPACT_F	CAN Mapping	1062	Atlantis High	IMPACT_INFO	IMPACT_F	FD	ATLANTIS\n1 bit signal\n0 =Do Not activated\n1 = Activated
IMPACT_I	CAN Mapping	1063	Atlantis High	IMPACT_INFO	IMPACT_I	FD	ATLANTIS\n1 bit signal\n0 =Do Not activated\n1 = Activated
IMPACT_K	CAN Mapping	1064	Atlantis High	IMPACT_INFO	IMPACT_K	FD	ATLANTIS\n1 bit signal\n0 =Do Not activated\n1 = Activated
IMPACT_L	CAN Mapping	1065	Atlantis High	IMPACT_INFO	IMPACT_L	FD	ATLANTIS\n1 bit signal\n0 =Do Not activated\n1 = Activated
IMPACT_M	CAN Mapping	1066	Atlantis High	IMPACT_INFO	IMPACT_M	FD	ATLANTIS\n1 bit signal\n0 =Do Not activated\n1 = Activated
ImpactCommand	CAN Mapping	1067	Atlantis High	IMPACT_INFO	IMPACTCommand	FD	ATLANTIS\n1 bit signal\n0 =Do Not activated\n1 = Activated
IMPACTConfirm	CAN Mapping	1068	Atlantis High	IMPACT_INFO	IMPACTConfim	FD	ATLANTIS\n1 bit signal\n0 =Do Not activated\n1 = Activated
IMPACTConfirm	CAN Mapping	1069	Atlantis High	IMPACT_INFO	IMPACTConfirm		1 bit signal\n0 = Actuate\n1 = Do_Not_Actuate
INFO1Active	CAN Mapping	1071	Atlantis High	TELEMATIC_FD_13	INFO1_AUD_ACT	B-CAN	0 = Not_Active\n1 = Active
INFO1Type	CAN Mapping	1072	Atlantis High	CTRL_AMP	INFO1_AUD_TYPE	CAN-B	4 bit signal\n0 = NONE\n1 = TA\n2 = NAV\n3 = VR_PROMP\n4 = PHONE_AUD\n5 = SIGNAL_CHIME\n6 = ACR
INFO2Active	CAN Mapping	1073	Atlantis High	TELEMATIC_FD_13	INFO2_AUD_ACT	B-CAN	0 = Not_Active\n1 = Active
INFO2Type	CAN Mapping	1074	Atlantis High	CTRL_AMP	INFO2_AUD_TYPE	CAN-B	4 bit signal\n0 = NONE\n1 = TA\n2 = NAV\n3 = VR_PROMP\n4 = PHONE_AUD\n5 = SIGNAL_CHIME\n6 = ACR
Install_Time_Reached	CAN Mapping	1076	Atlantis High	FOTA_RSP_TBM	Install_Time_reached	FD	0 = Not Reached\n1 = Reached
InstantaneousFuelConsumption1	CAN Mapping	1077	Atlantis High	IPC_FD_1	InstantaneousFuelConsumption1	FD	
InstantaneousFuelConsumption2	CAN Mapping	1078	Atlantis High	IPC_FD_1	InstantaneousFuelConsumption2	FD	
InstantaneousFuelConsumption3	CAN Mapping	1079	Atlantis High	IPC_FD_1	InstantaneousFuelConsumption3	FD	
IntkAirTemp	CAN Mapping	1081	Atlantis High	ENGINE_FD_2	IntakeAirTemperature_W	FD	
IntkAirTempIntrClr	CAN Mapping	1082	Atlantis High	ENGINE_FD_5	IntkAirTempIntrClr	FD	
InVehicleActivation	CAN Mapping	1083	Atlantis High	TBM_FD_1	IVA	FD	See dbc file
INVERTER_ON	CAN Mapping	1084	Atlantis High	GW_B_1	INVERTER_ON	CAN-B	1 bit signal\n\nInverter is on; [1] = True 
INVERTER_RQ	CAN Mapping	1085	Atlantis High	RADIO_B4	INVERTER_RQ	CAN-B	2 bit signal\n0 = NOT_PSD\n1=PSD\n3=SNA
Inverter_Worksite_RadioSwitch_Req	CAN Mapping	1086	Atlantis High		pending	FD	
Inverter_Worksite_RadioSwitch_Sts	CAN Mapping	1087	Atlantis High		pending	FD	
INVM_LIN_Module	CAN Mapping	1088	Atlantis High		pending	FD	
IPC_DC_PwrLev	CAN Mapping	1089	Atlantis High	IPC_VEHICLE_SETUP	DC_PwrLev	FD	see dbc
IPC_PwrLev	CAN Mapping	1090	Atlantis High	IPC_VEHICLE_SETUP	PwrLev	CAN-FD	See dbc for signal details and enumerations
IPC_SOC_MaxLev	CAN Mapping	1091	Atlantis High	IPC_VEHICLE_SETUP	SOC_Max_Lev	FD	see dbc
ISASystemSts	CAN Mapping	1092	Atlantis(&High)	ENGINE10	ISASts	CAN-C	0 = Not_Active\n1 = Active\n
isOwner	CAN Mapping	1093	Atlantis High	SPAAK_Key	isOwner	FD	0 = Friend\n1 = Owner\n
ITBM_BrkStyle	CAN Mapping	1094	Atlantis High	BCM_FD_29	ITBM_BrkStyle	See dbc	See dbc
ITBM_GAIN_STAT	CAN Mapping	1095	Atlantis High	ITBM_A1	ITBM_GAIN_STAT		
KeyAddAbort	CAN Mapping	1096	Atlantis High	TELEMATIC_FD_19	KeyAddAbort	FD	See dbc
KeyDisable_Stat	CAN Mapping	1097	Atlantis High	SPAAK_FD	KeyDisable_Stat1	FD	See dbc
KeyEnable_Stat	CAN Mapping	1098	Atlantis High	SPAAK_FD	KeyEnable_Stat1	FD	See dbc
Keyfob_present	CAN Mapping	1099	Atlantis High		pending	FD	
KeyFriendlyName	CAN Mapping	1100	Atlantis High	SPAAK_Key	KeyFriendlyName	FD	
KeyInIgn	CAN Mapping	1101	Atlantis High	BCM_FD_17	KeyInIgn	FD	ATLANTIS\n2 bit signal\n0 = CUST_KEY_DEFAULT\n1 = CUST_KEY_NOT_IN_IGNITION\n2 = CUST_KEY_IN_IGNITION\n3 = SNA
KeyInIgn	CAN Mapping	1101	Atlantis High	BCM_FD_2	KeyInIgnSts	FD	ATLANTIS\n2 bit signal\n0 = CUST_KEY_DEFAULT\n1 = CUST_KEY_NOT_IN_IGNITION\n2 = CUST_KEY_IN_IGNITION\n3 = SNA
KeyReplace	CAN Mapping	1102	Atlantis High	TELEMATIC_FD_19	KeyReplace	FD	See dbc
KeySlotID	CAN Mapping	1103	Atlantis High	SPAAK_Key	KeySlotID	FD	
KeyStatus	CAN Mapping	1104	Atlantis High	SPAAK_Key	KeyStatus	FD	0 = Not Connected\n1 = Connected\n2 = Disabled\n3 = Suspended\n4-15 = Reserved
L_R_Req_PE	CAN Mapping	1105	Atlantis(&High)	NA	Present		NA
LabelCategory	CAN Mapping	1106	Atlantis High		MainCategoryLabels	CAN-B	
Lane_DispPopupSts	CAN Mapping	1109	Atlantis High	BCM_FD_26	LKA_RequestSts		
Lane_Sense_Stat	CAN Mapping	1110	Atlantis High	IPC_FD_3	LANE_DEPART_STAT	FD	0 = Off\n1 = On\n2 = Blinking\n3 = SNA
LanguageSelection	CAN Mapping	1111	Atlantis High	IPC_VEHICLE_SETUP	LanguageSelection	CAN-B	0 = Italian\n1 = Deutsch\n2 = English\n3 = Espanol\n4 = Francais\n5 = Portugues\n6 = Polish\n7 = Dutch\n8 = Brazilian\n9 = Turkish\n10 = Mexican\n11 = English_US\n12 = Canadian\n13 = Russian\n14 = Chinese\n15 = Japanese\n16 = Korean\n17 = Arabic\n18 = Czech\n19 = Slovakian\n20 = Hungarian\n21 = Hindi
LanguageSelection_Req	CAN Mapping	1112	Atlantis(&High)	TELEMATIC_VEHICLE_SETUP	LanguageSelection_Req		
Lat_Pos	CAN Mapping	1113	Atlantis(&High)	SAT_POS	Lat_Pos		
LatAcceleration	CAN Mapping	1114	Atlantis High	BRAKE_FD_2	LatAcceleration_BSM	FD	ATLANTIS\n12 bit signal\nOffset = -40.96\nResolution = 0.02
LatAcceleration	CAN Mapping	1114	Atlantis High	BRAKE_FD_2	LatAccelerationFailSts_BSM		ATLANTIS\n12 bit signal\nOffset = -40.96\nResolution = 0.02
Launch_RPM_Selected_Setting2	CAN Mapping	1115	Atlantis High	TELEMATIC_FD_11	Launch_RPM_Selected_Setting2	FD	
Launch_Sft_Btn_status	CAN Mapping	1116	Atlantis High	TELEMATIC_FD_11	Launch_Sft_Btn_status	FD	
Launch_Torque_Sft_Btn_Req	CAN Mapping	1117	Atlantis High	TELEMATIC_FD_15	Launch_Torque_Sft_Btn_Req	FD	0 - Max\n1 - High\n2 - Med\n3 - Low\n4 - Min\n5 - Reserved\n6 - Reserved\n7 - Reserved
LaunchRPMsetting2_ESC	CAN Mapping	1118	Atlantis High	BRAKE_FD_4	LaunchRPMsetting_BSM	FD	
LCDisplaySts	CAN Mapping	1119	Atlantis(&High)	HAPTIC2	LC_DisplaySts	CAN-BH	0 = Off\n1 = Enabled\n2 = Engaged\n3 = Sensor_Blockage\n4 = LaneCentering_Fault\n5 = ECE_Left_Engaged\n6 = ECE_Right_Engaged
LDW_LEDControlSts	CAN Mapping	1120	Atlantis(&High)	CENTERSTACK1	LDW_RequestSts		Not_Pressed\nPressed
Left_Cluster_Button_Function	CAN Mapping	1122	Atlantis(&High)	RADIO_B5	Left_Cluster_Button_function		See dbc
Left_Cluster_Button_Function	CAN Mapping	1123	Atlantis High	TELEMATIC_FD_15	Left_Cluster_Button_function	FD	0 = Blank\n1 = Previous\n2 = Next\n3 = Pause/Play\n4 = Tune -\n5 = Tune +\n6 = Mute\n7 = Tag Song\n8 = Tag Artist\n9 = Unmute\n10 =Transfer Call to Device\n11 = Preset -\n12 = Preset +\n13 = Seek Up\n14 = Seek Down\n15 = Next Mode\n16 = Volume -\n17 = Volume +\n31 = SNA
LHFWheelSpeed	CAN Mapping	1124	Atlantis High	BRAKE_FD_3	LHFWheelSpeed	FD	See dbc
LHR_FastPulseCounter (Fail Sts)	CAN Mapping	1125	Atlantis High	BRAKE_FD_3	LHR_WheelSensorFailSts	FD	Atlantis\n1 bit signal\n0 = Fail_Not_Present\n1 = Fail_Present
LHRDoorSts	CAN Mapping	1126	Atlantis High	BCM_FD_9	LHRDoorSts	FD	1 bit signal\n0 = Closed\n1 = Open
LHRWheelSpeed	CAN Mapping	1127	Atlantis High	BRAKE_FD_3	LHRWheelSpeed	FD	See dbc
LHTurnLightFault	CAN Mapping	1128	Atlantis High	BCM_FD_9	LHTurnLightFault	FD	1 bit signal\n0 = not faulted\n1 = faulted
LIDAR_check_healty_sts	CAN Mapping	1129	Atlantis High	ADAS_FD_INFO2	LIDAR_Sts	FD	0 = Normal\n1 = Blinded\n2 = Faulted\n3 = not used
Light_Range_Impact	CAN Mapping	1131	Atlantis High		pending	FD	
Linelock_Sft_Btn_request	CAN Mapping	1133	Atlantis High		pending	FD	
LOBEAM_ON	CAN Mapping	1137	Atlantis High	BCM_FD_9	LowBeamSts	FD	OFF\nON
Long_Pos	CAN Mapping	1138	Atlantis(&High)	SAT_POS	Long_Pos		
LongAcceleration	CAN Mapping	1139	Atlantis High	BRAKE_FD_2	LongAcceleration_BSM	FD	ATLANTIS\n12 bit signal\nOffset = -40.96\nResolution = 0.02
LongAcceleration	CAN Mapping	1139	Atlantis High	BRAKE_FD_2	LongAccelerationFailSts_BSM		ATLANTIS\n12 bit signal\nOffset = -40.96\nResolution = 0.02
LRCF1_check_healty_sts	CAN Mapping	1141	Atlantis High	ADAS_FD_INFO2	LRCF_Sts	FD	0 = Normal\n1 = Blinded\n2 = Faulted\n3 = not used
LRRF_check_healty_sts	CAN Mapping	1142	Atlantis High	ADAS_FD_INFO2	LRRF_Sts	FD	0 = Normal\n1 = Blinded\n2 = Faulted\n3 = not used
LRW	CAN Mapping	1143	Atlantis High	EPS_FD_3	LwsAngle	FD	CUSW\n16 bit signal\n-720 to 720 degrees\nResolution = 0.1 Deg\n\nGE.LwsFailSts\nFail_not_Present\nFail_Present_Ignition_Latched\nFail_Present_Recoverable\nFail_Present_Battery_Disconnection\n
LRW	CAN Mapping	1143	Atlantis High	EPS_FD_3	LwsFailSts		CUSW\n16 bit signal\n-720 to 720 degrees\nResolution = 0.1 Deg\n\nGE.LwsFailSts\nFail_not_Present\nFail_Present_Ignition_Latched\nFail_Present_Recoverable\nFail_Present_Battery_Disconnection\n
LRW_PLRTY	CAN Mapping	1144	Atlantis High	EPS_FD_1	LwsAngle	FD	
LRWS_ST	CAN Mapping	1145	Atlantis High	EPS_FD_3	LwsCalibration	FD	1 bit signal\n0 = not calibrated\n1 = calibrated
LT_DIST	CAN Mapping	1146	Atlantis High	BRAKE_FD_3	LHR_FastPulseCounter	FD	ATLANTIS\n8 bit signal \n0 - 255 pulses\nResolution = 1
LTCM_check_healty_sts	CAN Mapping	1148	Atlantis High		pending	FD	
LTE_Status	CAN Mapping	1149	Atlantis High	TBM_SCHEDULE_FD_2	LTESts	FD	0 = No_Network\n1 = 2G\n2 = 3G\n3 = 4G\n4 = E\n5 = H_Plus\n6 = Unknown
LTR_CoolantTemp	CAN Mapping	1150	Atlantis High	ENGINE_FD_5	LTR_CoolantTemp	FD	
LTR_TARGET_TEMP	CAN Mapping	1151	Atlantis High	ENGINE_FD_8	LTR_TARGET_TEMP	FD	
MaintenanceReminderStatus	CAN Mapping	1152	Atlantis High	STATUS_CCAN4	OilLifeSts	CAN-B	ATLANTIS\n2 bit signal\n0 = Normal_Oil_Properties\n1 = Oil_Life_Reset\n2 = Change_Oil_Required\n3 = Not_used
Map_Data_Supplier	CAN Mapping	1153	Atlantis High	TELEMATIC_FD_11	Map_Data_Supplier	FD	0 = Unknown\n1 = NAVTEQ\n2 = TomTom\n3 = Zenrin\n4 = IPC\n5 = NavInfo\n6 = Other\n7 = NA
MassageDsts	CAN Mapping	1154	Atlantis High	MASSAGE_DRIVER	MassageDsts		
MassageIntensity_D_Tlm	CAN Mapping	1155	Atlantis High	RADIO_B4	MassageIntensity_D_Tlm	B-CAN	0 = Type1\n1 = Type2\n2 = Type3
MassageIntensity_P_Tlm	CAN Mapping	1156	Atlantis High	RADIO_B4	MassageIntensity_P_Tlm	B-CAN	0 = Type1\n1 = Type2\n2 = Type3
MassagePsts	CAN Mapping	1157	Atlantis High	MASSAGE_PASS	MassagePsts		
MassageSw_D_Tlm	CAN Mapping	1158	Atlantis High	RADIO_B4	MassageSw_D_Tlm	B-CAN	0 = Not_Pressed\n1 = Pressed
MassageSw_DSSM	CAN Mapping	1159	Atlantis High	DRIVER_DOOR	MassageSw_DSSM		
MassageSw_P_Tlm	CAN Mapping	1160	Atlantis High	RADIO_B4	MassageSw_P_Tlm	B-CAN	0 = Not_Pressed\n1 = Pressed
MassageSw_PDSSM	CAN Mapping	1161	Atlantis High	PASS_DOOR	MassageSw_PDSSM		
MassageType_D_Tlm	CAN Mapping	1162	Atlantis High	RADIO_B4	MassageType_D_Tlm	B-CAN	0 = Type1\n1 = Type2\n2 = Type3\n3 = Type4\n4 = Type5\n5 = Type6\n6 = Type7
MassageType_P_Tlm	CAN Mapping	1163	Atlantis High	RADIO_B4	MassageType_P_Tlm	B-CAN	0 = Type1\n1 = Type2\n2 = Type3\n3 = Type4\n4 = Type5\n5 = Type6\n6 = Type7
MAX_AC_RqCntrl	CAN Mapping	1164	Atlantis(&High)	TELEMATIC_CLIMATE_SETUP	HVACMaxAC_Req		
Max_AC_RqSts	CAN Mapping	1166	Atlantis High	TELEMATIC_CLIMATE_SETUP	HVACMaxAC_Req	B-CAN	0 = Not_Pressed\n1 = Pressed
MAX_ACSts	CAN Mapping	1167	Atlantis High	STATUS_CLIMATE2	HVACMaxAC_Sts	B-CAN	0 = OFF\n1 = ON\n2 = BLINK\n3 = SNA
MaxDefrost_Sts	CAN Mapping	1168	Atlantis High	STATUS_CLIMATE	MaxDefrostSts	B-CAN	0 = OFF\n1 = ON
MCPA_RPM	CAN Mapping	1169	Atlantis High	ENGINE_SIMULATOR1	MCPA_RPM_PT	FD	-
MCPA_TargetMotorRPM	CAN Mapping	1170	Atlantis High	ENGINE_SIMULATOR2	TargetMotorRPM_MCPA_PT	FD	-
MCPA_TorqueAchieved	CAN Mapping	1171	Atlantis High	ENGINE_SIMULATOR1	MCPA_Torque_Achieved_PT	FD	-
MCPA_TorqueCommand	CAN Mapping	1172	Atlantis High	ENGINE_SIMULATOR1	TorqueCommand_MCPA_PT	FD	-
MCPB_RPM	CAN Mapping	1173	Atlantis High	ENGINE_SIMULATOR2	RPM_MCPB_PT	FD	-
MCPB_TargetMotorRPM	CAN Mapping	1174	Atlantis High	ENGINE_SIMULATOR3	TargetMotorRPM_MCPB_PT	FD	-
MCPB_TorqueAchieved	CAN Mapping	1175	Atlantis High	ENGINE_SIMULATOR2	MCPB_Torque_Achieved_PT	FD	-
MCPB_TorqueCommand	CAN Mapping	1176	Atlantis High	ENGINE_SIMULATOR3	TorqueCommand_MCPB_PT	FD	-
MDSActForANC	CAN Mapping	1177	Atlantis High	GW_B_4	MdsActforANC	CAN-B	
MediaExp	CAN Mapping	1178	Atlantis High	RADIO_B7	MediaExp	CAN-B	0x0 ON\n0x1 OFF
Mem_P_Pos_Rq	CAN Mapping	1179	Atlantis High	PASS_SEAT	Mem_P_Pos_Rq	CAN-B	Atlantis\n2 bit signal\n\n0 = IDLE\n1 = MEMPOS1\n2 = MEMPOS2
Mem_P_Pos_Rq2	CAN Mapping	1180	Atlantis High	PASS_SEAT2	Mem_Pass_Pos_Rq	B-CAN	ATLANTIS\n3 bit signal\n0=Not_Pressed\n1=MemPos1_Pressed\n2=MemPos2_Pressed\n3=MemPos3_Pressed\n7=SNA
Mem_P_Rc_Rq	CAN Mapping	1181	Atlantis High	PASS_SEAT	Mem_P_Rc_Rq	CAN-B	Atlantis\n1 bit signal
Mem_P_Sv_Rq	CAN Mapping	1182	Atlantis High	PASS_SEAT	Mem_P_Sv_Rq	CAN-B	Atlantis\n1 bit signal
Mem_SwPsd_D	CAN Mapping	1183	Atlantis High	MEM_SW_STAT	Mem_SwPsd_D		
Mem_SwPsd_D	CAN Mapping	1183	Atlantis High	CENTERSTACK3	MEM_Driv_Sv_Rq_Sw		
Mem_SwPsd_P	CAN Mapping	1184	Atlantis High	PASS_DOOR2	Mem_SwPsd_P		
Mem_SwPsd_P	CAN Mapping	1184	Atlantis High	CENTERSTACK3	MEM_Pass_Sv_Rq_Sw		
Memory_Seat_DSM_Sts	CAN Mapping	1185	Atlantis High	MEM_SEAT2	Memory_Seat_DSM_Sts	B-CAN	0 = Not_pressed\n1 = MMEMPOS1_PRESSED\n2 = MMEMPOS1_PRESSED
Memory_Seat_Tlm_Req	CAN Mapping	1186	Atlantis High	RADIO_B4	Memory_Seat_Tlm_Req	B-CAN	0 = Not_pressed\n1 = MMEMPOS1_PRESSED\n2 = MMEMPOS2_PRESSED\n3 = Not_Used
Memory_Seat_Tlm_Req2	CAN Mapping	1187	Atlantis High	RADIO_B4	Memory_Seat_Tlm_Req	B-CAN	ATLANTIS\n3 bit signal\n0=Not_Pressed\n1=MemPos1_Pressed\n2=MemPos2_Pressed\n3=MemPos3_Pressed\n7=SNA
MemoryRecall	CAN Mapping	1188	Atlantis High	MEM_D_POS	Mem_D_Rc_Rq	CAN-B	ATLANTIS\n0 = NotPressed\n1 = Pressed
MemorySet	CAN Mapping	1189	Atlantis High	MEM_D_POS	Mem_D_Sv_Rq	CAN-B	ATLANTIS\n0 = NotPressed\n1 = Pressed
Meta_CycCnt	CAN Mapping	1190	Atlantis(&High)	META_DATA	ADAS_Meta_CycCnt	CANB	
Meta_HwVer	CAN Mapping	1191	Atlantis(&High)	META_DATA	ADAS_Meta_HwVer	CANB	
Meta_MapVerQtr	CAN Mapping	1192	Atlantis(&High)	META_DATA	ADAS_Meta_MapVerQtr	CANB	
Meta_MapVerYear	CAN Mapping	1193	Atlantis(&High)	META_DATA	ADAS_Meta_MapVerYear	CANB	
Meta_MsgType	CAN Mapping	1194	Atlantis(&High)	META_DATA	ADAS_Meta_MsgType	CANB	
Meta_ProtVer_Major	CAN Mapping	1195	Atlantis(&High)	META_DATA	ADAS_Meta_ProtVer_Major	CANB	
Meta_ProtVer_Minor	CAN Mapping	1196	Atlantis(&High)	META_DATA	ADAS_Meta_ProtVer_Minor	CANB	
Meta_ProtVer_MinorSub	CAN Mapping	1197	Atlantis(&High)	META_DATA	ADAS_Meta_ProtVer_MinorSub	CANB	
Meta_RegionCode	CAN Mapping	1198	Atlantis(&High)	META_DATA	ADAS_Meta_RegionCode	CANB	
MilLampStat	CAN Mapping	1200	Atlantis High	ENGINE_FD_7	EMSFailSts	FD	ATLANTIS\n2 bit signal\n0 = Fail_Not_Present\n1 = Fail_Flash_Light_Indication\n2 = Fail_Fix_Light_Indication\n3 = Flash_For_Service
Min_SOC_ChargeSchedule1_Req	CAN Mapping	1201	Atlantis High	TBM_SCHEDULE_FD_1	TBM_Immediate_ChargeTarget1	FD	Values 0-10 \n11 - Reserved \n12 - Reserved \n13 - Reserved \n14 - Reserved \n15 - No_Selection
Min_SOC_ChargeSchedule2_Req	CAN Mapping	1202	Atlantis High	TBM_SCHEDULE_FD_1	TBM_Immediate_ChargeTarget2	FD	Values 0-10 \n11 - Reserved \n12 - Reserved \n13 - Reserved \n14 - Reserved \n15 - No_Selection
Mobile_APP_Alert	CAN Mapping	1203	Atlantis High	IPC_VEHICLE_SETUP	FOA_Mobile_App_Alert		
ModeDefrostLeft_M	CAN Mapping	1204	Atlantis High	TGW_HVAC_CTRL_M	ModeDefrostLeft_M	CAN-B	[0] = Not Pressed\n[1] = Pressed
ModeDefrostRight_M	CAN Mapping	1205	Atlantis High	TGW_HVAC_CTRL_M	ModeDefrostRight_M	CAN-B	[0] = Not Pressed\n[1] = Pressed
ModeFloorLeft_M	CAN Mapping	1206	Atlantis High	TGW_HVAC_CTRL_M	ModeFloorLeft_M	CAN-B	[0] = Not Pressed\n[1] = Pressed
ModeFloorRight_M	CAN Mapping	1207	Atlantis High	TGW_HVAC_CTRL_M	ModeFloorRight_M	CAN-B	[0] = Not Pressed\n[1] = Pressed
ModeVentLeft_M	CAN Mapping	1208	Atlantis High	TGW_HVAC_CTRL_M	ModeVentLeft_M	CAN-B	[0] = Not Pressed\n[1] = Pressed
ModeVentRight_M	CAN Mapping	1209	Atlantis High	TGW_HVAC_CTRL_M	ModeVentRight_M	CAN-B	[0] = Not Pressed\n[1] = Pressed
Motor1PowerUse_Display	CAN Mapping	1210	Atlantis High	HYBRID_POWERTRAIN5	Motor1PowerUse_Display	FD	See dbc file
Motor2PowerUse_Display	CAN Mapping	1211	Atlantis High	HYBRID_POWERTRAIN5	Motor2PowerUse_Display	FD	See dbc file
Motor3PowerUse_Display	CAN Mapping	1212	Atlantis High	HYBRID_POWERTRAIN5	Motor3PowerUse_Display	FD	See dbc file
MotorA_Temperature	CAN Mapping	1213	Atlantis High	HYBRID_RM_MOTORS	MotorA_Temperature	FD	See dbc
MotorA_TorqueAchieved	CAN Mapping	1214	Atlantis High	HYBRID_RM_MOTORS	MotorA_TorqueAchieved	FD	See dbc
MotorB_Temperature	CAN Mapping	1215	Atlantis High	HYBRID_RM_MOTORS	MotorB_Temperature	FD	See dbc
MotorB_TorqueAchieved	CAN Mapping	1216	Atlantis High	HYBRID_RM_MOTORS	MotorB_TorqueAchieved	FD	See dbc
MotorsPowerUse_Display	CAN Mapping	1217	Atlantis High	HYBRID_POWERTRAIN5	MotorsPowerUse_Display	FD	See dbc file
MRRFL_check_healty_sts	CAN Mapping	1218	Atlantis High	ADAS_FD_INFO2	MRRFL_Sts	FD	0 = Normal\n1 = Blinded\n2 = Faulted\n3 = not used
MRRFR_check_healty_sts	CAN Mapping	1219	Atlantis High	ADAS_FD_INFO2	MRRFR_Sts	FD	0 = Normal\n1 = Blinded\n2 = Faulted\n3 = not used
MRRRL_check_healty_sts	CAN Mapping	1220	Atlantis High	ADAS_FD_INFO2	MRRRL_Sts	FD	0 = Normal\n1 = Blinded\n2 = Faulted\n3 = not used
MRRRR_check_healty_sts	CAN Mapping	1221	Atlantis High	ADAS_FD_INFO2	MRRRR_Sts	FD	0 = Normal\n1 = Blinded\n2 = Faulted\n3 = not used
MRSRL_check_healty_sts	CAN Mapping	1222	Atlantis High	ADAS_FD_INFO2	MRSRL_Sts	FD	0 = Normal\n1 = Blinded\n2 = Faulted\n3 = not used
MRSRR_check_healty_sts	CAN Mapping	1223	Atlantis High	ADAS_FD_INFO2	MRSRR_Sts	FD	0 = Normal\n1 = Blinded\n2 = Faulted\n3 = not used
MsgType_CS	CAN Mapping	1224	Atlantis(&High)	SEGMENT	ADAS_Seg_MsgType	CAN-B	
MtrAPwrUsageDisp	CAN Mapping	1225	Atlantis High	HYBRID_DISPLAY	MotorAPowerUse_Display	FD	8 bit display\n\nunits are kW\nOffset = -125\nFactor = 1\nRange is -125 to 130
MtrAPwrUsageDisp_V	CAN Mapping	1226	Atlantis High	HYBRID_DISPLAY	MotorAPowerUse_DisplayV	FD	0 = Valid\n1 = Not_Valid
MtrBPwrUsageDisp	CAN Mapping	1227	Atlantis High	HYBRID_DISPLAY	MotorBPowerUse_Display	FD	8 bit display\n\nunits are kW\nOffset = -125\nFactor = 1\nRange is -125 to 130
MtrBPwrUsageDisp_V	CAN Mapping	1228	Atlantis High	HYBRID_DISPLAY	MotorBPowerUse_DisplayV	FD	0 = Valid\n1 = Not_Valid
MtrPwrUsageDisp	CAN Mapping	1229	Atlantis High	HYBRID_DISPLAY	MotorPowerUse_Display	FD	
MtrPwrUsageDisp	CAN Mapping	1229	Atlantis High	HCP_4	MtrPwrUsgDisp		
NAV_GUIDANCE_MD	CAN Mapping	1231	Atlantis High	TELEMATIC_FD_15	NAV_GUIDANCE_MD	FD	1 bit signal
NavDataAvailable_CS	CAN Mapping	1232	Atlantis High	TELEMATIC_FD_11	NavDataAvailable_CS	FD	0 = Valid_Data_Not_Available\n1 = Valid_Data_Available
NavigationMapPopUP	CAN Mapping	1233	Atlantis High	IPC_FD_11	NavigationMapPopUP	CAN-FD	
NAVPrsnt	CAN Mapping	1234	Atlantis High	TELEMATIC_FD_5	NAVPrsnt	FD	0 = Absent\n1 = Present
NetworkConfirm	CAN Mapping	1235	Atlantis High	TBM_SCHEDULE_FD_2	NetConnection	FD	0 = Not_Connected\n1 = Connected\n2 = Connection_Ongoing\n3 = Connection_Failed
NetworkPassword1	CAN Mapping	1236	Atlantis(&High)	NETWORK_PASSPHRASE	NETWORK_RES_CHAR_1		
NetworkPassword2	CAN Mapping	1237	Atlantis(&High)	NETWORK_PASSPHRASE	NETWORK_RES_CHAR_2		
NetworkPassword3	CAN Mapping	1238	Atlantis(&High)	NETWORK_PASSPHRASE	NETWORK_RES_CHAR_3		
NetworkPassword4	CAN Mapping	1239	Atlantis(&High)	NETWORK_PASSPHRASE	NETWORK_RES_CHAR_4		
NetworkPassword5	CAN Mapping	1240	Atlantis(&High)	NETWORK_PASSPHRASE	NETWORK_RES_CHAR_5		
NetworkPassword6	CAN Mapping	1241	Atlantis(&High)	NETWORK_PASSPHRASE	NETWORK_RES_CHAR_6		
NetworkPassword7	CAN Mapping	1242	Atlantis(&High)	NETWORK_PASSPHRASE	NETWORK_RES_CHAR_7		
NetworkResponseFrameID	CAN Mapping	1243	Atlantis(&High)	NETWORK_PASSPHRASE	NETWORK_RES_FRAME_ID		
NetworkResponseNumber	CAN Mapping	1244	Atlantis(&High)	NETWORK_PASSPHRASE	NETWORK_NUMBER_RES		
Next_Charge_End_Time_Hr	CAN Mapping	1245	Atlantis High	CHARGE_SCHEDULE_NEXT	Next_Charge_End_Time_Hr	FD-CAN	5 bit signal\nin Hours, Factor = 1\n25 = Charge Until Full\n31 = SNA
Next_Charge_End_Time_Min	CAN Mapping	1246	Atlantis High	CHARGE_SCHEDULE_NEXT	Next_Charge_End_Time_Min	FD-CAN	4 bit signal\nin Minutes, Factor = 5\n15 = SNA
Next_Charge_EndDay	CAN Mapping	1247	Atlantis High	CHARGE_SCHEDULE_NEXT	Next_Charge_EndDay	FD-CAN	0 = No Selection\n1 = M\n2 = T\n3 = W\n4 = Th\n5 = F\n6 = Sa\n7 = S\n9 = No Schedule Set\n15 = Signal not available
Next_Charge_Schedule_Type	CAN Mapping	1248	Atlantis High	CHARGE_SCHEDULE_NEXT	Next_Charge_Schedule_Type	FD	0 - No_Selection\n1 - Standard Charge\n2 - External Charge\n3 - Both
Next_Charge_Start_Time_Hr	CAN Mapping	1249	Atlantis High	CHARGE_SCHEDULE_NEXT	Next_Charge_Start_Time_Hr	FD-CAN	5 bit signal\nin Hours, Factor = 1\n31 = SNA
Next_Charge_Start_Time_Min	CAN Mapping	1250	Atlantis High	CHARGE_SCHEDULE_NEXT	Next_Charge_Start_Time_Min	FD-CAN	4 bit signal\nin Minutes, Factor = 5\n15 = SNA
Next_Charge_StartDay	CAN Mapping	1251	Atlantis High	CHARGE_SCHEDULE_NEXT	Next_Charge_StartDay	FD-CAN	0 = No Selection\n1 = M\n2 = T\n3 = W\n4 = Th\n5 = F\n6 = Sa\n7 = S\n9 = No Schedule Set\n15 = Signal not available
Next_Climate_Day	CAN Mapping	1252	Atlantis High	CHARGE_SCHEDULE_NEXT	Next_Climate_Day	FD-CAN	0 = No Selection\n1 = M\n2 = T\n3 = W\n4 = Th\n5 = F\n6 = Sa\n7 = S\n9 = No Schedule Set\n15 = Signal not available
Next_Climate_Time_Hr	CAN Mapping	1253	Atlantis High	CHARGE_SCHEDULE_NEXT	Next_Climate_Time_Hr	FD-CAN	5 bit signal\nin Hours, Factor = 1\n31 = SNA
Next_Climate_Time_Min	CAN Mapping	1254	Atlantis High	CHARGE_SCHEDULE_NEXT	Next_Climate_Time_Min	FD-CAN	4 bit signal\nin Minutes, Factor = 5\n15 = SNA
Next_External_Charge_End_Time_Hr	CAN Mapping	1255	Atlantis High	CHARGE_SCHEDULE_NEXT	Nxt_Ext_Charge_End_Time_Hr	FD	Values 0-23\n1F - SNA
Next_External_Charge_End_Time_Min	CAN Mapping	1256	Atlantis High	CHARGE_SCHEDULE_NEXT	Nxt_Ext_Charge_End_Time_Min	FD	Values 0-11\nDBC Factor 5\nF - SNA
Next_External_Charge_EndDay	CAN Mapping	1257	Atlantis High	CHARGE_SCHEDULE_NEXT	Next_External_Charge_EndDay	FD	0 - No_Selection\n1 - M\n2 - T\n3 - W\n4 - Th\n5 - F\n6 - Sa\n7 - S\n8 - Reserved\n9 - Reserved\nA - Reserved\nB - Reserved\nC - Reserved\nD - Reserved\nE - Reserved\nF - SNA
Next_External_Charge_ExternalTarget	CAN Mapping	1258	Atlantis High	CHARGE_SCHEDULE_NEXT	Next_External_Charge_ExternalTarget	FD	Values 0-10\nDBC Factor 5\nOffset 50\nB - Reserved\nC - Reserved\nD - Reserved\nE - Reserved\nF - No_Selection
Next_External_Charge_ImmediateTarget	CAN Mapping	1259	Atlantis High	CHARGE_SCHEDULE_NEXT	Next_External_Charge_ImmediateTarget	FD	Values 0-10\nDBC Factor 5\nB - Reserved\nC - Reserved\nD - Reserved\nE - Reserved\nF - No_Selection
Next_SchCabin_Temp	CAN Mapping	1260	Atlantis High	CHARGE_SCHEDULE_NEXT	Next_SchCabin_Temp	FD	See dbc file
NUM_OF_LANES_DRV_DIR_CS	CAN Mapping	1262	Atlantis High	TELEMATIC_FD_11	NUM_OF_LANES_DRV_DIR_CS	FD	0 = Wrong_Direction\n1 = Nmbr_Lanes_1\n2 = Nmbr_Lanes_2\n3 = Nmbr_Lanes_3\n4 = Nmbr_Lanes_4\n5 = Nmbr_Lanes_5\n6 = Nmbr_Lanes_6_or_more\n7 = NA
NUM_OF_LANES_OPP_DIR_CS	CAN Mapping	1263	Atlantis(&High)	SEGMENT	ADAS_Seg_NumOfLaneOppDir	CAN-B	
NumTrlAxles	CAN Mapping	1264	Atlantis High	Radio_A4	Number_of_Trl_Axles	Seed dbc	See dbc
NumTrlAxles_TTPM	CAN Mapping	1265	Atlantis High	TPM_A6	Number_of_Trl_Axles_TTPM		
NumTrlTires	CAN Mapping	1266	Atlantis High	Radio_A4	Number_of_Trl_Tires	Seed dbc	See dbc
NumTrlTires_TTPM	CAN Mapping	1267	Atlantis High	TPM_A6	Number_of_Trl_Tires_TTPM		
NVPM_ChimeActivation_LHF	CAN Mapping	1268	Atlantis High	GW_B_1	NVPM_ChimeActivation_LHF	B-CAN	0 = Not_Active\n1 = Active
NVPM_ChimeActivation_RHF	CAN Mapping	1269	Atlantis High	GW_B_1	NVPM_ChimeActivation_RHF	B-CAN	0 = Not_Active\n1 = Active
NVPM_ChimeType	CAN Mapping	1270	Atlantis High	GW_B_1	NVPM_ChimeType	B-CAN	0 = NONE\n1 = TYP_1\n2 = TYP_2\n3 = TYP_3\n4 = TYP_4\n5 = TYP_5\n6 = TYP_6\n7 = TYP_7\n8 = TYP_8\n9 = TYP_9\n10 = TYP_10\n11 = TYP_11\n12 = TYP_12\n13 = TYP_13\n14 = TYP_14\n15 = SNA
OCM_Psg_Signal_Sts	CAN Mapping	1271	Atlantis High	BCM_FD_21	PsgSeatOCSts	FD	0 - EMPTY_RFIS\n1 - OC_5TH_UP\n2 - Not_Used\n3 - Empty no_Light\n4 - OC_5TH_Down\n15 - OC_UNDETRMD
Odometer	CAN Mapping	1272	Atlantis High	TRIP_A_B	TotalOdometer	CAN-B	20 bit signal\n0 -> 1048575 km\nresolution = 1 km
OffRd_FL_Lvl	CAN Mapping	1273	Atlantis High	ADCM_FD_A3	OffRd_FL_Lvl	FD	See dbc
OffRd_FR_Lvl	CAN Mapping	1274	Atlantis High	ADCM_FD_A3	OffRd_FR_Lvl	FD	See dbc
OffRd_RL_Lvl	CAN Mapping	1275	Atlantis High	ADCM_FD_A3	OffRd_RL_Lvl	FD	See dbc
OffRd_RR_Lvl	CAN Mapping	1276	Atlantis High	ADCM_FD_A3	OffRd_RR_Lvl	FD	See dbc
Offset_CS	CAN Mapping	1277	Atlantis(&High)	SEGMENT	ADAS_Seg_Offset	CAN-B	
OIL_IND_LMP_FLSH	CAN Mapping	1278	Atlantis(&High)	ENGINE10	OIL_IND_LMP_FLSH		1 bit\n0 = Not_active\n1 = Active
Oil_Level_Stat	CAN Mapping	1279	Atlantis High	IPC_FD_3	OIL_LEVEL_STAT	FD	0 = Off\n1 = On\n2 = Blinking\n3 = SNA
OIL_PRESS	CAN Mapping	1280	Atlantis High	ENGINE_FD_8	OIL_PRESS	FD	
Oil_Pressure_Stat	CAN Mapping	1281	Atlantis High	IPC_FD_3	OIL_PRESSURE_STAT	FD	0 = Off\n1 = On\n2 = Blinking\n3 = SNA
Oil_Temp_Stat	CAN Mapping	1282	Atlantis High	IPC_FD_3	OIL_TEMP_STAT	FD	0 = Off\n1 = On\n2 = Blinking\n3 = SNA
OilLifeLeft	CAN Mapping	1283	Atlantis High	ENGINE_FD_3	OilLifeLeft	FD	ATLANTIS\n8 bit signal\n0 - 255\nResolution 1%
OilTemp	CAN Mapping	1285	Atlantis High	ENGINE_FD_3	EngineOilTemperature	FD	8 bit signal\n\nUnits are degrees C\nOffset = -40\nFactor = 1\nRange is -40 to 215
OperationalModeSts	CAN Mapping	1286	Atlantis High	STATUS_BH_BCM1	OperationalModeSts	BCAN	0 = Initialization\n1 = Ignition_Off_WithoutKey\n2 = Ignition_Off\n3 = Ignition_Acc\n4 = Ignition_On\n5 = Ignition_Pre_Start\n6 = Ignition_Start\n7 = Ignition_Cranking\n8 = Ignition_On_EngOn\n9 = Ignition_Pre_Acc\n10 = Ignition_Pre_Off\n11 = Automatic_Cranking\n12 = Automatic_Stop\n13 = Key_Authenticated\n14 = Not_Used\n15 = SNA
OperationalModeSts	CAN Mapping	1286	Atlantis High	BCM_FD_2	OperationalModeSts	FD	0 = Initialization\n1 = Ignition_Off_WithoutKey\n2 = Ignition_Off\n3 = Ignition_Acc\n4 = Ignition_On\n5 = Ignition_Pre_Start\n6 = Ignition_Start\n7 = Ignition_Cranking\n8 = Ignition_On_EngOn\n9 = Ignition_Pre_Acc\n10 = Ignition_Pre_Off\n11 = Automatic_Cranking\n12 = Automatic_Stop\n13 = Key_Authenticated\n14 = Not_Used\n15 = SNA
Other_Range_Impact	CAN Mapping	1287	Atlantis High		pending	FD	
Over_Temp_Stat	CAN Mapping	1288	Atlantis High	IPC_FD_3	OVER_TEMP_STAT	FD	0 = Off\n1 = On\n2 = Blinking\n3 = SNA
Paddles_DrvMd_CfgSts	CAN Mapping	1289	Atlantis High	BCM_FD_26	Paddles_DrvMd_CfgSts_TMI	FD	See dbc
PaddlesModeReq	CAN Mapping	1290	Atlantis High	TELEMATIC_FD_11	ETM_PaddlesModeReq	FD	See dbc
PaddlesModeSts	CAN Mapping	1291	Atlantis High	TRANSM_FD_2	PaddlesModeSts	FD	See dbc
PAM_Sts	CAN Mapping	1292	Atlantis High	CVPAM_FD_Info	PAM_Off_Status_2BT	FD	ATLANTIS\n2 bit signal\n0=FT_OFF_RR_OFF \n1=FT_OFF_RR_ON \n2=FT_ON_RR_OFF \n3=FT_ON_RR_ON
PAMChimeMode	CAN Mapping	1293	Atlantis High	IPC_VEHICLE_SETUP	PamAlertMode	CAN-B	0 = Off\n1 = Sound\n2 = Sound_Display
PAMChimeRepRate	CAN Mapping	1294	Atlantis High	GW_B_3	PAM_CHIME_REP_RATESts	FD	4 bit signal\n\nUnits are Hz\nOffset = 0\nFactor = 1\nRange is 0 to 15
PAMChimeReqLF	CAN Mapping	1295	Atlantis High	PARK_INFO	ChimeActivation_LHF	FD	1 bit signal
PAMChimeReqLR	CAN Mapping	1296	Atlantis High	PARK_INFO	ChimeActivation_LHR	FD	1 bit signal
PAMChimeReqRF	CAN Mapping	1297	Atlantis High	PARK_INFO	ChimeActivation_RHF	FD	1 bit signal
PAMChimeReqRR	CAN Mapping	1298	Atlantis High	PARK_INFO	ChimeActivation_RHR	FD	1 bit signal
PAMChimeReqVol	CAN Mapping	1299	Atlantis High	GW_B_1	PAM_Volume	B-CAN	0 = None\n1 = Low\n2 = Medium\n3 = High
PAMChimeType	CAN Mapping	1300	Atlantis High	GW_B_1	PAM_CHIME_TYPE	FD	4 bit signal\n\n0 = NONE\n1 = TYP_1\n2 = TYP_2\n3 = TYP_3\n4 = TYP_4\n5 = TYP_5\n6 = TYP_6\n7 = TYP_7\n8 = TYP_8\n9 = TYP_9\n10 = TYP_10\n11 = TYP_11\n12 = TYP_12\n13 = TYP_13\n14 = TYP_14\n15 = SNA
PAMChimeVolF	CAN Mapping	1301	Atlantis(&High)	IPC_VEHICLE_SETUP	PamChimeVolumeFront		2 bit signal\n0 = LOW\n1 = MED\n2 = HIGH
PAMChimeVolR	CAN Mapping	1302	Atlantis(&High)	IPC_VEHICLE_SETUP	PamChimeVolumeRear		2 bit signal\n0 = LOW\n1 = MED\n2 = HIGH
PANEL_INTS	CAN Mapping	1305	Atlantis High	BCM_FD_10	PANEL_INTS	FD	ATLANTIS\n8 bit signal \n%\nResolution = 0.5%
PanicAlarmActive	CAN Mapping	1306	Atlantis High	BCM_FD_11	PanicModeActive	FD	0 = Not_Active\n1 = Active
PARK_BRK_EDG	CAN Mapping	1308	Atlantis High	BCM_FD_9	ParkBrakeSts	CAN-FD	
PARK_LMP_ON	CAN Mapping	1309	Atlantis High	BCM_FD_9	LHParkingLightSts	FD	OFF\nON
ParkingFailSts	CAN Mapping	1310	Atlantis High	TRANSM_FD_4	ParkingFailSts	FD	1 bit signal\n0 = not present\n1 = present
PartialOdometerAPlus (see Usage Comment)	CAN Mapping	1311	Atlantis High	TRIP_A	PartialOdometerAPlus	CAN-B	20 bit signal\n1 bit = 0.1  (miles or km)
PartOfCalcRoute_CS	CAN Mapping	1312	Atlantis(&High)	SEGMENT	ADAS_Seg_PartOfCalcRoute	CAN-B	
Pass_BolsterReq	CAN Mapping	1313	Atlantis High	PASS_SEAT	Pass_BolsterReq		
Pass_BolsterReq	CAN Mapping	1313	Atlantis High	CENTERSTACK3	CushionBolster_Pass_Req		
PassAck	CAN Mapping	1314	Atlantis(&High)	HU_ACK	PASSWORD		
Passenger_Adjust_Req	CAN Mapping	1315	Atlantis High	Pass_Door	Passenger_Adjust_Req	CAN-BH	
Passenger_Backrest_Req	CAN Mapping	1316	Atlantis High	PASS_DOOR	Passenger_Backrest_Req		
Passenger_Cushion_ExtendRetract_Req	CAN Mapping	1317	Atlantis High	PASS_DOOR	Passenger_Cushion_ExtendRetract_Req		
Passenger_Cushion_Massage_Stat	CAN Mapping	1318	Atlantis High	MASSAGE_PASS	Passenger_Cushion_Massage_Stat	B-CAN	0 = Not_Selected\n1 = Selected
Passenger_Cushion_Slide_ForeAft_Req	CAN Mapping	1319	Atlantis High	PASS_DOOR	Passenger_Cushion_Slide_ForeAft_Req		
Passenger_Cushion_Slide_UpDown_Req	CAN Mapping	1320	Atlantis High	PASS_DOOR	Passenger_Cushion_Slide_UpDown_Req		
Passenger_Cushion_Slide_UpDown_Req	CAN Mapping	1320	Atlantis High	CENTERSTACK3	CushionLength_Pass_Req		
Passenger_Cushion_Tilt_Req	CAN Mapping	1321	Atlantis High	PASS_DOOR	Passenger_Cushion_Tilt_Req		
Passenger_Headrest_Req	CAN Mapping	1322	Atlantis High	PASS_DOOR	Passenger_Headrest_Req		
Passenger_Recline_Req	CAN Mapping	1323	Atlantis High	PASS_DOOR	Passenger_Recline_Req		
Passenger_UpperBack_Massage_Stat	CAN Mapping	1324	Atlantis High	MASSAGE_PASS	Passenger_UpperBack_Massage_Stat	B-CAN	0 = Not_Selected\n1 = Selected
PassengerBelt	CAN Mapping	1325	Atlantis High	ORC_FD_1	SBR1RowPsngrSeatSts	FD	ATLANTIS\n3 bit signal\n0 = Seat_Belt_Fasten\n1 = Seat_Belt_Not_Fasten\n2 = Seat_Safe\n3 = Seat_Not_Safe\n7 = SNA
Password number	CAN Mapping	1328	Atlantis(&High)	WIFI_PASSWORD	FrameNumber		
PathIdx_CS	CAN Mapping	1329	Atlantis High	TELEMATIC_FD_11	PathIdx_CS	FD	6 bit signal\n\nSee .dbc for enumeration values
Pchar1	CAN Mapping	1330	Atlantis(&High)	WIFI_PASSWORD	UTF_Char1		8 bit signal
Pchar2	CAN Mapping	1331	Atlantis(&High)	WIFI_PASSWORD	UTF_Char2		8 bit signal
Pchar3	CAN Mapping	1332	Atlantis(&High)	WIFI_PASSWORD	UTF_Char3		8 bit signal
Pchar4	CAN Mapping	1333	Atlantis(&High)	WIFI_PASSWORD	UTF_Char4		8 bit signal
Pchar5	CAN Mapping	1334	Atlantis(&High)	WIFI_PASSWORD	UTF_Char5		8 bit signal
Pchar6	CAN Mapping	1335	Atlantis(&High)	WIFI_PASSWORD	UTF_Char6		8 bit signal
Pchar7	CAN Mapping	1336	Atlantis(&High)	WIFI_PASSWORD	UTF_Char7		8 bit signal
PFrameID	CAN Mapping	1337	Atlantis High		Removed		
PFrameID	CAN Mapping	1337	Atlantis High		with		
PFrameID	CAN Mapping	1337	Atlantis High		Multi		
PFrameID	CAN Mapping	1337	Atlantis High		Frame		
PhoneKey_Req	CAN Mapping	1339	Atlantis High	TELEMATIC_FD_19	PhoneKey_Req	FD	See dbc
PhoneKeyListRefresh_Req	CAN Mapping	1340	Atlantis High	TELEMATIC_FD_19	PhoneKeyListRefresh_Req	FD	See dbc
PhoneKeyPair_Stat	CAN Mapping	1341	Atlantis High	SPAAK_FD	PhoneKeyPair_Stat1	FD	See dbc
PhoneKeyReplace_Stat	CAN Mapping	1342	Atlantis High	SPAAK_FD	PhoneKeyReplace_Stat1	FD	See dbc
PitchAngle	CAN Mapping	1343	Atlantis High	BCM_FD_4	PitchAngle	FD	8 bit signal\n\nUnits are degrees\nOffeset = -90\nFactor = 1\nRange = -90 to 165\n\nSNA = 255
PlateLightFault	CAN Mapping	1344	Atlantis High	EXTERNAL_LIGHTS	PlateLightFault	CAN-B	1 bit signal\n0 = False \n1 = True
PlateLmpFault	CAN Mapping	1345	Atlantis High	BCM_FD_9	PlateLightFault	FD	1 bit signal\n0 - Off\n1 - On
Plug_And_Charge_Contract	CAN Mapping	1346	Atlantis High	PLUG_AND_CHARGE_CONTRACT	PLUG_AND_CHARGE_CONTRACT_Sig	FD	n/a
Plug_And_Charge_Contract_Sts	CAN Mapping	1347	Atlantis High	HV_CHARGER1	Plug_And_Charge_Contract_Sts	FD	0 - No_Contract\n1 - Transfer_In_Progress\n2 - Contract_Load_Failed\n3 - Contract_Success
PlugAndChargeReq	CAN Mapping	1349	Atlantis High	TELEMATIC_FD_19	PlugAndChargeReq	FD	0 - Inactive\n1 - Active
PlugAndChargeSts	CAN Mapping	1350	Atlantis High	HYBRID_DISPLAY	PlugAndChargeSts	FD	0 - Inactive\n1 - Active
PlugCharge_Contract	CAN Mapping	1351	Atlantis High		pending	FD	
PN14_LS_Actv	CAN Mapping	1352	Atlantis High	STATUS_LIN	PN14_LS_Actv	CAN-B	Atlantis\n1 bit signal\n\n0 = Not_Active\n1 = Active
PN14_LS_Lvl7	CAN Mapping	1353	Atlantis High	STATU_LIN	PN14_LS_Lvl7	CAN-B	Atlantis\n1 bit signal\n\n0 = Not_Active\n1 = Active
Posn_Age	CAN Mapping	1356	Atlantis(&High)	POSITION	ADAS_Posn_Age	CANB	
Posn_CurLane	CAN Mapping	1357	Atlantis(&High)	POSITION	ADAS_Posn_CurLane	CANB	
Posn_CycCnt	CAN Mapping	1358	Atlantis(&High)	POSITION	ADAS_Posn_CycCnt	CANB	
Posn_Idx	CAN Mapping	1359	Atlantis(&High)	POSITION	ADAS_Posn_Idx	CANB	
Posn_MsgType	CAN Mapping	1360	Atlantis(&High)	POSITION	ADAS_Posn_MsgType	CANB	
Posn_Offset	CAN Mapping	1361	Atlantis(&High)	POSITION	ADAS_Posn_Offset	CANB	
Posn_PathIdx	CAN Mapping	1362	Atlantis(&High)	POSITION	ADAS_Posn_PathIdx	CANB	
Posn_PosConfide	CAN Mapping	1363	Atlantis(&High)	POSITION	ADAS_Posn_PosConfide	CANB	
Posn_PosProbb	CAN Mapping	1364	Atlantis(&High)	POSITION	ADAS_Posn_PosProbb	CANB	
Posn_RelHead	CAN Mapping	1365	Atlantis(&High)	POSITION	ADAS_Posn_RelHead	CANB	
Posn_Spd	CAN Mapping	1366	Atlantis(&High)	POSITION	ADAS_Posn_Spd	CANB	
Potential_Increase	CAN Mapping	1367	Atlantis High		pending	FD	
Power_Panel_Cargo_Diagn	CAN Mapping	1368	Atlantis High		pending	FD	
Power_Panel_Internal_Fault	CAN Mapping	1369	Atlantis High		pending	FD	
Power_Panel_Op_Suspended	CAN Mapping	1370	Atlantis High		pending	FD	
Power_Panel_Overload_Fault	CAN Mapping	1371	Atlantis High		pending	FD	
PowerDraw	CAN Mapping	1372	Atlantis High		pending	FD	
PowerLevel	CAN Mapping	1373	Atlantis High	IPC_VEHICLE_SETUP	PwrLev	FD	See dbc file
PowerLevelReq	CAN Mapping	1374	Atlantis High	TELEMATIC_VEHICLE_SETUP	PwrLevReq	FD	See dbc file
PowerMode	CAN Mapping	1375	Atlantis High	STATUS_BH_BCM2	CmdIgnSts	CAN-B	3 bit signal\n0 = Initialization\n1 = IGN_LK\n3 = ACC\n4 = RUN\n5 = START\n7 = SNA
PowerMode	CAN Mapping	1375	Atlantis High	BCM_FD_10	CmdIgnSts	FD	3 bit signal\n0 = Initialization\n1 = IGN_LK\n3 = ACC\n4 = RUN\n5 = START\n7 = SNA
PowerModeSts	CAN Mapping	1376	Atlantis High	BCM_FD_9	PowerModeSts	FD	0 = Standard_Power\n1 = Logistic_Mode_ON\n2 = Logistic_Mode_PR\n3 = Not_Used
PowerModeSts_CStack	CAN Mapping	1377	Atlantis High	STATUS_CENTERSTACK	PowerModeSts_CStack	CAN-B	0 = Standard_Power\n1 = Logistic_Mode_ON\n2 = Logistic_Mode_PR\n3 = Not_Used
PowerPanelMsg	CAN Mapping	1378	Atlantis High	BCM_FD_9	PowerPanelMsg	FD	0=No Msg\n1=Low battery level\n2=Low fuel level\n3=System Fault\n4=Generator Mode enabled\n5=Engine must be running\n6=Power Panel disabled\n7=Power Panel temporarily unavailable\n15=SNA
PowerPanelMsg_EV	CAN Mapping	1379	Atlantis High	V2X_EVCU	V2X_Info	FD	0=Init\n1=Low_battery_level\n2=Low_Fuel_level\n3=System_Fault\n4=High_Power_Draw\n5=Power_Panel_disabled\n6=Power_Panel_temp_unavailable\n7=Reserved\n15=SNA
PowerShot	CAN Mapping	1380	Atlantis High	ENGINE_SIMULATOR4	PowerShot_EVCU_PT1	FD	0- PowerShot_Off\n1- PowerShot_On\n2- PowerShot_Active\n3- PowerShot_Cancelled\n4- PowerShot_Cooldown\n5- PowerShot_Unavailable\n7-SNA
PowerShot_Availability	CAN Mapping	1381	Atlantis High		pending	FD	
PowerSideStep_Req	CAN Mapping	1382	Atlantis High	RADIO_B3	PowerSideStep_Req	CANB	\n\n\n0=NOT_PRESSED\n1=DEPLOY\n2=RETRACT\n3=SNA
PowerUnit	CAN Mapping	1384	Atlantis High	IPC_VEHICLE_SETUP	HP_Unit	Seed dbc	See dbc
PPD_Row2_CSeatSts	CAN Mapping	1386	Atlantis High	ORC_FD_1	SBR2ndRowCSeatSts		
PPD_Row2_LSeatSts	CAN Mapping	1387	Atlantis High	ORC_FD_1	SBR2ndRowLSeatSts		
PPD_Row2_RSeatSts	CAN Mapping	1388	Atlantis High	ORC_FD_1	SBR2ndRowRSeatSts		
PPD_Row3_LSeatSts	CAN Mapping	1389	Atlantis High	ORC_FD_2	SBR3rdRowLSeatSts		
PPD_Row3_LSeatSts	CAN Mapping	1390	Atlantis High	ORC_FD_2	SBR3rdRowLSeatSts		
PPD_Row3_RSeatSts	CAN Mapping	1391	Atlantis High	ORC_FD_2	SBR3rdRowRSeatSts		
PPPA_STAT	CAN Mapping	1392	Atlantis High	BCM_FD_12	APARequestSts	FD	Not_Pressed\nPressed
Precond_Req_Stat	CAN Mapping	1393	Atlantis High	HYBRID_HVAC	CabinConditioningSts		
PreCondCabinSts	CAN Mapping	1394	Atlantis(&High)	STATUS_CLIMATE5	PreCondCabinSts	CAN-BH	0 = Off\n1 = On\n2 = SPR\n3 = SNA\n
PresentGear	CAN Mapping	1395	Atlantis High	PT_SYSTEM_FD_1	GearEngagedForDisplay_PT	FD	0 = Initialize\n1 = Gear_1\n2 = Gear_2\n3 = Gear_3\n4 = Gear_4\n5 = Gear_5\n6 = Gear_6\n7 = Gear_7\n8 = Gear_8\n9 = Gear_9\n12 = Park\n13 = Neutral\n14 = Reverse\n15 = Drive\n16 = Low\n17 = Manual\n18 = Sport_Mode\n31 = SNA
PresentGear	CAN Mapping	1395	Atlantis High	VDCM_PWT2	GearEngagedForDisplay_VDCM		0 = Initialize\n1 = Gear_1\n2 = Gear_2\n3 = Gear_3\n4 = Gear_4\n5 = Gear_5\n6 = Gear_6\n7 = Gear_7\n8 = Gear_8\n9 = Gear_9\n12 = Park\n13 = Neutral\n14 = Reverse\n15 = Drive\n16 = Low\n17 = Manual\n18 = Sport_Mode\n31 = SNA
PressureUnit	CAN Mapping	1396	Atlantis High	IPC_VEHICLE_SETUP	TyrePress_Unit	FD	0 = KPa\n1 = psi\n2 = bar
Privacy_Flag	CAN Mapping	1397	Atlantis High	TBM_FD_2	Privacy_Flag	FD	0 = Not_Tracked\n1 = Tracked\n3 = SNA
PrivacyMode	CAN Mapping	1398	Atlantis High	TBM_SCHEDULE_FD_2	PrivacyMode	FD	0 = Not_Active\n1 = Active
PrivacyModeReq	CAN Mapping	1399	Atlantis High	TELEMATIC_VEHICLE_SETUP	PrivacyModeReq	FD	0 = Not_Active\n1 = Active
PRNDL_DISP	CAN Mapping	1400	Atlantis High	PT_SYSTEM_FD_1	GearEngaged_PT	FD	0 = Neutral\n1 = Gear_1\n2 = Gear_2\n3 = Gear_3\n4 = Gear_4\n5 = Gear_5\n6 = Gear_6\n7 = Gear_7\n8 = Gear_8\n9 = Gear_9\n13 = Parking\n14 = Reverse\n31 = SNA
PRNDL_Display_Request	CAN Mapping	1401	Atlantis High	STATUS_CCAN3	ShiftModeSts	CAN-B	Atlantis\n1 bit signal\n0 = Manual\n1 = Automatic
Profile_Delete	CAN Mapping	1402	Atlantis High	Radio_B2	Radio_Delete_Request	BH-CAN	No_Action\nDelete_Profile_1\nDelete_Profile_2\nDelete_Profile_3\nDelete_Profile_4\nDelete_Profile_5\nDelete_All\nSNA
Profile_Delete	CAN Mapping	1402	Atlantis High	TELEMATIC_FD_14	Radio_Delete_Request	CAN_FD	No_Action\nDelete_Profile_1\nDelete_Profile_2\nDelete_Profile_3\nDelete_Profile_4\nDelete_Profile_5\nDelete_All\nSNA
Profile_Request	CAN Mapping	1403	Atlantis High	Radio_B2	Radio_Profile_Request	BH-CAN	No_Action\nProfile_1\nProfile_2\nProfile_3\nProfile_4\nProfile_5\nProfile_6\nSNA 
Profile_Request	CAN Mapping	1403	Atlantis High	TELEMATIC_FD_14	Radio_Profile_Request	CAN-FD	No_Action\nProfile_1\nProfile_2\nProfile_3\nProfile_4\nProfile_5\nProfile_6\nSNA 
ProfileID	CAN Mapping	1404	Atlantis High	SPAAK_Key	ProfileID	FD	
ProfLong_CtrlPoint	CAN Mapping	1405	Atlantis(&High)	PROFILE_LONG	ADAS_ProfLong_CtrlPoint	CANB	
ProfLong_CycCnt	CAN Mapping	1406	Atlantis(&High)	PROFILE_LONG	ADAS_ProfLong_CycCnt	CANB	
ProfLong_MsgType	CAN Mapping	1407	Atlantis(&High)	PROFILE_LONG	ADAS_ProfLong_MsgType	CANB	
ProfLong_Offset	CAN Mapping	1408	Atlantis(&High)	PROFILE_LONG	ADAS_ProfLong_Offset	CANB	
ProfLong_PathIdx	CAN Mapping	1409	Atlantis(&High)	PROFILE_LONG	ADAS_ProfLong_PathIdx	CANB	
ProfLong_ProfType	CAN Mapping	1410	Atlantis(&High)	PROFILE_LONG	ADAS_ProfLong_ProfType	CANB	
ProfLong_Retr	CAN Mapping	1411	Atlantis(&High)	PROFILE_LONG	ADAS_ProfLong_Retr	CANB	
ProfLong_Update	CAN Mapping	1412	Atlantis(&High)	PROFILE_LONG	ADAS_ProfLong_Update	CANB	
ProfLong_Value	CAN Mapping	1413	Atlantis(&High)	PROFILE_LONG	ProfileLongValue	CANB	
ProfShort_AccurClass	CAN Mapping	1414	Atlantis(&High)	PROFILE_SHORT	ADAS_ProfShort_AccurClass	CANB	
ProfShort_CtrlPoint	CAN Mapping	1415	Atlantis(&High)	PROFILE_SHORT	ADAS_ProfShort_CtrlPoint	CANB	
ProfShort_CycCnt	CAN Mapping	1416	Atlantis(&High)	PROFILE_SHORT	ADAS_ProfShort_CycCnt	CANB	
ProfShort_Dist1	CAN Mapping	1417	Atlantis(&High)	PROFILE_SHORT	ADAS_ProfShort_Dist1	CANB	
ProfShort_MsgType	CAN Mapping	1418	Atlantis(&High)	PROFILE_SHORT	ADAS_ProfShort_MsgType	CANB	
ProfShort_Offset	CAN Mapping	1419	Atlantis(&High)	PROFILE_SHORT	ADAS_ProfShort_Offset	CANB	
ProfShort_PathIdx	CAN Mapping	1420	Atlantis(&High)	PROFILE_SHORT	ADAS_ProfShort_PathIdx	CANB	
ProfShort_ProfType	CAN Mapping	1421	Atlantis(&High)	PROFILE_SHORT	ADAS_ProfShort_ProfType	CANB	
ProfShort_Retr	CAN Mapping	1422	Atlantis(&High)	PROFILE_SHORT	ADAS_ProfShort_Retr	CANB	
ProfShort_Update	CAN Mapping	1423	Atlantis(&High)	PROFILE_SHORT	ADAS_ProfShort_Update	CANB	
ProfShort_Value0	CAN Mapping	1424	Atlantis(&High)	PROFILE_SHORT	ADAS_ProfShort_Value0	CANB	
ProfShort_Value1	CAN Mapping	1425	Atlantis(&High)	PROFILE_SHORT	ADAS_ProfShort_Value1	CANB	
Program_Single_TPM	CAN Mapping	1426	Atlantis High	Radio_A4	Program_Single_TPM		
Propulsion_DrvMd	CAN Mapping	1427	Atlantis High	ENGINE_SIMULATOR4	Propulsion_DrvMd_PT1	FD	0 - NONE\n1 - AUTO\n2 - SPORT\n3 - TRACK\n4 - SNOW\n5 - VALET\n6 - ROCK\n7 - TOW\n8 - ECO\n9 - LAUNCH\n10 - ALL\n11 - CUSTOM\n12 - MUD\n13 - SAND\n14 - PLUS\n15 - ICE\n16 - DYNAMIC\n17 - OFFROAD\n18 - BAJA\n19 - MUD_SAND\n20 - DRAG\n31 - SNA
Propulsion_Raceoptions_Status	CAN Mapping	1428	Atlantis High	ENGINE_SIMULATOR2	Propulsion_Raceoptions_Status_PT1	FD	0 - No_Race_Options_Selected\n1 - Launch_Control\n2 - Line_Lock\n3 - Drift\n4 - Donut\n5 - Race_Cooldown\nF - SNA
PropulsionSystemActive	CAN Mapping	1429	Atlantis High	ENGINE_SIMULATOR3	PropulsionSystemActive_PT1	FD	0 Not_Active\n1 Active
Prplsn_Sys_Act	CAN Mapping	1430	Atlantis High	HYBRID_DRIVE	PropulsionSystemActive_DPT	FD	0 = Not_Active\n1 = Active
PrplsnSysAtv	CAN Mapping	1431	Atlantis High	HYBRID_POWERTRAIN1	PropulsionSystemActive	FD	0 = Not_Active\n1 = Active
PSD_LT_DrStat	CAN Mapping	1433	Atlantis(&High)	NA	Present		NA
PSD_RT_DrStat	CAN Mapping	1434	Atlantis(&High)	NA	Present		NA
PSI_EnableSts	CAN Mapping	1435	Atlantis High	ENGINE_FD_8	PSI_EnableSts	FD	
PSI_Gr1_RPM	CAN Mapping	1436	Atlantis High	ENGINE_FD_8	PSI_Gr1_RPM	FD	
PSI_Gr1_RPM_SET	CAN Mapping	1437	Atlantis High	TELEMATIC_FD_14	PSI_Gr1_RPM_SET	FD	
PSI_Gr2_RPM	CAN Mapping	1438	Atlantis High	ENGINE_FD_8	PSI_Gr2_RPM	FD	
PSI_Gr2_RPM_SET	CAN Mapping	1439	Atlantis High	TELEMATIC_FD_14	PSI_Gr2_RPM_SET	FD	
PSI_Gr3_RPM	CAN Mapping	1440	Atlantis High	ENGINE_FD_8	PSI_Gr3_RPM	FD	
PSI_Gr3_RPM_SET	CAN Mapping	1441	Atlantis High	TELEMATIC_FD_14	PSI_Gr3_RPM_SET	FD	
PSI_Gr4_RPM	CAN Mapping	1442	Atlantis High	ENGINE_FD_8	PSI_Gr4_RPM	FD	
PSI_Gr4_RPM_SET	CAN Mapping	1443	Atlantis High	TELEMATIC_FD_14	PSI_Gr4_RPM_SET	FD	
PSI_Gr5_RPM	CAN Mapping	1444	Atlantis High	ENGINE_FD_8	PSI_Gr5_RPM	FD	
PSI_Gr5_RPM_SET	CAN Mapping	1445	Atlantis High	TELEMATIC_FD_14	PSI_Gr5_RPM_SET	FD	
PSI_Max_RPM	CAN Mapping	1446	Atlantis High	ENGINE_FD_8	PSI_Max_RPM	FD	
PSI_RPM_Reset	CAN Mapping	1447	Atlantis High	TELEMATIC_FD_14	PSI_RPM_Reset	FD	
PSI_Rq	CAN Mapping	1448	Atlantis High	TELEMATIC_FD_14	PSI_Rq	FD	
Psngr_Cushion_Back_Tlm	CAN Mapping	1449	Atlantis High	RADIO_B5	Psngr_Cushion_Back_Tlm	B	0 = Not_Pressed\n1 = Pressed
PsngrBagLamp_FailSts	CAN Mapping	1450	Atlantis High	IPC_FD_4	PsngrBagLamp_FailSts	FD	0 = OFF Fail not present\n1 = OFF Fail present\n2 = ON Fail not present\n3 = Blink
PsngrDoorSts	CAN Mapping	1451	Atlantis High	STATUS_BH_BCM1	PsngrDoorSts	CAN-B	0 = Closed\n1 = Open
PsngrDoorSts	CAN Mapping	1451	Atlantis High	BCM_FD_9	PsngrDoorSts	FD	0 = Closed\n1 = Open
PTCFailSts	CAN Mapping	1452	Atlantis High	STATUS_CLIMATE	PTCFailSts	CAN-B	Atlantis\n1 bit signal\n0 = Fail_Not_Present\n1 = Fail_Present
PTS_FT_Srv	CAN Mapping	1453	Atlantis(&High)	STATUS_PAM	FrontSensorSts		Atlantis\n2 bit signal\n0 = Active\n1 = Not_Active_blocked\n2 = Not_Active_failure\n3 = SNA
PTS_RR_Srv	CAN Mapping	1454	Atlantis(&High)	STATUS_PAM	RearSensorSts		Atlantis\n2 bit signal\n0 = Active\n1 = Not_Active_blocked\n2 = Not_Active_failure\n3 = SNA
PTS_STAT	CAN Mapping	1455	Atlantis High	BCM_FD_12	PAMRequestSts	FD	Not_Pressed\nPressed
PW_Adj_RL	CAN Mapping	1456	Atlantis(&High)	NA	Not		NA
PW_Adj_RR	CAN Mapping	1457	Atlantis(&High)	NA	Not		NA
PwrAccDelayAct	CAN Mapping	1458	Atlantis High	BODY_CNTRL3	Comfort_Enable_Time	B-CAN	16 bit signal\n\nUnits are sec\nOffset = 0\nFactor = 1\nRange is 0 to 65534\n\nSNA = 65535
R_AC_STAT	CAN Mapping	1459	Atlantis High		Atlantis		
R_AC_STAT	CAN Mapping	1459	Atlantis High		High		
R_ATC_TEMP	CAN Mapping	1462	Atlantis High		Atlantis		
R_ATC_TEMP	CAN Mapping	1462	Atlantis High		High		
R_AUTO_STAT	CAN Mapping	1463	Atlantis High		Atlantis		
R_AUTO_STAT	CAN Mapping	1463	Atlantis High		High		
R_AUTO_SW_RQ	CAN Mapping	1465	Atlantis High	RADIO_B7	R_AUTO_SW_RQ		
R_AUTO_SW_RQ	CAN Mapping	1466	Atlantis High	RADIO_B7	R_AUTO_SW_RQ	B-CAN	0 = Not_Pressed\n1 = Pressed
R_AUTO_SW_RQ_VRM	CAN Mapping	1468	Atlantis High	VRM_FD_1	R_AUTO_SW_RQ_VRM	FD	0 = Not_Pressed\n1 = Pressed
R_BLW_Lock_STAT	CAN Mapping	1469	Atlantis(&High)	STATUS_CLIMATE_BCM	RearBlowerLock_Sts	CAN-B	0= Unlocked\n1= Locked
R_BLW_Speed	CAN Mapping	1470	Atlantis(&High)	STATUS_CLIMATE_BCM	RearBlowerSpeed	CAN-B	0 = 0\n1 = 1\n2 = 2\n3 = 3\n4 = 4\n5 = 5\n6 = 6\n7 = SNA
R_BLW_STAT	CAN Mapping	1471	Atlantis(&High)	STATUS_CLIMATE_BCM	RearBlower_Sts	CAN-B	0 = OFF\n1 = ON
R_Blw1_Pos	CAN Mapping	1472	Atlantis High		Atl		
R_Blw1_Pos	CAN Mapping	1472	Atlantis High		High		
R_DEF_SW_RQ	CAN Mapping	1473	Atlantis High	TELEMATIC_FD_5	R_DEF_SW_RQ	FD	1 bit signal
R_DRV_ATC_TEMP	CAN Mapping	1475	Atlantis High	STATUS_CLIMATE8	RearHVACLeftTemp	B-CAN	
R_DRV_ATC_TEMP	CAN Mapping	1475	Atlantis High	BCM_FD_12	RearHVACLeftTemp	FD	
R_FOG_FAULT	CAN Mapping	1478	Atlantis(&High)	EXTERNAL_LIGHTS	RearFogLightFault	CAN-BH	0 = False\n1 = True\n
R_FOG_RQ	CAN Mapping	1479	Atlantis High	BCM_FD_9	RearFogLightSts	FD	OFF\nON
R_HVAC_BLW_FN_SP	CAN Mapping	1481	Atlantis High	STATUS_CLIMATE8	RearHVACBlower_Sts	B-CAN	
R_HVAC_BLW_FN_SP	CAN Mapping	1481	Atlantis High	BCM_FD_12	RearHVACBlower_Sts	FD	
R_HVAC_BlwrSpd	CAN Mapping	1482	Atlantis High	STATUS_CLIMATE8	RearHVACBlower_Sts		
R_HVAC_ControlSatus	CAN Mapping	1484	Atlantis High	STATUS_CLIMATE8	RearHVACControl_Sts		
R_HVAC_CTRL_STAT	CAN Mapping	1486	Atlantis High	STATUS_CLIMATE8	RearHVACControl_Sts		
R_HVAC_LkOut	CAN Mapping	1487	Atlantis High	STATUS_CLIMATE8	RearHVACLock_Sts		
R_HVAC_MD_RQ	CAN Mapping	1490	Atlantis High		New		
R_HVAC_MD_RQ	CAN Mapping	1490	Atlantis High		being		
R_HVAC_MD_RQ	CAN Mapping	1490	Atlantis High		created		
R_HVAC_MD_RQ_VRM	CAN Mapping	1492	Atlantis High		New		
R_HVAC_MD_RQ_VRM	CAN Mapping	1492	Atlantis High		being		
R_HVAC_MD_RQ_VRM	CAN Mapping	1492	Atlantis High		created		
R_HVAC_MD_STAT	CAN Mapping	1493	Atlantis High	STATUS_CLIMATE8	RearHVACMode_Sts		
R_HVAC_ModeStatus	CAN Mapping	1494	Atlantis High	STATUS_CLIMATE8	RearHVACMode_Sts		
R_HVAC_SW_RQ	CAN Mapping	1496	Atlantis High	RADIO_B7	R_HVAC_SW_RQ	B-CAN	0 = Not_Pressed\n1 = Pressed
R_HVAC_SW_RQ_VRM	CAN Mapping	1498	Atlantis High	VRM_FD_1	R_HVAC_SW_RQ_VRM	FD	0 = Not_Pressed\n1 = Pressed
R_LK_SW_RQ	CAN Mapping	1499	Atlantis High	RADIO_B7	R_LK_SW_RQ	CAN-B	0 = Not_Pressed\n1 = Pressed
R_MTC_TEMP	CAN Mapping	1502	Atlantis High		New		
R_MTC_TEMP	CAN Mapping	1502	Atlantis High		being		
R_MTC_TEMP	CAN Mapping	1502	Atlantis High		created		
R_PSG_ATC_TEMP	CAN Mapping	1503	Atlantis High		New		
R_PSG_ATC_TEMP	CAN Mapping	1503	Atlantis High		being		
R_PSG_ATC_TEMP	CAN Mapping	1503	Atlantis High		created		
R_R_Req_PE	CAN Mapping	1507	Atlantis(&High)	NA	Present		NA
R_SYNC_STAT	CAN Mapping	1508	Atlantis High		New		
R_SYNC_STAT	CAN Mapping	1508	Atlantis High		being		
R_SYNC_STAT	CAN Mapping	1508	Atlantis High		created		
R_SYNC_SW_RQ	CAN Mapping	1510	Atlantis High	RADIO_B7	R_SYNC_SW_RQ		
RACE_CLDWN_BATT_STAT	CAN Mapping	1512	Atlantis High	ENGINE_FD_8	RACE_CLDWN_BATT_STAT	FD	
RACE_CLDWN_CHRG_REQ	CAN Mapping	1513	Atlantis High		pending	FD	
RACE_CLDWN_DEAC_TIME	CAN Mapping	1514	Atlantis High	ENGINE_FD_8	RACE_CLDWN_DEAC_TIME	FD	
RACE_CLDWN_HV_BATT_SOC	CAN Mapping	1515	Atlantis High	HVBATTERY2	HVBatterySOC	FD	
RACE_CLDWN_HV_BATT_TEMP	CAN Mapping	1516	Atlantis High	HVBATTERY_THERMAL	HVBattModuleTemp_Average	FD	
RACE_CLDWN_MODE	CAN Mapping	1517	Atlantis High		pending	FD	
RACE_CLDWN_ON_OFF_REQ	CAN Mapping	1518	Atlantis High	TELEMATIC_FD_14	RACE_CLDWN_ON_OFF_REQ	FD	
RACE_CLDWN_SEL	CAN Mapping	1519	Atlantis High	ENGINE_FD_8	RACE_CLDWN_SEL	FD	
RACE_PREP_AMBIENT_TMP	CAN Mapping	1520	Atlantis High	HCP_CHARGING_STAT	RACE_PREP_AMBIENT_TMP	FD	0 - NOK\n1 - OK
RACE_PREP_BATT_LVL_STS	CAN Mapping	1521	Atlantis High	HCP_CHARGING_STAT	RACE_PREP_BATT_LVL_STS	FD	0 - NOK\n1 - OK
RACE_PREP_EV_DEAC_TIME	CAN Mapping	1522	Atlantis High	HCP_CHARGING_STAT	RACE_PREP_EV_DEAC_TIME	FD	n/a
RACE_PREP_EV_SEL	CAN Mapping	1523	Atlantis High	HYBRID_DISPLAY	Race_Prep	FD	see dbc
RACE_PREP_EV_SYSTEM_STATUS	CAN Mapping	1524	Atlantis High	HCP_CHARGING_STAT	RACE_PREP_EV_SYSTEM_STATUS	FD	0 - NOK\n1 - OK
RACE_PREP_HV_BATT_SOC_TGT	CAN Mapping	1525	Atlantis High	HCP_CHARGING_STAT	RACE_PREP_HV_BATT_SOC_TGT	FD	n/a
RACE_PREP_RACE_TYPE_REQ	CAN Mapping	1526	Atlantis High	TELEMATIC_FD_15	RACE_PREP_RACE_TYPE_REQ	FD	0 - Drag\n1 - Track
RACE_PREP_RACE_TYPE_STS	CAN Mapping	1527	Atlantis High	HCP_CHARGING_STAT	RACE_PREP_RACE_TYPE_STS	FD	0 - Drag\n1 - Track
RACE_PREP_THERMAL_TGT	CAN Mapping	1528	Atlantis High	HCP_CHARGING_STAT	RACE_PREP_THERMAL_TGT	FD	n/a
RaceModeSts	CAN Mapping	1529	Atlantis High	ENGINE_SIMULATOR3	RaceModeSts_PT1	FD	0 =  RaceMode_Off\n1 =  RaceMode_On\n2 =  RaceMode_Active\n3 =  RaceMode_Cancelled\n5 =  RaceMode_Unavailable\n7 =  SNA
Radio_PhoneKey_Mac	CAN Mapping	1530	Atlantis High	TELEMATIC_FD_19	Radio_PhoneKey_Mac	FD	see dbc
Radio_Theme	CAN Mapping	1531	Atlantis High	RADIO_B4	Radio_Theme	B-CAN	8 bit Signal
RadioThemeLighting	CAN Mapping	1532	Atlantis High	RADIO_B4	RadioThemeLighting		
Range_Impact	CAN Mapping	1534	Atlantis High		pending	FD	
Rear_AxleTorque_Static	CAN Mapping	1535	Atlantis High	ENGINE_SIMULATOR4	Rear_AxleTorque_Static_PT1	FD	FFFF SNA
Rear_Climate_1	CAN Mapping	1536	Atlantis High	CENTERSTACK_R	Rear_Climate_1		
Rear_Climate_10	CAN Mapping	1537	Atlantis High	CENTERSTACK_R	Rear_Climate_10		
Rear_Climate_2	CAN Mapping	1538	Atlantis High	CENTERSTACK_R	Rear_Climate_2		
Rear_Climate_3	CAN Mapping	1539	Atlantis High	CENTERSTACK_R	Rear_Climate_3		
Rear_Climate_4	CAN Mapping	1540	Atlantis High	CENTERSTACK_R	Rear_Climate_4		
Rear_Climate_5	CAN Mapping	1541	Atlantis High	CENTERSTACK_R	Rear_Climate_5		
Rear_Climate_6	CAN Mapping	1542	Atlantis High	CENTERSTACK_R	Rear_Climate_6		
Rear_Climate_7	CAN Mapping	1543	Atlantis High	CENTERSTACK_R	Rear_Climate_7		
Rear_Climate_8	CAN Mapping	1544	Atlantis High	CENTERSTACK_R	Rear_Climate_8		
Rear_Climate_9	CAN Mapping	1545	Atlantis High	CENTERSTACK_R	Rear_Climate_9		
RearAxleTrqEst (see Usage Comment)	CAN Mapping	1547	Atlantis High	HYBRID1	RearAxleTrqEst	FD	See dbc file
RearBlwLeftButton	CAN Mapping	1548	Atlantis(&High)	STATUS_CLIMATE_BCM	RearBlower_Decrement_btn	CAN-B	0 = Not_Pressed\n1 = Pressed
RearBlwRightButton	CAN Mapping	1549	Atlantis(&High)	STATUS_CLIMATE_BCM	RearBlower_Increment_btn	CAN-B	0 = Not_Pressed\n1 = Pressed
RearHVAC_ModeFloor_Req	CAN Mapping	1550	Atlantis High	RADIO_B7	RearHVAC_ModeFloor_Req	B-CAN	0 = Not_Pressed\n1 = Pressed
RearHVAC_ModePanel_Req	CAN Mapping	1551	Atlantis High	RADIO_B7	RearHVAC_ModePanel_Req	B-CAN	0 = Not_Pressed\n1 = Pressed
RearHVACAuto_Sts	CAN Mapping	1553	Atlantis High	STATUS_CLIMATE8	RearHVACAuto_Sts		
RearHVACControl_Sts	CAN Mapping	1554	Atlantis High	STATUS_CLIMATE8	RearHVACControl_Sts	B-CAN	0 = HVAC_CTRL_OFF\n1 = BLW_AUTO_MD_AUTO\n2 = BLW_AUTO_MD_MAN\n3 = BLW_MAN_MD_AUTO\n4 = BLW_MAN_MD_MAN\n7 = SNA
RearHVACLeftTemp	CAN Mapping	1555	Atlantis High	STATUS_CLIMATE8	RearHVACLeftTemp	CAN-B	
RearHVACLeftTemp	CAN Mapping	1555	Atlantis High	BCM_FD_12	RearHVACLeftTemp	FD	
RearHVACRightTemp	CAN Mapping	1558	Atlantis High	STATUS_CLIMATE8	RearHVACRightTemp	CAN-B	
RearHVACRightTemp	CAN Mapping	1558	Atlantis High	BCM_FD_12	RearHVACRightTemp	FD	
RearLeftLevel	CAN Mapping	1559	Atlantis High	ASCM_FD_1	RL_Lvl	FD	8 bit signal\n\nOffset = -100\nFactor = 1\nRange is -100 to 153\n254 = NOT_INIT\n255 = SNA
RearPAM_Req	CAN Mapping	1562	Atlantis High	TELEMATIC_FD_11	HU_Rear_PAMRequestSts	FD	ATLANTIS\n1 bit signal\n0 =Not_Pressed\n1 = Pressed
RearRightLevel	CAN Mapping	1563	Atlantis High	ASCM_FD_1	RR_Lvl	FD	8 bit signal\n\nOffset = -100\nFactor = 1\nRange is -100 to 153\n254 = NOT_INIT\n255 = SNA
RearTrunkEnableLastElSts	CAN Mapping	1565	Atlantis High	BCM_FD_9	RearTrunkEnableLastElSts	FD	Disabled\nEnabled
RECIRC_STAT	CAN Mapping	1566	Atlantis High	STATUS_CLIMATE2	HVACRecirc_Sts	CAN-B	ATLANTIS\n0 = OFF\n1 = ON\n2 = BLINK\n3 = SNA
RECIRC_SW_RQ	CAN Mapping	1567	Atlantis High	TELEMATIC_FD_5	RECIRC_SW_RQ	FD	1 bit signal
RECIRC_SW_RQ_M	CAN Mapping	1568	Atlantis High	TGW_HVAC_CTRL_M	RECIRC_SW_RQ_M		
RecircButton	CAN Mapping	1569	Atlantis High	CLIMATIC_PANEL	Climate_btn9	CAN-B	1 bit signal\n0 = Not_Pressed (Recirc button)\n1 = Pressed (Recirc button)
RedChannel	CAN Mapping	1570	Atlantis High	RADIO_B7	Red_Channel_Amb_Light	B	0-255
RegenBrakeActiv	CAN Mapping	1572	Atlantis High		pending	FD	
Relax_Mode	CAN Mapping	1573	Atlantis High	RADIO_B2	Relax_Mode	CAN-BH	
Relax_Mode	CAN Mapping	1573	Atlantis High	TELEMATIC_FD_4	Relax_Mode	CAN-FD	
RelProbb_CS	CAN Mapping	1574	Atlantis(&High)	SEGMENT	ADAS_Seg_RelProbb	CAN-B	
REMAINING_ESS_RSRV_CAP	CAN Mapping	1575	Atlantis High	J1979_03_CARB_1	HVBat_Rsrv_Enrgy_Remain	FD	Min=0\nMax=6553.5\nFactor=0.1\nOffset=0\nInitialValue=0
Remote_HVAC_Temp	CAN Mapping	1576	Atlantis High	TBM_FD_1	Remote_HVAC_Temp	FD	See dbc
RemoteCondCabinSts	CAN Mapping	1577	Atlantis High	BCM_FD_26	RemoteCondCabinSts		
RemoteStartActive	CAN Mapping	1578	Atlantis High	BCM_FD_2	RemStActvSts	FD	ATLANTIS\n0 = Remote Start Not Active\n1 = Remote Start Active
RemoteStartActive	CAN Mapping	1578	Atlantis High	STATUS_BH_BCM2	RemStActvSts	CAN-B	ATLANTIS\n0 = Remote Start Not Active\n1 = Remote Start Active
RemoteStartInhibit	CAN Mapping	1579	Atlantis High	BCM_FD_10	RemSt_InhibitSts	FD	ATLANTIS\n6 bit signal\n0 = INHIBIT_DEFAUILT\nTIME_OUT_RUN\nTIME_OUT_CUST_MODE\nKEY_IN_RUN\nDRV_DOOR_AJAR\nPASS_DOOR_AJAR\nLR_DOOR_AJAR\nRR_DOOR_AJAR\nSTART_COUNTER\nFAIL_COUNTER\nLOW_RPM_SHUTDOWN\nKEY_IN_IGN\nBRAKE_PRESSED\nHAZARD_LAMP_ON\nNOT_IN_PARK\nVEH_SPEED_HIGH\nHOOD_AJAR\nTRUNK_LIFTGATE\nVTA_ALARM\nPANIC_MODE\nBATT_VOLT_HIGH\nBATT_VOLT_LOW\nPOWER_LOSS\nMIL_ON\nOIL_PRESSURE_LOW\nCOOLANT_TEMP_HIGH\nRPM_HIGH\nCRANK_NO_START\nREMOTE_OFF_RQ\nRS_DISABLED_PREV\nNOT_CONFIGURED\nNO_HOOD_SWITCH\nNO_AUTO_TRANS\nNOT_ENABLED\nINVALID_SKIM_KEY\nIGN_SNA\nIGN_NOT_LOCK\nGLOW_PLUG_TIMEOUT\nLOW_FUEL\nETC_LAMP_ON\nLOGISTIC_MODE\n41 = COLD_START_LAMP_FLASH\n63 = SNA
RemStNrmlStEnbl	CAN Mapping	1580	Atlantis High	IPC_VEHICLE_SETUP2	RemStNrmlStEnbl		
RemStNrmlStEnbl_Req	CAN Mapping	1581	Atlantis High	TELEMATIC_VEHICLE_SETUP	RemStNrmlStEnbl_Req		
ResetTripAPlusACK	CAN Mapping	1582	Atlantis High	Trip_A	ResetTripAPlusACK	CAN-B	2 bit signal\nNo_ACK_required\nACK_KO\nACK_KO\nACK_OK
RestoreDefaultSettingReq	CAN Mapping	1583	Atlantis High	TELEMATIC_VEHICLE_SETUP	RestoreDefaultSettingReq		
ResumeSwitch	CAN Mapping	1584	Atlantis High	BCM_FD_13	ResumeSwitch	FD	Not_Active\nActive
Retr_CS	CAN Mapping	1585	Atlantis(&High)	SEGMENT	ADAS_Seg_Retr	CAN-B	
ReverseGearStatus	CAN Mapping	1586	Atlantis High	STATUS_CCAN4	ReverseGearSts	CAN-B	0 = Not_Inserted\n1 = Inserted\n2 = Not_Used\n3 = SNA
RFFuncReq	CAN Mapping	1587	Atlantis High	RFHUB3	RFFuncReq	CAN-B	5 bit signal\n0 = NO_BASIC_REQUEST\nLOCK_REQUEST\nRELOCK_REQUEST\nDRIVER_UNLOCK_REQUEST\nALL_UNLOCK_REQUEST\nTRUNK_PLG_TOGGLE_REQUEST\nLEFT_SLIDER_TOGGLE_REQUEST\nRIGHT_SLIDER_TOGGLE_REQUEST\nFLIPPER_GLASS_REQUEST\nREMOTE_START_ON\nREMOTE_START_OFF\nGLOBAL_WINDOW_DOWN_REQUEST\nOPEN_CONVERTIBLE_TOP\nCLOSE_CONVERTIBLE_TOP\nPANIC_TOGGLE_REQUEST\nDEAD_LOCK_REQUEST\nGLOBAL_WINDOWS_UP_REQUEST\n17 = HEADLIGHTS_OFF_DELAY\n31 = SNA
RFReq	CAN Mapping	1588	Atlantis High	BCM_FD_9	RFReq	FD	REQUESTOR_DEFAULT\nREQUESTOR_RKE\nREQUESTOR_PE\nREQUESTOR_REMOTESTART\nSNA
RFReq	CAN Mapping	1588	Atlantis High	RFHUB_FD_1	RFReq		REQUESTOR_DEFAULT\nREQUESTOR_RKE\nREQUESTOR_PE\nREQUESTOR_REMOTESTART\nSNA
RHatchSts	CAN Mapping	1589	Atlantis High	STATUS_BH_BCM1	RHatchSts	CAN-B	0 = Closed\n1 = Open
RHatchSts	CAN Mapping	1589	Atlantis High	BCM_FD_9	RHatchSts	FD	0 = Closed\n1 = Open
RHeatedWindowSts	CAN Mapping	1590	Atlantis High	BCM_FD_9	RHeatedWindowSts	FD	1 bit signal\n0 = off\n1 = On
RHF_FastPulseCounter (Fail Sts)	CAN Mapping	1591	Atlantis High	BRAKE_FD_3	RHF_WheelSensorFailSts	FD	Atlantis\n1 bit signal\n0 = Fail_Not_Present\n1 = Fail_Present
RHFWheelSpeed	CAN Mapping	1592	Atlantis High	BRAKE_FD_3	RHFWheelSpeed	FD	See dbc
RHRDoorSts	CAN Mapping	1593	Atlantis High	BCM_FD_9	RHRDoorSts	FD	1 bit signal\n0 = Closed\n1 = Open
RHRWheelSpeed	CAN Mapping	1594	Atlantis High	BRAKE_FD_3	RHRWheelSpeed	FD	See dbc
RHTurnLightFault	CAN Mapping	1595	Atlantis High	BCM_FD_9	RHTurnLightFault	FD	1 bit signal\n0 = not faulted\n1 = faulted
Right_Cluster_Button_Function	CAN Mapping	1596	Atlantis(&High)	RADIO_B5	Right_Cluster_Button_function		See dbc
Right_Cluster_Button_Function	CAN Mapping	1597	Atlantis High	TELEMATIC_FD_15	Right_Cluster_Button_function	FD	0 = Blank\n1 = Previous\n2 = Next\n3 = Pause/Play\n4 = Tune -\n5 = Tune +\n6 = Mute\n7 = Tag Song\n8 = Tag Artist\n9 = Unmute\n10 =Transfer Call to Device\n11 = Preset -\n12 = Preset +\n13 = Seek Up\n14 = Seek Down\n15 = Next Mode\n16 = Volume -\n17 = Volume +\n31 = SNA
Right_Temp_Down_Button	CAN Mapping	1598	Atlantis High	CLIMATIC_PANEL	Climate_btn5	CAN-B	1 bit signal\n0 = Not_Pressed (Right Temperature Down button)\n1 = Pressed (Right Temperature Down button)
RL_HEAT_STAT	CAN Mapping	1599	Atlantis(&High)	NA	Present		NA
RL_HndlSw	CAN Mapping	1600	Atlantis(&High)	NA	Present		NA
RoadShieldIcon	CAN Mapping	1602	Atlantis High	TELEMATIC_FD_16	RoadShieldIcon	FD	Atlantis\n10 bit signal\n\n0 = No_Shield\n1023 = SNA
RoadShieldText	CAN Mapping	1603	Atlantis High	TELEMATIC_FD_16	RoadShieldText_IC	FD	Atlantis\n96 bit signal
RollAngle	CAN Mapping	1604	Atlantis High	BCM_FD_4	RollAngle	FD	
Roof_Elech_RQ	CAN Mapping	1606	Atlantis High	PTCM_CTRL	Roof_Elech_ButtonSts	BH-CAN	0x0 = Pressed\n0x1 = No_Pressed
RoofTop_Close_RQ	CAN Mapping	1607	Atlantis High	PTCM_CTRL	Close_Capotte_BurronSts	BH-CAN	0x0 = Pressed\n0x1 = No_Pressed
RoofTop_Fail	CAN Mapping	1608	Atlantis High	STATUS_PTCM	CapoteFailSts	BH-CAN	0x0 = Fail_Not_Present\n0x1 = Fail_Present
RoofTop_Open_RQ	CAN Mapping	1609	Atlantis High	PTCM_CTRL	Open_Capotte_BurronSts	BH-CAN	0x0 = Pressed\n0x1 = No_Pressed
RoofTop_Stat	CAN Mapping	1610	Atlantis High	STATUS_PTCM	CapoteSts	BH-CAN	0x0 = Open\n0x1 = Close\n0x2 = Opening\n0x3 = Closing\n0x4 = Middle\n0x7 = SNA
Row1_DriverSeatConfigSts	CAN Mapping	1611	Atlantis High	ORC_FD_1	SBR1RowDriverSeatConfigSts	FD	See dbc
Row1_DriverSeatSts	CAN Mapping	1612	Atlantis High	ORC_FD_1	SBR1RowDriverSeatSts		
Row1_PsngrSeatConfigSts	CAN Mapping	1613	Atlantis High	ORC_FD_1	SBR1RowPsngrSeatConfigSts	FD	See dbc
Row1_PsngrSeatPPDSts	CAN Mapping	1614	Atlantis High	ORC_FD_2	SBR1RowPsngrSeatPPDSts		
Row1_PsngrSeatSts	CAN Mapping	1615	Atlantis High	ORC_FD_1	SBR1RowPsngrSeatSts		
Row2_CentralSeatConfigSts	CAN Mapping	1616	Atlantis High	ORC_FD_1	SBR2RowCentralSeatConfigSts	FD	See dbc
Row2_CentralSeatSts	CAN Mapping	1617	Atlantis High	ORC_FD_1	SBR2RowCentralSeatSts		
Row2_LeftSeatConfigSts	CAN Mapping	1618	Atlantis High	ORC_FD_1	SBR2RowLeftSeatConfigSts	FD	See dbc
Row2_LeftSeatSts	CAN Mapping	1619	Atlantis High	ORC_FD_1	SBR2RowLeftSeatSts		
Row2_RightSeatConfigSts	CAN Mapping	1620	Atlantis High	ORC_FD_1	SBR2RowRightSeatConfigSts	FD	See dbc
Row2_RightSeatSts	CAN Mapping	1621	Atlantis High	ORC_FD_1	SBR2RowRightSeatSts		
Row3_LeftSeatConfigSts	CAN Mapping	1622	Atlantis High	ORC_FD_2	SBR3RowLeftSeatConfigSts	FD	See dbc
Row3_LeftSeatSts	CAN Mapping	1623	Atlantis High	ORC_FD_2	SBR3RowLeftSeatSts		
Row3_RightSeatConfigSts	CAN Mapping	1624	Atlantis High	ORC_FD_2	SBR3RowRightSeatConfigSts	FD	See dbc
Row3_RightSeatSts	CAN Mapping	1625	Atlantis High	ORC_FD_2	SBR3RowRightSeatSts		
RQ_DISP_INTS	CAN Mapping	1626	Atlantis High	RADIO_B3	RQ_DISP_INTS	B-CAN	8 bit signal\n\nRange is 0-100%\nFactor is 0.5%\nOffset = 0\n\n255 = SNA
RR_HEAT_STAT	CAN Mapping	1627	Atlantis(&High)	NA	Present		NA
RR_HndlSw	CAN Mapping	1628	Atlantis(&High)	NA	Present		NA
RrAxleLkIndRq	CAN Mapping	1629	Atlantis(&High)		Applicable		
RT_DIST	CAN Mapping	1631	Atlantis High	BRAKE_FD_3	RHR_FastPulseCounter	FD	ATLANTIS\n8 bit signal \n0 - 255 pulses\nResolution = 1
RTCM_check_healty_sts	CAN Mapping	1632	Atlantis High		pending	FD	
RVCM2_check_healty_sts	CAN Mapping	1634	Atlantis High		pending	FD	
RWD_Mode	CAN Mapping	1635	Atlantis High	BCM_FD_26	RWD_Mode_Sts	FD	0 - RWD_OFF\n1 - RWD_ON\n2 - RWD_UNAVAIL\n3 - SNA
RWDModeSwPsd	CAN Mapping	1636	Atlantis High	TELEMATIC_FD_15	RWDModeSwPsd	FD	0 - DEFAULT\n1 - SW_NOT_PSD\n2 - SW_PSD\n3 - SNA
SCCActv	CAN Mapping	1638	Atlantis High	BODY_CNTRL7	SCCActvSts	BH-CAN	0 = Inactive\n1 = Active
Schar1	CAN Mapping	1639	Atlantis High	WIFI_SSID	UTF_Char1	FD	8 bit signal
Schar2	CAN Mapping	1640	Atlantis High	WIFI_SSID	UTF_Char2	FD	8 bit signal
Schar3	CAN Mapping	1641	Atlantis High	WIFI_SSID	UTF_Char3	FD	8 bit signal
Schar4	CAN Mapping	1642	Atlantis High	WIFI_SSID	UTF_Char4	FD	8 bit signal
Schar5	CAN Mapping	1643	Atlantis High	WIFI_SSID	UTF_Char5	FD	8 bit signal
Schar6	CAN Mapping	1644	Atlantis High	WIFI_SSID	UTF_Char6	FD	8 bit signal
Schar7	CAN Mapping	1645	Atlantis High	WIFI_SSID	UTF_Char7	FD	8 bit signal
Schedule_Day1	CAN Mapping	1646	Atlantis High	CHARGE_SCHEDULE_HU1	Schedule_Day1	FD	8 bit signal\n\nSee .dbc for enumerations\n\n255 = SNA
Schedule_Day1_Sts	CAN Mapping	1647	Atlantis High	CHARGE_SCHEDULE_HCP1	Schedule_Day1_Sts	FD	8 bit signal\n\nSee .dbc for enumerations\n\n255 = SNA
Schedule_Day2	CAN Mapping	1648	Atlantis High	CHARGE_SCHEDULE_HU1	Schedule_Day2	FD	8 bit signal\n\nSee .dbc for enumerations\n\n255 = SNA
Schedule_Day2_Sts	CAN Mapping	1649	Atlantis High	CHARGE_SCHEDULE_HCP1	Schedule_Day2_Sts	FD	8 bit signal\n\nSee .dbc for enumerations\n\n255 = SNA
Schedule_Day3	CAN Mapping	1650	Atlantis High	CHARGE_SCHEDULE_HU1	Schedule_Day3	FD	8 bit signal\n\nSee .dbc for enumerations\n\n255 = SNA
Schedule_Day3_Sts	CAN Mapping	1651	Atlantis High	CHARGE_SCHEDULE_HCP1	Schedule_Day3_Sts	FD	8 bit signal\n\nSee .dbc for enumerations\n\n255 = SNA
Schedule_Type1	CAN Mapping	1652	Atlantis High	CHARGE_SCHEDULE_HU1	Schedule_Type1	FD	0 = No Selection\n1 = Departure Time\n2 = Charge Interval\n3 = SNA
Schedule_Type1_Sts	CAN Mapping	1653	Atlantis High	CHARGE_SCHEDULE_HCP1	Schedule_Type1_Sts	FD	0 = No Selection\n1 = Departure Time\n2 = Charge Interval\n3 = SNA
Schedule_Type2	CAN Mapping	1654	Atlantis High	CHARGE_SCHEDULE_HU1	Schedule_Type2	FD	0 = No Selection\n1 = Departure Time\n2 = Charge Interval\n3 = SNA
Schedule_Type2_Sts	CAN Mapping	1655	Atlantis High	CHARGE_SCHEDULE_HCP1	Schedule_Type2_Sts	FD	0 = No Selection\n1 = Departure Time\n2 = Charge Interval\n3 = SNA
Schedule_Type3	CAN Mapping	1656	Atlantis High	CHARGE_SCHEDULE_HU1	Schedule_Type3	FD	0 = No Selection\n1 = Departure Time\n2 = Charge Interval\n3 = SNA
Schedule_Type3_Sts	CAN Mapping	1657	Atlantis(&High)		Schedule_Type3_Sts		See dbc
Schedule_Type3_Sts	CAN Mapping	1658	Atlantis High	CHARGE_SCHEDULE_HCP1	Schedule_Type3_Sts	FD	See dbc
SD_LO_Status	CAN Mapping	1659	Atlantis(&High)	NA	Present		NA
SDWChimeMode	CAN Mapping	1660	Atlantis High	IPC_VEHICLE_SETUP	Sdw	CAN-B	0 = Off\n1 = Sound\n2 = Sound_Display
SDWChimeRepRate	CAN Mapping	1661	Atlantis High	SDW_INFO	SDW_ChimeRepetitionRate_Left	CAN-B	0 - 15 Hz
SDWChimeRepRate	CAN Mapping	1662	Atlantis High	SDW_INFO	SDW_ChimeRepetitionRate_Right	CAN-B	0 - 15 Hz
SDWChimeRqLF	CAN Mapping	1663	Atlantis High	SDW_INFO	SDW_ChimeActivation_LHF	CAN-B	ATLANTIS\n0 = NotActive\n1 = Active
SDWChimeRqLR	CAN Mapping	1664	Atlantis High	SDW_INFO	SDW_ChimeActivation_LHR	CAN-B	ATLANTIS\n0 = NotActive\n1 = Active
SDWChimeRqRF	CAN Mapping	1665	Atlantis High	SDW_INFO	SDW_ChimeActivation_RHF	CAN-B	ATLANTIS\n0 = NotActive\n1 = Active
SDWChimeRqRR	CAN Mapping	1666	Atlantis High	SDW_INFO	SDW_ChimeActivation_RHR	CAN-B	ATLANTIS\n0 = NotActive\n1 = Active
SDWChimeType	CAN Mapping	1667	Atlantis High	SDW_INFO	SDW_ChimeType_Left	CAN-B	0 = Type 8\n1 = Type 6
SDWChimeType	CAN Mapping	1668	Atlantis High	SDW_INFO	SDW_ChimeType_Right	CAN-B	0 = Type 8\n1 = Type 6
SDWChimeVolume	CAN Mapping	1669	Atlantis High	IPC_VEHICLE_SETUP	SdwChimeVolume	CAN-B	0 = Low\n1 = Medium\n2 = High
SeatWheel_Comfort_Range_Impact	CAN Mapping	1671	Atlantis High		pending	FD	
Secure_Idle_Req	CAN Mapping	1672	Atlantis High	TELEMATIC_FD_19	Secure_Idle_Req	FD	0x0 NOT PRESSED\n0x1 PRESSED
Secure_Idle_Req	CAN Mapping	1673	Atlantis High		pending	FD	
Secure_Idle_Sts	CAN Mapping	1674	Atlantis High	TRANSM_FD_1	Secure_Idle_Sts	FD	0 - DISABLED\n1 - ENABLED\n2 - Unused\n3 - SNA
Secure_Idle_Sts	CAN Mapping	1674	Atlantis High	PT_SYSTEM_FD_1	Secure_Idle_Sts_EV		0 - DISABLED\n1 - ENABLED\n2 - Unused\n3 - SNA
Secure_Idle_Sts	CAN Mapping	1675	Atlantis High		pending	FD	
SelectedTPMTrailer_Number	CAN Mapping	1676	Atlantis High	Radio_A4	SelectedTPMTrailer_Number		
SelectSpeedStatus	CAN Mapping	1677	Atlantis High	BCM_FD_18	SelSpdSts	FD	
SelSpdLmp	CAN Mapping	1678	Atlantis High	BRAKE_FD_5	HDCUserFdBck	FD	Atlantis\n2 bit signal\n0 = On\n1 = Off\n2 = Blink\n3 = SNA
SelSpdLmp	CAN Mapping	1679	Atlantis High	BRAKE_FD_1	SelSpdLmp	FD	0 = OFF\n1 = CONT\n2 = BLINK\n3 = SNA
Service_ACC_Stat	CAN Mapping	1680	Atlantis High	IPC_FD_3	SERVICE_ACC_STAT	FD	0 = Off\n1 = On\n2 = Blinking\n3 = SNA
Service_Stat	CAN Mapping	1681	Atlantis High	IPC_FD_3	SERVICE_STAT	FD	0 = Off\n1 = On\n2 = Blinking\n3 = SNA
SFrameID	CAN Mapping	1683	Atlantis High		Removed		
SFrameID	CAN Mapping	1683	Atlantis High		with		
SFrameID	CAN Mapping	1683	Atlantis High		Multi		
SFrameID	CAN Mapping	1683	Atlantis High		Frame		
SHFT_PROG	CAN Mapping	1684	Atlantis High		DriveModeSts	Seed dbc	See dbc
ShiftLeverPosition	CAN Mapping	1685	Atlantis High	TRANSM_FD_4	ShiftLeverPosition	CAN-B	ATLANTIS\n4 bit signal\n0 = No_Selection_Active_Or_Available\n1 = P\n2 = R\n3 = N\n4 = D\n5 = L\n6 = TIP_Autostick\n7 = Plus\n8 = Minus\n9 = SNA
ShiftLeverPosition_PT	CAN Mapping	1686	Atlantis High	PT_SYSTEM_FD_1	ShiftLeverPosition_PT	CAN-B	ATLANTIS\n4 bit signal\n0 = No_Selection_Active_Or_Available\n1 = P\n2 = R\n3 = N\n4 = D\n\n
ShiftLeverPositionReq	CAN Mapping	1687	Atlantis High	ENGINE_SIMULATOR4	ShiftLeverPositionReq_PT1	FD	0 No_Selection_Active_Or_Available\n1 P\n2 R\n3 N\n4 D\n5 L\n6 TIP_Autostick\n7 Plus\n8 Minus\n9 Sport\nF SNA
SmartKeyDel_Stat	CAN Mapping	1688	Atlantis High	SPAAK_FD	SmartKeyDel_Stat1	FD	See dbc
SMMD_Backbolster_Sts	CAN Mapping	1689	Atlantis High	MASSAGE_DRIVER	SMMD_Backbolster_Sts	B-CAN	0 = Not Min Not Max\n1 = Min\n2 = Max
SMMD_LumbarInOut_Sts	CAN Mapping	1690	Atlantis High	MASSAGE_DRIVER	SMMD_LumbarInOut_Sts	B-CAN	0 = Not Min Not Max\n1 = Min\n2 = Max
SMMD_LumbarUpDown_Sts	CAN Mapping	1691	Atlantis High	MASSAGE_DRIVER	SMMD_LumbarUpDown_Sts	B-CAN	0 = Not Min Not Max\n1 = Min\n2 = Max
SMMD_ThighBolster_Sts	CAN Mapping	1692	Atlantis High	MASSAGE_DRIVER	SMMD_ThighBolster_Sts	B-CAN	0 = Not Min Not Max\n1 = Min\n2 = Max
SMMP_Backbolster_Sts	CAN Mapping	1693	Atlantis High	MASSAGE_PASS	SMMP_Backbolster_Sts	B-CAN	0 = Not Min Not Max\n1 = Min\n2 = Max
SMMP_LumbarInOut_Sts	CAN Mapping	1694	Atlantis High	MASSAGE_PASS	SMMP_LumbarInOut_Sts	B-CAN	0 = Not Min Not Max\n1 = Min\n2 = Max
SMMP_LumbarUpDown_Sts	CAN Mapping	1695	Atlantis High	MASSAGE_PASS	SMMP_LumbarUpDown_Sts	B-CAN	0 = Not Min Not Max\n1 = Min\n2 = Max
SMMP_ThighBolster_Sts	CAN Mapping	1696	Atlantis High	MASSAGE_PASS	SMMP_ThighBolster_Sts	B-CAN	0 = Not Min Not Max\n1 = Min\n2 = Max
SOC_Max_Lev	CAN Mapping	1698	Atlantis High	IPC_VEHICLE_SETUP	SOC_Max_Lev	FD	See dbc file
SOC_Max_Lev_Req	CAN Mapping	1699	Atlantis High	TELEMATIC_VEHICLE_SETUP	SOC_Max_Lev_Req	FD	See dbc file
SOC_Max_Lev_Req	CAN Mapping	1699	Atlantis High	TBM_SCHEDULE_FD_1	SOC_Max_Lev_Rem_Req		See dbc file
SOSCallStatus	CAN Mapping	1700	Atlantis(&High)	STATUS_TBM	SOSCallStatus	CAN_BH	0=No_Indication\n1=Sos_Battery_Fail\n2=Sos_Fail\n3=Sos_Call_Ended\n4=Sos_Call_Establish\n5=Starting_SOS_Fail\n6=Incoming_SOS_Call\n7=Starting_SOS_1_Phase\n8=Starting_SOS_2_Phase\n9=Starting_SOS_Auto\n10=SOS_Low_Battery 
SOSCallType	CAN Mapping	1701	Atlantis High	STATUS_TBM	SOSCallType	CAN-B	0 = Initialization\n1 = No_active_SOS_call\n2 = Manual_SOS_call\n3 = Automatic_SOS_call\n4 = Callback_SOS_call\n5 = Callback_wait
SOSFailSts	CAN Mapping	1702	Atlantis High	TBM_SCHEDULE_FD_2	SOSFailSts	FD	See dbc
SPAAK_Error_NTF	CAN Mapping	1703	Atlantis High	SPAAK_FD	SPAAK_Error_NTF	FD	See dbc
SPAAK_Key_FriendlyNameChar1	CAN Mapping	1704	Atlantis High	SPAAK_FD	SPAAK_Key_FriendlyNameChar1	FD	See dbc
SPAAK_Key_FriendlyNameChar10	CAN Mapping	1705	Atlantis High	SPAAK_FD	SPAAK_Key_FriendlyNameChar10	FD	See dbc
SPAAK_Key_FriendlyNameChar11	CAN Mapping	1706	Atlantis High	SPAAK_FD	SPAAK_Key_FriendlyNameChar11	FD	See dbc
SPAAK_Key_FriendlyNameChar12	CAN Mapping	1707	Atlantis High	SPAAK_FD	SPAAK_Key_FriendlyNameChar12	FD	See dbc
SPAAK_Key_FriendlyNameChar13	CAN Mapping	1708	Atlantis High	SPAAK_FD	SPAAK_Key_FriendlyNameChar13	FD	See dbc
SPAAK_Key_FriendlyNameChar14	CAN Mapping	1709	Atlantis High	SPAAK_FD	SPAAK_Key_FriendlyNameChar14	FD	See dbc
SPAAK_Key_FriendlyNameChar15	CAN Mapping	1710	Atlantis High	SPAAK_FD	SPAAK_Key_FriendlyNameChar15	FD	See dbc
SPAAK_Key_FriendlyNameChar16	CAN Mapping	1711	Atlantis High	SPAAK_FD	SPAAK_Key_FriendlyNameChar16	FD	See dbc
SPAAK_Key_FriendlyNameChar17	CAN Mapping	1712	Atlantis High	SPAAK_FD	SPAAK_Key_FriendlyNameChar17	FD	See dbc
SPAAK_Key_FriendlyNameChar18	CAN Mapping	1713	Atlantis High	SPAAK_FD	SPAAK_Key_FriendlyNameChar18	FD	See dbc
SPAAK_Key_FriendlyNameChar19	CAN Mapping	1714	Atlantis High	SPAAK_FD	SPAAK_Key_FriendlyNameChar19	FD	See dbc
SPAAK_Key_FriendlyNameChar2	CAN Mapping	1715	Atlantis High	SPAAK_FD	SPAAK_Key_FriendlyNameChar2	FD	See dbc
SPAAK_Key_FriendlyNameChar20	CAN Mapping	1716	Atlantis High	SPAAK_FD	SPAAK_Key_FriendlyNameChar20	FD	See dbc
SPAAK_Key_FriendlyNameChar3	CAN Mapping	1717	Atlantis High	SPAAK_FD	SPAAK_Key_FriendlyNameChar3	FD	See dbc
SPAAK_Key_FriendlyNameChar4	CAN Mapping	1718	Atlantis High	SPAAK_FD	SPAAK_Key_FriendlyNameChar4	FD	See dbc
SPAAK_Key_FriendlyNameChar5	CAN Mapping	1719	Atlantis High	SPAAK_FD	SPAAK_Key_FriendlyNameChar5	FD	See dbc
SPAAK_Key_FriendlyNameChar6	CAN Mapping	1720	Atlantis High	SPAAK_FD	SPAAK_Key_FriendlyNameChar6	FD	See dbc
SPAAK_Key_FriendlyNameChar7	CAN Mapping	1721	Atlantis High	SPAAK_FD	SPAAK_Key_FriendlyNameChar7	FD	See dbc
SPAAK_Key_FriendlyNameChar8	CAN Mapping	1722	Atlantis High	SPAAK_FD	SPAAK_Key_FriendlyNameChar8	FD	See dbc
SPAAK_Key_FriendlyNameChar9	CAN Mapping	1723	Atlantis High	SPAAK_FD	SPAAK_Key_FriendlyNameChar9	FD	See dbc
SPAAK_Key_ID	CAN Mapping	1724	Atlantis High	SPAAK_FD	SPAAK_Key_ID	FD	See dbc
SPAAK_Key_MAC_Address	CAN Mapping	1725	Atlantis High	SPAAK_FD	SPAAK_Key_MAC_Address	FD	See dbc
SpaaK_TBM_Comm	CAN Mapping	1726	Atlantis High	Spaak_TBM_Comm	Spaak_TBM_Comm_Sig	FD	See dbc
SPAAKKeyIndex	CAN Mapping	1727	Atlantis High	SPAAK_Key	SPAAKKeyIndex	FD	0 = No Index\n1 = Index 1\n2 = Index 2\n.\n.\n.\n30 = Index 30\n31 = Reserved
SpdUnits	CAN Mapping	1728	Atlantis High	TELEMATIC_FD_11	SpdUnits	FD	0 = km_h\n1 = mph
SpdUnits_Cam	CAN Mapping	1729	Atlantis High	ADAS_FD_INFO2	SpdUnits_Cam	FD	0 = km_h\n1 = mph
Speed_Sign_Shape	CAN Mapping	1732	Atlantis High	ADAS_FD_INFO2	Speed_Sign_Shape	FD	0 = Not_Detected\n1 = Shape_1_Square\n2 = Shape_2_Round\n3 = TBD
Speedometer	CAN Mapping	1736	Atlantis High	STATUS_CCAN3	VehicleSpeedVSOSig	CAN-B	ATLANTIS\n13 bit signal\n0 - 511.875 km/h\nResolution = 0.0625 kmh
Speedometer	CAN Mapping	1736	Atlantis High	STATUS_CCAN3	VehicleSpeedVSOSigFailSts	CAN-B	ATLANTIS\n13 bit signal\n0 - 511.875 km/h\nResolution = 0.0625 kmh
Speedometer	CAN Mapping	1736	Atlantis High	BRAKE_FD_2	VehicleSpeedVSOSig	FD	ATLANTIS\n13 bit signal\n0 - 511.875 km/h\nResolution = 0.0625 kmh
SpeedUnit	CAN Mapping	1737	Atlantis High	IPC_VEHICLE_SETUP	Speed_Unit	FD	0 = mph\n1 = kph
SpSt_Pad1	CAN Mapping	1739	Atlantis High	BCM_FD_10	SpSt_Pad1	FD	Button Unpressed\nButton Pressed\nShort to Ground\nShort to Power\nIndeterminate\nSNA
SpSt_Pad2	CAN Mapping	1740	Atlantis High	BCM_FD_10	SpSt_Pad2	FD	Button Unpressed\nButton Pressed\nShort to Ground\nShort to Power\nIndeterminate\nSNA
SpStSwStat	CAN Mapping	1741	Atlantis High	ENGINE_FD_7	SpStSwStat	FD	0 = OFF\n1 = CONT\n2 = BLINK\n3 = SNA
SRS_LMP_STAT	CAN Mapping	1743	Atlantis High	IPC_FD_4	AirBagLamp_FailSts	FD	ATLANTIS\n2 bit signal\n0 = OFF_Fail_not_present\n1 = OFF_Fail_present\n2 = ON_Fail_not_present\n3 = BLINKING_Fail_not_present
SRT_1000ftTm_B	CAN Mapping	1744	Atlantis High	IPC_SRT_FD_2	SRT_1000ftTm_B	FD	
SRT_1000ftTm_C	CAN Mapping	1745	Atlantis High	IPC_SRT_FD_2	SRT_1000ftTm_C	FD	
SRT_1000ftTm_L	CAN Mapping	1746	Atlantis High	IPC_SRT_FD_2	SRT_1000ftTm_L	FD	
SRT_1000ftTmB	CAN Mapping	1747	Atlantis High	IPC_SRT_FD_2	SRT_1000ftTmB	FD	See dbc
SRT_1000ftTmC	CAN Mapping	1748	Atlantis High	IPC_SRT_FD_2	SRT_1000ftTmC	FD	See dbc
SRT_1000ftTmL	CAN Mapping	1749	Atlantis High	IPC_SRT_FD_2	SRT_1000ftTmL	FD	See dbc
SRT_100mphTm_B	CAN Mapping	1750	Atlantis High	IPC_SRT_FD_1	SRT_100mphTm_B	FD	
SRT_100mphTm_C	CAN Mapping	1751	Atlantis High	IPC_SRT_FD_1	SRT_100mphTm_C	FD	
SRT_100mphTm_L	CAN Mapping	1752	Atlantis High	IPC_SRT_FD_1	SRT_100mphTm_L	FD	
SRT_100mphTmB	CAN Mapping	1753	Atlantis High	IPC_SRT_FD_1	SRT_100mphTmB	FD	See dbc
SRT_100mphTmC	CAN Mapping	1754	Atlantis High	IPC_SRT_FD_1	SRT_100mphTmC	FD	See dbc
SRT_100mphTmL	CAN Mapping	1755	Atlantis High	IPC_SRT_FD_1	SRT_100mphTmL	FD	See dbc
SRT_330ftTm_B	CAN Mapping	1756	Atlantis High	IPC_SRT_FD_2	SRT_330ftTm_B	FD	
SRT_330ftTm_C	CAN Mapping	1757	Atlantis High	IPC_SRT_FD_2	SRT_330ftTm_C	FD	
SRT_330ftTm_L	CAN Mapping	1758	Atlantis High	IPC_SRT_FD_2	SRT_330ftTm_L	FD	
SRT_330ftTmB	CAN Mapping	1759	Atlantis High	IPC_SRT_FD_2	SRT_330ftTmB	FD	See dbc
SRT_330ftTmC	CAN Mapping	1760	Atlantis High	IPC_SRT_FD_2	SRT_330ftTmC	FD	See dbc
SRT_330ftTmL	CAN Mapping	1761	Atlantis High	IPC_SRT_FD_2	SRT_330ftTmL	FD	See dbc
SRT_60ftTm_B	CAN Mapping	1762	Atlantis High	IPC_SRT_FD_2	SRT_60ftTm_B	FD	
SRT_60ftTm_C	CAN Mapping	1763	Atlantis High	IPC_SRT_FD_2	SRT_60ftTm_C	FD	
SRT_60ftTm_L	CAN Mapping	1764	Atlantis High	IPC_SRT_FD_2	SRT_60ftTm_L	FD	
SRT_60ftTmB	CAN Mapping	1765	Atlantis High	IPC_SRT_FD_2	SRT_60ftTmB	FD	See dbc
SRT_60ftTmC	CAN Mapping	1766	Atlantis High	IPC_SRT_FD_2	SRT_60ftTmC	FD	See dbc
SRT_60ftTmL	CAN Mapping	1767	Atlantis High	IPC_SRT_FD_2	SRT_60ftTmL	FD	See dbc
SRT_60mphTm_B	CAN Mapping	1768	Atlantis High	IPC_SRT_FD_1	SRT_60mphTm_B	FD	
SRT_60mphTm_C	CAN Mapping	1769	Atlantis High	IPC_SRT_FD_1	SRT_60mphTm_C	FD	
SRT_60mphTm_L	CAN Mapping	1770	Atlantis High	IPC_SRT_FD_1	SRT_60mphTm_L	FD	
SRT_60mphTmB	CAN Mapping	1771	Atlantis High	IPC_SRT_FD_1	SRT_60mphTmB	FD	See dbc
SRT_60mphTmC	CAN Mapping	1772	Atlantis High	IPC_SRT_FD_1	SRT_60mphTmC	FD	See dbc
SRT_60mphTmL	CAN Mapping	1773	Atlantis High	IPC_SRT_FD_1	SRT_60mphTmL	FD	See dbc
SRT_BrkDistB_M	CAN Mapping	1774	Atlantis High	IPC_SRT_FD_2	SRT_BrkDistB_M	FD	
SRT_BrkDistB_US	CAN Mapping	1775	Atlantis High	IPC_SRT_FD_2	SRT_BrkDistB_US	FD	
SRT_BrkDistC_M	CAN Mapping	1776	Atlantis High	IPC_SRT_FD_2	SRT_BrkDistC_M	FD	
SRT_BrkDistC_US	CAN Mapping	1777	Atlantis High	IPC_SRT_FD_2	SRT_BrkDistC_US	FD	
SRT_BrkDistL_M	CAN Mapping	1778	Atlantis High	IPC_SRT_FD_2	SRT_BrkDistL_M	FD	
SRT_BrkDistL_US	CAN Mapping	1779	Atlantis High	IPC_SRT_FD_2	SRT_BrkDistL_US	FD	
SRT_BrkSpdB_M	CAN Mapping	1780	Atlantis High	IPC_SRT_FD_2	SRT_BrkSpdB_M	FD	
SRT_BrkSpdB_US	CAN Mapping	1781	Atlantis High	IPC_SRT_FD_2	SRT_BrkSpdB_US	FD	
SRT_BrkSpdC_M	CAN Mapping	1782	Atlantis High	IPC_SRT_FD_2	SRT_BrkSpdC_M	FD	
SRT_BrkSpdC_US	CAN Mapping	1783	Atlantis High	IPC_SRT_FD_2	SRT_BrkSpdC_US	FD	
SRT_BrkSpdL_M	CAN Mapping	1784	Atlantis High	IPC_SRT_FD_2	SRT_BrkSpdL_M	FD	
SRT_BrkSpdL_US	CAN Mapping	1785	Atlantis High	IPC_SRT_FD_2	SRT_BrkSpdL_US	FD	
SRT_BrkTm_B	CAN Mapping	1786	Atlantis High	IPC_SRT_FD_1	SRT_BrkTm_B	FD	
SRT_BrkTm_C	CAN Mapping	1787	Atlantis High	IPC_SRT_FD_1	SRT_BrkTm_C	FD	
SRT_BrkTm_L	CAN Mapping	1788	Atlantis High	IPC_SRT_FD_1	SRT_BrkTm_L	FD	
SRT_eighthTm_B	CAN Mapping	1789	Atlantis High	IPC_SRT_FD_1	SRT_eighthTm_B	FD	
SRT_eighthTm_C	CAN Mapping	1790	Atlantis High	IPC_SRT_FD_1	SRT_eighthTm_C	FD	
SRT_eighthTm_L	CAN Mapping	1791	Atlantis High	IPC_SRT_FD_1	SRT_eighthTm_L	FD	
SRT_eighthTmB	CAN Mapping	1792	Atlantis High	IPC_SRT_FD_1	SRT_eighthTmB	FD	See dbc
SRT_eighthTmC	CAN Mapping	1793	Atlantis High	IPC_SRT_FD_1	SRT_eighthTmC	FD	See dbc
SRT_eighthTmL	CAN Mapping	1794	Atlantis High	IPC_SRT_FD_1	SRT_eighthTmL	FD	See dbc
SRT_EthSpdB_M	CAN Mapping	1795	Atlantis High	IPC_SRT_FD_1	SRT_EthSpdB_M	FD	
SRT_EthSpdB_US	CAN Mapping	1796	Atlantis High	IPC_SRT_FD_1	SRT_EthSpdB_US	FD	
SRT_EthSpdC_M	CAN Mapping	1797	Atlantis High	IPC_SRT_FD_1	SRT_EthSpdC_M	FD	
SRT_EthSpdC_US	CAN Mapping	1798	Atlantis High	IPC_SRT_FD_1	SRT_EthSpdC_US	FD	
SRT_EthSpdL_M	CAN Mapping	1799	Atlantis High	IPC_SRT_FD_1	SRT_EthSpdL_M	FD	
SRT_EthSpdL_US	CAN Mapping	1800	Atlantis High	IPC_SRT_FD_1	SRT_EthSpdL_US	FD	
SRT_HK_RQ	CAN Mapping	1801	Atlantis High	BCM_FD_12	SRT_HK_RQ	FD	0 = NOT_PSD\n1 = ON\n2 = OFF\n3 = SNA
SRT_QrtSpdB_M	CAN Mapping	1802	Atlantis High	IPC_SRT_FD_1	SRT_QrtSpdB_M	FD	
SRT_QrtSpdB_US	CAN Mapping	1803	Atlantis High	IPC_SRT_FD_1	SRT_QrtSpdB_US	FD	
SRT_QrtSpdC_M	CAN Mapping	1804	Atlantis High	IPC_SRT_FD_1	SRT_QrtSpdC_M	FD	
SRT_QrtSpdC_US	CAN Mapping	1805	Atlantis High	IPC_SRT_FD_1	SRT_QrtSpdC_US	FD	
SRT_QrtSpdL_M	CAN Mapping	1806	Atlantis High	IPC_SRT_FD_1	SRT_QrtSpdL_M	FD	
SRT_QrtSpdL_US	CAN Mapping	1807	Atlantis High	IPC_SRT_FD_1	SRT_QrtSpdL_US	FD	
SRT_quarterTm_B	CAN Mapping	1808	Atlantis High	IPC_SRT_FD_1	SRT_quarterTm_B	FD	
SRT_quarterTm_C	CAN Mapping	1809	Atlantis High	IPC_SRT_FD_1	SRT_quarterTm_C	FD	
SRT_quarterTm_L	CAN Mapping	1810	Atlantis High	IPC_SRT_FD_1	SRT_quarterTm_L	FD	
SRT_quarterTmB	CAN Mapping	1811	Atlantis High	IPC_SRT_FD_1	SRT_quarterTmB	FD	See dbc
SRT_quarterTmC	CAN Mapping	1812	Atlantis High	IPC_SRT_FD_1	SRT_quarterTmC	FD	See dbc
SRT_quarterTmL	CAN Mapping	1813	Atlantis High	IPC_SRT_FD_1	SRT_quarterTmL	FD	See dbc
SRT_ReactTm_B	CAN Mapping	1814	Atlantis High	IPC_SRT_FD_1	SRT_ReactTm_B	FD	
SRT_ReactTm_C	CAN Mapping	1815	Atlantis High	IPC_SRT_FD_1	SRT_ReactTm_C	FD	
SRT_ReactTm_L	CAN Mapping	1816	Atlantis High	IPC_SRT_FD_1	SRT_ReactTm_L	FD	
SRT_ReactTmB	CAN Mapping	1817	Atlantis High	IPC_SRT_FD_1	SRT_ReactTmB	FD	See dbc
SRT_ReactTmC	CAN Mapping	1818	Atlantis High	IPC_SRT_FD_1	SRT_ReactTmC	FD	See dbc
SRT_ReactTmL	CAN Mapping	1819	Atlantis High	IPC_SRT_FD_1	SRT_ReactTmL	FD	See dbc
SS_Stat_Left	CAN Mapping	1820	Atlantis High	PSSM_A1	SS_Stat_Left	CANB	0=Reserved\n1=L_SS_RETRACTING\n2=L_SS_DEPLOYING\n3=L_SS_DEPLOYED\n4=L_SS_IP_STATE\n5=L_SS_RETRACTED\n6=Reserved\n7=SNA
SSID number	CAN Mapping	1821	Atlantis(&High)	WIFI_SSID	TotalFrameNumber		Atlantis\n4 bit signal\n\n0 = Frame1\n1 = Frame2\n2 = Frame3\n3 = Frame4\n4 = Frame5\n5 = Frame6\n6 = Frame7\n7 = Frame8\n8 = Frame9\n9 = Frame10\n10 = Frame11\n11 = Frame12\n12 = Frame13\n13 = Frame14\n14 = Frame15\n15 = Frame16
SSIDAck	CAN Mapping	1822	Atlantis(&High)	HU_ACK	SSID		
Start_Time_Hr1	CAN Mapping	1823	Atlantis High	CHARGE_SCHEDULE_HU1	Start_Time_Hr1	FD	5 bit signal\n\nUnits are Hours\nOffset = 0\nFactor = 1\nRange is 0 - 23\n\nSNA = 31
Start_Time_Hr1_Sts	CAN Mapping	1824	Atlantis High	CHARGE_SCHEDULE_HCP1	Start_Time_Hr1_Sts	FD	5 bit signal\n\nUnits are Hours\nOffset = 0\nFactor = 1\nRange is 0 - 23\n\nSNA = 31
Start_Time_Hr2	CAN Mapping	1825	Atlantis High	CHARGE_SCHEDULE_HU1	Start_Time_Hr2	FD	5 bit signal\n\nUnits are Hours\nOffset = 0\nFactor = 1\nRange is 0 - 23\n\nSNA = 31
Start_Time_Hr2_Sts	CAN Mapping	1826	Atlantis High	CHARGE_SCHEDULE_HCP1	Start_Time_Hr2_Sts	FD	5 bit signal\n\nUnits are Hours\nOffset = 0\nFactor = 1\nRange is 0 - 23\n\nSNA = 31
Start_Time_Hr3	CAN Mapping	1827	Atlantis High	CHARGE_SCHEDULE_HU1	Start_Time_Hr3	FD	5 bit signal\n\nUnits are Hours\nOffset = 0\nFactor = 1\nRange is 0 - 23\n\nSNA = 31
Start_Time_Hr3_Sts	CAN Mapping	1828	Atlantis High	CHARGE_SCHEDULE_HCP1	Start_Time_Hr3_Sts	FD	5 bit signal\n\nUnits are Hours\nOffset = 0\nFactor = 1\nRange is 0 - 23\n\nSNA = 31
Start_Time_Min1	CAN Mapping	1829	Atlantis High	CHARGE_SCHEDULE_HU1	Start_Time_Min1	FD	4 bit signal\n\nUnits are Min\nOffset = 0\nFactor = 5\nRange is 0 - 55\n\nSNA = 15
Start_Time_Min1_Sts	CAN Mapping	1830	Atlantis High	CHARGE_SCHEDULE_HCP1	Start_Time_Min1_Sts	FD	4 bit signal\n\nUnits are Min\nOffset = 0\nFactor = 5\nRange is 0 - 55\n\nSNA = 15
Start_Time_Min2	CAN Mapping	1831	Atlantis High	CHARGE_SCHEDULE_HU1	Start_Time_Min2	FD	4 bit signal\n\nUnits are Min\nOffset = 0\nFactor = 5\nRange is 0 - 55\n\nSNA = 15
Start_Time_Min2_Sts	CAN Mapping	1832	Atlantis High	CHARGE_SCHEDULE_HCP1	Start_Time_Min2_Sts	FD	4 bit signal\n\nUnits are Min\nOffset = 0\nFactor = 5\nRange is 0 - 55\n\nSNA = 15
Start_Time_Min3	CAN Mapping	1833	Atlantis High	CHARGE_SCHEDULE_HU1	Start_Time_Min3	FD	4 bit signal\n\nUnits are Min\nOffset = 0\nFactor = 5\nRange is 0 - 55\n\nSNA = 15
Start_Time_Min3_Sts	CAN Mapping	1834	Atlantis High	CHARGE_SCHEDULE_HCP1	Start_Time_Min3_Sts	FD	4 bit signal\n\nUnits are Min\nOffset = 0\nFactor = 5\nRange is 0 - 55\n\nSNA = 15
Start_TPM_Programming	CAN Mapping	1835	Atlantis High	Radio_A4	Start_TPM_Programming		
StartType	CAN Mapping	1836	Atlantis High	BODY4	StTypSts	CAN-B	ATLANTIS\n3 bit signal\n0 = ST_NOT_ACT\n1 = NOR_ST\n2 = TIP_ST\n3 = REM_ST\n7 = SNA
SteeringWheelButtonGroups	CAN Mapping	1837	Atlantis(&High)	Infotainment_Configuration_7	RRM_VPx_Steering_Wheel_Command_Type		0 = Absent\n1 = Standard 6 Buttons\n2 = Standard 8 Buttons\n3 = Standrad 10 Buttons\n4 = 14_LIN_button_EMEA\n5 = 14_LIN_button_NAFTA\n# = Not Used
Stop_Start_Stat	CAN Mapping	1838	Atlantis High	IPC_FD_3	STOP_START_STAT	FD	0 = Off\n1 = On\n2 = Blinking\n3 = SNA
Stop_TPM_Programming	CAN Mapping	1839	Atlantis High	Radio_A4	Stop_TPM_Programming		
StopStartSK_RQ	CAN Mapping	1840	Atlantis(&High)	STATUS_TELEMATIC	StpStDeactBtn		
Stub_CmplxInsct	CAN Mapping	1842	Atlantis(&High)	STUB	ADAS_Stub_CmplxInsct	CAN-B	
Stub_CycCnt	CAN Mapping	1843	Atlantis(&High)	STUB	ADAS_Stub_CycCnt	CAN-B	
Stub_FormOfWay	CAN Mapping	1844	Atlantis(&High)	STUB	ADAS_Stub_FormOfWay	CAN-B	
Stub_FuncRoadClass	CAN Mapping	1845	Atlantis(&High)	STUB	ADAS_Stub_FuncRoadClass	CAN-B	
Stub_LastStub	CAN Mapping	1846	Atlantis(&High)	STUB	ADAS_Stub_LastStub	CAN-B	
Stub_MsgType	CAN Mapping	1847	Atlantis(&High)	STUB	ADAS_Stub_MsgType	CAN-B	
Stub_NumOfLaneDrvDir	CAN Mapping	1848	Atlantis(&High)	STUB	ADAS_Stub_NumOfLaneDrvDir	CAN-B	
Stub_NumOfLaneOppDir	CAN Mapping	1849	Atlantis(&High)	STUB	ADAS_Stub_NumOfLaneOppDir	CAN-B	
Stub_Offset	CAN Mapping	1850	Atlantis(&High)	STUB	ADAS_Stub_Offset	CAN-B	
Stub_PartOfCalcRoute	CAN Mapping	1851	Atlantis(&High)	STUB	ADAS_Stub_PartOfCalcRoute	CAN-B	
Stub_PathIdx	CAN Mapping	1852	Atlantis(&High)	STUB	ADAS_Stub_PathIdx	CAN-B	
Stub_RelProbb	CAN Mapping	1853	Atlantis(&High)	STUB	ADAS_Stub_RelProbb	CAN-B	
Stub_Retr	CAN Mapping	1854	Atlantis(&High)	STUB	ADAS_Stub_Retr	CAN-B	
Stub_RtOfWay	CAN Mapping	1855	Atlantis(&High)	STUB	ADAS_Stub_RtOfWay	CAN-B	
Stub_SubPathIdx	CAN Mapping	1856	Atlantis(&High)	STUB	ADAS_Stub_SubPathIdx	CAN-B	
Stub_TurnAngl	CAN Mapping	1857	Atlantis(&High)	STUB	ADAS_Stub_TurnAngl	CAN-B	
Stub_Update	CAN Mapping	1858	Atlantis(&High)	STUB	ADAS_Stub_Update	CAN-B	
StWh_AudioPresetAdvance	CAN Mapping	1859	Atlantis High	BCM_FD_10	Command_06Sts	CAN-FD	ATLANTIS\n2 bit signal\n0 = Not_Pressed\n1 = Pressed\n3 = SNA
StWh_AudioPresetAdvance	CAN Mapping	1860	Atlantis High	SWC	Command_06Sts	CAN-B	ATLANTIS\n2 bit signal\n0 = Not_Pressed\n1 = Pressed\n3 = SNA
"StWh_AudioPresetAdvance
StWhl_ModeAdvance"	CAN Mapping	1861	Atlantis High	SWC	Command_09Sts	CAN-B	ATLANTIS\n2 bit signal\n0 = Not_Pressed\n1 = Pressed\n3 = SNA
StWhl_AudioModeAdvance	CAN Mapping	1862	Atlantis High	BCM_FD_10	Command_09Sts	CAN-FD	ATLANTIS\n2 bit signal\n0 = Not_Pressed\n1 = Pressed\n3 = SNA
StWhl_AudioPresetAdvance	CAN Mapping	1864	Atlantis(&High)	SWS_IGWLIN	Command_06Sts		
StWhl_ModeAdvance	CAN Mapping	1865	Atlantis High	BCM_FD_10	Command_09Sts	CAN-FD	ATLANTIS\n2 bit signal\n0 = Not_Pressed\n1 = Pressed\n3 = SNA
StWhl_Mute	CAN Mapping	1866	Atlantis High	BCM_FD_10	Command_03Sts	CAN-B	ATLANTIS\n2 bit signal\n0 = Not_Pressed\n1 = Pressed\n3 = SNA
StWhl_PhoneAnswer	CAN Mapping	1867	Atlantis High	BCM_FD_14	Command_07Sts	CAN-B	ATLANTIS\n2 bit signal\n0 = Not_Pressed\n1 = Pressed\n3 = SNA
StWhl_PhoneAnswer+HangUp	CAN Mapping	1869	Atlantis High	BCM_FD_14	Command_07Sts	CAN-B	ATLANTIS\n2 bit signal\n0 = Not_Pressed\n1 = Pressed\n3 = SNA
StWhl_PhoneAnswer+VR	CAN Mapping	1870	Atlantis High	BCM_FD_14	Command_07Sts	CAN-B	ATLANTIS\n2 bit signal\n0 = Not_Pressed\n1 = Pressed\n3 = SNA
StWhl_PhoneAnswer+VR+HangUp	CAN Mapping	1871	Atlantis(&High)	SWC	Command_07Sts		
StWhl_PhoneHangup	CAN Mapping	1872	Atlantis High	SWC	Command_08Sts	CAN-B	ATLANTIS\n2 bit signal\n0 = Not_Pressed\n1 = Pressed\n3 = SNA
StWhl_SeekDown	CAN Mapping	1873	Atlantis High	SWC	Command_05Sts	CAN-B	ATLANTIS\n2 bit signal\n0 = Not_Pressed\n1 = Pressed\n3 = SNA
StWhl_SeekUp	CAN Mapping	1874	Atlantis High	SWC	Command_04Sts	CAN-B	ATLANTIS\n2 bit signal\n0 = Not_Pressed\n1 = Pressed\n3 = SNA
StWhl_VoiceRecognition	CAN Mapping	1876	Atlantis High	SWC	Command_10Sts	CAN-B	ATLANTIS\n2 bit signal\n0 = Not_Pressed\n1 = Pressed\n3 = SNA
StWhl_VolumeDown	CAN Mapping	1877	Atlantis High	SWC	Command_02Sts	CAN-B	ATLANTIS\n2 bit signal\n0 = Not_Pressed\n1 = Pressed\n3 = SNA
StWhl_VolumeUp	CAN Mapping	1878	Atlantis High	SWC	Command_01Sts	CAN-B	ATLANTIS\n2 bit signal\n0 = Not_Pressed\n1 = Pressed\n3 = SNA
StWhl_WeChat	CAN Mapping	1880	Atlantis High	BCM_FD_14	Command_08Sts		
SUB_LVLSts	CAN Mapping	1881	Atlantis High	RADIO_B7	SUB_LVLSts	CAN-B	"""0x0 LVL_N10\n0x1 LVL_N9\n0x2 LVL_N8\n0x3 LVL_N7\n0x4 LVL_N6\n0x5 LVL_N5\n0x6 LVL_N4\n0x7 LVL_N3\n0x8 LVL_N2\n0x9 LVL_N1\n0xA LVL_NTRL\n0xB LVL_P1\n0xC LVL_P2\n0xD LVL_P3\n0xE LVL_P4\n0xF LVL_P5\n0x10 LVL_P6\n0x11 LVL_P7\n0x12 LVL_P8\n0x13 LVL_P9\n0x14 LVL_P10"""
Submit_ClimateSchd1	CAN Mapping	1882	Atlantis High	CLIMATE_SCHEDULE_HU1	Submit_ClimateSchd1	FD	See dbc file
Submit_ClimateSchd2	CAN Mapping	1883	Atlantis High	CLIMATE_SCHEDULE_HU1	Submit_ClimateSchd2	FD	See dbc file
Submit_Schedule1	CAN Mapping	1884	Atlantis High	CHARGE_SCHEDULE_HU1	Submit_Schedule1	FD	0 = No Change\n1 = Change in schedule 1
Submit_Schedule2	CAN Mapping	1885	Atlantis High	CHARGE_SCHEDULE_HU1	Submit_Schedule2	FD	0 = No Change\n1 = Change in schedule 2
Submit_Schedule3	CAN Mapping	1886	Atlantis High	CHARGE_SCHEDULE_HU1	Submit_Schedule3	FD	0 = No Change\n1 = Change in schedule 3
SumTorqueStatic	CAN Mapping	1887	Atlantis High	GW_B_7	SumTorqueStatic	CAN-BH	
SumTorqueStatic	CAN Mapping	1887	Atlantis High	PT_TORQUE_FD_1	SumTorqueStatic	CAN-FD	
SumTorqueStatic_VDCM	CAN Mapping	1888	Atlantis High	GW_B_7	SumTorqueStatic_VDCM	CAN-BH	
Suppress_PopUp	CAN Mapping	1890	Atlantis High	STATUS_CLIMATE2	Suppress_PopUp	CAN-B	0 = Not_Active\n1 = Active
Suppress_PopUp2	CAN Mapping	1891	Atlantis High	STATUS_CLIMATE3	Suppress_PopUp2	CAN-B	0 = Not_Active\n1 = Active
SurrIntensity	CAN Mapping	1892	Atlantis High	RADIO_B7	SurrIntensity	CAN-BH	"""0x0 LVL_1\n0x1 LVL_2\n0x3 LVL_3\n0x4 LVL_4\n0x5 LVL_5"""
SurroundOnOff	CAN Mapping	1893	Atlantis High	CTRL_AMP	DSS_ONSts	CAN-B	1 bit signal
SwayBar_Sts	CAN Mapping	1895	Atlantis High	SWAY_FD_1	SwayBar_Sts	FD	0 = UNLOCKED\n1 = LOCKED\n2 = S_I_P\n3 = SNA
SwaybarEVICDisplay	CAN Mapping	1896	Atlantis High	SWAY_FD_1	SwayBarEVICDisplay	FD	0 = TM0\n1 = TM1\n2 = TM2\n3 = TM3\n4 = TM4\n5 = TM5\n6 = TM6\n7 = TM7\n8 = TM8\n9 = TM9\n10 = TM10\n11 = TM11\n12 = TM12\n13 = TM13\n14 = TM14\n15 = SNA
SWC_AUX_1	CAN Mapping	1897	Atlantis High		SWC_AUX_1		
SWC_AUX_2	CAN Mapping	1898	Atlantis High		SWC_AUX_2		
SWC_AUX_3	CAN Mapping	1899	Atlantis High		SWC_AUX_3		
SWC_AUX_4	CAN Mapping	1900	Atlantis High		SWC_AUX_4		
SYNC_STAT	CAN Mapping	1901	Atlantis High	STATUS_CLIMATE2	HVACSync_Sts	CAN-B	ATLANTIS\n0 = OFF\n1 = ON\n2 = BLINK\n3 = SNA
SYNC_SW_RQ	CAN Mapping	1902	Atlantis High	TELEMATIC_CLIMATE_SETUP	HVACSync_Req	B-CAN	0 = Not_Pressed\n1 = Pressed
SYSTEM_STATUS	CAN Mapping	1904	Atlantis High	ENGINE_FD_8	SYSTEM_STATUS	FD	
SystemFailSts	CAN Mapping	1905	Atlantis High	TBM_SCHEDULE_FD_2	SystemFailSts	FD	See dbc
Target_SOC_ChargeSchedule1_Req	CAN Mapping	1908	Atlantis High	TBM_SCHEDULE_FD_1	TBM_External_ChargeTarget1	FD	Values 0-10 \n11 - Reserved \n12 - Reserved \n13 - Reserved \n14 - Reserved \n15 - No_Selection
Target_SOC_ChargeSchedule2_Req	CAN Mapping	1909	Atlantis High	TBM_SCHEDULE_FD_1	TBM_External_ChargeTarget2	FD	Values 0-10 \n11 - Reserved \n12 - Reserved \n13 - Reserved \n14 - Reserved \n15 - No_Selection
TBM _Climate_CabinTemp1	CAN Mapping	1958	Atlantis High	CLIMATE_SCHEDULE_TBM	Climate_TBM_Cabin_Temp1	CAN-FD	See dbc for signal details and enumerations
TBM _Climate_CabinTemp1_Sts	CAN Mapping	1959	Atlantis High	CLIMATE_SCHEDULE_HCP1	Climate_Cabin_Temp1_Sts	CAN-FD	See dbc for signal details and enumerations
TBM _Climate_CabinTemp2	CAN Mapping	1960	Atlantis High	CLIMATE_SCHEDULE_TBM	Climate_TBM_Cabin_Temp2	CAN-FD	See dbc for signal details and enumerations
TBM _Climate_CabinTemp2_Sts	CAN Mapping	1961	Atlantis High	CLIMATE_SCHEDULE_HCP1	Climate_Cabin_Temp2_Sts	CAN-FD	See dbc for signal details and enumerations
TBM_Batt_CabinPriority1	CAN Mapping	1964	Atlantis High	TBM_SCHEDULE_FD_1	TBM_Batt_CabinPriority1		
TBM_Batt_CabinPriority2	CAN Mapping	1965	Atlantis High	TBM_SCHEDULE_FD_1	TBM_Batt_CabinPriority2		
TBM_Batt_CabinPriority3	CAN Mapping	1966	Atlantis High	TBM_SCHEDULE_FD_1	TBM_Batt_CabinPriority3		
TBM_ChargeNow	CAN Mapping	1967	Atlantis High	TBM_SCHEDULE_FD_1	TBM_Charge_Now	CAN_FD	0 = No_Charge\n1 = Charge_Now
TBM_ChargeSchedule_Type1_Req	CAN Mapping	1969	Atlantis High	TBM_SCHEDULE_FD_1	TBM_ChargeSchedule_Type1_Req	FD	0 - No_Selection \n1 - Standard Charge \n2 - External Charge \n3 - Reserved
TBM_ChargeSchedule_Type2_Req	CAN Mapping	1970	Atlantis High	TBM_SCHEDULE_FD_1	TBM_ChargeSchedule_Type2_Req	FD	0 - No_Selection \n1 - Standard Charge \n2 - External Charge \n3 - Reserved
TBM_ChargeUntilFull1	CAN Mapping	1971	Atlantis High	TBM_SCHEDULE_FD_1	TBM_ChargeUntilFull1		
TBM_ChargeUntilFull2	CAN Mapping	1972	Atlantis High	TBM_SCHEDULE_FD_1	TBM_ChargeUntilFull2		
TBM_ChargeUntilFull3	CAN Mapping	1973	Atlantis High	TBM_SCHEDULE_FD_1	TBM_ChargeUntilFull3		
TBM_ChargingPlug_Req	CAN Mapping	1974	Atlantis High	TBM_COOP_CHARGING	Remote_Chargeport_Command	FD	0=Default; 1=Lock Request; 2=Unlock Request; 3= Reserved
TBM_ChargingPlug_Sts	CAN Mapping	1975	Atlantis High	HCP_CHARGING_STAT	Chargeport_Lock_Status	FD	0 - Default\n1 - Locked\n2 - Unlocked\n3 - reserved
TBM_Climate_AllowClimateSchd1	CAN Mapping	1976	Atlantis High	CLIMATE_SCHEDULE_TBM	TBM_AllowClimateSchd1	CAN-FD	See dbc for signal details and enumerations
TBM_Climate_AllowClimateSchd1_Sts (see Usage Comment)	CAN Mapping	1977	Atlantis High	CLIMATE_SCHEDULE_HCP1	AllowClimateSchd1_Sts	CAN-FD	See dbc for signal details and enumerations
TBM_Climate_AllowClimateSchd2	CAN Mapping	1978	Atlantis High	CLIMATE_SCHEDULE_TBM	TBM_AllowClimateSchd2	CAN-FD	See dbc for signal details and enumerations
TBM_Climate_AllowClimateSchd2_Sts	CAN Mapping	1979	Atlantis High	CLIMATE_SCHEDULE_HCP1	AllowClimateSchd2_Sts	CAN-FD	See dbc for signal details and enumerations
TBM_Climate_Departure_Hr1	CAN Mapping	1980	Atlantis High	CLIMATE_SCHEDULE_TBM	TBM_ClimateSchd1_Departure_Hr	CAN-FD	See dbc for signal details and enumerations
TBM_Climate_Departure_Hr1_Sts	CAN Mapping	1981	Atlantis High	CLIMATE_SCHEDULE_HCP1	ClimateSchd1_Departure_Hr_Sts	CAN-FD	See dbc for signal details and enumerations
TBM_Climate_Departure_Hr2	CAN Mapping	1982	Atlantis High	CLIMATE_SCHEDULE_TBM	TBM_ClimateSchd2_Departure_Hr	CAN-FD	See dbc for signal details and enumerations
TBM_Climate_Departure_Hr2_Sts	CAN Mapping	1983	Atlantis High	CLIMATE_SCHEDULE_HCP1	ClimateSchd2_Departure_Hr_Sts	CAN-FD	See dbc for signal details and enumerations
TBM_Climate_Departure_Min1	CAN Mapping	1984	Atlantis High	CLIMATE_SCHEDULE_TBM	TBM_ClimateSchd1_Departure_Min	CAN-FD	See dbc for signal details and enumerations
TBM_Climate_Departure_Min1_Sts	CAN Mapping	1985	Atlantis High	CLIMATE_SCHEDULE_HCP1	ClimateSchd1_Departure_Min_Sts	CAN-FD	See dbc for signal details and enumerations
TBM_Climate_Departure_Min2	CAN Mapping	1986	Atlantis High	CLIMATE_SCHEDULE_TBM	TBM_ClimateSchd2_Departure_Min	CAN-FD	See dbc for signal details and enumerations
TBM_Climate_Departure_Min2_Sts	CAN Mapping	1987	Atlantis High	CLIMATE_SCHEDULE_HCP1	ClimateSchd2_Departure_Min_Sts	CAN-FD	See dbc for signal details and enumerations
TBM_Climate_Schedule_Day1	CAN Mapping	1988	Atlantis High	CLIMATE_SCHEDULE_TBM	TBM_ClimateSchd1_Day	CAN-FD	See dbc for signal details and enumerations
TBM_Climate_Schedule_Day1_Sts	CAN Mapping	1989	Atlantis High	CLIMATE_SCHEDULE_HCP1	ClimateSchd1_Day_Sts	CAN-FD	See dbc for signal details and enumerations
TBM_Climate_Schedule_Day2	CAN Mapping	1990	Atlantis High	CLIMATE_SCHEDULE_TBM	TBM_ClimateSchd2_Day	CAN-FD	See dbc for signal details and enumerations
TBM_Climate_Schedule_Day2_Sts	CAN Mapping	1991	Atlantis High	CLIMATE_SCHEDULE_HCP1	ClimateSchd2_Day_Sts	CAN-FD	See dbc for signal details and enumerations
TBM_CONFIDENCE_LEVEL	CAN Mapping	1992	Atlantis High	TBM_FD_1	SLI_CS_CONFIDENCE_LEVEL	FD	see dbc file
TBM_Cooperative_Charge_Command	CAN Mapping	1993	Atlantis High	TBM_COOP_CHARGING	TBM_Cooperative_Charge_Command	FD	0 - Default\n1 - Charge Now\n2 - Stop Charge\n3 - SNA\n
TBM_COUNTRY_CODE	CAN Mapping	1994	Atlantis High	TBM_FD_1	SLI_CS_COUNTRY_CODE	FD	see dbc file
TBM_Do_Not_Repeat1	CAN Mapping	1995	Atlantis High	TBM_SCHEDULE_FD_1	TBM_Do_Not_Repeat1		
TBM_Do_Not_Repeat2	CAN Mapping	1996	Atlantis High	TBM_SCHEDULE_FD_1	TBM_Do_Not_Repeat2		
TBM_Do_Not_Repeat3	CAN Mapping	1997	Atlantis High	TBM_SCHEDULE_FD_1	TBM_Do_Not_Repeat3		
TBM_Enable_Climate_Schedule1	CAN Mapping	1998	Atlantis High	CLIMATE_SCHEDULE_TBM	TBM_Enable_ClimateSchd1	CAN-FD	See dbc for signal details and enumerations
TBM_Enable_Climate_Schedule2	CAN Mapping	1999	Atlantis High	CLIMATE_SCHEDULE_TBM	TBM_Enable_ClimateSchd2	CAN-FD	See dbc for signal details and enumerations
TBM_Enable_Schedule1	CAN Mapping	2000	Atlantis High	TBM_SCHEDULE_FD_1	TBM_Enable_Schedule1		
TBM_Enable_Schedule2	CAN Mapping	2001	Atlantis High	TBM_SCHEDULE_FD_1	TBM_Enable_Schedule2		
TBM_Enable_Schedule3	CAN Mapping	2002	Atlantis High	TBM_SCHEDULE_FD_1	TBM_Enable_Schedule3		
TBM_End_Time_Hr1	CAN Mapping	2004	Atlantis High	TBM_SCHEDULE_FD_1	TBM_End_Time_Hr1		
TBM_End_Time_Hr2	CAN Mapping	2005	Atlantis High	TBM_SCHEDULE_FD_1	TBM_End_Time_Hr2		
TBM_End_Time_Hr3	CAN Mapping	2006	Atlantis High	TBM_SCHEDULE_FD_1	TBM_End_Time_Hr3		
TBM_End_Time_Min1	CAN Mapping	2007	Atlantis High	TBM_SCHEDULE_FD_1	TBM_End_Time_Min1		
TBM_End_Time_Min2	CAN Mapping	2008	Atlantis High	TBM_SCHEDULE_FD_1	TBM_End_Time_Min2		
TBM_End_Time_Min3	CAN Mapping	2009	Atlantis High	TBM_SCHEDULE_FD_1	TBM_End_Time_Min3		
TBM_FD_ROAD_TYPE	CAN Mapping	2010	Atlantis High	TBM_FD_1	SLI_CS_ROAD_TYPE	FD	see dbc file
TBM_Schedule_Day1	CAN Mapping	2011	Atlantis High	TBM_SCHEDULE_FD_1	TBM_Schedule_Day1		
TBM_Schedule_Day2	CAN Mapping	2012	Atlantis High	TBM_SCHEDULE_FD_1	TBM_Schedule_Day2		
TBM_Schedule_Day3	CAN Mapping	2013	Atlantis High	TBM_SCHEDULE_FD_1	TBM_Schedule_Day3		
TBM_SCHEDULE_DC_PwrLevRem_Req	CAN Mapping	2014	Atlantis High	TBM_SCHEDULE_FD_1	DC_PwrLev_Rem_Req	FD	see dbc
TBM_SCHEDULE_PowerLevel_Req	CAN Mapping	2015	Atlantis High	TBM_SCHEDULE_FD_1	TBM_PowerLevel_Req	CAN-FD	See dbc for signal details and enumerations
TBM_SCHEDULE_SOC_Max_Lev_Rem_Req	CAN Mapping	2016	Atlantis High	TBM_SCHEDULE_FD_1	SOC_Max_Lev_Rem_Req	FD	see dbc
TBM_Schedule_Type1	CAN Mapping	2017	Atlantis High	TBM_SCHEDULE_FD_1	TBM_Schedule_Type1		
TBM_Schedule_Type2	CAN Mapping	2018	Atlantis High	TBM_SCHEDULE_FD_1	TBM_Schedule_Type2		
TBM_Schedule_Type3	CAN Mapping	2019	Atlantis High	TBM_SCHEDULE_FD_1	TBM_Schedule_Type3		
TBM_SpaaK_Comm	CAN Mapping	2020	Atlantis High	TBM_SpaaK_Comm	TBM_Spaak_Comm_Sig	FD	See dbc
TBM_SPEED_LIMIT	CAN Mapping	2021	Atlantis High	TBM_FD_1	SLI_CS_SPEED_LIMIT	FD	see dbc file
TBM_Start_Time_Hr1	CAN Mapping	2022	Atlantis High	TBM_SCHEDULE_FD_1	TBM_Start_Time_Hr1		
TBM_Start_Time_Hr2	CAN Mapping	2023	Atlantis High	TBM_SCHEDULE_FD_1	TBM_Start_Time_Hr2		
TBM_Start_Time_Hr3	CAN Mapping	2024	Atlantis High	TBM_SCHEDULE_FD_1	TBM_Start_Time_Hr3		
TBM_Start_Time_Min1	CAN Mapping	2025	Atlantis High	TBM_SCHEDULE_FD_1	TBM_Start_Time_Min1		
TBM_Start_Time_Min2	CAN Mapping	2026	Atlantis High	TBM_SCHEDULE_FD_1	TBM_Start_Time_Min2		
TBM_Start_Time_Min3	CAN Mapping	2027	Atlantis High	TBM_SCHEDULE_FD_1	TBM_Start_Time_Min3		
TBM_StopCharge	CAN Mapping	2028	Atlantis High	TBM_COOP_CHARGING	TBM_StopCharge	FD	0=No Charge; 1=Stop Charge
TBM_Submit_Climate_Schedule1	CAN Mapping	2031	Atlantis High	CLIMATE_SCHEDULE_TBM	TBM_Submit_ClimateSchd1	CAN-FD	See dbc for signal details and enumerations
TBM_Submit_Climate_Schedule2	CAN Mapping	2032	Atlantis High	CLIMATE_SCHEDULE_TBM	TBM_Submit_ClimateSchd2	CAN-FD	See dbc for signal details and enumerations
TBM_Submit_Schedule1	CAN Mapping	2033	Atlantis High	TBM_SCHEDULE_FD_1	TBM_Submit_Schedule1		
TBM_Submit_Schedule2	CAN Mapping	2034	Atlantis High	TBM_SCHEDULE_FD_1	TBM_Submit_Schedule2		
TBM_Submit_Schedule3	CAN Mapping	2035	Atlantis High	TBM_SCHEDULE_FD_1	TBM_Submit_Schedule3		
TBMMuteRq	CAN Mapping	2048	Atlantis High	TBM_FD_1	Audio_MuteRq	FD	1 bit signal
TBMupdate	CAN Mapping	2049	Atlantis High	TBM_FD_2	TBM_REFLASH	FD	0 = No Updates Ready\n1 = Updates Ready for Install\n2 = Forced_Update\n3 = Update_Start\n4 = Update_End\n5 = Update_Fail\n7 = SNA\n\n0=No_Update\n1=Update_Avaiable\n2=Update_Start\n3=Update_End\n4=Forced_Update\n5=Update_Fail\n6=Silent_Update
TBMupdate	CAN Mapping	2049	Atlantis High	TBM_FD_1	UpdateSts		0 = No Updates Ready\n1 = Updates Ready for Install\n2 = Forced_Update\n3 = Update_Start\n4 = Update_End\n5 = Update_Fail\n7 = SNA\n\n0=No_Update\n1=Update_Avaiable\n2=Update_Start\n3=Update_End\n4=Forced_Update\n5=Update_Fail\n6=Silent_Update
Tcase2WD_Stat	CAN Mapping	2050	Atlantis High	DRIVETRAIN_FD_3	Tcase2WD_Stat	FD	See dbc
Tcase4Lock	CAN Mapping	2053	Atlantis High	DRIVETRAIN_FD_3	Tcase4Lock	FD	See dbc
Tcase4Low	CAN Mapping	2056	Atlantis High	DRIVETRAIN_FD_2	TerSt_SWITCH2	FD	See dbc
Tcase4Low	CAN Mapping	2057	Atlantis High	DRIVETRAIN_FD_3	TCASERANGESTATUS	FD	0 = HIGH\n1 = NTRL\n2 = LOW\n3 = SNA
TcaseAWD	CAN Mapping	2058	Atlantis High	DRIVETRAIN_FD_3	TcaseAWD	FD	See dbc
TcaseNtrlStat	CAN Mapping	2064	Atlantis High	DRIVETRAIN_FD_2	TerSt_SWITCH1	FD	See dbc
TCASERANGESTATUS	CAN Mapping	2066	Atlantis High	DRIVETRAIN_FD_3	TCASERANGESTATUS	FD	See dbc
Telematic_Power	CAN Mapping	2069	Atlantis High	TELEMATIC_FD_4	PowerSts_Telematic	CAN_FD	0=Sleep\n1=Standby\n2=Timed\n3=Idle\n4=Full_Operation\n5=Logistic_On\n6=Bench\n7=Partial_Operation\n
Telematic_Power	CAN Mapping	2069	Atlantis High	STATUS_TELEMATIC	PowerSts_Telematic	CAN-BH	0=Sleep\n1=Standby\n2=Timed\n3=Idle\n4=Full_Operation\n5=Logistic_On\n6=Bench\n7=Partial_Operation\n
TemperatureUnit	CAN Mapping	2070	Atlantis High	IPC_VEHICLE_SETUP	Temp_Unit	FD	0 = °C\n1 = °F
TerrainModeDesiredStat	CAN Mapping	2074	Atlantis High	ENGINE_FD_6	TerrainModeStat_ECM	CAN_FD	
TerrainModeDesiredStat	CAN Mapping	2074	Atlantis High	GW_B_4	TerrainModeStat_ECM	CAN-BH	
TerrainModeDesiredStat	CAN Mapping	2074	Atlantis High	GW_B_4	TerrainModeStat_VDCM		
TerrainModeDesiredStat_ECM_CBC	CAN Mapping	2075	Atlantis High	ENGINE_FD_6	TerrainModeDesiredStat	FD	See dbc
TerrainModeStat_ECM_CBC	CAN Mapping	2077	Atlantis High		pending	FD	
TerrainModeStatus	CAN Mapping	2078	Atlantis High	DRIVETRAIN_FD_2	TerMdStat	FD	Atlantis\n4 bit signal\n0 = AUTO\n2 = ROCK\n4 = SNOW\n8 = SPORT\n9 = MUD_SAND\n10 = MUD\n11 = SAND\n15 = SNA
TGW_DISP_STAT	CAN Mapping	2084	Atlantis High	TELEMATIC_DISPLAY2	TGW_DISP_STATSts	CAN-B	CAN-BH:\n0=Display_off\n1= Diplay_closed\n2=Normal_mode\n3=DVD_menu\n4=DVD_Setup\n5=DVD_display\n6=Mode_select_display\n7=Rear_Camera_Display\n8=On_blanked_screen\n9=Splashscreen_Display\nA=Rear Entertainment HMI\nB=Rear Entertainment Full Screen Video\nC=DTV Program Display\nD= DTV fullscreen Video Display\nE=DTV Camera Video Display\nF= SNA\n
TGW_DISP_STAT	CAN Mapping	2084	Atlantis High	TELEMATIC_FD_4	TGW_DISP_STATSts	CAN-FD	CAN-BH:\n0=Display_off\n1= Diplay_closed\n2=Normal_mode\n3=DVD_menu\n4=DVD_Setup\n5=DVD_display\n6=Mode_select_display\n7=Rear_Camera_Display\n8=On_blanked_screen\n9=Splashscreen_Display\nA=Rear Entertainment HMI\nB=Rear Entertainment Full Screen Video\nC=DTV Program Display\nD= DTV fullscreen Video Display\nE=DTV Camera Video Display\nF= SNA\n
TGW_FPDM_DISP_STAT	CAN Mapping	2085	Atlantis High	RADIO_B2	TGW_FPDM_DISP_STATSts	CAN-B	0 = OFF\n1 = ON\n2 = BLANK\n3 = DISP_HOT\n7 = SNA
TGW_JUMP_FUNC	CAN Mapping	2086	Atlantis High	TELEMATIC_FD_12	TGW_JUMP_FUNC	FD	24 bit signal\n\nSee CFTS requirements for details
TGW_JUMP_FUNC_HVAC	CAN Mapping	2087	Atlantis High	TELEMATIC_CLIMATE_SETUP	HVACJumpVAL	B-CAN	7 bit signal
TGW_PT_CAB_DR	CAN Mapping	2090	Atlantis High		TGW_PT_CAB_DRSts	CAN-B	0= None \n1= HU function request apply to cabin mode 
TGW_PT_CAB_DR	CAN Mapping	2091	Atlantis High		TGW_PT_CAB_DRSts	CAN-B	0= None \n1= HU function request apply to cabin mode 
TGW_RQ_FUNC_HVAC	CAN Mapping	2093	Atlantis High	TELEMATIC_CLIMATE_SETUP	HVACFunc_Req	B-CAN	0 = No Function\n1 = FTDRVTemp_Inc\n2 = FTDRVTemp_Dec\n3 = FTDRVTemp_JUMP\n4 = FTPSNTemp_Inc\n5 = FTPSNTemp_Dec\n6 = FTPSNTemp_JUMP\n7 = RRTemp_DRV_Inc\n8 = RRTemp_DRV_Dec\n9 = RRTemp_DRV_JUMP\n10 = FTBlw_Inc\n11 = FTBlw_Dec\n12 = FTBlw_JUMP\n13 = RRBlw_Inc\n14 = RRBlw_Dec\n15 = RRBlw_JUMP\n16 = RRTemp_PAS_Inc\n17 = RRTemp_PAS_Dec\n18  = RRTemp_PAS_JUMP\n31 = SNA
TGW_RQ_FUNC_R_HVAC	CAN Mapping	2095	Atlantis High		New		
TGW_RQ_FUNC_R_HVAC	CAN Mapping	2095	Atlantis High		being		
TGW_RQ_FUNC_R_HVAC	CAN Mapping	2095	Atlantis High		created		
TGW_RQ_FUNC_R_HVAC_VRM	CAN Mapping	2098	Atlantis High	VRM_FD_1	TGW_RQ_FUNC_R_HVAC_VRM		
TGW_RQ1	CAN Mapping	2099	Atlantis High		TGW_Rq1Sts	CAN-B	0= no function request\n1= ...\nSee CCM function reference tables for all values up to 254
TGW_RQ2	CAN Mapping	2100	Atlantis High	TELEMATIC_FD_5	TGW_Rq2Sts		0= no function request\n1= ...\nSee CCM function reference tables for all values up to 254
TGW_RSP	CAN Mapping	2102	Atlantis High	TELEMATIC_FD_12	TGW_RSP	FD	8 bit signal\n\nSee CFTS requirements for details\n0 = No_FUNC_RQ\n255 = SNA\n
TheftAlarm	CAN Mapping	2104	Atlantis High	BCM_FD_9	TheftAlarmStatus	FD	ATLANTIS\n3 bit signal\n0 = VTA_DISARM\n1 = VTA_PREARM\n2 = VTA_ARM\n3 = VTA_LGT\n4 = VTA_LGT_HORN\n5 = VTA_TAMP\n6 = VTA_ITM_Alarm\n7 = SNA
ThreeDSurr_MDSts	CAN Mapping	2105	Atlantis High	RADIO_B7	ThreeDSurr_MDSts	CAN-B	"""0x0 OFF \n0x1 2D \n0x2 3D"""
TimeToCharge	CAN Mapping	2106	Atlantis High	TELEMATIC_FD_15	TimeToCharge	CAN-FD	0 : No Information available\n255 : No Charging Destination
Tire_Pressure_Stat	CAN Mapping	2107	Atlantis High	IPC_FD_3	TIRE_PRESSURE_STAT	FD	0 = Off\n1 = On\n2 = Blinking\n3 = SNA
TireFL	CAN Mapping	2108	Atlantis High	BRAKE_FD_5	TyreInflationState_LHF_Tyre	FD	2 bit signal\n0=Normal_Tyre_Pressure\n1=Under_Inflated_Tyre\n2=Significantly_Under_Inflated_Tyre\n3=Over_Inflated_Tyre
TireFR	CAN Mapping	2109	Atlantis High	BRAKE_FD_5	TyreInflationState_RHF_Tyre	FD	2 bit signal\n0=Normal_Tyre_Pressure\n1=Under_Inflated_Tyre\n2=Significantly_Under_Inflated_Tyre\n3=Over_Inflated_Tyre
TirePressFL	CAN Mapping	2110	Atlantis High	RFHUB_FD_3	PressureValue_LHF_Tyre	FD	ATLANTIS\n6 bit signal\n0 .7 - 7\nOffset = 0.7 bar\nResolution = 0.1 bar
TirePressFR	CAN Mapping	2111	Atlantis High	RFHUB_FD_3	PressureValue_RHF_Tyre	FD	ATLANTIS\n6 bit signal\n0 .7 - 7\nOffset = 0.7 bar\nResolution = 0.1 bar
TirePressRL	CAN Mapping	2112	Atlantis High	RFHUB_FD_3	PressureValue_LHR_Tyre	FD	ATLANTIS\n6 bit signal\n0 .7 - 7\nOffset = 0.7 bar\nResolution = 0.1 bar
TirePressRR	CAN Mapping	2113	Atlantis High	RFHUB_FD_3	PressureValue_RHR_Tyre	FD	ATLANTIS\n6 bit signal\n0 .7 - 7\nOffset = 0.7 bar\nResolution = 0.1 bar
TirePressure5	CAN Mapping	2114	Atlantis(&High)		TRUCKS		NA
TirePressure6	CAN Mapping	2115	Atlantis(&High)		TRUCKS		N/A
TireRL	CAN Mapping	2116	Atlantis High	BRAKE_FD_5	TyreInflationState_LHR_Tyre	FD	2 bit signal\n0=Normal_Tyre_Pressure\n1=Under_Inflated_Tyre\n2=Significantly_Under_Inflated_Tyre\n3=Over_Inflated_Tyre
TireRR	CAN Mapping	2117	Atlantis High	BRAKE_FD_5	TyreInflationState_RHR_Tyre	FD	2 bit signal\n0=Normal_Tyre_Pressure\n1=Under_Inflated_Tyre\n2=Significantly_Under_Inflated_Tyre\n3=Over_Inflated_Tyre
TLM_MANAGED_TIME_DATE_Day	CAN Mapping	2118	Atlantis(&High)	TLM_MANAGED_TIME_DATE	Day1_TLM_Master	CAN-B	4 bits each\n0 to 9 (digit 1)\n0 to 9 (digit 2)
TLM_MANAGED_TIME_DATE_Day	CAN Mapping	2118	Atlantis(&High)	TLM_MANAGED_TIME_DATE	Day2_TLM_Master		4 bits each\n0 to 9 (digit 1)\n0 to 9 (digit 2)
TLM_MANAGED_TIME_DATE_Hour	CAN Mapping	2119	Atlantis(&High)	TLM_MANAGED_TIME_DATE	Hour1_TLM_Master	CAN-B	4 bits each\n0 to 9 (digit 1)\n0 to 9 (digit 2)
TLM_MANAGED_TIME_DATE_Hour	CAN Mapping	2119	Atlantis(&High)	TLM_MANAGED_TIME_DATE	Hour2_TLM_Master		4 bits each\n0 to 9 (digit 1)\n0 to 9 (digit 2)
TLM_MANAGED_TIME_DATE_Minute	CAN Mapping	2120	Atlantis(&High)	TLM_MANAGED_TIME_DATE	Minute1_TLM_Master	CAN-B	4 bits each\n0 to 9 (digit 1)\n0 to 9 (digit 2)
TLM_MANAGED_TIME_DATE_Minute	CAN Mapping	2120	Atlantis(&High)	TLM_MANAGED_TIME_DATE	Minute2_TLM_Master		4 bits each\n0 to 9 (digit 1)\n0 to 9 (digit 2)
TLM_MANAGED_TIME_DATE_Month	CAN Mapping	2121	Atlantis(&High)	TLM_MANAGED_TIME_DATE	Month1_TLM_Master	CAN-B	4 bits each\n0 to 9 (digit 1)\n0 to 9 (digit 2)
TLM_MANAGED_TIME_DATE_Month	CAN Mapping	2121	Atlantis(&High)	TLM_MANAGED_TIME_DATE	Month2_TLM_Master		4 bits each\n0 to 9 (digit 1)\n0 to 9 (digit 2)
TLM_MANAGED_TIME_DATE_Year	CAN Mapping	2122	Atlantis(&High)	TLM_MANAGED_TIME_DATE	Year1_TLM_Master	CAN-B	4 bits each\n0 to 9 (digit 1)\n0 to 9 (digit 2)\n0 to 9 (digit 3)\n0 to 9 (digit 4)
TLM_MANAGED_TIME_DATE_Year	CAN Mapping	2122	Atlantis(&High)	TLM_MANAGED_TIME_DATE	Year2_TLM_Master		4 bits each\n0 to 9 (digit 1)\n0 to 9 (digit 2)\n0 to 9 (digit 3)\n0 to 9 (digit 4)
TLM_MANAGED_TIME_DATE_Year	CAN Mapping	2122	Atlantis(&High)	TLM_MANAGED_TIME_DATE	Year3_TLM_Master		4 bits each\n0 to 9 (digit 1)\n0 to 9 (digit 2)\n0 to 9 (digit 3)\n0 to 9 (digit 4)
TLM_MANAGED_TIME_DATE_Year	CAN Mapping	2122	Atlantis(&High)	TLM_MANAGED_TIME_DATE	Year4_TLM_Master		4 bits each\n0 to 9 (digit 1)\n0 to 9 (digit 2)\n0 to 9 (digit 3)\n0 to 9 (digit 4)
ToneBAL	CAN Mapping	2123	Atlantis High	CTRL_AMP	BAL_LVLSts	CAN-B	5 bit signal\n\nSee .dbc for value enumerations
ToneBASS	CAN Mapping	2124	Atlantis High	CTRL_AMP	BASS_LVLSts	CAN-B	5 bit signal\n\nSee .dbc for value enumerations
ToneFADE	CAN Mapping	2125	Atlantis High	CTRL_AMP	FD_LVLSts	CAN-B	5 bit signal\n\nSee .dbc for value enumerations
ToneMID	CAN Mapping	2126	Atlantis High	CTRL_AMP	MID_LVLSts	CAN-B	5 bit signal\n\nSee .dbc for value enumerations
ToneTREB	CAN Mapping	2127	Atlantis High	CTRL_AMP	TREB_LVLSts	CAN-B	5 bit signal\n\nSee .dbc for value enumerations
Torque	CAN Mapping	2128	Atlantis High	PT_TORQUE_FD_1	SumTorqueStatic	FD	
Total_AxleTorque_Max	CAN Mapping	2132	Atlantis High	AXLE_TORQUE_FD_1	Total_AxleTorque_Max	FD	See dbc
Total_AxleTorque_Min	CAN Mapping	2133	Atlantis High	AXLE_TORQUE_FD_1	Total_AxleTorque_Min	FD	See dbc
Total_AxleTorque_Static	CAN Mapping	2134	Atlantis High	PT_TORQUE_FD_1	Total_AxleTorque_Static	FD	See dbc
Total_Battery_Capacity	CAN Mapping	2135	Atlantis High	HCP_CHARGING_STAT	Total_Battery_Capacity	FD	n/a
Total_Range	CAN Mapping	2136	Atlantis High	IPC_FD_13	Total_Range	FD	Atlantis\n11 bit signal\n0 - 2047 km\nresolution = 1 km
Total_Range	CAN Mapping	2136	Atlantis High	VDCM_HMI	EstRange		Atlantis\n11 bit signal\n0 - 2047 km\nresolution = 1 km
Total_Range	CAN Mapping	2136	Atlantis High	IPC_FD_13	Gas_Range		Atlantis\n11 bit signal\n0 - 2047 km\nresolution = 1 km
Total_Range	CAN Mapping	2136	Atlantis High	IPC_FD_5	Est_Range_Disp_Long		Atlantis\n11 bit signal\n0 - 2047 km\nresolution = 1 km
Touchscreen_ICS	CAN Mapping	2137	Atlantis High	Radio_B4	AudibleTouchscreenFeedback	CAN-BH	0=disabled\n1=enabled
TOW_HAUL_STAT	CAN Mapping	2138	Atlantis High	IPC_FD_3	TOW_HAUL_STAT	Seed dbc	See dbc
TPM_Prog_Not_Complete	CAN Mapping	2139	Atlantis High	TPM_A6	TPM_Prog_Not_Complete		
TPM_Programming_Complete	CAN Mapping	2140	Atlantis High	TPM_A6	TPM_Programming_Complete		
TPMLearnHornChirp	CAN Mapping	2141	Atlantis High	TPM_A6	TPMLearnHornChirp		
TPMSensor_Programmed	CAN Mapping	2142	Atlantis High	TPM_A6	TPMSensor_Programmed		
TPMServiceWarningStatus	CAN Mapping	2143	Atlantis High	STATUS_CCAN6	InflationState_LHF_Tyre	CAN-B	ATLANTIS\n2 bit signal (InflationState_XXX_Tyre)\n0 = Normal_Tyre_Pressure\n1 = Under_Inflated_Tyre\n2 = SignificantlyUnderInflatedTyre\n3 = Over_Inflated_Tyre\n4 = Sensor_Missing\n\n1 bit signal  (TyrePressureSystemFailSts)\n0 = Fail not present\n1 = Fail  present
TPMServiceWarningStatus	CAN Mapping	2143	Atlantis High	STATUS_CCAN6	InflationState_RHF_Tyre		ATLANTIS\n2 bit signal (InflationState_XXX_Tyre)\n0 = Normal_Tyre_Pressure\n1 = Under_Inflated_Tyre\n2 = SignificantlyUnderInflatedTyre\n3 = Over_Inflated_Tyre\n4 = Sensor_Missing\n\n1 bit signal  (TyrePressureSystemFailSts)\n0 = Fail not present\n1 = Fail  present
TPMServiceWarningStatus	CAN Mapping	2143	Atlantis High	STATUS_CCAN6	InflationState_LHR_Tyre		ATLANTIS\n2 bit signal (InflationState_XXX_Tyre)\n0 = Normal_Tyre_Pressure\n1 = Under_Inflated_Tyre\n2 = SignificantlyUnderInflatedTyre\n3 = Over_Inflated_Tyre\n4 = Sensor_Missing\n\n1 bit signal  (TyrePressureSystemFailSts)\n0 = Fail not present\n1 = Fail  present
TPMServiceWarningStatus	CAN Mapping	2143	Atlantis High	STATUS_CCAN6	InflationState_RHR_Tyre		ATLANTIS\n2 bit signal (InflationState_XXX_Tyre)\n0 = Normal_Tyre_Pressure\n1 = Under_Inflated_Tyre\n2 = SignificantlyUnderInflatedTyre\n3 = Over_Inflated_Tyre\n4 = Sensor_Missing\n\n1 bit signal  (TyrePressureSystemFailSts)\n0 = Fail not present\n1 = Fail  present
TPMServiceWarningStatus	CAN Mapping	2143	Atlantis High	STATUS_CCAN6	TyrePressureSystemFailSts		ATLANTIS\n2 bit signal (InflationState_XXX_Tyre)\n0 = Normal_Tyre_Pressure\n1 = Under_Inflated_Tyre\n2 = SignificantlyUnderInflatedTyre\n3 = Over_Inflated_Tyre\n4 = Sensor_Missing\n\n1 bit signal  (TyrePressureSystemFailSts)\n0 = Fail not present\n1 = Fail  present
TPMServiceWarningStatus2	CAN Mapping	2144	Atlantis High	RFHUB_FD_3	InflationState_LHF_Tyre		
TPMServiceWarningStatus2	CAN Mapping	2144	Atlantis High	RFHUB_FD_3	InflationState_RHF_Tyre		
TPMServiceWarningStatus2	CAN Mapping	2144	Atlantis High	RFHUB_FD_3	InflationState_RHR_Tyre		
TPMServiceWarningStatus2	CAN Mapping	2144	Atlantis High	RFHUB_FD_3	InflationState_LHR_Tyre		
TRAC_PSD	CAN Mapping	2145	Atlantis High	BCM_FD_12	TRAC_PSD	FD	0 = NOT_PRESSED\n1 = PRESSED
Trailer_Configured	CAN Mapping	2146	Atlantis High	TPM_A6	Trailer_Configured		
Trailer_Gain_Down_Req	CAN Mapping	2147	Atlantis High	TELEMATIC_FD_11	HU_Iterate_Gain_Down	FD	ATLANTIS\n1 bit signal\n0 =Not_Pressed\n1 = Pressed
Trailer_Gain_Up_Req	CAN Mapping	2148	Atlantis High	TELEMATIC_FD_11	HU_Iterate_Gain_Up	FD	ATLANTIS\n1 bit signal\n0 =Not_Pressed\n1 = Pressed
Trailer_Not_Configured	CAN Mapping	2149	Atlantis High	TPM_A6	Trailer_Not_Configured		
TrailerBrake	CAN Mapping	2150	Atlantis High	BCM_FD_29	ITBM_OP_PWR	Seed dbc	See dbc
TrailerConnectedSts	CAN Mapping	2152	Atlantis High	BCM_FD_27	TrailerConnectionSts	FD	0=Not_Connected\n1=Connected\n2=Not_Used\n3=SNA
TrailerLightCheck	CAN Mapping	2154	Atlantis High	TBM_FD_1	UCONREQ_TBM_TrailerLightCheck	Seed dbc	See dbc
TrailerLightCheckAutoActivation	CAN Mapping	2155	Atlantis High		pending	FD	
TrailerNumber	CAN Mapping	2156	Atlantis High	BCM_FD_29	SelTrlrNum	Seed dbc	See dbc
TrailerOdometer	CAN Mapping	2157	Atlantis High	BCM_FD_29	TrlrTripDist	See dbc	See dbc
TrailerStyle	CAN Mapping	2158	Atlantis High	BCM_FD_29	SelTrlrStyle	Seed dbc	See dbc
TrailerTirePress1	CAN Mapping	2159	Atlantis High	TPM_A4	TrailerTirePress1	Seed dbc	See dbc
TrailerTirePress10	CAN Mapping	2160	Atlantis High	TPM_A5	TrailerTirePress10	Seed dbc	See dbc
TrailerTirePress11	CAN Mapping	2161	Atlantis High	TPM_A5	TrailerTirePress11	Seed dbc	See dbc
TrailerTirePress12	CAN Mapping	2162	Atlantis High	TPM_A5	TrailerTirePress12	Seed dbc	See dbc
TrailerTirePress2	CAN Mapping	2163	Atlantis High	TPM_A4	TrailerTirePress2	Seed dbc	See dbc
TrailerTirePress3	CAN Mapping	2164	Atlantis High	TPM_A4	TrailerTirePress3	Seed dbc	See dbc
TrailerTirePress4	CAN Mapping	2165	Atlantis High	TPM_A4	TrailerTirePress4	Seed dbc	See dbc
TrailerTirePress5	CAN Mapping	2166	Atlantis High	TPM_A4	TrailerTirePress5	Seed dbc	See dbc
TrailerTirePress6	CAN Mapping	2167	Atlantis High	TPM_A4	TrailerTirePress6	Seed dbc	See dbc
TrailerTirePress7	CAN Mapping	2168	Atlantis High	TPM_A5	TrailerTirePress7	Seed dbc	See dbc
TrailerTirePress8	CAN Mapping	2169	Atlantis High	TPM_A5	TrailerTirePress8	Seed dbc	See dbc
TrailerTirePress9	CAN Mapping	2170	Atlantis High	TPM_A5	TrailerTirePress9	Seed dbc	See dbc
Trans_DrvMd_CfgSts	CAN Mapping	2171	Atlantis High	ENGINE_FD_6	Trns_DrvMd_CfgSts_ECM	FD	See dbc
"TransferCaseStatus
TCASE_STAT"	CAN Mapping	2172	Atlantis High	DRIVETRAIN_FD_1	AWDSysStat	FD	0 = SH_IPG\n1 = 4LO\n2 = 4HI\n3 = 2WD\n4 = NEUTRAL\n5 = SYNC_IPG\n6 = 4WDLock\n7 = SNA
TransmissionType	CAN Mapping	2173	Atlantis High	TRANSM_FD_4	ShiftModeSts	FD	ATLANTIS\n1 bit signal\n0 = Manual\n1 = Automatic
TransmissionWarnings	CAN Mapping	2174	Atlantis High	TRANSM_FD_4	TransmissionWarnings	FD	0 = None\n1 thru 62 = Warn 1 thru Warn 62
TransOverTemp	CAN Mapping	2175	Atlantis High	TRANSM_FD_4	OilTemperatureSts	FD	ATLANTIS\n1 bit signal\n0 = Normal\n1 = High
TravelingTimeAPlus_Hour	CAN Mapping	2176	Atlantis High	Trip_A	TravelingTimeAPlus_Hour	CAN-B	10 bits\n1 bit = 1 hour
TravelingTimeAPlus_Minute	CAN Mapping	2177	Atlantis High	Trip_A	TravelingTimeAPlus_Minute	CAN-B	6 bits\n1 bit = 1 minute
TrboBstPress	CAN Mapping	2178	Atlantis High	ENGINE_FD_DIESEL	TrboBstPress		
Trip_Hours	CAN Mapping	2179	Atlantis High	TELEMATIC_FD_15	ETA_Hour	FD	8 bit signal\n\nUnits are Hours\nOffset = 0\nFactor = 1\nRange is 0 to 23\n\n255 = SNA
Trip_Minutes	CAN Mapping	2180	Atlantis High	TELEMATIC_FD_15	ETA_Minutes	FD	8 bit signal\n\nUnits are min\nOffset = 0\nFactor = 1\nRange is 0 to 59\n\n255 = SNA
Trip_RemHours	CAN Mapping	2181	Atlantis High	TELEMATIC_FD_15	RemTmHours	FD	8 bit signal\n\nUnits are Hours\nOffset = 0\nFactor = 1\nRange is 0 to 254\n\n255 = SNA
Trip_RemMinutes	CAN Mapping	2182	Atlantis High	TELEMATIC_FD_15	RemTmMinutes	FD	8 bit signal\n\nUnits are min\nOffset = 0\nFactor = 1\nRange is 0 to 59\n\n255 = SNA
TrlrLgtChkSts	CAN Mapping	2184	Atlantis High	BCM_FD_29	Trailer_Light_Check_Status	See dbc	See dbc
TrlrStyle_1	CAN Mapping	2185	Atlantis High	ITBM_A2	TrlrStyle_1		
TrlrStyle_1	CAN Mapping	2185	Atlantis High	BCM_FD_29	TrlrStyle_1		
TrlrStyle_2	CAN Mapping	2186	Atlantis High	ITBM_A2	TrlrStyle_2		
TrlrStyle_2	CAN Mapping	2186	Atlantis High	BCM_FD_29	TrlrStyle_2		
TrlrStyle_3	CAN Mapping	2187	Atlantis High	ITBM_A2	TrlrStyle_3		
TrlrStyle_3	CAN Mapping	2187	Atlantis High	BCM_FD_29	TrlrStyle_3		
TrlrStyle_4	CAN Mapping	2188	Atlantis High	ITBM_A2	TrlrStyle_4		
TrlrStyle_4	CAN Mapping	2188	Atlantis High	BCM_FD_29	TrlrStyle_4		
TrlTire10Stat	CAN Mapping	2189	Atlantis High	TPM_A5	TrlTire10_Stat	Seed dbc	See dbc
TrlTire11Stat	CAN Mapping	2190	Atlantis High	TPM_A5	TrlTire11_Stat	Seed dbc	See dbc
TrlTire12Stat	CAN Mapping	2191	Atlantis High	TPM_A5	TrlTire12_Stat	Seed dbc	See dbc
TrlTire1Stat	CAN Mapping	2192	Atlantis High	TPM_A4	TrlTire1_Stat	Seed dbc	See dbc
TrlTire2Stat	CAN Mapping	2193	Atlantis High	TPM_A4	TrlTire2_Stat	Seed dbc	See dbc
TrlTire3Stat	CAN Mapping	2194	Atlantis High	TPM_A4	TrlTire3_Stat	Seed dbc	See dbc
TrlTire4Stat	CAN Mapping	2195	Atlantis High	TPM_A4	TrlTire4_Stat	Seed dbc	See dbc
TrlTire5Stat	CAN Mapping	2196	Atlantis High	TPM_A4	TrlTire5_Stat	Seed dbc	See dbc
TrlTire6Stat	CAN Mapping	2197	Atlantis High	TPM_A4	TrlTire6_Stat	Seed dbc	See dbc
TrlTire7Stat	CAN Mapping	2198	Atlantis High	TPM_A5	TrlTire7_Stat	Seed dbc	See dbc
TrlTire8Stat	CAN Mapping	2199	Atlantis High	TPM_A5	TrlTire8_Stat	Seed dbc	See dbc
TrlTire9Stat	CAN Mapping	2200	Atlantis High	TPM_A5	TrlTire9_Stat	Seed dbc	See dbc
TrlTPMSetPress	CAN Mapping	2201	Atlantis High	Radio_A4	TrlTPMSetPress		
TrlTPMSetPress_TTPM	CAN Mapping	2202	Atlantis High	TPM_A6	TrlTPMSetPress_TTPM		
Trns_DrvMdReq	CAN Mapping	2203	Atlantis High	TELEMATIC_FD_14	Trns_DrvMdReq	FD	See dbc
TRSC_STAT	CAN Mapping	2204	Atlantis High	TRSCM_FD_1	TRSC_STAT	FD	ATLANTIS\n3 bits signal\n0 Standby\n1 Calibrating\n2 PreActive\n3 Active\n7 SNA
TRSCEnable_Req	CAN Mapping	2205	Atlantis High	TELEMATIC_FD_11	TRSC_EnableBtn_Sts	FD	ATLANTIS\n1 bit signal\n0 =Not_Pressed\n1 = Pressed
TSI_Unit	CAN Mapping	2206	Atlantis High	IPC_VEHICLE_SETUP	Speed_Unit		
TSRSts	CAN Mapping	2207	Atlantis High	ADAS_FD_INFO2	TSRSts	FD	0 = Not_Active\n1 = Active\n2 = Blinded\n3 = Fault
TuningMode	CAN Mapping	2208	Atlantis High	RADIO_B7	TuningMode	CAN-B	0x0 Default\n0x1 Enhanced_Bass
Tunnel_CS	CAN Mapping	2209	Atlantis(&High)	SEGMENT	ADAS_Seg_Tunnel	CAN-B	
TurnInd_LT_ON	CAN Mapping	2210	Atlantis High	BCM_FD_9	LHTurnSignalSts	FD	ATLANTIS\n1 bit signal (LHTurnSignalSts)\n0 = Off\n1 = ON
TurnInd_ON	CAN Mapping	2211	Atlantis(&High)	STATUS_BH_BCM2	TurnIndicationSts	CAN-BH	0 = Center\n1 = Right\n2 = Left\n3 = SNA
TurnInd_RT_ON	CAN Mapping	2212	Atlantis High	BCM_FD_9	RHTurnSignalSts	FD	ATLANTIS\n1 bit signal (LHTurnSignalSts)\n0 = Off\n1 = ON
TurtleModeSts	CAN Mapping	2213	Atlantis High	PT_SYSTEM_FD_1	TurtleModeSts_PT	FD	See dbc
TurtleModeSts	CAN Mapping	2214	Atlantis High	VDCM_PWT	TurtleModeSts		
TX_TEMP	CAN Mapping	2215	Atlantis High	TRANSM_FD_2	TransmissionTemperatureFailSts	FD	Atlantis\n1 bit signal\n0 = Fail_Not_Present\n1 = Fail_Present
TX_TEMP	CAN Mapping	2216	Atlantis High	TRANSM_FD_2	TransmissionTemperature	FD	ATLANTIS\n 6 bit signal\nresolution = 3 deg C
UbssBlindRQSts	CAN Mapping	2219	Atlantis(&High)	STATUS_UBSS_BH	Ubss_Blind_RQSts	CAN-BH	0 = No_Sensor_Blocked_Request\n1 = Sensor_Blocked_Request\n
UbssOPRStatSts	CAN Mapping	2220	Atlantis(&High)	STATUS_UBSS_BH	Ubss_OPR_StatSts	CAN-BH	0 = No_Operational_Failure\n1 = OperatFailure_SystemUnavailable\n
UbssSRVRQSts	CAN Mapping	2221	Atlantis(&High)	STATUS_UBSS_BH	Ubss_SRV_RQSts	CAN-BH	\n0 = No_Service_Request\n1 = Service_Request
UbssSts	CAN Mapping	2222	Atlantis(&High)	STATUS_UBSS_BH	Ubss_Sts	CAN-BH	\n0 = Initialization\n1 = System_Off\n2 = Bsd_Active\n3 = Standby\n4 = Disabled\n5 = Unavailable\n7 = SNA
Ucall_Btn_Stat	CAN Mapping	2223	Atlantis High	STATUS_BH_IPC	U_CALL_PSD	CAN-B	1 bit\n0 = Not pressed\n1 = Pressed
Ucall_Stat	CAN Mapping	2224	Atlantis High	TBM_SCHEDULE_FD_2	U_Call_Stat_TBM	FD	0 = Off\n1 = Red_Solid\n2 = Red_Blink\n3 = Green_Blink_Fast\n4 = Green_Blink_Slow\n5 = Green_Solid\n7 = SNA
UConnReq	CAN Mapping	2225	Atlantis High	U_CONN_REQ_TBM	UConnReq_TBM		
UConnReqAuthCode	CAN Mapping	2226	Atlantis High	U_CONN_Req	UconnReqAuthxode	CAN-B	16 bit code
UConnReqFOBNum	CAN Mapping	2227	Atlantis(&High)	U_CONNECT1	UConnReqFOBNum		
UConnSeed1	CAN Mapping	2228	Atlantis High	U_CONN_SEED	UconnSeed1	CAN-B	4  bit code
UConnSeed2	CAN Mapping	2229	Atlantis High	U_CONN_SEED	UconnSeed2	CAN-B	4  bit code
UConnSeed3	CAN Mapping	2230	Atlantis High	U_CONN_SEED	UconnSeed3	CAN-B	4  bit code
UConnSeed4	CAN Mapping	2231	Atlantis High	U_CONN_SEED	UconnSeed4	CAN-B	4  bit code
Upassnum	CAN Mapping	2232	Atlantis(&High)	HUReq_PASSWORD	FrameNumber		
UPchar1	CAN Mapping	2233	Atlantis(&High)	HUReq_PASSWORD	UTF_Char1		8 bit signal
UPchar2	CAN Mapping	2234	Atlantis(&High)	HUReq_PASSWORD	UTF_Char2		8 bit signal
UPchar3	CAN Mapping	2235	Atlantis(&High)	HUReq_PASSWORD	UTF_Char3		8 bit signal
UPchar4	CAN Mapping	2236	Atlantis(&High)	HUReq_PASSWORD	UTF_Char4		8 bit signal
UPchar5	CAN Mapping	2237	Atlantis(&High)	HUReq_PASSWORD	UTF_Char5		8 bit signal
UPchar6	CAN Mapping	2238	Atlantis(&High)	HUReq_PASSWORD	UTF_Char6		8 bit signal
UPchar7	CAN Mapping	2239	Atlantis(&High)	HUReq_PASSWORD	UTF_Char7		8 bit signal
Update_CS	CAN Mapping	2240	Atlantis(&High)	SEGMENT	ADAS_Seg_Update	CAN-B	
UpdateAction	CAN Mapping	2241	Atlantis High	TELEMATIC_FD_15	UpdateAction	FD	0 = No Request\n1 = Update Later\n2 = Update Now\n3 = SNA
UPFrameID	CAN Mapping	2244	Atlantis High		Removed		
UPFrameID	CAN Mapping	2244	Atlantis High		with		
UPFrameID	CAN Mapping	2244	Atlantis High		Multi		
UPFrameID	CAN Mapping	2244	Atlantis High		Frame		
USBAudioFeedback	CAN Mapping	2247	Atlantis(&High)	GLOB_TLM	USB_Audio_Feedback		
USBAudiorequest	CAN Mapping	2248	Atlantis High	TBM_FD_2	USB_Audio	FD	0 = USB_Audio_Off\n1 = USB_Audio_On
USBAudiorequest	CAN Mapping	2249	Atlantis High	TBM_FD_2	USB_Audio	CAN-FD	
USchar1	CAN Mapping	2250	Atlantis High	HUReq_SSID	UTF_Char1	FD	
USchar2	CAN Mapping	2251	Atlantis High	HUReq_SSID	UTF_Char2	FD	
USchar3	CAN Mapping	2252	Atlantis High	HUReq_SSID	UTF_Char3	FD	
USchar4	CAN Mapping	2253	Atlantis High	HUReq_SSID	UTF_Char4	FD	
USchar5	CAN Mapping	2254	Atlantis High	HUReq_SSID	UTF_Char5	FD	
USchar6	CAN Mapping	2255	Atlantis High	HUReq_SSID	UTF_Char6	FD	
USchar7	CAN Mapping	2256	Atlantis High	HUReq_SSID	UTF_Char7	FD	
USFrameID	CAN Mapping	2257	Atlantis High		Removed		
USFrameID	CAN Mapping	2257	Atlantis High		with		
USFrameID	CAN Mapping	2257	Atlantis High		Multi		
USFrameID	CAN Mapping	2257	Atlantis High		Frame		
USS1_check_healty_sts	CAN Mapping	2258	Atlantis High		pending	FD	
USS1_check_healty_sts	CAN Mapping	2258	Atlantis High		1_check_healty_sts	FD	
USS10_check_healty_sts	CAN Mapping	2259	Atlantis High		pending	FD	
USS10_check_healty_sts	CAN Mapping	2259	Atlantis High		10_check_healty_sts	FD	
USS11_check_healty_sts	CAN Mapping	2260	Atlantis High		pending	FD	
USS11_check_healty_sts	CAN Mapping	2260	Atlantis High		11_check_healty_sts	FD	
USS12_check_healty_sts	CAN Mapping	2261	Atlantis High		pending	FD	
USS12_check_healty_sts	CAN Mapping	2261	Atlantis High		12_check_healty_sts	FD	
USS2_check_healty_sts	CAN Mapping	2262	Atlantis High		pending	FD	
USS2_check_healty_sts	CAN Mapping	2262	Atlantis High		2_check_healty_sts	FD	
USS3_check_healty_sts	CAN Mapping	2263	Atlantis High		pending	FD	
USS3_check_healty_sts	CAN Mapping	2263	Atlantis High		3_check_healty_sts	FD	
USS4_check_healty_sts	CAN Mapping	2264	Atlantis High		pending	FD	
USS4_check_healty_sts	CAN Mapping	2264	Atlantis High		4_check_healty_sts	FD	
USS5_check_healty_sts	CAN Mapping	2265	Atlantis High		pending	FD	
USS5_check_healty_sts	CAN Mapping	2265	Atlantis High		5_check_healty_sts	FD	
USS6_check_healty_sts	CAN Mapping	2266	Atlantis High		pending	FD	
USS6_check_healty_sts	CAN Mapping	2266	Atlantis High		6_check_healty_sts	FD	
USS7_check_healty_sts	CAN Mapping	2267	Atlantis High		pending	FD	
USS7_check_healty_sts	CAN Mapping	2267	Atlantis High		7_check_healty_sts	FD	
USS8_check_healty_sts	CAN Mapping	2268	Atlantis High		pending	FD	
USS8_check_healty_sts	CAN Mapping	2268	Atlantis High		8_check_healty_sts	FD	
USS9_check_healty_sts	CAN Mapping	2269	Atlantis High		pending	FD	
USS9_check_healty_sts	CAN Mapping	2269	Atlantis High		9_check_healty_sts	FD	
USSIDnum	CAN Mapping	2270	Atlantis(&High)	HUReq_SSID	FrameNumber		
USTotalFrames	CAN Mapping	2271	Atlantis(&High)	HUReq_SSID	TotalFrameNumber		Atlantis\n4 bit signal\n\n0 = Frame1\n1 = Frame2\n2 = Frame3\n3 = Frame4\n4 = Frame5\n5 = Frame6\n6 = Frame7\n7 = Frame8\n8 = Frame9\n9 = Frame10\n10 = Frame11\n11 = Frame12\n12 = Frame13\n13 = Frame14\n14 = Frame15\n15 = Frame16
V2H_Instant_Power_Draw	CAN Mapping	2272	Atlantis High	POWER_PANEL_EVCU	V2H_Instant_Power_Draw	FD	Units: Kw\nRange: 0.0 - 409.5\nFactor/Resolution: 0,1\nSNA = NA\nCyclic Rate (ms) = 1000\n
V2H_MaxEnergyDrawable	CAN Mapping	2273	Atlantis High	POWER_PANEL_EVCU	V2H_MaxEnergyDrawable	FD	Units: Kw\nRange: 0.0 - 409.5\nFactor/Resolution: 0,1\nSNA = NA\nCyclic Rate (ms) = 1000\n
V2H_Mode_Req	CAN Mapping	2274	Atlantis High	POWER_PANEL_HU	V2H_Mode_Req	FD	0 = Battery Only\n1 = Battery and Engine\n
V2H_mode_Sts	CAN Mapping	2275	Atlantis High	POWER_PANEL_EVCU	V2H_mode_Sts	FD	0 = Battery Only\n1 = Battery and Engine
V2H_Req	CAN Mapping	2276	Atlantis High	POWER_PANEL_HU	V2H_Req	FD	0 - Disable\n1 - Enable
V2H_Reserve_Battery	CAN Mapping	2277	Atlantis High	POWER_PANEL_EVCU	V2H_Reserve_Battery	FD	Units: %\nRange: 0 - 100 (21 - 31 reserved)\nFactor/Resolution: 5\nSNA = NA\nCyclic Rate (ms) = 1000
V2H_Reserve_Battery_Sts	CAN Mapping	2278	Atlantis High	V2X_EVCU	V2H_Reserve_Battery_Sts	FD	Unit = %
V2H_Status	CAN Mapping	2279	Atlantis High	POWER_PANEL_EVCU	V2H_Status	FD	0 - Inactive\n1 - Active\n2 - Active & Ready\n3 - Transferring Power\n4 - Transfer Interrupted\n5 - Transfer Complete\n6 - Transfer Requested\n7 - Reserved for future use
V2H_Submit	CAN Mapping	2280	Atlantis High	POWER_PANEL_HU	V2H_Submit	FD	0 - No submit request\n1 - Submit request
V2H_Total_Power_Time_days	CAN Mapping	2281	Atlantis High	POWER_PANEL_EVCU	V2H_Total_Power_Time_days	FD	Units: Day\nRange: 0 to 127\nSNA = NA\nCyclic Rate (ms): 1000\nFactor: 1\n
V2H_Total_Power_Time_hours	CAN Mapping	2282	Atlantis High	POWER_PANEL_EVCU	V2H_Total_Power_Time_hours	FD	Units: hour\nRange: 0 to 24\nSNA = NA\nCyclic Rate (ms): 1000\nFactor: 1\n
V2H_Total_Power_Time_minutes	CAN Mapping	2283	Atlantis High	POWER_PANEL_EVCU	V2H_Total_Power_Time_minutes	FD	Units: min\nRange: 0 to 60\nSNA = NA\nCyclic Rate (ms): 1000\nFactor: 1\n
V2L_All_Req	CAN Mapping	2284	Atlantis High	POWER_PANEL_HU	V2L_All_Req	FD	0 - Disable\n1 - Enable
V2L_Frunk_MaxEnergyDrawable	CAN Mapping	2285	Atlantis High	POWER_PANEL_EVCU	V2L_Frunk_MaxEnergyDrawable	FD	Units: kW\nRange: 0.0 - 12.0\nFactor/Resolution: 0,1\nSNA = NA\nCyclic Rate (ms) = 1000\n
V2L_Frunk_Req	CAN Mapping	2286	Atlantis High	POWER_PANEL_HU	V2L_Frunk_Req	FD	0 - Disable\n1 - Enable
V2L_Frunk_Status	CAN Mapping	2287	Atlantis High	POWER_PANEL_EVCU	V2L_Frunk_Status	FD	0 - Inactive\n1 - Active\n2 - Active & Ready\n3 - Transferring Power\n4 - Transfer Interrupted\n5 - Transfer Complete\n6 - Transfer Requested\n7 - Fault
V2L_Instant_Power_Draw_Frunk	CAN Mapping	2288	Atlantis High	POWER_PANEL_EVCU	V2L_Instant_Power_Draw_Frunk	FD	Units: kW\nRange: 0.0 - 12.0\nFactor/Resolution: 0,1\nSNA = NA\nCyclic Rate (ms) = 1000\n
V2L_Instant_Power_Draw_Trunk	CAN Mapping	2289	Atlantis High	POWER_PANEL_EVCU	V2L_Instant_Power_Draw_Trunk	FD	Units: kW\nRange: 0.0 - 12.0\nFactor/Resolution: 0,1\nSNA = NA\nCyclic Rate (ms) = 1000\n
V2L_Mode_Req	CAN Mapping	2290	Atlantis High	POWER_PANEL_HU	V2L_Mode_Req	FD	0 = Battery Only\n1 = Battery and Engine\n
V2L_mode_Sts	CAN Mapping	2291	Atlantis High	POWER_PANEL_EVCU	V2L_mode_Sts	FD	0 = Battery Only\n1 = Battery and Engine
V2L_Reserve_Battery	CAN Mapping	2292	Atlantis High	POWER_PANEL_HU	V2L_Reserve_Battery	FD	Units: %\nRange: 0 - 100 (21 - 31 reserved)\nFactor/Resolution: 5\nSNA = NA\nCyclic Rate (ms) = 1000
V2L_Submit	CAN Mapping	2293	Atlantis High	POWER_PANEL_HU	V2L_Submit	FD	0 - No submit request\n1 - Submit request
V2L_Total_Power_Time_days	CAN Mapping	2294	Atlantis High	POWER_PANEL_EVCU	V2L_Total_Power_Time_days	FD	Units: Day\nRange: 0 to 127\nSNA = NA\nCyclic Rate (ms): 1000\nFactor: 1\n
V2L_Total_Power_Time_hours	CAN Mapping	2295	Atlantis High	POWER_PANEL_EVCU	V2L_Total_Power_Time_hours	FD	Units: hour\nRange: 0 to 24\nSNA = NA\nCyclic Rate (ms): 1000\nFactor: 1\n
V2L_Total_Power_Time_minutes	CAN Mapping	2296	Atlantis High	POWER_PANEL_EVCU	V2L_Total_Power_Time_minutes	FD	Units: min\nRange: 0 to 60\nSNA = NA\nCyclic Rate (ms): 1000\nFactor: 1\n
V2L_Trunk_MaxEnergyDrawable	CAN Mapping	2297	Atlantis High	POWER_PANEL_EVCU	V2L_Trunk_MaxEnergyDrawable	FD	Units: kW\nRange: 0.0 - 12.0\nFactor/Resolution: 0,1\nSNA = NA\nCyclic Rate (ms) = 1000\n
V2L_Trunk_Req	CAN Mapping	2298	Atlantis High	POWER_PANEL_HU	V2L_Trunk_Req	FD	0 - Disable\n1 - Enable
V2L_Trunk_Status	CAN Mapping	2299	Atlantis High	POWER_PANEL_EVCU	V2L_Trunk_Status	FD	0 - Inactive\n1 - Active\n2 - Active & Ready\n3 - Transferring Power\n4 - Transfer Interrupted\n5 - Transfer Complete\n6 - Transfer Requested\n7 - Fault
V2V_Instant_Power_Draw	CAN Mapping	2300	Atlantis High	POWER_PANEL_EVCU	V2V_Instant_Power_Draw	FD	Units: kW\nRange: 0.0 - 24.0\nFactor/Resolution: 0,1\nSNA = NA\nCyclic Rate (ms) = 1000\n
V2V_MaxEnergyDrawable	CAN Mapping	2301	Atlantis High	POWER_PANEL_EVCU	V2V_MaxEnergyDrawable	FD	Units: Kw\nRange: 0.0 - 409.5\nFactor/Resolution: 0,1\nSNA = NA\nCyclic Rate (ms) = 1000\n
V2V_Mode_Req	CAN Mapping	2302	Atlantis High	POWER_PANEL_HU	V2V_Mode_Req	FD	0 = Battery Only\n1 = Battery and Engine\n
V2V_mode_Sts	CAN Mapping	2303	Atlantis High	POWER_PANEL_EVCU	V2V_mode_Sts	FD	0 = Battery Only\n1 = Battery and Engine
V2V_Req	CAN Mapping	2304	Atlantis High	POWER_PANEL_HU	V2V_Req	FD	0 - Disable\n1 - Enable
V2V_Reserve_Battery	CAN Mapping	2305	Atlantis High	POWER_PANEL_EVCU	V2V_Reserve_Battery	FD	Units: %\nRange: 0 - 100 (21 - 31 reserved)\nFactor/Resolution: 5\nSNA = NA\nCyclic Rate (ms) = 1000
V2V_Status	CAN Mapping	2306	Atlantis High	POWER_PANEL_EVCU	V2V_Status	FD	0 - Inactive\n1 - Active\n2 - Active & Ready\n3 - Transferring Power\n4 - Transfer Interrupted\n5 - Transfer Complete\n6 - Transfer Requested\n7 - Reserved for future use
V2V_Submit	CAN Mapping	2307	Atlantis High	POWER_PANEL_HU	V2V_Submit	FD	0 - No submit request\n1 - Submit request
V2V_Total_Power_Time_days	CAN Mapping	2308	Atlantis High	POWER_PANEL_EVCU	V2V_Total_Power_Time_days	FD	Units: Day\nRange: 0 to 127\nSNA = NA\nCyclic Rate (ms): 1000\nFactor: 1\n
V2V_Total_Power_Time_hour	CAN Mapping	2309	Atlantis High	POWER_PANEL_EVCU	V2V_Total_Power_Time_hour	FD	Units: hour\nRange: 0 to 24\nSNA = NA\nCyclic Rate (ms): 1000\nFactor: 1\n
V2V_Total_Power_Time_minutes	CAN Mapping	2310	Atlantis High	POWER_PANEL_EVCU	V2V_Total_Power_Time_minutes	FD	Units: min\nRange: 0 to 60\nSNA = NA\nCyclic Rate (ms): 1000\nFactor: 1\n
VALET_LK_OUT	CAN Mapping	2314	Atlantis High	BCM_FD_12	VALET_LK_OUT	FD	0 = FALSE\n1 = TRUE
ValetMode_SPAAK	CAN Mapping	2315	Atlantis High	RFHUB_FD_1	ValetMode_SPAAK	FD	See dbc
VehAccel_X	CAN Mapping	2316	Atlantis High	BRAKE_FD_2	LongAcceleration_BSM	FD	See dbc
VehAccel_Y	CAN Mapping	2317	Atlantis High	BRAKE_FD_2	LatAcceleration_BSM	FD	See dbc
VehicleAccelerationOffsets	CAN Mapping	2318	Atlantis(&High)		usage		 
VehicleAccelerationOffsets	CAN Mapping	2319	Atlantis(&High)		usage		 
VehicleArchInfo	CAN Mapping	2320	Atlantis High	ARCH_INFO	VehicleArchitectureInfo	BH-CAN	
VehicleSpeedVSOSig	CAN Mapping	2321	Atlantis High	BRAKE_FD_2	VehicleSpeedVSOSig	FD	13 bit signal\n\nUnits are Km/h\nOffset = 0\nFactor = 0.0625\nRange = 0 to 511.875\n\nSNA = 8191
VehPerfAccel_X	CAN Mapping	2322	Atlantis High	BRAKE_FD_2	LongAcceleration_BSM	FD	12 bit signal\nOffset -40.96\n-40.96 - +40.92 m/ s^2\nresolution 0.02 m/ s^2\n
VehPerfAccel_Y	CAN Mapping	2323	Atlantis High	BRAKE_FD_2	LatAcceleration_BSM	FD	12 bit signal\nOffset -40.96\n-40.96 - +40.92 m/ s^2\nresolution 0.02 m/ s^2\n
VehPerfAccelPeak_X_Neg	CAN Mapping	2324	Atlantis High	IPC_FD_7	VehPerfAccelPeak_X_Neg	FD	
VehPerfAccelPeak_X_Pos	CAN Mapping	2325	Atlantis High	IPC_FD_7	VehPerfAccelPeak_X_Pos	FD	
VehPerfAccelPeak_Y_Neg	CAN Mapping	2326	Atlantis High	IPC_FD_7	VehPerfAccelPeak_Y_Neg	FD	
VehPerfAccelPeak_Y_Pos	CAN Mapping	2327	Atlantis High	IPC_FD_7	VehPerfAccelPeak_Y_Pos	FD	
VehSpd_MPH	CAN Mapping	2328	Atlantis High	IPC_FD_5	VehSpd_MPH	FD	0 = kph\n1 = mph
VehSpdDisp	CAN Mapping	2329	Atlantis High	IPC_FD_5	VehSpdDisp	FD	16 bit signal\n\nOffset = 0\nFactor = 1\nRange is 0 to 65534\n\nSNA = 65535
VentedSeatFL	CAN Mapping	2330	Atlantis High	STATUS_CSWM	FL_VS_STATFailSts	CAN-B	STATFailSts\n0 = Fail_Not_Present\n1= Fail Present\n\nSTATSts\n0 = Vented_seat_off\n1 = Vented_seat_low\n2 = Vented_seat_medium\n3 = Vented_seat_high
VentedSeatFL	CAN Mapping	2330	Atlantis High	STATUS_CSWM	FL_VS_STATSts		STATFailSts\n0 = Fail_Not_Present\n1= Fail Present\n\nSTATSts\n0 = Vented_seat_off\n1 = Vented_seat_low\n2 = Vented_seat_medium\n3 = Vented_seat_high
VentedSeatFR	CAN Mapping	2331	Atlantis High	STATUS_CSWM	FR_VS_STATSts	CAN-B	ATLANTIS\n2 bit signal\n0 = Vented_seat_off\n1 = Vented_seat_low\n2 = Vented_seat_medium\n3 = Vented_seat_high
VentedSeatFR	CAN Mapping	2331	Atlantis High	STATUS_CSWM	FR_VS_STATFailSts		ATLANTIS\n2 bit signal\n0 = Vented_seat_off\n1 = Vented_seat_low\n2 = Vented_seat_medium\n3 = Vented_seat_high
VentedSeatRL	CAN Mapping	2332	Atlantis High	STATUS_CLIMATE9	RL_VS_STAT	BH-CAN	
VentedSeatRR	CAN Mapping	2333	Atlantis High	STATUS_CLIMATE9	RR_VS_STAT	BH-CAN	
VIN	CAN Mapping	2374	Atlantis High	VIN	VIN_MSG	FD	0 = VIN_LO\n1 = VIN_MID\n2 = VIN_HI\n3 = SNA
VIN_DATA	CAN Mapping	2375	Atlantis High	VIN	VIN_DATA	FD	56 bit signal used to transmit VIN information
Virtual_Memory_Seats_Sv_Rc	CAN Mapping	2376	Atlantis High	RADIO_B4	Mem_Seat_Sv_Rc_Req	CAN-B	0=No_request\n1=Save\n2=Recall\n3=SNA
VirtualConcertHall_Sts	CAN Mapping	2377	Atlantis High		VirtualConcertHall_Sts	CAN-BH	\n0 = Off\n1 = Slot 1\n2 = Slot 2\n3 = Slot 3\n4 = Slot 4\n5 = Slot 5\n6 = Slot 6\n7 = Slot 7
VirtualGear	CAN Mapping	2378	Atlantis High	ENGINE_SIMULATOR1	Virtual_Gear_PT	CAN-BH	0-NO_shift\n1-Upshift\n2-Downshift\n3-NA
VirtualRPM	CAN Mapping	2379	Atlantis High	ENGINE_SIMULATOR5	Virtual_MCP_RPM	CAN-BH	
VirtualTorque	CAN Mapping	2380	Atlantis High	ENGINE_SIMULATOR5	Virtual_Torque_PT	CAN-BH	
Visual_Warning	CAN Mapping	2381	Atlantis High		pending	FD	
Visual_Warning_Sts	CAN Mapping	2382	Atlantis High		pending	FD	
VoiceRecognitionStatus	CAN Mapping	2383	Atlantis High	STATUS_TELEMATIC	VRSts	CAN-B	0 = Not_Active\n1 = Active
VolumeENT	CAN Mapping	2384	Atlantis High	TELEMATIC_FD_13	AUD_LVL	FD	8 bit signal\n\nUnits are levels\nOffset = 0\nFactor = 1\nRange is 0 to 38\n\n255 = SNA
VolumeINFO1	CAN Mapping	2385	Atlantis High	TELEMATIC_FD_13	INFO1_AUD_LVL	FD	8 bit signal\n\nUnits are levels\nOffset = 0\nFactor = 1\nRange is 0 to 38\n\n255 = SNA
VolumeINFO2	CAN Mapping	2386	Atlantis High	TELEMATIC_FD_13	INFO2_AUD_LVL	FD	8 bit signal\n\nUnits are levels\nOffset = 0\nFactor = 1\nRange is 0 to 38\n\n255 = SNA
VolumeSCV	CAN Mapping	2387	Atlantis High	TELEMATIC_FD_13	SCV_LVL	FD	0 = OFF\n1 = LVL_1\n2 = LVL_2\n3 = LVL_3\n4 = LVL_4\n5 = LVL_5\n6 = LVL_6\n7 = SNA
VR_Blower_Req	CAN Mapping	2390	Atlantis High	RADIO_B3	VR_Blower_Req	CAN B	1h: Active\n0h: Not Active
VR_Blower_Stat	CAN Mapping	2391	Atlantis High	STATUS_CLIMATE8	VR_Blower_Stat	CAN B	0h: Normal_blower_operation\n1h: Blower_Level_Reduced\n2h: Blower_Level_Reduction_NOT_Allowed\n3h: Pending/Delayed\n7h: Signal not available / SNA]\n
VRM_AUD_MD_CAB	CAN Mapping	2392	Atlantis High	VRM_FD_1	VRM_AUD_MD_CAB	FD	0 = NONE\n1 = VES_DVD1_SEL\n2 = VES_USB_SEL\n3 = VES_HDMI1_SEL\n4 = VES_HDMI2_SEL\n5 = VES_HDMI3_SEL\n6 = ES_WIFI_SEL\n14 = IR_OFF\n15 = SNA
VRM_Audio_Active	CAN Mapping	2393	Atlantis High	VRM_FD_1	VRM_Audio_Active	FD	0 = Not_Active\n1 = Active
VRM_H_SIZE	CAN Mapping	2394	Atlantis High	VRM_FD_1	VRM_H_SIZE	FD	16 bit signal\n\nInitial Value = 1600\n65535 = SNA
VRM_HVACJumpVAL	CAN Mapping	2395	Atlantis High	VRM_FD_1	TGW_JUMP_FUNC_HVAC_VRM	FD	7 bit signal\n\nSee SR documents for usage\n127 = SNA
VRM_IR1_AUD_MD	CAN Mapping	2396	Atlantis High	VRM_FD_1	VRM_IR1_AUD_MD	FD	0 = NONE\n1 = VES_DVD1_SEL\n2 = VES_USB_SEL\n3 = VES_HDMI1_SEL\n4 = VES_HDMI2_SEL\n5 = VES_HDMI3_SEL\n6 = ES_WIFI_SEL\n14 = IR_OFF\n15 = SNA
VRM_IR2_AUD_MD	CAN Mapping	2397	Atlantis High	VRM_FD_1	VRM_IR2_AUD_MD	FD	0 = NONE\n1 = VES_DVD1_SEL\n2 = VES_USB_SEL\n3 = VES_HDMI1_SEL\n4 = VES_HDMI2_SEL\n5 = VES_HDMI3_SEL\n6 = ES_WIFI_SEL\n14 = IR_OFF\n15 = SNA
VRM_JUMP_FUNC	CAN Mapping	2399	Atlantis High	VRM_FD_1	VRM_JUMP_FUNC	FD	24 bit signal\n\nSee SR documents for usage
VRM_PT_CAB_DR	CAN Mapping	2400	Atlantis High	VRM_FD_1	VRM_PT_CAB_DR	FD	1 bit signal
VRM_RDC2_STAT	CAN Mapping	2404	Atlantis High	VRM_FD_1	VRM_RDC2_STAT	FD	0 = DISP_OFF\n1 = DISP_CLS\n2 = DISP_NORMAL\n3 = DISP_DVD_MENU\n4 = DISP_DVD_SETUP\n5 = DISP_DVD_DISP\n6 = DISP_MD_SEL\n7 = DISP_REAR_CAMERA\n8 = ON_BLANK\n9 = DISP_SPLSH\n10 = DISP_VES_HMI\n11 = DISP_VES_VIDEO\n12 = ISP_VRM_PRGM\n13 = ISP_VRM_Video\n14 = ISP_VRM_CAMERA\n15 = SNA
VRM_RearHVACAuto_Req	CAN Mapping	2405	Atlantis High	VRM_FD_1	R_AUTO_SW_RQ_VRM	FD	0 = Not_Pressed\n1 = Pressed
VRM_RearHVACFunc_Req	CAN Mapping	2406	Atlantis(&High)	VRM_CLIMATE_SETUP	VRM_RearHVACFunc_Req		
VRM_RearModeFloor_Req	CAN Mapping	2408	Atlantis High	VRM_FD_1	VRM_RearModeFloor_Req	FD	0 = Not_Active\n1 = Active
VRM_RearModePanel_Req	CAN Mapping	2409	Atlantis High	VRM_FD_1	VRM_RearModePanel_Req	FD	0 = Not_Active\n1 = Active
VRM_RQ1	CAN Mapping	2410	Atlantis High	VRM_FD_1	VRM_RQ1	FD	8 bit signal\n\n0 = NO_FUNC_RQ\n255 = SNA
VRM_RQ3	CAN Mapping	2412	Atlantis High	VRM_FD_1	VRM_RQ3	FD	8 bit signal\n\n0 = NO_FUNC_RQ\n255 = SNA
VRM_RSP	CAN Mapping	2413	Atlantis High	VRM_FD_1	VRM_RSP	FD	8 bit signal\n\n0 = RSP_NONE\n255 = SNA
VRM_V_SIZE	CAN Mapping	2414	Atlantis High	VRM_FD_1	VRM_V_SIZE	FD	16 bit signal\n\nInitial Value = 1152\n65535 = SNA
VRM_Video_Active	CAN Mapping	2415	Atlantis High	VRM_FD_1	VRM_Video_Active	FD	0 = Not_Active\n1 = Active
VRMRearHvacMode_Req	CAN Mapping	2416	Atlantis(&High)	VIDEO1	R_HVAC_MD_RQ_VRM		Atlantis\n4 bit signal\n\n0 = NO_CHANGE\n1 = DEFR_MD\n2 = MIX_DEFR_MID_MD\n3 = MIX_MD\n4 = FLR_MIX_MID_MD\n5 = FLR_MD\n6 = BI_LVL_FLR_MID_MD\n7 = BI_LVL_MD\n8 = PNL_BI_LVL_MID_MD\n9 = PNL_MD\n15 = SNA
VSIMMuteReq	CAN Mapping	2418	Atlantis High	VSIM_FD_1	AudioMuteRq	FD	ATLANTIS\n1 bit signal\n0 = Not_Mute\n1 =  Mute
WakeupRes_TGW	CAN Mapping	2420	Atlantis High	NWM_TELEMTATIC_V2	SystemStatus_Telematic	CAN-B	ATLANTIS\n2 bit signal\n0 = Wake_up\n1 = Not_Used\n2 = StayActive\n3 = Not_Used
WakeupRsn_TBM	CAN Mapping	2421	Atlantis High	NM_TBM	CBV_bit4_ActiveWakeupBit		
Warning_MotorA_Overtemp	CAN Mapping	2422	Atlantis High	HYBRID_RM_MOTORS	Warning_MotorA_Overtemp	FD	See dbc
Warning_MotorB_Overtemp	CAN Mapping	2423	Atlantis High	HYBRID_RM_MOTORS	Warning_MotorB_Overtemp	FD	See dbc
Warning_PackTempHigh	CAN Mapping	2424	Atlantis High	HVBATTERY_RM_CHARGING1	Warning_PackTempHigh	FD	See dbc
WarningLightEvent	CAN Mapping	2425	Atlantis High	ENGINE_FD_7	OilPressureSts	FD	ATLANTIS\n1 bit signal (OilPressureSts)\n0 = Normal Pressure\n1 = Low Pressure\n\n1 bit signal (OilPressureFailSts)\n0 = Fail_Not_Present\n1 = Fail_Present
WarningLightEvent	CAN Mapping	2425	Atlantis High	ENGINE_FD_7	OilPressureFailSts		ATLANTIS\n1 bit signal (OilPressureSts)\n0 = Normal Pressure\n1 = Low Pressure\n\n1 bit signal (OilPressureFailSts)\n0 = Fail_Not_Present\n1 = Fail_Present
"WashFluidLow
WashLightWarningSts
LowWasherFluid"	CAN Mapping	2426	Atlantis High	STATUS_BH_BCM1	WashLightWarningSts	CAN-B	ATLANTIS\n1 bit signal\n0 = Not active\n1 = Active
Water_In_Fuel_Stat	CAN Mapping	2427	Atlantis High	IPC_FD_3	WATER_IN_FUEL_STAT	FD	0 = Off\n1 = On\n2 = Blinking\n3 = SNA
Wheel_Pulse_FL	CAN Mapping	2442	Atlantis High	BRAKE_FD_3	LHF_FastPulseCounter	FD	8 bit signal\n0 - 254 impulse\nresolution= 1 pulse\n
Wheel_Pulse_FL	CAN Mapping	2442	Atlantis High	BRAKE_FD_3	LHF_WheelSensorFailSts	CAN-B	8 bit signal\n0 - 254 impulse\nresolution= 1 pulse\n
Wheel_Pulse_FL	CAN Mapping	2442	Atlantis High	STATUS_CCAN2	LHF_FastPulseCounter		8 bit signal\n0 - 254 impulse\nresolution= 1 pulse\n
Wheel_Pulse_FL	CAN Mapping	2442	Atlantis High	STATUS_CCAN2	LHF_WheelSensorFailSts		8 bit signal\n0 - 254 impulse\nresolution= 1 pulse\n
Wheel_Pulse_FL	CAN Mapping	2443	Atlantis High	BRAKE_FD_3	LHF_FastPulseCounter	FD	8 bit signal\n0 - 254 impulse\nresolution= 1 pulse\n
Wheel_Pulse_FL	CAN Mapping	2443	Atlantis High	BRAKE_FD_3	LHF_WheelSensorFailSts	CAN-B	8 bit signal\n0 - 254 impulse\nresolution= 1 pulse\n
Wheel_Pulse_FL	CAN Mapping	2443	Atlantis High	STATUS_CCAN2	LHF_FastPulseCounter		8 bit signal\n0 - 254 impulse\nresolution= 1 pulse\n
Wheel_Pulse_FL	CAN Mapping	2443	Atlantis High	STATUS_CCAN2	LHF_WheelSensorFailSts		8 bit signal\n0 - 254 impulse\nresolution= 1 pulse\n
Wheel_Pulse_FR	CAN Mapping	2444	Atlantis High	BRAKE_FD_3	RHF_FastPulseCounter	FD	8 bit signal\n0 - 254 impulse\nresolution= 1 pulse\n
Wheel_Pulse_FR	CAN Mapping	2444	Atlantis High	BRAKE_FD_3	RHF_WheelSensorFailSts	CAN-B	8 bit signal\n0 - 254 impulse\nresolution= 1 pulse\n
Wheel_Pulse_FR	CAN Mapping	2444	Atlantis High	STATUS_CCAN2	RHF_FastPulseCounter		8 bit signal\n0 - 254 impulse\nresolution= 1 pulse\n
Wheel_Pulse_FR	CAN Mapping	2444	Atlantis High	STATUS_CCAN2	RHF_WheelSensorFailSts		8 bit signal\n0 - 254 impulse\nresolution= 1 pulse\n
Wheel_Pulse_FR	CAN Mapping	2445	Atlantis High	BRAKE_FD_3	RHF_FastPulseCounter	FD	8 bit signal\n0 - 254 impulse\nresolution= 1 pulse\n
Wheel_Pulse_FR	CAN Mapping	2445	Atlantis High	BRAKE_FD_3	RHF_WheelSensorFailSts	CAN-B	8 bit signal\n0 - 254 impulse\nresolution= 1 pulse\n
Wheel_Pulse_FR	CAN Mapping	2445	Atlantis High	STATUS_CCAN2	RHF_FastPulseCounter		8 bit signal\n0 - 254 impulse\nresolution= 1 pulse\n
Wheel_Pulse_FR	CAN Mapping	2445	Atlantis High	STATUS_CCAN2	RHF_WheelSensorFailSts		8 bit signal\n0 - 254 impulse\nresolution= 1 pulse\n
Wheel_Pulse_RL	CAN Mapping	2446	Atlantis High	BRAKE_FD_3	LHR_FastPulseCounter	FD	8 bit signal\n0 - 254 impulse\nresolution= 1 pulse\n
Wheel_Pulse_RL	CAN Mapping	2446	Atlantis High	BRAKE_FD_3	LHR_WheelSensorFailSts	CAN-B	8 bit signal\n0 - 254 impulse\nresolution= 1 pulse\n
Wheel_Pulse_RL	CAN Mapping	2446	Atlantis High	STATUS_CCAN2	LHR_FastPulseCounter		8 bit signal\n0 - 254 impulse\nresolution= 1 pulse\n
Wheel_Pulse_RL	CAN Mapping	2446	Atlantis High	STATUS_CCAN2	LHR_WheelSensorFailSts		8 bit signal\n0 - 254 impulse\nresolution= 1 pulse\n
Wheel_Pulse_RL	CAN Mapping	2447	Atlantis High	BRAKE_FD_3	LHR_FastPulseCounter	FD	8 bit signal\n0 - 254 impulse\nresolution= 1 pulse\n
Wheel_Pulse_RL	CAN Mapping	2447	Atlantis High	BRAKE_FD_3	LHR_WheelSensorFailSts	CAN-B	8 bit signal\n0 - 254 impulse\nresolution= 1 pulse\n
Wheel_Pulse_RL	CAN Mapping	2447	Atlantis High	STATUS_CCAN2	LHR_FastPulseCounter		8 bit signal\n0 - 254 impulse\nresolution= 1 pulse\n
Wheel_Pulse_RL	CAN Mapping	2447	Atlantis High	STATUS_CCAN2	LHR_WheelSensorFailSts		8 bit signal\n0 - 254 impulse\nresolution= 1 pulse\n
Wheel_Pulse_RR	CAN Mapping	2448	Atlantis High	BRAKE_FD_3	RHR_FastPulseCounter	FD	8 bit signal\n0 - 254 impulse\nresolution= 1 pulse\n
Wheel_Pulse_RR	CAN Mapping	2448	Atlantis High	BRAKE_FD_3	RHR_WheelSensorFailSts	CAN-B	8 bit signal\n0 - 254 impulse\nresolution= 1 pulse\n
Wheel_Pulse_RR	CAN Mapping	2448	Atlantis High	STATUS_CCAN2	RHR_FastPulseCounter		8 bit signal\n0 - 254 impulse\nresolution= 1 pulse\n
Wheel_Pulse_RR	CAN Mapping	2448	Atlantis High	STATUS_CCAN2	RHR_WheelSensorFailSts		8 bit signal\n0 - 254 impulse\nresolution= 1 pulse\n
Wheel_Pulse_RR	CAN Mapping	2449	Atlantis High	BRAKE_FD_3	RHR_FastPulseCounter	FD	8 bit signal\n0 - 254 impulse\nresolution= 1 pulse\n
Wheel_Pulse_RR	CAN Mapping	2449	Atlantis High	BRAKE_FD_3	RHR_WheelSensorFailSts	CAN-B	8 bit signal\n0 - 254 impulse\nresolution= 1 pulse\n
Wheel_Pulse_RR	CAN Mapping	2449	Atlantis High	STATUS_CCAN2	RHR_FastPulseCounter		8 bit signal\n0 - 254 impulse\nresolution= 1 pulse\n
Wheel_Pulse_RR	CAN Mapping	2449	Atlantis High	STATUS_CCAN2	RHR_WheelSensorFailSts		8 bit signal\n0 - 254 impulse\nresolution= 1 pulse\n
WheelPulse (Fail Sts)	CAN Mapping	2450	Atlantis High	BRAKE_FD_3	LHF_WheelSensorFailSts	FD	Atlantis\n1 bit signal\n0 = Fail_Not_Present\n1 = Fail_Present
WiFiClientMode	CAN Mapping	2452	Atlantis High	GLOB_TLM	WiFi_Client_Mode	FD	0 = Off\n1 = On\n3 = SNA
WiFiClientModeReset	CAN Mapping	2453	Atlantis High	GLOB_TLM	WiFi_Client	FD	0 = No_Request\n1 = Request_to_reset\n3 = SNA
WiFiClientModeResponse	CAN Mapping	2454	Atlantis High	TBM_FD_2	WiFi_Client_Mode_Confirm	FD	0 = Off\n1 = On\n3 = SNA
Wi-Fifail	CAN Mapping	2456	Atlantis High	TBM_SCHEDULE_FD_2	WiFiFailSts	FD	0 = Fail_Not_Present\n1 = Fail_Present
WiFiNetwork1	CAN Mapping	2457	Atlantis High	TBM_FD_2	NETWORK_CHAR_1	FD	8 bit signal
WiFiNetwork2	CAN Mapping	2458	Atlantis High	TBM_FD_2	NETWORK_CHAR_2	FD	8 bit signal
WiFiNetwork3	CAN Mapping	2459	Atlantis High	TBM_FD_2	NETWORK_CHAR_3	FD	8 bit signal
WiFiNetwork4	CAN Mapping	2460	Atlantis High	TBM_FD_2	NETWORK_CHAR_4	FD	8 bit signal
WiFiNetwork5	CAN Mapping	2461	Atlantis High	TBM_FD_2	NETWORK_CHAR_5	FD	8 bit signal
WiFiNetwork6	CAN Mapping	2462	Atlantis High	TBM_FD_2	NETWORK_CHAR_6	FD	8 bit signal
WiFiNetwork7	CAN Mapping	2463	Atlantis High	TBM_FD_2	NETWORK_CHAR_7	FD	8 bit signal
WiFiNetworkFrameID	CAN Mapping	2464	Atlantis High	TBM_FD_2	NETWORK_FRAME_ID	FD	4 bit signal
WiFiNetworkNumber	CAN Mapping	2465	Atlantis High	TBM_FD_2	NETWORK_NUMBER	FD	4 bit signal
Wifirq	CAN Mapping	2466	Atlantis High	TELEMATIC_VEHICLE_SETUP	WiFiReq	FD	0 = Off\n1 = On
Wi-Fistat	CAN Mapping	2468	Atlantis High	TBM_SCHEDULE_FD_2	WiFiSts	FD	0 = OFF\n1 = ON\n2 = SNA
WIFLampStatus	CAN Mapping	2469	Atlantis High	ENGINE_FD_7	FuelWaterPresentSts	FD	ATLANTIS\n1 bit signal \n0 = Water not present\n1 = Water present
WIFLampStatus	CAN Mapping	2469	Atlantis High	ENGINE_FD_7	FuelWaterPresentFailSts		ATLANTIS\n1 bit signal \n0 = Water not present\n1 = Water present
Windshield_Fluid_Stat	CAN Mapping	2470	Atlantis High	IPC_FD_3	WINDSHIELD_FLUID_STAT	FD	0 = Off\n1 = On\n2 = Blinking\n3 = SNA
WinPosDriver	CAN Mapping	2471	Atlantis(&High)		DRIVER_DOORWinPos_D_Sts		7 bit signal\n0 - 100 Percent
WinPosPassenger	CAN Mapping	2472	Atlantis High	PASS_DOOR	WinPos_P_Sts	B-CAN	7 bit signal\nRange is 0-100%\nFactor = 1\nOffset = 0\n\nSNA = 127
WinPosRearL	CAN Mapping	2473	Atlantis High	GW_B_6	WinPos_RearL_Sts	B-CAN	5 bit signal\nRange is 0-100 %\nFactor = 5%
WinPosRearR	CAN Mapping	2474	Atlantis High	GW_B_6	WinPos_RearR_Sts	B-CAN	5 bit signal\nRange is 0-100 %\nFactor = 5%
Worksite_Inverter_Active_Sts	CAN Mapping	2475	Atlantis High		pending	FD	
WPR_SYS_HIGH	CAN Mapping	2476	Atlantis(&High)	NA	No		NA
WPR_SYS_INT	CAN Mapping	2477	Atlantis(&High)	NA	No		NA
WPR_SYS_LOW	CAN Mapping	2478	Atlantis(&High)	NA	No		NA
WPR_SYS_MIST	CAN Mapping	2479	Atlantis(&High)	NA	No		NA
WPR_SYS_OFF	CAN Mapping	2480	Atlantis(&High)	NA	No		NA
WPR_SYS_WASH	CAN Mapping	2481	Atlantis(&High)	NA	No		NA
WprSw6Posn	CAN Mapping	2482	Atlantis(&High)	NA	No		NA
WprWash_R_Sw_Posn_V3	CAN Mapping	2483	Atlantis(&High)	NA	No		NA
WprWash_Sts	CAN Mapping	2484	Atlantis(&High)	BODY1	FrontWiperMoveSts	CAN-C	0 = Stop\n1 = Moving
YawRate	CAN Mapping	2485	Atlantis High	BRAKE_FD_7	VehYawRate_Raw	FD	16 bit signal\n\nUnits are degrees/s\nOffset = -327.68\nFactor = 0.01\nRange = -327.68 to 327.66\n\nSNA = 65535
Schar8	CAN Mapping	2486	Atlantis High	WIFI_SSID	UTF_Char8	FD	8 bit signal
Schar9	CAN Mapping	2487	Atlantis High	WIFI_SSID	UTF_Char9	FD	8 bit signal
Schar10	CAN Mapping	2488	Atlantis High	WIFI_SSID	UTF_Char10	FD	8 bit signal
Schar11	CAN Mapping	2489	Atlantis High	WIFI_SSID	UTF_Char11	FD	8 bit signal
Schar12	CAN Mapping	2490	Atlantis High	WIFI_SSID	UTF_Char12	FD	8 bit signal
Schar13	CAN Mapping	2491	Atlantis High	WIFI_SSID	UTF_Char13	FD	8 bit signal
Schar14	CAN Mapping	2492	Atlantis High	WIFI_SSID	UTF_Char14	FD	8 bit signal
Schar15	CAN Mapping	2493	Atlantis High	WIFI_SSID	UTF_Char15	FD	8 bit signal
Schar16	CAN Mapping	2494	Atlantis High	WIFI_SSID	UTF_Char16	FD	8 bit signal
Schar17	CAN Mapping	2495	Atlantis High	WIFI_SSID	UTF_Char17	FD	8 bit signal
Schar18	CAN Mapping	2496	Atlantis High	WIFI_SSID	UTF_Char18	FD	8 bit signal
Schar19	CAN Mapping	2497	Atlantis High	WIFI_SSID	UTF_Char19	FD	8 bit signal
Schar20	CAN Mapping	2498	Atlantis High	WIFI_SSID	UTF_Char20	FD	8 bit signal
Schar21	CAN Mapping	2499	Atlantis High	WIFI_SSID	UTF_Char21	FD	8 bit signal
Schar22	CAN Mapping	2500	Atlantis High	WIFI_SSID	UTF_Char22	FD	8 bit signal
Schar23	CAN Mapping	2501	Atlantis High	WIFI_SSID	UTF_Char23	FD	8 bit signal
Schar24	CAN Mapping	2502	Atlantis High	WIFI_SSID	UTF_Char24	FD	8 bit signal
Schar25	CAN Mapping	2503	Atlantis High	WIFI_SSID	UTF_Char25	FD	8 bit signal
Schar26	CAN Mapping	2504	Atlantis High	WIFI_SSID	UTF_Char26	FD	8 bit signal
Schar27	CAN Mapping	2505	Atlantis High	WIFI_SSID	UTF_Char27	FD	8 bit signal
Schar28	CAN Mapping	2506	Atlantis High	WIFI_SSID	UTF_Char28	FD	8 bit signal
Schar29	CAN Mapping	2507	Atlantis High	WIFI_SSID	UTF_Char29	FD	8 bit signal
Schar30	CAN Mapping	2508	Atlantis High	WIFI_SSID	UTF_Char30	FD	8 bit signal
Schar31	CAN Mapping	2509	Atlantis High	WIFI_SSID	UTF_Char31	FD	8 bit signal
Schar32	CAN Mapping	2510	Atlantis High	WIFI_SSID	UTF_Char32	FD	8 bit signal
Schar33	CAN Mapping	2511	Atlantis High	WIFI_SSID	UTF_Char33	FD	8 bit signal
Schar34	CAN Mapping	2512	Atlantis High	WIFI_SSID	UTF_Char34	FD	8 bit signal
Schar35	CAN Mapping	2513	Atlantis High	WIFI_SSID	UTF_Char35	FD	8 bit signal
Schar36	CAN Mapping	2514	Atlantis High	WIFI_SSID	UTF_Char36	FD	8 bit signal
Schar37	CAN Mapping	2515	Atlantis High	WIFI_SSID	UTF_Char37	FD	8 bit signal
Schar38	CAN Mapping	2516	Atlantis High	WIFI_SSID	UTF_Char38	FD	8 bit signal
Schar39	CAN Mapping	2517	Atlantis High	WIFI_SSID	UTF_Char39	FD	8 bit signal
Schar40	CAN Mapping	2518	Atlantis High	WIFI_SSID	UTF_Char40	FD	8 bit signal
Schar41	CAN Mapping	2519	Atlantis High	WIFI_SSID	UTF_Char41	FD	8 bit signal
Schar42	CAN Mapping	2520	Atlantis High	WIFI_SSID	UTF_Char42	FD	8 bit signal
Schar43	CAN Mapping	2521	Atlantis High	WIFI_SSID	UTF_Char43	FD	8 bit signal
Schar44	CAN Mapping	2522	Atlantis High	WIFI_SSID	UTF_Char44	FD	8 bit signal
Schar45	CAN Mapping	2523	Atlantis High	WIFI_SSID	UTF_Char45	FD	8 bit signal
Schar46	CAN Mapping	2524	Atlantis High	WIFI_SSID	UTF_Char46	FD	8 bit signal
Schar47	CAN Mapping	2525	Atlantis High	WIFI_SSID	UTF_Char47	FD	8 bit signal
Schar48	CAN Mapping	2526	Atlantis High	WIFI_SSID	UTF_Char48	FD	8 bit signal
Schar49	CAN Mapping	2527	Atlantis High	WIFI_SSID	UTF_Char49	FD	8 bit signal
Schar50	CAN Mapping	2528	Atlantis High	WIFI_SSID	UTF_Char50	FD	8 bit signal
Schar51	CAN Mapping	2529	Atlantis High	WIFI_SSID	UTF_Char51	FD	8 bit signal
Schar52	CAN Mapping	2530	Atlantis High	WIFI_SSID	UTF_Char52	FD	8 bit signal
Schar53	CAN Mapping	2531	Atlantis High	WIFI_SSID	UTF_Char53	FD	8 bit signal
Schar54	CAN Mapping	2532	Atlantis High	WIFI_SSID	UTF_Char54	FD	8 bit signal
USchar8	CAN Mapping	2533	Atlantis High	HUReq_SSID	UTF_Char8	FD	8 bit signal
USchar9	CAN Mapping	2534	Atlantis High	HUReq_SSID	UTF_Char9	FD	8 bit signal
USchar10	CAN Mapping	2535	Atlantis High	HUReq_SSID	UTF_Char10	FD	8 bit signal
USchar11	CAN Mapping	2536	Atlantis High	HUReq_SSID	UTF_Char11	FD	8 bit signal
USchar12	CAN Mapping	2537	Atlantis High	HUReq_SSID	UTF_Char12	FD	8 bit signal
USchar13	CAN Mapping	2538	Atlantis High	HUReq_SSID	UTF_Char13	FD	8 bit signal
USchar14	CAN Mapping	2539	Atlantis High	HUReq_SSID	UTF_Char14	FD	8 bit signal
USchar15	CAN Mapping	2540	Atlantis High	HUReq_SSID	UTF_Char15	FD	8 bit signal
USchar16	CAN Mapping	2541	Atlantis High	HUReq_SSID	UTF_Char16	FD	8 bit signal
USchar17	CAN Mapping	2542	Atlantis High	HUReq_SSID	UTF_Char17	FD	8 bit signal
USchar18	CAN Mapping	2543	Atlantis High	HUReq_SSID	UTF_Char18	FD	8 bit signal
USchar19	CAN Mapping	2544	Atlantis High	HUReq_SSID	UTF_Char19	FD	8 bit signal
USchar20	CAN Mapping	2545	Atlantis High	HUReq_SSID	UTF_Char20	FD	8 bit signal
USchar21	CAN Mapping	2546	Atlantis High	HUReq_SSID	UTF_Char21	FD	8 bit signal
USchar22	CAN Mapping	2547	Atlantis High	HUReq_SSID	UTF_Char22	FD	8 bit signal
USchar23	CAN Mapping	2548	Atlantis High	HUReq_SSID	UTF_Char23	FD	8 bit signal
USchar24	CAN Mapping	2549	Atlantis High	HUReq_SSID	UTF_Char24	FD	8 bit signal
USchar25	CAN Mapping	2550	Atlantis High	HUReq_SSID	UTF_Char25	FD	8 bit signal
USchar26	CAN Mapping	2551	Atlantis High	HUReq_SSID	UTF_Char26	FD	8 bit signal
USchar27	CAN Mapping	2552	Atlantis High	HUReq_SSID	UTF_Char27	FD	8 bit signal
USchar28	CAN Mapping	2553	Atlantis High	HUReq_SSID	UTF_Char28	FD	8 bit signal
USchar29	CAN Mapping	2554	Atlantis High	HUReq_SSID	UTF_Char29	FD	8 bit signal
USchar30	CAN Mapping	2555	Atlantis High	HUReq_SSID	UTF_Char30	FD	8 bit signal
USchar31	CAN Mapping	2556	Atlantis High	HUReq_SSID	UTF_Char31	FD	8 bit signal
USchar32	CAN Mapping	2557	Atlantis High	HUReq_SSID	UTF_Char32	FD	8 bit signal
USchar33	CAN Mapping	2558	Atlantis High	HUReq_SSID	UTF_Char33	FD	8 bit signal
USchar34	CAN Mapping	2559	Atlantis High	HUReq_SSID	UTF_Char34	FD	8 bit signal
USchar35	CAN Mapping	2560	Atlantis High	HUReq_SSID	UTF_Char35	FD	8 bit signal
USchar36	CAN Mapping	2561	Atlantis High	HUReq_SSID	UTF_Char36	FD	8 bit signal
USchar37	CAN Mapping	2562	Atlantis High	HUReq_SSID	UTF_Char37	FD	8 bit signal
USchar38	CAN Mapping	2563	Atlantis High	HUReq_SSID	UTF_Char38	FD	8 bit signal
USchar39	CAN Mapping	2564	Atlantis High	HUReq_SSID	UTF_Char39	FD	8 bit signal
USchar40	CAN Mapping	2565	Atlantis High	HUReq_SSID	UTF_Char40	FD	8 bit signal
USchar41	CAN Mapping	2566	Atlantis High	HUReq_SSID	UTF_Char41	FD	8 bit signal
USchar42	CAN Mapping	2567	Atlantis High	HUReq_SSID	UTF_Char42	FD	8 bit signal
USchar43	CAN Mapping	2568	Atlantis High	HUReq_SSID	UTF_Char43	FD	8 bit signal
USchar44	CAN Mapping	2569	Atlantis High	HUReq_SSID	UTF_Char44	FD	8 bit signal
USchar45	CAN Mapping	2570	Atlantis High	HUReq_SSID	UTF_Char45	FD	8 bit signal
USchar46	CAN Mapping	2571	Atlantis High	HUReq_SSID	UTF_Char46	FD	8 bit signal
USchar47	CAN Mapping	2572	Atlantis High	HUReq_SSID	UTF_Char47	FD	8 bit signal
USchar48	CAN Mapping	2573	Atlantis High	HUReq_SSID	UTF_Char48	FD	8 bit signal
USchar49	CAN Mapping	2574	Atlantis High	HUReq_SSID	UTF_Char49	FD	8 bit signal
USchar50	CAN Mapping	2575	Atlantis High	HUReq_SSID	UTF_Char50	FD	8 bit signal
USchar51	CAN Mapping	2576	Atlantis High	HUReq_SSID	UTF_Char51	FD	8 bit signal
USchar52	CAN Mapping	2577	Atlantis High	HUReq_SSID	UTF_Char52	FD	8 bit signal
USchar53	CAN Mapping	2578	Atlantis High	HUReq_SSID	UTF_Char53	FD	8 bit signal
USchar54	CAN Mapping	2579	Atlantis High	HUReq_SSID	UTF_Char54	FD	8 bit signal
Cchar8	CAN Mapping	2580	Atlantis High	WIFI_CONNECTED_DEVICES	UTF_Char8	FD	8 bit signal
Cchar9	CAN Mapping	2581	Atlantis High	WIFI_CONNECTED_DEVICES	UTF_Char9	FD	8 bit signal
Cchar10	CAN Mapping	2582	Atlantis High	WIFI_CONNECTED_DEVICES	UTF_Char10	FD	8 bit signal
Cchar11	CAN Mapping	2583	Atlantis High	WIFI_CONNECTED_DEVICES	UTF_Char11	FD	8 bit signal
Cchar12	CAN Mapping	2584	Atlantis High	WIFI_CONNECTED_DEVICES	UTF_Char12	FD	8 bit signal
Cchar13	CAN Mapping	2585	Atlantis High	WIFI_CONNECTED_DEVICES	UTF_Char13	FD	8 bit signal
Cchar14	CAN Mapping	2586	Atlantis High	WIFI_CONNECTED_DEVICES	UTF_Char14	FD	8 bit signal
Cchar15	CAN Mapping	2587	Atlantis High	WIFI_CONNECTED_DEVICES	UTF_Char15	FD	8 bit signal
Cchar16	CAN Mapping	2588	Atlantis High	WIFI_CONNECTED_DEVICES	UTF_Char16	FD	8 bit signal
Cchar17	CAN Mapping	2589	Atlantis High	WIFI_CONNECTED_DEVICES	UTF_Char17	FD	8 bit signal
Cchar18	CAN Mapping	2590	Atlantis High	WIFI_CONNECTED_DEVICES	UTF_Char18	FD	8 bit signal
Cchar19	CAN Mapping	2591	Atlantis High	WIFI_CONNECTED_DEVICES	UTF_Char19	FD	8 bit signal
Cchar20	CAN Mapping	2592	Atlantis High	WIFI_CONNECTED_DEVICES	UTF_Char20	FD	8 bit signal
Cchar21	CAN Mapping	2593	Atlantis High	WIFI_CONNECTED_DEVICES	UTF_Char21	FD	8 bit signal
Cchar22	CAN Mapping	2594	Atlantis High	WIFI_CONNECTED_DEVICES	UTF_Char22	FD	8 bit signal
Cchar23	CAN Mapping	2595	Atlantis High	WIFI_CONNECTED_DEVICES	UTF_Char23	FD	8 bit signal
Cchar24	CAN Mapping	2596	Atlantis High	WIFI_CONNECTED_DEVICES	UTF_Char24	FD	8 bit signal
Cchar25	CAN Mapping	2597	Atlantis High	WIFI_CONNECTED_DEVICES	UTF_Char25	FD	8 bit signal
Cchar26	CAN Mapping	2598	Atlantis High	WIFI_CONNECTED_DEVICES	UTF_Char26	FD	8 bit signal
Cchar27	CAN Mapping	2599	Atlantis High	WIFI_CONNECTED_DEVICES	UTF_Char27	FD	8 bit signal
Cchar28	CAN Mapping	2600	Atlantis High	WIFI_CONNECTED_DEVICES	UTF_Char28	FD	8 bit signal
Cchar29	CAN Mapping	2601	Atlantis High	WIFI_CONNECTED_DEVICES	UTF_Char29	FD	8 bit signal
Cchar30	CAN Mapping	2602	Atlantis High	WIFI_CONNECTED_DEVICES	UTF_Char30	FD	8 bit signal
Cchar31	CAN Mapping	2603	Atlantis High	WIFI_CONNECTED_DEVICES	UTF_Char31	FD	8 bit signal
Cchar32	CAN Mapping	2604	Atlantis High	WIFI_CONNECTED_DEVICES	UTF_Char32	FD	8 bit signal
Cchar33	CAN Mapping	2605	Atlantis High	WIFI_CONNECTED_DEVICES	UTF_Char33	FD	8 bit signal
Cchar34	CAN Mapping	2606	Atlantis High	WIFI_CONNECTED_DEVICES	UTF_Char34	FD	8 bit signal
Cchar35	CAN Mapping	2607	Atlantis High	WIFI_CONNECTED_DEVICES	UTF_Char35	FD	8 bit signal
Cchar36	CAN Mapping	2608	Atlantis High	WIFI_CONNECTED_DEVICES	UTF_Char36	FD	8 bit signal
Cchar37	CAN Mapping	2609	Atlantis High	WIFI_CONNECTED_DEVICES	UTF_Char37	FD	8 bit signal
Cchar38	CAN Mapping	2610	Atlantis High	WIFI_CONNECTED_DEVICES	UTF_Char38	FD	8 bit signal
Cchar39	CAN Mapping	2611	Atlantis High	WIFI_CONNECTED_DEVICES	UTF_Char39	FD	8 bit signal
Cchar40	CAN Mapping	2612	Atlantis High	WIFI_CONNECTED_DEVICES	UTF_Char40	FD	8 bit signal
Cchar41	CAN Mapping	2613	Atlantis High	WIFI_CONNECTED_DEVICES	UTF_Char41	FD	8 bit signal
Cchar42	CAN Mapping	2614	Atlantis High	WIFI_CONNECTED_DEVICES	UTF_Char42	FD	8 bit signal
Cchar43	CAN Mapping	2615	Atlantis High	WIFI_CONNECTED_DEVICES	UTF_Char43	FD	8 bit signal
Cchar44	CAN Mapping	2616	Atlantis High	WIFI_CONNECTED_DEVICES	UTF_Char44	FD	8 bit signal
Cchar45	CAN Mapping	2617	Atlantis High	WIFI_CONNECTED_DEVICES	UTF_Char45	FD	8 bit signal
Cchar46	CAN Mapping	2618	Atlantis High	WIFI_CONNECTED_DEVICES	UTF_Char46	FD	8 bit signal
Cchar47	CAN Mapping	2619	Atlantis High	WIFI_CONNECTED_DEVICES	UTF_Char47	FD	8 bit signal
Cchar48	CAN Mapping	2620	Atlantis High	WIFI_CONNECTED_DEVICES	UTF_Char48	FD	8 bit signal
Cchar49	CAN Mapping	2621	Atlantis High	WIFI_CONNECTED_DEVICES	UTF_Char49	FD	8 bit signal
Cchar50	CAN Mapping	2622	Atlantis High	WIFI_CONNECTED_DEVICES	UTF_Char50	FD	8 bit signal
Cchar51	CAN Mapping	2623	Atlantis High	WIFI_CONNECTED_DEVICES	UTF_Char51	FD	8 bit signal
Cchar52	CAN Mapping	2624	Atlantis High	WIFI_CONNECTED_DEVICES	UTF_Char52	FD	8 bit signal
Cchar53	CAN Mapping	2625	Atlantis High	WIFI_CONNECTED_DEVICES	UTF_Char53	FD	8 bit signal
Cchar54	CAN Mapping	2626	Atlantis High	WIFI_CONNECTED_DEVICES	UTF_Char54	FD	8 bit signal
ACN_Hardwired	Proxi & Configuration	4	Atlantis(&High)		ACN_Hardwire	PROXI	0 = Absent\n1 = Present
ADASIS_Mini_Full	Proxi & Configuration	5	Atlantis(&High)		ADASIS_Mini_Full	PROXI	0 = Absent\n1 = ADASIS_Mini \n2 = ADASIS_Full
ADCAM_Present	Proxi & Configuration	6	Atlantis(&High)		CAN	PROXI	0 = Absent\n1 = Present
ADCAM_Present	Proxi & Configuration	6	Atlantis(&High)		node	PROXI	0 = Absent\n1 = Present
ADCAM_Present	Proxi & Configuration	6	Atlantis(&High)		ADCAM	PROXI	0 = Absent\n1 = Present
Advanced_Effect_Modes_Present	Proxi & Configuration	7	Atlantis(&High)		Advanced_Effect_Modes_Present	PROXI	\n0 = Off\n1 = On
AM_FM1_Antenna_Type	Proxi & Configuration	8	Atlantis(&High)		AM_FM1_Antenna_Type	PROXI	PROXI: AM_FM1_Antenna_Type \n0= Passive \n1= Active
AM_Presence	Proxi & Configuration	9	Atlantis(&High)		AM_Presence		0 = Absent\n1 = Present
Ambient_Lighting_Present	Proxi & Configuration	10	Atlantis(&High)		CAN	PROXI	0 = Absent\n1 = Present
Ambient_Lighting_Present	Proxi & Configuration	10	Atlantis(&High)		node	PROXI	0 = Absent\n1 = Present
Ambient_Lighting_Present	Proxi & Configuration	10	Atlantis(&High)		ALM	PROXI	0 = Absent\n1 = Present
AMPPresent	Proxi & Configuration	11	Atlantis(&High)		CAN	PROXI	
AMPPresent	Proxi & Configuration	11	Atlantis(&High)		node	PROXI	
AMPPresent	Proxi & Configuration	11	Atlantis(&High)		AMP	PROXI	
ANC_Cal_Param	Proxi & Configuration	12	Atlantis(&High)		ANC_Calibration_Parameter_Dataset	PROXI	n/a
ANT_TYP	Proxi & Configuration	13	Atlantis(&High)		Main_Ant_Supply_Cfg	PROXI	
APP_Audio_Config	Proxi & Configuration	14	Atlantis(&High)		APP_Audio_Config	PROXI	0 - Not Present\n1 - Base (RCG)\n2 - P2 (RC3)\n3 - P3 (RCA)\n4 - P4 (RGE)
Assist_Call_Button_Config	Proxi & Configuration	15	Atlantis(&High)		Assist_Call_Button_Config	PROXI	0 = Absent\n1 = Hard-wired – TBM direct handling  \n2 = Hard-wired – HU selection\n3 = Remote – TBM direct handing\n4 = Remote – HU selection\n# = Not Used
Audio Steering Wheel Controls on the IPC	Proxi & Configuration	16	Atlantis(&High)		Audio_Steering_Wheel_Controls_on_IPC	PROXI	0 = Disabled\n1 = Enabled
AUDIO_ENGINESOUNDSYNTHESIS_SETTING	Proxi & Configuration	17	Atlantis(&High)		Sound_Generator_setting	PROXI	0 = Absent\n1 = Present
AUDIO_EQUALIZER_SETTING	Proxi & Configuration	18	Atlantis(&High)		AUDIO_EQUALIZER_SETTING	PROXI	"""0 = Not Present\n1 = 2opt\n2 = 3opt\n3 = 4opt"""
AUDIO_MEDIA_EXPANDER_SETTING	Proxi & Configuration	19	Atlantis(&High)		AUDIO_MEDIA_EXPANDER_SETTING	PROXI	"""0 = Not Present\n1 = Present"""
AUDIO_SURROUND_SETTING	Proxi & Configuration	20	Atlantis(&High)		AUDIO_SURROUND_SETTING	PROXI	"""0 = Not Present\n1 = 2opt\n2 = 3opt"""
AUDIO_TUNINGMODE_SETTING	Proxi & Configuration	21	Atlantis(&High)		AUDIO_TUNINGMODE_SETTING	PROXI	"""0 = Not Present\n1 = Present"""
AUDIO_VIRTUALCONCERTHALLS_SETTING	Proxi & Configuration	22	Atlantis(&High)		AUDIO_VIRTUALCONCERTHALLS_SETTING	PROXI	0 = Not Present\n1 = Present
AudioCarLayout	Proxi & Configuration	23	Atlantis(&High)		Audio_Car_Lay_Out		
AudioSystemType	Proxi & Configuration	24	Atlantis(&High)		Audio_System_Type		0 = Base\n1 = Fiat Booster\n2 = Premium CAN \n3 = Beats\n# = Not Used
AUTO_STOP_START	Proxi & Configuration	25	Atlantis(&High)		Stop_Start_Menu		
Automatic_Recirculation	Proxi & Configuration	26	Atlantis(&High)		Automatic_Recirculation	PROXI	0=Absent\n1=Present
Autonomy_Level	Proxi & Configuration	27	Atlantis(&High)		Autonomy_Level	PROXI	see PROXI Document
AUX_Presence	Proxi & Configuration	28	Atlantis(&High)		AUX_Presence	PROXI	0 = Absent\n1 = Present
Battery_Type_II	Proxi & Configuration	29	Atlantis(&High)		Battery_Type_II	PROXI	0 = None\n1 = Battery 1\n2 = Battery 2\n# = Not Used
BSSPresent	Proxi & Configuration	31	Atlantis(&High)		CAN	PROXI	present [1] or absent [0]
BSSPresent	Proxi & Configuration	31	Atlantis(&High)		node	PROXI	present [1] or absent [0]
BSSPresent	Proxi & Configuration	31	Atlantis(&High)		LBSS	PROXI	present [1] or absent [0]
BSSPresent	Proxi & Configuration	31	Atlantis(&High)		CAN		present [1] or absent [0]
BSSPresent	Proxi & Configuration	31	Atlantis(&High)		node		present [1] or absent [0]
BSSPresent	Proxi & Configuration	31	Atlantis(&High)		RBSS		present [1] or absent [0]
BSSPresent	Proxi & Configuration	31	Atlantis(&High)		Blind_Spot_Monitoring		present [1] or absent [0]
BSSPresent	Proxi & Configuration	31	Atlantis(&High)		only		present [1] or absent [0]
BSSPresent	Proxi & Configuration	31	Atlantis(&High)		332BEV		present [1] or absent [0]
BSSPresent	Proxi & Configuration	31	Atlantis(&High)		project		present [1] or absent [0]
CabinEQ	Proxi & Configuration	32	Atlantis(&High)		Acustic_Configuration	PROXI	1-Byte\nValue = ID Number
Car_Shape_Configuration	Proxi & Configuration	33	Atlantis(&High)	Car_Configuration_10	Car_Shape_Configuration	PROXI	
CARB_Regulation_Type	Proxi & Configuration	34	Atlantis(&High)		CARB_Regulation_Type	PROXI	0 - Absent\n1 - CARB
CCDMF_Present	Proxi & Configuration	35	Atlantis(&High)		CAN	PROXI	
CCDMF_Present	Proxi & Configuration	35	Atlantis(&High)		node	PROXI	
CCDMF_Present	Proxi & Configuration	35	Atlantis(&High)		CCDMF	PROXI	
Cell_Presence	Proxi & Configuration	36	Atlantis(&High)		Cell_Presence	PROXI	0 = Absent\n1 = Present
Clima_Zone	Proxi & Configuration	37	Atlantis(&High)		Clima_Zone		0 = Mono Zone\n1 = 2 Zone\n2 = 3 Zone\n3 = 4 Zone
Climate_Type	Proxi & Configuration	38	Atlantis(&High)		Climate_Type		
Cluster_Display_Type	Proxi & Configuration	39	Atlantis(&High)		Cluster_Display_Type	PROXI	"0 = No Display Available\n1 = Base Display\n2 = Medium Display\n3 = High Display\n4 = TFT B/W Display\n5 = TFT Color Display 7""\n6 = TFT Color Display 10.25 ""\n# = Not Used"
Configuration_Families	Proxi & Configuration	40	Atlantis(&High)		Configuration_Families	PROXI	 0 = Invalid \n 1 = 200km SEDAN Entry RoW BEV \n 2 = 200km SEDAN RoW BEV \n 3 = 400km SEDAN RoW BEV \n 4 = 200km CABRIO RoW BEV \n 5 = 400km CABRIO RoW BEV \n 51 = 200km SEDAN NAFTA BEV \n 52 = 400km SEDAN NAFTA BEV\n# = Not Used
Connected_Services_Presence	Proxi & Configuration	41	Atlantis(&High)		Connected_Services_Presence	PROXI	0 = Absent\n1 = Present
Cooled_Seats	Proxi & Configuration	42	Atlantis(&High)		Cooled_Seats	PROXI	See Proxi Table
Country_Code	Proxi & Configuration	43	Atlantis(&High)	Car_Configuration_16	Country_Code	PROXI	
CPD	Proxi & Configuration	44	Atlantis(&High)		ANC	PROXI	2-Byte\nValue = ID Number
CPD	Proxi & Configuration	44	Atlantis(&High)		Calibration	PROXI	2-Byte\nValue = ID Number
CPD	Proxi & Configuration	44	Atlantis(&High)		Parameter	PROXI	2-Byte\nValue = ID Number
CPD	Proxi & Configuration	44	Atlantis(&High)		Dataset	PROXI	2-Byte\nValue = ID Number
Creep_Present	Proxi & Configuration	45	Atlantis(&High)		Creeping_Feature	PROXI	See proxi
DAB_Presence	Proxi & Configuration	46	Atlantis(&High)		DAB_Presence	PROXI	Proxi: DAB_Presence \n0= Absent \n1= Present
DCM_PPresent	Proxi & Configuration	48	Atlantis(&High)		CAN		
DCM_PPresent	Proxi & Configuration	48	Atlantis(&High)		node		
DCM_PPresent	Proxi & Configuration	48	Atlantis(&High)		PDM		
DCSD_cfg	Proxi & Configuration	51	Atlantis(&High)		CAN	PROXI	0 = Absent\n1 = Present
DCSD_cfg	Proxi & Configuration	51	Atlantis(&High)		node	PROXI	0 = Absent\n1 = Present
DCSD_cfg	Proxi & Configuration	51	Atlantis(&High)		DCSD		0 = Absent\n1 = Present
DEFROST_Cfg	Proxi & Configuration	52	Atlantis(&High)		DEFROST_Cfg	PROXI	0 = Front Defrost\n1 = MAX Defrost
Digital_Key_Present	Proxi & Configuration	54	Atlantis(&High)		Digital_Key_Present	PROXI	See proxi
Displacement	Proxi & Configuration	55	Atlantis(&High)		Engine_Type	PROXI	
Driver_Power_Seat_Variants	Proxi & Configuration	56	Atlantis(&High)		Driver_Power_Seat_Variants	PROXI	
DriverSide	Proxi & Configuration	57	Atlantis(&High)	Car_Configuration_1	Driver_Side	PROXI	0 = Left Side\n1 = Right Side
DriveStyleSelector_presence	Proxi & Configuration	58	Atlantis(&High)		Drive_Style_Selector	PROXI	 0 = Absent\n 1 = Drive Selector\n 2 = Terrain Selector\n
DrowsyDriverAlert_presence	Proxi & Configuration	59	Atlantis(&High)		Driver_Drowsy_Alert	PROXI	 0 = Absent\n 1 = Present on VP\n 2 = Present on IPC\n 3 = Present on IPC and VP\n
DSM_Presence	Proxi & Configuration	62	Atlantis(&High)		CAN	PROXI	 0 = Absent\n1 = Present
DSM_Presence	Proxi & Configuration	62	Atlantis(&High)		node	PROXI	 0 = Absent\n1 = Present
DSP_SK_PRSNT	Proxi & Configuration	63	Atlantis(&High)		Display_OFF_SoftKey_Prsnt		
DSP_SK_PRSNT	Proxi & Configuration	64	Atlantis(&High)		Display_OFF_SoftKey	PROXI	See Proxi Table
DTV_FrntCam_PRSNT	Proxi & Configuration	65	Atlantis(&High)		DTV_Front_Cam_Presence	PROXI	0 = Absent\n1 = Present
DTV_PRSNT_NC	Proxi & Configuration	66	Atlantis(&High)		Digital_Television_Feature		0 = Absent\n1 = Present
DTV_SideCam_PRSNT	Proxi & Configuration	67	Atlantis(&High)		DTV_Side_Cam_Presence	PROXI	0 = Absent\n1 = Present
E_Coasting_Adjustable_Levels	Proxi & Configuration	68	Atlantis(&High)		E_Coasting_Adjustable_Levels	PROXI	See proxi
EC_AudTel1B	Proxi & Configuration	70	Atlantis(&High)		Applicable	N/A	N/A
EC_AudTel2	Proxi & Configuration	71	Atlantis(&High)		Applicable	N/A	N/A
EC_Cluster1A	Proxi & Configuration	72	Atlantis(&High)		Applicable		
EC_ECUCfg16_Stat	Proxi & Configuration	73	Atlantis(&High)		Applicable		
EC_ECUCfg3_Stat	Proxi & Configuration	74	Atlantis(&High)		Applicable		
EC_Mirror_HK_Prsnt	Proxi & Configuration	75	Atlantis(&High)		EC_Mirror_Hard_Button_Present	PROXI	See Proxi Table
Ecall_Button_Config	Proxi & Configuration	76	Atlantis(&High)		Ecall_Button_Config	PROXI	0 = Absent\n1 = Hardwired\n2 = Virtual (CAN/LIN)\n3 = Hardwire - only TBM call\n# = Not Used
Ecall_Button_Variant	Proxi & Configuration	77	Atlantis(&High)		Ecall_Button_Variant	PROXI	0 = SOS\n1 = Help
Emission_Regulation_Type	Proxi & Configuration	78	Atlantis(&High)		Emission_Regulation_Type	PROXI	0 - Absent\n1 - Euro7
Engine_Torque_MAX	Proxi & Configuration	79	Atlantis(&High)		Engine_Torque_Parameter_MAX	PROXI	See Proxi file
EngineAspiration	Proxi & Configuration	80	Atlantis(&High)		Engine_Type	PROXI	
ETCM_Present	Proxi & Configuration	81	Atlantis(&High)		CAN	PROXI	See Proxi file
ETCM_Present	Proxi & Configuration	81	Atlantis(&High)		node	PROXI	See Proxi file
ETCM_Present	Proxi & Configuration	81	Atlantis(&High)		ITBM	PROXI	See Proxi file
ETCM_Present	Proxi & Configuration	81	Atlantis(&High)		ITCM	PROXI	See Proxi file
External_LTE_Diversity_Antenna	Proxi & Configuration	82	Atlantis(&High)		External_LTE_Diversity_Antenna	PROXI	0 = Absent\n1 = Present
External_Port_Type	Proxi & Configuration	83	Atlantis(&High)		External_Port_Type	PROXI	
External_Speaker_Presence	Proxi & Configuration	84	Atlantis(&High)		External_Speaker_Presence	PROXI	0 = Absent\n1 = Present
FM2_Presence	Proxi & Configuration	85	Atlantis(&High)		FM2_Presence	PROXI	Proxi: FM2_Presence \n0= Absent \n1= Present
FPDM_Present	Proxi & Configuration	86	Atlantis(&High)		CAN	PROXI	0 = Absent\n1 = Present
FPDM_Present	Proxi & Configuration	86	Atlantis(&High)		node	PROXI	0 = Absent\n1 = Present
FPDM_Present	Proxi & Configuration	86	Atlantis(&High)		FPDM	PROXI	0 = Absent\n1 = Present
Fuel_Cell_Presence	Proxi & Configuration	87	Atlantis(&High)		Fuel_Cell_Presence	PROXI	See Proxi file
FuelType	Proxi & Configuration	89	Atlantis(&High)		Fuel_Type	PROXI	
Full_Automatic_Parking_System	Proxi & Configuration	90	Atlantis(&High)		Semi_Automatic_Parking_System	PROXI	0 = Absent\n1 = Present
Geolocalization_Menu_Presence	Proxi & Configuration	91	Atlantis(&High)		Geolocation_Menu	PROXI	0 = Absent\n1 = Present
GLOVEBOX_SK_PRSNT	Proxi & Configuration	92	Atlantis(&High)		Glove_Box_Lock		
GPS_Presence	Proxi & Configuration	93	Atlantis(&High)		GPS_Presence	PROXI	Proxi: GPS_Presence \n0= Absent \n1= Present
HALFPresent	Proxi & Configuration	94	Atlantis(&High)		EOL	PROXI	
HALFPresent	Proxi & Configuration	94	Atlantis(&High)		node	PROXI	
HALFPresent	Proxi & Configuration	94	Atlantis(&High)		HALF	PROXI	
Head_Unit_Screen_Size	Proxi & Configuration	95	Atlantis(&High)		Radio_Display_Type	PROXI	"0 = Absent\n1 = 7"" 1280x768\n2 = 8.4"" 1024x768\n3 = 10.1"" 1920x1200 Lanscape\n4 = 10.1"" 1200x1920 Portrait\n5 = 10.25"" 1920x720\n6 = 12"" 1920x1200 Landscape\n7 = 12"" 1200x1920 Portrait\n8 = 12.3"" 1920x720\n9 = 14.46"" 1024x1920 AUO\n10 = 14.6 Neo QLED(1920x1080)\n11 = 10.1"" 1920x1200 CSOT LCD\n12 = 12.3"" 1920x720 INCell CSOT\n13 = 12.3"" 1920x720 AUO 2\n14 = 13.7"" 2048x1712\n15= 12.3"" 1920x720 T2"
Heated_Mirror_cfg	Proxi & Configuration	96	Atlantis(&High)	Car_Configuration_2	Heated_Mirror	CAN-B	0 = Absent\n1 = Present
Heated_Seat_Levels	Proxi & Configuration	97	Atlantis(&High)		Heated_Seat_Levels	PROXI	See Proxi Table
Heated_Seats	Proxi & Configuration	98	Atlantis(&High)		Heated_Seats	PROXI	See Proxi Table
Heated_Steering_Levels	Proxi & Configuration	99	Atlantis(&High)		Heated_Steering_Wheel_Levels	PROXI	0 = 1  Level\n1 = 2 Levels\n2 = 3 Levels\n# = Not Used
Heated_Steering_Levels	Proxi & Configuration	100	Atlantis(&High)		Heated_Steering_Wheel_Levels	PROXI	0 = 1  Level\n1 = 2 Levels\n2 = 3 Levels\n# = Not Used
Heated_Steering_Wheel	Proxi & Configuration	101	Atlantis(&High)		Heated_Steering_Wheel	PROXI	See Proxi Table
HillDescent	Proxi & Configuration	102	Atlantis(&High)		Hill_Descendent_Control		
HV_Battery_Pack	Proxi & Configuration	103	Atlantis(&High)		HV_Battery_Pack	PROXI	See Proxi file
HVAC_AUTO_ECO_Mode	Proxi & Configuration	104	Atlantis(&High)		HVAC_AUTO_ECO_Mode	PROXI	0 = Absent\n1 = Present
Hybrid_Type	Proxi & Configuration	105	Atlantis(&High)		Hybrid_Type		0 = Not Applicable\n1 = Battery Electric Vehicle  \n2 = Hybrid Electric Vehicle  \n3 = Plugin Hybrid Electric Vehicle  \n4 = 48V Belt Start Generator \n5 = 12V Belt Start Generator\n6 = REPB\n7 = Fuel Cell Electric Vehicle\n# = Not Used
ICSPresent	Proxi & Configuration	106	Atlantis(&High)	Configuration	CAN	PROXI	0 = Absent\n1 = Present
Independent_Rear_Fan	Proxi & Configuration	107	Atlantis(&High)		Rear_Blower	PROXI	0 = Absent\n1 = Present
Independent_Rear_Fan	Proxi & Configuration	107	Atlantis(&High)		Indipendent_Rear_Fan		0 = Absent\n1 = Present
Int_CAM_PRSNT	Proxi & Configuration	108	Atlantis(&High)		Interior_Monitoring_Camera	PROXI	0 = Absent\n1 = Present
Intersection_Collision_Assist	Proxi & Configuration	110	Atlantis(&High)		Intersection_Collision_Assist	PROXI	0 = Absent\n1 = Present
ITBMPresence	Proxi & Configuration	111	Atlantis(&High)		CAN	PROXI	0 = Absent \n1 = Present
ITBMPresence	Proxi & Configuration	111	Atlantis(&High)		node	PROXI	0 = Absent \n1 = Present
IVW_presence	Proxi & Configuration	112	Atlantis(&High)		Wizard_Feature	PROXI	\n0 = Off\n1 = Present on TLM\n2 = Present on IPC\n3 = Present on IPC and TLM
Lane_Assist	Proxi & Configuration	113	Atlantis(&High)		Lane_Assist	PROXI	0 = Not Present \n1 = Lane Departure Warning \n2 = Lane Departure Warning + Lane Keep Assist \n3 = Active Lane Management
Market_Area	Proxi & Configuration	114	Atlantis(&High)		Market_Area	PROXI	 0 = NAFTA\n 1 = EMEA\n 2 = LATAM\n 3 = APAC\n
Memory_Seat_Positions	Proxi & Configuration	116	Atlantis(&High)		Memory_Seat_Positions	PROXI	\n 0- two memory seat positions\n 1- three memory seat positions\n 2- four memory seat positions\n 3- five memory seat positions
Memory_Seat_Presence	Proxi & Configuration	117	Atlantis(&High)		Memory_System	PROXI	 0 = Absent\n1 = Present
MicrophoneAcousticCharacteristics	Proxi & Configuration	118	Atlantis(&High)	Infotainment_Configuration_8	Microphone_Type		0 = Peiker 300mV \n1 = Type 2\n2 = Type 3\n3 = Type 4
MicrophoneQuantity	Proxi & Configuration	119	Atlantis(&High)	Infotainment_Configuration_7	Microphone_Configuration		0 = 1 Microphone\n1 = 2 Microphones
MicrophoneTuningSet	Proxi & Configuration	120	Atlantis(&High)	Infotainment_Configuration_5	Microphone_Tuning_Parameter		0 = Absent\n1 = Mic Tuning set 1
MIM_PRESENCE	Proxi & Configuration	121	Atlantis(&High)		EOL	PROXI	See proxi
MIM_PRESENCE	Proxi & Configuration	121	Atlantis(&High)		node	PROXI	See proxi
MIM_PRESENCE	Proxi & Configuration	121	Atlantis(&High)		MIM	PROXI	See proxi
Model_Equipement	Proxi & Configuration	122	Atlantis(&High)		Model_Equipement	PROXI	See Proxi
NAV_Presence	Proxi & Configuration	123	Atlantis(&High)		NAV_Presence	PROXI	0 = Absent\n1 = Present
NET_CFG_STAT_INT	Proxi & Configuration	126	Atlantis(&High)		Applicable		
NET_CFG_STAT_PT	Proxi & Configuration	127	Atlantis(&High)		Applicable		
NetCfg_ADCM	Proxi & Configuration	128	Atlantis(&High)		CANnode37	PROXI	
NetCfg_ADCM	Proxi & Configuration	128	Atlantis(&High)		DCM	PROXI	
NetCfg_ADCM	Proxi & Configuration	128	Atlantis(&High)		ADCM	PROXI	
NetCfg_ASBS	Proxi & Configuration	129	Atlantis(&High)		CAN	PROXI	0 = Absent\n1 = Present
NetCfg_ASBS	Proxi & Configuration	129	Atlantis(&High)		node	PROXI	0 = Absent\n1 = Present
NetCfg_ASBS	Proxi & Configuration	129	Atlantis(&High)		ASBS	PROXI	0 = Absent\n1 = Present
NetCfg_ASCM	Proxi & Configuration	130	Atlantis(&High)		CAN	PROXI	0 = Absent\n1 = Present
NetCfg_ASCM	Proxi & Configuration	130	Atlantis(&High)		node	PROXI	0 = Absent\n1 = Present
NetCfg_ASCM	Proxi & Configuration	130	Atlantis(&High)		ASM	PROXI	0 = Absent\n1 = Present
NetCfg_ASCM	Proxi & Configuration	130	Atlantis(&High)		ASCM	PROXI	0 = Absent\n1 = Present
NetCfg_DTCM	Proxi & Configuration	132	Atlantis(&High)		CAN	PROXI	
NetCfg_DTCM	Proxi & Configuration	132	Atlantis(&High)		node	PROXI	
NetCfg_DTCM	Proxi & Configuration	132	Atlantis(&High)		DTCM	PROXI	
NetCfg_ELSD	Proxi & Configuration	134	Atlantis(&High)		CAN	PROXI	0 = Absent\n1 = Present
NetCfg_ELSD	Proxi & Configuration	134	Atlantis(&High)		node	PROXI	0 = Absent\n1 = Present
NetCfg_ELSD	Proxi & Configuration	134	Atlantis(&High)		105	PROXI	0 = Absent\n1 = Present
NetCfg_ELSD	Proxi & Configuration	134	Atlantis(&High)		ELSDM	PROXI	0 = Absent\n1 = Present
NetCfg_EPS	Proxi & Configuration	135	Atlantis(&High)		CAN	PROXI	
NetCfg_EPS	Proxi & Configuration	135	Atlantis(&High)		node	PROXI	
NetCfg_EPS	Proxi & Configuration	135	Atlantis(&High)		EPS	PROXI	
NetCfg_PPIM	Proxi & Configuration	137	Atlantis(&High)		CAN	PROXI	0 = Absent\n1 = Present
NetCfg_PPIM	Proxi & Configuration	137	Atlantis(&High)		Node	PROXI	0 = Absent\n1 = Present
NetCfg_PPIM	Proxi & Configuration	137	Atlantis(&High)		PPIM	PROXI	0 = Absent\n1 = Present
NetCfg_TCM	Proxi & Configuration	139	Atlantis(&High)		CAN	PROXI	
NetCfg_TCM	Proxi & Configuration	139	Atlantis(&High)		node	PROXI	
NetCfg_TCM	Proxi & Configuration	139	Atlantis(&High)		MTA	PROXI	
NetCfg_TCM	Proxi & Configuration	139	Atlantis(&High)		TCM	PROXI	
NetCfg_TCM	Proxi & Configuration	139	Atlantis(&High)		DCTM	PROXI	
NetCfg_VRM	Proxi & Configuration	142	Atlantis(&High)		CAN	PROXI	0 = Absent\n1 = Present
NetCfg_VRM	Proxi & Configuration	142	Atlantis(&High)		node	PROXI	0 = Absent\n1 = Present
NetCfg_VRM	Proxi & Configuration	142	Atlantis(&High)		127	PROXI	0 = Absent\n1 = Present
NetCfg_VRM	Proxi & Configuration	142	Atlantis(&High)		VRM	PROXI	0 = Absent\n1 = Present
Number_Of_Doors	Proxi & Configuration	144	Atlantis(&High)	Car_Configuration_11	Number_Of_Doors	PROXI	0 = No doors (Special Version)\n1 = 2 Doors\n2 = 3 Doors\n3 = 4 Doors
NumberOfVoiceRecognitionButtons	Proxi & Configuration	145	Atlantis(&High)	Infotainment_Configuration_8	Voice_Recognition_Activation		0 = 1 Button\n1 = 2 Buttons
OC_Dsbl	Proxi & Configuration	146	Atlantis(&High)		Speaker	PROXI	1-Bit\n0 = Enable DTC\n1 = Disable DTC
OC_Dsbl	Proxi & Configuration	146	Atlantis(&High)		_Open_Circuit_Disable	PROXI	1-Bit\n0 = Enable DTC\n1 = Disable DTC
OCM_Present	Proxi & Configuration	147	Atlantis(&High)		CAN	PROXI	0 = Absent\n1 = Present
OCM_Present	Proxi & Configuration	147	Atlantis(&High)		node	PROXI	0 = Absent\n1 = Present
OCM_Present	Proxi & Configuration	147	Atlantis(&High)		OCM	PROXI	0 = Absent\n1 = Present
OFFroad_Camera	Proxi & Configuration	148	Atlantis(&High)		Forward_Facing_Camera	PROXI	0 = Absent\n1 = Present
OFFRoadModePrsnt	Proxi & Configuration	149	Atlantis(&High)		Applicable		
PAMConfiguration	Proxi & Configuration	150	Atlantis(&High)		PAM_Configuration	PROXI	
PANIC	Proxi & Configuration	151	Atlantis(&High)		PANIC	PROXI	0 = Absent\n1 = Present
Park_Assist_Volume_Strategy	Proxi & Configuration	152	Atlantis(&High)		Park_Assist_Volume_Strategy	PROXI	0 = Customer Selectable Setting\n1 = Gear Position Based 
Park_With_Stop	Proxi & Configuration	153	Atlantis(&High)		Park_With_Stop	PROXI	0 = Absent\n1 = Present
Phone_As_A_Key	Proxi & Configuration	154	Atlantis(&High)		Phone_As_A_Key	PROXI	0 = Absent\n1 = Present
PTCM_Present	Proxi & Configuration	158	Atlantis(&High)		CAN	PROXI	0 = Absent\n1 = Present
PTCM_Present	Proxi & Configuration	158	Atlantis(&High)		node	PROXI	0 = Absent\n1 = Present
PTCM_Present	Proxi & Configuration	158	Atlantis(&High)		101	PROXI	0 = Absent\n1 = Present
PTCM_Present	Proxi & Configuration	158	Atlantis(&High)		PTCM	PROXI	0 = Absent\n1 = Present
PWR_INV_PRSNT	Proxi & Configuration	159	Atlantis(&High)		Power_Inverter_Presence	PROXI	0 = Absent\n1 = Present
QVPM_Configuration	Proxi & Configuration	160	Atlantis(&High)		QVPM_Configuration	PROXI	0 = Absent\n1 = Present Front\n2 = Present Rear\n3 = Present Front And Rear
Rear_Heated_Window_cfg	Proxi & Configuration	161	Atlantis(&High)	Car_Configuration_5	Rear_Heated_Window	CAN-B	0 = Absent\n1 = Present
Rear_HVAC_cfg	Proxi & Configuration	162	Atlantis(&High)		CAN	PROXI	0 = Absent\n1 = Present
Rear_HVAC_cfg	Proxi & Configuration	162	Atlantis(&High)		node	PROXI	0 = Absent\n1 = Present
Rear_HVAC_cfg	Proxi & Configuration	162	Atlantis(&High)		120	PROXI	0 = Absent\n1 = Present
Rear_HVAC_cfg	Proxi & Configuration	162	Atlantis(&High)		ECC_Rear	PROXI	0 = Absent\n1 = Present
Rear_HVAC_cfg	Proxi & Configuration	162	Atlantis(&High)		Rear_Climate		0 = Absent\n1 = Present
Rear_Screens_Present	Proxi & Configuration	164	Atlantis(&High)		Rear_Screens_Present	PROXI	0 = Absent\n1 = Present
Regulation_Type	Proxi & Configuration	165	Atlantis(&High)		Regulation_Type	PROXI	0 = Absent \n1 = GSR Variant \n2 = Type 2
Remote_Start_cfg	Proxi & Configuration	167	Atlantis(&High)	Car_Configuration_17	Remote_start	CAN-B	0 = Absent\n1 = Present
Remote_USB_Port_Present	Proxi & Configuration	168	Atlantis(&High)		Remote_USB_Port_Present		0 = Absent\n1 = Present
Reverse_Mute_Enable	Proxi & Configuration	169	Atlantis(&High)		Reverse_Mute_Enable	PROXI	0 = Disable \n1 = Enable
RVC_SK_PRSNT	Proxi & Configuration	170	Atlantis(&High)		Rear_View_Camera	Atl	0 = Absent\n1 = Present
RVC_SK_PRSNT	Proxi & Configuration	170	Atlantis(&High)		Rear_View_Camera_Soft_Button	Atl High	0 = Absent\n1 = Present
SD_Presence	Proxi & Configuration	171	Atlantis(&High)		SD_Presence	PROXI	0 = Absent\n1 = Present
SDARS_Presence	Proxi & Configuration	172	Atlantis(&High)		SDARS_Presence	PROXI	Proxi: SDARS_Presence \n0= Absent \n1= Present
SDWConfiguration	Proxi & Configuration	173	Atlantis(&High)		Side_Distance_Warning	PROXI	
SelectSpeedControl	Proxi & Configuration	174	Atlantis(&High)		Selec_Speed_Control_Feature	PROXI	0 = Absent\n1 = Present
Semi_Automatic_Parking_System	Proxi & Configuration	175	Atlantis(&High)		Semi_Automatic_Parking_System	PROXI	0 = Absent\n1 = Present
Side_Distance_Warning	Proxi & Configuration	176	Atlantis(&High)		Side_Distance_Warning	PROXI	0 = Absent\n1 = Present
SMMD_Present	Proxi & Configuration	177	Atlantis(&High)		CAN	PROXI	0 = Absent\n1 = Present
SMMD_Present	Proxi & Configuration	177	Atlantis(&High)		node	PROXI	0 = Absent\n1 = Present
SMMD_Present	Proxi & Configuration	177	Atlantis(&High)		SMMD	PROXI	0 = Absent\n1 = Present
Sound_Generator_Profile	Proxi & Configuration	178	Atlantis(&High)		Sound_Generator_Profile	PROXI	\n$00 = Not Present\n$01 = Default EQ Sets\n$D0 = ESE_M182_BASE_L4_EQ.xml\n$D1 = ESE_M182_BASE_V6_EQ.xml\n$D2 = ESE_M182_AMP17_L4_EQ.xml\n$D3 = ESE_M182_AMP17_V6_EQ.xml\n$D4 = ESS_M182_AMP17_BEV_EQ.xml\n$D5 = ESE_M182_AMP24_L4_EQ.xml\n$D6 = ESE_M182_AMP24_V6_EQ.xml\n$D7 = ESS_M182_AMP24_BEV_EQ.xml\n$D8 = ESE_M189G_AMP17_V6_EQ.xml\n$D9 = ESS_M189G_AMP17_BEV_EQ.xml\n$DA = ESE_M189G_AMP24_V6_EQ.xml\n$DB = ESS_M189G_AMP24_BEV_EQ.xml\n$DC = ESE_M189GC_AMP17_V6_EQ.xml\n$DD = ESS_M189GC_AMP17_BEV_EQ.xml\n$DE = ESE_M189GC_AMP24_V6_EQ.xml\n$DF = ESS_M189GC_AMP24_BEV_EQ.xml
Special_Brand_Configuration	Proxi & Configuration	180	Atlantis(&High)		Special_Brand_Configuration	PROXI	0 = No Special Brand\n1 = Brand 1 \n2 = Brand 2\n3 = Amazon
Speedometer_Range	Proxi & Configuration	181	Atlantis(&High)		Speedometer_Range	PROXI	see proxi file
Splashscreen_Type	Proxi & Configuration	182	Atlantis(&High)		Audio_Brand	PROXI	see proxi file
SRRP_Presence	Proxi & Configuration	183	Atlantis(&High)		CAN	PROXI	See proxi
SRRP_Presence	Proxi & Configuration	183	Atlantis(&High)		node	PROXI	See proxi
SRRP_Presence	Proxi & Configuration	183	Atlantis(&High)		SRRP	PROXI	See proxi
SRRP2_Presence	Proxi & Configuration	184	Atlantis(&High)		CAN	PROXI	See proxi
SRRP2_Presence	Proxi & Configuration	184	Atlantis(&High)		node	PROXI	See proxi
SRRP2_Presence	Proxi & Configuration	184	Atlantis(&High)		SRRP2	PROXI	See proxi
SteeringWheelButtonGroups	Proxi & Configuration	185	Atlantis(&High)	Infotainment_Configuration_7	RRM_VPx_Steering_Wheel_Command_Type		0 = Absent\n1 = Standard 6 Buttons\n2 = Standard 8 Buttons\n3 = Standrad 10 Buttons\n4 = 14_LIN_button_EMEA\n5 = 14_LIN_button_NAFTA\n# = Not Used
Stop_And_Start_cfg	Proxi & Configuration	188	Atlantis(&High)	Car_Configuration_1	Stop_And_Start	CAN-B	0 = Absent\n1 = Present
Surround	Proxi & Configuration	190	Atlantis(&High)		Surround	PROXI	1-Bit\n0 = Not Present\n1 = Present
SVC_SK_PRSNT	Proxi & Configuration	191	Atlantis(&High)		Surround_View_Camera	PROXI	0 = Absent\n1 = Present
TBM_Audio_Config	Proxi & Configuration	192	Atlantis(&High)		TBM_Audio_Config	PROXI	0 = Type 1\n1 = Type 2\n# = Not Used
TBM_Present	Proxi & Configuration	194	Atlantis(&High)		CAN	PROXI	0 = Absent\n1= Present
TBM_Present	Proxi & Configuration	194	Atlantis(&High)		node	PROXI	0 = Absent\n1= Present
TBM_Present	Proxi & Configuration	194	Atlantis(&High)		TBM	PROXI	0 = Absent\n1= Present
TBM_Present	Proxi & Configuration	194	Atlantis(&High)		CAN		0 = Absent\n1= Present
TBM_Present	Proxi & Configuration	194	Atlantis(&High)		node		0 = Absent\n1= Present
TBM_Present	Proxi & Configuration	194	Atlantis(&High)		TBM		0 = Absent\n1= Present
TBM_Present	Proxi & Configuration	194	Atlantis(&High)		FTM		0 = Absent\n1= Present
Temp_Display_Resolution	Proxi & Configuration	196	Atlantis(&High)		Temp_Display_Resolution		
Themed_Sounds	Proxi & Configuration	197	Atlantis(&High)		Themed_Sounds	PROXI	 0 = Not present \n 1 = Default Synthesized \n 2 = Default Wave \n 3 = 332 BEV \n 4 = Follow Brand_Configuration_2\n 5 = Fiat LATAM
Traffic_Sign_Connected_Service	Proxi & Configuration	199	Atlantis(&High)		Traffic_Sign_Connected_Service	PROXI	0 = Absent \n1 = Present
Traffic_Sign_Recognition	Proxi & Configuration	200	Atlantis(&High)		Traffic_Sign_Recognition	PROXI	0 = Absent\n1 = Present
TriMode_cfg	Proxi & Configuration	201	Atlantis(&High)		HVAC_Mode_Type	PROXI	0: No Tri-mode\n1: Tri-mode_5 modes\n2: Tri-mode_7 modes
TRSCPresence	Proxi & Configuration	202	Atlantis(&High)		Trailer_Reverse_Steering_Presence	PROXI	0 = Absent \n1 = Present
USB_Connection_Present	Proxi & Configuration	204	Atlantis(&High)		USB_Connection_Present	PROXI	0 = Absent\n1 = Present
USB_Presence	Proxi & Configuration	205	Atlantis(&High)		USB_Presence	PROXI	0 = Absent\n1 = 1  USB\n2 = 2  USB\n3 = 3  USB\n4 = 4  USB\n5 = 5  USB\n6 = 6  USB\n7 = 7  USB
V2H_Present	Proxi & Configuration	206	Atlantis(&High)		V2H_Present	PROXI	0 = Absent\n1 = Present
V2L_Present	Proxi & Configuration	207	Atlantis(&High)		V2L_Present	PROXI	0 = Absent\n1 = Present
V2V_Present	Proxi & Configuration	208	Atlantis(&High)		V2V_Present	PROXI	0 = Absent\n1 = Present
VC_ACC_Type	Proxi & Configuration	212	Atlantis(&High)		Adaptive_Cruise_Control	PROXI	0 = Absent \n1 = ACC \n2 = ACC with Stop \n 3 = ACC with Stop/Go
VC_ARC_PRSNT	Proxi & Configuration	221	Atlantis(&High)		After_Run_Cooling_Presence	PROXI	
VC_AS_ERS	Proxi & Configuration	222	Atlantis(&High)		ERS_Autostick_Presence	Proxi	See Proxi file
VC_AUTO_SS_CSO	Proxi & Configuration	230	Atlantis(&High)		CAN	PROXI	0 = Absent\n1 = Present
VC_AUTO_SS_CSO	Proxi & Configuration	230	Atlantis(&High)		node	PROXI	0 = Absent\n1 = Present
VC_AUTO_SS_CSO	Proxi & Configuration	230	Atlantis(&High)		PSSM	PROXI	0 = Absent\n1 = Present
VC_AxleLockerPrsnt	Proxi & Configuration	232	Atlantis(&High)		Drive_Type_Variant	PROXI	
VC_BODY_STYLE	Proxi & Configuration	235	Atlantis(&High)		Car_Shape_Configuration		
VC_BODY_STYLE	Proxi & Configuration	235	Atlantis(&High)		Number_Of_Doors		
VC_COUNTRY	Proxi & Configuration	250	Atlantis(&High)		Country_Code	PROXI	1 Byte\n\nSee PROXI Document
VC_DNTMD_PRSNT	Proxi & Configuration	255	Atlantis(&High)		Donut_Mode	PROXI	
VC_DRFTMD_PRSNT	Proxi & Configuration	260	Atlantis(&High)		Drift_Mode	PROXI	
VC_DRIVEMODE_AUTO	Proxi & Configuration	261	Atlantis(&High)		Auto_Mode	PROXI	
VC_DRIVEMODE_BAJA	Proxi & Configuration	262	Atlantis(&High)		Baja_Mode	PROXI	
VC_DRIVEMODE_CUSTOM	Proxi & Configuration	263	Atlantis(&High)		Custom_Mode	PROXI	
VC_DRIVEMODE_DRAG	Proxi & Configuration	264	Atlantis(&High)		Drag_Mode	PROXI	
VC_DRIVEMODE_MUDSAND	Proxi & Configuration	265	Atlantis(&High)		Mud_Sand_Mode	PROXI	
VC_DRIVEMODE_ROCK	Proxi & Configuration	266	Atlantis(&High)		Rock_Mode	PROXI	
VC_DRIVEMODE_SNOW	Proxi & Configuration	267	Atlantis(&High)		Snow_Mode	PROXI	
VC_DRIVEMODE_SPORT	Proxi & Configuration	268	Atlantis(&High)		Sport_Mode	PROXI	
VC_DRIVEMODE_TOW	Proxi & Configuration	269	Atlantis(&High)		Tow_Mode	PROXI	
VC_DRIVEMODE_TRACK	Proxi & Configuration	270	Atlantis(&High)		Track_Mode	PROXI	
VC_DRIVEMODE_WETSNOW	Proxi & Configuration	271	Atlantis(&High)		Wet_Snow_Mode	PROXI	
VC_DRVMD_Prsnt	Proxi & Configuration	273	Atlantis(&High)		Drive_Modes	PROXI	See proxi
VC_DSBL_CLK_DISP	Proxi & Configuration	274	Atlantis(&High)		Digital_Clock	PROXI	0 = Absent\n1 = Present
VC_ECO_Indicator	Proxi & Configuration	277	Atlantis(&High)		ECO_Mode_Presence	PROXI	See Proxi
VC_EmodePrsnt	Proxi & Configuration	278	Atlantis(&High)	Proxy	Advanced_Driver_Program_Kind_Button	PROXI	
VC_EngPowerDrvMd_Prsnt	Proxi & Configuration	279	Atlantis(&High)		ESC_Drive_Mode_Presence	PROXI	
VC_ESAVE_CSO	Proxi & Configuration	283	Atlantis(&High)		eSave_Menu	PROXI	See Proxi file
VC_ESCDrvMd_Prsnt	Proxi & Configuration	284	Atlantis(&High)		ESC_Drive_Mode_Presence	PROXI	
VC_FCW	Proxi & Configuration	285	Atlantis(&High)		Forward_Collision_Mitigation	PROXI	
VC_HdRstPrsnt	Proxi & Configuration	294	Atlantis(&High)		Headrest_Dump_Present		"0 = ""Absent""\n1 = ""Present"""
VC_IntEC_MIRR	Proxi & Configuration	301	Atlantis(&High)		EC_Mirror	PROXI	
VC_Launch_Control_PRSNT	Proxi & Configuration	303	Atlantis(&High)		Launch_Control	PROXI	
VC_Launch_Control_PRSNT	Proxi & Configuration	304	Atlantis(&High)		Launch_Control_PRSNT	PROXI	
VC_MemoryDRVMD_Prsnt	Proxi & Configuration	318	Atlantis(&High)		MemoryDRVMD_Prsnt	PROXI	
VC_MODEL_TYPE	Proxi & Configuration	319	Atlantis(&High)		MODEL_TYPE	PROXI	
VC_MODEL_YEAR	Proxi & Configuration	320	Atlantis(&High)	Car_Configuration_21	Model_Year	PROXI	Steps : 1 year each\nmin value =  2000 (00000000) ($00)\nMAX value = 2255 (11111111) ($FF)
VC_OffRoadPg	Proxi & Configuration	325	Atlantis(&High)		Off_Road_Pages	PROXI	0 = Absent\n1 = Present
VC_PdlsMdPrsnt	Proxi & Configuration	329	Atlantis(&High)		Paddle_Shifter_Menu	PROXI	
VC_PerfShftInd_Prsnt	Proxi & Configuration	331	Atlantis(&High)		Performance_Shift_Indicator	PROXI	See Proxi
VC_PP_Prsnt	Proxi & Configuration	334	Atlantis(&High)		Performance_Pages		0 = Absent\n1 = Present on VP\n2 = Present on IPC\n3 = Present on IPC and VP
VC_RCOPTNS_Prsnt	Proxi & Configuration	347	Atlantis(&High)		RCOPTNS_Prsnt	PROXI	
VC_ShftInd_Prsnt	Proxi & Configuration	362	Atlantis(&High)		Gear_Shift_Indicator	PROXI	
VC_SpecialPKG	Proxi & Configuration	369	Atlantis(&High)		Special_Package_VP	PROXI	
VC_SpecialPKG_IC	Proxi & Configuration	370	Atlantis(&High)		Applicable		
VC_SRT_PRSNT	Proxi & Configuration	373	Atlantis(&High)		SRT		
VC_TcaseTyp	Proxi & Configuration	388	Atlantis(&High)		Tcase_Type	PROXI	
VC_TIRE_CIRCUMF	Proxi & Configuration	414	Atlantis(&High)		Tyre_Size	None:	See PROXI Table
VC_TLC_PRSNT	Proxi & Configuration	416	Atlantis(&High)		Trailer_Light_Check	PROXI	See proxi
VC_TrailerTPM_Prsnt	Proxi & Configuration	419	Atlantis(&High)		Trailer_TPMS	PROXI	See proxi
VC_Trans_Equipped	Proxi & Configuration	420	Atlantis(&High)		Applicable		
VC_Trans_Equipped	Proxi & Configuration	421	Atlantis(&High)		Gear_Box_Type		
VC_TransType	Proxi & Configuration	424	Atlantis(&High)		Gear_Box_Type_Variant	PROXI	0 = Invalid\n1 = Jatco, JF613E FWD AWD 1 speed PTU\n2 = AISIN, MTX \n3 = DDCT 635, ATX \n4 = Jatco JF613E 4x4 2 speed PTU\n5 = 635, MTX \n6 = C510, MTX\n7 = 9HP48/948TE, 2WD/AWD \n8 = 9HP48/948TE, 4WD\n9 = C514 \n10 = DDCT 625 \n11 = DDCT 725 \n12 = DDCT 735 \n13 = Powertech 6F24, ATX\n# = Not Used
VC_TrnsDrvMdPrsnt	Proxi & Configuration	428	Atlantis(&High)		Transmission_Drive_Mode_Presence	PROXI	
VC_TSBM_Prsnt	Proxi & Configuration	429	Atlantis(&High)		Drive_Style_Selector	PROXI	
VC_VEH_BRAND	Proxi & Configuration	432	Atlantis(&High)		Brand_Configuration_2	None:	See PROXI Table
VC_VEH_LINE	Proxi & Configuration	433	Atlantis(&High)	Car_Configuration_15	Vehicle_Line_Configuration	None:	0 = Invalid\n51 = 343 (33 Hex)\n52 = 327FL (34 Hex)\n53 = 226 (35 Hex)\n80 = PF (50 Hex)\n81 = KL/K4  (51 Hex)\n82 = UF (52 Hex)\n83 = UT (53 Hex)\n84 = 334 (54 Hex)\n85 = 520 (55 Hex)\n86 = 551 /M1 (56 Hex)\n87 = 338 (57 Hex)\n88 = 521 (58 Hex)\n89 = 636 VM (59 Hex)\n90 = 356 (5A Hex)\n91 = 952 (5B Hex)\n92 = 341 (5C Hex)\n93 = 552/MP (5D Hex)\n94 =949 (5E Hex)\n95 = 523 (5F Hex)\n96 = 358 (60 Hex)\n97 = 359 (61 Hex)\n98 = 553/M4 (62 Hex)\n99 = 556/M6 (63 Hex)\n100 = K8 (64 Hex)\n101 = WL (65 Hex)\n# = Not Used
VC_VehCfg3_Stat	Proxi & Configuration	436	Atlantis(&High)		Applicable		
VC_XWD	Proxi & Configuration	442	Atlantis(&High)		Drive_Type_Variant	PROXI	Atlantis\n3 bit signal\n\n0 = FWD\n1 = RWD\n2 = Single Speed AWD\n3 = 2 Speed 4WD\n4 = 2 Speed 4WD with Elocker\n# = Not Used
Vehicle_Occupant_Capacity	Proxi & Configuration	443	Atlantis(&High)		Vehicle_Occupant_Capacity	PROXI	See proxi
Virtual_Memory_Seats_Button	Proxi & Configuration	444	Atlantis(&High)		Virtual_Memory_Seats_Button	PROXI	0 = Absent\n1 = Present
WeChat_button	Proxi & Configuration	446	Atlantis(&High)		WeChat_button	PROXI	0 = Absent\n1 = Present
Wifi_Presence	Proxi & Configuration	447	Atlantis(&High)		Fi_Cfg	PROXI	0 = Absent\n1 = Present
Wireless_Charging_Pad_Module	Proxi & Configuration	448	Atlantis(&High)		WCPM	PROXI	0 = Absent\n1 = Present
