lid	sheet	row	function	atlantis_high_signal	atlantis_high_can	atlantis_high_format	atlantis_signal	atlantis_can	atlantis_format	usage_comment	group_label_at_15	flags
2ndHdRstRelRq	CAN Mapping	0		RADIO_B3.HDRstRelRq_2ndRow	CAN-BH						Atlantis	
A_EV_Kilometers	CAN Mapping	0	A_EV_Kilometers	IPC_FD_11.A_EV_Kilometers	FD	see dbc					Atlantis	
A_EV_Miles	CAN Mapping	0	A_EV_Miles	IPC_FD_11.A_EV_Miles	FD	see dbc					Atlantis	
A_Hybrid_Kilometers	CAN Mapping	0	A_Hybrid_Kilometers	IPC_FD_11.A_Hybrid_Kilometers	FD	see dbc					Atlantis	
A_Hybrid_Miles	CAN Mapping	0	A_Hybrid_Miles	IPC_FD_11.A_Hybrid_Miles	FD	see dbc					Atlantis	
A_KMpL	CAN Mapping	0	A_KMpL								Atlantis	
A_MPG	CAN Mapping	0	A_MPG								Atlantis	
A_MPG A_KMpL	CAN Mapping	0	Trip MPG or KM per Liter	IPC_FD_6.AverageFuelConsumptionAPlus	FD	Atlantis 10 bit signal 0 - 102.3 miles/gallon or km/liter resolution = 0.1 miles/gallon or km/liter	TRIP_A.AverageFuelConsumptionAPlus		Atlantis 10 bit signal 0 - 102.3 miles/gallon or km/liter resolution = 0.1 miles/gallon or km/liter		Atlantis	
A_Total_Dist_Kilometers	CAN Mapping	0	A_Total_Dist_Kilometers								Atlantis	
A_Total_Dist_Miles	CAN Mapping	0	A_Total_Dist_Miles								Atlantis	
AbortCrankingAtc	CAN Mapping	0		BCM_FD_29.AbortCrankingAtc DRIVETRAIN_FD_2.AbortCrankingAtc	FD		BCM_VPS2.AbortCrankingAtc	CAN-B	0 = Not_Actuated 1 = Actuated		Atlantis	
ABS_IND_STAT	CAN Mapping	0	ABS_IND_STAT	IPC_FD_3.ABS_IND_STAT	FD	0 = Off 1 = On 2 = Blinking 3 = SNA					Atlantis	
ABSActive	CAN Mapping	0					BRAKE1.ABSActive	CAN-C	0 = Not_active 1 = Active	The required signal shall be added for Atlantis architecture and for SR23 CFTS102 implementation	Atlantis	ATL_HIGH_EMPTY
ABSIndLampStatus	CAN Mapping	0	ABSIndLampStatus	BRAKE_FD_5.ABSFailSts	FD	ATLANTIS 1 bit signal 0 = Fail_Not_Present 1 = Fail_Present	BRAKE8.ABSFailSts BRAKE8.ABSFailSts		ATLANTIS 1 bit signal 0 = Fail_Not_Present 1 = Fail_Present		Atlantis	
AC_Charge_Button_Label1	CAN Mapping	0	see CFTS088	VCDM_HMI2.AC_Charge_Button_Label1		see dbc					Atlantis	
AC_Charge_Button_Label2	CAN Mapping	0	see CFTS088	VCDM_HMI2.AC_Charge_Button_Label2		see dbc					Atlantis	
AC_Charge_Button_Label3	CAN Mapping	0	see CFTS088	VCDM_HMI2.AC_Charge_Button_Label3		see dbc					Atlantis	
AC_Charge_Button_Label4	CAN Mapping	0	see CFTS088	VCDM_HMI2.AC_Charge_Button_Label4		see dbc					Atlantis	
AC_Charge_Button_Label5	CAN Mapping	0	see CFTS088	VCDM_HMI2.AC_Charge_Button_Label5		see dbc					Atlantis	
AC_SW_RQ	CAN Mapping	0		TELEMATIC_FD_5.AC_SW_RQ	FD	1 bit signal	TELEMATIC_CLIMATE_SETUP.HVACAC_Req				Atlantis	
AC_SW_RQ_M	CAN Mapping	0	A/C on/off toggle request								Atlantis	
ACC_DistSwDec	CAN Mapping	0	ACC_Gap_Decrease	BCM_FD_13.ACC_DistSwDec	CAN-B	False True	SCCM_CRS_CTRL.ACC_DistSwDec		False True		Atlantis	
ACC_DistSwInc	CAN Mapping	0	ACC_Gap_Increase	BCM_FD_13.ACC_DistSwInc	FD	False True	SCCM_CRS_CTRL.ACC_DistSwInc		False True		Atlantis	
ACC_On	CAN Mapping	0	Adaptive Cruise Control ON/OFF	BCM_FD_13.ACC_On	FD	False True	SCCM_CRS_CTRL.ACC_On		False True		Atlantis	
ACC_WARN_STAT	CAN Mapping	0									Atlantis	
AccDelayAct	CAN Mapping	0	Accessory Delay Active	N/A			N/A		ATLANTIS	Feature not available on Atlantis Architecture	Atlantis	
AcceleratorPedalPosition	CAN Mapping	0	Pedal value for OBD (ISO 15031-5.4 PID 49)	ENGINE_SIMULATOR1.AccelPdlPosn_OBD_PT1	FD	-					Atlantis	
AcceleratorSts	CAN Mapping	0	Cruize SET/+ button	BCM_FD_13.AcceleratorSts	FD	Not_Active Active	SCCM_CRS_CTRL.AcceleratorSts		Not_Active Active		Atlantis	
AccelPdlPosn_OBD	CAN Mapping	0	Gas pedal position	ENGINE_FD_2.GasPedalPositionFailSts	FD	Atlantis 1 bit signal 0 = Fail not present 1 = Fail present	ENGINE1.GasPedalPositionFailSts		Atlantis 1 bit signal 0 = Fail not present 1 = Fail present		Atlantis	
AccelPdlPosn_OBD	CAN Mapping	0	Accel Pedal percent	OBD_CONTENT_FRAME.AccelPdlPosn_OBD	CAN-B	ATLANTIS 8 bit mesaage Resolution = 0.3922%	OBD_CONTENT_FRAME.AccelPdlPosn_OBD		ATLANTIS 8 bit mesaage Resolution = 0.3922%		Atlantis	
AccelPdlPosn_OBD	CAN Mapping	0	Gas pedal position	ENGINE_FD_2.GasPedalPosition	FD	Atlantis 8 bit signal 0 - 99.568 % resolution = 0.392%	ENGINE1.GasPedalPosition		Atlantis 8 bit signal 0 - 99.568 % resolution = 0.392%		Atlantis	
ACCFaulted	CAN Mapping	0	ACC faulted	DASM_FD_2.ACCFailSts DASM_FD_2.NCCFailSts	FD	Atlantis 1 bit signal (ACCFailSts) 0 = Fail_not_present 1 = Fail_Present 1 bit signal (NCCFailSts) 0 = Fail_not_present 1 = Fail_Present	STATUS_DASM.ACCFailSts STATUS_DASM.NCCFailSts		Atlantis 1 bit signal (ACCFailSts) 0 = Fail_not_present 1 = Fail_Present 1 bit signal (NCCFailSts) 0 = Fail_not_present 1 = Fail_Present		Atlantis	
ACConlyNA_DASMSts	CAN Mapping	0	ACC only not available	DASM_FD_2.ACCFailSts DASM_FD_2.DASMFailSts	FD	Atlantis 1 bit signal (ACCFailSts) 0 = Fail_not_present 1 = Fail_Present 1 bit signal (DASMFailSts) 0 = Fail_Present 1 = Fail_not_present	STATUS_DASM.ACCFailSts STATUS_DASM.DASMFailSts		Atlantis 1 bit signal (ACCFailSts) 0 = Fail_not_present 1 = Fail_Present 1 bit signal (DASMFailSts) 0 = Fail_Present 1 = Fail_not_present		Atlantis	
ACConlyNA_DASMSts	CAN Mapping	0					C2_IGW3.ACCFailSts	CAN-C	0 = Fail_not_present 1 = Fail_Present	The required signal shall be added for Atlantis architecture and for SR23 CFTS102 implementation	Atlantis	ATL_HIGH_EMPTY
ACCSystemSts	CAN Mapping	0					C2_IGW3.ACCSystemSts	CAN-C	0 = OFF 1 = Enabled 2 = Engaged 3 = Engaged_BrakeOnly 4 = Override 5 = Cancel	The required signal shall be added for Atlantis architecture and for SR23 CFTS102 implementation	Atlantis	ATL_HIGH_EMPTY
Act_Damping_Ctrl	CAN Mapping	0	Active damping control status								Atlantis	
ActlAccelPdlPosn	CAN Mapping	0	Actual Accel Pedal Position								Atlantis	
ActualH2Consumption	CAN Mapping	0					FCPS_DATA1.ActualH2Consumption	CAN-C	See dbc		Atlantis	ATL_HIGH_EMPTY
ActualRearDifferentialTorqueLock	CAN Mapping	0	Rear Differential Torque Lock				Not Applicable				Atlantis	ATL_HIGH_EMPTY
ACV_FailType	CAN Mapping	0		STATUS_CLIMATE9.ACV_FailType BCM_FD_26.ACV_FailType	B FD	0=None 1-7 = Reserved				ECC shall use the CAN B signal. TBM shall use the FD signal.	Atlantis	
ACV_Request	CAN Mapping	0		STATUS_BH_BCM2.ACV_Request TBM_FD_1.ACV_Request	B FD	0=OFF 1=ON				ECC shall use the CAN B signal. TBM shall use the FD signal.	Atlantis	
ACV_Status	CAN Mapping	0		STATUS_CLIMATE9.ACV_Status BCM_FD_26.ACV_Status	B FD	0=OFF 1=ON 2=Reserved 3=SNA				ECC shall use the CAN B signal. TBM shall use the FD signal.	Atlantis	
ADAS_CountryCode	CAN Mapping	0	Country Code	TELEMATIC_FD_11.CountryCode	FD	10 bit signal	META_DATA.ADAS_Meta_CountryCode				Atlantis	
ADAS_L3_TellTaleSts	CAN Mapping	0	Addresses HMI Autodrive L3 requirement on Status bar and Lockout conditions.	ADAS_FD_HMI.L3_TelltaleSts	FD	00.- OFF 01.- White 02.- Blue 03.- Blue_Flashing 04.- Yellow_Flashing 05.- Red_Flashing 06.- Red 07.- SNA					Atlantis	
ADAS_MRM_STATUS	CAN Mapping	0		ADAS_FD_INFO.MRM_STATUS	FD	0 = Not_Active 1 = MRM_in_Process 2 = Vehicle_Secure_Request 3 = Vehicle_Securement_Complete 4 = Canceled 7 = SNA					Atlantis	
ADAS_MRM_STATUS_C2	CAN Mapping	0		ADAS_FD_INFO_C2.MRM_STATUS_C2	FD	0 = Not_Active 1 = MRM_in_Process 2 = Vehicle_Secure_Request 3 = Vehicle_Securement_Complete 4 = Canceled 7 = SNA					Atlantis	
ADC_DrvMd_CfgSts	CAN Mapping	0	ADC Drive Mode Config Status	BCM_FD_11.ADC_DrvMd_CfgSts	FD	0 = MODE_1 1 = MODE_2 2 = MODE_3 3 = SNA					Atlantis	
ADC_Stat_2	CAN Mapping	0		ASCM_FD_2.ADC_Stat_2	FD	See dbc					Atlantis	
ADS_DrvMd_CfgSts	CAN Mapping	0		BCM_FD_26.ADS_DrvMd_CFGSts_TMI	FD	0 - MODE_1 1 - MODE_2 2 - MODE_3 3 - DM1 4 - DM2 5 - DM3 6 - DEFAULT 7 - SNA				As of V1.54, message.signal name requested. Actual name may vary.	Atlantis	
ADS_MODE_REQ	CAN Mapping	0	ADS Mode Request								Atlantis	
ADS_SrvSys	CAN Mapping	0	ADS service system								Atlantis	
AEBFailSts	CAN Mapping	0					C2_IGW3.AEBFailSts	CAN-C	0 = Fail_Present 1 = Fail_not_present	The required signal shall be added for Atlantis architecture and for SR23 CFTS102 implementation	Atlantis	ATL_HIGH_EMPTY
AEBTempFailSts	CAN Mapping	0					C2_IGW3.AEBTemporaryFailSts	CAN-C	0 = Fail_Present 1 = Fail_not_present	The required signal shall be added for Atlantis architecture and for SR23 CFTS102 implementation	Atlantis	ATL_HIGH_EMPTY
AFTER_RUN_STATUS	CAN Mapping	0	Quick Cool down feature	ENGINE_FD_8.AFTER_RUN_STATUS	FD						Atlantis	
AHBFault	CAN Mapping	0	AHB Fault	HAPTIC1.AHBFault	CAN-B	1 bit 0 = Off 1 = On	HAPTIC1.AHBFault		1 bit 0 = Off 1 = On		Atlantis	
AIR_BAG_STAT	CAN Mapping	0									Atlantis	
AirbagIndLamp	CAN Mapping	0	SRS indication lamp request	ORC_FD_1.AirBagFailSts	FD	ATLANTIS 0 = Fail_Not_Present_Lamp_Off, 1 = Fail_Not_Present_Flashing, 2 = Fail_Present_Lamp_On, 3 = Not_Used	AIRBAG1.AirBagFailSts		ATLANTIS 0 = Fail_Not_Present_Lamp_Off, 1 = Fail_Not_Present_Flashing, 2 = Fail_Present_Lamp_On, 3 = Not_Used		Atlantis	
AirCondStatus	CAN Mapping	0	Air Conditioning Status	STATUS_CLIMATE2.HVACAC_Sts	CAN-B	ATLANTIS 0 = OFF 1 = ON 2 = BLINK 3 = SNA	STATUS_CLIMATE2.HVACAC_Sts		ATLANTIS 0 = OFF 1 = ON 2 = BLINK 3 = SNA		Atlantis	
AirFuelRatio	CAN Mapping	0		ENGINE_FD_5.AirFuelRatio	FD						Atlantis	
AirSuspensionDown_Req	CAN Mapping	0	Air Suspension Down softkey	TELEMATIC_FD_11.HU_AirSusp_DnSw1	FD	ATLANTIS 1 bit signal 0 =Not_Pressed 1 = Pressed					Atlantis	
AirSuspensionStatus	CAN Mapping	0	Air suspension status	ASCM_FD_2.ASCM_Stat	FD	4 bit sgnal 0 = NONE 1 = DUMP 2 = PARK 3 = AERO 4 = NVL 5 = OR1 6 = ORL2 7 = EEHNA 8 = RAISE 9 = LOWER 10 = SYSFAIL 11 = SRVS 12 = AERO2 15 = SNA	AIR_SUSP_2.ASCM_Stat		4 bit message No message / NO_MESS Trailer dump / DUMP Park mode / PARK Aero level / AERO Normal vehicle level / NVL Offroad Level 1 / OR1 Offroad Level 2 (high speed aero) / ORL2 Entry/Exit (Park) height unavailable / EEHNA Raising / RAISE Lowering / LOWER Raising/Lowering interrupted / RL_INT Service Air Suspension / SRVS Aero 2 level / AERO2 Signal not available / SNA		Atlantis	
AirSuspensionUp_Req	CAN Mapping	0	Air Suspension Up softkey	TELEMATIC_FD_11.HU_AirSusp_UpSw1	FD	ATLANTIS 1 bit signal 0 =Not_Pressed 1 = Pressed					Atlantis	
AllowClimateSchd1	CAN Mapping	0		CLIMATE_SCHEDULE_HU1.AllowClimateSchd1	FD	See dbc file					Atlantis	
AllowClimateSchd2	CAN Mapping	0		CLIMATE_SCHEDULE_HU1.AllowClimateSchd2	FD	See dbc file					Atlantis	
AMB_TEMP_AVG	CAN Mapping	0	Average Ambient Temperature	"""BCM_FD_9.ExternalTemperature BCM_FD_10.ExternalTemperatureC BCM_FD_10.ExternalTemperatureF"""	FD	See dbc					Atlantis	
AmbientLightingIntensityZone1	CAN Mapping	0	Signals for corresponding zones representing brightness/intensity	RADIO_B9.IntelAmbLight_Intensity_Zone	CAN-BH	Level 0 - Level 100					Atlantis	
AmbientLightingIntensityZone2	CAN Mapping	0	Signals for corresponding zones representing brightness/intensity	RADIO_B9.IntelAmbLight_Intensity_Zone2	CAN-BH	Level 0 - Level 100					Atlantis	
AmbientLightingLevel	CAN Mapping	0		IPC_VEHICLE_SETUP.AmbientLightingLevel CENTERSTACK3.AmbDimmerPos (MASAH)			IPC_VEHICLE_SETUP.AmbientLightingLevel				Atlantis	
AmbientLightingLevel_Req	CAN Mapping	0		CENTERSTACK3.AmbDimmerPos (MASAH)							Atlantis	
AMPAudioStatus	CAN Mapping	0	AMP Audio Output Status	STATUS_AMP.AUDIOSts_AMP	CAN-B	0 = Initializaton 1 = Available 2 = Not_Available	STATUS_AMP.AUDIOSts_AMP		0 = Initializaton 1 = Available 2 = Not_Available		Atlantis	
AMPSurroundAvailable	CAN Mapping	0	Surround sound available for selected cabin mode	STATUS_AMP.SURR_AVAILSts	CAN-B	1 bit signal 0 = False 1 = True	STATUS_AMP.SURR_AVAILSts		1 bit signal 0 = False 1 = True		Atlantis	
AMPSurroundSTS	CAN Mapping	0	Driver Select Surround Status	STATUS_AMP.AMP_DSS_STATSts	CAN-B	2 bit signal 0 = CFG_ST 1 = CFG_VID_SURR 2 = CFG_AUD_SURR	STATUS_AMP.AMP_DSS_STATSts		2 bit signal 0 = CFG_ST 1 = CFG_VID_SURR 2 = CFG_AUD_SURR		Atlantis	
AntiTheftStatus	CAN Mapping	0	Anti-Theft Status	STATUS_TELEMATIC.AntitheftSts	CAN-B	2 bit signal 0 = Not_Successfully 1 = In_Progress 2 = Successfully	STATUS_TELEMATIC.AntitheftSts		2 bit signal 0 = Not_Successfully 1 = In_Progress 2 = Successfully		Atlantis	
AQS_Active	CAN Mapping	0	Air quality sensor is active				HVAC_A1.AQS_Active			Atlantis for M240	Atlantis	ATL_HIGH_EMPTY
ASBM4_Climate_btn_1	CAN Mapping	0	ASBM4 signal for Auto Eco pop-up	BCM_ASBM4.Climate_button_1	BH	See DBC					Atlantis	
ASBM4_Climate_btn_2	CAN Mapping	0	Front Recirc	BCM_ASBM4.Climate_button_2	BH	See DBC					Atlantis	
ASBM4_Climate_btn_3	CAN Mapping	0	Front A/C	BCM_ASBM4.Climate_button_3	BH	See DBC					Atlantis	
ASBM4_Climate_btn_4	CAN Mapping	0	Max Defrost	BCM_ASBM4.Climate_button_4	BH	See DBC					Atlantis	
ASBM4_Climate_btn_5	CAN Mapping	0	Rear Defrost	BCM_ASBM4.Climate_button_5	BH	See DBC					Atlantis	
ASBM4_Climate_btn_9	CAN Mapping	0	Front Climate Off	BCM_ASBM4.Climate_button_9	BH	See DBC					Atlantis	
ASBM4_Climate_btn_10	CAN Mapping	0	Front Left Temp UP ASBM4_Climate_btn_10 for temperature pop-up	BCM_ASBM4.Climate_button_10	BH	See DBC					Atlantis	
ASBM4_Climate_btn_11	CAN Mapping	0	Front Left Temp Down ASBM4_Climate_btn_11 for temperature pop-up	BCM_ASBM4.Climate_button_11	BH	See DBC					Atlantis	
ASBM4_Climate_btn_12	CAN Mapping	0	Front Right Temp UP ASBM4_Climate_btn_12 for temperature pop-up	BCM_ASBM4.Climate_button_12	BH	See DBC					Atlantis	
ASBM4_Climate_btn_13	CAN Mapping	0	Front Right Temp UP ASBM4_Climate_btn_13 for temperature pop-up	BCM_ASBM4.Climate_button_13	BH	See DBC					Atlantis	
ASBM4_Climate_btn_14	CAN Mapping	0	Front Blower Up	BCM_ASBM4.Climate_button_14	BH	See DBC					Atlantis	
ASBM4_Climate_btn_15	CAN Mapping	0	Front Blower Down	BCM_ASBM4.Climate_button_15	BH	See DBC					Atlantis	
ASBM4_Climate_btn_20	CAN Mapping	0	Front Mode Toggle	BCM_ASBM4.Climate_button_20	BH	See DBC					Atlantis	
ASC_DrvMd_CfgSts	CAN Mapping	0		BCM_FD_26.ASC_DrvMd_CfgSts_TMI	FD	0 - DEFAULT 1 - DM1 2 - DM2 3 - DM3 4 - MODE_1 5 - MODE_2 6 - MODE_3 7 - SNA				As of V1.54, message.signal name requested. Actual name may vary.	Atlantis	
ASC_MODE_REQ	CAN Mapping	0		TELEMATIC_FD_15.ETM_ASC_MODE_REQ	FD	0 - DEFAULT 1 - DM1 2 - DM2 3 - DM3 4 - MODE_1 5 - MODE_2 6 - MODE_3 7 - SNA				As of V1.54, message.signal name requested. Actual name may vary.	Atlantis	
ASCM_SysFail	CAN Mapping	0	ASCM System Fail	ASCM_FD_2.ASCM_SysFail	FD	0 = FALSE 1 = TRUE	AIR_SUSP_2.ASCM_SysFail		1 bit 0 = not fail 1 = Fail		Atlantis	
ASRActive	CAN Mapping	0	ASR functionality	BRAKE_FD_4.ASRActive	FD	Atlantis 1 bit signal 0 = Not_active 1 = Active	BRAKE7.ASRActive		Atlantis 1 bit signal 0 = Not_active 1 = Active		Atlantis	
ATMPressure	CAN Mapping	0	ATMPressure								Atlantis	
Audible_Warning	CAN Mapping	0		<pending>.Audible_Warning	FD					Message pending	Atlantis	
Audible_Warning_Sts	CAN Mapping	0		<pending>.Audible_Warning_Sts	FD					Message pending	Atlantis	
Audio_Range_Impact	CAN Mapping	0		<pending>.Audio_Range_Impact	FD					Message pending	Atlantis	
AudioBattHigh	CAN Mapping	0	Audio System Battery Voltage High indication				N/A		N/A		Atlantis	ATL_HIGH_EMPTY
AudioBattLow	CAN Mapping	0	Audio System Battery Voltage Low indication				N/A		N/A		Atlantis	ATL_HIGH_EMPTY
AudioDiagDisable	CAN Mapping	0	Audio System Disable Diagnostics indication				N/A		N/A		Atlantis	ATL_HIGH_EMPTY
AudioMenuPopup	CAN Mapping	0		IPC_FD_11.AudioMenuPopup	FD	0 = Not_Active 1 = Active	CLUSTER3.AudioMenuPopup		0=Not Active 1=Active		Atlantis	
AudioMuteReq	CAN Mapping	0									Atlantis	
AudioReq	CAN Mapping	0					STATUS_TBM.AudioRequest				Atlantis	ATL_HIGH_EMPTY
AUTO_MD_SW_RQ	CAN Mapping	0		TELEMATIC_FD_5.AUTO_MD_SW_RQ	FD	1 bit signal	TELEMATIC_CLIMATE_SETUP.HVACAuto_Req				Atlantis	
AUTO_MD_SW_RQ_2_M	CAN Mapping	0	AUTO mode toggle request 2 (AUTO Right Softkey)	TGW_HVAC_CTRL_M.AUTO_MD_SW_RQ_2_M			TGW_HVAC_CTRL_M.AUTO_MD_SW_RQ_2_M			Atlantis for M240 Atlantis-High for M240BEV	Atlantis	
AUTO_MD_SW_RQ_M	CAN Mapping	0	AUTO mode toggle request	TGW_HVAC_CTRL_M.AUTO_MD_SW_RQ_M			TGW_HVAC_CTRL_M.AUTO_MD_SW_RQ_M			Atlantis for M240 Atlantis-High for M240BEV	Atlantis	
Auto_Oil_Chg	CAN Mapping	0	Auto oil Change							AutoOilChange	Atlantis	
Auto_Stat	CAN Mapping	0	Automatic temperature control status	STATUS_CLIMATE2.HVACAuto_Sts	CAN-B	ATLANTIS 0 = OFF 1 = ON 2 = BLINK 3 = SNA	STATUS_CLIMATE2.HVACAuto_Sts		ATLANTIS 0 = OFF 1 = ON 2 = BLINK 3 = SNA		Atlantis	
Auto_Stat_2	CAN Mapping	0	Automatic temperature control status 2	HVAC_A1.AUTO_STAT_2			HVAC_A1.AUTO_STAT_2			Atlantis for M240 Atlantis-High for M240BEV	Atlantis	
AutomaticOilChange	CAN Mapping	0	AutoOilChange	STATUS_CCAN4.OilLifeSts	CAN-B	ATLANTIS 2 bit signal 0 = Normal_Oil_Properties 1 = Oil_Life_Reset 2 = Change_Oil_Required 3 = Not_used	STATUS_CCAN4.OilLifeSts		ATLANTIS 2 bit signal 0 = Normal_Oil_Properties 1 = Oil_Life_Reset 2 = Change_Oil_Required 3 = Not_used	B and C CAN	Atlantis	
AutonomyZEV	CAN Mapping	0	Range in km to compute the distance model	(Moved to AtlMi)			HCP_DISP3.AutonomyZEV			Used on Ducato and ProMaster	Atlantis	
AutoVehHoldSts	CAN Mapping	0		BRAKE_FD_7.AutoVehHoldSts			BRAKE13.AutoVehHoldSts BRAKE7.HNGActive				Atlantis	
AverageTempC	CAN Mapping	0	Ambient Temp C	BCM_FD_10.ExternalTemperatureC	FD	ATLANTIS 9 bit signal (ExternalTemperatureC) -85 - +170 degrees C resolution = 0.5 degrees C 1 bit signal (ExternalTemperatureFailSts) 0 = Fail_not_present 1 = Fail_present	STATUS_BH_BCM2.ExternalTemperatureC STATUS_BH_BCM2.ExternalTemperatureFailSts		ATLANTIS 9 bit signal (ExternalTemperatureC) -85 - +170 degrees C resolution = 0.5 degrees C 1 bit signal (ExternalTemperatureFailSts) 0 = Fail_not_present 1 = Fail_present	AverageTemp	Atlantis	
AverageTempF	CAN Mapping	0	Ambient Temp F	BCM_FD_10.ExternalTemperatureF	FD	ATLANTIS 9 bit signal (ExternalTemperatureF) -121 - +389 degrees F resolution = 1 degrees F 1 bit signal (ExternalTemperatureFailSts) 0 = Fail_not_present 1 = Fail_present	STATUS_BH_BCM2.ExternalTemperatureF STATUS_BH_BCM2.ExternalTemperatureFailSts		ATLANTIS 9 bit signal (ExternalTemperatureF) -121 - +389 degrees F resolution = 1 degrees F 1 bit signal (ExternalTemperatureFailSts) 0 = Fail_not_present 1 = Fail_present		Atlantis	
Avg_Fuel_Econ	CAN Mapping	0									Atlantis	
AvgFuelEcon	CAN Mapping	0	Instantaneous fuel consumption	ENGINE_FD_6.FuelConsumption_GAG	FD	ENGINE_FD_6.FuelConsumption_GAG: 16 bit signal Units are litres/hour Offset = 0 Factor = 0.0022 Range is 0 to 144.1748 SNA = 65535	STATUS_CCAN4.FuelConsumption_GAG		ATLANTIS 16 bit signal 0 - +144.1748 litres/hour resolution = 0.0022 litres/hour		Atlantis	
AvgFuelLevel	CAN Mapping	0	Avg Fuel Level liters	BCM_FD_9.FuelLevel	FD	ATLANTIS 8 bit (FuelLevel) 0 - +255% Resolution = 1% 1 bit signal (FuelLevelFailSts) 0 = Fail_Not_Present 1 = Fail_Present	STATUS_BH_BCM1.FuelLevel STATUS_BH_BCM1.FuelLevelFailSts BODY3.FuelLevel BODY3.FuelLevelFailSts		ATLANTIS 8 bit (FuelLevel) 0 - +255% Resolution = 1% 1 bit signal (FuelLevelFailSts) 0 = Fail_Not_Present 1 = Fail_Present		Atlantis	
AWD_service_stat	CAN Mapping	0	AWD service Lamp	IPC_FD_3.AWD_SERVICE_STAT	FD	0 = Off 1 = On 2 = Blinking 3 = SNA					Atlantis	
AxleLckrEVICDisplay	CAN Mapping	0	Axle Locker EVIC display				N/A				Atlantis	ATL_HIGH_EMPTY
AxleLckrSts/AxlLckrSts	CAN Mapping	0	Axle Locker status	DRIVETRAIN_FD_3.AxleLckr_Stat	FD		N/A				Atlantis	
B_EV_Kilometers	CAN Mapping	0	B_EV_Kilometers								Atlantis	
B_EV_Miles	CAN Mapping	0	B_EV_Miles								Atlantis	
B_Hybrid_Kilometers	CAN Mapping	0	B_Hybrid_Kilometers								Atlantis	
B_Hybrid_Miles	CAN Mapping	0	B_Hybrid_Miles								Atlantis	
B_KMpL	CAN Mapping	0	B_KMpL								Atlantis	
B_MPG	CAN Mapping	0	B_MPG								Atlantis	
B_Total_Dist_Kilometers	CAN Mapping	0	B_Total_Dist_Kilometers								Atlantis	
B_Total_Dist_Miles	CAN Mapping	0	B_Total_Dist_Miles								Atlantis	
B_Total_Dist_Miles B_Total_Dist_Kilometers	CAN Mapping	0		TRIP_B.PartialOdometerBPlus	CAN-B	Atlantis 20 bit signal 0 - 104857.5 km or miles resolution = 0.1 km or miles	TRIP_B.PartialOdometerBPlus		Atlantis 20 bit signal 0 - 104857.5 km or miles resolution = 0.1 km or miles		Atlantis	
Back_Button	CAN Mapping	0	BACK button pressed	CLIMATIC_PANEL.Radio_btn3	CAN-B	1 bit signal 0 = Not_Pressed (Back button) 1 = Pressed (Back button)	CLIMATIC_PANEL.Radio_btn3		1 bit signal 0 = Not_Pressed (Back button) 1 = Pressed (Back button)		Atlantis	
Backlite_Close_RQ	CAN Mapping	0		PTCM_CTRL.Close_Backlite_BurronSts	BH-CAN	0x0 = Pressed 0x1 = No_Pressed	CTRL_PTCM.Close_Backlite_BurronSts	BH-CAN	0x0 = Pressed 0x1 = No_Pressed	AtlHigh -AtlMi- M240- M240BEV-SR22	Atlantis	
Backlite_Fail	CAN Mapping	0		STATUS_PTCM.BackliteFailSts	BH-CAN	0x0 = Fail_Not_Present 0x1 = Fail_Present	PTCM_1.BackliteFailSts	BH-CAN	0x0 = Fail_Not_Present 0x1 = Fail_Present	AtlHigh -AtlMi- M240- M240BEV-SR22	Atlantis	
Backlite_Open_RQ	CAN Mapping	0		PTCM_CTRL.Open_Backlite_BurronSts	BH-CAN	0x0 = Pressed 0x1 = No_Pressed	CTRL_PTCM.Open_Backlite_BurronSts	BH-CAN	0x0 = Pressed 0x1 = No_Pressed	AtlHigh -AtlMi- M240- M240BEV-SR22	Atlantis	
Backlite_Stat	CAN Mapping	0		STATUS_PTCM.BackliteSts	BH-CAN	0x0 = OPEN 0x1 = CLOSED 0x2 = MIDDLE 0x3 = None	PTCM_1.BackliteSts	BH-CAN	0x0 = OPEN 0x1 = CLOSED 0x2 = MIDDLE 0x3 = None	AtlHigh -AtlMi- M240- M240BEV-SR22	Atlantis	
BAT_SOCE	CAN Mapping	0	Traction Battery State of Certified Energy (SOCE)	TBD			TBD			The TBD values were not available for the LID V1.65 release and may be added later.	Atlantis	
BAT_SOH	CAN Mapping	0	Traction Battery State of Health (SOH)	BATTERY_HV.BMS_HV_SOH	FD	Min=0 Max=127 Factor=1 Offset=0 InitialValue=0	TBD			The TBD values were not available for the LID V1.65 release and may be added later.	Atlantis	
BatPwrUsageDisp	CAN Mapping	0	Charging System Fault status	HYBRID_DISPLAY.BatteryPowerUse_Display HCP_4.BatPwrUsgDisp	FD		GW_B_2.BatPwrUsageDisp			">LID in GenSheet is ""BattPowerUse_Display"" >HCP_4.BatPwrUsgDisp is used only on 637BEV."	Atlantis	
BatPwrUsageDisp_V	CAN Mapping	0	Validity bit for signal BatPwrUsageDisp, 0=Valid	HYBRID_DISPLAY.BatteryPowerUse_DisplayV	FD	0 = Valid 1 = Not_Valid	GW_B_2.BatPwrUsageDisp_V			CR10644	Atlantis	
Batt_CabinPriority1	CAN Mapping	0	Schedule 1 Battery/Cabin priority selection	CHARGE_SCHEDULE_HU1.Batt_CabinPriority1	FD	0 = Checkbox Unselected 1 = Checkbox Selected	HU_Schedule1.Batt_CabinPriority1		See dbc		Atlantis	
Batt_CabinPriority1_Sts	CAN Mapping	0	Schedule 1 Battery/Cabin priority Status	CHARGE_SCHEDULE_HCP1.Batt_CabinPriority1_Sts	FD	0 = Battery charging on priority 1 = Cabin conditioning on priority	HCP_Schedule1.Batt_CabinPriority1_Sts		See dbc		Atlantis	
Batt_CabinPriority2	CAN Mapping	0	Schedule 2 Battery/Cabin priority selection	CHARGE_SCHEDULE_HU1.Batt_CabinPriority2	FD	0 = Checkbox Unselected 1 = Checkbox Selected	HU_Schedule2.Batt_CabinPriority2		See dbc		Atlantis	
Batt_CabinPriority2_Sts	CAN Mapping	0	Schedule 2 Battery/Cabin priority Status	CHARGE_SCHEDULE_HCP1.Batt_CabinPriority2_Sts	FD	0 = Battery charging on priority 1 = Cabin conditioning on priority	HCP_Schedule2.Batt_CabinPriority2_Sts		See dbc		Atlantis	
Batt_CabinPriority3	CAN Mapping	0	Schedule 3 Battery/Cabin priority selection	CHARGE_SCHEDULE_HU1.Batt_CabinPriority3	FD	0 = Checkbox Unselected 1 = Checkbox Selected	HU_Schedule3.Batt_CabinPriority3		See dbc		Atlantis	
Batt_CabinPriority3_Sts	CAN Mapping	0	Schedule 3 Battery/Cabin priority Status	CHARGE_SCHEDULE_HCP1.Batt_CabinPriority3_Sts	FD	0 = Battery charging on priority 1 = Cabin conditioning on priority	Batt_CabinPriority3_Sts		See dbc		Atlantis	
Batt_ST_Crit	CAN Mapping	0		STATUS_LIN.Batt_ST_Crit BCM_FD_11.Batt_ST_Crit	CAN-B FD	Atlantis 1 bit signal 0 = False 1 = True	STATUS_LIN.Batt_ST_Crit				Atlantis	
Battery_charge_stat	CAN Mapping	0	Battery Charge Lamp	IPC_FD_3.BATTERY_CHARGE_STAT	FD	0 = Off 1 = On 2 = Blinking 3 = SNA					Atlantis	
BatteryLampStatus	CAN Mapping	0	Battery Reached Critical State	STATUS_LIN.Batt_ST_Crit BCM_FD_11.Batt_ST_Crit	CAN-B FD	Atlantis 1 bit signal 0 = False 1 = True	STATUS_LIN.Batt_ST_Crit		Atlantis 1 bit signal 0 = False 1 = True		Atlantis	
BatteryTemperature	CAN Mapping	0	Battery temperature				LIN_BCM_IGW2.IBS_T_BATT		8 - bit -40 - +215 degrees C resolution = 1 degree C		Atlantis	ATL_HIGH_EMPTY
BatteryTemperature	CAN Mapping	0	Battery temperature								Atlantis	
BatteryVoltage	CAN Mapping	0	System voltage	BATTERY_INFO.BatteryVoltageLevelHP BODY9.Battery_Volt_1 BCM_FD_3.Battery_Volt_1	CAN-B BH FD	9 bit 4-18v Resolution: 0.025V	BATTERY_INFO.BatteryVoltageLevelHP		9 bit 4-18v Resolution: 0.025V		Atlantis	
Bcall_Enable	CAN Mapping	0		TBM_FD_2.bcall_enab	CAN_FD	0=DISABLED 1=ENABLED 3=SNA	STATUS_TBM.Provisioning		0=DISABLED 1=ENABLED 3=SNA		Atlantis	
BDL_Enbl	CAN Mapping	0	Status of Bed Lowering Mode								Atlantis	
BlowerDownButton	CAN Mapping	0	Blower Speed Down pressed	N/A			N/A				Atlantis	
BlowerUpButton	CAN Mapping	0	Blower Speed Up pressed	N/A			N/A				Atlantis	
BlueChannel	CAN Mapping	0	Controls lighting in vehicle	RADIO_B7.Blue_Channel_Amb_Light	B	0-255					Atlantis	
BoostPressureIndication	CAN Mapping	0	BoostPressureIndication				STATUS_C_ECM2.BoostPressureIndication		8 bit signal 1 bit = 15 mbar	BoostPressureIndicationGas BoostVacGauge	Atlantis	ATL_HIGH_EMPTY
BoostVacGauge	CAN Mapping	0	AtlHi = PNet	ENGINE_FD_1.BoostVacGauge	FD						Atlantis	
Brake_Ind_Stat	CAN Mapping	0	Brake Indicator lamp	IPC_FD_3.BRK_IND_STAT	FD	0 = Off 1 = On 2 = Blinking 3 = SNA					Atlantis	
Brake_Pad_stat	CAN Mapping	0	Brake Pad Lamp	IPC_FD_3.BRAKE_PAD_STAT	FD	0 = Off 1 = On 2 = Blinking 3 = SNA					Atlantis	
BrakeFluid	CAN Mapping	0	BrakeFluid	STATUS_BH_BCM1.BrakeFluidLevelSts	CAN-B	ATLANTIS 1 bit signal 0 = OK 1 = Low Level	STATUS_BH_BCM1.BrakeFluidLevelSts		ATLANTIS 1 bit signal 0 = OK 1 = Low Level		Atlantis	
BrakeIndicationLampStatus	CAN Mapping	0	BrakeIndicationLampStatus	BRAKE_FD_5.EBDSFailSts	FD	ATLANTIS 1 bit signal 0 = Fail_Not_Present 1 = Fail_Present	BRAKE8.EBDFailSts		ATLANTIS 1 bit signal 0 = Fail_Not_Present 1 = Fail_Present		Atlantis	
BrakePdlPosn	CAN Mapping	0		BRAKE_FD_7.BrakePdlPosn GW_B_7.BrakePdlPosn	CAN-FD CAB-BH						Atlantis	
BrakePedal	CAN Mapping	0	Brake status	duplicate of 176	FD	ATLANTIS Length: 1 bit 0=Not Active 1=Active	BCM_COMMAND.BrakePedalSwitchNOSts		ATLANTIS Length: 1 bit 0=Not Active 1=Active		Atlantis	
BrakePedal	CAN Mapping	0	Brake pedal state	BRAKE_FD_7.BrkPdl_Stat	FD	ATLANTIS 1 bit signal 0 = Active 1 = Not Actve	BCM_COMMAND.BrakePedalSwitchNCSts 'BCM_COMMAND.BrakePedalSwitchNCFailSts		ATLANTIS 1 bit signal 0 = Active 1 = Not Actve		Atlantis	
BrakePressure	CAN Mapping	0	Master Cylinder Brake Pressure	BRAKE_FD_8.BrkPrss_TMC	FD	11 bit signal Units are bar Offset = 0 Factor = 0.1 Range = 0 to 200 SNA = 2047	ASR3.MasterCylinderPressure ASR3.MasterCylinderPressureValidData		ATLANTIS 10 biit signal Resolution .25 bar		Atlantis	
Bridge_CS	CAN Mapping	0	Indicates the Segment Bridge.				SEGMENT.ADAS_Seg_Bridge	CAN-B			Atlantis	ATL_HIGH_EMPTY
Brk_Intrvntn_Actv_ESP	CAN Mapping	0	Brake intervention by ESP active	BRAKE_FD_7.BrkIntrvntn_Actv_ESP	FD	Atlantis 1 bit signal 0 = Not Active 1 = Active	BRAKE1.ESCActive		Atlantis 1 bit signal 0 = Not Active 1 = Active	ESCActive	Atlantis	
BrkPadWearStat	CAN Mapping	0									Atlantis	
BrkPdl_Flt	CAN Mapping	0	BrkPdl_Flt	BRAKE_FD_7.BrkPdl_Flt	FD	0 = NOT FAULTED 1 = FAULTED	BCM_COMMAND.BrakePedalSwitchNOFailSts		1 bit signal 0 = no fail 1 = fail status		Atlantis	
BSIS_FRONT_Chime_Type	CAN Mapping	0	Signal will decide where to play the chime and which chime type to play.				BSIS_FRONT_INFO.FrontRadarChimeType	CAN-BH	0 = none 1 thru 14 = Type 1 thru 14 15 = SNA		Atlantis	ATL_HIGH_EMPTY
BSIS_FRONT_Req	CAN Mapping	0	Signal will decide where to play the chime and which chime type to play.				BSIS_FRONT_INFO.FrontRadarChimeReqSts	CAN-BH	Active and Not Active		Atlantis	ATL_HIGH_EMPTY
BSIS_REAR_Chime_Type	CAN Mapping	0	Signal will decide where to play the chime and which chime type to play.				BSIS_REAR_INFO.RearRadarChimeType	CAN-BH	0 = none 1 thru 14 = Type 1 thru 14 15 = SNA		Atlantis	ATL_HIGH_EMPTY
BSIS_REAR_Req	CAN Mapping	0	Signal will decide where to play the chime and which chime type to play.				BSIS_REAR_INFO.RearRadarChimeReqSts	CAN-BH	Active and Not Active		Atlantis	ATL_HIGH_EMPTY
BSM_OPR_STAT	CAN Mapping	0	BSS operation status	STATUS_LBSS.BSS_LT_OPR_StatSts STATUS_RBSS.BSS_RT_OPR_StatSts	CAN-B	Atlantis 1 bit signal 0 = No Operational Failure 1 = Operational Failure - System Unavailable	STATUS_LBSS.BSS_LT_OPR_StatSts STATUS_RBSS.BSS_RT_OPR_StatSts		Atlantis 1 bit signal 0 = No Operational Failure 1 = Operational Failure - System Unavailable		Atlantis	
BsmServiceRequest	CAN Mapping	0	BsmServiceRequest (BSS Left Side service warning request / BSS Right Side service warning request)	STATUS_LBSS.BSS_LT_SRV_RQSts 'STATUS_RBSS.BSS_RT_SRV_RQSts	CAN-B	ATLANTIS 1 bit signal (BSS_LT_SRV_RQSts) 0 = No Service Request 1 = Service Request 1 bit signal (BSS_RT_SRV_RQSts) 0 = No Service Request 1 = Service Request	STATUS_LBSS.BSS_LT_SRV_RQSts 'STATUS_RBSS.BSS_RT_SRV_RQSts		ATLANTIS 1 bit signal (BSS_LT_SRV_RQSts) 0 = No Service Request 1 = Service Request 1 bit signal (BSS_RT_SRV_RQSts) 0 = No Service Request 1 = Service Request		Atlantis	
BSSChimeRqLF	CAN Mapping	0	BSM left front chime on request				STATUS_LBSS.BSS_LF_Chime_RQSts		ATLANTIS 1 bit signal 0 = No_left_frnt_chime_on_req 1 = Left_front_chime_on_req		Atlantis	ATL_HIGH_EMPTY
BSSChimeRqLR	CAN Mapping	0	BSM left rear chime on request				STATUS_LBSS.BSS_LR_Chime_RQSts		ATLANTIS 1 bit signal 0 = No_left_rear_chime_on_req 1 = Left_rear_chime_on_req		Atlantis	ATL_HIGH_EMPTY
BSSChimeRqRF	CAN Mapping	0	BSM right front chime on request				STATUS_RBSS.BSS_RF_Chime_RQSts		ATLANTIS 1 bit signal 0 = No_rght_frnt_chime_on_req 1 = Right_front_chime_on_req		Atlantis	ATL_HIGH_EMPTY
BSSChimeRqRR	CAN Mapping	0	BSM right rear chime on request				STATUS_RBSS.BSS_RR_Chime_RQSts		ATLANTIS 1 bit signal 0 = No_right_rear_chime_on_req 1 = Right_rear_chime_on_req		Atlantis	ATL_HIGH_EMPTY
BSSChimeType	CAN Mapping	0	BSM chime type	GW_B_5.Chime_TypSts	BH	ATLANTIS 4 bit signal 0 = None 1 = type1 2 = type2 3 = type3 4 = type4 5 = type5 6 = type6 7 = type7 8 = type8 9 = type9 10 = type10 11 = type11 12 = type12 13 = type13 14 = type14 15 = SNA	STATUS_LBSS.BSS_RT_Chime_TypeSts STATUS_LBSS.BSS_LT_Chime_TypeSts		ATLANTIS 4 bit signal 0 = None 1 = type1 2 = type2 3 = type3 4 = type4 5 = type5 6 = type6 7 = type7 8 = type8 9 = type9 10 = type10 11 = type11 12 = type12 13 = type13 14 = type14 15 = SNA		Atlantis	
BSSConfiguration	CAN Mapping	0	BSM configuration status	STATUS_RBSS.BSS_RT_CFG_STATSts STATUS_LBSS.BSS_LT_CFG_STATSts	CAN-B	ATLANTIS 2 bit signal 0 = Not_enabled 1 = Enabled_for_LED 2 = Enabled_for_LED_and_Chime 3 = SNA	STATUS_RBSS.BSS_RT_CFG_STATSts STATUS_LBSS.BSS_LT_CFG_STATSts		ATLANTIS 2 bit signal 0 = Not_enabled 1 = Enabled_for_LED 2 = Enabled_for_LED_and_Chime 3 = SNA		Atlantis	
BUBFailSts	CAN Mapping	0	Back up battery failure	TBM_SCHEDULE_FD_2.BUBFailSts	FD	See dbc					Atlantis	
BuiltUpArea_CS	CAN Mapping	0	Segment built-up area status				SEGMENT.ADAS_Seg_BuildUpArea	CAN-B			Atlantis	ATL_HIGH_EMPTY
button_transbrake	CAN Mapping	0	ICS trans brake button								Atlantis	
Cabin_Temp1	CAN Mapping	0	cabin temp selection schedule 1	CHARGE_SCHEDULE_HU1.Cabin_Temp1	FD	See dbc	HU_Schedule1.Cabin_Temp1	CAN-C	See dbc		Atlantis	
Cabin_Temp1_Sts	CAN Mapping	0	Cabin temp status schedule 1	CHARGE_SCHEDULE_HCP1.Cabin_Temp1_Sts	FD	See dbc	HCP_Schedule1.Cabin_Temp1_Sts	CAN-C	See dbc		Atlantis	
Cabin_Temp2	CAN Mapping	0	cabin temp selection schedule 2	CHARGE_SCHEDULE_HU1.Cabin_Temp2	FD	See dbc	HU_Schedule2.Cabin_Temp2	CAN-C	See dbc		Atlantis	
Cabin_Temp2_Sts	CAN Mapping	0	Cabin temp status schedule 2	CHARGE_SCHEDULE_HCP1.Cabin_Temp2_Sts	FD	See dbc	HCP_Schedule2.Cabin_Temp2_Sts	CAN-C	See dbc		Atlantis	
Cabin_Temp3	CAN Mapping	0	cabin temp selection schedule 3	CHARGE_SCHEDULE_HU1.Cabin_Temp3	FD	See dbc	HU_Schedule3.Cabin_Temp3	CAN-C	See dbc		Atlantis	
Cabin_Temp3_Sts	CAN Mapping	0	Cabin temp status schedule 3	CHARGE_SCHEDULE_HCP1.Cabin_Temp3_Sts	FD	See dbc	HCP_Schedule3Cabin_Temp3_Sts	CAN-C	See dbc		Atlantis	
CabinPreCondReqStat	CAN Mapping	0									Atlantis	
CADM_Chime_LF	CAN Mapping	0		GW_B_5.LF_Chime_RqSts	CAN-B	Atlantis 1 bit signal 0 = No_Request 1 = Request					Atlantis	
CADM_Chime_LR	CAN Mapping	0		GW_B_5.LR_Chime_RqSts	CAN-B	Atlantis 1 bit signal 0 = No_Request 1 = Request					Atlantis	
CADM_Chime_Priority	CAN Mapping	0		GW_B_5.Chime_Priority	CAN-B	Atlantis 3 bit signal 0 = A 1 = B 2 = C 3 = D 4 = E					Atlantis	
CADM_Chime_Rate	CAN Mapping	0		GW_B_5.Chime_RepRate	CAN-B	Atlantis 4 bit signal Value = 0-15 in Hz					Atlantis	
CADM_Chime_RF	CAN Mapping	0		GW_B_5.RF_Chime_RqSts	CAN-B	Atlantis 1 bit signal 0 = No_Request 1 = Request					Atlantis	
CADM_Chime_RR	CAN Mapping	0		GW_B_5.RR_Chime_RqSts	CAN-B	Atlantis 1 bit signal 0 = No_Request 1 = Request					Atlantis	
CADM_Chime_Type	CAN Mapping	0		GW_B_5.Chime_TypSts	CAN-B	Atlantis 4 bit signal 0 = Default 1 = Chime 1 2 = Chime 2 3 = Chime 3 4 = Chime 4 5 = Chime 5 6 = Chime 6 7 = Chime 7 8 = Chime 8 9 = Chime 9 10 = Chime 10 12 = Chime 12					Atlantis	
CADM2_Chime_LF	CAN Mapping	0		GW_B_6.LF_Chime_RqSts_C2 ADAS_FD_HMI.LF_Chime_RqSts	B-CAN FD	see .dbc					Atlantis	
CADM2_Chime_LR	CAN Mapping	0		GW_B_6.LR_Chime_RqSts_C2 ADAS_FD_HMI.LR_Chime_RqSts	B-CAN FD	see .dbc					Atlantis	
CADM2_Chime_Priority	CAN Mapping	0		GW_B_6.Chime_Priority_C2 ADAS_FD_HMI.Chime_Priority	B-CAN FD	see .dbc					Atlantis	
CADM2_Chime_Rate	CAN Mapping	0		GW_B_6.Chime_RepRate_C2 ADAS_FD_HMI.Chime_RepRate	B-CAN FD	see .dbc					Atlantis	
CADM2_Chime_RF	CAN Mapping	0		GW_B_6.RF_Chime_RqSts_C2 ADAS_FD_HMI.RF_Chime_RqSts	B-CAN FD	see .dbc					Atlantis	
CADM2_Chime_RR	CAN Mapping	0		GW_B_6.RR_Chime_RqSts_C2 ADAS_FD_HMI.RR_Chime_RqSts	B-CAN FD	see .dbc					Atlantis	
CADM2_Chime_Type	CAN Mapping	0		GW_B_6.Chime_TypSts_C2 ADAS_FD_HMI.Chime_TypSts	B-CAN FD	see .dbc					Atlantis	
CallAction	CAN Mapping	0	Action for the call							CR11036	Atlantis	
CallEnable	CAN Mapping	0								Need details from Sravani	Atlantis	
CallEnd	CAN Mapping	0	When user presses the soft button to end the call	GLOB_TLM.End_Call	FD	0 = No_Request 1 = End_Call	GLOB_LTM.End_Call				Atlantis	
Callnum	CAN Mapping	0	The number which user selects on the assist app.	GLOB_TLM.Call_Number	FD	0 = No_Call 1 = Phone_Number_1 2 = Phone_Number_2 3 = Phone_Number_3 4 = Phone_Number_4 5 = Phone_Number_5 6 = Phone_Number_6 7 = Phone_Number_7	GLOB_LTM.Call_Number				Atlantis	
Callpro	CAN Mapping	0	Provisioning of the call	TBM_FD_2.bcall_enab	CAN_FD	0=DISABLED 1=ENABLED 3=SNA	STATUS_TBM.Provisioning		0=DISABLED 1=ENABLED 3=SNA	CR11036	Atlantis	
Callreq	CAN Mapping	0	Request for the call	TELEMATIC_VEHICLE_SETUP.CallRequest	FD	3 bit signal 0 = No_Call 1 = E-Call 2 = B-Call	SERVICE_INFO.CallRequest		Atlantis 3 bit signal 0 = No_Call 1 = E-Call 2 = B-Call	CR11036	Atlantis	
Callstat	CAN Mapping	0	Status of the call	TBM_SCHEDULE_FD_2.CallSts	FD	0 = Call_Not_Available 1 = Idle 2 = Dialing 3 = Attempt_Fail 4 = Call_Established 5 = Call_Fail 6 = Call_Ended 7 = Callback_Wait 8 = Incoming_Call 9 = Loading 15 = SNA	STATUS_TBM.CallSts		Atlantis 4 bit signal 0 = Call_Not_Available 1 = Idle 2 = Dialing 3 = Attempt_Fail 4 = Call_Established 5 = Call_Fail 6 = Call_Ended 7 = Callback_Wait 8 = Incoming_Call 9 = Loading 15 = SNA	CR10916	Atlantis	
Calltype	CAN Mapping	0	Type of call	TBM_SCHEDULE_FD_2.CallType	FD	0 = No_Call 1 = E_Call 2 = ACN_Call 3 = B_Call 7 = SNA	STATUS_TBM.CallType		3 bit signal 0 = No_Call 1 = E_Call 2 = ACN_Call 3 = B_Call 7 = SNA	CR10916	Atlantis	
CameraDisplaySts	CAN Mapping	0	Camera Display Status	RADIO_B3.CameraDisplaySts Telematic_FD_14.CameraDisplaySts Telematic_FD_5.CameraDisplaySts2	B-CAN FD FD	0 = Default 1 = View_1 2 = View_2 3 = View_3 4 = View_4 5 = View_5 6 = View_6 7 = View_7 8 = View_8* 9 = View_9* 10 = View_10* 11 = View_11* 12 = View_12* 13 = View_13* 14 = View_14* 15 = View_15*				* When available (DT24/HDCC24) use Telematic_FD_5.CameraDisplaySts2 which has additional views (8 through 15).	Atlantis	
Campaign_Notification	CAN Mapping	0		FOTA_RSP_TBM.Campaign_Notification	FD	0 = No Campaign 1 = Campaign Available					Atlantis	
CardKeyPair_Stat	CAN Mapping	0	See CFTS	SPAAK_FD.CardKeyPair_Stat1	FD	See dbc					Atlantis	
CARGO_LT_STAT	CAN Mapping	0									Atlantis	
Catalyst_Temp_Stat	CAN Mapping	0	Catalyst Temp Lamp	IPC_FD_3.CATALYST_TEMP_STAT	FD	0 = Off 1 = On 2 = Blinking 3 = SNA					Atlantis	
CCDMF_AC_Req	CAN Mapping	0	A/C On/Off Request	CCDMF_1.CCDMF_AC_Rq	FD	0 - Not Pressed 1 - Pressed				As of V1.49, Atlantis High message.signal is in process so actual message.signal name may change.	Atlantis	
CCDMF_AUTO_Req	CAN Mapping	0	AUTO Mode Toggle Request	CCDMF_1.CCDMF_AUTO_Rq	FD	0 - Not Pressed 1 - Pressed				As of V1.49, Atlantis High message.signal is in process so actual message.signal name may change.	Atlantis	
CCDMF_BackBolster_D_Req	CAN Mapping	0	CCDMF back bolster driver request	CCDMF_1.CCDMF_BackBolster_D_Req	B-CAN	0 = No_request 1 = Bolster_in 2 = Bolster_out 3 = SNA					Atlantis	
CCDMF_BackBolster_P_Req	CAN Mapping	0	CCDMF back bolster passenger request	CCDMF_1.CCDMF_BackBolster_P_Req	B-CAN	0 = No_request 1 = Bolster_in 2 = Bolster_out 3 = SNA					Atlantis	
CCDMF_Driver_Cushion_Massage_Req	CAN Mapping	0	CCDMF Driver Cushion Massage Request	CCDMF_1.CCDMF_Driver_Cushion_Massage_Req	B-CAN	0 = Not Pressed 1 = Pressed					Atlantis	
CCDMF_Driver_UpperBack_Massage_Req	CAN Mapping	0	CCDMF Driver Upper Back Massage Request	CCDMF_1.CCDMF_Driver_UpperBack_Massage_Req	B-CAN	0 = Not Pressed 1 = Pressed					Atlantis	
CCDMF_Front_ModeDefrost_Rq	CAN Mapping	0	Mode Defrost Request	CCDMF_1.CCDMF_Front_ModeDefrost_Rq	CAN-B	0 = Not Pressed 1 = Pressed					Atlantis	
CCDMF_Front_ModeFloor_Rq	CAN Mapping	0	Mode Floor Request	CCDMF_1.CCDMF_Front_ModeFloor_Rq	CAN-B	0 = Not Pressed 1 = Pressed					Atlantis	
CCDMF_Front_ModePanel_Rq	CAN Mapping	0	Mode Panel Request	CCDMF_1.CCDMF_Front_ModePanel_Rq	CAN-B	0 = Not Pressed 1 = Pressed					Atlantis	
CCDMF_Front_Power_Rq	CAN Mapping	0	Used to Power On/Off the climate	CCDMF_1.CCDMF_Front_Power_Rq	CAN-B	0 = Not Pressed 1 = Pressed					Atlantis	
CCDMF_Front_SYNC_Rq	CAN Mapping	0	Used to require the Sync function	CCDMF_1.CCDMF_Front_SYNC_Rq	CAN-B	0 = Not Pressed 1 = Pressed					Atlantis	
CCDMF_HVAC_Func_Rq	CAN Mapping	0	Used to request the blower and temperature selection changes for both Front and Rear Climate controls	CCDMF_1.CCDMF_HVAC_Func_Rq	CAN-B	0 = No Function 1 = FTDRVTemp_Inc 2 = FTDRVTemp_Dec 3 = FTDRVTemp_JUMP 4 = FTPSNTemp_Inc 5 = FTPSNTemp_Dec 6 = FTPSNTemp_JUMP 7 = RearTemp_DRV_Inc 8 = RearTemp_DRV_Dec 9 = RearTemp_DRV_JUMP 10 = RearTemp_PAS_Inc 11 = RearTemp_PAS_Dec 12 = RearTemp_PAS_JUMP 13 = FTBlw_Inc 14 = FTBlw_Dec 15 = FTBlw_JUMP 16 = RRBlw_Inc 17 = RRBlw_Dec 18 = RRBlw_JUMP 31 = SNA					Atlantis	
CCDMF_HVAC_JUMP_VAL	CAN Mapping	0	Used to request the amount of jump function	CCDMF_1.CCDMF_HVAC_JUMP_VAL	CAN-B	7 bit signal					Atlantis	
CCDMF_LumbarInOut_D_Req	CAN Mapping	0	CCDMF Lumbar in out driver request	CCDMF_1.CCDMF_LumbarInOut_D_Req	B-CAN	0 = No_request 1 = Lumbar_in 2 = Lumbar_out 3 = SNA					Atlantis	
CCDMF_LumbarInOut_P_Req	CAN Mapping	0	CCDMF Lumbar in out passenger request	CCDMF_1.CCDMF_LumbarInOut_P_Req	B-CAN	0 = No_request 1 = Lumbar_in 2 = Lumbar_out 3 = SNA					Atlantis	
CCDMF_LumbarUpDown_D_Req	CAN Mapping	0	CCDMF Lumbar up down driver request	CCDMF_1.CCDMF_LumbarUpDown_D_Req	B-CAN	0 = No_request 1 = Lumbar up 2 = Lumbar down 3 = SNA					Atlantis	
CCDMF_LumbarUpDown_P_Req	CAN Mapping	0	CCDMF Lumbar up down passenger request	CCDMF_1.CCDMF_LumbarUpDown_P_Req	B-CAN	0 = No_request 1 = Lumbar_up 2 = Lumbar_down 3 = SNA					Atlantis	
CCDMF_MassageIntensity_D_Tlm	CAN Mapping	0		CCDMF_1.CCDMF_MassageIntensity_D_Tlm (BH-CAN)							Atlantis	
CCDMF_MassageIntensity_P_Tlm	CAN Mapping	0		CCDMF_1.CCDMF_MassageIntensity_P_Tlm (BH-CAN)							Atlantis	
CCDMF_MassageSw_D_Tlm	CAN Mapping	0		CCDMF_1.CCDMF_MassageSw_D_Tlm (BH-CAN)							Atlantis	
CCDMF_MassageSw_P_Tlm	CAN Mapping	0		CCDMF_1.CCDMF_MassageSw_P_Tlm (BH-CAN)							Atlantis	
CCDMF_MassageType_D_Tlm	CAN Mapping	0		CCDMF_1.CCDMF_MassageType_D_Tlm (BH-CAN)							Atlantis	
CCDMF_MassageType_P_Tlm	CAN Mapping	0		CCDMF_1.CCDMF_MassageType_P_Tlm (BH-CAN)							Atlantis	
CCDMF_MaxAC_Rq	CAN Mapping	0	Used to require the Max AC function	CCDMF_1.CCDMF_MaxAC_Rq	CAN-B	0 = Not Pressed 1 = Pressed					Atlantis	
CCDMF_MaxDef_Req	CAN Mapping	0	Max Defrost On/Off Request	CCDMF_1.CCDMF_MaxDef_Req	FD	0 - Not Pressed 1 - Pressed				As of V1.45, Atlantis High message.signal is in process so actual message.signal name may change.	Atlantis	
CCDMF_Passenger_Cushion_Massage_Req	CAN Mapping	0	CCDMF Passenger Cushion Massage Request	CCDMF_1.CCDMF_Pass_Cushion_Massage_Req	B-CAN	0 = Not Pressed 1 = Pressed					Atlantis	
CCDMF_Passenger_UpperBack_Massage_Req	CAN Mapping	0	CCDMF Passenger Upper Back Massage Request	CCDMF_1.CCDMF_Pass_UpperBack_Massage_Req	B-CAN	0 = Not Pressed 1 = Pressed					Atlantis	
CCDMF_Rear_AUTO_Rq	CAN Mapping	0	Rear AUTO mode toggle request	CCDMF_1.CCDMF_Rear_AUTO_Rq	CAN-B	0 = Not Pressed 1 = Pressed					Atlantis	
CCDMF_Rear_Lock_Rq	CAN Mapping	0	Rear lock on/off toggle request	CCDMF_1.CCDMF_Rear_Lock_Rq	CAN-B	0 = Not Pressed 1 = Pressed					Atlantis	
CCDMF_Rear_ModeFloor_Rq	CAN Mapping	0	Rear HVAC Floor mode request	CCDMF_1.CCDMF_Rear_ModeFloor_Rq	CAN-B	0 = Not Pressed 1 = Pressed					Atlantis	
CCDMF_Rear_ModePanel_Rq	CAN Mapping	0	Rear HVAC Panel mode request	CCDMF_1.CCDMF_Rear_ModePanel_Rq	CAN-B	0 = Not Pressed 1 = Pressed					Atlantis	
CCDMF_Rear_Power_Rq	CAN Mapping	0	Rear HVAC Climate Off	CCDMF_1.CCDMF_Rear_Power_Rq	CAN-B	0 = Not Pressed 1 = Pressed					Atlantis	
CCDMF_Rear_SYNC_Rq	CAN Mapping	0	Rear SYNC on/off toggle request	CCDMF_1.CCDMF_Rear_SYNC_RQ	CAN-B	0 = Not Pressed 1 = Pressed					Atlantis	
CCDMF_RearDef_Req	CAN Mapping	0	Rear Defrost On/Off Request	CCDMF_1.CCDMF_RearDef_Req	FD	0 - Not Pressed 1 - Pressed				As of V1.45, Atlantis High message.signal is in process so actual message.signal name may change.	Atlantis	
CCDMF_Recirc_Req	CAN Mapping	0	Recirculation On/Off Request	CCDMF_1.CCDMF_Recirc_Req	FD	0 - Not Pressed 1 - Pressed				As of V1.45, Atlantis High message.signal is in process so actual message.signal name may change.	Atlantis	
CCDMF_RQ_DISP_INTS	CAN Mapping	0	HU calculated display intensity for use by CCDMF.	RADIO_B4.CCDMF_RQ_DISP_INTS	CAN-B	8 bit signal Units are %, Factor = 0.5% 255 = SNA					Atlantis	
CCDMF_Stowed_Status	CAN Mapping	0	Signal determines if the Lower HVAC screen is stowed or not.	CCDMF_1.CCDMF_Stowed_Status	CAN-B	0 = Stowed 1 = Not_Stowed					Atlantis	
CCDMF_ThighBolster_D_Req	CAN Mapping	0	CCDMF thigh bolster driver request	CCDMF_1.CCDMF_ThighBolster_D_Req	B-CAN	0 = No_request 1 = Bolster_in 2 = Bolster_out 3 = SNA					Atlantis	
CCDMF_ThighBolster_P_Req	CAN Mapping	0	CCDMF thigh bolster passenger request	CCDMF_1.CCDMF_ThighBolster_P_Req	B-CAN	0 = No_request 1 = Bolster_in 2 = Bolster_out 3 = SNA					Atlantis	
CCDMR_Rear_AUTO_Rq	CAN Mapping	0	Rear AUTO mode toggle request	CCDMR_1.CCDMR_Rear_AUTO_Rq	CAN-B	0 = Not Pressed 1 = Pressed					Atlantis	
CCDMR_Rear_HVAC_Func_Rq	CAN Mapping	0	Used to request the blower and temperature selection changes for both Front and Rear Climate controls	CCDMR_1.CCDMR_Rear_HVAC_Func_Rq	CAN-B	0 = No Function 1 = RearTemp_DRV_Inc 2 = RearTemp_DRV_Dec 3 = RearTemp_DRV_JUMP 4 = RearTemp_PAS_Inc 5 = RearTemp_PAS_Dec 6 = RearTemp_PAS_JUMP 7 = RRBlw_Inc 8 = RRBlw_Dec 9 = RRBlw_JUMP 32 = SNA					Atlantis	
CCDMR_Rear_HVAC_JUMP_VAL	CAN Mapping	0	Used to request the amount of jump function	CCDMR_1.CCDMR_Rear_HVAC_JUMP_VAL	CAN-B	7 bit signal					Atlantis	
CCDMR_Rear_ModeFloor_Rq	CAN Mapping	0	Mode Floor Request	CCDMR_1.CCDMR_Rear_ModeFloor_Rq	CAN-B	0 = Not Pressed 1 = Pressed					Atlantis	
CCDMR_Rear_ModePanel_Rq	CAN Mapping	0	Mode Panel Request	CCDMR_1.CCDMR_Rear_ModePanel_Rq	CAN-B	0 = Not Pressed 1 = Pressed					Atlantis	
CCDMR_Rear_Power_Rq	CAN Mapping	0	Used to Power On/Off the climate	CCDMR_1.CCDMR_Rear_Power_Rq	CAN-B	0 = Not Pressed 1 = Pressed					Atlantis	
CCDMR_Rear_SYNC_Rq	CAN Mapping	0	Used to require the Sync function	CCDMR_1.CCDMR_Rear_SYNC_Rq	CAN-B	0 = Not Pressed 1 = Pressed					Atlantis	
CCDMR_RL_HS_RQ	CAN Mapping	0	Rear left heated seat request	CCDMR_1.RL_HS_CCDMR	BH-CAN						Atlantis	
CCDMR_RL_VS_RQ	CAN Mapping	0	Rear left vented seat request	CCDMR_1.RL_VS_CCDMR	BH-CAN						Atlantis	
CCDMR_RR_HS_RQ	CAN Mapping	0	Rear right heated seat request	CCDMR_1.RR_HS_CCDMR	BH-CAN						Atlantis	
CCDMR_RR_VS_RQ	CAN Mapping	0	Rear right vented seat request	CCDMR_1.RR_VS_CCDMR	BH-CAN						Atlantis	
Cchar1	CAN Mapping	0	Wifi Clinet Character 1	WIFI_CONNECTED_DEVICES.UTF_Char1	FD	8 bit signal	WIFI_CONNECTED_DEVICES.UTF_Char1	B	8 bit signal	CR10916	Atlantis	
Cchar2	CAN Mapping	0	Wifi Clinet Character 2	WIFI_CONNECTED_DEVICES.UTF_Char2	FD	8 bit signal	WIFI_CONNECTED_DEVICES.UTF_Char2	B	8 bit signal	CR10916	Atlantis	
Cchar3	CAN Mapping	0	Wifi Clinet Character 3	WIFI_CONNECTED_DEVICES.UTF_Char3	FD	8 bit signal	WIFI_CONNECTED_DEVICES.UTF_Char3	B	8 bit signal	CR10916	Atlantis	
Cchar4	CAN Mapping	0	Wifi Clinet Character 4	WIFI_CONNECTED_DEVICES.UTF_Char4	FD	8 bit signal	WIFI_CONNECTED_DEVICES.UTF_Char4	B	8 bit signal	CR10916	Atlantis	
Cchar5	CAN Mapping	0	Wifi Clinet Character 5	WIFI_CONNECTED_DEVICES.UTF_Char5	FD	8 bit signal	WIFI_CONNECTED_DEVICES.UTF_Char5	B	8 bit signal	CR10916	Atlantis	
Cchar6	CAN Mapping	0	Wifi Clinet Character 6	WIFI_CONNECTED_DEVICES.UTF_Char6	FD	8 bit signal	WIFI_CONNECTED_DEVICES.UTF_Char6	B	8 bit signal	CR10916	Atlantis	
Cchar7	CAN Mapping	0	Wifi Clinet Character 7	WIFI_CONNECTED_DEVICES.UTF_Char7	FD	8 bit signal	WIFI_CONNECTED_DEVICES.UTF_Char7	B	8 bit signal	CR10916	Atlantis	
CCLampSts	CAN Mapping	0					ENGINE10.CruiseControlLampSts	CAN-C	0 = Not_inserted 1 = Inserted	The required signal shall be added for Atlantis architecture and for SR23 CFTS102 implementation	Atlantis	ATL_HIGH_EMPTY
CClientnumber	CAN Mapping	0	Wifi Client number				WIFI_CONNECTED_DEVICES.TotalFrameNumber		Atlantis 4 bit signal	CR10916	Atlantis	ATL_HIGH_EMPTY
CCMFailSts	CAN Mapping	0	CCM Fail Status	DRIVETRAIN_FD_1.CCMFailSts	FD	1 bit 0 = not present 1 = present	DRIVETRAIN1.CCMFailSts		1 bit 0 = not present 1 = present		Atlantis	
CCSystemSts	CAN Mapping	0					ENGINE10.CruiseControlSts	CAN-C	0 = Not_inserted 1 = Inserted	The required signal shall be added for Atlantis architecture and for SR23 CFTS102 implementation	Atlantis	ATL_HIGH_EMPTY
Cellsignal	CAN Mapping	0	Cell Signal	TBM_SCHEDULE_FD_2.SignalStrength	FD	0 = 0 1 = 1 2 = 2 3 = 3 4 = 4 5 = 5 7 = SNA	STATUS_TBM.SignalStrength			CR11036	Atlantis	
Center_Cluster_Button_Function	CAN Mapping	0	Text display for center cluster button	N/A			RADIO_B5.Center_Cluster_Button_function		See dbc		Atlantis	
Center_Cluster_Button_Function	CAN Mapping	0		TELEMATIC_FD_15.Center_Cluster_Button_function	FD	0 = Blank 1 = Previous 2 = Next 3 = Pause/Play 4 = Tune - 5 = Tune + 6 = Mute 7 = Tag Song 8 = Tag Artist 9 = Unmute 10 =Transfer Call to Device 11 = Preset - 12 = Preset + 13 = Seek Up 14 = Seek Down 15 = Next Mode 16 = Volume - 17 = Volume + 31 = SNA	RADIO_B5.Center_Cluster_Button_function		0=Blank 1=Previous 2=Next 3=Pause/Play 4=Tune - 5=Tune + 6=Mute 7=Tag Song 8=Tag Artist 9=Unmute A=Transfer Call to Device B=Preset - C=Preset + D=Seek Up E=Seek Down F=Next Mode 10=Volume - 11=Volume + 1F=SNA		Atlantis	
CENTERSTACK2_Climate_btn_1	CAN Mapping	0		CENTERSTACK2.Climate_btn_1 (BH-CAN)			CENTERSTACK2.Climate_btn_1 (BH-CAN)				Atlantis	
CENTERSTACK2_Climate_btn_10	CAN Mapping	0		CENTERSTACK2.Climate_btn_10 (BH-CAN)			CENTERSTACK2.Climate_btn_10 (BH-CAN)				Atlantis	
CENTERSTACK2_Climate_btn_11	CAN Mapping	0		CENTERSTACK2.Climate_btn_11 (BH-CAN)			CENTERSTACK2.Climate_btn_11 (BH-CAN)				Atlantis	
CENTERSTACK2_Climate_btn_12	CAN Mapping	0		CENTERSTACK2.Climate_btn_12 (BH-CAN)			CENTERSTACK2.Climate_btn_12 (BH-CAN)				Atlantis	
CENTERSTACK2_Climate_btn_13	CAN Mapping	0		CENTERSTACK2.Climate_btn_13 (BH-CAN)			CENTERSTACK2.Climate_btn_13 (BH-CAN)				Atlantis	
CENTERSTACK2_Climate_btn_14	CAN Mapping	0		CENTERSTACK2.Climate_btn_14 (BH-CAN)			CENTERSTACK2.Climate_btn_14 (BH-CAN)				Atlantis	
CENTERSTACK2_Climate_btn_15	CAN Mapping	0		CENTERSTACK2.Climate_btn_15 (BH-CAN)			CENTERSTACK2.Climate_btn_15 (BH-CAN)				Atlantis	
CENTERSTACK2_Climate_btn_16	CAN Mapping	0		CENTERSTACK2.Climate_btn_16 (BH-CAN)			CENTERSTACK2.Climate_btn_16 (BH-CAN)				Atlantis	
CENTERSTACK2_Climate_btn_17	CAN Mapping	0		CENTERSTACK2.Climate_btn_17 (BH-CAN)			CENTERSTACK2.Climate_btn_17 (BH-CAN)				Atlantis	
CENTERSTACK2_Climate_btn_18	CAN Mapping	0		CENTERSTACK2.Climate_btn_18 (BH-CAN)			CENTERSTACK2.Climate_btn_18 (BH-CAN)				Atlantis	
CENTERSTACK2_Climate_btn_19	CAN Mapping	0		CENTERSTACK2.Climate_btn_19 (BH-CAN)			CENTERSTACK2.Climate_btn_19 (BH-CAN)				Atlantis	
CENTERSTACK2_Climate_btn_2	CAN Mapping	0		CENTERSTACK2.Climate_btn_2 (BH-CAN)			CENTERSTACK2.Climate_btn_2 (BH-CAN)				Atlantis	
CENTERSTACK2_Climate_btn_20	CAN Mapping	0		CENTERSTACK2.Climate_btn_20 (BH-CAN)			CENTERSTACK2.Climate_btn_20 (BH-CAN)				Atlantis	
CENTERSTACK2_Climate_btn_21	CAN Mapping	0		CENTERSTACK2.Climate_btn_21 (BH-CAN)			CENTERSTACK2.Climate_btn_21 (BH-CAN)				Atlantis	
CENTERSTACK2_Climate_btn_22	CAN Mapping	0		CENTERSTACK2.Climate_btn_22 (BH-CAN)			CENTERSTACK2.Climate_btn_22 (BH-CAN)				Atlantis	
CENTERSTACK2_Climate_btn_23	CAN Mapping	0		CENTERSTACK2.Climate_btn_23 (BH-CAN)			CENTERSTACK2.Climate_btn_23 (BH-CAN)				Atlantis	
CENTERSTACK2_Climate_btn_3	CAN Mapping	0		CENTERSTACK2.Climate_btn_3 (BH-CAN)			CENTERSTACK2.Climate_btn_3 (BH-CAN)				Atlantis	
CENTERSTACK2_Climate_btn_4	CAN Mapping	0		CENTERSTACK2.Climate_btn_4 (BH-CAN)			CENTERSTACK2.Climate_btn_4 (BH-CAN)				Atlantis	
CENTERSTACK2_Climate_btn_5	CAN Mapping	0		CENTERSTACK2.Climate_btn_5 (BH-CAN)			CENTERSTACK2.Climate_btn_5 (BH-CAN)				Atlantis	
CENTERSTACK2_Climate_btn_6	CAN Mapping	0		CENTERSTACK2.Climate_btn_6 (BH-CAN)			CENTERSTACK2.Climate_btn_6 (BH-CAN)				Atlantis	
CENTERSTACK2_Climate_btn_7	CAN Mapping	0		CENTERSTACK2.Climate_btn_7 (BH-CAN)			CENTERSTACK2.Climate_btn_7 (BH-CAN)				Atlantis	
CENTERSTACK2_Climate_btn_8	CAN Mapping	0		CENTERSTACK2.Climate_btn_8 (BH-CAN)			CENTERSTACK2.Climate_btn_8 (BH-CAN)				Atlantis	
CENTERSTACK2_Climate_btn_9	CAN Mapping	0		CENTERSTACK2.Climate_btn_9 (BH-CAN)			CENTERSTACK2.Climate_btn_9 (BH-CAN)				Atlantis	
CFG_Feature	CAN Mapping	0	Customer Setting requests to receiving modules	TELEMATIC_VEHICLE_SETUP.Trail_Num_Req	FD		N/A				Atlantis	
CFG_STAT_RQ	CAN Mapping	0	Customer Setting requests to receiving modules	TELEMATIC_VEHICLE_SETUP.Trail_Name_Req	FD		N/A				Atlantis	
CFrameID	CAN Mapping	0	Wifi Client Frame ID	TELEMATIC_VEHICLE_SETUP.Trail_Brk_Type_Req	FD		WIFI_CONNECTED_DEVICES.FrameNumber		Atlantis 4 bit signal 0 = Frame1 1 = Frame2 2 = Frame3 3 = Frame4 4 = Frame5 5 = Frame6 6 = Frame7 7 = Frame8 8 = Frame9 9 = Frame10 10 = Frame11 11 = Frame12 12 = Frame13 13 = Frame14 14 = Frame15 15 = Frame16	CR10916	Atlantis	
Charge_Now (see Usage Comment)	CAN Mapping	0	Charge Now	TELEMATIC_FD_15.ChargeNow	FD	0 = No_Charge 1 = Charge_Now	Radio_B9.ChargeNow		0 = No_Charge 1 = Charge_Now	"LID in GenSheet is ""ChargeNow"""	Atlantis	
Charge_Schedule_Type1	CAN Mapping	0	HU Schedule 1 Setter Signal for Changing the Current Charge Schedule Type	CHARGE_SCHEDULE_HU1.Charge_Schedule_Type1	FD	0 - No_Selection 1 - Standard Charge 2 - External Charge 3 - Reserved				As of V1.44, Atlantis High message.signal is in process so actual signal name may change.	Atlantis	
Charge_Schedule_Type1_Sts	CAN Mapping	0	ECVU/HCP Schedule 1 Currently Set Charge Schedule Type	CHARGE_SCHEDULE_HCP1.Charge_Schedule_Type1_Sts	FD	0 - No_Selection 1 - Standard Charge 2 - External Charge 3 - Reserved				As of V1.44, Atlantis High message.signal is in process so actual signal name may change.	Atlantis	
Charge_Schedule_Type2	CAN Mapping	0	HU Schedule 2 Setter Signal for Changing the Current Charge Schedule Type	CHARGE_SCHEDULE_HU1.Charge_Schedule_Type2	FD	0 - No_Selection 1 - Standard Charge 2 - External Charge 3 - Reserved				As of V1.44, Atlantis High message.signal is in process so actual signal name may change.	Atlantis	
Charge_Schedule_Type2_Sts	CAN Mapping	0	ECVU/HCP Schedule 2 Currently Set Charge Schedule Type	CHARGE_SCHEDULE_HCP1.Charge_Schedule_Type2_Sts	FD	0 - No_Selection 1 - Standard Charge 2 - External Charge 3 - Reserved				As of V1.44, Atlantis High message.signal is in process so actual signal name may change.	Atlantis	
ChargeReq	CAN Mapping	0	Request for scheduled charge; Charge now = [1]								Atlantis	
ChargeStop	CAN Mapping	0	HU notification to EVCU/HCP to stop charge in case of contract expiration	TELEMATIC_FD_19.ChargeStop	FD	0 - No_Change 1 - Charge_Stop					Atlantis	
ChargeUntilFull1	CAN Mapping	0	Schedule 1 Charge until Full selection	CHARGE_SCHEDULE_HU1.ChargeUntilFull1	FD	0 = Charge Until Full Not selected 1 = Charge Until Full	HU_Schedule1.ChargeUntilFull1		See dbc		Atlantis	
ChargeUntilFull1_Sts	CAN Mapping	0	Schedule 1 Charge until Full Status	CHARGE_SCHEDULE_HCP1.ChargeUntilFull1_Sts	FD	0 = Charge Until Full Not selected 1 = Charge Until Full	HCP_Schedule1.ChargeUntilFull1_Sts		See dbc		Atlantis	
ChargeUntilFull2	CAN Mapping	0	Schedule 2 Charge until Full selection	CHARGE_SCHEDULE_HU1.ChargeUntilFull2	FD	0 = Charge Until Full Not selected 1 = Charge Until Full	HU_Schedule2.ChargeUntilFull2		See dbc		Atlantis	
ChargeUntilFull2_Sts	CAN Mapping	0	Schedule 2 Charge until Full Status	CHARGE_SCHEDULE_HCP1.ChargeUntilFull2_Sts	FD	0 = Charge Until Full Not selected 1 = Charge Until Full	HCP_Schedule2.ChargeUntilFull2_Sts		See dbc		Atlantis	
ChargeUntilFull3	CAN Mapping	0	Schedule 3 Charge until Full selection	CHARGE_SCHEDULE_HU1.ChargeUntilFull3	FD	0 = Charge Until Full Not selected 1 = Charge Until Full	HU_Schedule3.ChargeUntilFull3		See dbc		Atlantis	
ChargeUntilFull3_Sts	CAN Mapping	0	Schedule 3 Charge until Full Status	CHARGE_SCHEDULE_HCP1.ChargeUntilFull3_Sts	FD	0 = Charge Until Full Not selected 1 = Charge Until Full	ChargeUntilFull3_Sts		See dbc		Atlantis	
Charging_Contract	CAN Mapping	0	HU Schedule 1 Setter Signal for notifying the EVCU/HCP of the External Charging Contract presence Enums needed for contract type	CHARGE_SCHEDULE_HU1.Charging_Contract	FD	See dbc				As of V1.44, Atlantis High message.signal is in process so actual signal name may change.	Atlantis	
Charging_Contract_Sts	CAN Mapping	0	EVCU/HCP Confirmation of Contract Status Enums needed for contract type	CHARGE_SCHEDULE_HCP1.Charging_Contract_Sts	FD	See dbc				As of V1.44, Atlantis High message.signal is in process so actual signal name may change.	Atlantis	
ChargingDestinationPwr	CAN Mapping	0	"Power of the Charging Station. If ""No Charging Destination"" it means that the customer is no driving to a Charging Station"	TELEMATIC_FD_15.ChargingDestinationPwr	CAN-FD	0 : No Information available 63 : No Charging Destination					Atlantis	
ChargingDestinationVoltage	CAN Mapping	0	"Voltage of the Charging Station. If ""No Charging Destination"" it means that the customer is no driving to a Charging Station"	TELEMATIC_FD_15.ChargingDestinationVoltage	CAN-FD	0 : No Information available 127 : No Charging Destination					Atlantis	
ChargingLevel	CAN Mapping	0	Charging level and type,	HYBRID_DISPLAY.ChargingLevelForDisplay	FD	0 = Default_NoLevel 1 = Level_1_AC 2 = Level_2_AC 3 = Level_3_AC 4 = Level_1_DC 5 = Level_2_DC 6 = PlugInNotDet 7 = PPI_1_No_Drive 8 = PPI_2_OK_Drive 15 = SNA	GW_B_3.ChargingLevel		Atlantis 4 bit signal 0 = Default_NoLevel 1 = Level_1_AC 2 = Level_2_AC 3 = Level_3_AC 4 = Level_1_DC 5 = Level_2_DC 6 = PlugInNotDet 7 = PPI_1_No_Drive 8 = PPI_2_OK_Drive 15 = SNA	CR10644	Atlantis	
ChargingLevel	CAN Mapping	0	ChargingLevel							duplicate and should be deleted	Atlantis	
ChargingSysFault	CAN Mapping	0								As of V1.49 this LID is not used.	Atlantis	
ChargingSysSts	CAN Mapping	0	Charging System status	HYBRID_DISPLAY.ChargeSystemSts_DPT	FD	See dbc file				CR10644	Atlantis	
ChargingSysSts	CAN Mapping	0	ChargingSysSts							duplicate and should be deleted	Atlantis	
CheckFuelCap	CAN Mapping	0	CheckFuelCap	ENGINE_FD_6.ChkFuelCap	FD	ATLANTIS 1 bit signal 0 = Not_Detected 1 = Detected	STATUS_ECM.ChkFuelCap		ATLANTIS 1 bit signal 0 = Not_Detected 1 = Detected		Atlantis	
Chiller_Sft_Btn_Req	CAN Mapping	0	Chiller Soft Button Request								Atlantis	
Chiller_Sft_Btn_Status	CAN Mapping	0	Chiller Soft Button Status								Atlantis	
ChkFuelLevelSts	CAN Mapping	0		BCM_FD_6.ChkFuelLevelSts			BODY3.ChkFuelLevelSts				Atlantis	
ChrgSysFault	CAN Mapping	0	Charging System Fault	HYBRID_DISPLAY.ChargeSystemFault_DPT	FD	See dbc file				CFTS037 usage only, Pnet only.	Atlantis	
CHRGSystemFail	CAN Mapping	0	CHRGSystemFail	ENGINE_FD_2.AlternatorFail	FD	ATLANTIS 1 bit signal 0 = Alternator_Fail 1 = Alternator_Not_In_Fail	ENGINE1.AlternatorFail		ATLANTIS 1 bit signal 0 = Alternator_Fail 1 = Alternator_Not_In_Fail		Atlantis	
ClariFiPrsnt	CAN Mapping	0	ClariFi Present				N/A		N/A		Atlantis	ATL_HIGH_EMPTY
ClariFiREQ	CAN Mapping	0	ClariFi Activation Request				N/A		N/A		Atlantis	ATL_HIGH_EMPTY
ClariFiSTS	CAN Mapping	0	ClariFi status				N/A		N/A		Atlantis	ATL_HIGH_EMPTY
Clear_Trailer_TPM_Settings	CAN Mapping	0		Radio_A4.Clear_Trailer_TPM_Settings			Radio_A4.Clear_Trailer_TPM_Settings				Atlantis	
ClearPersonalDataReq	CAN Mapping	0		TELEMATIC_VEHICLE_SETUP.ClearPersonalDataReq			TELEMATIC_SERVICE_SETUP.ClearPersonalDataReq				Atlantis	
ClientSignalStrength	CAN Mapping	0	signal strength for the Wifi Network	TBM_FD_2.WiFi_Network_Signal_Strength		0 = 0 1 = 1 2 = 2 3 = 3 4 = 4 5 = 5 7 = SNA	GLOB_CON.ClientSignalStrength				Atlantis	
Climate_Cabin_Temp1	CAN Mapping	0		CLIMATE_SCHEDULE_HU1.Climate_Cabin_Temp1	FD	See dbc file					Atlantis	
Climate_Cabin_Temp2	CAN Mapping	0		CLIMATE_SCHEDULE_HU1.Climate_Cabin_Temp2	FD	See dbc file					Atlantis	
ClimateSchd1_Day	CAN Mapping	0		CLIMATE_SCHEDULE_HU1.ClimateSchd1_Day	FD	See dbc file					Atlantis	
ClimateSchd1_Departure_Hr	CAN Mapping	0		CLIMATE_SCHEDULE_HU1.ClimateSchd1_Departure_Hr	FD	See dbc file					Atlantis	
ClimateSchd1_Departure_Min	CAN Mapping	0		CLIMATE_SCHEDULE_HU1.ClimateSchd1_Departure_Min	FD	See dbc file					Atlantis	
ClimateSchd2_Day	CAN Mapping	0		CLIMATE_SCHEDULE_HU2.ClimateSchd2_Day	FD	See dbc file					Atlantis	
ClimateSchd2_Departure_Hr	CAN Mapping	0		CLIMATE_SCHEDULE_HU1.ClimateSchd2_Departure_Hr	FD	See dbc file					Atlantis	
ClimateSchd2_Departure_Min	CAN Mapping	0		CLIMATE_SCHEDULE_HU1.ClimateSchd2_Departure_Min	FD	See dbc file					Atlantis	
CLIMATIC_PANEL_Climate_btn1	CAN Mapping	0		CLIMATIC_PANEL.Climate_btn1 (BH-CAN)			CLIMATIC_PANEL.Climate_btn1 (BH-CAN)				Atlantis	
CLIMATIC_PANEL_Climate_btn11	CAN Mapping	0		CLIMATIC_PANEL.Climate_btn11 (BH-CAN)			CLIMATIC_PANEL.Climate_btn11 (BH-CAN)				Atlantis	
CLIMATIC_PANEL_Climate_btn12	CAN Mapping	0		CLIMATIC_PANEL.Climate_btn12 (BH-CAN)			CLIMATIC_PANEL.Climate_btn12 (BH-CAN)				Atlantis	
CLIMATIC_PANEL_Climate_btn13	CAN Mapping	0		CLIMATIC_PANEL.Climate_btn13 (BH-CAN)			CLIMATIC_PANEL.Climate_btn13 (BH-CAN)				Atlantis	
CLIMATIC_PANEL_Climate_btn8	CAN Mapping	0		CLIMATIC_PANEL.Climate_btn8 (BH-CAN)			CLIMATIC_PANEL.Climate_btn8 (BH-CAN)				Atlantis	
CLIMATIC_PANEL2_Climate_Knob2_DIR	CAN Mapping	0		CLIMATIC_PANEL2.Climate_Knob2_DIR (BH-CAN)			CLIMATIC_PANEL2.Climate_Knob2_DIR (BH-CAN)				Atlantis	
CLIMATIC_PANEL2_Climate_Knob2_VAL	CAN Mapping	0		CLIMATIC_PANEL2.Climate_Knob2_VAL (BH-CAN)			CLIMATIC_PANEL2.Climate_Knob2_VAL (BH-CAN)				Atlantis	
CLIMATIC_PANEL2_Mode_Knob_VAL	CAN Mapping	0		CLIMATIC_PANEL2.Mode_Knob_VAL (BH-CAN)			CLIMATIC_PANEL2.Mode_Knob_VAL (BH-CAN)				Atlantis	
CLS_LkSw_Psd_D	CAN Mapping	0	Interior Driver side Lock (With Driver door module)				NA.Not on CAN.		NA		Atlantis	ATL_HIGH_EMPTY
CLS_LkSw_Psd_P	CAN Mapping	0	Interior Passenger side Lock (With Passenger door module)				NA.Not on CAN.		NA		Atlantis	ATL_HIGH_EMPTY
CLS_UnlkSw_Psd_D	CAN Mapping	0	Interior Driver side UnLock (With Driver door module)				NA.Not on CAN.		NA		Atlantis	ATL_HIGH_EMPTY
CLS_UnlkSw_Psd_P	CAN Mapping	0	Interior Passenger side UnLock (With Passenger door module)				NA.Not on CAN.		NA		Atlantis	ATL_HIGH_EMPTY
Cluster_In_Audio_Md	CAN Mapping	0		IPC_FD_11.Cluster_In_Audio_Md	FD	0 = Not_Active 1 = Active	CLUSTER3.Cluster_In_Audio_Md		0=Disabled 1=Enabled		Atlantis	
CM_TCH_PT_DTV	CAN Mapping	0	HU touch Screen Status is intended for DTV	TELEMATIC_FD_5.CM_TCH_PT_DTV	FD	0 = Not Active 1 = Touch screen pointer for DTV Video Active	CM_CTRL.CM_TCH_PT_DTV		0= None 1= Touch screen data pointer for DTV		Atlantis	
CM_TCH_PT_TMM	CAN Mapping	0	HU touch Screen Status is intended for Track Mapping Module								Atlantis	
CM_TCH_PT_VES	CAN Mapping	0	HU touch Screen Status is intended for rear screen system	TELEMATIC_FD_5.CM_TCH_PT_VES2	FD	1 bit signal	CM_CTRL.CM_TCH_PT_VES2				Atlantis	
CM_TCH_STAT	CAN Mapping	0	HU Touch Screen Status	TELEMATIC_FD_5.CM_TCH_STAT	FD	0 = TCH_NOT_PSD 1 = TCH_PSD 2 = TCH_PS_CAN 3 = Not_Used 4 = TCH_CFG_RES 5 = TCH_CFG_OFFSET 6 = TCH_CFG_MAX 7 = SNA	CM_CTRL.CM_TCH_STAT		0=Touch screen not pressed / TCH_NOT_PSD 1= Touch screen pressed, units are grid points / TCH_PSD 2= Touch screen press cancel / TCH_PS_CAN 4=Touch screen config, resolution in pixels / TCH_CFG_RES 5= Touch screen config, upper left in grid points / TCH_CFG_OFFSET 6=Touch screen config, lower right in grid points / TCH_CFG_MAX 7= SNA		Atlantis	
CM_TCH_X_COORD	CAN Mapping	0	Value for the touch screen X axis coordinates	TELEMATIC_FD_5.CM_TCH_X_COORD	FD	16 bit signal	CM_CTRL.CM_TCH_X_COORD		0 - 65535 resolution : 1		Atlantis	
CM_TCH_Y_COORD	CAN Mapping	0	Value for the touch screen Y axis coordinates	TELEMATIC_FD_5.CM_TCH_Y_COORD	FD	16 bit signal	CM_CTRL.CM_TCH_Y_COORD		0 - 65535 resolution : 1		Atlantis	
CmplxInsct_CS	CAN Mapping	0	Indicates the Segment Complex Intersection.				SEGMENT.ADAS_Seg_Cmplxlnsct	CAN-B			Atlantis	ATL_HIGH_EMPTY
ColorZone1	CAN Mapping	0	Determines ambient lighting color for specified zone in the vehicle	RADIO_B4.IntelAmbLight_Color_Zone1	BH	0 = SNA 1 = Color 1 2 = Color 2 3 = Color 3 4 = Color 4 5 = Color 5 6 = Color 6 7 = Color 7					Atlantis	
ColorZone2	CAN Mapping	0	Determines ambient lighting color for specified zone in the vehicle	RADIO_B4.IntelAmbLight_Color_Zone2	BH	0 = SNA 1 = Color 1 2 = Color 2 3 = Color 3 4 = Color 4 5 = Color 5 6 = Color 6 7 = Color 7					Atlantis	
Command_11	CAN Mapping	0	Left Front EVIC Switches - EVIC switch Left	BCM_FD_14.Command_11Sts	FD	Not_Pressed Pressed SNA	SWC.Command_11Sts		Not_Pressed Pressed SNA		Atlantis	
Command_12	CAN Mapping	0	Left Front EVIC Switches - EVIC switch Down	BCM_FD_14.Command_12Sts	FD	Not_Pressed Pressed SNA	SWC.Command_12Sts		Not_Pressed Pressed SNA		Atlantis	
Command_13	CAN Mapping	0	Left Front EVIC Switches - EVIC switch Right	BCM_FD_14.Command_13Sts	FD	Not_Pressed Pressed SNA	SWC.Command_13Sts		Not_Pressed Pressed SNA		Atlantis	
Command_14	CAN Mapping	0	Left Front EVIC Switches - EVIC switch UP	BCM_FD_14.Command_14Sts	FD	Not_Pressed Pressed SNA	SWC.Command_14Sts		Not_Pressed Pressed SNA		Atlantis	
Command_15	CAN Mapping	0	Left Front EVIC Switches - EVIC switch OK	BCM_FD_14.Command_15Sts	FD	Not_Pressed Pressed SNA	SWC.Command_15Sts		Not_Pressed Pressed SNA		Atlantis	
CompressorSts	CAN Mapping	0									Atlantis	
CONDITIONING_REQUIRED_STATUS	CAN Mapping	0		<pending>.CONDITIONING_REQUIRED_STATUS	FD					Message pending	Atlantis	
Confirm_ClearPersonalData	CAN Mapping	0		TBM_SCHEDULE_FD_2.ClearPersonalData			SERVICE_SETUP.ClearPersonalData				Atlantis	
Confirm_RestoreApp	CAN Mapping	0		TBM_SCHEDULE_FD_2.RestoreApp			SERVICE_SETUP.RestoreApp				Atlantis	
Confirm_RestoreDefaultSetting	CAN Mapping	0		TBM_SCHEDULE_FD_2.RestoreDefaultSetting			SERVICE_SETUP.RestoreDefaultSetting				Atlantis	
ConnAck	CAN Mapping	0	Connected devices acknowledge	HU_ACK.ConnectedDevices	FD-CAN	0 = Not_Received 1 = Received	HU_ACK.ConnectedDevices			CR11036 WiFiClientAck & ConnAck are for the same functionality.	Atlantis	
Connect_Now	CAN Mapping	0	High Priority connection request	TELEMATIC_FD_15.Connect_Now	FD-CAN	See dbc					Atlantis	
ConnectedServActive	CAN Mapping	0		TBM_FD_1.ConnectedServActive							Atlantis	
ConsumptionUnit	CAN Mapping	0	Fuel Consumption Units	IPC_VEHICLE_SETUP.ConsumptionUnit	CAN-B	Atlantis 3 bit signal 0 = Km_Per_Litre 1 = Litres_Per_100Km 2 = Miles_Per_Gallon_UK 3 = Miles_Per_Gallon_US 4 = not_used 5 = not_used 6 = not_used 7 = not_used	IPC_VEHICLE_SETUP.ConsumptionUnit		Atlantis 3 bit signal 0 = Km_Per_Litre 1 = Litres_Per_100Km 2 = Miles_Per_Gallon_UK 3 = Miles_Per_Gallon_US 4 = not_used 5 = not_used 6 = not_used 7 = not_used		Atlantis	
ConsumptionUnit	CAN Mapping	0									Atlantis	
Coolent_Level_Stat	CAN Mapping	0	Coolant Level Lamp	IPC_FD_3.COOLENT_LEVEL_STAT	FD	0 = Off 1 = On 2 = Blinking 3 = SNA					Atlantis	
COOLING_REQUIRED_STATUS	CAN Mapping	0	Status of LTR system requiring cooling;	ENGINE_FD_8.COOLING_REQUIRED_STATUS	FD						Atlantis	
Cooperative_Status	CAN Mapping	0	Cooperative charging status	HCP_CHARGING_STAT.Cooperative_Status	FD	0 - Default 1 - Regular Charging 2 - External Charging 3 - ChargeNow Override 4 - Other reason					Atlantis	
Cooperative_Vehicle_Location	CAN Mapping	0	Vehicle at Cooperative enabled location.	TBM_COOP_CHARGING.Cooperative_Vehicle_Location	FD	0 - Vehicle not at location 1 - Vehicle at location					Atlantis	
CRUISE_SET_STAT	CAN Mapping	0									Atlantis	
CruiseControlOnOffSts	CAN Mapping	0	Cruise Control ON/OFF button	BCM_FD_13.CruiseControlOnOffSts	FD	Not_Active Active	SCCM_CRS_CTRL.CruiseControlOnOffSts		Not_Active Active		Atlantis	
CrusCnclSwitch	CAN Mapping	0	Cruize CANCEL	BCM_FD_13.CrusCnclSwitch	FD	N/A	SCCM_CRS_CTRL.CrusCnclSwitch		N/A		Atlantis	
CurrentGearForDisplay	CAN Mapping	0	Current Gear to be displayed	TRANSM_FD_4.GearEngaged	FD	4 bit signal 0 = Neutral 1 = ForwardGear_1 2 = ForwardGear_2 3 = ForwardGear_3 4 = ForwardGear_4 5 = ForwardGear_5 6 = ForwardGear_6 7 = ForwardGear_7 8 = ForwardGear_8 9 = ForwardGear_9 13 = Parking 14 = ReverseGear 15 = SNA	TRANSM2.GearEngaged			See Dean Coy is applicable for CUSW. CFTS054 only states for JL	Atlantis	
CurrentRoadName	CAN Mapping	0	Projects the Current Road Name on the IPC	TELEMATIC_FD_17.Text_Type_NavTbT	FD	0 = No_Text 1 = Nav_Turn_By_Turn_Info 2 = Current_Road 4 = Lane_Guidance_Info 15 = SNA					Atlantis	
CustKeyInIgn	CAN Mapping	0	Keyless/Key in Ignition	RFHUB_FD_1.CustKeyInIgnSts	FD	CUST_KEY_DEFAULT CUST_KEY_NOT_IN_IGNITION CUST_KEY_IN_IGNITION SNA	RFHUB1.CustKeyInIgnSts		CUST_KEY_DEFAULT CUST_KEY_NOT_IN_IGNITION CUST_KEY_IN_IGNITION SNA		Atlantis	
CycCnt_CS	CAN Mapping	0	Indicates the Segment Cyclic Counter.				SEGMENT.ADAS_Seg_CycCnt	CAN-B			Atlantis	ATL_HIGH_EMPTY
Damping_system_stat	CAN Mapping	0	Damping System Lamp								Atlantis	
DASMChimePriority	CAN Mapping	0					GW_B_5.Chime_Priority	CAN-BH		11/1/20 Added new signal for AtlMi	Atlantis	ATL_HIGH_EMPTY
DASMChimeRate	CAN Mapping	0	DASM/LDW Chime Rate				GW_B_3.DASM_Chime_RepRate	CAN-BH		LID is for IRCM based signal only, only for Powernet thru SR21 11/1/20 Added signal for AtlMi	Atlantis	ATL_HIGH_EMPTY
DASMChimeRqLF	CAN Mapping	0	AS left front chime on request	DASM_FD_2.AS_LF_CHIME_RQ	FD		STATUS_BH_BCM3.DAS_LF_CHIME_RQSts GW_B_3.DASM_LF_Chime_RqSts	CAN-BH	ATLANTIS 0 = false 1 = True	11/1/20 Added signal for AtlMi	Atlantis	
DASMChimeRqRF	CAN Mapping	0	AS right front chime on request	DASM_FD_2.AS_RF_CHIME_RQ	FD		STATUS_BH_BCM3.DAS_RF_CHIME_RQSts GW_B_3.DASM_RF_Chime_RqSts	CAN-BH	ATLANTIS 0 = false 1 = True	11/1/20 Added signal for AtlMi	Atlantis	
DASMChimeType	CAN Mapping	0	AS chime type	DASM_FD_2.AS_CHIME_TYPE	FD		STATUS_BH_BCM3.DAS_CHIME_TYPSts GW_B_3.DASM_Chime_TypSts	CAN-BH	ATLANTIS 0 = Default 1 = Chime1 2 = Chime2 3 = Chime3	11/1/20 Added signal for AtlMi	Atlantis	
DateTmDay	CAN Mapping	0	Day	TELEMATIC_FD_1.Day1_TLM TELEMATIC_FD_1.Day2_TLM	FD	4 bits each 0 to 9 (digit 1) 0 to 9 (digit 2)	TIME_DATE.Day1 TIME_DATE.Day2		4 bits each 0 to 9 (digit 1) 0 to 9 (digit 2)		Atlantis	
DateTmFormat	CAN Mapping	0	Date and Time format (12 hour or 24hour)	TELEMATIC_FD_10.DateTmFormat	FD	0 = NDEF0 1 = FORMAT_12H 2 = FORMAT_24H 3 = FORMAT_0 4 = FORMAT_1 5 = FORMAT_2 6 = FORMAT_3 7 = SNA	IPC_VEHICLE_SETUP.HourMode				Atlantis	
DateTmFormat2	CAN Mapping	0	Date and time format							For PHEV	Atlantis	
DateTmHour	CAN Mapping	0	TIME OF DAY : HOURS	TELEMATIC_FD_1.Hour1_TLM TELEMATIC_FD_1.Hour2_TLM	FD	4 bits each 0 to 9 (digit 1) 0 to 9 (digit 2)	TIME_DATE.Hour1 TIME_DATE.Hour2		4 bits each 0 to 9 (digit 1) 0 to 9 (digit 2)		Atlantis	
DateTmMinute	CAN Mapping	0	TIME OF DAY : MINUTES	TELEMATIC_FD_1.Minute1_TLM TELEMATIC_FD_1.Minute2_TLM	FD	4 bits each 0 to 9 (digit 1) 0 to 9 (digit 2)	TIME_DATE.Minute1 TIME_DATE.Minute2		4 bits each 0 to 9 (digit 1) 0 to 9 (digit 2)		Atlantis	
DateTmMonth	CAN Mapping	0	Month	TELEMATIC_FD_1.Month1_TLM TELEMATIC_FD_1.Month2_TLM	FD	4 bits each 0 to 9 (digit 1) 0 to 9 (digit 2)	TIME_DATE.Month1 TIME_DATE.Month2		4 bits each 0 to 9 (digit 1) 0 to 9 (digit 2)		Atlantis	
DateTmSecond	CAN Mapping	0	Time - Seconds	TELEMATIC_FD_1.Second1_TLM TELEMATIC_FD_1.Second2_TLM	FD	4 bits each 0 to 9 (digit 1) 0 to 9 (digit 2)					Atlantis	
DateTmYear	CAN Mapping	0	YEAR	TELEMATIC_FD_1.Year1_TLM TELEMATIC_FD_1.Year2_TLM TELEMATIC_FD_1.Year3_TLM TELEMATIC_FD_1.Year4_TLM	FD	4 bits each 0 to 9 (digit 1) 0 to 9 (digit 2) 0 to 9 (digit 3) 0 to 9 (digit 4)	TIME_DATE.Year1 TIME_DATE.Year2 TIME_DATE.Year3 TIME_DATE.Year4		4 bits each 0 to 9 (digit 1) 0 to 9 (digit 2) 0 to 9 (digit 3) 0 to 9 (digit 4)		Atlantis	
Day_Night_Mode	CAN Mapping	0	Day light brightness mode; Night=[0], Day=[1]	BCM_FD_27.DAY_LGT_MODE_DISP BCM_FD_27.DAY_LGT_MD_DISP	FD	ATLANTIS 0 = Night 1 = Day	BODY_CNTRL2.DAY_LGT_MD_DISP		ATLANTIS 0 = Night 1 = Day		Atlantis	
DC_PwrLev	CAN Mapping	0		IPC_VEHICLE_SETUP.DC_PwrLev	FD	See dbc file					Atlantis	
DC_PwrLev_Req	CAN Mapping	0		TELEMATIC_VEHICLE_SETUP.DC_PwrLev_Req	FD	See dbc file					Atlantis	
DCSD_AC_Req	CAN Mapping	0	DCSD HVAC Setting: HVAC A/C On/Off Request	DIS_CENTERSTACK.DCSD_AC	BH	0 - Not Pressed 1 - Pressed					Atlantis	
DCSD_Auto_Req	CAN Mapping	0	DCSD HVAC Setting: HVAC Auto On/Off request	DIS_CENTERSTACK.DCSD_Auto	BH	0 - Not Pressed 1 - Pressed					Atlantis	
DCSD_AUX4	CAN Mapping	0	"DCSD AUX4 softkey pressed status (12.1"" DCSD for Police Pursuit)"								Atlantis	
DCSD_DISP_STAT	CAN Mapping	0	DCSD display status	DIS_CENTERSTACK.DCSD_DISP_STAT	B-CAN	0 = OFF 1 = ON 2 = BLANK 3 = RR_CMRA 4 = DISP_HOT 7 = SNA	DIS_CENTERSTACK.DCSD_DISP_STAT				Atlantis	
DCSD_Enter	CAN Mapping	0	DCSD Enter.	DIS_CENTERSTACK.DCSD_Enter	CAN-B	0 = Enter_Not_Pressed 1 = Enter_Pressed					Atlantis	
DCSD_FanSpdDown_Req	CAN Mapping	0	DCSD HVAC Setting: Fan Speed Decrease Request	DIS_CENTERSTACK.DCSD_FanSpeedDown	BH	0 - Not Pressed 1 - Pressed					Atlantis	
DCSD_FanSpdUp_Req	CAN Mapping	0	DCSD HVAC Setting: Fan Speed Increase Request	DIS_CENTERSTACK.DCSD_FanSpeedUp	BH	0 - Not Pressed 1 - Pressed					Atlantis	
DCSD_Front_Defrost	CAN Mapping	0		DIS_CENTERSTACK.DCSD_Front_Defrost (BH-CAN)			DIS_CENTERSTACK.DCSD_Front_Defrost (BH-CAN)				Atlantis	
DCSD_HVAC_Pwr _Req	CAN Mapping	0	DCSD HVAC Setting: HVAC Power On/Off Request	DIS_CENTERSTACK.DCSD_HVAC_Pwr _Req	BH	0 - Not Pressed 1 - Pressed				As of V1.52, the signal is new. The Atlantis High message.signal name is pending and may not match the implemented name.	Atlantis	
DCSD_LeftTempDown_Req	CAN Mapping	0	DCSD HVAC Setting: Left Temperature Decrease Request	DIS_CENTERSTACK.DCSD_LeftTempDown	BH	0 - Not Pressed 1 - Pressed					Atlantis	
DCSD_LeftTempUp_Req	CAN Mapping	0	DCSD HVAC Setting: Left Temperature Increase Request	DIS_CENTERSTACK.DCSD_LeftTempUp	BH	0 - Not Pressed 1 - Pressed					Atlantis	
DCSD_MaxDef_Req	CAN Mapping	0	DCSD HVAC Setting: Max Defrost On/Off Request	DIS_CENTERSTACK.DCSD_MaxDef_Req	BH	0 - Not Pressed 1 - Pressed				As of V1.52, the signal is new. The Atlantis High message.signal name is pending and may not match the implemented name.	Atlantis	
DCSD_ModeDefrost_Req	CAN Mapping	0	DCSD HVAC Setting: Mode Defrost Request	DIS_CENTERSTACK.DCSD_ModeDefrost_Req	BH	0 - Not Pressed 1 - Pressed				As of V1.52, the signal is new. The Atlantis High message.signal name is pending and may not match the implemented name.	Atlantis	
DCSD_ModeFoot_Req	CAN Mapping	0	DCSD HVAC Setting: Mode Foot Request	DIS_CENTERSTACK.DCSD_ModeFoot_Req	BH	0 - Not Pressed 1 - Pressed				As of V1.52, the signal is new. The Atlantis High message.signal name is pending and may not match the implemented name.	Atlantis	
DCSD_ModePanel_Req	CAN Mapping	0	DCSD HVAC Setting: Mode Panel Request	DIS_CENTERSTACK.DCSD_ModePanel_Req	BH	0 - Not Pressed 1 - Pressed				As of V1.52, the signal is new. The Atlantis High message.signal name is pending and may not match the implemented name.	Atlantis	
DCSD_Power	CAN Mapping	0	DCSD Power.	DIS_CENTERSTACK.DCSD_Power	CAN-B	0 = Button_Not_Pressed 1 = Button_Pressed					Atlantis	
DCSD_Rear_Defrost	CAN Mapping	0		DIS_CENTERSTACK.DCSD_Rear_Defrost (BH-CAN)			DIS_CENTERSTACK.DCSD_Rear_Defrost (BH-CAN)				Atlantis	
DCSD_Recirc_Req	CAN Mapping	0	DCSD HVAC Setting: HVAC Recirculation request	DIS_CENTERSTACK.DCSD_Recirc	BH	0 - Not Pressed 1 - Pressed					Atlantis	
DCSD_RightTempDown_Req	CAN Mapping	0	DCSD HVAC Setting: Right Temperature Decrease Request	DIS_CENTERSTACK.DCSD_RightTempDown	BH	0 - Not Pressed 1 - Pressed					Atlantis	
DCSD_RightTempUp_Req	CAN Mapping	0	DCSD HVAC Setting: Right Temperature Increase Request	DIS_CENTERSTACK.DCSD_RightTempUp	BH	0 - Not Pressed 1 - Pressed					Atlantis	
DCSD_Screen_Off	CAN Mapping	0	DCSD Screen Off.	DIS_CENTERSTACK.DCSD_Screen_Off	CAN-B	0 = Screen_Off_Not_Pressed 1 = Screen_Off_Pressed					Atlantis	
DCSD_TUNEKNOB_DIR	CAN Mapping	0	DCSD TUNEKNOB DIR	DIS_CENTERSTACK.DCSD_TUNEKNOB_DIR	CAN-B	0 = KNOB_NO_CHNG 1 = KNOB_INC_POS 2 = KNOB_DEC_NEG 3 = KNOB_ENTER					Atlantis	
DCSD_TUNEKNOB_VAL	CAN Mapping	0	DCSD TUNEKNOB VAL	DIS_CENTERSTACK.DCSD_TUNEKNOB_VAL	CAN-B	6 bit signal					Atlantis	
DCSD_VOLKNOB_DIR	CAN Mapping	0	DCSD VOLKNOB DIR	DIS_CENTERSTACK.DCSD_VOLKNOB_DIR	CAN-B	0 = KNOB_NO_CHNG 1 = KNOB_INC_POS 2 = KNOB_DEC_NEG 3 = KNOB_ENTER					Atlantis	
DCSD_VOLKNOB_VAL	CAN Mapping	0	DCSD VOLKNOB VAL	DIS_CENTERSTACK.DCSD_VOLKNOB_VAL	CAN-B	6 bit signal					Atlantis	
DeceleratorSts	CAN Mapping	0	Cruize SET/- button	BCM_FD_13.DeceleratorSts	FD	Not_Active Active	SCCM_CRS_CTRL.DeceleratorSts		Not_Active Active		Atlantis	
DeckLidState	CAN Mapping	0		BCM_FD_11.GT_DL_Stat TELEMATIC_FD_15.GT_DL_Stat	FD						Atlantis	
Def_stat	CAN Mapping	0	Diesel Exhaust Fuel Lamp								Atlantis	
Default_App_Request	CAN Mapping	0	Request to set APPs to their factory default values.	GLOB_TLM.Default_App_Request	FD	0 = No_Request 1 = Request_to_Reinstall_Factory_Default_Apps	GLOB_TLM.Default_App_Request			CR11036	Atlantis	
Defrost_Range_Impact	CAN Mapping	0		<pending>.Defrost_Range_Impact	FD					Message pending	Atlantis	
Disarm_Mobile_App_Req	CAN Mapping	0		TBM_FD_1.Disarm_Mobile_App_Req							Atlantis	
DISC_VIDEO_OUT	CAN Mapping	0	DISC video output type								Atlantis	
Displacement	CAN Mapping	0	Displacement								Atlantis	
Display_Theme_Selector	CAN Mapping	0		Display_Synchronization_Rq	FD						Atlantis	
DisplayedSpeedLimSts	CAN Mapping	0	This signal indicates the road sign of vehicle speed limit displayed by IPC	IPC_FD_4.DisplayedSpeedLimSts	FD	6 bit signal see .dbc for all enumerations enumerations are set up as: for value x enumeration = Speed_Limit_5x except for: 0 = Sign_Not_Detected 62 = Speed_Limit_Unlimited 63 = End_Speed_Limit	CLUSTER5.DisplayedSpeedSign	CAN-B	8 bit signal see .dbc file	For PNet: >MAPN vehicles shall use CAM_MAP_FUSION.FusedSpeedLimit. >JL24 and other non MASPN vehicles shall use IC_A6.DisplayedSpeedLimSts	Atlantis	
DisplaySts	CAN Mapping	0					HAPTIC1.DisplaySts	CAN-BH	0 = LaneSense_OFF 1 = LaneSense_ON_HF_ NotA 2 = SingleLine_Left 3 = SingleLine_Right 4 = ON_HF_NotA_NHTSA_on_Left 5 = ON_HF_NotA_NHTSA _on_Right 6 = ON_HF_Armed 7 = ON_HF_Left_SingleLine_Left 8 = ON_HF_Left_side 9 = ON_HF_Right_SingleLine_Right 10 = ON_HF_Right_side 11 = ON_HF_Left_ NHTSA_on_Left 12 = ON_HF_Right_NHTSA_on_Right 13 = ON 14 = ON_HF_Left_RoadEdge 15 = ON_HF_Right_RoadEdge 16 = ON_HF_SingleLeft_NHTSA_RoadEdge 17 = ON_HF_SingleRight_NHTSA_RoadEdge 18 = ON_HF_SingleLeft_RoadEdge 19 = ON_HF_SingleRight_RoadEdge 20 = ON_HF_SingleLeft_NHTSA 21 = ON_HF_SingleRight_NHTSA 22 = ON_HF_Left_NHTSA_RoadEdge 23 = ON_HF_Right_NHTSA_RoadEdge 24 = ON_HF_Stay_In_Lane_White 25 = ON_HF_Stay_In_Lane_Green 26 = ON_HF_Stay_In_Lane_Yellow 27 = ON_HF_Stay_In_Lane_Yellow_Flashing 88 = ELK_HF_Left_NHTSA_on_Left 89 = ELK_HF_Right_NHTSA_on_Right 90 = ELK_HF_Left_NHTSA_RoadEdge 91 = ELK_HF_Right_NHTSA_RoadEdge 92 = ELK_HF_Left_RoadEdge 93 = ELK_HF_Right_RoadEdge 94 = ELK_HF_Left 95 = ELK_HF_Right 97 = ON_HF_NotA_NoHands 98 = SingleLine_Left_marker_NoHands 99 = SingleLine_Right_marker_NoHands 100 = ON_HF_NotA_NHTSA_on_Left_NoHand 101 = ON_HF_NotA_NHTSA_on_Right_NoHand 102 = ON_HF_Armed_NoHands 103 = ON_HF_Left_SingleLine_Left_NoHand 104 = ON_HF_Left_NoHands 105 = ON_HF_Right_ SingleLine_R_NoHand 106 = ON_HF_Right_NoHands 107 = ON_HF_Left_NHTSA_on_Left_NoHand 108 = ON_HF_Right_NHTSA_on_R_NoHand 109 = ON_HF_SingleLeft_NHTSA_NoHand 110 = ON_HF_SingleRight_NHTSA_NoHand 111 = ON_HF_Left_RoadEdgeNoHand 112 = ON_HF_Right_RoadEdgeNoHand 113 = ON_HF_SingleLeft_RoadEdgeNoHand 114 = ON_HF_SingleRight_RoadEdgeNoHand 115 = ON_HF_Left_NHTSA_RoadEdgeNoHand 116 = ON_HF_Right_NHTSA_RoadEdgeNoHand 117 = ON_HF_SLeft_NHTSARoadEdgeNoHand 118 = ON_HF_SRight_NHTSARoadEdgeNoHand 119 = ECE_ON_HF_Left_NHTSA_on_Left 120 = ECE_ON_HF_Right_NHTSA_on_Right 160 = Sensor_Blinded 161 = LaneSense_Temp _Unavailable 162 = Blinded_LaneSense_AHBC_ON 240 = LaneSense_Fault 255 = SNA	The required signal shall be added for Atlantis architecture and for SR23 CFTS102 implementation	Atlantis	ATL_HIGH_EMPTY
DisplaySync_Req	CAN Mapping	0		TELEMATIC_FD_1.Display_Synch_Req	FD	see DBC					Atlantis	
DisplaySync_Sts	CAN Mapping	0		IPC_VEHICLE_SETUP2.Display_Synch	FD	see DBC					Atlantis	
Dist_to_Dest	CAN Mapping	0	Distance to Destination	TELEMATIC_FD_15.DIST_TO_DEST	FD	16 bit signal 65535 = SNA	RADIO_B6.DIST_TO_DEST		Atlantis 16 Bit signal FFFF = SNA	only VRM based system usage	Atlantis	
Dist_Units	CAN Mapping	0	Nav trip units	TELEMATIC_FD_15.DIST_UNITS	FD	0 = NO_UNITS 1 = MILE 2 = FEET 3 = KM 4 = METER 5 = YARD 7 = SNA	RADIO_B6.DIST_UNITS			only VRM based system usage	Atlantis	
DistanceToCharge	CAN Mapping	0	Distance to the Charging Station	TELEMATIC_FD_15.DistanceToCharge	CAN-FD	0 : No Information available 127 : No Charging Destination					Atlantis	
DistanceToService	CAN Mapping	0	Distance to Service	SERVICEINFO2.DistanceToService	CAN-B	ATLANTIS 17 bit 0 = initialization 131071 = SNA	SERVICEINFO2.DistanceToService		ATLANTIS 17 bit 0 = initialization 131071 = SNA		Atlantis	
DistanceUnit	CAN Mapping	0	Distance Unit	IPC_VEHICLE_SETUP.DistanceUnit (see Usage Comment)	FD	Atlantis 1 bit signal 0 = km 1 = miles	IPC_VEHICLE_SETUP.DistanceUnit		Atlantis 1 bit signal 0 = km 1 = miles	"AtlHi MASAH-specific signal is ""IPC_VEHICLE_SETUP.Dist_Unit"""	Atlantis	
Divided_Road_CS	CAN Mapping	0	Provides information on roadway is divided or not.				SEGMENT.ADAS_Seg_DividedRoad	CAN-B			Atlantis	ATL_HIGH_EMPTY
Divided_Road_CS	CAN Mapping	0	Provides information on roadway is divided or not.	TELEMATIC_FD_11.Divided_Road_CS	FD	0 = Sgmnt_Not_Dvded_Rd_or_Dual_crrig 1 = Sgmnt_Prt_Dvded_Rd_or_Dual_crrig 2 = Unknown 3 = NA	SEGMENT.ADAS_Seg_DividedRoad	CAN-B			Atlantis	
DNTMD_Sft_Btn_request	CAN Mapping	0		<pending>.DNTMD_Sft_Btn_request	FD					Message pending	Atlantis	
DNTMD_Sft_Btn_status	CAN Mapping	0		<pending>.DNTMD_Sft_Btn_status	FD					Message pending	Atlantis	
Do_Not_Repeat1	CAN Mapping	0	Schedule 1 Do Not Repeat selection	CHARGE_SCHEDULE_HU1.Do_Not_Repeat1	FD	0 = Repeat (Unchecked) 1 = Do Not Repeat (Checked)	HU_Schedule1.Do_Not_Repeat1		See dbc		Atlantis	
Do_Not_Repeat1_Sts	CAN Mapping	0	Schedule 1 Do Not Repeat Status	CHARGE_SCHEDULE_HCP1.Do_Not_Repeat1_Sts	FD	0 = Repeat (Unchecked) 1 = Do Not Repeat (Checked)	HCP_Schedule1.Do_Not_Repeat1_Sts		See dbc		Atlantis	
Do_Not_Repeat2	CAN Mapping	0	Schedule 2 Do Not Repeat selection	CHARGE_SCHEDULE_HU1.Do_Not_Repeat2	FD	0 = Repeat (Unchecked) 1 = Do Not Repeat (Checked)	HU_Schedule2.Do_Not_Repeat2		See dbc		Atlantis	
Do_Not_Repeat2_Sts	CAN Mapping	0	Schedule 2 Do Not Repeat Status	CHARGE_SCHEDULE_HCP1.Do_Not_Repeat2_Sts	FD	0 = Repeat (Unchecked) 1 = Do Not Repeat (Checked)	HCP_Schedule2.Do_Not_Repeat2_Sts		See dbc		Atlantis	
Do_Not_Repeat3	CAN Mapping	0	Schedule 3 Do Not Repeat selection	CHARGE_SCHEDULE_HU1.Do_Not_Repeat3	FD	0 = Repeat (Unchecked) 1 = Do Not Repeat (Checked)	HU_Schedule3.Do_Not_Repeat3		See dbc		Atlantis	
Do_Not_Repeat3_Sts	CAN Mapping	0	Schedule 3 Do Not Repeat Status				Do_Not_Repeat3_Sts		See dbc		Atlantis	ATL_HIGH_EMPTY
Do_Not_Repeat3_Sts	CAN Mapping	0	Do_Not Repeat status schedule 3	CHARGE_SCHEDULE_HCP1.Do_Not_Repeat3_Sts	FD	See dbc	HCP_Schedule3.Do_Not_Repeat3_Sts	CAN-C	See dbc		Atlantis	
DonutMode_Sft_Btn_Req	CAN Mapping	0	Radio soft button for donut mode activation.	TELEMATIC_FD_15.DonutMode_Sft_Btn_Req	FD	0 - Not Pressed 1 - Pressed					Atlantis	
DonutMode_Sts	CAN Mapping	0	Donut Mode activation status							Note used as of V1.56.	Atlantis	
Door_Ajar_Status	CAN Mapping	0	Trunk/Liftgate ajar	STATUS_BH_BCM1.BonnetSts	CAN-B	ATLANTIS 1 bit signal 0 = Closed 1 = Open	STATUS_BH_BCM1.BonnetSts		ATLANTIS 1 bit signal 0 = Closed 1 = Open		Atlantis	
Door_Ajar_Status	CAN Mapping	0	Flipper glass ajar	N/A			N/A		ATLANTIS	Not used	Atlantis	
DoorLockStatus	CAN Mapping	0	DoorLockLastElSts	BCM_FD_9.DoorLockLastElSts	FD	0 = Locked 1 = Driver_Door_Unlocked 2 = All_Door_Unlocked 3 = SNA	STATUS_BH_BCM1.DoorLockLastElSts				Atlantis	
DOORS_STAT	CAN Mapping	0									Atlantis	
DpfDefWarningStatus	CAN Mapping	0	DpfDefWarningStatus	IPC_FD_3.DEF_STAT	FD	ATLANTIS 2 bit signal 0 = Off 1 = On 2 = Blinking 3 = SNA	STATUS_CCAN4.DPFSts STATUS_ECM.DPFSts		ATLANTIS 1 bit signal 0 = CLEAN 1 = DIRTY		Atlantis	
DR_MM_Lat	CAN Mapping	0	GPS position - dead reckoned / map matching latittude	TELEMATIC_FD_9.DR_MM_Lat	FD	32 bit signal Units are mas Offset = -324000000 Factor = 0.3017485143 Range is -324000000 to 324000000	GPS_POS4_DR_MM_Lat		32 bit signal 0- FFFFFFFFh -324000000 - +324000000 mas resolution: 0.3017485143 mas		Atlantis	
DR_MM_Long	CAN Mapping	0	GPS position - dead reckoned / map matching longitude	TELEMATIC_FD_9.DR_MM_Long	FD	32 bit signal Units are mas Offset = -324000000 Factor = 0.3017485143 Range is -324000000 to 324000000	GPS_POS4_DR_MM_Long		32 bit signal 0- FFFFFFFFh -324000000 - +324000000 mas resolution: 0.3017485143 mas		Atlantis	
DRFTMD_Sft_Btn_request	CAN Mapping	0		<pending>.DRFTMD_Sft_Btn_request	FD					Message pending	Atlantis	
DRFTMD_Sft_Btn_status	CAN Mapping	0		<pending>.DRFTMD_Sft_Btn_status	FD					Message pending	Atlantis	
DriftMode_Sft_Btn_Req	CAN Mapping	0	Radio soft button for drift mode activation.							Note used as of V1.56.	Atlantis	
DriftMode_Slip_Limit_Req	CAN Mapping	0	Yaw Limiter radio request.	TELEMATIC_FD_15.DriftMode_Slip_Limit_Req	FD	0 - Low 1 - Medium 2 - High 3 - Reserved					Atlantis	
DriftMode_Slip_Limit_Sts	CAN Mapping	0	Yaw Limiter confirmation.	BRAKE_FD_5.DriftMode_Slip_Limit_Sts	FD	0 - Low 1 - Medium 2 - High 3 - SNA					Atlantis	
DriftMode_Sts	CAN Mapping	0	Drift Mode activation status							Note used as of V1.56.	Atlantis	
DriveMdstat	CAN Mapping	0	Electric Drive Mode Status	HYBRID_POWERTRAIN1.DriveModeSts	FD	Atlantis 4 bit signal 0 = Drive_Mode_Unavailable 1 = Eco_Drive 2 = Sport_Hybrid 4 = ESave 8 = Electric 15 = SNA	GW_B_2.DriveMdstat		Atlantis 4 bit signal 0 = Drive_Mode_Unavailable 1 = Hybrid 2 = Sport 4 = ESave 8 - Electric	CR10644	Atlantis	
DriveModeSts_EPT	CAN Mapping	0		HYBRID_POWERTRAIN1.DriveModeSts_EPT			HCP_C1.DriveMdstat				Atlantis	
Driver_Adjust_Req	CAN Mapping	0		Driver_Door.Driver_Adjust_Req	CAN-BH						Atlantis	
Driver_Backrest_Req	CAN Mapping	0		DRIVER_DOOR.Driver_Backrest_Req (BH-CAN)			NA				Atlantis	
Driver_Cushion_Back_Tlm	CAN Mapping	0	DT Seat Zone	RADIO_B5.Driver_Cushion_Back_Tlm	B	0 = Not_Pressed 1 = Pressed					Atlantis	
Driver_Cushion_ExtendRetract_Req	CAN Mapping	0		DRIVER_DOOR.Driver_Cushion_ExtendRetract_Req (BH-CAN)			NA				Atlantis	
Driver_Cushion_Massage_Stat	CAN Mapping	0	Driver Cushion Massage Status	MASSAGE_DRIVER.Driver_Cushion_Massage_Stat	B-CAN	0 = Not_Selected 1 = Selected					Atlantis	
Driver_Cushion_Slide_ForeAft_Req	CAN Mapping	0		DRIVER_DOOR.Driver_Cushion_Slide_ForeAft_Req (BH-CAN)			NA				Atlantis	
Driver_Cushion_Slide_UpDown_Req	CAN Mapping	0		DRIVER_DOOR.Driver_Cushion_Slide_UpDown_Req (BH-CAN)			NA				Atlantis	
Driver_Cushion_Tilt_Req	CAN Mapping	0		DRIVER_DOOR.Driver_Cushion_Tilt_Req (BH-CAN)			NA				Atlantis	
Driver_Headrest_Req	CAN Mapping	0		DRIVER_DOOR.Driver_Headrest_Req (BH-CAN)			NA				Atlantis	
Driver_Recline_Req	CAN Mapping	0		DRIVER_DOOR.Driver_Recline_Req (BH-CAN)			NA				Atlantis	
Driver_UpperBack_Massage_Stat	CAN Mapping	0	Driver Upper Back Massage Status	MASSAGE_DRIVER.Driver_UpperBack_Massage_Stat	B-CAN	0 = Not_Selected 1 = Selected					Atlantis	
DriverBelt	CAN Mapping	0	DriverBelt - First row driver seatbelt switch status	ORC_FD_1.SBR1RowDriverSeatSts	FD	ATLANTIS 2 bit signal 0 = Seat_Belt_Fasten 1 = Seat_Belt_Not_Fasten 3 = SNA	AIRBAG1.SBR1RowDriverSeatSts		ATLANTIS 2 bit signal 0 = Seat_Belt_Fasten 1 = Seat_Belt_Not_Fasten 3 = SNA		Atlantis	
DriverDoorOnOffSts	CAN Mapping	0	Driver Door On or Off							DriverDoorOnOffSts	Atlantis	
DriverDoorSts	CAN Mapping	0	Driver door ajar	STATUS_BH_BCM1.DriverDoorSts BCM_FD_9.DriverDoorSts	CAN-B FD	1 bit signal 0 = Closed 1 = Open	STATUS_BH_BCM1.DriverDoorSts BODY4.DriverDoorSts		1 bit signal 0 = Closed 1 = Open		Atlantis	
DriveReady	CAN Mapping	0	Ready to Drive, [1] = Vehicle is allowed to shift out of park or neutral	ENGINE_SIMULATOR3.DriveReady_PT1	FD	0 = Default 1 = Vehicle_is_allowed_to_shift_out_of_park_or_neutral					Atlantis	
DriverRecall	CAN Mapping	0	Memory position	MEM_D_POS.Mem_D_Pos_Rq	CAN-B	ATLANTIS 2 bit signal 0 = Not_Pressed 1 = MemPos1_Pressed 2 = MemPos2_Pressed 3 = SNA	MEM_D_POS.Mem_D_Pos_Rq		ATLANTIS 2 bit signal 0 = Not_Pressed 1 = MemPos1_Pressed 2 = MemPos2_Pressed 3 = SNA		Atlantis	
DriverRecall2	CAN Mapping	0	Memory position (more than 2) - received by HU	MEM_SEAT3a.Mem_Driv_Pos_Rq	FD	ATLANTIS 3 bit signal 0=Not_Pressed 1=MemPos1_Pressed 2=MemPos2_Pressed 3=MemPos3_Pressed 7=SNA	MEM_SEAT3a.Mem_Driv_Pos_Rq	CAN-B	ATLANTIS 3 bit signal 0=Not_Pressed 1=MemPos1_Pressed 2=MemPos2_Pressed 3=MemPos3_Pressed 7=SNA		Atlantis	
DriveStyleStatus	CAN Mapping	0	Drive Style Status	BCM_FD_10.DriveStyleSts	FD	5 bit signal 0=Normal 1=City 2=Sport_Fun 3=Winter_Race 4=Eco 5=TracPlus 6=Trekking 7=Auto 8=Snow 9=Sand 10=Mud 11=Rock 12=Race 31=SNA	BODY2.DriveStyleSts		5 bit signal 0=Normal 1=City 2=Sport_Fun 3=Winter_Race 4=Eco 5=TracPlus 6=Trekking 7=Auto 8=Snow 9=Sand 10=Mud 11=Rock 12=Race 31=SNA		Atlantis	
DRLFault	CAN Mapping	0	DRLFault	EXTERNAL_LIGHTS.DRLFault	CAN-B	1 bit signal 0 = False 1 = True	EXTERNAL_LIGHTS.DRLFault		1 bit signal 0 = False 1 = True		Atlantis	
Drv_BolsterReq	CAN Mapping	0		DRIVER_SEAT.Drv_BolsterReq (BH-CAN) CENTERSTACK3.CushionBolster_Driv_Req (MASAH)			NA				Atlantis	
DRV_MD_Sts	CAN Mapping	0	Drive Mode Status	TRANSM_FD_4.DriveModeSts	FD	4 bit signal 0 = No_programs_available_selected 1 = Eco 2 = Sport 3 = Valet 4 = Ice_Winter 5 = Tow_Haul 6 = Track 7 = 4LowMode 8 = HDC/SSC 9 = Rock 10 = Sand 11 = Mud 12 = Normal 13 = Mud_Sand 14 = not_used 15 = not_used	TRANSM2.DriveModeSts		Atlantis 4 bit signal 0 = No_programs_available_selected 1 = Eco 2 = Sport 3 = Valet 4 = Ice_Winter 5 = Tow_Haul 6 = Track 7 = 4LowMode 8 = HDC/SSC 9 = Rock 10 = Sand 11 = Mud 12 = Normal 13 = not_used 14 = not_used 15 = not_used	Added StW_Actn_Rq.TerrainModeDesiredStat_ECM_CBC to powernet as CBC_I2.GlobDrvMdSts is applicable only for WD	Atlantis	
DrvMdHMI_1	CAN Mapping	0	Drive Mode HMI 1								Atlantis	
DrvMdHMI_2	CAN Mapping	0	Drive Mode HMI 2	BCM_FD_11.DrvMdHMI_2	FD	0 = FALSE 1 = TRUE					Atlantis	
DrvMdHMI_3	CAN Mapping	0	Drive Mode HMI 3	BCM_FD_11.DrvMdHMI_3	FD	0 = FALSE 1 = TRUE					Atlantis	
DrvMdHMI_4	CAN Mapping	0	Drive Mode HMI 4	BCM_FD_11.DrvMdHMI_4	FD	0 = FALSE 1 = TRUE					Atlantis	
DrvMdHMI_5	CAN Mapping	0	Request drive mode HMI indication 5								Atlantis	
DrvMdHMI_6	CAN Mapping	0	Request drive mode HMI indication 6								Atlantis	
DrvMdHMI_7	CAN Mapping	0	Request drive mode HMI indication 7								Atlantis	
DrvMdHMI_8	CAN Mapping	0	Request drive mode HMI indication 8								Atlantis	
DrvMdHMI_9	CAN Mapping	0	Power level inhibit message with throttle.							Drive modes only	Atlantis	
DrvRqShftROT	CAN Mapping	0	Rotary Gear shifer (P, R, N, D, L)	TRANSM_FD_4.ShiftLeverPosition	FD	No_Selection_Active_Or_Available P R N D L TIP_Autostick Plus Minus Sport Not_Used Not_Used Not_Used Not_Used Not_Used SNA	STATUS_CCAN5.ShiftLeverPosition		No_Selection_Active_Or_Available P R N D L TIP_Autostick Plus Minus Sport Not_Used Not_Used Not_Used Not_Used Not_Used SNA		Atlantis	
DrvSide	CAN Mapping	0	Driving Side	TELEMATIC_FD_11.DrvSide	FD	0 = Left 1 = Right	META_DATA.ADAS_Meta_DrvSide	CANB			Atlantis	
Dsbl_Loss_Of_Com	CAN Mapping	0	Disable Loss of Comm								Atlantis	
DVD_DATA_PT_CAB_DR	CAN Mapping	0	DVD data pointer for Cabin/driver								Atlantis	
DVD_DATA_PT_IR1	CAN Mapping	0	DVD data pointer for IR1/rear screen 1								Atlantis	
DVD_DATA_PT_IR2	CAN Mapping	0	DVD data pointer for IR2/rear screen 2								Atlantis	
DVD_DATA_PT_IR3	CAN Mapping	0	DVD data pointer for IR3/rear screen 3								Atlantis	
DVD_DISC_STAT	CAN Mapping	0	DVD Mechanism Status/ disc format								Atlantis	
DVD_DISP_CFG	CAN Mapping	0	DVD display configuration								Atlantis	
DVD_DISP_FLAG	CAN Mapping	0	DVD display flag								Atlantis	
DVD_DISP_MD	CAN Mapping	0	DVD Display Mode								Atlantis	
DVD_GrpNum	CAN Mapping	0	DVD data group number								Atlantis	
DVD_GrpTyp	CAN Mapping	0	DVD data group type								Atlantis	
DVD_HiGrpMark	CAN Mapping	0	DVD data high group mark								Atlantis	
DVD_HOUR	CAN Mapping	0	DVD play time in hours								Atlantis	
DVD_JUMP_FUNC	CAN Mapping	0	specify jump location								Atlantis	
DVD_MEDIA_PT	CAN Mapping	0	DVD media pointer								Atlantis	
DVD_MINUTE	CAN Mapping	0	DVD play time in minutes								Atlantis	
DVD_NEG_TIME	CAN Mapping	0	Display negative time for pregap disc								Atlantis	
DVD_OUT_STAT	CAN Mapping	0	DVD media source output status								Atlantis	
DVD_PT_CAB_DR	CAN Mapping	0	DVD function request pointer for Cabin/driver								Atlantis	
DVD_PT_IR1	CAN Mapping	0	DVD function request pointer for IR1/rear screen 1								Atlantis	
DVD_PT_IR2	CAN Mapping	0	DVD function request pointer for IR2/rear screen 2								Atlantis	
DVD_PT_IR3	CAN Mapping	0	DVD function request pointer for IR3/rear screen 3								Atlantis	
DVD_RND_MD	CAN Mapping	0	disc in random/shuffle mode								Atlantis	
DVD_RPT_MD	CAN Mapping	0	Disc is in repeat mode								Atlantis	
DVD_RQ1	CAN Mapping	0	DVD function request 1								Atlantis	
DVD_RQ2	CAN Mapping	0	DVD function request 2								Atlantis	
DVD_RQ3	CAN Mapping	0	DVD function request 3								Atlantis	
DVD_RSP	CAN Mapping	0	DVD response for any invalid/unavilable request								Atlantis	
DVD_SECOND	CAN Mapping	0	DVD play time in seconds								Atlantis	
DVD_TEXT	CAN Mapping	0	DVD text data								Atlantis	
DVD_TMPLT_ID	CAN Mapping	0	DVD data template identifier								Atlantis	
DVD_TRK_FILE	CAN Mapping	0	Disc track/file/chapter #								Atlantis	
DVD1_DATA_PT_CAB_DR	CAN Mapping	0	DVD data packet 1 pointer for Cabin/driver								Atlantis	
DVD1_DATA_PT_IR1	CAN Mapping	0	DVD data packet 1 pointer for IR1/rear screen 1								Atlantis	
DVD1_DATA_PT_IR2	CAN Mapping	0	DVD data packet 1 pointer for IR2/rear screen 2								Atlantis	
DVD1_DATA_PT_IR3	CAN Mapping	0	DVD data packet 1 pointer for IR3/rear screen 3								Atlantis	
DVD1_GrpNum	CAN Mapping	0	DVD data packet 1 group number								Atlantis	
DVD1_GrpTyp	CAN Mapping	0	DVD data packet 1 group type								Atlantis	
DVD1_HiGrpMark	CAN Mapping	0	DVD data packet 1 high group mark								Atlantis	
DVD1_TEXT	CAN Mapping	0	DVD packet 1 text data								Atlantis	
DVD1_TMPLT_ID	CAN Mapping	0	DVD data packet 1 template identifier								Atlantis	
DVD2_DATA_PT_CAB_DR	CAN Mapping	0	DVD data packet 2 pointer for Cabin/driver								Atlantis	
DVD2_DATA_PT_IR1	CAN Mapping	0	DVD data packet 2 pointer for IR1/rear screen 1								Atlantis	
DVD2_DATA_PT_IR2	CAN Mapping	0	DVD data packet 2 pointer for IR2/rear screen 2								Atlantis	
DVD2_DATA_PT_IR3	CAN Mapping	0	DVD data packet 2 pointer for IR3/rear screen 3								Atlantis	
DVD2_GrpNum	CAN Mapping	0	DVD data packet 2 group number								Atlantis	
DVD2_GrpTyp	CAN Mapping	0	DVD data packet 2 group type								Atlantis	
DVD2_HiGrpMark	CAN Mapping	0	DVD data packet 2 high group mark								Atlantis	
DVD2_TEXT	CAN Mapping	0	DVD packet 2 text data								Atlantis	
DVD2_TMPLT_ID	CAN Mapping	0	DVD data packet 2 template identifier								Atlantis	
DVD3_DATA_PT_CAB_DR	CAN Mapping	0	DVD data packet 3 pointer for Cabin/driver								Atlantis	
DVD3_DATA_PT_IR1	CAN Mapping	0	DVD data packet 3 pointer for IR1/rear screen 1								Atlantis	
DVD3_DATA_PT_IR2	CAN Mapping	0	DVD data packet 3 pointer for IR2/rear screen 2								Atlantis	
DVD3_DATA_PT_IR3	CAN Mapping	0	DVD data packet 3 pointer for IR3/rear screen 3								Atlantis	
DVD3_GrpNum	CAN Mapping	0	DVD data packet 3 group number								Atlantis	
DVD3_GrpTyp	CAN Mapping	0	DVD data packet 3 group type								Atlantis	
DVD3_HiGrpMark	CAN Mapping	0	DVD data packet3 high group mark								Atlantis	
DVD3_TEXT	CAN Mapping	0	DVD packet 3 text data								Atlantis	
DVD3_TMPLT_ID	CAN Mapping	0	DVD data packet 3 template identifier								Atlantis	
E_Call_BtnStat	CAN Mapping	0	Ecall button Status	STATUS_BH_IPC.E_CALL_PSD	CAN-B	1 bit 0 = not pressed 1 = Pressed	STATUS_BH_IPC.E_CALL_PSD		1 bit 0 = not pressed 1 = Pressed		Atlantis	
E_Call_Stat	CAN Mapping	0	Ecall Status	STATUS_TELEMATIC.E_CALL_STAT	CAN-B	2 bits 0 = OFF 1 = CONT 2 = BLINK 3 = SNA	STATUS_TELEMATIC.E_CALL_STAT		2 bits 0 = OFF 1 = CONT 2 = BLINK 3 = SNA		Atlantis	
E_Coasting_Req	CAN Mapping	0	HU request for setting current e-Coasting level	TELEMATIC_FD_19.E_Coasting_Req	FD	0 - Reserved 1 - Level 1 2 - Level 2 3 - Level 3 4 - Level 4 5 - Level 5 6 - Reserved 7 - SNA					Atlantis	
E_Coasting_Sts	CAN Mapping	0	Status of the e-Coasting Setting	<pending message name>.eCoastingTelltale_Status	FD	0 - Not available 1 - Level1 2 - Level2 3 - Level3 4 - Level4 5 - Level5 6 - Level0 7 - SNA				As of V1.44, Atlantis High message.signal is in process so actual signal name may change.	Atlantis	
E_Coasting_Sys_Sts	CAN Mapping	0	Reports the fail status of the e-Coasting System	HYBRID_DISPLAY.PopUpMessage12	FD	0 - MaxRegen_OFF 1 - MaxRegen_ON 2 - MaxRegen_Unavailable 3 - Not_Defined					Atlantis	
EB_Power	CAN Mapping	0	See dbc								Atlantis	
EB_Stat3	CAN Mapping	0	Exhaust brake status - 3 bit	ENGINE_FD_DIESEL.EB_Stat3	FD	0=EB_OFF 1=EB_ON 2=EB_LT 3=EB_MED 4=EB_HVY 5=EB_SMART 7=SNA					Atlantis	
EB_SW_PSD_HU	CAN Mapping	0	Exhaust brake button pressed on headunit	TELEMATIC_FD_13.EB_SW_PSD_HU	FD	0=Not_Pressed 1=Pressed				New Atl Hi message.signal has been requested as written on June 21, 2023. Actual message.signal may vary.	Atlantis	
EBL_Stat	CAN Mapping	0	Electric backlite status	BODY_CNTRL3.EBL_Stat BCM_FD_27.EBL_Stat	CAN-B FD	ATLANTIS 0 = Off 1 = On 2 = Blink 3 = SNA	STATUS_CLIMATE2.HVACRearDef_Sts		ATLANTIS 0 = Off 1 = On 2 = Blink 3 = SNA	For Atlantis MID: STATUS_CLIMATE2.HVACRearDef_Sts For Atlantis High: BODY_CNTRL3.EBL_Stat is for DCSD in CAN-B BCM_FD_27.EBL_Stat is for ETM in FD CAN8	Atlantis	
eBoost_Availability	CAN Mapping	0		<pending>.eBoost_Availability	FD					Message pending	Atlantis	
eBoost_Availability	CAN Mapping	0		pending	FD					Atlantis High signal is in process	Atlantis	
EC_Mirror_SK_Request	CAN Mapping	0	Mirror Dimmer soft key request	TELEMATIC_VEHICLE_SETUP.EC_Mirror_SK_Request	BH-CAN	See dbc	TELEMATIC_VEHICLE_SETUP.EC_Mirror_SK_Request			Atlantis for M240	Atlantis	
EC_MirrStat	CAN Mapping	0	EC Mirror Dimming Status	BODY_CNTRL3.EC_MirrStat	BH-CAN	0 = OFF 1 = ON 2 = DNA 3 = SNA	LIN_BCM_IGW1.EC_MirrStat_M			Atlantis for M240	Atlantis	
ECALLSTS	CAN Mapping	0									Atlantis	
ECharge_SOC	CAN Mapping	0		IPC_VEHICLE_SETUP.ECharge_SOC	FD	See dbc file					Atlantis	
ECharge_SOC_req	CAN Mapping	0		TELEMATIC_VEHICLE_SETUP.Echarge_SOC_req	FD	See dbc file					Atlantis	
ECMDriverInstruction	CAN Mapping	0	Driver Instruction								Atlantis	
Eco_Mode	CAN Mapping	0		BCM_FD_26.E_Mode_Sts	FD	0 - ECO_OFF 1 - ECO_ON 2 - ECO_UNAVAIL 3 - SNA				As of V1.54, message.signal name requested. Actual name may vary.	Atlantis	
Eco_Mode	CAN Mapping	0	ECO connected	BCM_FD_11.E_Mode_Sts	FD	0 = ECO_OFF 1 = ECO_ON 2 = ECO_UNAVAIL 3 = SNA	STATUS_BH_BCM3.EcoModeLedSts BODY2.EcoModeSts		Atlantis 2 bit signal (EcoModeLedSts) 0 = off 1 = on 2 = blinking 3 = SNA 1 bit signal (EcoModeSts) 0 = Not_Active 1 = Active		Atlantis	
ECO_MODE_STAT	CAN Mapping	0									Atlantis	
EconShftRq	CAN Mapping	0	Econ Shift Request	ENGINE_FD_6.GearShiftIndication	FD	Atlantis 2 bit signal 0 = No_Gearshift_Suggestion_by_ECM 1 = Downshift_Suggestion_by_ECM 2 = Upshift_Suggestion_by_ECM 3 = Strategy_Not_Available_ECM_Fail	ENGINE6.GearShiftIndication		Atlantis 2 bit signal 0 = No_Gearshift_Suggestion_by_ECM 1 = Downshift_Suggestion_by_ECM 2 = Upshift_Suggestion_by_ECM 3 = Strategy_Not_Available_ECM_Fail	GearShiftIndication Not in SR21	Atlantis	
EDM#1_Power	CAN Mapping	0		<pending>.EDM#1_Power	FD					Message pending	Atlantis	
EDM#1_Power	CAN Mapping	0		pending	FD					Atlantis High signal is in process	Atlantis	
EDM#1_Temp	CAN Mapping	0		<pending>.EDM#1_Temp	FD					Message pending	Atlantis	
EDM#1_Temp	CAN Mapping	0		pending	FD					Atlantis High signal is in process	Atlantis	
EDM#1_Torque	CAN Mapping	0		<pending>.EDM#1_Torque	FD					Message pending	Atlantis	
EDM#1_Torque	CAN Mapping	0		pending	FD					Atlantis High signal is in process	Atlantis	
EDM#2_Power	CAN Mapping	0		<pending>.EDM#2_Power	FD					Message pending	Atlantis	
EDM#2_Power	CAN Mapping	0		pending	FD					Atlantis High signal is in process	Atlantis	
EDM#2_Temp	CAN Mapping	0		<pending>.EDM#2_Temp	FD					Message pending	Atlantis	
EDM#2_Temp	CAN Mapping	0		pending	FD					Atlantis High signal is in process	Atlantis	
EDM#2_Torque	CAN Mapping	0		<pending>.EDM#2_Torque	FD					Message pending	Atlantis	
EDM#2_Torque	CAN Mapping	0		pending	FD					Atlantis High signal is in process	Atlantis	
EffSpdLmt_CS	CAN Mapping	0	Effective/Current Speed Limit	TELEMATIC_FD_11.EffSpdLmt_CS	FD	5 bit signal See .dbc for enumeration values	SEGMENT.ADAS_Seg_EffSpdLmt	CAN_B			Atlantis	
EffSpdLmt_NS	CAN Mapping	0		TELEMATIC_FD_11.EffSpdLmt_NS	FD	5 bit signal See .dbc for enumeration values					Atlantis	
EffSpdLmtType_CS	CAN Mapping	0	Effective Speed Limit Type	TELEMATIC_FD_11.EffSpdLmtType_CS	FD-CAN8	0 = Implicit 1 = Explicit_On_Traffic_Sign 2 = Explicit_Night 3 = Explicit_Day 4 = Explicit_Time_of_day 5 = Explicit_Rain 6 = Explicit_Snow 7 = Unknown	SEGMENT.ADAS_Seg_EffSpdLmtType	CAN-B			Atlantis	
Elec_Stab_stst	CAN Mapping	0	Electronic Stability Lamp	IPC_FD_3.ELEC_STAB_STAT	FD	0 = Off 1 = On 2 = Blinking 3 = SNA					Atlantis	
Electric_Dist_Kilometers	CAN Mapping	0	Electric_Dist_Kilometers							CR10644	Atlantis	
Electric_Dist_Miles	CAN Mapping	0	Electric_Dist_Miles							CR10644	Atlantis	
Electric_Wrench_Stat	CAN Mapping	0	Electric Wrench lamp	IPC_FD_3.ELECTRIC_WRENCH_STAT	FD	0 = Off 1 = On 2 = Blinking 3 = SNA					Atlantis	
ElectricSteeringFailSts	CAN Mapping	0	Electric power steering warning display request Electric Steering Fail Status	BCM_FD_2.EPS_Warn_Disp_Rq	FD	Atlantis 3 bit signal (EPS_Warn_Disp_Rq) 0 = OK (EPS function active) 1 = ERR (Warning - Service power steering) 2 = ERR2 (Warning - Power steering-over temp) 3 = SERV_HI (Service Required - High Priority ) 7 = SNA	C2_IGW1.EPS_Warn_Disp_Rq		Atlantis 3 bit signal (EPS_Warn_Disp_Rq) 0 = OK (EPS function active) 1 = ERR (Warning - Service power steering) 2 = ERR2 (Warning - Power steering-over temp) 3 = SERV_HI (Service Required - High Priority ) 7 = SNA		Atlantis	
Electrochromic_Fail	CAN Mapping	0		STATUS_PTCM.ElechtrocromicFailSts	BH-CAN	0x0 = Fail_Not_Present 0x1 = Fail_Present	PTCM_1.ElechtrocromicFailSts	BH-CAN	0x0 = Fail_Not_Present 0x1 = Fail_Present	AtlHigh -AtlMi- M240- M240BEV-SR22	Atlantis	
Electrochromic_Stat	CAN Mapping	0		STATUS_PTCM.ElechtrocromicSts	BH-CAN	0x0 = ON 0x1 = OFF	PTCM_1.ElechtrocromicSts	BH-CAN	0x0 = ON 0x1 = OFF	AtlHigh -AtlMi- M240- M240BEV-SR22	Atlantis	
Emerg_Siren_Detected	CAN Mapping	0		TELEMATIC_FD_5.Emerg_Siren_Detected	FD	00 = Not Detected 01 = Detected 03 = SNA					Atlantis	
EmodeBtnSts	CAN Mapping	0	Emode button status								Atlantis	
EModeSwPsd	CAN Mapping	0		TELEMATIC_FD_15.EModeSwPsd	FD	0 - DEFAULT 1 - SW_NOT_PSD 2 - SW_PSD 3 - SNA				As of V1.54, message.signal name requested. Actual name may vary.	Atlantis	
EModeSwPsd	CAN Mapping	0	EMode Software PSD								Atlantis	
Enable_ClimateSchd1	CAN Mapping	0		CLIMATE_SCHEDULE_HU1.Enable_ClimateSchd1	FD	See dbc file					Atlantis	
Enable_ClimateSchd1_Sts	CAN Mapping	0		CLIMATE_SCHEDULE_HCP1.Enable_ClimateSchd1_Sts	FD	See dbc file					Atlantis	
Enable_ClimateSchd2	CAN Mapping	0		CLIMATE_SCHEDULE_HU1.Enable_ClimateSchd2	FD	See dbc file					Atlantis	
Enable_ClimateSchd2_Sts	CAN Mapping	0		CLIMATE_SCHEDULE_HCP1.Enable_ClimateSchd2_Sts	FD	See dbc file					Atlantis	
Enable_Schedule1	CAN Mapping	0	Enable Schedule 1	CHARGE_SCHEDULE_HU1.Enable_Schedule1	FD	See dbc	HU_Schedule1.Enable_Schedule1	CAN-C	See dbc		Atlantis	
Enable_Schedule2	CAN Mapping	0	Enable Schedule 2	CHARGE_SCHEDULE_HU1.Enable_Schedule2	FD	See dbc	HU_Schedule2.Enable_Schedule2	CAN-C	See dbc		Atlantis	
Enable_Schedule3	CAN Mapping	0	Enable Schedule 3	CHARGE_SCHEDULE_HU1.Enable_Schedule3	FD	See dbc	HU_Schedule3.Enable_Schedule3	CAN-C	See dbc		Atlantis	
EnableScheduleSts	CAN Mapping	0	Radio Charge Schedule enable status								Atlantis	
End_Time_Hr1	CAN Mapping	0	Schedule 1 End Time hour selection	CHARGE_SCHEDULE_HU1.End_Time_Hr1	FD	5 bit signal Units are Hours Offset = 0 Factor = 1 Range is 0 - 23 SNA = 31	HU_Schedule1.End_Time_Hr1		See dbc		Atlantis	
End_Time_Hr1_Sts	CAN Mapping	0	Schedule 1 End Time hour Status	CHARGE_SCHEDULE_HCP1.End_Time_Hr1_Sts	FD	5 bit signal Units are Hours Offset = 0 Factor = 1 Range is 0 - 23 SNA = 31	HCP_Schedule1.End_Time_Hr1_Sts		See dbc		Atlantis	
End_Time_Hr2	CAN Mapping	0	Schedule 2 End Time hour selection	CHARGE_SCHEDULE_HU1.End_Time_Hr2	FD	5 bit signal Units are Hours Offset = 0 Factor = 1 Range is 0 - 23 SNA = 31	HU_Schedule2.End_Time_Hr2		See dbc		Atlantis	
End_Time_Hr2_Sts	CAN Mapping	0	Schedule 2 End Time hour Status	CHARGE_SCHEDULE_HCP1.End_Time_Hr2_Sts	FD	5 bit signal Units are Hours Offset = 0 Factor = 1 Range is 0 - 23 SNA = 31	HCP_Schedule2.End_Time_Hr2_Sts		See dbc		Atlantis	
End_Time_Hr3	CAN Mapping	0	Schedule 3 End Time hour selection	CHARGE_SCHEDULE_HU1.End_Time_Hr3	FD	5 bit signal Units are Hours Offset = 0 Factor = 1 Range is 0 - 23 SNA = 31	HU_Schedule3.End_Time_Hr3		See dbc		Atlantis	
End_Time_Hr3_Sts	CAN Mapping	0	Schedule 3 End Time hour Status				End_Time_Hr3_Sts		See dbc		Atlantis	ATL_HIGH_EMPTY
End_Time_Hr3_Sts	CAN Mapping	0	end time hour status schedule 3	CHARGE_SCHEDULE_HCP1.End_Time_Hr3_Sts	FD	See dbc	HCP_Schedule3.End_Time_Hr3_Sts	CAN-C	See dbc		Atlantis	
End_Time_Min1	CAN Mapping	0	Schedule 1 End time minute selection	CHARGE_SCHEDULE_HU1.End_Time_Min1	FD	4 bit signal Units are Min Offset = 0 Factor = 5 Range is 0 - 55 SNA = 15	HU_Schedule1.End_Time_Min1		See dbc		Atlantis	
End_Time_Min1_Sts	CAN Mapping	0	Schedule 1 End time minute Status	CHARGE_SCHEDULE_HCP1.End_Time_Min1_Sts	FD	4 bit signal Units are Min Offset = 0 Factor = 5 Range is 0 - 55 SNA = 15	HCP_Schedule1.End_Time_Min1_Sts		See dbc		Atlantis	
End_Time_Min2	CAN Mapping	0	Schedule 2 End time minute selection	CHARGE_SCHEDULE_HU1.End_Time_Min2	FD	4 bit signal Units are Min Offset = 0 Factor = 5 Range is 0 - 55 SNA = 15	HU_Schedule2.End_Time_Min2		See dbc		Atlantis	
End_Time_Min2_Sts	CAN Mapping	0	Schedule 2 End time minute Status	CHARGE_SCHEDULE_HCP1.End_Time_Min2_Sts	FD	4 bit signal Units are Min Offset = 0 Factor = 5 Range is 0 - 55 SNA = 15	HCP_Schedule2.End_Time_Min2_Sts		See dbc		Atlantis	
End_Time_Min3	CAN Mapping	0	Schedule 3 End time minute selection	CHARGE_SCHEDULE_HU1.End_Time_Min3	FD	4 bit signal Units are Min Offset = 0 Factor = 5 Range is 0 - 55 SNA = 15	HU_Schedule3.End_Time_Min3		See dbc		Atlantis	
End_Time_Min3_Sts	CAN Mapping	0	Schedule 3 End time minute Status				End_Time_Min3_Sts		See dbc		Atlantis	ATL_HIGH_EMPTY
End_Time_Min3_Sts	CAN Mapping	0	end time minute status schedule 3	CHARGE_SCHEDULE_HCP1.End_Time_Min3_Sts	FD	See dbc	HCP_Schedule3.End_Time_Min3_Sts	CAN-C	See dbc		Atlantis	
Energy_Rate	CAN Mapping	0	HV Battery Charging Energy Rate	HCP_CHARGING_STAT.Energy_to_Battery	FD	see dbc					Atlantis	
Eng_DrvMd_CfgSts	CAN Mapping	0	Engine Drive Mode Configure Station								Atlantis	
Eng_DrvMdRq	CAN Mapping	0	Engine Drive Mode Request								Atlantis	
EngCoolTemp	CAN Mapping	0	See dbc	ENGINE_FD_6.EngineWaterTemp	See dbc	See dbc					Atlantis	
EngDrvMdStat	CAN Mapping	0	Engine Drive Mode								Atlantis	
Engine_MIL_Stat	CAN Mapping	0	Engine MIL Lamp	IPC_FD_3.ENGINE_MIL_STAT	FD	0 = Off 1 = On 2 = Blinking 3 = SNA					Atlantis	
Engine_Temp_Stat	CAN Mapping	0	Engine Temp Lamp	IPC_FD_3.ENGINE_TEMP_STAT	FD	0 = Off 1 = On 2 = Blinking 3 = SNA					Atlantis	
EngineAspiration	CAN Mapping	0									Atlantis	
EngineCoolant	CAN Mapping	0	Engine Coolant Temp degrees C	BCM_FD_12.EngCoolTemp	FD	8 bit signal Units are degrees C Offset = -40 Range is -40 to 214 SNA = 255	STATUS_CCAN3.EngineWaterTemp STATUS_CCAN3.EngineWaterTempFailSts ENGINE6.EngineWaterTemp ENGINE6.EngineWaterTempFailSts		ATLANTIS 8 bit signal -40 - 215 Deg C Resolution = 1 deg C 1 bit signal (EngWaterTempFailSts) 0 = Fail Not Present 1 = Fail Present		Atlantis	
EngineOilOverTemp	CAN Mapping	0	Engine oil overtemp. indicator request	ENGINE_FD_6.EngineOilTemp ENGINE_FD_3.OIL_TMP_IND_RQ	FD	ATLANTIS 3 bit signal 0 = Not_Used 1 = First_Level 2 = Second_Level 3 = Third_Level 4 = Fourth_Level 5 = Fifth_Level 6 = Sixth_Level 7 = SNA	ENGINE7.EngineOilTemp		0 = Zero_Level 1 = First_Level 2 = Second_Level 3 = Third_Level 4 = Fourth_Level 5 = Fifth_Level 6 = Sixth_Level 7 = SNA	Duplicate of 155	Atlantis	
EngineRPM	CAN Mapping	0	Engine revolutions per minute	STATUS_CCAN5.EngineSpeed STATUS_CCAN5.EngineSpeedFailSts Signals for MASAH: ENGINE_FD_2.EngineSpeed_W ENGINE_FD_2.EngineSts_W STATUS_CCAN3.EngineSts	CAN-B CAN-FD	ATLANTIS 14 bit signal (EngineSpeed) 0-16382 rpm resolution = 1 rpm 1 bit signal (EngineSpeedFailSts) 0 = Fail_not_present 1 = Fail_present	STATUS_CCAN5.EngineSpeed STATUS_CCAN5.EngineSpeedFailSts		ATLANTIS 14 bit signal (EngineSpeed) 0-16382 rpm resolution = 1 rpm 1 bit signal (EngineSpeedFailSts) 0 = Fail_not_present 1 = Fail_present	B and C CAN duplicates	Atlantis	
EngineRPM	CAN Mapping	0	Engine revolutions per minute	ENGINE_FD_2.EngRPM	FD	ATLANTIS 14 bit signal (EngineSpeed) 0-16382 rpm resolution = 1 rpm 1 bit signal (EngineSpeedFailSts) 0 = Fail_not_present 1 = Fail_present	ENGINE1.EngineSpeedSts ENGINE1.EngineSpeedFailSts		ATLANTIS 14 bit signal (EngineSpeed) 0-16382 rpm resolution = 1 rpm 1 bit signal (EngineSpeedFailSts) 0 = Fail_not_present 1 = Fail_present	B and C CAN duplicates	Atlantis	
EngineRPM	CAN Mapping	0		STATUS_CCAN5.EngineSpeed	CAN-BH						Atlantis	
EngineSts	CAN Mapping	0	Engine status	STATUS_CCAN3.EngineSts ENGINE_FD_2.EngineSts	CAN-B FD	0 = Engine_Off 1 = Engine_Cranking 2 = Engine_On 3 = SNA	STATUS_CCAN3.EngineSts		Engine_Off Engine_Cranking Engine_On SNA		Atlantis	
EngineTorque	CAN Mapping	0	Engine Torque Request Nm	ENGINE_FD_4.EngineTorque	FD	ATLANTIS 11 bit signal -500 - 1546 nm Resolution =1 nm	ENGINE4.EngineTorque		ATLANTIS 11 bit signal -500 - 1546 nm Resolution =1 nm	EngTrq_Rq_DAS	Atlantis	
EngineWaterTempWarningLightSts	CAN Mapping	0									Atlantis	
EngLoad	CAN Mapping	0	Load value for OBD	OBD_CONTENT_FRAME.LoadOBD	FD	ATLANTIS 8 bit 0 - +100% resolution = 0.3922%	OBD_CONTENT_FRAME.LoadOBD		ATLANTIS 8 bit 0 - +100% resolution = 0.3922%		Atlantis	
EngPwrUsageDisp	CAN Mapping	0	Charging level and type	HYBRID_DISPLAY.EnginePowerUse_Display	FD	10 bit display units are kW Offset = 0 Factor = 1 Range is 0 to 1023	GW_B_2.EngPwrUsageDisp		Atlantis 10 bit signal	CR10644	Atlantis	
EngPwrUsageDisp_V	CAN Mapping	0	Validity bit for signal EngPwrUsageDisp, 0=Valid	HYBRID_DISPLAY.EnginePowerUse_DisplayV	FD	0 = Valid 1 = Not_Valid	GW_B_2.EngPwrUsageDisp_V		0 = Valid 1 = Not_Valid	CR10644	Atlantis	
EngRun_Stat	CAN Mapping	0	Engine Run Status	STATUS_CCAN3.EngineSts ENGINE_FD_2.EngineSts_W	CAN-B FD	0 = Engine_Off 1 = Engine_Cranking 2 = Engine_On 3 = SNA					Atlantis	
Enter_Button	CAN Mapping	0	Enter pressed	CLIMATIC_PANEL.Radio_btn1 DIS_CENTERSTACK.DCSD_Enter	CAN-B	1 bit signal 0 = Not_Pressed (List/Enter button) 1 = Pressed (List/Enter button)	CLIMATIC_PANEL.Radio_btn1		1 bit signal 0 = Not_Pressed (List/Enter button) 1 = Pressed (List/Enter button)	"For Atlantis High, 14.4"" and 12"" DCSD on DT24 Truck uses the DIS_CENTERSTACK signal which is equivalent to the CLIMATIC_PANEL signal"	Atlantis	
ENTMuted	CAN Mapping	0	Entertainment audio muted status	STATUS_TELEMATIC.MuteSts	CAN-B	1 bit signal 0 = Muted 1 = Unmuted	STATUS_TELEMATIC.MuteSts		1 bit signal 0 = Unmuted 1 = Muted		Atlantis	
EPBHoldSts	CAN Mapping	0					GW_B_1.EPBHoldSts		Atlantis 3 bit signal 0 = REL 1 = APPLIED 2 = Applying 3 = Releasing 4 = DC 5 = BSU		Atlantis	ATL_HIGH_EMPTY
EPBSts	CAN Mapping	0	EPB status	BRAKE_FD_4.EPBSts	FD	Atlantis 4 bit signal 0 = Released 1 = Applied 2 = DynamicBrkESC 3 = DynamicBrkEPB 4 = Emergency_Braking 5 = Applying 6 = Maintenance_Mode 7 = Assembly_Check 8 = Inspection_Mode 9 = Re_Clamping 10 = Adjuste_Mode 11 = Releasing 12 = Fault_EPB_Released 13 = Fault_EPB_Applied 14 = Fault_Present 15 = SNA	STATUS_CCAN5.EPBSts STATUS_EPB.EPBSts C1_IGW1.EPBSts		Atlantis 4 bit signal 0 = Released 1 = Applied 2 = DynamicBrkESC 3 = DynamicBrkEPB 4 = Emergency_Braking 5 = Applying 6 = Maintenance_Mode 7 = Assembly_Check 8 = Inspection_Mode 9 = Re_Clamping 10 = Adjuste_Mode 11 = Releasing 12 = Fault_EPB_Released 13 = Fault_EPB_Applied 14 = Fault_Present 15 = SNA		Atlantis	
EPS_DrvMd_CfgSts	CAN Mapping	0	Electronic Power Steering Drive Mode Status	BCM_FD_26.EPS_DrvMd_CfgSts_TMI	FD	See dbc					Atlantis	
EPS_MODE_REQ	CAN Mapping	0	EPS Mode Request	TELEMATIC_FD_11.ETM_EPS_MODE_REQ	FD	See dbc					Atlantis	
EPS_MODE_STAT	CAN Mapping	0	EPS Mode	EPS_FD_2.EPS_MODE_STAT	FD	See dbc					Atlantis	
EPS_Stat	CAN Mapping	0	EPS Lamp								Atlantis	
EPS_Warn_Stat	CAN Mapping	0	EPS Warning Lamp	IPC_FD_3.EPB_WARN_STAT	FD	0 = Off 1 = On 2 = Blinking 3 = SNA					Atlantis	
ErrSys_1	CAN Mapping	0	Error System 1	BCM_FD_11.ErrSys_1	FD	0 = FALSE 1 = TRUE					Atlantis	
ErrSys_2	CAN Mapping	0	Error System 2	BCM_FD_11.ErrSys_2	FD	0 = FALSE 1 = TRUE					Atlantis	
ErrSys_3	CAN Mapping	0	Error System 3	BCM_FD_11.ErrSys_3	FD	0 = FALSE 1 = TRUE					Atlantis	
ErrSys_4	CAN Mapping	0	Error System 4	BCM_FD_11.ErrSys_4	FD	0 = FALSE 1 = TRUE					Atlantis	
ErrSys_5	CAN Mapping	0	Error System 5	BCM_FD_11.ErrSys_5	FD	0 = FALSE 1 = TRUE					Atlantis	
ErrSys_6	CAN Mapping	0	Error System 6								Atlantis	
ErrSys_7	CAN Mapping	0	Error System 7	BCM_FD_11.ErrSys_7	FD	0 = FALSE 1 = TRUE					Atlantis	
eRuptSts	CAN Mapping	0	eRupt feature final status	ENGINE_SIMULATOR5.eRUPT_Status	CAN-BH	0-Enabled 1-Disabled 2-Unavailable 3-NA					Atlantis	
ESave	CAN Mapping	0		IPC_VEHICLE_SETUP.Esave	FD	See dbc file					Atlantis	
ESaveReq	CAN Mapping	0		TELEMATIC_VEHICLE_SETUP.ESave_req	FD	See dbc file					Atlantis	
ESC_DrvMd_CfgSts	CAN Mapping	0	Electronic Stability Control Drive Mode Configure Status	BCM_FD_26.ESC_DrvMd_CfgSts_TMI	FD	See dbc					Atlantis	
ESC_linelock_sel	CAN Mapping	0	ESC LineLock Select								Atlantis	
ESC_OFF_Hrd_Sft_Button_sts	CAN Mapping	0	Electronic Stability Control Off Hard/Soft Button	BRAKE_FD_4.ESC_OFF_Hrd_Sft_Button_sts	FD	See dbc					Atlantis	
ESC_OFF_STAT	CAN Mapping	0									Atlantis	
ESC_Sft_btn_status	CAN Mapping	0	ESC soft button status	TELEMATIC_FD_5.ESC_Sft_btn_status	FD	See dbc					Atlantis	
ESC_sftbtn_launch_sel	CAN Mapping	0	ESC soft button launch select	BRAKE_FD_4.BSM_LnchCtrl_SftBtn_SelectSts	FD						Atlantis	
ESCControlLamp	CAN Mapping	0	ESC Control Lamp Information	BRAKE_FD_1.ESC_CtrlLmp_Info	FD	ATLANTIS 1 bit signal 0 = No_intervention 1 = Intervention_blinking_lamp	BRAKE8.ESCIntervention		ATLANTIS 1 bit signal 0 = No_intervention 1 = Intervention_blinking_lamp		Atlantis	
ESCControlLamp (Fail Sts)	CAN Mapping	0	ESC Control Lamp Information				BRAKE8.ESCFailSts		Atlantis 1 bit signal 0 = Fail_Not_Present 1 = Fail_Present		Atlantis	ATL_HIGH_EMPTY
ESS_ENG_ST	CAN Mapping	0	ESS_ENG_ST	STATUS_CCAN3.ESS_ENG_ST ENGINE_FD_2.ESS_ENG_ST	CAN-B FD	4 bit signal 1 = ENS Stopped 2 = ENS Request Start 3 = ENS Running 4 = ENS Stop Pending 5 = ENS Start protection 6 = ENS Start inhibit 7 = ENS disabled 8 = ENS_IHB_LATCH 9 = ENS Starting F = SNA	STATUS_CCAN3.ESS_ENG_ST		4 bit signal 1 = ENS Stopped 2 = ENS Request Start 3 = ENS Running 4 = ENS Stop Pending 5 = ENS Start protection 6 = ENS Start inhibit 7 = ENS disabled 8 = ENS_IHB_LATCH 9 = ENS Starting F = SNA		Atlantis	
Est_HVBatSOC_HCP	CAN Mapping	0		VDCM_HMI.Est_HVBatSOC_VDCM HYBRID_DISPLAY.HVBatterySOC_Display	FD	See dbc file					Atlantis	
Est_Range	CAN Mapping	0	Estimated range	HYBRID_DISPLAY.EstimatedRange	FD	See dbc file	HCP_1 .Est_Range				Atlantis	
Est_Range_ChrgStopTime	CAN Mapping	0		VDCM_HMI.Est_Range_ChrgStopTime	FD	See dbc file					Atlantis	
Est_Range_Disp	CAN Mapping	0	Estimated electric range for display	IPC_FD_5.Est_Range_Disp	FD	IPC_FD_5.Est_Range_Disp: 8 bit signal Offset = 1 Range = 0 - 254 SNA = 255	CLUSTER4.Est_Range_Disp		Atlantis 8 bit signal FF = SNA	CR10644 IPC_FD_5.Est_Range_Disp_Long was added to Atlantis-High for MASAH	Atlantis	
Est_Range_Disp_Long	CAN Mapping	0		IPC_FD_5.Est_Range_Disp_Long	CAN_FD	unit: km, mi (depends on user selection) min: 0 max: 2046 factor: 1 SNA: 2047 (decimal raw value					Atlantis	
Est_Range_ExternalTarget1	CAN Mapping	0	EVCU/HCP Estimated Range based on user set External Target for Schedule 1	CHARGE_SCHEDULE_HCP1.Est_Range_ExternalTarget1	FD	See dbc				As of V1.44, Atlantis High message.signal is in process so actual signal name may change. As of V1.45, the LID is not used and the signal does not exist. There is no plan to use it in the future.	Atlantis	
Est_Range_ExternalTarget2	CAN Mapping	0	EVCU/HCP Estimated Range based on user set External Target for Schedule 2	CHARGE_SCHEDULE_HCP1.Est_Range_ExternalTarget2	FD	See dbc				As of V1.44, Atlantis High message.signal is in process so actual signal name may change. As of V1.45, the LID is not used and the signal does not exist. There is no plan to use it in the future.	Atlantis	
Est_Range_FullCharge	CAN Mapping	0	Estimated Range at 100% SOC	HCP_CHARGING_STAT.Est_Range_FullCharge	FD	n/a					Atlantis	
Est_Range_ImmediateTarget1	CAN Mapping	0	EVCU/HCP Estimated Range based on user set Immediate Target for Schedule 1	CHARGE_SCHEDULE_HCP1.Est_Range_ImmediateTarget1	FD	See dbc				As of V1.44, Atlantis High message.signal is in process so actual signal name may change. As of V1.45, the LID is not used and the signal does not exist. There is no plan to use it in the future.	Atlantis	
Est_Range_ImmediateTarget2	CAN Mapping	0	EVCU/HCP Estimated Range based on user set Immediate Target for Schedule 2	CHARGE_SCHEDULE_HCP1.Est_Range_ImmediateTarget2	FD	See dbc				As of V1.44, Atlantis High message.signal is in process so actual signal name may change. As of V1.45, the LID is not used and the signal does not exist. There is no plan to use it in the future.	Atlantis	
EstChargeTime_Level1	CAN Mapping	0	Estimated time to charge to 80% on Level 1	HCP_CHARGING_STAT.Lv1_EstChargeTime_80	FD	n/a					Atlantis	
EstChargeTime_Level2	CAN Mapping	0	Estimated time to charge to 80% on Level 2	HCP_CHARGING_STAT.Lv2_EstChargeTime_80	FD	n/a					Atlantis	
EstTimeofChrg_DC_Fast_100	CAN Mapping	0		VDCM_HMI.DC_EstChargeTime2	FD	See dbc file					Atlantis	
EstTimeofChrg_DC_Fast_80	CAN Mapping	0		VDCM_HMI.DC_EstChargeTime1	FD	See dbc file					Atlantis	
EstTimeofChrg_Lv1	CAN Mapping	0	Estimated Time of Charge Level 1	HYBRID_DISPLAY.Lv1_EstChargeTime	FD	See dbc file	GW_B_3.EstTimeofChrg_Lv1		Atlantis 13 bit signal 0 - 8190 min Resolution = 1 min 1FF = SNA	PHEV	Atlantis	
EstTimeofChrg_Lv2	CAN Mapping	0	Estimated Time of Charge Level 2	HYBRID_DISPLAY.Lv2_EstChargeTime	FD	See dbc file	GW_B_3.EstTimeofChrg_Lv2		Atlantis 11 bit signal 0 - 2046 min Resolution = 1 min 7FF = SNA	PHEV	Atlantis	
ETC_Control_Stat	CAN Mapping	0	ETC Control Lamp	IPC_FD_3.ETC_CONTROL_STAT	FD	0 = Off 1 = On 2 = Blinking 3 = SNA					Atlantis	
ETCIndLampStatus	CAN Mapping	0	ETC faulty, indicator lamp request	ENGINE_FD_7.ETCFailSts	FD	ATLANTIS 2 bit signal 0 = Fail_Not_Present 1 = Fail_Flash_Light_Indication 2 = Fail_Fix_Light_Indication 3 = Flash_For_Service	STATUS_ECM.ETCFailSts		ATLANTIS 2 bit signal 0 = Fail_Not_Present 1 = Fail_Flash_Light_Indication 2 = Fail_Fix_Light_Indication 3 = Flash_For_Service		Atlantis	
Ethanol_Status	CAN Mapping	0	Ethanol status / presence								Atlantis	
ETM_BackBolster_D_Req	CAN Mapping	0	ETM back bolster driver request	Radio_B5.ETM_BackBolster_D_Req	B-CAN	0 = No_request 1 = Bolster_in 2 = Bolster_out 3 = SNA					Atlantis	
ETM_BackBolster_P_Req	CAN Mapping	0	ETM back bolster passenger request	Radio_B5.ETM_BackBolster_P_Req	B-CAN	0 = No_request 1 = Bolster_in 2 = Bolster_out 3 = SNA					Atlantis	
ETM_Driver_Cushion_Massage_Req	CAN Mapping	0	ETM Driver Cushion Massage Request	Radio_B5.ETM_Driver_Cushion_Massage_Req	B-CAN	0 = Not Pressed 1 = Pressed					Atlantis	
ETM_Driver_UpperBack_Massage_Req	CAN Mapping	0	ETM Driver Upper Back Massage Request	Radio_B5.ETM_Driver_UpperBack_Massage_Req	B-CAN	0 = Not Pressed 1 = Pressed					Atlantis	
ETM_LumbarInOut_D_Req	CAN Mapping	0	ETM Lumbar in out driver request	Radio_B5..ETM_LumbarInOut_D_Req	B-CAN	0 = No_request 1 = Lumbar_in 2 = Lumbar_out 3 = SNA					Atlantis	
ETM_LumbarInOut_P_Req	CAN Mapping	0	ETM Lumbar in out passenger request	Radio_B5.ETM_LumbarInOut_P_Req	B-CAN	0 = No_request 1 = Lumbar_in 2 = Lumbar_out 3 = SNA					Atlantis	
ETM_LumbarUpDown_D_Req	CAN Mapping	0	ETM Lumbar up down driver request	Radio_B5.ETM_LumbarUpDown_D_Req	B-CAN	0 = No_request 1 = Lumbar up 2 = Lumbar down 3 = SNA					Atlantis	
ETM_LumbarUpDown_P_Req	CAN Mapping	0	ETM Lumbar up down passenger request	Radio_B5.ETM_LumbarUpDown_P_Req	B-CAN	0 = No_request 1 = Lumbar_up 2 = Lumbar_down 3 = SNA					Atlantis	
ETM_Passenger_Cushion_Massage_Req	CAN Mapping	0	ETM Passenger Cushion Massage Request	Radio_B5.ETM_Pass_Cushion_Massage_Req	B-CAN	0 = Not Pressed 1 = Pressed					Atlantis	
ETM_Passenger_UpperBack_Massage_Req	CAN Mapping	0	ETM Passenger Upper Back Massage Request	Radio_B5.ETM_Pass_UpperBack_Massage_Req	B-CAN	0 = Not Pressed 1 = Pressed					Atlantis	
ETM_ThighBolster_D_Req	CAN Mapping	0	ETM thigh bolster driver request	Radio_B5.ETM_ThighBolster_D_Req	B-CAN	0 = No_request 1 = Bolster_in 2 = Bolster_out 3 = SNA					Atlantis	
ETM_ThighBolster_P_Req	CAN Mapping	0	ETM thigh bolster passenger request	Radio_B5.ETM_ThighBolster_P_Req	B-CAN	0 = No_request 1 = Bolster_in 2 = Bolster_out 3 = SNA					Atlantis	
EV_Actual_Torque	CAN Mapping	0		<pending>.EV_Actual_Torque	FD					Message pending	Atlantis	
EV_Actual_Torque	CAN Mapping	0		pending	FD					Atlantis High signal is in process	Atlantis	
EV_Actual_Torque_OptimalCondition	CAN Mapping	0		<pending>.EV_Actual_Torque_OptimalCondition	FD					Message pending	Atlantis	
EV_Charge_Current	CAN Mapping	0	HV Charging Current Draw from EVSE	HCP_CHARGING_STAT.EV_Charge_Current	FD	n/a					Atlantis	
EV_ConsumptionUnit	CAN Mapping	0		IPC_VEHICLE_SETUP.Consum_Unit	FD	See dbc file					Atlantis	
EV_Creep_Req	CAN Mapping	0	Radio request signal for turning xEV Creep On/Off	TELEMATIC_FD_19.Creep_Req	FD	0 - OFF 1 - ON					Atlantis	
EV_Creep_Sts	CAN Mapping	0	Status of the EV Creep Setting	IPC_Vehicle_Setup2.Creep	FD	0 - OFF 1 - ON					Atlantis	
EV_LaunchControl_Sft_Btn_Sts	CAN Mapping	0	Status for BEV Torque Launch Control.							Note used as of V1.56.	Atlantis	
EV_LaunchControl_Sts	CAN Mapping	0	Launch Control activation status.							Note used as of V1.56.	Atlantis	
EV_Potential_Power	CAN Mapping	0		<pending>.EV_Potential_Power	FD					Message pending	Atlantis	
EV_Potential_Power	CAN Mapping	0		pending	FD					Atlantis High signal is in process	Atlantis	
EV_Potential_Torque	CAN Mapping	0		<pending>.EV_Potential_Torque	FD					Message pending	Atlantis	
EV_Potential_Torque	CAN Mapping	0		pending	FD					Atlantis High signal is in process	Atlantis	
EV_Sound	CAN Mapping	0		<pending>.EV_Sound	FD					Message pending	Atlantis	
EV_Sound_Type	CAN Mapping	0	The signal's value sets the sound selected by the user.	TELEMATIC_FD_13.EV_Sound_Type STATUS_TELEMATIC.EV_Sound_Type	FD BH-CAN	0 - OFF 1 - Low 2 - Medium 3 - High 4 - Drive_Mode				HU to transmit FD version. Amp to receive BH version.	Atlantis	
EV_Torque_Derate_DriveMode	CAN Mapping	0		<pending>.EV_Torque_Derate_DriveMode	FD					Message pending	Atlantis	
EV_Torque_Derate_SOC	CAN Mapping	0		<pending>.EV_Torque_Derate_SOC	FD					Message pending	Atlantis	
EV_Torque_Derate_Thermal	CAN Mapping	0		<pending>.EV_Torque_Derate_Thermal	FD					Message pending	Atlantis	
EVSE_Power	CAN Mapping	0	EVSE Power available	HCP_CHARGING_STAT.EVSE_Power	FD	n/a					Atlantis	
EXH_BRK_STAT	CAN Mapping	0									Atlantis	
ExteriorRearReleaseSwitchSts	CAN Mapping	0	Exterior Trunk Door Lock/Unlock status	BCM_FD_9.TrunkHandleReleaseSts	FD	Not_Active Active	RFHUB3.TrunkHandleReleaseSts		Not_Active Active		Atlantis	
External_ChargeTarget1	CAN Mapping	0	HU Schedule 1 Setter Signal for Changing the Current External Charge Target Value 50 to 100% with 5% Increment	CHARGE_SCHEDULE_HU1.External_ChargeTarget1	FD	Values 0-10 DBC Factor 5 Offset 50 B - Reserved C - Reserved D - Reserved E - Reserved F - No_Selection				As of V1.44, Atlantis High message.signal is in process so actual signal name may change.	Atlantis	
External_ChargeTarget1_Sts	CAN Mapping	0	ECVU/HCP Schedule 1 Currently Set External Charge Target Value 50 to 100% with 5% Increment	CHARGE_SCHEDULE_HCP1.External_ChargeTarget1_Sts	FD	Values 0-10 DBC Factor 5 Offset 50 B - Reserved C - Reserved D - Reserved E - Reserved F - No_Selection				As of V1.44, Atlantis High message.signal is in process so actual signal name may change.	Atlantis	
External_ChargeTarget2	CAN Mapping	0	HU Schedule 2 Setter Signal for Changing the Current External Charge Target Value 50 to 100% with 5% Increment	CHARGE_SCHEDULE_HU1.External_ChargeTarget2	FD	Values 0-10 DBC Factor 5 Offset 50 B - Reserved C - Reserved D - Reserved E - Reserved F - No_Selection				As of V1.44, Atlantis High message.signal is in process so actual signal name may change.	Atlantis	
External_ChargeTarget2_Sts	CAN Mapping	0	ECVU/HCP Schedule 2 Currently Set External Charge Target Value 50 to 100% with 5% Increment	CHARGE_SCHEDULE_HCP1.External_ChargeTarget2_Sts	FD	Values 0-10 DBC Factor 5 Offset 50 B - Reserved C - Reserved D - Reserved E - Reserved F - No_Selection				As of V1.44, Atlantis High message.signal is in process so actual signal name may change.	Atlantis	
ExternalChargingSysSts	CAN Mapping	0	Status of External Charging Session	<Message name pending>.ExternalChargingSysSts	FD	See dbc				As of V1.44, Atlantis High message.signal is in process so actual signal name may change.	Atlantis	
ExternalLightSensorLevel	CAN Mapping	0	External light sensor level	IPC_VEHICLE_SETUP.ExternalLightSensorLevel		2 bit signal 0=Level_3 1=Level_2 2=Level_1 3=Level_0	IPC_VEHICLE_SETUP.ExternalLightSensorLevel		2 bit signal 0=Level_3 1=Level_2 2=Level_1 3=Level_0		Atlantis	
FastPulseCounter_Overflow	CAN Mapping	0	Wheel pulses overflow - Left Front	STATUS_CCAN2.LHF_FastPulseCounter_overflow	CAN-B	1 bit signal 1 = overflow present	STATUS_CCAN2.LHF_FastPulseCounter_overflow		1 bit signal 1 = overflow present		Atlantis	
FastPulseCounter_Overflow	CAN Mapping	0	Wheel pulses overflow - Left Rear	STATUS_CCAN2.LHR_FastPulseCounter_overflow	CAN-B	1 bit signal 1 = overflow present	STATUS_CCAN2.LHR_FastPulseCounter_overflow		1 bit signal 1 = overflow present		Atlantis	
FastPulseCounter_Overflow	CAN Mapping	0	Wheel pulses overflow - Right Front	STATUS_CCAN2.RHF_FastPulseCounter_overflow	CAN-B	1 bit signal 1 = overflow present	STATUS_CCAN2.RHF_FastPulseCounter_overflow		1 bit signal 1 = overflow present		Atlantis	
FastPulseCounter_Overflow	CAN Mapping	0	Wheel pulses overflow - Right Rear	STATUS_CCAN2.RHR_FastPulseCounter_overflow	CAN-B	1 bit signal 1 = overflow present	STATUS_CCAN2.RHR_FastPulseCounter_overflow		1 bit signal 1 = overflow present		Atlantis	
FCV_ConsumptionUnit	CAN Mapping	0					IPC_VEHICLE_SETUP2.FCV_ConsumptionUnit	CAN-C	See dbc		Atlantis	ATL_HIGH_EMPTY
FCW_System_Stat	CAN Mapping	0	FCW System Lamp	IPC_FD_3.FCW_SYSTEM_STAT	FD	0 = Off 1 = On 2 = Blinking 3 = SNA					Atlantis	
FCWSystemSts	CAN Mapping	0					C2_IGW3.FCWSystemSts	CAN-C	0 = Off 1 = On_Only_Warning 2 = On_Only_Braking 3 = On_Full	The required signal shall be added for Atlantis architecture and for SR23 CFTS102 implementation	Atlantis	ATL_HIGH_EMPTY
FilterWarningStatus	CAN Mapping	0	Particulate filter warning								Atlantis	
FL_HS_DCSD	CAN Mapping	0	Front left heated seat request from DCSD.	DIS_CENTERSTACK.FL_HS_DCSD	CAN-B	0 = Not Pressed 1 = Pressed 3 = SNA					Atlantis	
FL_HS_RQ	CAN Mapping	0	Seat switch req - Front left	TELEMATIC_VEHICLE_SETUP3.FL_HS_Tlm	BH-CAN	0 = Not_Pressed 1 = Pressed	TGW_HVAC_CTRL_M.HeatLeftSeatTgl TELEMATIC_CLIMATE_SETUP.FL_HS_Cmd_Tlm_Req	CAN-B	(FL_HS_Cmd_Tlm_Req) 0 = Not_Pressed 1 = Pressed (HeatLeftSeatTgl) 0 = HS_NOT_PSD 1 = HS_PSD 3 = SNA		Atlantis	
FL_HS_RQ2	CAN Mapping	0					TELEMATIC_VEHICLE_SETUP.FL_HS_Cmd_Tlm		0 = Heated_seat_off 1 = Heated_seat_low 2 = Heated_seat_medium 3 = Heated_seat_high		Atlantis	ATL_HIGH_EMPTY
FL_MassageIntensityStat	CAN Mapping	0	Driver Massage Intensity Status	MASSAGE_DRIVER.MassageIntensity_D_Stat	B-CAN	0 = Intensity1 1 = Intensity2 2 = Intensity3 3 = Not_Used1	MASSAGE_DRIVER.MassageIntensity_D_Stat		See dbc		Atlantis	
FL_MassageStat	CAN Mapping	0	Driver Massage on/off Status	MASSAGE_DRIVER.MassageSw_D_Stat	B-CAN	0 = Not_Pressed 1 = Pressed	MASSAGE_DRIVER.MassageSW_D_Stat		See dbc		Atlantis	
FL_MassageTypeStat	CAN Mapping	0	Driver Massage Type Status	MASSAGE_DRIVER.MassageType_D_Stat	B-CAN	0 = Type1 1 = Type2 2 = Type3 3 = Type4 4 = Type5 5 = Type6 6 = Type7 7 = Not_Used1	MASSAGE_DRIVER.MassageType_D_Stat		See dbc		Atlantis	
FL_VS_DCSD	CAN Mapping	0	Front left vented seat request from DCSD.	DIS_CENTERSTACK.FL_VS_DCSD	CAN-B	0 = Not Pressed 1 = Pressed					Atlantis	
FL_VS_RQ_TGW	CAN Mapping	0	Front Left Vented Seat Request	TELEMATIC_VEHICLE_SETUP3.FL_VS_Tlm	BH-CAN	0 = Not_Pressed 1 = Pressed	TELEMATIC_VEHICLE_SETUP2.FL_VS_Cmd_Tlm		Atlantis 2 bit signal 0 = Vented_Seat_Off 1 = Vented_Seat_Low 2 = Vented_Seat_Medium 3 = Vented_Seat_High	MP uses off, low, mid, high. PNET uses psd, not psd, SNA. 4 bits for MP, 2 bits for PNET	Atlantis	
FL_VS_RQ_TGW2	CAN Mapping	0					TELEMATIC_VEHICLE_SETUP2.FL_VS_Cmd_Tlm		0 = Heated_seat_off 1 = Heated_seat_low 2 = Heated_seat_medium 3 = Heated_seat_high		Atlantis	ATL_HIGH_EMPTY
FL_ZONE_SELECT_DCSD	CAN Mapping	0	Front left seat zone request from DCSD.	DIS_CENTERSTACK.FL_ZONE_SELECT_DCSD	CAN-B	0 = Not Pressed 1 = Pressed					Atlantis	
FL_ZONE_SELECT_STAT	CAN Mapping	0	Front left seat zone status.	STATUS_CLIMATE8.FL_ZONE_SELECT_STAT	CAN-B	0 = Cushion_and_Back 1 = Back 2 = Cushion 3 = SNA					Atlantis	
FOA_Msg_Req	CAN Mapping	0		BCM_FD_10.FOA_Msg_Req							Atlantis	
FormOfWay_CS	CAN Mapping	0	Form of Way	TELEMATIC_FD_11.FormOfWay_CS	FD	0 = TYPE_0 1 = TYPE_1 2 = TYPE_2 3 = TYPE_3 4 = TYPE_4 5 = TYPE_5 6 = TYPE_6 7 = TYPE_7 8 = TYPE_8 9 = TYPE_9 10 = TYPE_10 11 = TYPE_11 12 = TYPE_12 13 = TYPE_13 14 = TYPE_14 15 = NA	SEGMENT.ADAS_Seg_FormOfWay	CAN-B			Atlantis	
FOTA_Cancellation_Reason	CAN Mapping	0	Reason why FOTA is cancelled	FOTA_MASTER.FOTA_Cancellation_Reason	FD	0 = No Error 1 = Ignition is ON 2 = Vehicle Configuration changed 3 = Internet Connection Failed (ADA Failure) 4 = Charging in Progress 5 = Park Brake not applied (Manual Transmission Only) 6 = Conflict with Scheduled Charging 7 = 12V Battery is below threshold 8 = 12V Battery Temperature not in proper threshold range 9 = Update Purged 10 = Engine is Running/ Propulsion System active 11 = Conflict with ECM (Refuel/EVAP/AfterRun etc) 12 = Communication Data Loss 13-255 = Reserved					Atlantis	
FOTA_Delay	CAN Mapping	0		FOTA_MASTER.Delay_Prohibited	FD	0 = Not Prohibited 1 = Prohibited					Atlantis	
FOTA_Install	CAN Mapping	0		TELEMATIC_FD_10.HU_Install_Acceptance	FD	0 = Nothing to report 1 = Accepted 2 = Not Accepted					Atlantis	
FOTA_Status	CAN Mapping	0		FOTA_MASTER.FOTA_Status	FD	0 = No FOTA Event 1 = Downloading Package from Backend 2 = Passing Images to Big Target ECUs 3 = Waiting for HMI Acceptance 4 = Installing FOTA Update 5 = Successful FOTA Update 6 = FOTA Failure Rollback Successful 7 = FOTA Failure Complete 8 = Build Vehicle Library 9 = Check Campaign Availability 10 = Check Download Conditions 11 = Validate Vehicle Package 12 = Double Check Manifest 13 = Initiate Authenticated Diagnostic session 14 = Final Check 15 = Rollback					Atlantis	
Four_WD_Service_Stat	CAN Mapping	0	FWD Service Lamp								Atlantis	
FPDM_DISP_STAT	CAN Mapping	0	FPDM informing status of its screen	FPDM1.FPDM_DISP_STAT	CAN-B	0 = OFF 1 = ON 2 = BLANK 3 = DISP_HOT 7 = SNA					Atlantis	
FPDM_RQ_DISP_INTS	CAN Mapping	0	HU calculated display intensity for use by FPDM	RADIO_B2.FPDM_RQ_DISP_INTS	CAN-B	8 bit signal Units are %, Factor = 0.5% 255 = SNA					Atlantis	
FR_HS_DCSD	CAN Mapping	0	Front right heated seat request from DCSD.	DIS_CENTERSTACK.FR_HS_DCSD	CAN-B	0 = Not Pressed 1 = Pressed					Atlantis	
FR_HS_RQ	CAN Mapping	0	Seat switch req - Front right	TELEMATIC_VEHICLE_SETUP3.FR_HS_Tlm	BH-CAN	0 = Not_Pressed 1 = Pressed	TGW_HVAC_CTRL_M.HeatRightSeatTgl TELEMATIC_CLIMATE_SETUP.FR_HS_Cmd_Tlm_Req		(FR_HS_Cmd_Tlm_Req) 0 = Not_Pressed 1 = Pressed (HeatRightSeatTgl) 0 = HS_NOT_PSD 1 = HS_PSD 3 = SNA		Atlantis	
FR_HS_RQ2	CAN Mapping	0					TELEMATIC_VEHICLE_SETUP.FR_HS_Cmd_Tlm		0 = Heated_seat_off 1 = Heated_seat_low 2 = Heated_seat_medium 3 = Heated_seat_high		Atlantis	ATL_HIGH_EMPTY
FR_MassageIntensityStat	CAN Mapping	0	Passenger Massage Intensity Status	MASSAGE_PASS.MassageIntensity_P_Stat	B-CAN	0 = Intensity1 1 = Intensity2 2 = Intensity3 3 = Not_Used1	Massage_Pass.MassageIntensity_P_Stat		See dbc		Atlantis	
FR_MassageStat	CAN Mapping	0	Passenger Massage on/off Status	MASSAGE_PASS.MassageSw_P_Stat	B-CAN	0 = Not_Pressed 1 = Pressed	Massage_Pass.MassageSW_P_Stat		See dbc		Atlantis	
FR_MassageTypeStat	CAN Mapping	0	Passenger Massage Type Status	MASSAGE_PASS.MassageType_P_Stat	B-CAN	0 = Type1 1 = Type2 2 = Type3 3 = Type4 4 = Type5 5 = Type6 6 = Type7 7 = Not_Used1	Massage_Pass.MassageType_P_Stat		See dbc		Atlantis	
FR_VS_DCSD	CAN Mapping	0	Front right vented seat request from DCSD.	DIS_CENTERSTACK.FR_VS_DCSD	CAN-B	0 = Not Pressed 1 = Pressed					Atlantis	
FR_VS_RQ_TGW	CAN Mapping	0	Front Right Vented Seat Request	TELEMATIC_VEHICLE_SETUP3.FR_VS_Tlm	BH-CAN	0 = Not_Pressed 1 = Pressed					Atlantis	
FR_VS_RQ_TGW2	CAN Mapping	0					TELEMATIC_VEHICLE_SETUP2.FR_VS_Cmd_Tlm		0 = Heated_seat_off 1 = Heated_seat_low 2 = Heated_seat_medium 3 = Heated_seat_high		Atlantis	ATL_HIGH_EMPTY
FR_ZONE_SELECT_DCSD	CAN Mapping	0	Front right seat zone request from DCSD.	DIS_CENTERSTACK.FR_ZONE_SELECT_DCSD	CAN-B	0 = Not Pressed 1 = Pressed					Atlantis	
FR_ZONE_SELECT_STAT	CAN Mapping	0	Front right seat zone status.	STATUS_CLIMATE8.FR_ZONE_SELECT_STAT	CAN-B	0 = Cushion_and_Back 1 = Back 2 = Cushion 3 = SNA					Atlantis	
Front_AxleTorque_Static	CAN Mapping	0	Static Front Axle Torque	ENGINE_SIMULATOR4.Front_AxleTorque_Static_PT1	FD	FFFF SNA					Atlantis	
Front_Int_SD_LT_Sw	CAN Mapping	0	Overhead console - Rear Left sliding door switch				NA.Present only in RU/RUPHEV		NA		Atlantis	ATL_HIGH_EMPTY
Front_Int_SD_RT_Sw	CAN Mapping	0	Overhead console - Rear Right sliding door switch				NA.Present only in RU/RUPHEV		NA		Atlantis	ATL_HIGH_EMPTY
Front_Windows_Enable	CAN Mapping	0		STATUS_PTCM.FrontWindowsEnable	BH-CAN	0x0 = Enable 0x1 = Disable	PTCM_1.FrontWindowsEnable	BH-CAN	0x0 = Enable 0x1 = Disable	AtlHigh -AtlMi- M240- M240BEV-SR22	Atlantis	
FrontAxleTrqEst (see Usage Comment)	CAN Mapping	0		HYBRID1.FrontAxleTrqEst	FD	see .dbc	HYBRID1.FrontAxleTrqEst		see .dbc		Atlantis	
FrontHVACModeButton	CAN Mapping	0	Front HVAC Mode Button pressed	CLIMATIC_PANEL.Climate_btn10	CAN-B	1 bit signal 0 = Not_Pressed (Front Mode button) 1 = Pressed (Front Mode button)	CLIMATIC_PANEL.Climate_btn10		1 bit signal 0 = Not_Pressed (Front Mode button) 1 = Pressed (Front Mode button)		Atlantis	
FrontLeftLevel	CAN Mapping	0	Front left torque level	ASCM_FD_1.FL_Lvl	FD	8 bit signal Offset = -100 Factor = 1 Range is -100 to 153 254 = NOT_INIT 255 = SNA				FrontLeftLevel	Atlantis	
FrontLeftLevel	CAN Mapping	0	FrontLeftLevel	ASCM_FD_1.FL_Lvl	FD	8 bit signal Offset = -100 Factor = 1 Range is -100 to 153 254 = NOT_INIT 255 = SNA	AIR_SUSP_1.FL_Lvl		8 bit signal -100 to 153 1 bit = 1 mm	Air Suspension Only	Atlantis	
FrontLeftLevel	CAN Mapping	0								Air Suspension Only	Atlantis	
FrontRightLevel	CAN Mapping	0	Front right torque level	ASCM_FD_1.FR_Lvl	FD	8 bit signal Offset = -100 Factor = 1 Range is -100 to 153 254 = NOT_INIT 255 = SNA				FrontRightLevel	Atlantis	
FrontRightLevel	CAN Mapping	0	FrontRightLevel	ASCM_FD_1.FR_Lvl	FD	8 bit signal Offset = -100 Factor = 1 Range is -100 to 153 254 = NOT_INIT 255 = SNA	AIR_SUSP_1.FR_Lvl		8 bit signal -100 to 153 1 bit = 1 mm	Air Suspension Only	Atlantis	
FrontRightLevel	CAN Mapping	0								Air Suspension Only	Atlantis	
FT_DEF_STAT	CAN Mapping	0	Front Max Defrost Control Status	HVAC_A1.FT_DEF_STAT			HVAC_A1.FT_DEF_STAT			Atlantis for M240 Atlantis-High for M240BEV	Atlantis	
FT_DEF_SW_RQ_M	CAN Mapping	0	Front defrost on/off toggle request				TGW_HVAC_CTRL_M.FT_DEF_SW_RQ_M			Atlantis for M240	Atlantis	ATL_HIGH_EMPTY
FT_DRV_ATC_TEMP	CAN Mapping	0	Front driver HVAC control auto temperature status	STATUS_CLIMATE3.HVACDRVTemp	CAN-B	ATLANTIS 6 bit signal 0 = Init 1 = Full cold 62 = full hot 63 = SNA	STATUS_CLIMATE3.HVACDRVTemp		ATLANTIS 6 bit signal 0 = Init 1 = Full cold 62 = full hot 63 = SNA		Atlantis	
FT_DRV_ATC_TEMP_M	CAN Mapping	0	Front driver HVAC control auto temperature status								Atlantis	
FT_DRV_MTC_TEMP	CAN Mapping	0	Front driver HVAC control manual temperature status	STATUS_CLIMATE2.HVACDRVRelTemp???	CAN-B	Altlantis 7 bit signal 0-100 100% Resolution = 1% (or degrees???)					Atlantis	
FT_FOG_RQ	CAN Mapping	0	Front Fog Request	EXTERNAL_LIGHTS.FrontFogLightSts	CAN-B	1 bit signal 0 = Off 1 = On	EXTERNAL_LIGHTS.FrontFogLightSts		1 bit signal 0 = Off 1 = On	FrontFogLightSts	Atlantis	
FT_FOG_STAT	CAN Mapping	0									Atlantis	
FT_HVAC_BLW_FN_SP	CAN Mapping	0	Front HVAC blower fan speed status	STATUS_CLIMATE2.HVACBlower_Sts	CAN-B	ATLANTIS 7 bit signal 0-100 bars Resolution = 1 bar	STATUS_CLIMATE2.HVACBlower_Sts		ATLANTIS 7 bit signal 0-100 bars Resolution = 1 bar		Atlantis	
FT_HVAC_BLW_FN_SP_M	CAN Mapping	0	Front HVAC blower fan speed status in 'bars'	FT_HVAC_ICS_STAT_M.FT_HVAC_BLW_FN_SP_M			FT_HVAC_ICS_STAT_M.FT_HVAC_BLW_FN_SP_M			Atlantis for M240 Atlantis-High for M240BEV	Atlantis	
FT_HVAC_CTRL_STAT	CAN Mapping	0	Front HVAC control status	STATUS_CLIMATE2.HVACControl_Sts	CAN-B	ATLANTIS 0 = Off 1 = Blower Auto, Mode Auto 2 = Blower Auto, Mode Man 3 = Blower manual, Mode Auto 4 = Blower Manual, Mode Man 7 = SNA	STATUS_CLIMATE2.HVACControl_Sts		ATLANTIS 0 = Off 1 = Blower Auto, Mode Auto 2 = Blower Auto, Mode Man 3 = Blower manual, Mode Auto 4 = Blower Manual, Mode Man 7 = SNA		Atlantis	
FT_HVAC_CTRL_STAT_M	CAN Mapping	0	Front HVAC control status				FT_HVAC_ICS_STAT.FT_HVAC_CTRL_STAT_M FT_HVAC_ICS_STAT_M.FT_HVAC_CTRL_STAT_M			Atlantis for M240	Atlantis	ATL_HIGH_EMPTY
FT_HVAC_MD_RQ	CAN Mapping	0		TELEMATIC_FD_5.FT_HVAC_MD_RQ	FD	4 bit signal 0 = NO_CHANGE 1= DEFR_MD 2 = MIX_DEFR_MID_MD 3 = MIX_MD 4 = FLR_MIX_MID_MD 5 = FLR_MD 6 = BI_LVL_FLR_MID_MD 7 = BI_LVL_MD 8 = PNL_BI_LVL_MID_MD 9 = PNL_MD 14 = LOC_DCSD 15 = SNA	TELEMATIC_CLIMATE_SETUP.HVACMode_Req				Atlantis	
FT_HVAC_MD_STAT	CAN Mapping	0	Front HVAC control mode status	STATUS_CLIMATE2.HVACMode_Sts	CAN-B	ATLANTIS 4 bit signal 0 = No Change 1 = Defrost 2 = Mix_Defrost 3 = Mix 4 = Floor_Mix 5 = Floor 6 = BiLvl_Floor 7 = BiLvl 8 = Panel_BiLvl 9 = Panel 10 = Panel_HiLvl 11 = HiLvl 12 = HILvl_Defrost 13 = Trilevel 15= SNA	STATUS_CLIMATE2.HVACMode_Sts		ATLANTIS 4 bit signal 0 = No Change 1 = Defrost 2 = Mix_Defrost 3 = Mix 4 = Floor_Mix 5 = Floor 6 = BiLvl_Floor 7 = BiLvl 8 = Panel_BiLvl 9 = Panel 10 = Panel_HiLvl 11 = HiLvl 12 = HILvl_Defrost 13 = Trilevel 15= SNA		Atlantis	
FT_HVAC_MD_STAT_2_M	CAN Mapping	0	Front HVAC control mode status 2	FT_HVAC_ICS_STAT_M.FT_HVAC_MD_STAT_2_M			FT_HVAC_ICS_STAT_M.FT_HVAC_MD_STAT_2_M			Atlantis for M240 Atlantis-High for M240 BEV	Atlantis	
FT_HVAC_MD_STAT_M	CAN Mapping	0	Front HVAC control mode status				FT_HVAC_ICS_STAT_M.FT_HVAC_MD_STAT_M			Atlantis for M240	Atlantis	ATL_HIGH_EMPTY
FT_HVAC_SW_RQ	CAN Mapping	0		TELEMATIC_FD_5.FT_HVAC_SW_RQ	FD	1 bit signal	TELEMATIC_CLIMATE_SETUP.HVACPower_Req				Atlantis	
FT_HVAC_SW_RQ_M	CAN Mapping	0	Front HVAC on/off toggle request								Atlantis	
FT_PSG_ATC_TEMP	CAN Mapping	0	Front passenger HVAC control auto temperature status	STATUS_CLIMATE3.HVACPSNTemp	CAN-B	ATLANTIS 6 bit signal 0 = Init 1 = Full cold 62 = full hot 63 = SNA	STATUS_CLIMATE3.HVACPSNTemp		ATLANTIS 6 bit signal 0 = Init 1 = Full cold 62 = full hot 63 = SNA		Atlantis	
FT_PSG_ATC_TEMP_M	CAN Mapping	0	Front passenger HVAC control auto temperature status								Atlantis	
FT_PSG_MTC_TEMP	CAN Mapping	0	Front passenger HVAC control manual temperature status	STATUS_CLIMATE2.HVACPSNRelTemp???	CAN-B	Altlantis 7 bit signal 0-100 100% Resolution = 1% (or degrees???)					Atlantis	
Ft_RrAxleLkIndRq	CAN Mapping	0	Axle locker indication request				Not Applicable			Attributed for CUSW in CFTS054, but per CFTS only applicable for JL	Atlantis	ATL_HIGH_EMPTY
FTPAM_Req	CAN Mapping	0	Frontal PAM Enable softkey	TELEMATIC_FD_11.HU_Front_PAMRequestSts	FD	ATLANTIS 1 bit signal 0 =Not_Pressed 1 = Pressed					Atlantis	
Fuel_Cap_Stat	CAN Mapping	0	Fuel Cap Lamp	IPC_FD_3.FUEL_CAP_STAT	FD	0 = Off 1 = On 2 = Blinking 3 = SNA					Atlantis	
FUEL_CAP_STAT	CAN Mapping	0									Atlantis	
FUEL_CUT_OFF_STAT	CAN Mapping	0									Atlantis	
FuelCellPowerUse_Display	CAN Mapping	0					HCP_DISP3.FCPSPowerUseDisplay	CAN-C	See dbc		Atlantis	ATL_HIGH_EMPTY
FuelConsumption_GAG_3	CAN Mapping	0		ENGINE_FD_2.FuelConsumption_GAG_3	CAN_FD	unit: Liter / hour min: 0 max: 2306.865 factor: 0.0022					Atlantis	
FuelLevelFailSts	CAN Mapping	0		Not Used			STATUS_BH_BCM1.FuelLevelFailSts BODY3.FuelLevelFailSts	CAN-B CAN-C1	1 bit signal (FuelLevelFailSts) 0 = Fail_Not_Present 1 = Fail_Present		Atlantis	
FuelLvlIndicator	CAN Mapping	0		<pending>.FuelLvlIndicator	FD					Message pending	Atlantis	
FuelLvlLow	CAN Mapping	0	Low Fuel Warning	STATUS_BH_BCM1.LowFuelWarningSts	CAN-B	ATLANTIS 1 bit signal 0 = OFF 1 = ON (Low fuel)	STATUS_BH_BCM1.LowFuelWarningSts		ATLANTIS 1 bit signal 0 = OFF 1 = ON (Low fuel)		Atlantis	
FuelLvlValueLow	CAN Mapping	0	Low Fuel Value	STATUS_BH_BCM1.FuelLvlValueLow	CAN-BH		STATUS_BH_BCM1.FuelLvlValueLow	CAN-BH			Atlantis	
FuncReq_BCM	CAN Mapping	0		RFHUB_FD_1.RFFuncReq			RFHUB1_BCM.RFFuncReq_BCM				Atlantis	
FuncRoadClass_CS	CAN Mapping	0	Functional Road Class	TELEMATIC_FD_11.FuncRoadClass_CS	FD	0 = Unknown 1 = Priority_1 2 = Priority_2 3 = Priority_3 4 = Priority_4 5 = Priority_5 6 = Priority_6 7 = NA	SEGMENT.ADAS_Seg_FuncRoadClass	CAN-B			Atlantis	
FunctionLamp	CAN Mapping	0	Park brake switch	BRAKE_FD_4.FunctionLamp	FD	0 = OFF 1 = CONT 2 = BLINK 3 = SNA	STATUS_EPB or STATUS_BH_BCM1.ClampForce or ParkBrakeSts		Initialization SNA or Not Active / Active		Atlantis	
FusedSpeedLimit	CAN Mapping	0	Fused Speed Limit from Camera + Map Data								Atlantis	
FVCM_check_healty_sts	CAN Mapping	0		<pending>.FVCM_check_healty_sts	FD					Message pending	Atlantis	
Gas_Range	CAN Mapping	0	Gas Range	IPC_FD_13.Gas_Range	FD						Atlantis	
GasPedalPosition_W	CAN Mapping	0		GW_B_7.GasPedalPosition_W ENGINE_FD_2.GasPedalPosition_W	CAN-BH						Atlantis	
GearEngaged	CAN Mapping	0	Current engaged gear.	ENGINE_SIMULATOR4.GearEngaged_PT1	FD	0 - Neutral 1 - ForwardGear_1 2 - ForwardGear_2 3 - ForwardGear_3 4 - ForwardGear_4 5 - ForwardGear_5 6 - ForwardGear_6 7 - ForwardGear_7 8 - ForwardGear_8 9 - ForwardGear_9 13 - Parking 14 - ReverseGear 15 - SNA					Atlantis	
Generator_Mode_Active_Sts	CAN Mapping	0		<pending>.Generator_Mode_Active_Sts	FD					Message pending	Atlantis	
GeneratorModeSwitch_Req	CAN Mapping	0		<pending>.GeneratorModeSwitch_Req	FD					Message pending	Atlantis	
GeneratorModeSwitch_Sts	CAN Mapping	0		<pending>.GeneratorModeSwitch_Sts	FD					Message pending	Atlantis	
GeneratorTemp	CAN Mapping	0	Generator Temperature for ORP/TTP	SGCP_DATA2.SGCP_Temp	FD	See DBC					Atlantis	
GlobDrvMdRq	CAN Mapping	0	Global Drive Mode Request	TELEMATIC_FD_5.GlobDrvMdRq	FD	0 - Not Pressed 1 - Auto 2 - Sport 3 - Track 4 - Wet/Snow 5 - Valet 6 - Rock 7 - Tow 8 - ECO 9 - Launch Control 10 - All 11 - Custom 12 - Mud 13 - Sand 14 - Plus 15 - Ice 16 - Dynamic 17 - OffRoad 18 - Baja 19 - Mud_Sand 20 - Drag 21 - Line Lock 22 - Drift 23 - Donut 24 - RWD					Atlantis	
GlobDrvMdSts	CAN Mapping	0		ENGINE_FD_6.TerrainModeDesiredStat	FD	See dbc					Atlantis	
GloveBoxLock_RQ	CAN Mapping	0	Glove box lock request	RADIO_B4.GloveBoxLock_Rq	CAN-B	0 = NO_CHG 1 = UNLOCK 2 = LOCK 3 = SNA	STATUS_TELEMATIC.GloveBoxLockUnlockReq			Atlantis for M240	Atlantis	
GloveBoxLock_Stat	CAN Mapping	0	Glove box lock Status	GW_B_1.GloveBoxLock_Stat	CAN-B	0 = NO_CHG 1 = UNLOCK 2 = LOCK 3 = SNA	BODY11.GloveBoxLockUnlockSts			Atlantis for M240	Atlantis	
GlowPlugLampStatus	CAN Mapping	0	GlowPlugLampStatus	ENGINE_FD_7.ColdStartLampIndication	FD	ATLANTIS 2 bit signal 0 = Steady_Light 1 = Blinking_Light 2 = Warning_Message 3 = No_Indication	STATUS_ECM.ColdStartLampIndication		ATLANTIS 2 bit signal 0 = Steady_Light 1 = Blinking_Light 2 = Warning_Message 3 = No_Indication		Atlantis	
GPS_Elevation	CAN Mapping	0	GPS Elevation (above sea level)	TELEMATIC_FD_15.GPS_Elevation	FD	Cyclic on Change (COC) 1000ms is the signal timing FFFF (Signal Startup / Default value) Signal SNA Value is 40000 Signal Size is 16 Min Value is 0 Max Value is 37000 Lowest Resolution/Factor is 1 OFFSET is -2000					Atlantis	
GPS_Lat	CAN Mapping	0	GPS position - latittude	TELEMATIC_FD_9.GPS_Lat	FD	32 bit signal Units are mas Offset = -324000000 Factor = 0.3017485143 Range is -324000000 to 324000000	GPS_POS1_Lat		32 bit signal 0- FFFFFFFFh -324000000 - +324000000 mas resolution: 0.3017485143 mas		Atlantis	
GPS_Long	CAN Mapping	0	GPS position - longitude	TELEMATIC_FD_9.GPS_Long	FD	32 bit signal Units are mas Offset = -648000000 Factor = 0.3017485143 Range is -648000000 to 648000000	GPS_POS1_Long		32 bit signal 0- FFFFFFFFh -324000000 - +324000000 mas resolution: 0.3017485143 mas		Atlantis	
GPSDateTmDay	CAN Mapping	0	GPS Day	TELEMATIC_FD_1.GPS_Date_Day	FD	Atlantis 8 bit signal 1 - 31 Days resolution = 1 Day	GPS_POS3.GPS_POS3_Date_Day		Atlantis 8 bit signal 1 - 31 Days resolution = 1 Day		Atlantis	
GPSDateTmHour	CAN Mapping	0	GPS TIME OF DAY : HOURS	TELEMATIC_FD_1.GPS_UTC_Hour	FD	Atlantis 8 bit signal 0 - 23 hours resolution = 1 hour	GPS_POS3.GPS_POS3_Date_Hour		Atlantis 8 bit signal 0 - 23 hours resolution = 1 hour		Atlantis	
GPSDateTmMinute	CAN Mapping	0	GPS TIME OF DAY : MINUTES	TELEMATIC_FD_1.GPS_UTC_Minute	FD	Atlantis 8 bit signal 0 - 59 minutes resolution = 1 minute	GPS_POS3.GPS_POS3_Date_Minutes		Atlantis 8 bit signal 0 - 59 minutes resolution = 1 minute		Atlantis	
GPSDateTmMonth	CAN Mapping	0	GPS Month	TELEMATIC_FD_1.GPS_Date_Month	FD	Atlantis 8 bit signal 1 - 12 Months resolution = 1 Month	GPS_POS3.GPS_POS3_Date_Month		Atlantis 8 bit signal 1 - 12 Months resolution = 1 Month		Atlantis	
GPSDateTmSecond	CAN Mapping	0	GPS Time - Seconds	TELEMATIC_FD_1.GPS_UTC_Second	FD	Atlantis 16 bit signal 0 - 59.99 seconds resolution = .01 sec	GPS_POS3.GPS_POS3_Date_Seconds	CAN-B	Atlantis 16 bit signal 0 - 59.99 seconds resolution = .01 sec		Atlantis	
GPSDateTmYear	CAN Mapping	0	GPS YEAR	TELEMATIC_FD_1.GPS_Date_Year	FD	Atlantis 16 bit signal 0 - 65534 Years resolution = 1 Year	GPS_POS3.GPS_POS3_Date_Year		Atlantis 16 bit signal 0 - 65534 Years resolution = 1 Year		Atlantis	
GPSFail	CAN Mapping	0					STATUS_TBM.GPSFailSts				Atlantis	ATL_HIGH_EMPTY
GreenChannel	CAN Mapping	0	Controls lighting in vehicle	RADIO_B7.Green_Channel_Amb_Light	B	0-255					Atlantis	
GSDP_Status	CAN Mapping	0	TBM communicates the current GSDP connection status to SPAAK	TBM_FD_1.GSDP_Status	FD	see dbc					Atlantis	
GyroPrsnt	CAN Mapping	0	Radio with Gyro	TELEMATIC_FD_5.RADIO_W_GYRO	FD	0 = Not_Present 1 = Present	RADIO_B6.RADIO_W_GYRO			Signal not applicable for MP	Atlantis	
H2ConsumptionFailSts	CAN Mapping	0					FCPS_DATA1.H2ConsumptionFailSts	CAN-C	See dbc		Atlantis	ATL_HIGH_EMPTY
HALFChimeRate	CAN Mapping	0	LDW chime repetition rate	BCM_FD_18.HALF_CHIME_REP_RATESts	FD		HAPTIC1.HALF_CHIME_REP_RATESts		4 bit signal 0 = Continuous		Atlantis	
HALFChimeRqLF	CAN Mapping	0	LDW chime request for left side	BCM_FD_18.HALF_LF_CHIME_RQSts	FD		HAPTIC1.HALF_LF_CHIME_RQSts		0 = False 1 = True		Atlantis	
HALFChimeRqRF	CAN Mapping	0	LDW chime request for right side	BCM_FD_18.HALF_RF_CHIME_RQSts	FD		HAPTIC1.HALF_RF_CHIME_RQSts		0 = False 1 = True		Atlantis	
HALFChimeType	CAN Mapping	0	LDW chime type	BCM_FD_18.HALF_CHIME_TYPESts	FD		HAPTIC1.HALF_CHIME_TYPESts		4 bit signal 0 = None 6 = Half_Chime		Atlantis	
HandsFreePhoneStatus	CAN Mapping	0	Hands Free Phone Status	STATUS_TELEMATIC.HFPSts	CAN-B	0 = Not_Active 1 = Active	STATUS_TELEMATIC.HFPSts		0 = Not_Active 1 = Active		Atlantis	
HardTopStatus	CAN Mapping	0	Wrangler Hard Top Position								Atlantis	
HAS_Escalation_Sts	CAN Mapping	0		GW_B_5.HAS_Escalation_Sts ADAS_FD_HMI.HAS_Escalation_Sts	B-CAN FD	see .dbc					Atlantis	
HAS_Escalation_Sts_C2	CAN Mapping	0		GW_B_6.HAS_Escalation_Sts_C2 ADAS_FD_HMI_C2.HAS_Escalation_Sts_C2	B-CAN FD	see .dbc					Atlantis	
HAS_OpStat_Prim	CAN Mapping	0		GW_B_5.HAS_OpStat_Prim ADAS_FD_INFO.HAS_OpStat_Prim	B-CAN FD	see .dbc					Atlantis	
HAS_OpStat_Sec	CAN Mapping	0		GW_B_6.HAS_OpStat_Sec ADAS_FD_INFO_C2.HAS_OpStat_Sec	B-CAN FD	see .dbc					Atlantis	
HAS_SoH_AMP	CAN Mapping	0		STATUS_AMP.HAS_SoH_AMP	CAN-B	0 = No Fault 1 = Fault					Atlantis	
HAS_SoH_ETM	CAN Mapping	0		TELEMATIC_FD_5.HAS_SoH_ETM	FD	0 = No Fault 1 = Fault					Atlantis	
HazardSwitchPressed	CAN Mapping	0		BCM_FD_26.HazardSwitchPressed			BODY_CNTRL2.HazardSwitchPressed				Atlantis	
HCP_Batt_CabinPriority1	CAN Mapping	0		CHARGE_SCHEDULE_HCP1.Batt_CabinPriority1_Sts			HCP_Schedule1.Batt_CabinPriority1_Sts				Atlantis	
HCP_Batt_CabinPriority2	CAN Mapping	0		CHARGE_SCHEDULE_HCP1.Batt_CabinPriority2_Sts			HCP_Schedule2.Batt_CabinPriority2_Sts				Atlantis	
HCP_Batt_CabinPriority3	CAN Mapping	0		CHARGE_SCHEDULE_HCP1.Batt_CabinPriority3_Sts			HCP_Schedule3.Batt_CabinPriority3_Sts				Atlantis	
HCP_ChargeUntilFull1	CAN Mapping	0		CHARGE_SCHEDULE_HCP1.ChargeUntilFull1_Sts			HCP_Schedule1.ChargeUntilFull1_Sts				Atlantis	
HCP_ChargeUntilFull2	CAN Mapping	0		CHARGE_SCHEDULE_HCP1.ChargeUntilFull2_Sts			HCP_Schedule2.ChargeUntilFull2_Sts				Atlantis	
HCP_ChargeUntilFull3	CAN Mapping	0		CHARGE_SCHEDULE_HCP1.ChargeUntilFull3_Sts			HCP_Schedule3.ChargeUntilFull3_Sts				Atlantis	
HCP_Do_Not_Repeat1	CAN Mapping	0		CHARGE_SCHEDULE_HCP1.Do_Not_Repeat1_Sts			HCP_Schedule1.Do_Not_Repeat1_Sts				Atlantis	
HCP_Do_Not_Repeat2	CAN Mapping	0		CHARGE_SCHEDULE_HCP1.Do_Not_Repeat2_Sts			HCP_Schedule2.Do_Not_Repeat2_Sts				Atlantis	
HCP_Do_Not_Repeat3	CAN Mapping	0		CHARGE_SCHEDULE_HCP1.Do_Not_Repeat3_Sts			HCP_Schedule3.Do_Not_Repeat3_Sts				Atlantis	
HCP_End_Time_Hr1	CAN Mapping	0		CHARGE_SCHEDULE_HCP1.End_Time_Hr1_Sts			HCP_Schedule1.End_Time_Hr1_Sts				Atlantis	
HCP_End_Time_Hr2	CAN Mapping	0		CHARGE_SCHEDULE_HCP1.End_Time_Hr2_Sts			HCP_Schedule2.End_Time_Hr2_Sts				Atlantis	
HCP_End_Time_Hr3	CAN Mapping	0		CHARGE_SCHEDULE_HCP1.End_Time_Hr3_Sts			HCP_Schedule3.End_Time_Hr3_Sts				Atlantis	
HCP_End_Time_Min1	CAN Mapping	0		CHARGE_SCHEDULE_HCP1.End_Time_Min1_Sts			HCP_Schedule1.End_Time_Min1_Sts				Atlantis	
HCP_End_Time_Min2	CAN Mapping	0		CHARGE_SCHEDULE_HCP1.End_Time_Min2_Sts			HCP_Schedule2.End_Time_Min2_Sts				Atlantis	
HCP_End_Time_Min3	CAN Mapping	0		CHARGE_SCHEDULE_HCP1.Start_Time_Min3_Sts			HCP_Schedule3.End_Time_Min3_Sts				Atlantis	
HCP_Schedule_Confirmed1	CAN Mapping	0		CHARGE_SCHEDULE_HCP1.Schedule_Confirmed1			HCP_Schedule1.Schedule_Confirmed1				Atlantis	
HCP_Schedule_Confirmed2	CAN Mapping	0		CHARGE_SCHEDULE_HCP1.Schedule_Confirmed2			HCP_Schedule2.Schedule_Confirmed2				Atlantis	
HCP_Schedule_Confirmed3	CAN Mapping	0		CHARGE_SCHEDULE_HCP1.Schedule_Confirmed3			HCP_Schedule3.Schedule_Confirmed3				Atlantis	
HCP_Schedule_Day1	CAN Mapping	0		CHARGE_SCHEDULE_HCP1.Schedule_Day1_Sts			HCP_Schedule1.Schedule_Day1_Sts				Atlantis	
HCP_Schedule_Day2	CAN Mapping	0		CHARGE_SCHEDULE_HCP1.Schedule_Day2_Sts			HCP_Schedule2.Schedule_Day2_Sts				Atlantis	
HCP_Schedule_Day3	CAN Mapping	0		CHARGE_SCHEDULE_HCP1.Schedule_Day3_Sts			HCP_Schedule3.Schedule_Day3_Sts				Atlantis	
HCP_Schedule_Type1	CAN Mapping	0		CHARGE_SCHEDULE_HCP1.Schedule_Type1_Sts			HCP_Schedule1.Schedule_Type1_Sts				Atlantis	
HCP_Schedule_Type2	CAN Mapping	0		CHARGE_SCHEDULE_HCP1.Schedule_Type2_Sts			HCP_Schedule2.Schedule_Type2_Sts				Atlantis	
HCP_Schedule_Type3	CAN Mapping	0		CHARGE_SCHEDULE_HCP1.Schedule_Type3_Sts			HCP_Schedule3.Schedule_Type3_Sts				Atlantis	
HCP_Start_Time_Hr1	CAN Mapping	0		CHARGE_SCHEDULE_HCP1.Start_Time_Hr1_Sts			HCP_Schedule1.Start_Time_Hr1_Sts				Atlantis	
HCP_Start_Time_Hr2	CAN Mapping	0		CHARGE_SCHEDULE_HCP1.Start_Time_Hr2_Sts			HCP_Schedule2.Start_Time_Hr2_Sts				Atlantis	
HCP_Start_Time_Hr3	CAN Mapping	0		CHARGE_SCHEDULE_HCP1.Start_Time_Hr3_Sts			HCP_Schedule3.Start_Time_Hr3_Sts				Atlantis	
HCP_Start_Time_Min1	CAN Mapping	0		CHARGE_SCHEDULE_HCP1.Start_Time_Min1_Sts			HCP_Schedule1.Start_Time_Min1_Sts				Atlantis	
HCP_Start_Time_Min2	CAN Mapping	0		CHARGE_SCHEDULE_HCP1.Start_Time_Min2_Sts			HCP_Schedule2.Start_Time_Min2_Sts				Atlantis	
HCP_Start_Time_Min3	CAN Mapping	0		CHARGE_SCHEDULE_HCP1.Start_Time_Min3_Sts			HCP_Schedule3.Start_Time_Min3_Sts				Atlantis	
HCPPopUpMessage1	CAN Mapping	0		HCP_C1.HCPPopUpMessage1			HCP_C1.HCPPopUpMessage1				Atlantis	
HDLT_LVL_STAT	CAN Mapping	0									Atlantis	
HdRstRelRq	CAN Mapping	0	Head Rest Release Request	RADIO_B3.HDRstRelRq_3rdRow	B-CAN						Atlantis	
HeadlightsDelayModeActive	CAN Mapping	0		BCM_FD_26.HeadlightsDelayModeActive	FD		BCM_VPS2.HeadlightsDelayModeActive	CAN-B	0 = Not_Active 1 = Active		Atlantis	
HEALTH_DIST	CAN Mapping	0	Distance Since Last SOH Update	J1979_03_CARB_1.HVBatSOH_Distance_Last_Calc	FD	Min=0 Max=65535 Factor=1 Offset=0 InitialValue=0	TBD			The TBD values were not available for the LID V1.65 release and may be added later.	Atlantis	
HeatedSeatFL	CAN Mapping	0	Front left heated seat status	STATUS_CSWM.FL_HS_STATFailSts STATUS_CSWM.FL_HS_STATSts	CAN-B	ATLANTIS 2 bit signal (FL_HS_STATSts) 0 = Heated_seat_off 1 = Heated_seat_low 2 = Heated_seat_medium 3 = Heated_seat_high 1 bit signal (FL_HS_STATFailSts) 0 = Fail_Not_Present 1 = Fail_Present	STATUS_CSWM.FL_HS_STATFailSts STATUS_CSWM.FL_HS_STATSts		ATLANTIS 2 bit signal (FL_HS_STATSts) 0 = Heated_seat_off 1 = Heated_seat_low 2 = Heated_seat_medium 3 = Heated_seat_high 1 bit signal (FL_HS_STATFailSts) 0 = Fail_Not_Present 1 = Fail_Present		Atlantis	
HeatedSeatFR	CAN Mapping	0	Front right heated seat status	STATUS_CSWM.FR_HS_STATFailSts STATUS_CSWM.FR_HS_STATSts	CAN-B	ATLANTIS 2 bit signal (FR_HS_STATSts) 0 = Heated_seat_off 1 = Heated_seat_low 2 = Heated_seat_medium 3 = Heated_seat_high 1 bit signal (FR_HS_STATFailSts) 0 = Fail_Not_Present 1 = Fail_Present	STATUS_CSWM.FR_HS_STATFailSts STATUS_CSWM.FR_HS_STATSts		ATLANTIS 2 bit signal (FR_HS_STATSts) 0 = Heated_seat_off 1 = Heated_seat_low 2 = Heated_seat_medium 3 = Heated_seat_high 1 bit signal (FR_HS_STATFailSts) 0 = Fail_Not_Present 1 = Fail_Present		Atlantis	
HeatedSeatRL	CAN Mapping	0	Rear left heated seat status	STATUS_CLIMATE9.RL_HS_STAT	BH-CAN						Atlantis	
HeatedSeatRR	CAN Mapping	0	Rear left vented seat status	STATUS_CLIMATE9.RR_HS_STAT	BH-CAN						Atlantis	
HEV_EVT_MD	CAN Mapping	0	The system is in EVT mode	HYBRID_POWERTRAIN5.Hybrid_EVT_ModeSts	FD	see .dbc	HCP_1 .HEV_EVT_MD			CR10644	Atlantis	
HEV_LMP_RQ	CAN Mapping	0	HEV_LMP_RQ								Atlantis	
HI_BEAM_STAT	CAN Mapping	0									Atlantis	
HIBeam_On	CAN Mapping	0	High beam is on	BCM_FD_9.HighBeamSts	FD	ATLANTIS 1 bit signal 0 = OFF 1 = ON	EXTERNAL_LIGHTS.HighBeamSts		ATLANTIS 1 bit signal 0 = OFF 1 = ON		Atlantis	
HighBeamFault	CAN Mapping	0	HighBeamFault								Atlantis	
HILL_DESCENT_STAT	CAN Mapping	0									Atlantis	
HillDescentStatus	CAN Mapping	0		BRAKE_FD_5.HDCAutoDisabled	FD	Atlantis 1 bit signal 0 = HDCAutoDisabled_ON 1 = HDCAutoDisabled_OFF	BRAKE9.HDCAutoDisabled		Atlantis 1 bit signal 0 = HDCAutoDisabled_ON 1 = HDCAutoDisabled_OFF		Atlantis	
HillDescentStatus	CAN Mapping	0	Hill descent feature status	BRAKE_FD_1.HILL_DES_STAT	FD	0 = HDC_UNAVL 1 = HDC_ACT 2 = HDC_AVL 3 = HDC_THRML_DEACT	IPC_LMPS2.HILL_DESCENT_STAT		ATLANTIS		Atlantis	
HillHolderFailSts	CAN Mapping	0	HillHolderFailSts	BRAKE_FD_5.HillHolderFailSts	FD	1 bit signal 0 = False 1 = True	BRAKE8.HillHolderFailSts		1 bit signal 0 = False 1 = True		Atlantis	
HOOD_AJAR_STATUS	CAN Mapping	0	Hood adjar for cooldown feature								Atlantis	
HP_DrvMd_CfgSts	CAN Mapping	0	Horse Power Drive Mode Config Status	BCM_FD_11.HP_DrvMd_CfgSts	FD	0 = NONE 1 = VALET 2 = BLACK 3 = RED 7 = SNA					Atlantis	
HP_EngPwrMd_ADR	CAN Mapping	0	Horse Power Engine Power Mode ADR								Atlantis	
HP_EngPwrMd_BLACK	CAN Mapping	0	Horse Power Engine Power Mode BLACK								Atlantis	
HP_EngPwrMd_RED	CAN Mapping	0	Horse Power Engine Power Mode RED								Atlantis	
HP_MODE_SEL	CAN Mapping	0	Horse Power Mode Select								Atlantis	
HP_MODE_STS	CAN Mapping	0	Horse Power Mode Status								Atlantis	
HSA_BrkPrss	CAN Mapping	0	Hill start assist brake pressure	BRAKE_FD_1.HSA_BrkPrss	FD	ATLANTIS 8 biit signal 0 - 50 bar Resolution .2 bar	BRAKE_TRANSM1.HSA_BrkPrss		ATLANTIS 8 biit signal 0 - 50 bar Resolution .2 bar		Atlantis	
HSW_DCSD	CAN Mapping	0	Heated steering wheel request from DCSD.	DIS_CENTERSTACK.HSW_DCSD	CAN-B	0 = Not Pressed 1 = Pressed					Atlantis	
HSW_RQ_TGW	CAN Mapping	0	Heated Wheel Request	TELEMATIC_VEHICLE_SETUP3.HSW_Tlm	B-CAN	0 = Not_Pressed 1 = Pressed	TELEMATIC_VEHICLE_SETUP.HSW_Cmd_Tlm				Atlantis	
HSW_Stat	CAN Mapping	0	Heated steering wheel status; [0] = OFF, [1] = ON	STATUS_CSWM.HSW_STATSts STATUS_CSWM.HSW_STATFailSts	CAN-B	ATLANTIS 1 bit signal 0 = OFF 1 = ON	STATUS_CSWM.HSW_STATSts		ATLANTIS 1 bit signal 0 = OFF 1 = ON		Atlantis	
HSW_Stat_2	CAN Mapping	0	Tri mode Heated Wheel Status	STATUS_CLIMATE8.Tri_Level_HSW_StatSts	CAN-B	0 = Heated_steering_wheel_off 1 = Heated_steering_wheel_low 2 = Heated_steering_wheel_medium 3 = Heated_steering_wheel_high 7 = SNA	N/A				Atlantis	
HU_MAC_Address	CAN Mapping	0	Wireless camera MAC address from HU								Atlantis	
HU_MAC_Address_Function	CAN Mapping	0	Function applied to the corresponding wireless camera MAC address from HU								Atlantis	
HU_Refresh_List	CAN Mapping	0	Request to WCC to refresh camera list								Atlantis	
HU_Scheduled_Install	CAN Mapping	0		TELEMATIC_FD_10.HU_Scheduled_Install	FD	11 bit signal Factor is 1 Unit is minute Range is 0 - 2047					Atlantis	
HU_Start_Pairing	CAN Mapping	0	Request to WCC to start pairing flow								Atlantis	
HUAudioStatus	CAN Mapping	0	Radio Audio Output Status	STATUS_TELEMATIC.AUDIOSts_Telematic	CAN-B	0 = Initializaton 1 = Available 2 = Not_Available	STATUS_TELEMATIC.AUDIOSts_Telematic		0 = Initializaton 1 = Available 2 = Not_Available		Atlantis	
HUD_Brightness_LVL	CAN Mapping	0		IPC_VEHICLE_SETUP.HUD_Brightness_LVL							Atlantis	
HUD_Brightness_LVL_Rq	CAN Mapping	0		TELEMATIC_VEHICLE_SETUP.HUD_Brightness_LVL_Rq (MASAH)							Atlantis	
HUFOTACheck	CAN Mapping	0	Trigger the TBM to check the server if there is a package available to be downloaded				GLOB_LTM.HUFOTACheck				Atlantis	ATL_HIGH_EMPTY
HUModeStatus	CAN Mapping	0	Radio Power and Mode Status	STATUS_TELEMATIC.CurrentSource TELEMATIC_FD_4.CurrentSource	CAN-B CAN-FD	0 = AM_Selected 1 = FM_Selected 2 = MW_Selected 3 = LW_Selected 4 = Internal_DISC_Selected 5 = Internal_HDD_Selected 6 = Internal_AUX_Selected 7 = Internal_Slot_Media_Slctd 8 = DTV_Selected 9 = SDAR1_Selected 10 = SW_Selected 11 = VES_DVD1_Selected 12 = MFLO_Selected 13 = VES_AUX1_Selected 14 = VES_AUX2_Selected 15 = SDARV_Selected 16 = HFM_Personal_HU_Selected 18 = DAB_Selected 19 = TGW_USB1_Selected 23 = HFM_BlueTooth_1_Selected 28 = IR_Off_Selected 29 = HU_Off 30 = HU_Locked 31 = SNA	STATUS_TELEMATIC.CurrentSource		0 = AM_Selected 1 = FM_Selected 2 = MW_Selected 3 = LW_Selected 4 = Internal_DISC_Selected 5 = Internal_HDD_Selected 6 = Internal_AUX_Selected 7 = Internal_Slot_Media_Slctd 8 = DTV_Selected 9 = SDAR1_Selected 10 = SW_Selected 11 = VES_DVD1_Selected 12 = MFLO_Selected 13 = VES_AUX1_Selected 14 = VES_AUX2_Selected 15 = SDARV_Selected 16 = HFM_Personal_HU_Selected 18 = DAB_Selected 19 = TGW_USB1_Selected 23 = HFM_BlueTooth_1_Selected 28 = IR_Off_Selected 29 = HU_Off 30 = HU_Locked 31 = SNA		Atlantis	
HUReflash	CAN Mapping	0	Inform the HU is there is a package ready to be downloaded	TBM_FD_2.HU_REFLASH	FD	0 = No_Update_Available 1 = Update_Available 3 = SNA	GLOB_CON.HU_REFLASH				Atlantis	
HVAC_ICS_AC_Req	CAN Mapping	0		ICS_CLIMATE_SETUP.HVAC_ICS_AC_Req (BH-CAN)			ICS_CLIMATE_SETUP.HVAC_ICS_AC_Req (BH-CAN)				Atlantis	
HVAC_ICS_AUTOProfileSetting	CAN Mapping	0		ICS_CLIMATE_SETUP.HVAC_ICS_AUTOProfileSetting (BH-CAN)			ICS_CLIMATE_SETUP.HVAC_ICS_AUTOProfileSetting (BH-CAN)				Atlantis	
HVAC_ICS_ECO_Mode_Req	CAN Mapping	0		ICS_CLIMATE_SETUP.HVAC_ICS_ECO_Mode_Req (BH-CAN)			ICS_CLIMATE_SETUP.HVAC_ICS_ECO_Mode_Req (BH-CAN)				Atlantis	
HVAC_ICS_Func_Req	CAN Mapping	0		ICS_CLIMATE_SETUP.HVAC_ICS_Func_Req (BH-CAN)			ICS_CLIMATE_SETUP.HVAC_ICS_Func_Req (BH-CAN)				Atlantis	
HVAC_ICS_JumpVAL	CAN Mapping	0		ICS_CLIMATE_SETUP.HVAC_ICS_JumpVAL (BH-CAN)			ICS_CLIMATE_SETUP.HVAC_ICS_JumpVAL (BH-CAN)				Atlantis	
HVAC_ICS_LeftAuto_Req	CAN Mapping	0		ICS_CLIMATE_SETUP.HVAC_ICS_LeftAuto_Req (BH-CAN)			ICS_CLIMATE_SETUP.HVAC_ICS_LeftAuto_Req (BH-CAN)				Atlantis	
HVAC_ICS_LeftModeDefrost_Req	CAN Mapping	0		ICS_CLIMATE_SETUP.HVAC_ICS_LeftModeDefrost_Req (BH-CAN)			ICS_CLIMATE_SETUP.HVAC_ICS_LeftModeDefrost_Req (BH-CAN)				Atlantis	
HVAC_ICS_LeftModeFloor_Req	CAN Mapping	0		ICS_CLIMATE_SETUP.HVAC_ICS_LeftModeFloor_Req (BH-CAN)			ICS_CLIMATE_SETUP.HVAC_ICS_LeftModeFloor_Req (BH-CAN)				Atlantis	
HVAC_ICS_LeftModePanel_Req	CAN Mapping	0		ICS_CLIMATE_SETUP.HVAC_ICS_LeftModePanel_Req (BH-CAN)			ICS_CLIMATE_SETUP.HVAC_ICS_LeftModePanel_Req (BH-CAN)				Atlantis	
HVAC_ICS_MaxAC_Req	CAN Mapping	0		ICS_CLIMATE_SETUP.HVAC_ICS_MaxAC_Req (BH-CAN)			ICS_CLIMATE_SETUP.HVAC_ICS_MaxAC_Req (BH-CAN)				Atlantis	
HVAC_ICS_MAXDef_Req	CAN Mapping	0		ICS_CLIMATE_SETUP.HVAC_ICS_MAXDef_Req (BH-CAN)			ICS_CLIMATE_SETUP.HVAC_ICS_MAXDef_Req (BH-CAN)				Atlantis	
HVAC_ICS_Power_Req	CAN Mapping	0		ICS_CLIMATE_SETUP.HVAC_ICS_Power_Req (BH-CAN)			ICS_CLIMATE_SETUP.HVAC_ICS_Power_Req (BH-CAN)				Atlantis	
HVAC_ICS_Rear_Auto_Req	CAN Mapping	0		ICS_CLIMATE_SETUP.HVAC_ICS_Rear_Auto_Req (BH-CAN)			ICS_CLIMATE_SETUP.HVAC_ICS_Rear_Auto_Req (BH-CAN)				Atlantis	
HVAC_ICS_Rear_Lock_Req	CAN Mapping	0		ICS_CLIMATE_SETUP.HVAC_ICS_Rear_Lock_Req (BH-CAN)			ICS_CLIMATE_SETUP.HVAC_ICS_Rear_Lock_Req (BH-CAN)				Atlantis	
HVAC_ICS_Rear_Power_Req	CAN Mapping	0		ICS_CLIMATE_SETUP.HVAC_ICS_Rear_Power_Req (BH-CAN)			ICS_CLIMATE_SETUP.HVAC_ICS_Rear_Power_Req (BH-CAN)				Atlantis	
HVAC_ICS_Rear_Sync_Req	CAN Mapping	0		ICS_CLIMATE_SETUP.HVAC_ICS_Rear_Sync_Req (BH-CAN)			ICS_CLIMATE_SETUP.HVAC_ICS_Rear_Sync_Req (BH-CAN)				Atlantis	
HVAC_ICS_RearDef_Req	CAN Mapping	0		ICS_CLIMATE_SETUP.HVAC_ICS_RearDef_Req (BH-CAN)			ICS_CLIMATE_SETUP.HVAC_ICS_RearDef_Req (BH-CAN)				Atlantis	
HVAC_ICS_RearModeFloor_Req	CAN Mapping	0		ICS_CLIMATE_SETUP.HVAC_ICS_RearModeFloor_Req (BH-CAN)			ICS_CLIMATE_SETUP.HVAC_ICS_RearModeFloor_Req (BH-CAN)				Atlantis	
HVAC_ICS_RearModePanel_Req	CAN Mapping	0		ICS_CLIMATE_SETUP.HVAC_ICS_RearModePanel_Req (BH-CAN)			ICS_CLIMATE_SETUP.HVAC_ICS_RearModePanel_Req (BH-CAN)				Atlantis	
HVAC_ICS_Recirc_Req	CAN Mapping	0		ICS_CLIMATE_SETUP.HVAC_ICS_Recirc_Req (BH-CAN)			ICS_CLIMATE_SETUP.HVAC_ICS_Recirc_Req (BH-CAN)				Atlantis	
HVAC_ICS_RightAuto_Req	CAN Mapping	0		ICS_CLIMATE_SETUP.HVAC_ICS_RightAuto_Req (BH-CAN)			ICS_CLIMATE_SETUP.HVAC_ICS_RightAuto_Req (BH-CAN)				Atlantis	
HVAC_ICS_RightModeDefrost_Req	CAN Mapping	0		ICS_CLIMATE_SETUP.HVAC_ICS_RightModeDefrost_Req (BH-CAN)			ICS_CLIMATE_SETUP.HVAC_ICS_RightModeDefrost_Req (BH-CAN)				Atlantis	
HVAC_ICS_RightModeFloor_Req	CAN Mapping	0		ICS_CLIMATE_SETUP.HVAC_ICS_RightModeFloor_Req (BH-CAN)			ICS_CLIMATE_SETUP.HVAC_ICS_RightModeFloor_Req (BH-CAN)				Atlantis	
HVAC_ICS_RightModePanel_Req	CAN Mapping	0		ICS_CLIMATE_SETUP.HVAC_ICS_RightModePanel_Req (BH-CAN)			ICS_CLIMATE_SETUP.HVAC_ICS_RightModePanel_Req (BH-CAN)				Atlantis	
HVAC_ICS_Sync_Req	CAN Mapping	0		ICS_CLIMATE_SETUP.HVAC_ICS_Sync_Req (BH-CAN)			ICS_CLIMATE_SETUP.HVAC_ICS_Sync_Req (BH-CAN)				Atlantis	
HVAC_ModeDefrost_Req	CAN Mapping	0		TELEMATIC_CLIMATE_SETUP.HVAC_ModeDefrost_Req	B-CAN	0 = Not_Pressed 1 = Pressed	TELEMATIC_CLIMATE_SETUP.HVAC_ModeDefrost_Req		0 = Not_Pressed 1 = Pressed		Atlantis	
HVAC_ModeFloor_Req	CAN Mapping	0		TELEMATIC_CLIMATE_SETUP.HVAC_ModeFloor_Req	B-CAN	0 = Not_Pressed 1 = Pressed	TELEMATIC_CLIMATE_SETUP.HVAC_ModeFloor_Req		0 = Not_Pressed 1 = Pressed		Atlantis	
HVAC_ModePanel_Req	CAN Mapping	0		TELEMATIC_CLIMATE_SETUP.HVAC_ModePanel_Req	B-CAN	0 = Not_Pressed 1 = Pressed	TELEMATIC_CLIMATE_SETUP.HVAC_ModePanel_Req		0 = Not_Pressed 1 = Pressed		Atlantis	
HVAC_Range_Impact	CAN Mapping	0		<pending>.HVAC_Range_Impact	FD					Message pending	Atlantis	
HVACAC_Req	CAN Mapping	0		TELEMATIC_CLIMATE_SETUP.HVACAC_Req	CAN-B	0 = Not_Pressed 1 = Pressed	TELEMATIC_CLIMATE_SETUP.HVACAC_Req				Atlantis	
HVACAuto_Req	CAN Mapping	0		TELEMATIC_CLIMATE_SETUP.HVACAuto_Req	CAN-B	0 = Not_Pressed 1 = Pressed	TELEMATIC_CLIMATE_SETUP.HVACAuto_Req				Atlantis	
HVACAutoECO_Sts	CAN Mapping	0	Used to indicate the Auto ECO function request status	STATUS_CLIMATE2.HVACAutoECO_Sts	FD	0 = Off 1 = On				As of V1.45, Atlantis High message.signal is in process so actual message.signal name may change.	Atlantis	
HVACAUTOProfile	CAN Mapping	0		STATUS_CLIMATE3.HVACAUTOProfile (BH-CAN)			STATUS_CLIMATE3.HVACAUTOProfile (BH-CAN)				Atlantis	
HVACDRVTemp	CAN Mapping	0		STATUS_CLIMATE3.HVACDRVTemp	CAN-B	6 bit signal Units are degrees Offset = 0 Factor = 1 0 = Initialization 1 = Full Cold 62 = Full Hot 63 = SNA	STATUS_CLIMATE3.HVACDRVTemp				Atlantis	
HVACECOMode_Sts	CAN Mapping	0		BCM_FD_10.HVACECOMode_Sts (FD-CAN3) STATUS_CLIMATE3.HVACECOMode_Sts (MASAH)			STATUS_CLIMATE3.HVACECOMode_Sts (BH-CAN)				Atlantis	
HVACFrontDef_Req	CAN Mapping	0		TELEMATIC_CLIMATE_SETUP.HVACFrontDef_Req	CAN-B	0 = Not_Pressed 1 = Pressed	TELEMATIC_CLIMATE_SETUP.HVACFrontDef_Req				Atlantis	
HVACFunc_Req	CAN Mapping	0		TELEMATIC_CLIMATE_SETUP.HVACFunc_Req	CAN-B	0 = No Function 1 = FTDRVTemp_Inc 2 = FTDRVTemp_Dec 3 = FTDRVTemp_JUMP 4 = FTPSNTemp_Inc 5 = FTPSNTemp_Dec 6 = FTPSNTemp_JUMP 7 = RRTemp_DRV_Inc 8 = RRTemp_DRV_Dec 9 = RRTemp_DRV_JUMP 10 = FTBlw_Inc 11 = FTBlw_Dec 12 = FTBlw_JUMP 13 = RRBlw_Inc 14 = RRBlw_Dec 15 = RRBlw_JUMP 16 = RRTemp_PAS_Inc 17 = RRTemp_PAS_Dec 18 = RRTemp_PAS_JUMP 31 = SNA	TELEMATIC_CLIMATE_SETUP.HVACFunc_Req	CAN-B	0 = No Function 1 = FTDRVTemp_Inc 2 = FTDRVTemp_Dec 3 = FTDRVTemp_JUMP 4 = FTPSNTemp_Inc 5 = FTPSNTemp_Dec 6 = FTPSNTemp_JUMP 7 = RRTemp_DRV_Inc 8 = RRTemp_DRV_Dec 9 = RRTemp_DRV_JUMP 10 = FTBlw_Inc 11 = FTBlw_Dec 12 = FTBlw_JUMP 13 = RRBlw_Inc 14 = RRBlw_Dec 15 = RRBlw_JUMP 16 = RRTemp_PAS_Inc 17 = RRTemp_PAS_Dec 18 = RRTemp_PAS_JUMP 31 = SNA		Atlantis	
HVACJumpVAL	CAN Mapping	0		TELEMATIC_CLIMATE_SETUP.HVACJumpVAL	CAN-B	7 bit signal	TELEMATIC_CLIMATE_SETUP.HVACJumpVAL	CAN-B	7 bit signal		Atlantis	
HVACMaxAC_Req	CAN Mapping	0		TELEMATIC_CLIMATE_SETUP.HVACMaxAC_Req	CAN-B	0 = Not_Pressed 1 = Pressed	TELEMATIC_CLIMATE_SETUP.HVACMaxAC_Req				Atlantis	
HVACMaxAC_Sts	CAN Mapping	0		STATUS_CLIMATE2.HVACMaxAC_Sts	CAN-B	0 = OFF 1 = ON 2 = BLINK 3 = SNA	STATUS_CLIMATE2.HVACMaxAC_Sts				Atlantis	
HVACMaxDef_Req	CAN Mapping	0		TELEMATIC_CLIMATE_SETUP.HVAC_MAXDef_Req	B-CAN	0 = Not_Pressed 1 = Pressed	TELEMATIC_CLIMATE_SETUP.HVAC_MAXDef_Req		0 = Not_Pressed 1 = Pressed		Atlantis	
HVACMode_Req	CAN Mapping	0		TELEMATIC_CLIMATE_SETUP.HVACMode_Req	CAN-B	0 = No Change 1 = Defrost 2 = Mix_Defrost 3 = Mix 4 = Floor_Mix 5 = Floor 6 = BiLvl_Floor 7 = BiLvl 8 = Panel_BiLvl 9 = Panel 10 = Panel_HiLvl 11 = HiLvl 12 = HILvl_Defrost 13 = Trilevel 15 = SNA	TELEMATIC_CLIMATE_SETUP.HVACMode_Req				Atlantis	
HVACPower_Req	CAN Mapping	0		TELEMATIC_CLIMATE_SETUP.HVACPower_Req	CAN-B	0 = Not_Pressed 1 = Pressed	TELEMATIC_CLIMATE_SETUP.HVACPower_Req				Atlantis	
HVACPowerButton	CAN Mapping	0	HVAC Power Button pressed	CLIMATIC_PANEL.Climate_btn0	CAN-B	1 bit signal 0 = Not_Pressed (HVAC Power button) 1 = Pressed (HVAC Power button)	CLIMATIC_PANEL.Climate_btn0		1 bit signal 0 = Not_Pressed (HVAC Power button) 1 = Pressed (HVAC Power button)		Atlantis	
HVACPSNTemp	CAN Mapping	0		STATUS_CLIMATE3.HVACPSNTemp	B-CAN	6 bit signal Units are degrees Offset = 0 Factor = 1 0 = Initialization 1 = Full Cold 62 = Full Hot 63 = SNA	STATUS_CLIMATE3.HVACPSNTemp				Atlantis	
HVACPwrUsageDisp	CAN Mapping	0	Estimated Time to charge on Level 2	HYBRID_DISPLAY.HVACPowerUse_Display			GW_B_2.HVACPwrUsageDisp			CR10644	Atlantis	
HVACPwrUsageDisp_V	CAN Mapping	0	Validity bit for signal HVACPwrUsageDisp, 0=Valid				GW_B_2.HVACPwrUsageDisp_V			CR10644	Atlantis	ATL_HIGH_EMPTY
HVACRearDef_Req	CAN Mapping	0		TELEMATIC_CLIMATE_SETUP.HVACRearDef_Req	CAN-B	0 = Not_Pressed 1 = Pressed	TELEMATIC_CLIMATE_SETUP.HVACRearDef_Req				Atlantis	
HVACRecirc_Req	CAN Mapping	0		TELEMATIC_CLIMATE_SETUP.HVACRecirc_Req	CAN-B	0 = Not_Pressed 1 = Pressed	TELEMATIC_CLIMATE_SETUP.HVACRecirc_Req				Atlantis	
HVACRightAuto_Sts	CAN Mapping	0		STATUS_CLIMATE3.HVACRightAuto_Sts (BH-CAN)			STATUS_CLIMATE3.HVACRightAuto_Sts (BH-CAN)				Atlantis	
HVACRightControl_Sts	CAN Mapping	0		STATUS_CLIMATE3.HVACRightControl_Sts (BH-CAN)			STATUS_CLIMATE3.HVACRightControl_Sts (BH-CAN)				Atlantis	
HVACRightMode_Sts	CAN Mapping	0		STATUS_CLIMATE3.HVACRightMode_Sts (BH-CAN)			STATUS_CLIMATE3.HVACRightMode_Sts (BH-CAN)				Atlantis	
HVACRRTemp	CAN Mapping	0		STATUS_CLIMATE8.RearHVACRightTemp	B-CAN	6 bit signal Units are degrees Offset = 0 Factor = 1 0 = Initialization 1 = Full Cold 62 = Full Hot 63 = SNA	STATUS_CLIMATE8.RearHVACRightTemp		Value range is 14 to 84 0 = FULL_COLD 126 = FULL_HOT 127 = SNA		Atlantis	
HVACSync_Req	CAN Mapping	0		TELEMATIC_CLIMATE_SETUP.HVACSync_Req	CAN-B	0 = Not_Pressed 1 = Pressed	TELEMATIC_CLIMATE_SETUP.HVACSync_Req				Atlantis	
HVBatSOC_HCP	CAN Mapping	0	HVBatSOC_HCP	HYBRID_DISPLAY.HVBatterySOC_Display			GW_B_2.HVBatSOC_HCP STATUS_HCP2.HVBatSOC_HCP (BH-CAN) HCP_DISP.HVBatSOC_HCP (C-CAN1)	CAN-B CAN-B CAN-C		PEV only	Atlantis	
HVBatSOCV_HCP	CAN Mapping	0	HVBatSOCV_HCP				GW_B_2.HVBatSOCV_HCP STATUS_HCP2.HVBatSOCV_HCP (BH-CAN) HCP_DISP.HVBatSOCV_HCP (C-CAN1)	CAN-B CAN-B CAN-C		PEV only	Atlantis	ATL_HIGH_EMPTY
HVBatSOH	CAN Mapping	0		BATTERY_HV.BMS_HV_SOH, BATTERY_HV.BMS_HV_SOH_Vldty BATTERY_HV_STATUS1.BPCM_HV_SOH HVBATTERY2.HVBatterySOH	FD FD	0->100% 0->127 50->100%				BATTERY_HV.BMS_HV_SOH, BATTERY_HV.BMS_HV_SOH_Vldty are used for Maserati vehicles only. HVBATTERY2.HVBatterySOH is used for WL26 BATTERY_HV_STATUS1.BPCM_HV_SOH is used for all other AtlHi vehicles.	Atlantis	
HVBatteryTempForDisplay	CAN Mapping	0		VDCM_HMI.HVBatteryTempForDisplay	FD	See dbc					Atlantis	
HVBatteryTempForDisplay	CAN Mapping	0		<pending>.HVBatteryTempForDisplay	FD					Message pending	Atlantis	
HVESS_CHARGE_ACT	CAN Mapping	0	Energy Storage System Actual Charging Power	J1979_03_CARB_2.Syst_Actual_Charge_Pwr	FD	Min=0 Max=3276.75 Factor=0.05 Offset=0 InitialValue=0	TBD			The TBD values were not available for the LID V1.65 release and may be added later.	Atlantis	
HVESS_CHARGE_LIM	CAN Mapping	0	Energy Storage System Actual Charging Limit	J1979_03_CARB_2.Syst_Actual_Charge_Lim	FD	Min=0 Max=3276.75 Factor=0.05 Offset=0 InitialValue=0	TBD			The TBD values were not available for the LID V1.65 release and may be added later.	Atlantis	
HVY_EXH_STAT	CAN Mapping	0									Atlantis	
Hybrid_Dist_Kilometers	CAN Mapping	0	Hybrid_Dist_Kilometers							CR10644	Atlantis	
Hybrid_Dist_Miles	CAN Mapping	0	Hybrid_Dist_Miles							CR10644	Atlantis	
HydrogenTankLevel	CAN Mapping	0					HCP_DISP3.HydrogenTankLevel	CAN-C	See dbc		Atlantis	ATL_HIGH_EMPTY
IBS_I_BATT	CAN Mapping	0	Battery Current	BCM_FD_5.IBS_I_BATT	FD	16 bit signal 0 - 66534 SNA = 66535	LIN_BCM_IGW2.IBS_I_BATT		16 bit signal 0 - 66534 SNA = 66535	BatteryCurrentLevel	Atlantis	
IBS_SOC	CAN Mapping	0	State of charge	IBS3_DATA_2.IBS3_SOC			LIN_BCM_IGW3.IBS_SOC LIN_BCM_IGW7.IBS3_SOC		ATLANTIS 8 bit signal 0 - +254 % resolution = 1 %	B and C CAN duplicates	Atlantis	
IBS_SOC	CAN Mapping	0					LIN_BCM_IGW3.IBS_SOC			B and C CAN duplicates	Atlantis	ATL_HIGH_EMPTY
IBS_SOC	CAN Mapping	0	State of charge							B and C CAN duplicates	Atlantis	
IBS_SOC_Accuracy	CAN Mapping	0		IBS3_DATA_2.IBS3_SOC_Accuracy			LIN_BCM_IGW3.IBS_SOC_Accuracy LIN_BCM_IGW7.IBS3_SOC_Accuracy		2 bit signal 0 = ACCURACY_0 1 = ACCURACY_1 2 = ACCURACY_2 3 = SNA		Atlantis	
IBS_V_Batt	CAN Mapping	0	Battery voltage measured at the terminals	BCM_FD_4.IBS_V_BATT	FD	14 bit signal (IBS_V_BATT) 3 -18 Volts resolution = 0.0009765625 Volts	LIN_BCM_IGW2.IBS_V_BATT		14 bit signal (IBS_V_BATT) 3 -18 Volts resolution = 0.0009765625 Volts	BattVoltageAtTerminals	Atlantis	
IC_PP_RQ	CAN Mapping	0	IC_PP_RQ						ATLANTIS		Atlantis	ATL_HIGH_EMPTY
ICS_btn_12	CAN Mapping	0	ICS Button 12	ENGINE_FD_6.TerrainModeInterfaceButton_ECM	FD	See dbc				Powernet <CBC_PT7.TerrainModeInterfaceButton_CBC> used in CFTS081	Atlantis	
ICS_btn_31	CAN Mapping	0	ICS Button 31								Atlantis	
ICS_btn_32	CAN Mapping	0	ICS Button								Atlantis	
ICS_KNOB1_DIR	CAN Mapping	0	Volume Knob direction	CLIMATIC_PANEL.Radio_Knob1_DIR DIS_CENTERSTACK.DCSD_VOLKNOB_DIR	CAN-B	Atlantis 2 bit signal 0 = Knob_no_change 1 = Knob_increment 2 = Knob_decrement 3 = Knob_enter	CLIMATIC_PANEL.Radio_Knob1_DIR		Atlantis 2 bit signal 0 = Knob_no_change 1 = Knob_increment 2 = Knob_decrement 3 = Knob_enter	"For Atlantis High, 14.4"" and 12"" DCSD on DT24 Truck uses the DIS_CENTERSTACK signal which is equivalent to the CLIMATIC_PANEL signal"	Atlantis	
ICS_KNOB1_VAL	CAN Mapping	0	Volume Knob value	CLIMATIC_PANEL.Radio_Knob1_VAL DIS_CENTERSTACK.DCSD_VOLKNOB_VAL	CAN-B	Atlantis 6 bit signal 0 - +63 resolution = 1	CLIMATIC_PANEL.Radio_Knob1_VAL		Atlantis 6 bit signal 0 - +63 resolution = 1	"For Atlantis High, 14.4"" and 12"" DCSD on DT24 Truck uses the DIS_CENTERSTACK signal which is equivalent to the CLIMATIC_PANEL signal"	Atlantis	
ICS_KNOB2_DIR	CAN Mapping	0	Scroll direction	CLIMATIC_PANEL.Radio_Knob2_DIR DIS_CENTERSTACK.DCSD_TUNEKNOB_DIR	CAN-B	Atlantis 2 bit signal 0 = Knob_no_change 1 = Knob_increment 2 = Knob_decrement 3 = Knob_enter	CLIMATIC_PANEL.Radio_Knob2_DIR		Atlantis 2 bit signal 0 = Knob_no_change 1 = Knob_increment 2 = Knob_decrement 3 = Knob_enter	"For Atlantis High, 14.4"" and 12"" DCSD on DT24 Truck uses the DIS_CENTERSTACK signal which is equivalent to the CLIMATIC_PANEL signal"	Atlantis	
ICS_KNOB2_VAL	CAN Mapping	0	Scroll value	CLIMATIC_PANEL.Radio_Knob2_VAL DIS_CENTERSTACK.DCSD_TUNEKNOB_VAL	CAN-B	Atlantis 6 bit signal 0-63 resolution = 1	CLIMATIC_PANEL.Radio_Knob2_VAL		Atlantis 6 bit signal 0-63 resolution = 1	"For Atlantis High, 14.4"" and 12"" DCSD on DT24 Truck uses the DIS_CENTERSTACK signal which is equivalent to the CLIMATIC_PANEL signal"	Atlantis	
ICS_KNOB3_DIR	CAN Mapping	0	Blower Speed direction	CLIMATIC_PANEL.Climate_Knob1_DIR	CAN-B	Atlantis 2 bit signal 0 = Knob_no_change 1 = Knob_increment 2 = Knob_decrement 3 = Knob_enter	CLIMATIC_PANEL.Climate_Knob1_DIR		Atlantis 2 bit signal 0 = Knob_no_change 1 = Knob_increment 2 = Knob_decrement 3 = Knob_enter	Atlantis CLIMATIC_PANEL.Climate_Knob1_DIR would be the equivalent, but Atlantis VFMV237_V2 was not migrated into CFTS043 so no LID needed.	Atlantis	
ICS_KNOB3_VAL	CAN Mapping	0	Blower Speed value	CLIMATIC_PANEL.Climate_Knob1_VAL	CAN-B	Atlantis 6 bit signal 0-63 resolution = 1	CLIMATIC_PANEL.Climate_Knob1_VAL		Atlantis 6 bit signal 0-63 resolution = 1	Atlantis CLIMATIC_PANEL.Climate_Knob1_VAL would be the equivalent, but Atlantis VFMV237_V2 was not migrated into CFTS043 so no LID needed.	Atlantis	
ICS_R_L_BlowerDown	CAN Mapping	0	Rear Left Blower Down pressed	N/A for Atlantis High			N/A				Atlantis	
ICS_R_L_BlowerUp	CAN Mapping	0	Rear Left Blower Up pressed	N/A for Atlantis High			N/A				Atlantis	
ICS_R_L_TempDown	CAN Mapping	0	Rear Left Temperature Down pressed	N/A for Atlantis High			N/A				Atlantis	
ICS_R_L_TempUp	CAN Mapping	0	Rear Left Temperature Up pressed	N/A for Atlantis High			N/A				Atlantis	
ICSBrowseButton	CAN Mapping	0	ICS Browse pressed								Atlantis	
ICSFrontDefrostButton	CAN Mapping	0	ICS Front Defrost Button pressed	CLIMATIC_PANEL.Climate_btn7	CAN-B	1 bit signal 0 = Not_Pressed (Front Defrost button) 1 = Pressed (Front Defrost button)	CLIMATIC_PANEL.Climate_btn7		1 bit signal 0 = Not_Pressed (Front Defrost button) 1 = Pressed (Front Defrost button)		Atlantis	
ICSLeftTemperatureDownButton	CAN Mapping	0	Left Temperature Down Button	CLIMATIC_PANEL.Climate_btn3	CAN-B	1 bit signal 0 = Not_Pressed (Left Temperature Down button) 1 = Pressed (Left Temperature Down button)	CLIMATIC_PANEL.Climate_btn3		1 bit signal 0 = Not_Pressed (Left Temperature Down button) 1 = Pressed (Left Temperature Down button)	"'12.0"" DCSD on DT19 Truck uses PNet DCSD_MSG equivalently to ICS_MSG message. ICS_btn_27"	Atlantis	
ICSLeftTemperatureUpButton	CAN Mapping	0	Left Temperature Up Button	CLIMATIC_PANEL.Climate_btn2	CAN-B	1 bit signal 0 = Not_Pressed (Left Temperature Up button) 1 = Pressed (Left Temperature Up button)	CLIMATIC_PANEL.Climate_btn2		1 bit signal 0 = Not_Pressed (Left Temperature Up button) 1 = Pressed (Left Temperature Up button)	"'12.0"" DCSD on DT19 Truck uses PNet DCSD_MSG equivalently to ICS_MSG message. ICS_btn_26"	Atlantis	
ICSMuteButton	CAN Mapping	0	ICS Mute Button	CLIMATIC_PANEL.Radio_btn4 GW_B_5.Mute_Button DIS_CENTERSTACK.DCSD_Mute	CAN-B	1 bit signal 0 = Not_Pressed 1 = Pressed	CLIMATIC_PANEL.Radio_btn4		1 bit signal 0 = Not_Pressed 1 = Pressed	"For Atlantis High, 14.4"" and 12"" DCSD on DT24 Truck uses the DIS_CENTERSTACK signal which is equivalent to the CLIMATIC_PANEL signal"	Atlantis	
ICSPowerButton	CAN Mapping	0	ICS Power Button	CLIMATIC_PANEL.Radio_btn0 DIS_CENTERSTACK.DCSD_Power	CAN-B	1 bit signal 0 = Button NOT pressed 1 = Button pressed	CLIMATIC_PANEL.Radio_btn0 DIS_CENTERSTACK.DCSD_Power		1 bit signal 0 = Button NOT pressed 1 = Button pressed	"For Atlantis High, 14.4"" and 12"" DCSD on DT24 Truck uses the DIS_CENTERSTACK signal which is equivalent to the CLIMATIC_PANEL signal"	Atlantis	
ICSR_Func_Req	CAN Mapping	0		CENTERSTACK_R.ICSR_Func_Req (BH-CAN)			CENTERSTACK_R.ICSR_Func_Req (BH-CAN)				Atlantis	
ICSR_JumpVal	CAN Mapping	0		CENTERSTACK_R.ICSR_JumpVal (BH-CAN)			CENTERSTACK_R.ICSR_JumpVal (BH-CAN)				Atlantis	
ICSRearDefrostButton	CAN Mapping	0	EBL button	CLIMATIC_PANEL.Climate_btn6	CAN-B	1 bit signal 0 = Not_Pressed (Rear Defrost button) 1 = Pressed (Rear Defrost button)	CLIMATIC_PANEL.Climate_btn6		1 bit signal 0 = Not_Pressed (Rear Defrost button) 1 = Pressed (Rear Defrost button)	"'12.0"" DCSD on DT19 Truck uses PNet DCSD_MSG equivalently to ICS_MSG message. ICS_btn_30"	Atlantis	
ICSRightTemperatureUpButton	CAN Mapping	0	ICS Right Temperature Up Button pressed	CLIMATIC_PANEL.Climate_btn4	CAN-B	1 bit signal 0 = Not_Pressed (Right Temperature Up button) 1 = Pressed (Right Temperature Up button)	CLIMATIC_PANEL.Climate_btn4		1 bit signal 0 = Not_Pressed (Right Temperature Up button) 1 = Pressed (Right Temperature Up button)	ICS_btn_28	Atlantis	
ICSScreenOffButton	CAN Mapping	0	ICS Screen Off pressed	CLIMATIC_PANEL.Radio_btn2 DIS_CENTERSTACK.DCSD_Screen_Off	CAN-B	1 bit signal 0 = Not_Pressed (Screen Off button) 1 = Pressed (Screen Off button)	CLIMATIC_PANEL.Radio_btn2		1 bit signal 0 = Not_Pressed (Screen Off button) 1 = Pressed (Screen Off button)	"For Atlantis High, 14.4"" and 12"" DCSD on DT24 Truck uses the DIS_CENTERSTACK signal which is equivalent to the CLIMATIC_PANEL signal"	Atlantis	
iESS_Call_Setting_Rq	CAN Mapping	0		TELEMATIC_VEHICLE_SETUP.Internal_Sound_Inc_Call_Req	CAN-FD	"""0 = Off 1 = Faded"""					Atlantis	
iESS_Call_Setting_Sts	CAN Mapping	0		IPC_VEHICLE_SETUP.Internal_Sound_Inc_Call GW_B_1.Internal_Sound_Inc_Call	CAN-FD CAN-BH	0 = Off 1 = Faded					Atlantis	
iESS_On_Off_Rq	CAN Mapping	0		TELEMATIC_VEHICLE_SETUP.Internal_External_Sound_On_Off_Req	CAN-FD CAN-BH	0 = Off 1 = On					Atlantis	
iESS_On_Off_Sts	CAN Mapping	0		IPC_VEHICLE_SETUP.Internal_External_Sound_On_Off GW_B_1.Internal_External_Sound_On_Off	CAN-FD CAN-BH	0 = Off 1 = On					Atlantis	
iESS_Sound_Type_Rq	CAN Mapping	0		TELEMATIC_VEHICLE_SETUP.Internal_External_Sound_Type_Req	CAN-FD	"""0 = Sound 1 1 = Sound 2 2 = Sound 3 3 = Sound 4"""					Atlantis	
iESS_Sound_Type_Sts	CAN Mapping	0		IPC_VEHICLE_SETUP.Internal_External_Sound_Type GW_B_1.Internal_External_Sound_Type	CAN-FD CAN-BH	"""0 = Sound 1 1 = Sound 2 2 = Sound 3 3 = Sound 4"""					Atlantis	
iESS_Vol_Rq	CAN Mapping	0		TELEMATIC_VEHICLE_SETUP.Internal_Sound_Volume_Req	CAN-FD	0 = Low 1 = Medium 2= High					Atlantis	
iESS_Vol_Sts	CAN Mapping	0		IPC_VEHICLE_SETUP.Internal_Sound_Volume GW_B_1.Internal_Sound_Volume	CAN-FD CAN-BH	0 = Low 1 = Medium 2= High					Atlantis	
IgnOffTime	CAN Mapping	0	Time since last ignition on								Atlantis	
IgnPos	CAN Mapping	0	Keyless/Key in Ignition	RFHUB_FD_1.IgnPosSts	FD	Initialization IGN_LK ACC RUN START SNA	RFHUB1.IgnPosSts		Initialization IGN_LK ACC RUN START SNA		Atlantis	
Immediate_ChargeTarget1	CAN Mapping	0	HU Schedule 1 Setter Signal for Changing the Current Immediate Charge Target Value 0 to 50% with 5% Increment	CHARGE_SCHEDULE_HU1.Immediate_ChargeTarget1	FD	Values 0-10 DBC Factor 5 B - Reserved C - Reserved D - Reserved E - Reserved F - No_Selection				As of V1.44, Atlantis High message.signal is in process so actual signal name may change.	Atlantis	
Immediate_ChargeTarget1_Sts	CAN Mapping	0	ECVU/HCP Schedule 1 Currently Set Immediate Charge Target Value 0 to 50% with 5% Increment	CHARGE_SCHEDULE_HCP1.Immediate_ChargeTarget1_Sts	FD	Values 0-10 DBC Factor 5 B - Reserved C - Reserved D - Reserved E - Reserved F - No_Selection				As of V1.44, Atlantis High message.signal is in process so actual signal name may change.	Atlantis	
Immediate_ChargeTarget2	CAN Mapping	0	HU Schedule 2 Setter Signal for Changing the Current Immediate Charge Target Value 0 to 50% with 5% Increment	CHARGE_SCHEDULE_HU1.Immediate_ChargeTarget2	FD	Values 0-10 DBC Factor 5 B - Reserved C - Reserved D - Reserved E - Reserved F - No_Selection				As of V1.44, Atlantis High message.signal is in process so actual signal name may change.	Atlantis	
Immediate_ChargeTarget2_Sts	CAN Mapping	0	ECVU/HCP Schedule 2 Currently Set Immediate Charge Target Value 0 to 50% with 5% Increment	CHARGE_SCHEDULE_HCP1.Immediate_ChargeTarget2_Sts	FD	Values 0-10 DBC Factor 5 B - Reserved C - Reserved D - Reserved E - Reserved F - No_Selection				As of V1.44, Atlantis High message.signal is in process so actual signal name may change.	Atlantis	
IMPACT_A	CAN Mapping	0	CANImpactEvent	IMPACT_INFO.IMPACT_A	FD	ATLANTIS 1 bit signal 0 =Do Not activated 1 = Activated	IMPACT_INFO.IMPACT_A		ATLANTIS 1 bit signal 0 =Do Not activated 1 = Activated	CANImpactEvent	Atlantis	
IMPACT_B	CAN Mapping	0	CANImpactEvent	IMPACT_INFO.IMPACT_B	FD	ATLANTIS 1 bit signal 0 =Do Not activated 1 = Activated	IMPACT_INFO.IMPACT_B		ATLANTIS 1 bit signal 0 =Do Not activated 1 = Activated		Atlantis	
IMPACT_C	CAN Mapping	0	CANImpactEvent	IMPACT_INFO.IMPACT_C	FD	ATLANTIS 1 bit signal 0 =Do Not activated 1 = Activated	IMPACT_INFO.IMPACT_C		ATLANTIS 1 bit signal 0 =Do Not activated 1 = Activated		Atlantis	
IMPACT_F	CAN Mapping	0	CANImpactEvent	IMPACT_INFO.IMPACT_F	FD	ATLANTIS 1 bit signal 0 =Do Not activated 1 = Activated	IMPACT_INFO.IMPACT_F		ATLANTIS 1 bit signal 0 =Do Not activated 1 = Activated		Atlantis	
IMPACT_I	CAN Mapping	0	CANImpactEvent	IMPACT_INFO.IMPACT_I	FD	ATLANTIS 1 bit signal 0 =Do Not activated 1 = Activated	IMPACT_INFO.IMPACT_I		ATLANTIS 1 bit signal 0 =Do Not activated 1 = Activated		Atlantis	
IMPACT_K	CAN Mapping	0	CANImpactEvent	IMPACT_INFO.IMPACT_K	FD	ATLANTIS 1 bit signal 0 =Do Not activated 1 = Activated	IMPACT_INFO.IMPACT_K		ATLANTIS 1 bit signal 0 =Do Not activated 1 = Activated		Atlantis	
IMPACT_L	CAN Mapping	0	CANImpactEvent	IMPACT_INFO.IMPACT_L	FD	ATLANTIS 1 bit signal 0 =Do Not activated 1 = Activated	IMPACT_INFO.IMPACT_L		ATLANTIS 1 bit signal 0 =Do Not activated 1 = Activated		Atlantis	
IMPACT_M	CAN Mapping	0	CANImpactEvent	IMPACT_INFO.IMPACT_M	FD	ATLANTIS 1 bit signal 0 =Do Not activated 1 = Activated	IMPACT_INFO.IMPACT_M		ATLANTIS 1 bit signal 0 =Do Not activated 1 = Activated		Atlantis	
ImpactCommand	CAN Mapping	0	CANImpactEvent	IMPACT_INFO.IMPACTCommand	FD	ATLANTIS 1 bit signal 0 =Do Not activated 1 = Activated	IMPACT_INFO.IMPACTCommand		ATLANTIS 1 bit signal 0 =Do Not activated 1 = Activated		Atlantis	
IMPACTConfirm	CAN Mapping	0	CANImpactEvent	IMPACT_INFO.IMPACTConfim	FD	ATLANTIS 1 bit signal 0 =Do Not activated 1 = Activated	IMPACT_INFO.IMPACTConfirm		ATLANTIS 1 bit signal 0 =Do Not activated 1 = Activated		Atlantis	
IMPACTConfirm	CAN Mapping	0	Impact Event	IMPACT_INFO.IMPACTConfirm		1 bit signal 0 = Actuate 1 = Do_Not_Actuate	IMPACT_INFO_V2.IMPACTConfirm		1 bit signal 0 = Actuate 1 = Do_Not_Actuate		Atlantis	
INC_IGN_CYC	CAN Mapping	0	Increment Ignition Counter								Atlantis	
INFO1Active	CAN Mapping	0	Information source 1 audio active	TELEMATIC_FD_13.INFO1_AUD_ACT	B-CAN	0 = Not_Active 1 = Active	CTRL_AMP.INFO1_AUD_ACT		1 bit signal 0 = Inactive 1 = Active		Atlantis	
INFO1Type	CAN Mapping	0	Information source 1 audio type	CTRL_AMP.INFO1_AUD_TYPE	CAN-B	4 bit signal 0 = NONE 1 = TA 2 = NAV 3 = VR_PROMP 4 = PHONE_AUD 5 = SIGNAL_CHIME 6 = ACR	CTRL_AMP.INFO1_AUD_TYPE		4 bit signal 0 = NONE 1 = TA 2 = NAV 3 = VR_PROMP 4 = PHONE_AUD 5 = SIGNAL_CHIME 6 = ACR		Atlantis	
INFO2Active	CAN Mapping	0	Information source 2 audio active	TELEMATIC_FD_13.INFO2_AUD_ACT	B-CAN	0 = Not_Active 1 = Active	CTRL_AMP.INFO2_AUD_ACT		1 bit signal 0 = Inactive 1 = Active		Atlantis	
INFO2Type	CAN Mapping	0	Information source 2 audio type	CTRL_AMP.INFO2_AUD_TYPE	CAN-B	4 bit signal 0 = NONE 1 = TA 2 = NAV 3 = VR_PROMP 4 = PHONE_AUD 5 = SIGNAL_CHIME 6 = ACR	CTRL_AMP.INFO2_AUD_TYPE		4 bit signal 0 = NONE 1 = TA 2 = NAV 3 = VR_PROMP 4 = PHONE_AUD 5 = SIGNAL_CHIME 6 = ACR		Atlantis	
Inst_Fuel_Econ	CAN Mapping	0									Atlantis	
Install_Time_Reached	CAN Mapping	0		FOTA_RSP_TBM.Install_Time_reached	FD	0 = Not Reached 1 = Reached					Atlantis	
InstantaneousFuelConsumption1	CAN Mapping	0		IPC_FD_1.InstantaneousFuelConsumption1	FD						Atlantis	
InstantaneousFuelConsumption2	CAN Mapping	0		IPC_FD_1.InstantaneousFuelConsumption2	FD						Atlantis	
InstantaneousFuelConsumption3	CAN Mapping	0		IPC_FD_1.InstantaneousFuelConsumption3	FD						Atlantis	
IntakePressure	CAN Mapping	0	MAP Sensor Pressure kPa								Atlantis	
IntkAirTemp	CAN Mapping	0		ENGINE_FD_2.IntakeAirTemperature_W	FD						Atlantis	
IntkAirTempIntrClr	CAN Mapping	0		ENGINE_FD_5.IntkAirTempIntrClr	FD						Atlantis	
InVehicleActivation	CAN Mapping	0		TBM_FD_1.IVA	FD	See dbc file	STATUS_TBM.IVA				Atlantis	
INVERTER_ON	CAN Mapping	0	Inverter is On	GW_B_1.INVERTER_ON	CAN-B	1 bit signal Inverter is on; [1] = True	GW_B_1.INVERTER_ON	CAN-B	1 bit signal Inverter is on; [1] = True		Atlantis	
INVERTER_RQ	CAN Mapping	0	Inverter Switch ON Request	RADIO_B4.INVERTER_RQ	CAN-B	2 bit signal 0 = NOT_PSD 1=PSD 3=SNA	RADIO_B4.INVERTER_RQ	CAN-B	2 bit signal 0 = NOT_PSD 1=PSD 3=SNA		Atlantis	
Inverter_Worksite_RadioSwitch_Req	CAN Mapping	0		<pending>.Inverter_Worksite_RadioSwitch_Req	FD					Message pending	Atlantis	
Inverter_Worksite_RadioSwitch_Sts	CAN Mapping	0		<pending>.Inverter_Worksite_RadioSwitch_Sts	FD					Message pending	Atlantis	
INVM_LIN_Module	CAN Mapping	0		<pending>.INVM_LIN_Module	FD					Message pending	Atlantis	
IPC_DC_PwrLev	CAN Mapping	0		IPC_VEHICLE_SETUP.DC_PwrLev	FD	see dbc					Atlantis	
IPC_PwrLev	CAN Mapping	0		IPC_VEHICLE_SETUP.PwrLev	CAN-FD	See dbc for signal details and enumerations					Atlantis	
IPC_SOC_MaxLev	CAN Mapping	0		IPC_VEHICLE_SETUP.SOC_Max_Lev	FD	see dbc					Atlantis	
ISASystemSts	CAN Mapping	0					ENGINE10.ISASts	CAN-C	0 = Not_Active 1 = Active	The required signal shall be added for Atlantis architecture and for SR23 CFTS102 implementation	Atlantis	ATL_HIGH_EMPTY
isOwner	CAN Mapping	0		SPAAK_Key.isOwner	FD	0 = Friend 1 = Owner					Atlantis	
ITBM_BrkStyle	CAN Mapping	0	See dbc	BCM_FD_29.ITBM_BrkStyle	See dbc	See dbc					Atlantis	
ITBM_GAIN_STAT	CAN Mapping	0		ITBM_A1.ITBM_GAIN_STAT							Atlantis	
KeyAddAbort	CAN Mapping	0	See CFTS	TELEMATIC_FD_19.KeyAddAbort	FD	See dbc					Atlantis	
KeyDisable_Stat	CAN Mapping	0	See CFTS	SPAAK_FD.KeyDisable_Stat1	FD	See dbc					Atlantis	
KeyEnable_Stat	CAN Mapping	0	See CFTS	SPAAK_FD.KeyEnable_Stat1	FD	See dbc					Atlantis	
Keyfob_present	CAN Mapping	0		<pending>.Keyfob_present	FD					Message pending	Atlantis	
KeyFriendlyName	CAN Mapping	0		SPAAK_Key.KeyFriendlyName	FD						Atlantis	
KeyInIgn	CAN Mapping	0	KeyInIgn	BCM_FD_17.KeyInIgn BCM_FD_2.KeyInIgnSts	FD FD	ATLANTIS 2 bit signal 0 = CUST_KEY_DEFAULT 1 = CUST_KEY_NOT_IN_IGNITION 2 = CUST_KEY_IN_IGNITION 3 = SNA	BCM_COMMAND.KeyInIgnSts		ATLANTIS 2 bit signal 0 = CUST_KEY_DEFAULT 1 = CUST_KEY_NOT_IN_IGNITION 2 = CUST_KEY_IN_IGNITION 3 = SNA		Atlantis	
KeyReplace	CAN Mapping	0	See CFTS	TELEMATIC_FD_19.KeyReplace	FD	See dbc					Atlantis	
KeySlotID	CAN Mapping	0		SPAAK_Key.KeySlotID	FD						Atlantis	
KeyStatus	CAN Mapping	0		SPAAK_Key.KeyStatus	FD	0 = Not Connected 1 = Connected 2 = Disabled 3 = Suspended 4-15 = Reserved					Atlantis	
L_R_Req_PE	CAN Mapping	0	passive entry				NA.Present only in RU/RUPHEV		NA		Atlantis	ATL_HIGH_EMPTY
LabelCategory	CAN Mapping	0		RADIO_B4. MainCategoryLabels	CAN-B						Atlantis	
LANE_DEPART_FAIL_STAT	CAN Mapping	0									Atlantis	
LANE_DEPART_STAT	CAN Mapping	0									Atlantis	
Lane_DispPopupSts	CAN Mapping	0		BCM_FD_26.LKA_RequestSts			BODY_CNTRL1.LKA_RequestSts				Atlantis	
Lane_Sense_Stat	CAN Mapping	0	Lane Sense Lamp	IPC_FD_3.LANE_DEPART_STAT	FD	0 = Off 1 = On 2 = Blinking 3 = SNA					Atlantis	
LanguageSelection	CAN Mapping	0	Language	IPC_VEHICLE_SETUP.LanguageSelection	CAN-B	0 = Italian 1 = Deutsch 2 = English 3 = Espanol 4 = Francais 5 = Portugues 6 = Polish 7 = Dutch 8 = Brazilian 9 = Turkish 10 = Mexican 11 = English_US 12 = Canadian 13 = Russian 14 = Chinese 15 = Japanese 16 = Korean 17 = Arabic 18 = Czech 19 = Slovakian 20 = Hungarian 21 = Hindi	IPC_VEHICLE_SETUP.LanguageSelection				Atlantis	
LanguageSelection_Req	CAN Mapping	0					TELEMATIC_VEHICLE_SETUP.LanguageSelection_Req				Atlantis	ATL_HIGH_EMPTY
Lat_Pos	CAN Mapping	0					SAT_POS.Lat_Pos				Atlantis	ATL_HIGH_EMPTY
LatAcceleration	CAN Mapping	0	Vehicle lateral acceleration	BRAKE_FD_2.LatAcceleration_BSM BRAKE_FD_2.LatAccelerationFailSts_BSM	FD	ATLANTIS 12 bit signal Offset = -40.96 Resolution = 0.02	BSM_YRS_DATA.LatAcceleration_BSM BSM_YRS_DATA.LatAccelerationFailSts_BSM 'STATUS_CCAN1.LatAcceleration_BSM STATUS_CCAN1.LatAccelerationFailSts_BSM		ATLANTIS 12 bit signal Offset = -40.96 Resolution = 0.02		Atlantis	
Launch_RPM_Selected_Setting2	CAN Mapping	0	Launch RPM Selected Setting	TELEMATIC_FD_11.Launch_RPM_Selected_Setting2	FD						Atlantis	
Launch_Sft_Btn_status	CAN Mapping	0	Launch Soft Button Status	TELEMATIC_FD_11.Launch_Sft_Btn_status	FD						Atlantis	
Launch_Torque_Sft_Btn_Req	CAN Mapping	0	Radio soft button for BEV Torque Launch Control.	TELEMATIC_FD_15.Launch_Torque_Sft_Btn_Req	FD	0 - Max 1 - High 2 - Med 3 - Low 4 - Min 5 - Reserved 6 - Reserved 7 - Reserved					Atlantis	
LaunchRPMsetting2_ESC	CAN Mapping	0	Launch RPM Setting ESC	BRAKE_FD_4.LaunchRPMsetting_BSM	FD						Atlantis	
LCDisplaySts	CAN Mapping	0					HAPTIC2.LC_DisplaySts	CAN-BH	0 = Off 1 = Enabled 2 = Engaged 3 = Sensor_Blockage 4 = LaneCentering_Fault 5 = ECE_Left_Engaged 6 = ECE_Right_Engaged	The required signal shall be added for Atlantis architecture and for SR23 CFTS102 implementation	Atlantis	ATL_HIGH_EMPTY
LDW_LEDControlSts	CAN Mapping	0	Lane Sense [ON, OFF]				CENTERSTACK1.LDW_RequestSts		Not_Pressed Pressed		Atlantis	ATL_HIGH_EMPTY
LED_SIGNAL	CAN Mapping	0	LED SIGNAL								Atlantis	
Left_Cluster_Button_Function	CAN Mapping	0	Text display for left cluster button				RADIO_B5.Left_Cluster_Button_function		See dbc		Atlantis	ATL_HIGH_EMPTY
Left_Cluster_Button_Function	CAN Mapping	0		TELEMATIC_FD_15.Left_Cluster_Button_function	FD	0 = Blank 1 = Previous 2 = Next 3 = Pause/Play 4 = Tune - 5 = Tune + 6 = Mute 7 = Tag Song 8 = Tag Artist 9 = Unmute 10 =Transfer Call to Device 11 = Preset - 12 = Preset + 13 = Seek Up 14 = Seek Down 15 = Next Mode 16 = Volume - 17 = Volume + 31 = SNA	RADIO_B5.Left_Cluster_Button_function		0=Blank 1=Previous 2=Next 3=Pause/Play 4=Tune - 5=Tune + 6=Mute 7=Tag Song 8=Tag Artist 9=Unmute A=Transfer Call to Device B=Preset - C=Preset + D=Seek Up E=Seek Down F=Next Mode 10=Volume - 11=Volume + 1F=SNA		Atlantis	
LHFWheelSpeed	CAN Mapping	0		BRAKE_FD_3.LHFWheelSpeed	FD	See dbc					Atlantis	
LHR_FastPulseCounter (Fail Sts)	CAN Mapping	0		BRAKE_FD_3.LHR_WheelSensorFailSts	FD	Atlantis 1 bit signal 0 = Fail_Not_Present 1 = Fail_Present	WHEEL_INFO.LHR_WheelSensorFailSts		Atlantis 1 bit signal 0 = Fail_Not_Present 1 = Fail_Present		Atlantis	
LHRDoorSts	CAN Mapping	0	Left rear door ajar	BCM_FD_9.LHRDoorSts	FD	1 bit signal 0 = Closed 1 = Open	BODY4.LHRDoorSts		1 bit signal 0 = Closed 1 = Open		Atlantis	
LHRWheelSpeed	CAN Mapping	0		BRAKE_FD_3.LHRWheelSpeed	FD	See dbc					Atlantis	
LHTurnLightFault	CAN Mapping	0	LHTurnLightFault	BCM_FD_9.LHTurnLightFault	FD	1 bit signal 0 = not faulted 1 = faulted	EXTERNAL_LIGHTS.LHTurnLightFault		1 bit signal 0 = not faulted 1 = faulted		Atlantis	
LIDAR_check_healty_sts	CAN Mapping	0	LIDAR health check	ADAS_FD_INFO2.LIDAR_Sts	FD	0 = Normal 1 = Blinded 2 = Faulted 3 = not used					Atlantis	
LIFT_GATE_STAT	CAN Mapping	0									Atlantis	
Light_Range_Impact	CAN Mapping	0		<pending>.Light_Range_Impact	FD					Message pending	Atlantis	
Linelock_Sft_Btn_Req	CAN Mapping	0	Radio soft button for Line Lock activation.							Note used as of V1.56.	Atlantis	
Linelock_Sft_Btn_request	CAN Mapping	0		<pending>.Linelock_Sft_Btn_request	FD					Message pending	Atlantis	
Linelock_Sft_Btn_status	CAN Mapping	0	LineLock Soft Button Status								Atlantis	
Linelock_Sts	CAN Mapping	0	Line Lock activation status.							Note used as of V1.56.	Atlantis	
LOAD_SHED_LO	CAN Mapping	0	Load Shed is Low				N/A				Atlantis	ATL_HIGH_EMPTY
LOBEAM_ON	CAN Mapping	0	Headlight Switch lobeam status	BCM_FD_9.LowBeamSts	FD	OFF ON	EXTERNAL_LIGHTS.LowBeamSts		OFF ON		Atlantis	
Long_Pos	CAN Mapping	0					SAT_POS.Long_Pos				Atlantis	ATL_HIGH_EMPTY
LongAcceleration	CAN Mapping	0	Vehicle longitudinal acceleration	BRAKE_FD_2.LongAcceleration_BSM BRAKE_FD_2.LongAccelerationFailSts_BSM	FD	ATLANTIS 12 bit signal Offset = -40.96 Resolution = 0.02	BSM_YRS_DATA.LongAcceleration_BSM BSM_YRS_DATA.LongAccelerationFailSts_BSM STATUS_CCAN1.LongAcceleration_BSM STATUS_CCAN1.LongAccelerationFailSts_BSM		ATLANTIS 12 bit signal Offset = -40.96 Resolution = 0.02		Atlantis	
LowBeamFault	CAN Mapping	0	LowBeamFault								Atlantis	
LRCF1_check_healty_sts	CAN Mapping	0		ADAS_FD_INFO2.LRCF_Sts	FD	0 = Normal 1 = Blinded 2 = Faulted 3 = not used					Atlantis	
LRRF_check_healty_sts	CAN Mapping	0		ADAS_FD_INFO2.LRRF_Sts	FD	0 = Normal 1 = Blinded 2 = Faulted 3 = not used					Atlantis	
LRW	CAN Mapping	0	Steering wheel angle	EPS_FD_3.LwsAngle EPS_FD_3.LwsFailSts	FD	CUSW 16 bit signal -720 to 720 degrees Resolution = 0.1 Deg GE.LwsFailSts Fail_not_Present Fail_Present_Ignition_Latched Fail_Present_Recoverable Fail_Present_Battery_Disconnection	GE.LwsAngle GE.LwsFailSts		CUSW 16 bit signal -720 to 720 degrees Resolution = 0.1 Deg GE.LwsFailSts Fail_not_Present Fail_Present_Ignition_Latched Fail_Present_Recoverable Fail_Present_Battery_Disconnection		Atlantis	
LRW_PLRTY	CAN Mapping	0	Steering polarity	EPS_FD_1.LwsAngle	FD						Atlantis	
LRWS_ST	CAN Mapping	0	Steering Wheel Angle Calibration	EPS_FD_3.LwsCalibration	FD	1 bit signal 0 = not calibrated 1 = calibrated	GE.LwsCalibration		1 bit signal 0 = not calibrated 1 = calibrated		Atlantis	
LT_DIST	CAN Mapping	0	Distance Traveled by Left Wheel	BRAKE_FD_3.LHR_FastPulseCounter	FD	ATLANTIS 8 bit signal 0 - 255 pulses Resolution = 1	STATUS_CCAN2.LHR_FastPulseCounter		ATLANTIS 8 bit signal 0 - 255 pulses Resolution = 1		Atlantis	
LT_EXH_STAT	CAN Mapping	0									Atlantis	
LTCM_check_healty_sts	CAN Mapping	0		<pending>.LTCM_check_healty_sts	FD					Message pending	Atlantis	
LTE_Status	CAN Mapping	0		TBM_SCHEDULE_FD_2.LTESts	FD	0 = No_Network 1 = 2G 2 = 3G 3 = 4G 4 = E 5 = H_Plus 6 = Unknown	STATUS_TBM.LTESts	B-CAN	0 = No_Network 1 = 2G 2 = 3G 3 = 4G 4 = E 5 = H_Plus 6 = Unknown		Atlantis	
LTR_CoolantTemp	CAN Mapping	0		ENGINE_FD_5.LTR_CoolantTemp	FD		Performance pages only. Not required for Atlantis				Atlantis	
LTR_TARGET_TEMP	CAN Mapping	0	LTR Target Temperature	ENGINE_FD_8.LTR_TARGET_TEMP	FD						Atlantis	
MaintenanceReminderStatus	CAN Mapping	0	Maintenance Reminder Status	STATUS_CCAN4.OilLifeSts	CAN-B	ATLANTIS 2 bit signal 0 = Normal_Oil_Properties 1 = Oil_Life_Reset 2 = Change_Oil_Required 3 = Not_used	STATUS_CCAN4.OilLifeSts		ATLANTIS 2 bit signal 0 = Normal_Oil_Properties 1 = Oil_Life_Reset 2 = Change_Oil_Required 3 = Not_used	B and C CAN	Atlantis	
Map_Data_Supplier	CAN Mapping	0	Map Provider of current area (map tile, region, country)	TELEMATIC_FD_11.Map_Data_Supplier	FD	0 = Unknown 1 = NAVTEQ 2 = TomTom 3 = Zenrin 4 = IPC 5 = NavInfo 6 = Other 7 = NA	META_DATA.ADAS_Meta_MapProvider				Atlantis	
MassageDsts	CAN Mapping	0		MASSAGE_DRIVER.MassageDsts (WL/WS) (BH-CAN)							Atlantis	
MassageIntensity_D_Tlm	CAN Mapping	0	Driver Massage Intensity Control	RADIO_B4.MassageIntensity_D_Tlm	B-CAN	0 = Type1 1 = Type2 2 = Type3	RADIO_B4.MassageIntensity_D_TLM		See dbc		Atlantis	
MassageIntensity_P_Tlm	CAN Mapping	0	Passenger Massage Intensity Control	RADIO_B4.MassageIntensity_P_Tlm	B-CAN	0 = Type1 1 = Type2 2 = Type3	RADIO_B4.MassageIntensity_P_TLM		See dbc		Atlantis	
MassagePsts	CAN Mapping	0		MASSAGE_PASS.MassagePsts							Atlantis	
MassageSw_D_Tlm	CAN Mapping	0	Driver Massage On/Off control	RADIO_B4.MassageSw_D_Tlm	B-CAN	0 = Not_Pressed 1 = Pressed	RADIO_B4.MassageSW_D_Tlm		See dbc		Atlantis	
MassageSw_DSSM	CAN Mapping	0		DRIVER_DOOR.MassageSw_DSSM (BH-CAN)							Atlantis	
MassageSw_P_Tlm	CAN Mapping	0	Passenger Massage On/Off control	RADIO_B4.MassageSw_P_Tlm	B-CAN	0 = Not_Pressed 1 = Pressed	RADIO_B4.MassageSW_P_Tlm		See dbc		Atlantis	
MassageSw_PDSSM	CAN Mapping	0		PASS_DOOR.MassageSw_PDSSM (BH-CAN)							Atlantis	
MassageType_D_Tlm	CAN Mapping	0	Driver Massage Type control	RADIO_B4.MassageType_D_Tlm	B-CAN	0 = Type1 1 = Type2 2 = Type3 3 = Type4 4 = Type5 5 = Type6 6 = Type7	RADIO_B4.MassageType_D_Tlm		See dbc		Atlantis	
MassageType_P_Tlm	CAN Mapping	0	Passenger Massage Type control	RADIO_B4.MassageType_P_Tlm	B-CAN	0 = Type1 1 = Type2 2 = Type3 3 = Type4 4 = Type5 5 = Type6 6 = Type7	RADIO_B4.MassageType_P_TLM		See dbc		Atlantis	
MAX_AC_RqCntrl	CAN Mapping	0					TELEMATIC_CLIMATE_SETUP.HVACMaxAC_Req				Atlantis	ATL_HIGH_EMPTY
MAX_AC_RqCntrl_M	CAN Mapping	0	Maximum A/C request / control								Atlantis	
Max_AC_RqSts	CAN Mapping	0		TELEMATIC_CLIMATE_SETUP.HVACMaxAC_Req	B-CAN	0 = Not_Pressed 1 = Pressed	TELEMATIC_CLIMATE_SETUP.HVACMaxAC_Req				Atlantis	
MAX_ACSts	CAN Mapping	0	Maximum A/C status	STATUS_CLIMATE2.HVACMaxAC_Sts	B-CAN	0 = OFF 1 = ON 2 = BLINK 3 = SNA	STATUS_CLIMATE2.HVACMaxAC_Sts				Atlantis	
MaxDefrost_Sts	CAN Mapping	0		STATUS_CLIMATE.MaxDefrostSts	B-CAN	0 = OFF 1 = ON	STATUS_CLIMATE.MaxDefrostSts		0 = OFF 1 = ON		Atlantis	
MCPA_RPM	CAN Mapping	0	Motor A Speed Raw	ENGINE_SIMULATOR1.MCPA_RPM_PT	FD	-					Atlantis	
MCPA_TargetMotorRPM	CAN Mapping	0	Target Motor RPM for MCPA	ENGINE_SIMULATOR2.TargetMotorRPM_MCPA_PT	FD	-					Atlantis	
MCPA_TorqueAchieved	CAN Mapping	0	Motor A Torque Achieved	ENGINE_SIMULATOR1.MCPA_Torque_Achieved_PT	FD	-					Atlantis	
MCPA_TorqueCommand	CAN Mapping	0	Torque command for MCPA	ENGINE_SIMULATOR1.TorqueCommand_MCPA_PT	FD	-					Atlantis	
MCPB_RPM	CAN Mapping	0	Motor B Speed Raw	ENGINE_SIMULATOR2.RPM_MCPB_PT	FD	-					Atlantis	
MCPB_TargetMotorRPM	CAN Mapping	0	Target Motor RPM for MCPB	ENGINE_SIMULATOR3.TargetMotorRPM_MCPB_PT	FD	-					Atlantis	
MCPB_TorqueAchieved	CAN Mapping	0	Motor B Torque Achieved	ENGINE_SIMULATOR2.MCPB_Torque_Achieved_PT	FD	-					Atlantis	
MCPB_TorqueCommand	CAN Mapping	0	Torque command for MCPB	ENGINE_SIMULATOR3.TorqueCommand_MCPB_PT	FD	-					Atlantis	
MDSActForANC	CAN Mapping	0	MDS Active Status for ANC	GW_B_4.MdsActforANC	CAN-B		DOES NOT EXIST		N/A		Atlantis	
MediaExp	CAN Mapping	0		RADIO_B7.MediaExp	CAN-B	0x0 ON 0x1 OFF					Atlantis	
Mem_P_Pos_Rq	CAN Mapping	0		PASS_SEAT.Mem_P_Pos_Rq	CAN-B	Atlantis 2 bit signal 0 = IDLE 1 = MEMPOS1 2 = MEMPOS2					Atlantis	
Mem_P_Pos_Rq2	CAN Mapping	0	Passenger memory position (more than 2) - received by HU	PASS_SEAT2.Mem_Pass_Pos_Rq	B-CAN	ATLANTIS 3 bit signal 0=Not_Pressed 1=MemPos1_Pressed 2=MemPos2_Pressed 3=MemPos3_Pressed 7=SNA	PASS_SEAT2.Mem_Pass_Pos_Rq	CAN-B	ATLANTIS 3 bit signal 0=Not_Pressed 1=MemPos1_Pressed 2=MemPos2_Pressed 3=MemPos3_Pressed 7=SNA		Atlantis	
Mem_P_Rc_Rq	CAN Mapping	0		PASS_SEAT.Mem_P_Rc_Rq	CAN-B	Atlantis 1 bit signal					Atlantis	
Mem_P_Sv_Rq	CAN Mapping	0		PASS_SEAT.Mem_P_Sv_Rq	CAN-B	Atlantis 1 bit signal					Atlantis	
Mem_SwPsd_D	CAN Mapping	0		MEM_SW_STAT.Mem_SwPsd_D (BH-CAN) CENTERSTACK3.MEM_Driv_Sv_Rq_Sw (MASAH)			NA				Atlantis	
Mem_SwPsd_P	CAN Mapping	0		PASS_DOOR2.Mem_SwPsd_P (BH-CAN) CENTERSTACK3.MEM_Pass_Sv_Rq_Sw (MASAH)							Atlantis	
Memory_Seat_DSM_Sts	CAN Mapping	0		MEM_SEAT2.Memory_Seat_DSM_Sts	B-CAN	0 = Not_pressed 1 = MMEMPOS1_PRESSED 2 = MMEMPOS1_PRESSED	MEM_SEAT2.Memory_Seat_DSM_Sts				Atlantis	
Memory_Seat_Tlm_Req	CAN Mapping	0		RADIO_B4.Memory_Seat_Tlm_Req	B-CAN	0 = Not_pressed 1 = MMEMPOS1_PRESSED 2 = MMEMPOS2_PRESSED 3 = Not_Used	RADIO_B4.Memory_Seat_Tlm_Req				Atlantis	
Memory_Seat_Tlm_Req2	CAN Mapping	0	Memory position (more than 2) - transmitted by HU	RADIO_B4.Memory_Seat_Tlm_Req	B-CAN	ATLANTIS 3 bit signal 0=Not_Pressed 1=MemPos1_Pressed 2=MemPos2_Pressed 3=MemPos3_Pressed 7=SNA	RADIO_B4.ETM_Mem_Seat_Req	CAN-B	ATLANTIS 3 bit signal 0=Not_Pressed 1=MemPos1_Pressed 2=MemPos2_Pressed 3=MemPos3_Pressed 7=SNA		Atlantis	
MemoryRecall	CAN Mapping	0	Memory driver - recall position	MEM_D_POS.Mem_D_Rc_Rq	CAN-B	ATLANTIS 0 = NotPressed 1 = Pressed	MEM_D_POS.Mem_D_Rc_Rq		ATLANTIS 0 = NotPressed 1 = Pressed		Atlantis	
MemorySet	CAN Mapping	0	Memory driver - save position	MEM_D_POS.Mem_D_Sv_Rq	CAN-B	ATLANTIS 0 = NotPressed 1 = Pressed	MEM_D_POS.Mem_D_Sv_Rq		ATLANTIS 0 = NotPressed 1 = Pressed		Atlantis	
Meta_CycCnt	CAN Mapping	0	Indicates the Meta Data Cyclic Counter.				META_DATA.ADAS_Meta_CycCnt	CANB			Atlantis	ATL_HIGH_EMPTY
Meta_HwVer	CAN Mapping	0	Indicates the Meta Data Hardware Version.				META_DATA.ADAS_Meta_HwVer	CANB			Atlantis	ATL_HIGH_EMPTY
Meta_MapVerQtr	CAN Mapping	0	Indicates the Meta Data Map Version Year Quarter.				META_DATA.ADAS_Meta_MapVerQtr	CANB			Atlantis	ATL_HIGH_EMPTY
Meta_MapVerYear	CAN Mapping	0	Indicates the Meta Data Map Version Year.				META_DATA.ADAS_Meta_MapVerYear	CANB			Atlantis	ATL_HIGH_EMPTY
Meta_MsgType	CAN Mapping	0	Indicates the Meta Data Message Type.				META_DATA.ADAS_Meta_MsgType	CANB			Atlantis	ATL_HIGH_EMPTY
Meta_ProtVer_Major	CAN Mapping	0	Indicates the Meta Data Major Protocol Version.				META_DATA.ADAS_Meta_ProtVer_Major	CANB			Atlantis	ATL_HIGH_EMPTY
Meta_ProtVer_Minor	CAN Mapping	0	Indicates the Meta Data Minor Protocol Version.				META_DATA.ADAS_Meta_ProtVer_Minor	CANB			Atlantis	ATL_HIGH_EMPTY
Meta_ProtVer_MinorSub	CAN Mapping	0	Indicates the Meta Data Minor Protocol Sub Version.				META_DATA.ADAS_Meta_ProtVer_MinorSub	CANB			Atlantis	ATL_HIGH_EMPTY
Meta_RegionCode	CAN Mapping	0	Indicates the Meta Data Region Code.				META_DATA.ADAS_Meta_RegionCode	CANB			Atlantis	ATL_HIGH_EMPTY
MicrophoneFailSts	CAN Mapping	0									Atlantis	
MilLampStat	CAN Mapping	0	MIL on request from the ESC	ENGINE_FD_7.EMSFailSts	FD	ATLANTIS 2 bit signal 0 = Fail_Not_Present 1 = Fail_Flash_Light_Indication 2 = Fail_Fix_Light_Indication 3 = Flash_For_Service	STATUS_ECM.EMSFailSts		ATLANTIS 2 bit signal 0 = Fail_Not_Present 1 = Fail_Flash_Light_Indication 2 = Fail_Fix_Light_Indication 3 = Flash_For_Service		Atlantis	
Min_SOC_ChargeSchedule1_Req	CAN Mapping	0	Request for Minimum State of Charge - Type 1	TBM_SCHEDULE_FD_1.TBM_Immediate_ChargeTarget1	FD	Values 0-10 11 - Reserved 12 - Reserved 13 - Reserved 14 - Reserved 15 - No_Selection					Atlantis	
Min_SOC_ChargeSchedule2_Req	CAN Mapping	0	Request for Minimum State of Charge - Type 2	TBM_SCHEDULE_FD_1.TBM_Immediate_ChargeTarget2	FD	Values 0-10 11 - Reserved 12 - Reserved 13 - Reserved 14 - Reserved 15 - No_Selection					Atlantis	
Mobile_APP_Alert	CAN Mapping	0		IPC_VEHICLE_SETUP.FOA_Mobile_App_Alert							Atlantis	
ModeDefrostLeft_M	CAN Mapping	0	Defrost mode activation Left	TGW_HVAC_CTRL_M.ModeDefrostLeft_M	CAN-B	[0] = Not Pressed [1] = Pressed	TGW_HVAC_CTRL_M.ModeDefrostLeft_M	CAN-B	[0] = Not Pressed [1] = Pressed	Atlantis for M240 Atlantis-High for M240BEV	Atlantis	
ModeDefrostRight_M	CAN Mapping	0	Defrost mode activation Right	TGW_HVAC_CTRL_M.ModeDefrostRight_M	CAN-B	[0] = Not Pressed [1] = Pressed	TGW_HVAC_CTRL_M.ModeDefrostRight_M	CAN-B	[0] = Not Pressed [1] = Pressed	Atlantis for M240 Atlantis-High for M240BEV	Atlantis	
ModeFloorLeft_M	CAN Mapping	0	Floor mode activation Left	TGW_HVAC_CTRL_M.ModeFloorLeft_M	CAN-B	[0] = Not Pressed [1] = Pressed	TGW_HVAC_CTRL_M.ModeFloorLeft_M	CAN-B	[0] = Not Pressed [1] = Pressed	Atlantis for M240 Atlantis-High for M240BEV	Atlantis	
ModeFloorRight_M	CAN Mapping	0	Floor mode activation Right	TGW_HVAC_CTRL_M.ModeFloorRight_M	CAN-B	[0] = Not Pressed [1] = Pressed	TGW_HVAC_CTRL_M.ModeFloorRight_M	CAN-B	[0] = Not Pressed [1] = Pressed	Atlantis for M240 Atlantis-High for M240BEV	Atlantis	
ModeVentLeft_M	CAN Mapping	0	Ventilation mode activation Left	TGW_HVAC_CTRL_M.ModeVentLeft_M	CAN-B	[0] = Not Pressed [1] = Pressed	TGW_HVAC_CTRL_M.ModeVentLeft_M	CAN-B	[0] = Not Pressed [1] = Pressed	Atlantis for M240 Atlantis-High for M240BEV	Atlantis	
ModeVentRight_M	CAN Mapping	0	Ventilation mode activation Right	TGW_HVAC_CTRL_M.ModeVentRight_M	CAN-B	[0] = Not Pressed [1] = Pressed	TGW_HVAC_CTRL_M.ModeVentRight_M	CAN-B	[0] = Not Pressed [1] = Pressed	Atlantis for M240 Atlantis-High for M240BEV	Atlantis	
Motor1PowerUse_Display	CAN Mapping	0		HYBRID_POWERTRAIN5.Motor1PowerUse_Display	FD	See dbc file					Atlantis	
Motor2PowerUse_Display	CAN Mapping	0		HYBRID_POWERTRAIN5.Motor2PowerUse_Display	FD	See dbc file					Atlantis	
Motor3PowerUse_Display	CAN Mapping	0		HYBRID_POWERTRAIN5.Motor3PowerUse_Display	FD	See dbc file					Atlantis	
MotorA_Temperature	CAN Mapping	0		HYBRID_RM_MOTORS.MotorA_Temperature	FD	See dbc					Atlantis	
MotorA_TorqueAchieved	CAN Mapping	0		HYBRID_RM_MOTORS.MotorA_TorqueAchieved	FD	See dbc					Atlantis	
MotorB_Temperature	CAN Mapping	0		HYBRID_RM_MOTORS.MotorB_Temperature	FD	See dbc					Atlantis	
MotorB_TorqueAchieved	CAN Mapping	0		HYBRID_RM_MOTORS.MotorB_TorqueAchieved	FD	See dbc					Atlantis	
MotorsPowerUse_Display	CAN Mapping	0		HYBRID_POWERTRAIN5.MotorsPowerUse_Display	FD	See dbc file					Atlantis	
MRRFL_check_healty_sts	CAN Mapping	0		ADAS_FD_INFO2.MRRFL_Sts	FD	0 = Normal 1 = Blinded 2 = Faulted 3 = not used					Atlantis	
MRRFR_check_healty_sts	CAN Mapping	0		ADAS_FD_INFO2.MRRFR_Sts	FD	0 = Normal 1 = Blinded 2 = Faulted 3 = not used					Atlantis	
MRRRL_check_healty_sts	CAN Mapping	0		ADAS_FD_INFO2.MRRRL_Sts	FD	0 = Normal 1 = Blinded 2 = Faulted 3 = not used					Atlantis	
MRRRR_check_healty_sts	CAN Mapping	0		ADAS_FD_INFO2.MRRRR_Sts	FD	0 = Normal 1 = Blinded 2 = Faulted 3 = not used					Atlantis	
MRSRL_check_healty_sts	CAN Mapping	0	Mid Range Side Radar Left health check	ADAS_FD_INFO2.MRSRL_Sts	FD	0 = Normal 1 = Blinded 2 = Faulted 3 = not used					Atlantis	
MRSRR_check_healty_sts	CAN Mapping	0	Mid Range Side Radar Right health check	ADAS_FD_INFO2.MRSRR_Sts	FD	0 = Normal 1 = Blinded 2 = Faulted 3 = not used					Atlantis	
MsgType_CS	CAN Mapping	0	Indicates the Segment Message Type.				SEGMENT.ADAS_Seg_MsgType	CAN-B			Atlantis	ATL_HIGH_EMPTY
MtrAPwrUsageDisp	CAN Mapping	0		HYBRID_DISPLAY.MotorAPowerUse_Display	FD	8 bit display units are kW Offset = -125 Factor = 1 Range is -125 to 130	HCP_DISP.MtrAPwrUsageDisp			Per Dean C for MP eAWD	Atlantis	
MtrAPwrUsageDisp_V	CAN Mapping	0		HYBRID_DISPLAY.MotorAPowerUse_DisplayV	FD	0 = Valid 1 = Not_Valid	HCP_DISP.MtrAPwrUsageDisp_V			Per Dean C for MP eAWD	Atlantis	
MtrBPwrUsageDisp	CAN Mapping	0		HYBRID_DISPLAY.MotorBPowerUse_Display	FD	8 bit display units are kW Offset = -125 Factor = 1 Range is -125 to 130	HCP_DISP.MtrBPwrUsageDisp			Per Dean C for MP eAWD	Atlantis	
MtrBPwrUsageDisp_V	CAN Mapping	0		HYBRID_DISPLAY.MotorBPowerUse_DisplayV	FD	0 = Valid 1 = Not_Valid	HCP_DISP.MtrBPwrUsageDisp_V			Per Dean C for MP eAWD	Atlantis	
MtrPwrUsageDisp	CAN Mapping	0		HYBRID_DISPLAY.MotorPowerUse_Display HCP_4.MtrPwrUsgDisp	FD		GW_B_2.MtrPwrUsageDisp		Atlantis 8 bit signal Units are kW Range is from -125 to 130 Resolution is 1	>HCP_4.BatPwrUsgDisp is used only on 637BEV.	Atlantis	
NAT_GAS_STAT	CAN Mapping	0									Atlantis	
NAV_GUIDANCE_MD	CAN Mapping	0	Navigation Route Guidance is active	TELEMATIC_FD_15.NAV_GUIDANCE_MD	FD	1 bit signal	RADIO_B6.NAV_GUIDANCE_MD				Atlantis	
NavDataAvailable_CS	CAN Mapping	0	Validity of Available Nav Data	TELEMATIC_FD_11.NavDataAvailable_CS	FD	0 = Valid_Data_Not_Available 1 = Valid_Data_Available					Atlantis	
NavigationMapPopUP	CAN Mapping	0		IPC_FD_11.NavigationMapPopUP	CAN-FD						Atlantis	
NAVPrsnt	CAN Mapping	0	NAV Present	TELEMATIC_FD_5.NAVPrsnt	FD	0 = Absent 1 = Present	PROXI PARAMETER: NAV_Presence				Atlantis	
NetworkConfirm	CAN Mapping	0	Confirmation that the connection has been successful	TBM_SCHEDULE_FD_2.NetConnection	FD	0 = Not_Connected 1 = Connected 2 = Connection_Ongoing 3 = Connection_Failed	STATUS_TBM.NetConnection				Atlantis	
NetworkPassword1	CAN Mapping	0	Wifi Password Entered ASCII characters				NETWORK_PASSPHRASE.NETWORK_RES_CHAR_1				Atlantis	ATL_HIGH_EMPTY
NetworkPassword2	CAN Mapping	0	Wifi Password Entered ASCII characters				NETWORK_PASSPHRASE.NETWORK_RES_CHAR_2				Atlantis	ATL_HIGH_EMPTY
NetworkPassword3	CAN Mapping	0	Wifi Password Entered ASCII characters				NETWORK_PASSPHRASE.NETWORK_RES_CHAR_3				Atlantis	ATL_HIGH_EMPTY
NetworkPassword4	CAN Mapping	0	Wifi Password Entered ASCII characters				NETWORK_PASSPHRASE.NETWORK_RES_CHAR_4				Atlantis	ATL_HIGH_EMPTY
NetworkPassword5	CAN Mapping	0	Wifi Password Entered ASCII characters				NETWORK_PASSPHRASE.NETWORK_RES_CHAR_5				Atlantis	ATL_HIGH_EMPTY
NetworkPassword6	CAN Mapping	0	Wifi Password Entered ASCII characters				NETWORK_PASSPHRASE.NETWORK_RES_CHAR_6				Atlantis	ATL_HIGH_EMPTY
NetworkPassword7	CAN Mapping	0	Wifi Password Entered ASCII characters				NETWORK_PASSPHRASE.NETWORK_RES_CHAR_7				Atlantis	ATL_HIGH_EMPTY
NetworkResponseFrameID	CAN Mapping	0	password frame ID				NETWORK_PASSPHRASE.NETWORK_RES_FRAME_ID				Atlantis	ATL_HIGH_EMPTY
NetworkResponseNumber	CAN Mapping	0	Network number for the password entered				NETWORK_PASSPHRASE.NETWORK_NUMBER_RES				Atlantis	ATL_HIGH_EMPTY
Next_Charge_End_Time_Hr	CAN Mapping	0	Next charge end time hours	CHARGE_SCHEDULE_NEXT.Next_Charge_End_Time_Hr	FD-CAN	5 bit signal in Hours, Factor = 1 25 = Charge Until Full 31 = SNA	HCP_ScheduleNext.Next_Charge_End_Time_Hr	C-CAN	5 bit signal in Hours, Factor = 1 25 = Charge Until Full 31 = SNA		Atlantis	
Next_Charge_End_Time_Min	CAN Mapping	0	Next charge end time minutes	CHARGE_SCHEDULE_NEXT.Next_Charge_End_Time_Min	FD-CAN	4 bit signal in Minutes, Factor = 5 15 = SNA	HCP_ScheduleNext.Next_Charge_End_Time_Min	C-CAN	4 bit signal in Minutes, Factor = 5 15 = SNA		Atlantis	
Next_Charge_EndDay	CAN Mapping	0	Next charge end Day	CHARGE_SCHEDULE_NEXT.Next_Charge_EndDay	FD-CAN	0 = No Selection 1 = M 2 = T 3 = W 4 = Th 5 = F 6 = Sa 7 = S 9 = No Schedule Set 15 = Signal not available	HCP_ScheduleNext.Next_Charge_EndDay	C-CAN	0 = No Selection 1 = M 2 = T 3 = W 4 = Th 5 = F 6 = Sa 7 = S 9 = No Schedule Set 15 = Signal not available		Atlantis	
Next_Charge_Schedule_Type	CAN Mapping	0	Standard, External or Both Charging of the Next Schedule	CHARGE_SCHEDULE_NEXT.Next_Charge_Schedule_Type	FD	0 - No_Selection 1 - Standard Charge 2 - External Charge 3 - Both				As of V1.44, Atlantis High message.signal is in process so actual signal name may change.	Atlantis	
Next_Charge_Start_Time_Hr	CAN Mapping	0	Next charge start time Hours	CHARGE_SCHEDULE_NEXT.Next_Charge_Start_Time_Hr	FD-CAN	5 bit signal in Hours, Factor = 1 31 = SNA	HCP_ScheduleNext.Next_Charge_Start_Time_Hr	C-CAN	5 bit signal in Hours, Factor = 1 31 = SNA		Atlantis	
Next_Charge_Start_Time_Min	CAN Mapping	0	Next charge start time minutes	CHARGE_SCHEDULE_NEXT.Next_Charge_Start_Time_Min	FD-CAN	4 bit signal in Minutes, Factor = 5 15 = SNA	HCP_ScheduleNext.Next_Charge_Start_Time_Min	C-CAN	4 bit signal in Minutes, Factor = 5 15 = SNA		Atlantis	
Next_Charge_StartDay	CAN Mapping	0	Next charge start Day	CHARGE_SCHEDULE_NEXT.Next_Charge_StartDay	FD-CAN	0 = No Selection 1 = M 2 = T 3 = W 4 = Th 5 = F 6 = Sa 7 = S 9 = No Schedule Set 15 = Signal not available	HCP_ScheduleNext.Next_Charge_StartDay	C-CAN	0 = No Selection 1 = M 2 = T 3 = W 4 = Th 5 = F 6 = Sa 7 = S 9 = No Schedule Set 15 = Signal not available		Atlantis	
Next_Climate_Day	CAN Mapping	0	Next Climate Day	CHARGE_SCHEDULE_NEXT.Next_Climate_Day	FD-CAN	0 = No Selection 1 = M 2 = T 3 = W 4 = Th 5 = F 6 = Sa 7 = S 9 = No Schedule Set 15 = Signal not available	HCP_ScheduleNext.Next_Climate_Day	C-CAN	0 = No Selection 1 = M 2 = T 3 = W 4 = Th 5 = F 6 = Sa 7 = S 9 = No Schedule Set 15 = Signal not available		Atlantis	
Next_Climate_Time_Hr	CAN Mapping	0	Next Climate Time Hours	CHARGE_SCHEDULE_NEXT.Next_Climate_Time_Hr	FD-CAN	5 bit signal in Hours, Factor = 1 31 = SNA	HCP_ScheduleNext.Next_Climate_Time_Hr	C-CAN	5 bit signal in Hours, Factor = 1 31 = SNA		Atlantis	
Next_Climate_Time_Min	CAN Mapping	0	Next Climate Time Minutes	CHARGE_SCHEDULE_NEXT.Next_Climate_Time_Min	FD-CAN	4 bit signal in Minutes, Factor = 5 15 = SNA	HCP_ScheduleNext.Next_Climate_Time_Min	C-CAN	4 bit signal in Minutes, Factor = 5 15 = SNA		Atlantis	
Next_External_Charge_End_Time_Hr	CAN Mapping	0	End Hour for Next available External Charge	CHARGE_SCHEDULE_NEXT.Nxt_Ext_Charge_End_Time_Hr	FD	Values 0-23 1F - SNA					Atlantis	
Next_External_Charge_End_Time_Min	CAN Mapping	0	End Min for Next available External Charge	CHARGE_SCHEDULE_NEXT.Nxt_Ext_Charge_End_Time_Min	FD	Values 0-11 DBC Factor 5 F - SNA					Atlantis	
Next_External_Charge_EndDay	CAN Mapping	0	End Day for Next available External Charge	CHARGE_SCHEDULE_NEXT.Next_External_Charge_EndDay	FD	0 - No_Selection 1 - M 2 - T 3 - W 4 - Th 5 - F 6 - Sa 7 - S 8 - Reserved 9 - Reserved A - Reserved B - Reserved C - Reserved D - Reserved E - Reserved F - SNA				As of V1.44, Atlantis High message.signal is in process so actual signal name may change.	Atlantis	
Next_External_Charge_ExternalTarget	CAN Mapping	0	Next Charge Display for Customer set External Target Display 50 to 100% with 5% Increment	CHARGE_SCHEDULE_NEXT.Next_External_Charge_ExternalTarget	FD	Values 0-10 DBC Factor 5 Offset 50 B - Reserved C - Reserved D - Reserved E - Reserved F - No_Selection				As of V1.44, Atlantis High message.signal is in process so actual signal name may change.	Atlantis	
Next_External_Charge_ImmediateTarget	CAN Mapping	0	Next Charge Display for Customer set Immediate Target Display 0 to 50% with 5% Increment	CHARGE_SCHEDULE_NEXT.Next_External_Charge_ImmediateTarget	FD	Values 0-10 DBC Factor 5 B - Reserved C - Reserved D - Reserved E - Reserved F - No_Selection				As of V1.44, Atlantis High message.signal is in process so actual signal name may change.	Atlantis	
Next_SchCabin_Temp	CAN Mapping	0		CHARGE_SCHEDULE_NEXT.Next_SchCabin_Temp	FD	See dbc file					Atlantis	
Next_SchCabin_Temp	CAN Mapping	0									Atlantis	
NUM_OF_LANES_DRV_DIR_CS	CAN Mapping	0	Number of lanes in driving direction	TELEMATIC_FD_11.NUM_OF_LANES_DRV_DIR_CS	FD	0 = Wrong_Direction 1 = Nmbr_Lanes_1 2 = Nmbr_Lanes_2 3 = Nmbr_Lanes_3 4 = Nmbr_Lanes_4 5 = Nmbr_Lanes_5 6 = Nmbr_Lanes_6_or_more 7 = NA	SEGMENT.ADAS_Seg_NumOfLaneDrvDir	CAN-B			Atlantis	
NUM_OF_LANES_OPP_DIR_CS	CAN Mapping	0	Indicates the Segment number of lanes in opposite direction.				SEGMENT.ADAS_Seg_NumOfLaneOppDir	CAN-B			Atlantis	ATL_HIGH_EMPTY
NumTrlAxles	CAN Mapping	0		Radio_A4.Number_of_Trl_Axles	Seed dbc	See dbc					Atlantis	
NumTrlAxles_TTPM	CAN Mapping	0		TPM_A6.Number_of_Trl_Axles_TTPM			TPM_A6.Number_of_Trl_Axles_TTPM				Atlantis	
NumTrlTires	CAN Mapping	0		Radio_A4.Number_of_Trl_Tires	Seed dbc	See dbc					Atlantis	
NumTrlTires_TTPM	CAN Mapping	0		TPM_A6.Number_of_Trl_Tires_TTPM			TPM_A6.Number_of_Trl_Tires_TTPM				Atlantis	
NVPM_ChimeActivation_LHF	CAN Mapping	0		GW_B_1.NVPM_ChimeActivation_LHF	B-CAN	0 = Not_Active 1 = Active	GW_B_1.NVPM_ChimeActivation_LHF		0 = Not_Active 1 = Active		Atlantis	
NVPM_ChimeActivation_RHF	CAN Mapping	0		GW_B_1.NVPM_ChimeActivation_RHF	B-CAN	0 = Not_Active 1 = Active	GW_B_1.NVPM_ChimeActivation_RHF		0 = Not_Active 1 = Active		Atlantis	
NVPM_ChimeType	CAN Mapping	0		GW_B_1.NVPM_ChimeType	B-CAN	0 = NONE 1 = TYP_1 2 = TYP_2 3 = TYP_3 4 = TYP_4 5 = TYP_5 6 = TYP_6 7 = TYP_7 8 = TYP_8 9 = TYP_9 10 = TYP_10 11 = TYP_11 12 = TYP_12 13 = TYP_13 14 = TYP_14 15 = SNA	GW_B_1.NVPM_ChimeType		Atlantis 4 bit signal 0 = NONE 1 = TYP_1 2 = TYP_2 3 = TYP_3 4 = TYP_4 5 = TYP_5 6 = TYP_6 7 = TYP_7 8 = TYP_8 9 = TYP_9 10 = TYP_10 11 = TYP_11 12 = TYP_12 13 = TYP_13 14 = TYP_14 15 = SNA		Atlantis	
OCM_Psg_Signal_Sts	CAN Mapping	0	Passenger Presence	BCM_FD_21.PsgSeatOCSts	FD	0 - EMPTY_RFIS 1 - OC_5TH_UP 2 - Not_Used 3 - Empty no_Light 4 - OC_5TH_Down 15 - OC_UNDETRMD					Atlantis	
Odometer	CAN Mapping	0	Odometer km	TRIP_A_B.TotalOdometer	CAN-B	20 bit signal 0 -> 1048575 km resolution = 1 km	TRIP_A_B.TotalOdometer		20 bit signal 0 -> 1048575 km resolution = 1 km		Atlantis	
OffRd_FL_Lvl	CAN Mapping	0		ADCM_FD_A3.OffRd_FL_Lvl	FD	See dbc					Atlantis	
OffRd_FR_Lvl	CAN Mapping	0		ADCM_FD_A3.OffRd_FR_Lvl	FD	See dbc					Atlantis	
OffRd_RL_Lvl	CAN Mapping	0		ADCM_FD_A3.OffRd_RL_Lvl	FD	See dbc					Atlantis	
OffRd_RR_Lvl	CAN Mapping	0		ADCM_FD_A3.OffRd_RR_Lvl	FD	See dbc					Atlantis	
Offset_CS	CAN Mapping	0	Indicates the Segment Offset.				SEGMENT.ADAS_Seg_Offset	CAN-B			Atlantis	ATL_HIGH_EMPTY
OIL_IND_LMP_FLSH	CAN Mapping	0	Oil indicator lamp flash				ENGINE10.OIL_IND_LMP_FLSH		1 bit 0 = Not_active 1 = Active		Atlantis	ATL_HIGH_EMPTY
Oil_Level_Stat	CAN Mapping	0	Oil Level Lamp	IPC_FD_3.OIL_LEVEL_STAT	FD	0 = Off 1 = On 2 = Blinking 3 = SNA					Atlantis	
OIL_PRESS	CAN Mapping	0		ENGINE_FD_8.OIL_PRESS	FD						Atlantis	
Oil_Pressure_Stat	CAN Mapping	0	Oil Pressure Lamp	IPC_FD_3.OIL_PRESSURE_STAT	FD	0 = Off 1 = On 2 = Blinking 3 = SNA					Atlantis	
Oil_Temp_Stat	CAN Mapping	0	Oil Temp lamp	IPC_FD_3.OIL_TEMP_STAT	FD	0 = Off 1 = On 2 = Blinking 3 = SNA					Atlantis	
OilLifeLeft	CAN Mapping	0	Oil Life Left	ENGINE_FD_3.OilLifeLeft	FD	ATLANTIS 8 bit signal 0 - 255 Resolution 1%	ENGINE10.OilLifeLeft		ATLANTIS 8 bit signal 0 - 255 Resolution 1%		Atlantis	
OilPressure	CAN Mapping	0	Oil Pressure				No signal exists.				Atlantis	ATL_HIGH_EMPTY
OilTemp	CAN Mapping	0	Engine Oil Temperature	ENGINE_FD_3.EngineOilTemperature	FD	8 bit signal Units are degrees C Offset = -40 Factor = 1 Range is -40 to 215	ENGINE7.EngineOilTemp		3 bit signal 0 thru 6 = levels 7 = SNA	Off road pages only. New for Atlantis	Atlantis	
OperationalModeSts	CAN Mapping	0		STATUS_BH_BCM1.OperationalModeSts BCM_FD_2.OperationalModeSts	BCAN FD	0 = Initialization 1 = Ignition_Off_WithoutKey 2 = Ignition_Off 3 = Ignition_Acc 4 = Ignition_On 5 = Ignition_Pre_Start 6 = Ignition_Start 7 = Ignition_Cranking 8 = Ignition_On_EngOn 9 = Ignition_Pre_Acc 10 = Ignition_Pre_Off 11 = Automatic_Cranking 12 = Automatic_Stop 13 = Key_Authenticated 14 = Not_Used 15 = SNA					Atlantis	
Other_Range_Impact	CAN Mapping	0		<pending>.Other_Range_Impact	FD					Message pending	Atlantis	
Over_Temp_Stat	CAN Mapping	0	Trans Over Temp Lamp	IPC_FD_3.OVER_TEMP_STAT	FD	0 = Off 1 = On 2 = Blinking 3 = SNA					Atlantis	
Paddles_DrvMd_CfgSts	CAN Mapping	0	Paddles Drive Mode Configure Status	BCM_FD_26.Paddles_DrvMd_CfgSts_TMI	FD	See dbc					Atlantis	
PaddlesModeReq	CAN Mapping	0	Paddles Mode Request	TELEMATIC_FD_11.ETM_PaddlesModeReq	FD	See dbc					Atlantis	
PaddlesModeSts	CAN Mapping	0	Paddles Mode	TRANSM_FD_2.PaddlesModeSts	FD	See dbc					Atlantis	
PAM_Sts	CAN Mapping	0	PAM status	CVPAM_FD_Info.PAM_Off_Status_2BT	FD	ATLANTIS 2 bit signal 0=FT_OFF_RR_OFF 1=FT_OFF_RR_ON 2=FT_ON_RR_OFF 3=FT_ON_RR_ON					Atlantis	
PAMChimeMode	CAN Mapping	0	PTS Chime Mode	IPC_VEHICLE_SETUP.PamAlertMode	CAN-B	0 = Off 1 = Sound 2 = Sound_Display	IPC_VEHICLE_SETUP.PamAlertMode		0 = Off 1 = Sound 2 = Sound_Display		Atlantis	
PAMChimeRepRate	CAN Mapping	0	PTS chime repetition rate	GW_B_3.PAM_CHIME_REP_RATESts	FD	4 bit signal Units are Hz Offset = 0 Factor = 1 Range is 0 to 15	PARK_INFO.ChimeRepetitionRate_Front PARK_INFO.ChimeRepetitionRate_Rear		4 bit signal resolution = 1 hz		Atlantis	
PAMChimeReqLF	CAN Mapping	0	PTS left front chime on request	PARK_INFO.ChimeActivation_LHF	FD	1 bit signal	PARK_INFO.ChimeActivation_LHF		0 = NotActive 1 = Active		Atlantis	
PAMChimeReqLR	CAN Mapping	0	PTS left rear chime on request	PARK_INFO.ChimeActivation_LHR	FD	1 bit signal	PARK_INFO.ChimeActivation_LHR		0 = NotActive 1 = Active		Atlantis	
PAMChimeReqRF	CAN Mapping	0	PTS right front chime on request	PARK_INFO.ChimeActivation_RHF	FD	1 bit signal	PARK_INFO.ChimeActivation_RHF		0 = NotActive 1 = Active		Atlantis	
PAMChimeReqRR	CAN Mapping	0	PTS right rear chime on request	PARK_INFO.ChimeActivation_RHR	FD	1 bit signal	PARK_INFO.ChimeActivation_RHR		0 = NotActive 1 = Active		Atlantis	
PAMChimeReqVol	CAN Mapping	0		GW_B_1.PAM_Volume	B-CAN	0 = None 1 = Low 2 = Medium 3 = High	GW_B_1.PAM_Volume		0 = None 1 = Low 2 = Medium 3 = High		Atlantis	
PAMChimeType	CAN Mapping	0	PTS chime type	GW_B_1.PAM_CHIME_TYPE	FD	4 bit signal 0 = NONE 1 = TYP_1 2 = TYP_2 3 = TYP_3 4 = TYP_4 5 = TYP_5 6 = TYP_6 7 = TYP_7 8 = TYP_8 9 = TYP_9 10 = TYP_10 11 = TYP_11 12 = TYP_12 13 = TYP_13 14 = TYP_14 15 = SNA	PARK_INFO.ChimeType_Front PARK_INFO.ChimeType_Rear		2 bit signal 0 = Type 4 1 = Type 5 2= type 11		Atlantis	
PAMChimeVolF	CAN Mapping	0	PTS Front Volume level				IPC_VEHICLE_SETUP.PamChimeVolumeFront		2 bit signal 0 = LOW 1 = MED 2 = HIGH		Atlantis	ATL_HIGH_EMPTY
PAMChimeVolR	CAN Mapping	0	PTS Rear Volume level				IPC_VEHICLE_SETUP.PamChimeVolumeRear		2 bit signal 0 = LOW 1 = MED 2 = HIGH		Atlantis	ATL_HIGH_EMPTY
PAMTeenKeyFrontVolume	CAN Mapping	0	PTS Front Volume Setting for teen key				N/A		N/A	Teen Key Only on RU	Atlantis	ATL_HIGH_EMPTY
PAMTeenKeyRearVolume	CAN Mapping	0	PTS Rear Volume Setting for teen key				N/A		N/A	Teen Key Only on RU	Atlantis	ATL_HIGH_EMPTY
PANEL_INTS	CAN Mapping	0	Panel-/display intensity	BCM_FD_10.PANEL_INTS	FD	ATLANTIS 8 bit signal % Resolution = 0.5%	BODY1.PanelIntensitySts		ATLANTIS 8 bit signal % Resolution = 0.5%		Atlantis	
PanicAlarmActive	CAN Mapping	0	Panic alarm active; [1] = True	BCM_FD_11.PanicModeActive	FD	0 = Not_Active 1 = Active	BCM_VPS2.PanicModeActve				Atlantis	
PARK_BRAKE_STAT	CAN Mapping	0									Atlantis	
PARK_BRK_EDG	CAN Mapping	0		BCM_FD_9.ParkBrakeSts	CAN-FD		STATUS_BH_BCM1.ParkBrakeSts	CAN-B			Atlantis	
PARK_LMP_ON	CAN Mapping	0	Headlight Switch park lamp status	BCM_FD_9.LHParkingLightSts	FD	OFF ON	EXTERNAL_LIGHTS.LHParkingLightSts		OFF ON		Atlantis	
ParkingFailSts	CAN Mapping	0	ParkingFailSts	TRANSM_FD_4.ParkingFailSts	FD	1 bit signal 0 = not present 1 = present	TRANSM2.ParkingFailSts		1 bit signal 0 = not present 1 = present		Atlantis	
PartialOdometerAPlus (see Usage Comment)	CAN Mapping	0	PartialOdometerAPlus	TRIP_A.PartialOdometerAPlus	CAN-B	20 bit signal 1 bit = 0.1 (miles or km)	TRIP_A.PartialOdometerAPlus		20 bit signal 1 bit = 0.1 (miles or km)	"LIDs in GenSheet are ""A_Total_Dist_Kilometers"" and ""A_Total_Dist_Miles"""	Atlantis	
PartOfCalcRoute_CS	CAN Mapping	0	Indicates the Segment is Part Of Calculated Route.				SEGMENT.ADAS_Seg_PartOfCalcRoute	CAN-B			Atlantis	ATL_HIGH_EMPTY
Pass_BolsterReq	CAN Mapping	0		PASS_SEAT.Pass_BolsterReq (BH-CAN) CENTERSTACK3.CushionBolster_Pass_Req (MASAH)							Atlantis	
PassAck	CAN Mapping	0	Password Acknowledge				HU_ACK.PASSWORD			CR11036	Atlantis	ATL_HIGH_EMPTY
Passenger_Adjust_Req	CAN Mapping	0		Pass_Door.Passenger_Adjust_Req	CAN-BH						Atlantis	
Passenger_Backrest_Req	CAN Mapping	0		PASS_DOOR.Passenger_Backrest_Req (BH-CAN)							Atlantis	
Passenger_Cushion_ExtendRetract_Req	CAN Mapping	0		PASS_DOOR.Passenger_Cushion_ExtendRetract_Req (BH-CAN)							Atlantis	
Passenger_Cushion_Massage_Stat	CAN Mapping	0	Passenger Cushion Massage Status	MASSAGE_PASS.Passenger_Cushion_Massage_Stat	B-CAN	0 = Not_Selected 1 = Selected					Atlantis	
Passenger_Cushion_Slide_ForeAft_Req	CAN Mapping	0		PASS_DOOR.Passenger_Cushion_Slide_ForeAft_Req (BH-CAN)							Atlantis	
Passenger_Cushion_Slide_UpDown_Req	CAN Mapping	0		PASS_DOOR.Passenger_Cushion_Slide_UpDown_Req (BH-CAN) CENTERSTACK3.CushionLength_Pass_Req (MASAH)							Atlantis	
Passenger_Cushion_Tilt_Req	CAN Mapping	0		PASS_DOOR.Passenger_Cushion_Tilt_Req (BH-CAN)							Atlantis	
Passenger_Headrest_Req	CAN Mapping	0		PASS_DOOR.Passenger_Headrest_Req (BH-CAN)							Atlantis	
Passenger_Recline_Req	CAN Mapping	0		PASS_DOOR.Passenger_Recline_Req (BH-CAN)							Atlantis	
Passenger_UpperBack_Massage_Stat	CAN Mapping	0	Passenger Upper Back Massage Status	MASSAGE_PASS.Passenger_UpperBack_Massage_Stat	B-CAN	0 = Not_Selected 1 = Selected					Atlantis	
PassengerBelt	CAN Mapping	0	PassengerBelt - First row passenger seat status	ORC_FD_1.SBR1RowPsngrSeatSts	FD	ATLANTIS 3 bit signal 0 = Seat_Belt_Fasten 1 = Seat_Belt_Not_Fasten 2 = Seat_Safe 3 = Seat_Not_Safe 7 = SNA	AIRBAG1.SBR1RowPsngrSeatSts		ATLANTIS 3 bit signal 0 = Seat_Belt_Fasten 1 = Seat_Belt_Not_Fasten 2 = Seat_Safe 3 = Seat_Not_Safe 7 = SNA		Atlantis	
PassengerDoorOnOff	CAN Mapping	0	Passenger Door On orOff							PsngrDoorOnOffSts	Atlantis	
PassengerPresent	CAN Mapping	0	PassengerPresent						ATLANTIS		Atlantis	ATL_HIGH_EMPTY
Password number	CAN Mapping	0	Wi-Fi Password number				WIFI_PASSWORD.FrameNumber			CR11036	Atlantis	ATL_HIGH_EMPTY
PathIdx_CS	CAN Mapping	0	Path Index	TELEMATIC_FD_11.PathIdx_CS	FD	6 bit signal See .dbc for enumeration values	SEGMENT.ADAS_Seg_PathIdx	CAN-B			Atlantis	
Pchar1	CAN Mapping	0	Wifi Password Character 1				WIFI_PASSWORD.UTF_Char1		8 bit signal	CR10916	Atlantis	ATL_HIGH_EMPTY
Pchar2	CAN Mapping	0	Wifi Password Character 2				WIFI_PASSWORD.UTF_Char2		8 bit signal	CR10916	Atlantis	ATL_HIGH_EMPTY
Pchar3	CAN Mapping	0	Wifi Password Character 3				WIFI_PASSWORD.UTF_Char3		8 bit signal	CR10916	Atlantis	ATL_HIGH_EMPTY
Pchar4	CAN Mapping	0	Wifi Password Character 4				WIFI_PASSWORD.UTF_Char4		8 bit signal	CR10916	Atlantis	ATL_HIGH_EMPTY
Pchar5	CAN Mapping	0	Wifi Password Character 5				WIFI_PASSWORD.UTF_Char5		8 bit signal	CR10916	Atlantis	ATL_HIGH_EMPTY
Pchar6	CAN Mapping	0	Wifi Password Character 6				WIFI_PASSWORD.UTF_Char6		8 bit signal	CR10916	Atlantis	ATL_HIGH_EMPTY
Pchar7	CAN Mapping	0	Wifi Password Character 7				WIFI_PASSWORD.UTF_Char7		8 bit signal	CR10916	Atlantis	ATL_HIGH_EMPTY
PFrameID	CAN Mapping	0	Wifi Password Frame ID	Removed with Multi-Frame?			WIFI_PASSWORD.FrameNumber		Atlantis 4 bit signal 0 = Frame1 1 = Frame2 2 = Frame3 3 = Frame4 4 = Frame5 5 = Frame6 6 = Frame7 7 = Frame8 8 = Frame9 9 = Frame10 10 = Frame11 11 = Frame12 12 = Frame13 13 = Frame14 14 = Frame15 15 = Frame16	CR10916	Atlantis	
PFW_Stat	CAN Mapping	0	PFW_Stat								Atlantis	
PhoneKey_Req	CAN Mapping	0	See CFTS	TELEMATIC_FD_19.PhoneKey_Req	FD	See dbc					Atlantis	
PhoneKeyListRefresh_Req	CAN Mapping	0	See CFTS	TELEMATIC_FD_19.PhoneKeyListRefresh_Req	FD	See dbc					Atlantis	
PhoneKeyPair_Stat	CAN Mapping	0	See CFTS	SPAAK_FD.PhoneKeyPair_Stat1	FD	See dbc					Atlantis	
PhoneKeyReplace_Stat	CAN Mapping	0	See CFTS	SPAAK_FD.PhoneKeyReplace_Stat1	FD	See dbc					Atlantis	
PitchAngle	CAN Mapping	0		BCM_FD_4.PitchAngle	FD	8 bit signal Units are degrees Offeset = -90 Factor = 1 Range = -90 to 165 SNA = 255	BODY8.PitchAngle				Atlantis	
PlateLightFault	CAN Mapping	0	PlateLightFault	EXTERNAL_LIGHTS.PlateLightFault	CAN-B	1 bit signal 0 = False 1 = True	EXTERNAL_LIGHTS.PlateLightFault		1 bit signal 0 = False 1 = True		Atlantis	
PlateLmpFault	CAN Mapping	0	Plate Lamp Fault	BCM_FD_9.PlateLightFault	FD	1 bit signal 0 - Off 1 - On	EXTERNAL_LIGHTS_V70.PlateLightFault		1 bit signal 0 - Off 1 - On		Atlantis	
Plug_And_Charge_Contract	CAN Mapping	0	HU Plug and Charge Contract delivery to IDCM. ISO 15765-2 XML File sent to IDCM.	PLUG_AND_CHARGE_CONTRACT.PLUG_AND_CHARGE_CONTRACT_Sig	FD	n/a					Atlantis	
Plug_And_Charge_Contract_Sts	CAN Mapping	0	HU Plug and Charge Contract status	HV_CHARGER1.Plug_And_Charge_Contract_Sts	FD	0 - No_Contract 1 - Transfer_In_Progress 2 - Contract_Load_Failed 3 - Contract_Success					Atlantis	
Plug_Status	CAN Mapping	0								As of V1.49 this LID is not used.	Atlantis	
PlugAndChargeReq	CAN Mapping	0	HU Activation Request for for Plug & Change	TELEMATIC_FD_19.PlugAndChargeReq	FD	0 - Inactive 1 - Active					Atlantis	
PlugAndChargeSts	CAN Mapping	0	EVCU Confirmation of Plug and Change status	HYBRID_DISPLAY.PlugAndChargeSts	FD	0 - Inactive 1 - Active					Atlantis	
PlugCharge_Contract	CAN Mapping	0		<pending>.PlugCharge_Contract	FD					Message pending	Atlantis	
PN14_LS_Actv	CAN Mapping	0	14 V powernet Load Shed active	STATUS_LIN.PN14_LS_Actv	CAN-B	Atlantis 1 bit signal 0 = Not_Active 1 = Active	Not in POR				Atlantis	
PN14_LS_Lvl7	CAN Mapping	0	Load Shedding level7	STATU_LIN.PN14_LS_Lvl7	CAN-B	Atlantis 1 bit signal 0 = Not_Active 1 = Active	Not in POR				Atlantis	
PoliceStlthMdAct	CAN Mapping	0	"VSIM AUX4 output Off/On status (12.1"" DCSD for Police Pursuit)"								Atlantis	
POS_LIGHT_STAT	CAN Mapping	0									Atlantis	
Posn_Age	CAN Mapping	0	Indicates the Position Age.				POSITION.ADAS_Posn_Age	CANB			Atlantis	ATL_HIGH_EMPTY
Posn_CurLane	CAN Mapping	0	Indicates the Position Current Lane.				POSITION.ADAS_Posn_CurLane	CANB			Atlantis	ATL_HIGH_EMPTY
Posn_CycCnt	CAN Mapping	0	Indicates the Position Cyclic Counter.				POSITION.ADAS_Posn_CycCnt	CANB			Atlantis	ATL_HIGH_EMPTY
Posn_Idx	CAN Mapping	0	Indicates the Position Index.				POSITION.ADAS_Posn_Idx	CANB			Atlantis	ATL_HIGH_EMPTY
Posn_MsgType	CAN Mapping	0	Indicates the Position Message Type.				POSITION.ADAS_Posn_MsgType	CANB			Atlantis	ATL_HIGH_EMPTY
Posn_Offset	CAN Mapping	0	Indicates the Position Offset.				POSITION.ADAS_Posn_Offset	CANB			Atlantis	ATL_HIGH_EMPTY
Posn_PathIdx	CAN Mapping	0	Indicates the Position Path Index.				POSITION.ADAS_Posn_PathIdx	CANB			Atlantis	ATL_HIGH_EMPTY
Posn_PosConfide	CAN Mapping	0	Indicates the Position Confidence.				POSITION.ADAS_Posn_PosConfide	CANB			Atlantis	ATL_HIGH_EMPTY
Posn_PosProbb	CAN Mapping	0	Indicates the Position Probability.				POSITION.ADAS_Posn_PosProbb	CANB			Atlantis	ATL_HIGH_EMPTY
Posn_RelHead	CAN Mapping	0	Indicates the Position Relative Heading.				POSITION.ADAS_Posn_RelHead	CANB			Atlantis	ATL_HIGH_EMPTY
Posn_Spd	CAN Mapping	0	Indicates the Position Speed.				POSITION.ADAS_Posn_Spd	CANB			Atlantis	ATL_HIGH_EMPTY
Potential_Increase	CAN Mapping	0		<pending>.Potential_Increase	FD					Message pending	Atlantis	
Power_Panel_Cargo_Diagn	CAN Mapping	0		<pending>.Power_Panel_Cargo_Diagn	FD					Message pending	Atlantis	
Power_Panel_Internal_Fault	CAN Mapping	0		<pending>.Power_Panel_Internal_Fault	FD					Message pending	Atlantis	
Power_Panel_Op_Suspended	CAN Mapping	0		<pending>.Power_Panel_Op_Suspended	FD					Message pending	Atlantis	
Power_Panel_Overload_Fault	CAN Mapping	0		<pending>.Power_Panel_Overload_Fault	FD					Message pending	Atlantis	
PowerDraw	CAN Mapping	0		<pending>.PowerDraw	FD					Message pending	Atlantis	
PowerLevel	CAN Mapping	0		IPC_VEHICLE_SETUP.PwrLev	FD	See dbc file					Atlantis	
PowerLevelReq	CAN Mapping	0		TELEMATIC_VEHICLE_SETUP.PwrLevReq	FD	See dbc file					Atlantis	
PowerMode	CAN Mapping	0	Commanded ignition switch status	STATUS_BH_BCM2.CmdIgnSts BCM_FD_10.CmdIgnSts	CAN-B FD	3 bit signal 0 = Initialization 1 = IGN_LK 3 = ACC 4 = RUN 5 = START 7 = SNA	STATUS_BH_BCM2.CmdIgnSts STATUS_BH_BCM2.CmdIgn_FailSts		3 bit signal 0 = Initialization 1 = IGN_LK 3 = ACC 4 = RUN 5 = START 7 = SNA 1 bit signal (CmdIgn_FailSts) 0 = Fail_Not_Present 1 = Fail_Present 3 = SNA		Atlantis	
PowerModeSts	CAN Mapping	0	Shipping status	BCM_FD_9.PowerModeSts	FD	0 = Standard_Power 1 = Logistic_Mode_ON 2 = Logistic_Mode_PR 3 = Not_Used	STATUS_BH_BCM1.PowerModeSts		Atlantis 0 = Standard_Power 1 = Logistic_Mode_ON 2 = Logisitc_Mode_PR 3 = Not_Used		Atlantis	
PowerModeSts_CStack	CAN Mapping	0	ICS Power Mode Status	STATUS_CENTERSTACK.PowerModeSts_CStack	CAN-B	0 = Standard_Power 1 = Logistic_Mode_ON 2 = Logistic_Mode_PR 3 = Not_Used	STATUS_CENTERSTACK.PowerModeSts_CStack		0 = Standard_Power 1 = Logistic_Mode_ON 2 = Logistic_Mode_PR 3 = Not_Used		Atlantis	
PowerPanelMsg	CAN Mapping	0	Status of Power Panel Pop-Ups	BCM_FD_9.PowerPanelMsg	FD	0=No Msg 1=Low battery level 2=Low fuel level 3=System Fault 4=Generator Mode enabled 5=Engine must be running 6=Power Panel disabled 7=Power Panel temporarily unavailable 15=SNA				As of V1.50, the Atlantis High message.signal has been requested as listed but implemented message.signal may vary.	Atlantis	
PowerPanelMsg_EV	CAN Mapping	0		V2X_EVCU.V2X_Info	FD	0=Init 1=Low_battery_level 2=Low_Fuel_level 3=System_Fault 4=High_Power_Draw 5=Power_Panel_disabled 6=Power_Panel_temp_unavailable 7=Reserved 15=SNA					Atlantis	
PowerShot	CAN Mapping	0	Power Shot request from EVCU	ENGINE_SIMULATOR4.PowerShot_EVCU_PT1	FD	0- PowerShot_Off 1- PowerShot_On 2- PowerShot_Active 3- PowerShot_Cancelled 4- PowerShot_Cooldown 5- PowerShot_Unavailable 7-SNA					Atlantis	
PowerShot_Availability	CAN Mapping	0		<pending>.PowerShot_Availability	FD					Message pending	Atlantis	
PowerSideStep_Req	CAN Mapping	0	Power Side Step Request	RADIO_B3.PowerSideStep_Req	CANB	0=NOT_PRESSED 1=DEPLOY 2=RETRACT 3=SNA					Atlantis	
PowerTopPosition	CAN Mapping	0	Wrangler Power Top Position								Atlantis	
PowerUnit	CAN Mapping	0		IPC_VEHICLE_SETUP.HP_Unit	Seed dbc	See dbc					Atlantis	
PowerUnit	CAN Mapping	0									Atlantis	
PPD_Row2_CSeatSts	CAN Mapping	0		ORC_FD_1.SBR2ndRowCSeatSts							Atlantis	
PPD_Row2_LSeatSts	CAN Mapping	0		ORC_FD_1.SBR2ndRowLSeatSts							Atlantis	
PPD_Row2_RSeatSts	CAN Mapping	0		ORC_FD_1.SBR2ndRowRSeatSts							Atlantis	
PPD_Row3_LSeatSts	CAN Mapping	0		ORC_FD_2.SBR3rdRowLSeatSts							Atlantis	
PPD_Row3_LSeatSts	CAN Mapping	0		ORC_FD_2.SBR3rdRowLSeatSts							Atlantis	
PPD_Row3_RSeatSts	CAN Mapping	0		ORC_FD_2.SBR3rdRowRSeatSts							Atlantis	
PPPA_STAT	CAN Mapping	0	Active Park Sense Switch	BCM_FD_12.APARequestSts	FD	Not_Pressed Pressed	CENTERSTACK1.APARequestSts		Not_Pressed Pressed		Atlantis	
Precond_Req_Stat	CAN Mapping	0	Battery Preconditioning	HYBRID_HVAC.CabinConditioningSts			HCP_1000.Cabin_Condition_Sts				Atlantis	
PreCondCabinSts	CAN Mapping	0					STATUS_CLIMATE5.PreCondCabinSts	CAN-BH	0 = Off 1 = On 2 = SPR 3 = SNA	The required signal shall be added for Atlantis architecture and for SR23 CFTS102 implementation	Atlantis	ATL_HIGH_EMPTY
PresentGear	CAN Mapping	0	Current Gear	PT_SYSTEM_FD_1.GearEngagedForDisplay_PT VDCM_PWT2.GearEngagedForDisplay_VDCM	FD	0 = Initialize 1 = Gear_1 2 = Gear_2 3 = Gear_3 4 = Gear_4 5 = Gear_5 6 = Gear_6 7 = Gear_7 8 = Gear_8 9 = Gear_9 12 = Park 13 = Neutral 14 = Reverse 15 = Drive 16 = Low 17 = Manual 18 = Sport_Mode 31 = SNA	ENGINE7.ActualGearGSI TRANSM2.GearEngaged TRANSM2.ShiftLeverPosition		ATLANTIS 4 bit signal 0 = Neutral 1 = ForwardGear_1 2 = ForwardGear_2 3 = ForwardGear_3 4 = ForwardGear_4 5 = ForwardGear_5 6 = ForwardGear_6 7 = Reverse 8 = ForwardGear_7 9 = ForwardGear_8 10 = ForwardGear_9 15 = SNA	VDCM_PWT2.GearEngagedForDisplay_VDCM This signal is used only for the M182BEV program. more information in M182BEV Specific Signals TRANSM2.ShiftLeverPosition This signal is used only for the 332BEV program, more information in 332BEV Specific Signals	Atlantis	
PressureUnit	CAN Mapping	0	Pressure Unit	IPC_VEHICLE_SETUP.TyrePress_Unit	FD	0 = KPa 1 = psi 2 = bar	IPC_VEHICLE_SETUP3.TyrePress_Unit		2 bits 0 = KPa 1 = psi 2 = bar		Atlantis	
Privacy_Flag	CAN Mapping	0	Status of Connected Services privacy setting	TBM_FD_2.Privacy_Flag	FD	0 = Not_Tracked 1 = Tracked 3 = SNA	GLOB_CON.Privacy_Flag		0 = Not_Tracked 1 = Tracked 3 = SNA	CR11036	Atlantis	
PrivacyMode	CAN Mapping	0		TBM_SCHEDULE_FD_2.PrivacyMode	FD	0 = Not_Active 1 = Active	SERVICE_SETUP.PrivacyMode	CAN-B	0 = Not_Active 1 = Active		Atlantis	
PrivacyModeReq	CAN Mapping	0		TELEMATIC_VEHICLE_SETUP.PrivacyModeReq	FD	0 = Not_Active 1 = Active	GLOB_LTM.PrivacyModeReq	CAN-B	0 = Not_Active 1 = Active		Atlantis	
PRNDL_DISP	CAN Mapping	0	See dbc	PT_SYSTEM_FD_1.GearEngaged_PT	FD	0 = Neutral 1 = Gear_1 2 = Gear_2 3 = Gear_3 4 = Gear_4 5 = Gear_5 6 = Gear_6 7 = Gear_7 8 = Gear_8 9 = Gear_9 13 = Parking 14 = Reverse 31 = SNA					Atlantis	
PRNDL_Display_Request	CAN Mapping	0	PRNDL Display Request	STATUS_CCAN3.ShiftModeSts	CAN-B	Atlantis 1 bit signal 0 = Manual 1 = Automatic	STATUS_CCAN5.ShiftLeverPosition		Atlantis 4 bit signal 0 = No_Selection_Active_Or_Available 1 = P 2 = R 3 = N 4 = D 5 = L 6 = TP_Autostick 7 = Plus 8 = Minus 9 = Sport 10 = Not_Used 11 = Not_Used 12 = Not_Used 13 = Not_Used 14 = Not_Used 15 = SNA	B and C CAN duplicates	Atlantis	
Profile_Delete	CAN Mapping	0	Profile delete Request	Radio_B2.Radio_Delete_Request TELEMATIC_FD_14.Radio_Delete_Request	BH-CAN CAN_FD	No_Action Delete_Profile_1 Delete_Profile_2 Delete_Profile_3 Delete_Profile_4 Delete_Profile_5 Delete_All SNA					Atlantis	
Profile_Request	CAN Mapping	0	Profile request	Radio_B2.Radio_Profile_Request TELEMATIC_FD_14.Radio_Profile_Request	BH-CAN CAN-FD	No_Action Profile_1 Profile_2 Profile_3 Profile_4 Profile_5 Profile_6 SNA					Atlantis	
ProfileID	CAN Mapping	0		SPAAK_Key.ProfileID	FD						Atlantis	
ProfLong_CtrlPoint	CAN Mapping	0	Indicates the Profile Long Control Point.				PROFILE_LONG.ADAS_ProfLong_CtrlPoint	CANB			Atlantis	ATL_HIGH_EMPTY
ProfLong_CycCnt	CAN Mapping	0	Indicates the Profile Long Cyclic Counter.				PROFILE_LONG.ADAS_ProfLong_CycCnt	CANB			Atlantis	ATL_HIGH_EMPTY
ProfLong_MsgType	CAN Mapping	0	Indicates the Profile Long Message Type.				PROFILE_LONG.ADAS_ProfLong_MsgType	CANB			Atlantis	ATL_HIGH_EMPTY
ProfLong_Offset	CAN Mapping	0	Indicates the Profile Long Offset.				PROFILE_LONG.ADAS_ProfLong_Offset	CANB			Atlantis	ATL_HIGH_EMPTY
ProfLong_PathIdx	CAN Mapping	0	Indicates the Profile Long Path Index.				PROFILE_LONG.ADAS_ProfLong_PathIdx	CANB			Atlantis	ATL_HIGH_EMPTY
ProfLong_ProfType	CAN Mapping	0	Indicates the Profile Long Profile Type.				PROFILE_LONG.ADAS_ProfLong_ProfType	CANB			Atlantis	ATL_HIGH_EMPTY
ProfLong_Retr	CAN Mapping	0	Indicates the Profile Long Retransmission.				PROFILE_LONG.ADAS_ProfLong_Retr	CANB			Atlantis	ATL_HIGH_EMPTY
ProfLong_Update	CAN Mapping	0	Indicates the Profile Long Update.				PROFILE_LONG.ADAS_ProfLong_Update	CANB			Atlantis	ATL_HIGH_EMPTY
ProfLong_Value	CAN Mapping	0	Indicates the Profile Long Value.				PROFILE_LONG.ProfileLongValue	CANB			Atlantis	ATL_HIGH_EMPTY
ProfShort_AccurClass	CAN Mapping	0	Indicates the Profile Short Accuracy Class.				PROFILE_SHORT.ADAS_ProfShort_AccurClass	CANB			Atlantis	ATL_HIGH_EMPTY
ProfShort_CtrlPoint	CAN Mapping	0	Indicates the Profile Short Control Point.				PROFILE_SHORT.ADAS_ProfShort_CtrlPoint	CANB			Atlantis	ATL_HIGH_EMPTY
ProfShort_CycCnt	CAN Mapping	0	Indicates the Profile Short Cyclic Counter.				PROFILE_SHORT.ADAS_ProfShort_CycCnt	CANB			Atlantis	ATL_HIGH_EMPTY
ProfShort_Dist1	CAN Mapping	0	Indicates the Profile Short Distance 1.				PROFILE_SHORT.ADAS_ProfShort_Dist1	CANB			Atlantis	ATL_HIGH_EMPTY
ProfShort_MsgType	CAN Mapping	0	Indicates the Profile Short Message Type.				PROFILE_SHORT.ADAS_ProfShort_MsgType	CANB			Atlantis	ATL_HIGH_EMPTY
ProfShort_Offset	CAN Mapping	0	Indicates the Profile Short Offset.				PROFILE_SHORT.ADAS_ProfShort_Offset	CANB			Atlantis	ATL_HIGH_EMPTY
ProfShort_PathIdx	CAN Mapping	0	Indicates the Profile Short Path Index				PROFILE_SHORT.ADAS_ProfShort_PathIdx	CANB			Atlantis	ATL_HIGH_EMPTY
ProfShort_ProfType	CAN Mapping	0	Indicates the Profile Short Profile Type.				PROFILE_SHORT.ADAS_ProfShort_ProfType	CANB			Atlantis	ATL_HIGH_EMPTY
ProfShort_Retr	CAN Mapping	0	Indicates the Profile Short Retransmission.				PROFILE_SHORT.ADAS_ProfShort_Retr	CANB			Atlantis	ATL_HIGH_EMPTY
ProfShort_Update	CAN Mapping	0	Indicates the Profile Short Update.				PROFILE_SHORT.ADAS_ProfShort_Update	CANB			Atlantis	ATL_HIGH_EMPTY
ProfShort_Value0	CAN Mapping	0	Indicates the Profile Short Value 0.				PROFILE_SHORT.ADAS_ProfShort_Value0	CANB			Atlantis	ATL_HIGH_EMPTY
ProfShort_Value1	CAN Mapping	0	Indicates the Profile Short Value1.				PROFILE_SHORT.ADAS_ProfShort_Value1	CANB			Atlantis	ATL_HIGH_EMPTY
Program_Single_TPM	CAN Mapping	0		Radio_A4.Program_Single_TPM			Radio_A4.Program_Single_TPM				Atlantis	
Propulsion_DrvMd	CAN Mapping	0	Global drive mode status	ENGINE_SIMULATOR4.Propulsion_DrvMd_PT1	FD	0 - NONE 1 - AUTO 2 - SPORT 3 - TRACK 4 - SNOW 5 - VALET 6 - ROCK 7 - TOW 8 - ECO 9 - LAUNCH 10 - ALL 11 - CUSTOM 12 - MUD 13 - SAND 14 - PLUS 15 - ICE 16 - DYNAMIC 17 - OFFROAD 18 - BAJA 19 - MUD_SAND 20 - DRAG 31 - SNA					Atlantis	
Propulsion_Raceoptions_Status	CAN Mapping	0	Race option arbitration status	ENGINE_SIMULATOR2.Propulsion_Raceoptions_Status_PT1	FD	0 - No_Race_Options_Selected 1 - Launch_Control 2 - Line_Lock 3 - Drift 4 - Donut 5 - Race_Cooldown F - SNA					Atlantis	
PropulsionSystemActive	CAN Mapping	0	Propulsion system active, [1] = active	ENGINE_SIMULATOR3.PropulsionSystemActive_PT1	FD	0 Not_Active 1 Active					Atlantis	
Prplsn_Sys_Act	CAN Mapping	0	Propulsion System activation	HYBRID_DRIVE.PropulsionSystemActive_DPT	FD	0 = Not_Active 1 = Active	HCP_1000.PrplsnSysAtv	C-CAN	1 bit 0 = not active 1 = active		Atlantis	
PrplsnSysAtv	CAN Mapping	0	Propulsion system active, [1] = active	HYBRID_POWERTRAIN1.PropulsionSystemActive	FD	0 = Not_Active 1 = Active					Atlantis	
PS_SysType	CAN Mapping	0	PS System Type								Atlantis	
PSD_LT_DrStat	CAN Mapping	0	Overhead console - Rear Left sliding door switch				NA.Present only in RU/RUPHEV		NA		Atlantis	ATL_HIGH_EMPTY
PSD_RT_DrStat	CAN Mapping	0	Overhead console - Rear Right sliding door switch				NA.Present only in RU/RUPHEV		NA		Atlantis	ATL_HIGH_EMPTY
PSI_EnableSts	CAN Mapping	0	PSI Enable Status	ENGINE_FD_8.PSI_EnableSts	FD						Atlantis	
PSI_Gr1_RPM	CAN Mapping	0	Actual RPM set 1	ENGINE_FD_8.PSI_Gr1_RPM	FD						Atlantis	
PSI_Gr1_RPM_SET	CAN Mapping	0	PSI Gr1 RPM SET ( Requested rpm set point for Performance Shift Indication)	TELEMATIC_FD_14.PSI_Gr1_RPM_SET	FD						Atlantis	
PSI_Gr2_RPM	CAN Mapping	0	Actual RPM set 2	ENGINE_FD_8.PSI_Gr2_RPM	FD						Atlantis	
PSI_Gr2_RPM_SET	CAN Mapping	0	PSI Gr2 RPM SET ( Requested rpm set point for Performance Shift Indication)	TELEMATIC_FD_14.PSI_Gr2_RPM_SET	FD						Atlantis	
PSI_Gr3_RPM	CAN Mapping	0	Actual RPM set 3	ENGINE_FD_8.PSI_Gr3_RPM	FD						Atlantis	
PSI_Gr3_RPM_SET	CAN Mapping	0	PSI Gr3 RPM SET ( Requested rpm set point for Performance Shift Indication)	TELEMATIC_FD_14.PSI_Gr3_RPM_SET	FD						Atlantis	
PSI_Gr4_RPM	CAN Mapping	0	Actual RPM set 4	ENGINE_FD_8.PSI_Gr4_RPM	FD						Atlantis	
PSI_Gr4_RPM_SET	CAN Mapping	0	PSI Gr4 RPM SET ( Requested rpm set point for Performance Shift Indication)	TELEMATIC_FD_14.PSI_Gr4_RPM_SET	FD						Atlantis	
PSI_Gr5_RPM	CAN Mapping	0	Actual RPM set 5	ENGINE_FD_8.PSI_Gr5_RPM	FD						Atlantis	
PSI_Gr5_RPM_SET	CAN Mapping	0	PSI Gr5 RPM SET ( Requested rpm set point for Performance Shift Indication)	TELEMATIC_FD_14.PSI_Gr5_RPM_SET	FD						Atlantis	
PSI_Max_RPM	CAN Mapping	0	Max RPM PSI	ENGINE_FD_8.PSI_Max_RPM	FD						Atlantis	
PSI_RPM_Reset	CAN Mapping	0	PSI RPM Reset	TELEMATIC_FD_14.PSI_RPM_Reset	FD						Atlantis	
PSI_Rq	CAN Mapping	0	PSI Request	TELEMATIC_FD_14.PSI_Rq	FD						Atlantis	
Psngr_Cushion_Back_Tlm	CAN Mapping	0	DT Seat Zone	RADIO_B5.Psngr_Cushion_Back_Tlm	B	0 = Not_Pressed 1 = Pressed					Atlantis	
PsngrBagLamp_FailSts	CAN Mapping	0	Passenger airbag OFF indicator lamp status	IPC_FD_4.PsngrBagLamp_FailSts	FD	0 = OFF Fail not present 1 = OFF Fail present 2 = ON Fail not present 3 = Blink	CLUSTER2.PsngrBagLamp_FailSts		0 = OFF Fail not present 1 = OFF Fail present 2 = ON Fail not present 3 = Blink		Atlantis	
PsngrDoorSts	CAN Mapping	0	passenger door ajar	STATUS_BH_BCM1.PsngrDoorSts BCM_FD_9.PsngrDoorSts	CAN-B FD	0 = Closed 1 = Open	STATUS_BH_BCM1.PsngrDoorSts 'BODY4.PsngrDoorSts		0 = Closed 1 = Open		Atlantis	
PTCFailSts	CAN Mapping	0	PTC Fail Status	STATUS_CLIMATE.PTCFailSts	CAN-B	Atlantis 1 bit signal 0 = Fail_Not_Present 1 = Fail_Present	STATUS_CLIMATE.PTCFailSts		Atlantis 1 bit signal 0 = Fail_Not_Present 1 = Fail_Present		Atlantis	
PTS_FT_Srv	CAN Mapping	0	Front PTS sensor service request				STATUS_PAM.FrontSensorSts		Atlantis 2 bit signal 0 = Active 1 = Not_Active_blocked 2 = Not_Active_failure 3 = SNA		Atlantis	ATL_HIGH_EMPTY
PTS_RR_Srv	CAN Mapping	0	Rear PTS sensor service request				STATUS_PAM.RearSensorSts		Atlantis 2 bit signal 0 = Active 1 = Not_Active_blocked 2 = Not_Active_failure 3 = SNA		Atlantis	ATL_HIGH_EMPTY
PTS_STAT	CAN Mapping	0	PTS ON/OFF switch	BCM_FD_12.PAMRequestSts	FD	Not_Pressed Pressed	CENTERSTACK1.PAMRequestSts		Not_Pressed Pressed		Atlantis	
PW_Adj_RL	CAN Mapping	0	Rear left window UP/Down				NA.Not on CAN. EMCU.		NA		Atlantis	ATL_HIGH_EMPTY
PW_Adj_RR	CAN Mapping	0	Rear Right window UP/Down				NA.Not on CAN. EMCU.		NA		Atlantis	ATL_HIGH_EMPTY
PwrAccDelayAct	CAN Mapping	0	Power accessory delay time	BODY_CNTRL3.Comfort_Enable_Time	B-CAN	16 bit signal Units are sec Offset = 0 Factor = 1 Range is 0 to 65534 SNA = 65535			ATLANTIS		Atlantis	
R_AC_STAT	CAN Mapping	0		N/A for Atlantis High							Atlantis	
R_AC_STAT_M	CAN Mapping	0	Rear HVAC AC status								Atlantis	
R_AC_SW_RQ_M	CAN Mapping	0	Rear A/C activation request								Atlantis	
R_ATC_TEMP	CAN Mapping	0	Rear HVAC control auto temperature status	N/A for Atlantis High			Not in POR				Atlantis	
R_AUTO_STAT	CAN Mapping	0		N/A for Atlantis High							Atlantis	
R_AUTO_STAT_M	CAN Mapping	0	Rear HVAC AUTO status								Atlantis	
R_AUTO_SW_RQ	CAN Mapping	0		RADIO_B7.R_AUTO_SW_RQ							Atlantis	
R_AUTO_SW_RQ	CAN Mapping	0		RADIO_B7.R_AUTO_SW_RQ	B-CAN	0 = Not_Pressed 1 = Pressed					Atlantis	
R_AUTO_SW_RQ_M	CAN Mapping	0	Rear AUTO mode toggle request								Atlantis	
R_AUTO_SW_RQ_VRM	CAN Mapping	0		VRM_FD_1.R_AUTO_SW_RQ_VRM	FD	0 = Not_Pressed 1 = Pressed					Atlantis	
R_BLW_Lock_STAT	CAN Mapping	0	Rear Blower lock status				STATUS_CLIMATE_BCM.RearBlowerLock_Sts	CAN-B	0= Unlocked 1= Locked		Atlantis	ATL_HIGH_EMPTY
R_BLW_Speed	CAN Mapping	0	Rear Blower fan speed				STATUS_CLIMATE_BCM.RearBlowerSpeed	CAN-B	0 = 0 1 = 1 2 = 2 3 = 3 4 = 4 5 = 5 6 = 6 7 = SNA		Atlantis	ATL_HIGH_EMPTY
R_BLW_STAT	CAN Mapping	0	REAR Blower control status				STATUS_CLIMATE_BCM.RearBlower_Sts	CAN-B	0 = OFF 1 = ON		Atlantis	ATL_HIGH_EMPTY
R_Blw1_Pos	CAN Mapping	0	Rear blower 1 position	Not used for Atl High							Atlantis	
R_DEF_SW_RQ	CAN Mapping	0		TELEMATIC_FD_5.R_DEF_SW_RQ	FD	1 bit signal				New for Atlantis	Atlantis	
R_DEF_SW_RQ_M	CAN Mapping	0	Rear defrost on/off toggle request								Atlantis	
R_DRV_ATC_TEMP	CAN Mapping	0		STATUS_CLIMATE8.RearHVACLeftTemp BCM_FD_12.RearHVACLeftTemp	B-CAN FD						Atlantis	
R_DRV_ATC_TEMP_M	CAN Mapping	0	Rear HVAC driver side temperature status								Atlantis	
R_DRV_MTC_TEMP	CAN Mapping	0									Atlantis	
R_FOG_FAULT	CAN Mapping	0					EXTERNAL_LIGHTS.RearFogLightFault	CAN-BH	0 = False 1 = True	The required signal shall be added for Atlantis architecture and for SR23 CFTS102 implementation	Atlantis	ATL_HIGH_EMPTY
R_FOG_RQ	CAN Mapping	0	Rear FOG Light Switch status	BCM_FD_9.RearFogLightSts	FD	OFF ON	EXTERNAL_LIGHTS.RearFogLightSts		OFF ON		Atlantis	
R_HVAC_BLW_FN_2_SP	CAN Mapping	0									Atlantis	
R_HVAC_BLW_FN_SP	CAN Mapping	0	Rear HVAC blower fan speed status	STATUS_CLIMATE8.RearHVACBlower_Sts BCM_FD_12.RearHVACBlower_Sts	B-CAN FD		Not in POR				Atlantis	
R_HVAC_BlwrSpd	CAN Mapping	0		STATUS_CLIMATE8.RearHVACBlower_Sts							Atlantis	
R_HVAC_BlwrSpd_M	CAN Mapping	0	Rear HVAC blower fan speed status in 'bars'								Atlantis	
R_HVAC_ControlSatus	CAN Mapping	0		STATUS_CLIMATE8.RearHVACControl_Sts							Atlantis	
R_HVAC_ControlSatus_M	CAN Mapping	0	Rear HVAC Control Status								Atlantis	
R_HVAC_CTRL_STAT	CAN Mapping	0	Rear HVAC Control Status	STATUS_CLIMATE8.RearHVACControl_Sts			Not in POR				Atlantis	
R_HVAC_LkOut	CAN Mapping	0	Rear HVAC Lock Out Status	STATUS_CLIMATE8.RearHVACLock_Sts			Not in POR				Atlantis	
R_HVAC_LockStatus	CAN Mapping	0									Atlantis	
R_HVAC_LockStatus_M	CAN Mapping	0	Rear HVAC lock status								Atlantis	
R_HVAC_MD_RQ	CAN Mapping	0		New signal being created for WL							Atlantis	
R_HVAC_MD_RQ_M	CAN Mapping	0	Rear HVAC control mode request								Atlantis	
R_HVAC_MD_RQ_VRM	CAN Mapping	0		New signal being created for WL							Atlantis	
R_HVAC_MD_STAT	CAN Mapping	0	Rear HVAC control mode status	STATUS_CLIMATE8.RearHVACMode_Sts			Not in POR				Atlantis	
R_HVAC_ModeStatus	CAN Mapping	0		STATUS_CLIMATE8.RearHVACMode_Sts							Atlantis	
R_HVAC_ModeStatus_M	CAN Mapping	0	Rear HVAC control mode status								Atlantis	
R_HVAC_SW_RQ	CAN Mapping	0		RADIO_B7.R_HVAC_SW_RQ	B-CAN	0 = Not_Pressed 1 = Pressed	RADIO_B7.R_HVAC_SW_RQ	B-CAN	0 = Not_Pressed 1 = Pressed		Atlantis	
R_HVAC_SW_RQ_M	CAN Mapping	0	Rear HVAC on/off toggle request								Atlantis	
R_HVAC_SW_RQ_VRM	CAN Mapping	0		VRM_FD_1.R_HVAC_SW_RQ_VRM	FD	0 = Not_Pressed 1 = Pressed					Atlantis	
R_LK_SW_RQ	CAN Mapping	0		RADIO_B7.R_LK_SW_RQ	CAN-B	0 = Not_Pressed 1 = Pressed	RADIO_B7.R_LK_SW_RQ	CAN-B	0 = Not_Pressed 1 = Pressed		Atlantis	
R_LK_SW_RQ_M	CAN Mapping	0	Rear lock on/off toggle request								Atlantis	
R_LK_SW_RQ_VRM	CAN Mapping	0									Atlantis	
R_MTC_TEMP	CAN Mapping	0	Rear HVAC control manual temperature status	New signal being created for WL			Not in POR				Atlantis	
R_PSG_ATC_TEMP	CAN Mapping	0		New signal being created for WL							Atlantis	
R_PSG_ATC_TEMP_M	CAN Mapping	0	Rear HVAC passenger side temperature status								Atlantis	
R_R_ATC_TEMP	CAN Mapping	0									Atlantis	
R_R_MTC_TEMP	CAN Mapping	0									Atlantis	
R_R_Req_PE	CAN Mapping	0	passive entry - Right rear passive entry requested				NA.Present only in RU/RUPHEV		NA		Atlantis	ATL_HIGH_EMPTY
R_SYNC_STAT	CAN Mapping	0		New signal being created for WL							Atlantis	
R_SYNC_STAT_M	CAN Mapping	0	Rear HVAC SYNC status								Atlantis	
R_SYNC_SW_RQ	CAN Mapping	0		RADIO_B7.R_SYNC_SW_RQ							Atlantis	
R_SYNC_SW_RQ_M	CAN Mapping	0	Rear SYNC on/off toggle request								Atlantis	
RACE_CLDWN_BATT_STAT	CAN Mapping	0	Battery health for quick cooldown feature	ENGINE_FD_8.RACE_CLDWN_BATT_STAT	FD						Atlantis	
RACE_CLDWN_CHRG_REQ	CAN Mapping	0		<pending>.RACE_CLDWN_CHRG_REQ	FD					Message pending	Atlantis	
RACE_CLDWN_DEAC_TIME	CAN Mapping	0	Race cooldown time remaining before deactivation	ENGINE_FD_8.RACE_CLDWN_DEAC_TIME	FD					Corrected typo in Signal Name.	Atlantis	
RACE_CLDWN_HV_BATT_SOC	CAN Mapping	0		HVBATTERY2.HVBatterySOC	FD						Atlantis	
RACE_CLDWN_HV_BATT_TEMP	CAN Mapping	0		HVBATTERY_THERMAL.HVBattModuleTemp_Average	FD						Atlantis	
RACE_CLDWN_MODE	CAN Mapping	0		<pending>.RACE_CLDWN_MODE	FD					Message pending	Atlantis	
RACE_CLDWN_ON_OFF_REQ	CAN Mapping	0	Race Cool Down On Off Request	TELEMATIC_FD_14.RACE_CLDWN_ON_OFF_REQ	FD						Atlantis	
RACE_CLDWN_SEL	CAN Mapping	0	Race Cool Down Select	ENGINE_FD_8.RACE_CLDWN_SEL	FD						Atlantis	
RACE_PREP_AMBIENT_TMP	CAN Mapping	0		HCP_CHARGING_STAT.RACE_PREP_AMBIENT_TMP	FD	0 - NOK 1 - OK					Atlantis	
RACE_PREP_BATT_LVL_STS	CAN Mapping	0	EV Race Prep Charging Required	HCP_CHARGING_STAT.RACE_PREP_BATT_LVL_STS	FD	0 - NOK 1 - OK					Atlantis	
RACE_PREP_EV_DEAC_TIME	CAN Mapping	0	Race prep time remaining before deactivation	HCP_CHARGING_STAT.RACE_PREP_EV_DEAC_TIME	FD	n/a					Atlantis	
RACE_PREP_EV_SEL	CAN Mapping	0		HYBRID_DISPLAY.Race_Prep	FD	see dbc					Atlantis	
RACE_PREP_EV_SYSTEM_STATUS	CAN Mapping	0	EV Race Prep System Fault	HCP_CHARGING_STAT.RACE_PREP_EV_SYSTEM_STATUS	FD	0 - NOK 1 - OK					Atlantis	
RACE_PREP_HV_BATT_SOC_TGT	CAN Mapping	0	EV Race Prep Charging Target	HCP_CHARGING_STAT.RACE_PREP_HV_BATT_SOC_TGT	FD	n/a					Atlantis	
RACE_PREP_RACE_TYPE_REQ	CAN Mapping	0	Radio Selection for Track/Drag Race Prep.	TELEMATIC_FD_15.RACE_PREP_RACE_TYPE_REQ	FD	0 - Drag 1 - Track					Atlantis	
RACE_PREP_RACE_TYPE_STS	CAN Mapping	0	Status for Track/Drag Race Prep.	HCP_CHARGING_STAT.RACE_PREP_RACE_TYPE_STS	FD	0 - Drag 1 - Track					Atlantis	
RACE_PREP_THERMAL_TGT	CAN Mapping	0	EV Race Prep Thermal Target	HCP_CHARGING_STAT.RACE_PREP_THERMAL_TGT	FD	n/a					Atlantis	
RaceModeSts	CAN Mapping	0	Race Mode Status	ENGINE_SIMULATOR3.RaceModeSts_PT1	FD	0 = RaceMode_Off 1 = RaceMode_On 2 = RaceMode_Active 3 = RaceMode_Cancelled 5 = RaceMode_Unavailable 7 = SNA					Atlantis	
Radio_PhoneKey_Mac	CAN Mapping	0		TELEMATIC_FD_19.Radio_PhoneKey_Mac	FD	see dbc					Atlantis	
Radio_Theme	CAN Mapping	0	Radio Theme	RADIO_B4.Radio_Theme	B-CAN	8 bit Signal	N/A				Atlantis	
RadioThemeLighting	CAN Mapping	0		RADIO_B4.RadioThemeLighting							Atlantis	
RadioTractionControl_Ind	CAN Mapping	0	Radio Traction Control Indicator								Atlantis	
Range_Impact	CAN Mapping	0		<pending>.Range_Impact	FD					Message pending	Atlantis	
Rear_AxleTorque_Static	CAN Mapping	0	Static Rear Axle Torque	ENGINE_SIMULATOR4.Rear_AxleTorque_Static_PT1	FD	FFFF SNA					Atlantis	
Rear_Climate_1	CAN Mapping	0		CENTERSTACK_R.Rear_Climate_1 (BH-CAN)			CENTERSTACK_R.Rear_Climate_1 (BH-CAN)				Atlantis	
Rear_Climate_10	CAN Mapping	0		CENTERSTACK_R.Rear_Climate_10 (BH-CAN)			CENTERSTACK_R.Rear_Climate_10 (BH-CAN)				Atlantis	
Rear_Climate_2	CAN Mapping	0		CENTERSTACK_R.Rear_Climate_2 (BH-CAN)			CENTERSTACK_R.Rear_Climate_2 (BH-CAN)				Atlantis	
Rear_Climate_3	CAN Mapping	0		CENTERSTACK_R.Rear_Climate_3 (BH-CAN)			CENTERSTACK_R.Rear_Climate_3 (BH-CAN)				Atlantis	
Rear_Climate_4	CAN Mapping	0		CENTERSTACK_R.Rear_Climate_4 (BH-CAN)			CENTERSTACK_R.Rear_Climate_4 (BH-CAN)				Atlantis	
Rear_Climate_5	CAN Mapping	0		CENTERSTACK_R.Rear_Climate_5 (BH-CAN)			CENTERSTACK_R.Rear_Climate_5 (BH-CAN)				Atlantis	
Rear_Climate_6	CAN Mapping	0		CENTERSTACK_R.Rear_Climate_6 (BH-CAN)			CENTERSTACK_R.Rear_Climate_6 (BH-CAN)				Atlantis	
Rear_Climate_7	CAN Mapping	0		CENTERSTACK_R.Rear_Climate_7 (BH-CAN)			CENTERSTACK_R.Rear_Climate_7 (BH-CAN)				Atlantis	
Rear_Climate_8	CAN Mapping	0		CENTERSTACK_R.Rear_Climate_8 (BH-CAN)			CENTERSTACK_R.Rear_Climate_8 (BH-CAN)				Atlantis	
Rear_Climate_9	CAN Mapping	0		CENTERSTACK_R.Rear_Climate_9 (BH-CAN)			CENTERSTACK_R.Rear_Climate_9 (BH-CAN)				Atlantis	
Rear_ICS_HVACPowerCntrl	CAN Mapping	0	Rear HVAC power control mode request								Atlantis	
RearAxleTrqEst (see Usage Comment)	CAN Mapping	0		HYBRID1.RearAxleTrqEst	FD	See dbc file	HYBRID1.RearAxleTrqEst		see .dbc		Atlantis	
RearBlwLeftButton	CAN Mapping	0	Rear Blower left hardkey status				STATUS_CLIMATE_BCM.RearBlower_Decrement_btn	CAN-B	0 = Not_Pressed 1 = Pressed		Atlantis	ATL_HIGH_EMPTY
RearBlwRightButton	CAN Mapping	0	Rear Blower right hardkey status				STATUS_CLIMATE_BCM.RearBlower_Increment_btn	CAN-B	0 = Not_Pressed 1 = Pressed		Atlantis	ATL_HIGH_EMPTY
RearHVAC_ModeFloor_Req	CAN Mapping	0		RADIO_B7.RearHVAC_ModeFloor_Req	B-CAN	0 = Not_Pressed 1 = Pressed	RADIO_B7.RearHVAC_ModeFloor_Req				Atlantis	
RearHVAC_ModePanel_Req	CAN Mapping	0		RADIO_B7.RearHVAC_ModePanel_Req	B-CAN	0 = Not_Pressed 1 = Pressed	RADIO_B7.RearHVAC_ModePanel_Req				Atlantis	
RearHVACAuto_Req	CAN Mapping	0									Atlantis	
RearHVACAuto_Sts	CAN Mapping	0		STATUS_CLIMATE8.RearHVACAuto_Sts (BH-CAN)			STATUS_CLIMATE8.RearHVACAuto_Sts (BH-CAN)				Atlantis	
RearHVACControl_Sts	CAN Mapping	0		STATUS_CLIMATE8.RearHVACControl_Sts	B-CAN	0 = HVAC_CTRL_OFF 1 = BLW_AUTO_MD_AUTO 2 = BLW_AUTO_MD_MAN 3 = BLW_MAN_MD_AUTO 4 = BLW_MAN_MD_MAN 7 = SNA	STATUS_CLIMATE8.RearHVACControl_Sts				Atlantis	
RearHVACLeftTemp	CAN Mapping	0		STATUS_CLIMATE8.RearHVACLeftTemp BCM_FD_12.RearHVACLeftTemp	CAN-B FD		STATUS_CLIMATE8.RearHVACLeftTemp	CAN-B			Atlantis	
RearHvacMode_Req	CAN Mapping	0									Atlantis	
RearHVACPower_Req	CAN Mapping	0									Atlantis	
RearHVACRightTemp	CAN Mapping	0		STATUS_CLIMATE8.RearHVACRightTemp BCM_FD_12.RearHVACRightTemp	CAN-B FD		STATUS_CLIMATE8.RearHVACRightTemp				Atlantis	
RearLeftLevel	CAN Mapping	0	RearLeftLevel	ASCM_FD_1.RL_Lvl	FD	8 bit signal Offset = -100 Factor = 1 Range is -100 to 153 254 = NOT_INIT 255 = SNA	AIR_SUSP_1.RL_Lvl		8 bit signal -100 to 153 1 bit = 1 mm	Air Suspension Only	Atlantis	
RearLeftLevel	CAN Mapping	0									Atlantis	
RearLockLastElSts	CAN Mapping	0									Atlantis	
RearPAM_Req	CAN Mapping	0	Rear PAM Enable softkey	TELEMATIC_FD_11.HU_Rear_PAMRequestSts	FD	ATLANTIS 1 bit signal 0 =Not_Pressed 1 = Pressed					Atlantis	
RearRightLevel	CAN Mapping	0	RearRightLevel	ASCM_FD_1.RR_Lvl	FD	8 bit signal Offset = -100 Factor = 1 Range is -100 to 153 254 = NOT_INIT 255 = SNA	AIR_SUSP_1.RR_Lvl		8 bit signal -100 to 153 1 bit = 1 mm	Air Suspension Only	Atlantis	
RearRightLevel	CAN Mapping	0									Atlantis	
RearTrunkEnableLastElSts	CAN Mapping	0	Trunk Door Lock/Unlock status	BCM_FD_9.RearTrunkEnableLastElSts	FD	Disabled Enabled	STATUS_BH_BCM1.RearTrunkEnableLastElSts		Disabled Enabled		Atlantis	
RECIRC_STAT	CAN Mapping	0	Recirculation status	STATUS_CLIMATE2.HVACRecirc_Sts	CAN-B	ATLANTIS 0 = OFF 1 = ON 2 = BLINK 3 = SNA	STATUS_CLIMATE2.HVACRecirc_Sts		ATLANTIS 0 = OFF 1 = ON 2 = BLINK 3 = SNA		Atlantis	
RECIRC_SW_RQ	CAN Mapping	0		TELEMATIC_FD_5.RECIRC_SW_RQ	FD	1 bit signal	TELEMATIC_CLIMATE_SETUP.HVACRecirc_Req				Atlantis	
RECIRC_SW_RQ_M	CAN Mapping	0	RECIRC on/off toggle request	TGW_HVAC_CTRL_M.RECIRC_SW_RQ_M			TGW_HVAC_CTRL_M.RECIRC_SW_RQ_M			Atlantis for M240 Atlantis-High for M240BEV	Atlantis	
RecircButton	CAN Mapping	0	Recirc Button pressed	CLIMATIC_PANEL.Climate_btn9	CAN-B	1 bit signal 0 = Not_Pressed (Recirc button) 1 = Pressed (Recirc button)	CLIMATIC_PANEL.Climate_btn9		1 bit signal 0 = Not_Pressed (Recirc button) 1 = Pressed (Recirc button)	ICS_btn_33	Atlantis	
RedChannel	CAN Mapping	0	Controls lighting in vehicle	RADIO_B7.Red_Channel_Amb_Light	B	0-255					Atlantis	
RedKeyPrsnt	CAN Mapping	0	RedKey Present								Atlantis	
RegenBrakeActiv	CAN Mapping	0		pending	FD					Atlantis High signal is in process	Atlantis	
Relax_Mode	CAN Mapping	0		RADIO_B2.Relax_Mode (BH-CAN) TELEMATIC_FD_4.Relax_Mode (FD-CAN)	CAN-BH CAN-FD					SR22 Feature, signals pending	Atlantis	
RelProbb_CS	CAN Mapping	0	Indicates the Segment Relative Probability.				SEGMENT.ADAS_Seg_RelProbb	CAN-B			Atlantis	ATL_HIGH_EMPTY
REMAINING_ESS_RSRV_CAP	CAN Mapping	0	Remaining Energy Storage System Reserve Energy	J1979_03_CARB_1.HVBat_Rsrv_Enrgy_Remain	FD	Min=0 Max=6553.5 Factor=0.1 Offset=0 InitialValue=0	TBD			The TBD values were not available for the LID V1.65 release and may be added later.	Atlantis	
Remote_HVAC_Temp	CAN Mapping	0		TBM_FD_1.Remote_HVAC_Temp	FD	See dbc					Atlantis	
RemoteCondCabinSts	CAN Mapping	0		BCM_FD_26.RemoteCondCabinSts (FD_CAN3 and FD_CAN8)			STATUS_CLIMATE5.RemoteCondCabinSts (BH-CAN)				Atlantis	
RemoteStartActive	CAN Mapping	0	Ignition Run active for remote start	BCM_FD_2.RemStActvSts STATUS_BH_BCM2.RemStActvSts	FD CAN-B	ATLANTIS 0 = Remote Start Not Active 1 = Remote Start Active	BODY4.RemStActvSts		ATLANTIS 0 = Remote Start Not Active 1 = Remote Start Active		Atlantis	
RemoteStartInhibit	CAN Mapping	0	RemSt_inhibit	BCM_FD_10.RemSt_InhibitSts	FD	ATLANTIS 6 bit signal 0 = INHIBIT_DEFAUILT TIME_OUT_RUN TIME_OUT_CUST_MODE KEY_IN_RUN DRV_DOOR_AJAR PASS_DOOR_AJAR LR_DOOR_AJAR RR_DOOR_AJAR START_COUNTER FAIL_COUNTER LOW_RPM_SHUTDOWN KEY_IN_IGN BRAKE_PRESSED HAZARD_LAMP_ON NOT_IN_PARK VEH_SPEED_HIGH HOOD_AJAR TRUNK_LIFTGATE VTA_ALARM PANIC_MODE BATT_VOLT_HIGH BATT_VOLT_LOW POWER_LOSS MIL_ON OIL_PRESSURE_LOW COOLANT_TEMP_HIGH RPM_HIGH CRANK_NO_START REMOTE_OFF_RQ RS_DISABLED_PREV NOT_CONFIGURED NO_HOOD_SWITCH NO_AUTO_TRANS NOT_ENABLED INVALID_SKIM_KEY IGN_SNA IGN_NOT_LOCK GLOW_PLUG_TIMEOUT LOW_FUEL ETC_LAMP_ON LOGISTIC_MODE 41 = COLD_START_LAMP_FLASH 63 = SNA	BODY4.RemSt_InhibitSts		ATLANTIS 6 bit signal 0 = INHIBIT_DEFAUILT TIME_OUT_RUN TIME_OUT_CUST_MODE KEY_IN_RUN DRV_DOOR_AJAR PASS_DOOR_AJAR LR_DOOR_AJAR RR_DOOR_AJAR START_COUNTER FAIL_COUNTER LOW_RPM_SHUTDOWN KEY_IN_IGN BRAKE_PRESSED HAZARD_LAMP_ON NOT_IN_PARK VEH_SPEED_HIGH HOOD_AJAR TRUNK_LIFTGATE VTA_ALARM PANIC_MODE BATT_VOLT_HIGH BATT_VOLT_LOW POWER_LOSS MIL_ON OIL_PRESSURE_LOW COOLANT_TEMP_HIGH RPM_HIGH CRANK_NO_START REMOTE_OFF_RQ RS_DISABLED_PREV NOT_CONFIGURED NO_HOOD_SWITCH NO_AUTO_TRANS NOT_ENABLED INVALID_SKIM_KEY IGN_SNA IGN_NOT_LOCK GLOW_PLUG_TIMEOUT LOW_FUEL ETC_LAMP_ON LOGISTIC_MODE 41 = COLD_START_LAMP_FLASH 63 = SNA		Atlantis	
RemStNrmlStEnbl	CAN Mapping	0		IPC_VEHICLE_SETUP2.RemStNrmlStEnbl			IPC_VEHICLE_SETUP2.RemStNrmlStEnbl				Atlantis	
RemStNrmlStEnbl_Req	CAN Mapping	0		TELEMATIC_VEHICLE_SETUP.RemStNrmlStEnbl_Req (MASAH/WL/WS)							Atlantis	
ResetTripAPlusACK	CAN Mapping	0	ResetTripAPlusACK	Trip_A.ResetTripAPlusACK	CAN-B	2 bit signal No_ACK_required ACK_KO ACK_KO ACK_OK	Trip_A.ResetTripAPlusACK		2 bit signal No_ACK_required ACK_KO ACK_KO ACK_OK		Atlantis	
RestoreDefaultSettingReq	CAN Mapping	0		TELEMATIC_VEHICLE_SETUP.RestoreDefaultSettingReq			TELEMATIC_SERVICE_SETUP.RestoreDefaultSettingReq				Atlantis	
ResumeSwitch	CAN Mapping	0	Cruize RESUME button	BCM_FD_13.ResumeSwitch	FD	Not_Active Active	SCCM_CRS_CTRL.ResumeSwitch		Not_Active Active		Atlantis	
Retr_CS	CAN Mapping	0	Indicates the Segment Retransmission.				SEGMENT.ADAS_Seg_Retr	CAN-B			Atlantis	ATL_HIGH_EMPTY
ReverseGearStatus	CAN Mapping	0	Reverse Gear (manual trans)	STATUS_CCAN4.ReverseGearSts	CAN-B	0 = Not_Inserted 1 = Inserted 2 = Not_Used 3 = SNA	STATUS_CCAN4.ReverseGearSts		0 = Not_Inserted 1 = Inserted 2 = Not_Used 3 = SNA		Atlantis	
RFFuncReq	CAN Mapping	0	RFFuncReq	RFHUB3.RFFuncReq	CAN-B	5 bit signal 0 = NO_BASIC_REQUEST LOCK_REQUEST RELOCK_REQUEST DRIVER_UNLOCK_REQUEST ALL_UNLOCK_REQUEST TRUNK_PLG_TOGGLE_REQUEST LEFT_SLIDER_TOGGLE_REQUEST RIGHT_SLIDER_TOGGLE_REQUEST FLIPPER_GLASS_REQUEST REMOTE_START_ON REMOTE_START_OFF GLOBAL_WINDOW_DOWN_REQUEST OPEN_CONVERTIBLE_TOP CLOSE_CONVERTIBLE_TOP PANIC_TOGGLE_REQUEST DEAD_LOCK_REQUEST GLOBAL_WINDOWS_UP_REQUEST 17 = HEADLIGHTS_OFF_DELAY 31 = SNA	RFHUB3.RFFuncReq		5 bit signal 0 = NO_BASIC_REQUEST LOCK_REQUEST RELOCK_REQUEST DRIVER_UNLOCK_REQUEST ALL_UNLOCK_REQUEST TRUNK_PLG_TOGGLE_REQUEST LEFT_SLIDER_TOGGLE_REQUEST RIGHT_SLIDER_TOGGLE_REQUEST FLIPPER_GLASS_REQUEST REMOTE_START_ON REMOTE_START_OFF GLOBAL_WINDOW_DOWN_REQUEST OPEN_CONVERTIBLE_TOP CLOSE_CONVERTIBLE_TOP PANIC_TOGGLE_REQUEST DEAD_LOCK_REQUEST GLOBAL_WINDOWS_UP_REQUEST 17 = HEADLIGHTS_OFF_DELAY 31 = SNA		Atlantis	
RFReq	CAN Mapping	0	passive entry	BCM_FD_9.RFReq RFHUB_FD_1.RFReq	FD	REQUESTOR_DEFAULT REQUESTOR_RKE REQUESTOR_PE REQUESTOR_REMOTESTART SNA	RFHUB3.RFReq		REQUESTOR_DEFAULT REQUESTOR_RKE REQUESTOR_PE REQUESTOR_REMOTESTART SNA		Atlantis	
RHatchSts	CAN Mapping	0	Trunk/Liftgate Open Status	STATUS_BH_BCM1.RHatchSts BCM_FD_9.RHatchSts	CAN-B FD	0 = Closed 1 = Open	STATUS_BH_BCM1.RHatchSts BODY4.RHatchSts	CAN-B CAN-C	0 = Closed 1 = Open		Atlantis	
RHeatedWindowSts	CAN Mapping	0	RHeatedWindowSts	BCM_FD_9.RHeatedWindowSts	FD	1 bit signal 0 = off 1 = On	BODY4.RHeatedWindowSts		1 bit signal 0 = off 1 = On		Atlantis	
RHF_FastPulseCounter (Fail Sts)	CAN Mapping	0		BRAKE_FD_3.RHF_WheelSensorFailSts	FD	Atlantis 1 bit signal 0 = Fail_Not_Present 1 = Fail_Present	WHEEL_INFO.RHF_WheelSensorFailSts		Atlantis 1 bit signal 0 = Fail_Not_Present 1 = Fail_Present		Atlantis	
RHFWheelSpeed	CAN Mapping	0		BRAKE_FD_3.RHFWheelSpeed	FD	See dbc					Atlantis	
RHRDoorSts	CAN Mapping	0	Right rear door ajar	BCM_FD_9.RHRDoorSts	FD	1 bit signal 0 = Closed 1 = Open	BODY4.RHRDoorSts		1 bit signal 0 = Closed 1 = Open		Atlantis	
RHRWheelSpeed	CAN Mapping	0		BRAKE_FD_3.RHRWheelSpeed	FD	See dbc					Atlantis	
RHTurnLightFault	CAN Mapping	0	RHTurnLightFault	BCM_FD_9.RHTurnLightFault	FD	1 bit signal 0 = not faulted 1 = faulted	EXTERNAL_LIGHTS.RHTurnLightFault		1 bit signal 0 = not faulted 1 = faulted		Atlantis	
Right_Cluster_Button_Function	CAN Mapping	0	Text display for right cluster button				RADIO_B5.Right_Cluster_Button_function		See dbc		Atlantis	ATL_HIGH_EMPTY
Right_Cluster_Button_Function	CAN Mapping	0		TELEMATIC_FD_15.Right_Cluster_Button_function	FD	0 = Blank 1 = Previous 2 = Next 3 = Pause/Play 4 = Tune - 5 = Tune + 6 = Mute 7 = Tag Song 8 = Tag Artist 9 = Unmute 10 =Transfer Call to Device 11 = Preset - 12 = Preset + 13 = Seek Up 14 = Seek Down 15 = Next Mode 16 = Volume - 17 = Volume + 31 = SNA	RADIO_B5.Right_Cluster_Button_function		0=Blank 1=Previous 2=Next 3=Pause/Play 4=Tune - 5=Tune + 6=Mute 7=Tag Song 8=Tag Artist 9=Unmute A=Transfer Call to Device B=Preset - C=Preset + D=Seek Up E=Seek Down F=Next Mode 10=Volume - 11=Volume + 1F=SNA		Atlantis	
Right_Temp_Down_Button	CAN Mapping	0	ICS Right Temperature Down Button pressed	CLIMATIC_PANEL.Climate_btn5	CAN-B	1 bit signal 0 = Not_Pressed (Right Temperature Down button) 1 = Pressed (Right Temperature Down button)	CLIMATIC_PANEL.Climate_btn5		1 bit signal 0 = Not_Pressed (Right Temperature Down button) 1 = Pressed (Right Temperature Down button)		Atlantis	
RL_HEAT_STAT	CAN Mapping	0	Rear left seat heat (LOW, HIGH)				NA.Present only in RU/RUPHEV		NA		Atlantis	ATL_HIGH_EMPTY
RL_HndlSw	CAN Mapping	0	Interior Rear Left sliding door switch				NA.Present only in RU/RUPHEV		NA		Atlantis	ATL_HIGH_EMPTY
RLDoorOnOff	CAN Mapping	0	Rear Left Door On orOff							LHRDoorOnOffSts	Atlantis	
RoadShieldIcon	CAN Mapping	0	Road Shield enumeration	TELEMATIC_FD_16.RoadShieldIcon	FD	Atlantis 10 bit signal 0 = No_Shield 1023 = SNA					Atlantis	
RoadShieldText	CAN Mapping	0	Road Shield text or numeric information	TELEMATIC_FD_16.RoadShieldText_IC	FD	Atlantis 96 bit signal					Atlantis	
RollAngle	CAN Mapping	0	Roll Angle	BCM_FD_4.RollAngle	FD						Atlantis	
RollAngle	CAN Mapping	0									Atlantis	
Roof_Elech_RQ	CAN Mapping	0		PTCM_CTRL.Roof_Elech_ButtonSts	BH-CAN	0x0 = Pressed 0x1 = No_Pressed	CTRL_PTCM.Roof_Elech_ButtonSts	BH-CAN	0x0 = Pressed 0x1 = No_Pressed	AtlHigh -AtlMi- M240- M240BEV-SR22	Atlantis	
RoofTop_Close_RQ	CAN Mapping	0		PTCM_CTRL.Close_Capotte_BurronSts	BH-CAN	0x0 = Pressed 0x1 = No_Pressed	CTRL_PTCM.Close_Capotte_BurronSts	BH-CAN	0x0 = Pressed 0x1 = No_Pressed	AtlHigh -AtlMi- M240- M240BEV-SR22	Atlantis	
RoofTop_Fail	CAN Mapping	0		STATUS_PTCM.CapoteFailSts	BH-CAN	0x0 = Fail_Not_Present 0x1 = Fail_Present	PTCM_1.CapoteFailSts	BH-CAN	0x0 = Fail_Not_Present 0x1 = Fail_Present	AtlHigh -AtlMi- M240- M240BEV-SR22	Atlantis	
RoofTop_Open_RQ	CAN Mapping	0		PTCM_CTRL.Open_Capotte_BurronSts	BH-CAN	0x0 = Pressed 0x1 = No_Pressed	CTRL_PTCM.Open_Capotte_BurronSts	BH-CAN	0x0 = Pressed 0x1 = No_Pressed	AtlHigh -AtlMi- M240- M240BEV-SR22	Atlantis	
RoofTop_Stat	CAN Mapping	0		STATUS_PTCM.CapoteSts	BH-CAN	0x0 = Open 0x1 = Close 0x2 = Opening 0x3 = Closing 0x4 = Middle 0x7 = SNA	PTCM_1.CapoteSts	BH-CAN	0x0 = Open 0x1 = Close 0x2 = Opening 0x3 = Closing 0x4 = Middle 0x7 = SNA	AtlHigh -AtlMi- M240- M240BEV-SR22	Atlantis	
Row1_DriverSeatConfigSts	CAN Mapping	0		ORC_FD_1.SBR1RowDriverSeatConfigSts	FD	See dbc					Atlantis	
Row1_DriverSeatSts	CAN Mapping	0		ORC_FD_1.SBR1RowDriverSeatSts							Atlantis	
Row1_PsngrSeatConfigSts	CAN Mapping	0		ORC_FD_1.SBR1RowPsngrSeatConfigSts	FD	See dbc					Atlantis	
Row1_PsngrSeatPPDSts	CAN Mapping	0		ORC_FD_2.SBR1RowPsngrSeatPPDSts							Atlantis	
Row1_PsngrSeatSts	CAN Mapping	0		ORC_FD_1.SBR1RowPsngrSeatSts							Atlantis	
Row2_CentralSeatConfigSts	CAN Mapping	0		ORC_FD_1.SBR2RowCentralSeatConfigSts	FD	See dbc					Atlantis	
Row2_CentralSeatSts	CAN Mapping	0		ORC_FD_1.SBR2RowCentralSeatSts							Atlantis	
Row2_LeftSeatConfigSts	CAN Mapping	0		ORC_FD_1.SBR2RowLeftSeatConfigSts	FD	See dbc					Atlantis	
Row2_LeftSeatSts	CAN Mapping	0		ORC_FD_1.SBR2RowLeftSeatSts							Atlantis	
Row2_RightSeatConfigSts	CAN Mapping	0		ORC_FD_1.SBR2RowRightSeatConfigSts	FD	See dbc					Atlantis	
Row2_RightSeatSts	CAN Mapping	0		ORC_FD_1.SBR2RowRightSeatSts							Atlantis	
Row3_LeftSeatConfigSts	CAN Mapping	0		ORC_FD_2.SBR3RowLeftSeatConfigSts	FD	See dbc					Atlantis	
Row3_LeftSeatSts	CAN Mapping	0		ORC_FD_2.SBR3RowLeftSeatSts							Atlantis	
Row3_RightSeatConfigSts	CAN Mapping	0		ORC_FD_2.SBR3RowRightSeatConfigSts	FD	See dbc					Atlantis	
Row3_RightSeatSts	CAN Mapping	0		ORC_FD_2.SBR3RowRightSeatSts							Atlantis	
RQ_DISP_INTS	CAN Mapping	0	HU calculated display intensity for use by DCSD.	RADIO_B3.RQ_DISP_INTS	B-CAN	8 bit signal Range is 0-100% Factor is 0.5% Offset = 0 255 = SNA	RADIO_B3.RQ_DISP_INTS				Atlantis	
RR_HEAT_STAT	CAN Mapping	0	Rear Right seat heat (LOW, HIGH)				NA.Present only in RU/RUPHEV		NA		Atlantis	ATL_HIGH_EMPTY
RR_HndlSw	CAN Mapping	0	Interior Rear Left sliding door switch				NA.Present only in RU/RUPHEV		NA		Atlantis	ATL_HIGH_EMPTY
RrAxleLkIndRq	CAN Mapping	0	Rear axle lock indicator request				Not Applicable				Atlantis	ATL_HIGH_EMPTY
RRDoorOnOff	CAN Mapping	0	Rear Right Door On or Off							RHRDoorOnOffSts	Atlantis	
RT_DIST	CAN Mapping	0	Distance Traveled by Right Wheel	BRAKE_FD_3.RHR_FastPulseCounter	FD	ATLANTIS 8 bit signal 0 - 255 pulses Resolution = 1	STATUS_CCAN2.RHR_FastPulseCounter		ATLANTIS 8 bit signal 0 - 255 pulses Resolution = 1		Atlantis	
RTCM_check_healty_sts	CAN Mapping	0		<pending>.RTCM_check_healty_sts	FD					Message pending	Atlantis	
RunFlatTireLow	CAN Mapping	0	RunFlatTireLow								Atlantis	
RVCM2_check_healty_sts	CAN Mapping	0		<pending>.RVCM2_check_healty_sts	FD					Message pending	Atlantis	
RWD_Mode	CAN Mapping	0		BCM_FD_26.RWD_Mode_Sts	FD	0 - RWD_OFF 1 - RWD_ON 2 - RWD_UNAVAIL 3 - SNA				As of V1.54, message.signal name requested. Actual name may vary.	Atlantis	
RWDModeSwPsd	CAN Mapping	0		TELEMATIC_FD_15.RWDModeSwPsd	FD	0 - DEFAULT 1 - SW_NOT_PSD 2 - SW_PSD 3 - SNA				As of V1.54, message.signal name requested. Actual name may vary.	Atlantis	
SBRMuteReq	CAN Mapping	0	Seat Belt Reminder Mute				N/A		N/A		Atlantis	ATL_HIGH_EMPTY
SCCActv	CAN Mapping	0	Scheduled Cabin conditioning active status	BODY_CNTRL7.SCCActvSts	BH-CAN	0 = Inactive 1 = Active					Atlantis	
Schar1	CAN Mapping	0	Wifi SSID Character 1	WIFI_SSID.UTF_Char1	FD	8 bit signal	WIFI_SSID.UTF_Char1		8 bit signal	CR10916	Atlantis	
Schar2	CAN Mapping	0	Wifi SSID Character 2	WIFI_SSID.UTF_Char2	FD	8 bit signal	WIFI_SSID.UTF_Char2		8 bit signal	CR10916	Atlantis	
Schar3	CAN Mapping	0	Wifi SSID Character 3	WIFI_SSID.UTF_Char3	FD	8 bit signal	WIFI_SSID.UTF_Char3		8 bit signal	CR10916	Atlantis	
Schar4	CAN Mapping	0	Wifi SSID Character 4	WIFI_SSID.UTF_Char4	FD	8 bit signal	WIFI_SSID.UTF_Char4		8 bit signal	CR10916	Atlantis	
Schar5	CAN Mapping	0	Wifi SSID Character 5	WIFI_SSID.UTF_Char5	FD	8 bit signal	WIFI_SSID.UTF_Char5		8 bit signal	CR10916	Atlantis	
Schar6	CAN Mapping	0	Wifi SSID Character 6	WIFI_SSID.UTF_Char6	FD	8 bit signal	WIFI_SSID.UTF_Char6		8 bit signal	CR10916	Atlantis	
Schar7	CAN Mapping	0	Wifi SSID Character 7	WIFI_SSID.UTF_Char7	FD	8 bit signal	WIFI_SSID.UTF_Char7		8 bit signal	CR10916	Atlantis	
Schedule_Day1	CAN Mapping	0	Schedule 1 Day selection	CHARGE_SCHEDULE_HU1.Schedule_Day1	FD	8 bit signal See .dbc for enumerations 255 = SNA	HU_Schedule1.Schedule_Day1		See dbc		Atlantis	
Schedule_Day1_Sts	CAN Mapping	0	Schedule 1 Day selection	CHARGE_SCHEDULE_HCP1.Schedule_Day1_Sts	FD	8 bit signal See .dbc for enumerations 255 = SNA	HCP_Schedule1.Schedule_Day1_Sts		See dbc		Atlantis	
Schedule_Day2	CAN Mapping	0	Schedule 2 Day selection	CHARGE_SCHEDULE_HU1.Schedule_Day2	FD	8 bit signal See .dbc for enumerations 255 = SNA	HU_Schedule2.Schedule_Day2		See dbc		Atlantis	
Schedule_Day2_Sts	CAN Mapping	0	Schedule 2 Day Status	CHARGE_SCHEDULE_HCP1.Schedule_Day2_Sts	FD	8 bit signal See .dbc for enumerations 255 = SNA	HCP_Schedule2.Schedule_Day2_Sts		See dbc		Atlantis	
Schedule_Day3	CAN Mapping	0	Schedule 3Day selection	CHARGE_SCHEDULE_HU1.Schedule_Day3	FD	8 bit signal See .dbc for enumerations 255 = SNA	HU_Schedule3.Schedule_Day3		See dbc		Atlantis	
Schedule_Day3_Sts	CAN Mapping	0	Schedule 3Day Status	CHARGE_SCHEDULE_HCP1.Schedule_Day3_Sts	FD	8 bit signal See .dbc for enumerations 255 = SNA	HCP_Schedule3.Schedule_Day3_Sts		See dbc		Atlantis	
Schedule_Type1	CAN Mapping	0	Schedule 1 Type selection	CHARGE_SCHEDULE_HU1.Schedule_Type1	FD	0 = No Selection 1 = Departure Time 2 = Charge Interval 3 = SNA	HU_Schedule1.Schedule_Type1		See dbc		Atlantis	
Schedule_Type1_Sts	CAN Mapping	0	Schedule 1 Type selection	CHARGE_SCHEDULE_HCP1.Schedule_Type1_Sts	FD	0 = No Selection 1 = Departure Time 2 = Charge Interval 3 = SNA	HCP_Schedule1.Schedule_Type1_Sts		See dbc		Atlantis	
Schedule_Type2	CAN Mapping	0	Schedule 2 Type selection	CHARGE_SCHEDULE_HU1.Schedule_Type2	FD	0 = No Selection 1 = Departure Time 2 = Charge Interval 3 = SNA	HU_Schedule2.Schedule_Type2		See dbc		Atlantis	
Schedule_Type2_Sts	CAN Mapping	0	Schedule 2 Type Status	CHARGE_SCHEDULE_HCP1.Schedule_Type2_Sts	FD	0 = No Selection 1 = Departure Time 2 = Charge Interval 3 = SNA	HCP_Schedule2.Schedule_Type2_Sts		See dbc		Atlantis	
Schedule_Type3	CAN Mapping	0	Schedule 3 Type selection	CHARGE_SCHEDULE_HU1.Schedule_Type3	FD	0 = No Selection 1 = Departure Time 2 = Charge Interval 3 = SNA	HU_Schedule3.Schedule_Type3		See dbc		Atlantis	
Schedule_Type3_Sts	CAN Mapping	0	Schedule 3 Type Status				Schedule_Type3_Sts		See dbc		Atlantis	ATL_HIGH_EMPTY
Schedule_Type3_Sts	CAN Mapping	0	type schedule 3	CHARGE_SCHEDULE_HCP1.Schedule_Type3_Sts	FD	See dbc	HCP_Schedule3.Schedule_Type3_Sts	CAN-C	See dbc		Atlantis	
SD_LO_Status	CAN Mapping	0	Overhead console - Deactivate Sliding door Operation				NA.Present only in RU/RUPHEV		NA		Atlantis	ATL_HIGH_EMPTY
SDWChimeMode	CAN Mapping	0	SDW Chime Mode	IPC_VEHICLE_SETUP.Sdw	CAN-B	0 = Off 1 = Sound 2 = Sound_Display	IPC_VEHICLE_SETUP.Sdw		0 = Off 1 = Sound 2 = Sound_Display		Atlantis	
SDWChimeRepRate	CAN Mapping	0	SDW Chime Rep Rate	SDW_INFO.SDW_ChimeRepetitionRate_Left	CAN-B	0 - 15 Hz	SDW_INFO.SDW_ChimeRepetitionRate_Left		0 - 15 Hz		Atlantis	
SDWChimeRepRate	CAN Mapping	0	SDW Chime Rep Rate	SDW_INFO.SDW_ChimeRepetitionRate_Right	CAN-B	0 - 15 Hz	SDW_INFO.SDW_ChimeRepetitionRate_Right		0 - 15 Hz		Atlantis	
SDWChimeRqLF	CAN Mapping	0	SDW Chime Request LF	SDW_INFO.SDW_ChimeActivation_LHF	CAN-B	ATLANTIS 0 = NotActive 1 = Active	SDW_INFO.SDW_ChimeActivation_LHF		ATLANTIS 0 = NotActive 1 = Active		Atlantis	
SDWChimeRqLR	CAN Mapping	0	SDW Chime Request LR	SDW_INFO.SDW_ChimeActivation_LHR	CAN-B	ATLANTIS 0 = NotActive 1 = Active	SDW_INFO.SDW_ChimeActivation_LHR		ATLANTIS 0 = NotActive 1 = Active		Atlantis	
SDWChimeRqRF	CAN Mapping	0	SDW Chime Request RF	SDW_INFO.SDW_ChimeActivation_RHF	CAN-B	ATLANTIS 0 = NotActive 1 = Active	SDW_INFO.SDW_ChimeActivation_RHF		ATLANTIS 0 = NotActive 1 = Active		Atlantis	
SDWChimeRqRR	CAN Mapping	0	SDW Chime Request RR	SDW_INFO.SDW_ChimeActivation_RHR	CAN-B	ATLANTIS 0 = NotActive 1 = Active	SDW_INFO.SDW_ChimeActivation_RHR		ATLANTIS 0 = NotActive 1 = Active		Atlantis	
SDWChimeType	CAN Mapping	0	SDW Chime Type	SDW_INFO.SDW_ChimeType_Left	CAN-B	0 = Type 8 1 = Type 6	SDW_INFO.SDW_ChimeType_Left		0 = Type 8 1 = Type 6		Atlantis	
SDWChimeType	CAN Mapping	0	SDW Chime Type	SDW_INFO.SDW_ChimeType_Right	CAN-B	0 = Type 8 1 = Type 6	SDW_INFO.SDW_ChimeType_Right		0 = Type 8 1 = Type 6		Atlantis	
SDWChimeVolume	CAN Mapping	0	SDW Chime Volume	IPC_VEHICLE_SETUP.SdwChimeVolume	CAN-B	0 = Low 1 = Medium 2 = High	IPC_VEHICLE_SETUP.SdwChimeVolume		0 = Low 1 = Medium 2 = High		Atlantis	
SEAT_BELT_STAT	CAN Mapping	0									Atlantis	
SeatWheel_Comfort_Range_Impact	CAN Mapping	0		<pending>.SeatWheel_Comfort_Range_Impact	FD					Message pending	Atlantis	
Secure_Idle_Req	CAN Mapping	0	Request of Secure Idle	TELEMATIC_FD_19.Secure_Idle_Req	FD	0x0 NOT PRESSED 0x1 PRESSED				As of V1.50, the Atlantis High message.signal has been requested as listed but implemented message.signal may vary.	Atlantis	
Secure_Idle_Req	CAN Mapping	0		<pending>.Secure_Idle_Req	FD					Message pending	Atlantis	
Secure_Idle_Sts	CAN Mapping	0	Status of Secure Idle	TRANSM_FD_1.Secure_Idle_Sts PT_SYSTEM_FD_1.Secure_Idle_Sts_EV	FD	0 - DISABLED 1 - ENABLED 2 - Unused 3 - SNA				As of V1.60, the Atlantis High message.signal names have been requested as listed. Actual message.signal name may vary. TRANSM_FD_1.Secure_Idle_Sts is present on ICE/MHEV Vehicles (DT/HDCC/WS). PT_SYSTEM_FD_1.Secure_Idle_Sts_EV is present on REPB/BEV vehicles (DT/WS).	Atlantis	
Secure_Idle_Sts	CAN Mapping	0		<pending>.Secure_Idle_Sts	FD					Message pending	Atlantis	
SelectedTPMTrailer_Number	CAN Mapping	0		Radio_A4.SelectedTPMTrailer_Number			Radio_A4.SelectedTPMTrailer_Number				Atlantis	
SelectSpeedStatus	CAN Mapping	0	Select Speed Status	BCM_FD_18.SelSpdSts	FD		BRAKE6.SelectSpdSts		0 = OFF 1 = Select Speed Mode 2 = Select Speed Mode Inhibit 3 = SNA		Atlantis	
SelSpdLmp	CAN Mapping	0		BRAKE_FD_5.HDCUserFdBck	FD	Atlantis 2 bit signal 0 = On 1 = Off 2 = Blink 3 = SNA	BRAKE9.HDCUserFdBck		Atlantis 2 bit signal 0 = On 1 = Off 2 = Blink 3 = SNA		Atlantis	
SelSpdLmp	CAN Mapping	0	Select speed lamp status	BRAKE_FD_1.SelSpdLmp	FD	0 = OFF 1 = CONT 2 = BLINK 3 = SNA					Atlantis	
Service_ACC_Stat	CAN Mapping	0	Service ACC Lamp	IPC_FD_3.SERVICE_ACC_STAT	FD	0 = Off 1 = On 2 = Blinking 3 = SNA					Atlantis	
Service_Stat	CAN Mapping	0	Service Lamp	IPC_FD_3.SERVICE_STAT	FD	0 = Off 1 = On 2 = Blinking 3 = SNA					Atlantis	
ServiceAirSuspension	CAN Mapping	0	Service air suspension				N/A			Air Suspension Only	Atlantis	ATL_HIGH_EMPTY
SFrameID	CAN Mapping	0	Wifi SSID Frame ID	Removed with Multi-Frame?			WIFI_SSID.FrameNumber		Atlantis 4 bit signal 0 = Frame1 1 = Frame2 2 = Frame3 3 = Frame4 4 = Frame5 5 = Frame6 6 = Frame7 7 = Frame8 8 = Frame9 9 = Frame10 10 = Frame11 11 = Frame12 12 = Frame13 13 = Frame14 14 = Frame15 15 = Frame16	CR10916	Atlantis	
SHFT_PROG	CAN Mapping	0	Driving program display code	TRANSM_FD_4. DriveModeSts	Seed dbc	See dbc	N/A			Looks to be SRT use only	Atlantis	
ShiftLeverPosition	CAN Mapping	0	PRND Status	TRANSM_FD_4.ShiftLeverPosition	CAN-B	ATLANTIS 4 bit signal 0 = No_Selection_Active_Or_Available 1 = P 2 = R 3 = N 4 = D 5 = L 6 = TIP_Autostick 7 = Plus 8 = Minus 9 = SNA	STATUS_CCAN5.ShiftLeverPosition		ATLANTIS 4 bit signal 0 = No_Selection_Active_Or_Available 1 = P 2 = R 3 = N 4 = D 5 = L 6 = TIP_Autostick 7 = Plus 8 = Minus 9 = SNA	>TRANSM_FD_4.ShiftLeverPosition only for ICE Transmissions	Atlantis	
ShiftLeverPosition_PT	CAN Mapping	0	PRND Status	PT_SYSTEM_FD_1.ShiftLeverPosition_PT	CAN-B	ATLANTIS 4 bit signal 0 = No_Selection_Active_Or_Available 1 = P 2 = R 3 = N 4 = D				>BEV/REPB Atl_High to be use PT_SYSTEM_FD_1.ShiftLeverPosition_PT	Atlantis	
ShiftLeverPositionReq	CAN Mapping	0		ENGINE_SIMULATOR4.ShiftLeverPositionReq_PT1	FD	0 No_Selection_Active_Or_Available 1 P 2 R 3 N 4 D 5 L 6 TIP_Autostick 7 Plus 8 Minus 9 Sport F SNA					Atlantis	
SmartKeyDel_Stat	CAN Mapping	0	See CFTS	SPAAK_FD.SmartKeyDel_Stat1	FD	See dbc					Atlantis	
SMMD_Backbolster_Sts	CAN Mapping	0	CCDMF back bolster driver status	MASSAGE_DRIVER.SMMD_Backbolster_Sts	B-CAN	0 = Not Min Not Max 1 = Min 2 = Max					Atlantis	
SMMD_LumbarInOut_Sts	CAN Mapping	0	CCDMF Lumbar in out driver status	MASSAGE_DRIVER.SMMD_LumbarInOut_Sts	B-CAN	0 = Not Min Not Max 1 = Min 2 = Max					Atlantis	
SMMD_LumbarUpDown_Sts	CAN Mapping	0	CCDMF Lumbar up down driver status	MASSAGE_DRIVER.SMMD_LumbarUpDown_Sts	B-CAN	0 = Not Min Not Max 1 = Min 2 = Max					Atlantis	
SMMD_ThighBolster_Sts	CAN Mapping	0	CCDMF thigh bolster driver status	MASSAGE_DRIVER.SMMD_ThighBolster_Sts	B-CAN	0 = Not Min Not Max 1 = Min 2 = Max					Atlantis	
SMMP_Backbolster_Sts	CAN Mapping	0	CCDMF back bolster passenger status	MASSAGE_PASS.SMMP_Backbolster_Sts	B-CAN	0 = Not Min Not Max 1 = Min 2 = Max					Atlantis	
SMMP_LumbarInOut_Sts	CAN Mapping	0	CCDMF Lumbar in out passenger status	MASSAGE_PASS.SMMP_LumbarInOut_Sts	B-CAN	0 = Not Min Not Max 1 = Min 2 = Max					Atlantis	
SMMP_LumbarUpDown_Sts	CAN Mapping	0	CCDMF Lumbar up down passenger status	MASSAGE_PASS.SMMP_LumbarUpDown_Sts	B-CAN	0 = Not Min Not Max 1 = Min 2 = Max					Atlantis	
SMMP_ThighBolster_Sts	CAN Mapping	0	CCDMF thigh bolster passenger status	MASSAGE_PASS.SMMP_ThighBolster_Sts	B-CAN	0 = Not Min Not Max 1 = Min 2 = Max					Atlantis	
SOC_kWh	CAN Mapping	0								As of V1.49 this LID is not used.	Atlantis	
SOC_Max_Lev	CAN Mapping	0		IPC_VEHICLE_SETUP.SOC_Max_Lev	FD	See dbc file					Atlantis	
SOC_Max_Lev_Req	CAN Mapping	0		TELEMATIC_VEHICLE_SETUP.SOC_Max_Lev_Req TBM_SCHEDULE_FD_1.SOC_Max_Lev_Rem_Req	FD	See dbc file				TBM_SCHEDULE_FD_1.SOC_Max_Lev_Rem_Req is used on MASAH vehicles	Atlantis	
SOSCallStatus	CAN Mapping	0					STATUS_TBM.SOSCallStatus	CAN_BH	0=No_Indication 1=Sos_Battery_Fail 2=Sos_Fail 3=Sos_Call_Ended 4=Sos_Call_Establish 5=Starting_SOS_Fail 6=Incoming_SOS_Call 7=Starting_SOS_1_Phase 8=Starting_SOS_2_Phase 9=Starting_SOS_Auto 10=SOS_Low_Battery		Atlantis	ATL_HIGH_EMPTY
SOSCallType	CAN Mapping	0	TBM Call Type	STATUS_TBM.SOSCallType	CAN-B	0 = Initialization 1 = No_active_SOS_call 2 = Manual_SOS_call 3 = Automatic_SOS_call 4 = Callback_SOS_call 5 = Callback_wait	STATUS_TBM.SOSCallType		0 = Initialization 1 = No_active_SOS_call 2 = Manual_SOS_call 3 = Automatic_SOS_call 4 = Callback_SOS_call 5 = Callback_wait		Atlantis	
SOSFailSts	CAN Mapping	0	SOS failure	TBM_SCHEDULE_FD_2.SOSFailSts	FD	See dbc					Atlantis	
SPAAK_Error_NTF	CAN Mapping	0	See CFTS	SPAAK_FD.SPAAK_Error_NTF	FD	See dbc					Atlantis	
SPAAK_Key_FriendlyNameChar1	CAN Mapping	0	See CFTS	SPAAK_FD.SPAAK_Key_FriendlyNameChar1	FD	See dbc					Atlantis	
SPAAK_Key_FriendlyNameChar10	CAN Mapping	0	See CFTS	SPAAK_FD.SPAAK_Key_FriendlyNameChar10	FD	See dbc					Atlantis	
SPAAK_Key_FriendlyNameChar11	CAN Mapping	0	See CFTS	SPAAK_FD.SPAAK_Key_FriendlyNameChar11	FD	See dbc					Atlantis	
SPAAK_Key_FriendlyNameChar12	CAN Mapping	0	See CFTS	SPAAK_FD.SPAAK_Key_FriendlyNameChar12	FD	See dbc					Atlantis	
SPAAK_Key_FriendlyNameChar13	CAN Mapping	0	See CFTS	SPAAK_FD.SPAAK_Key_FriendlyNameChar13	FD	See dbc					Atlantis	
SPAAK_Key_FriendlyNameChar14	CAN Mapping	0	See CFTS	SPAAK_FD.SPAAK_Key_FriendlyNameChar14	FD	See dbc					Atlantis	
SPAAK_Key_FriendlyNameChar15	CAN Mapping	0	See CFTS	SPAAK_FD.SPAAK_Key_FriendlyNameChar15	FD	See dbc					Atlantis	
SPAAK_Key_FriendlyNameChar16	CAN Mapping	0	See CFTS	SPAAK_FD.SPAAK_Key_FriendlyNameChar16	FD	See dbc					Atlantis	
SPAAK_Key_FriendlyNameChar17	CAN Mapping	0	See CFTS	SPAAK_FD.SPAAK_Key_FriendlyNameChar17	FD	See dbc					Atlantis	
SPAAK_Key_FriendlyNameChar18	CAN Mapping	0	See CFTS	SPAAK_FD.SPAAK_Key_FriendlyNameChar18	FD	See dbc					Atlantis	
SPAAK_Key_FriendlyNameChar19	CAN Mapping	0	See CFTS	SPAAK_FD.SPAAK_Key_FriendlyNameChar19	FD	See dbc					Atlantis	
SPAAK_Key_FriendlyNameChar2	CAN Mapping	0	See CFTS	SPAAK_FD.SPAAK_Key_FriendlyNameChar2	FD	See dbc					Atlantis	
SPAAK_Key_FriendlyNameChar20	CAN Mapping	0	See CFTS	SPAAK_FD.SPAAK_Key_FriendlyNameChar20	FD	See dbc					Atlantis	
SPAAK_Key_FriendlyNameChar3	CAN Mapping	0	See CFTS	SPAAK_FD.SPAAK_Key_FriendlyNameChar3	FD	See dbc					Atlantis	
SPAAK_Key_FriendlyNameChar4	CAN Mapping	0	See CFTS	SPAAK_FD.SPAAK_Key_FriendlyNameChar4	FD	See dbc					Atlantis	
SPAAK_Key_FriendlyNameChar5	CAN Mapping	0	See CFTS	SPAAK_FD.SPAAK_Key_FriendlyNameChar5	FD	See dbc					Atlantis	
SPAAK_Key_FriendlyNameChar6	CAN Mapping	0	See CFTS	SPAAK_FD.SPAAK_Key_FriendlyNameChar6	FD	See dbc					Atlantis	
SPAAK_Key_FriendlyNameChar7	CAN Mapping	0	See CFTS	SPAAK_FD.SPAAK_Key_FriendlyNameChar7	FD	See dbc					Atlantis	
SPAAK_Key_FriendlyNameChar8	CAN Mapping	0	See CFTS	SPAAK_FD.SPAAK_Key_FriendlyNameChar8	FD	See dbc					Atlantis	
SPAAK_Key_FriendlyNameChar9	CAN Mapping	0	See CFTS	SPAAK_FD.SPAAK_Key_FriendlyNameChar9	FD	See dbc					Atlantis	
SPAAK_Key_ID	CAN Mapping	0	See CFTS	SPAAK_FD.SPAAK_Key_ID	FD	See dbc					Atlantis	
SPAAK_Key_MAC_Address	CAN Mapping	0	See CFTS	SPAAK_FD.SPAAK_Key_MAC_Address	FD	See dbc					Atlantis	
SpaaK_TBM_Comm	CAN Mapping	0	SpaaK module shall communicate with the backend via TBM and SGW.	Spaak_TBM_Comm.Spaak_TBM_Comm_Sig	FD	See dbc					Atlantis	
SPAAKKeyIndex	CAN Mapping	0		SPAAK_Key.SPAAKKeyIndex	FD	0 = No Index 1 = Index 1 2 = Index 2 . . . 30 = Index 30 31 = Reserved				See CFTS for usage of index signal	Atlantis	
SpdUnits	CAN Mapping	0	Speed Units	TELEMATIC_FD_11.SpdUnits	FD	0 = km_h 1 = mph	META_DATA.SpdUnits META_DATA.ADAS_Meta_SpdUnits	CAN-B	0 = km_h 1 = mph	For PNet: >MAPN vehicles shall use CAM_MAP_FUSION.FusedSpeedLimit. >JL24 and other non MASPN vehicles shall use IC_A6.DisplayedSpeedLimSts	Atlantis	
SpdUnits_Cam	CAN Mapping	0		ADAS_FD_INFO2.SpdUnits_Cam	FD	0 = km_h 1 = mph					Atlantis	
SPEED_CTRL_STAT	CAN Mapping	0									Atlantis	
SPEED_LMT_STAT	CAN Mapping	0									Atlantis	
Speed_Sign_Shape	CAN Mapping	0	Shape of Speed Sign	ADAS_FD_INFO2.Speed_Sign_Shape	FD	0 = Not_Detected 1 = Shape_1_Square 2 = Shape_2_Round 3 = TBD	STATUS_CCAN8.Speed_Sign_Shape	CAN-B	0 = Not_Detected 1 = Shape_1_Square 2 = Shape_2_Round		Atlantis	
SpeedLimit_Sign	CAN Mapping	0									Atlantis	
SpeedLimit_Units	CAN Mapping	0									Atlantis	
SpeedLimit_Value	CAN Mapping	0									Atlantis	
Speedometer	CAN Mapping	0	Vehicle speed	STATUS_CCAN3.VehicleSpeedVSOSig 'STATUS_CCAN3.VehicleSpeedVSOSigFailSts BRAKE_FD_2.VehicleSpeedVSOSig	CAN-B FD	ATLANTIS 13 bit signal 0 - 511.875 km/h Resolution = 0.0625 kmh	STATUS_CCAN3.VehicleSpeedVSOSig 'STATUS_CCAN3.VehicleSpeedVSOSigFailSts		ATLANTIS 13 bit signal 0 - 511.875 km/h Resolution = 0.0625 kmh		Atlantis	
SpeedUnit	CAN Mapping	0	Speed Unit	IPC_VEHICLE_SETUP.Speed_Unit	FD	0 = mph 1 = kph	IPC_VEHICLE_SETUP.DistanceUnit IPC_VEHICLE_SETUP.Speed_Unit			DistanceUnit in AtlMi applies only if Speed_Unit is not available.	Atlantis	
SpLmpFault	CAN Mapping	0	SpLmpFault								Atlantis	
SpSt_Pad1	CAN Mapping	0	Stop/Start button	BCM_FD_10.SpSt_Pad1	FD	Button Unpressed Button Pressed Short to Ground Short to Power Indeterminate SNA	BODY4.SpSt_Pad1		Button Unpressed Button Pressed Short to Ground Short to Power Indeterminate SNA		Atlantis	
SpSt_Pad2	CAN Mapping	0	Stop/Start button	BCM_FD_10.SpSt_Pad2	FD	Button Unpressed Button Pressed Short to Ground Short to Power Indeterminate SNA	BODY4.SpSt_Pad2		Button Unpressed Button Pressed Short to Ground Short to Power Indeterminate SNA		Atlantis	
SpStSwStat	CAN Mapping	0	SpStSwStat	ENGINE_FD_7.SpStSwStat	FD	0 = OFF 1 = CONT 2 = BLINK 3 = SNA	Engine9.SpStSwStat		2 bit signal 0 = OFF 1 = CONT 2 = BLINK 3 = SNA		Atlantis	
SpStSwStat	CAN Mapping	0									Atlantis	
SRS_LMP_STAT	CAN Mapping	0	AirbagIndLamp failure	IPC_FD_4.AirBagLamp_FailSts	FD	ATLANTIS 2 bit signal 0 = OFF_Fail_not_present 1 = OFF_Fail_present 2 = ON_Fail_not_present 3 = BLINKING_Fail_not_present	CLUSTER2.AirBagLamp_FailSts		ATLANTIS 2 bit signal 0 = OFF_Fail_not_present 1 = OFF_Fail_present 2 = ON_Fail_not_present 3 = BLINKING_Fail_not_present		Atlantis	
SRT_1000ftTm_B	CAN Mapping	0		IPC_SRT_FD_2.SRT_1000ftTm_B	FD						Atlantis	
SRT_1000ftTm_C	CAN Mapping	0		IPC_SRT_FD_2.SRT_1000ftTm_C	FD						Atlantis	
SRT_1000ftTm_L	CAN Mapping	0		IPC_SRT_FD_2.SRT_1000ftTm_L	FD						Atlantis	
SRT_1000ftTmB	CAN Mapping	0		IPC_SRT_FD_2.SRT_1000ftTmB	FD	See dbc					Atlantis	
SRT_1000ftTmC	CAN Mapping	0		IPC_SRT_FD_2.SRT_1000ftTmC	FD	See dbc					Atlantis	
SRT_1000ftTmL	CAN Mapping	0		IPC_SRT_FD_2.SRT_1000ftTmL	FD	See dbc					Atlantis	
SRT_100mphTm_B	CAN Mapping	0		IPC_SRT_FD_1.SRT_100mphTm_B	FD						Atlantis	
SRT_100mphTm_C	CAN Mapping	0		IPC_SRT_FD_1.SRT_100mphTm_C	FD						Atlantis	
SRT_100mphTm_L	CAN Mapping	0		IPC_SRT_FD_1.SRT_100mphTm_L	FD						Atlantis	
SRT_100mphTmB	CAN Mapping	0		IPC_SRT_FD_1.SRT_100mphTmB	FD	See dbc					Atlantis	
SRT_100mphTmC	CAN Mapping	0		IPC_SRT_FD_1.SRT_100mphTmC	FD	See dbc					Atlantis	
SRT_100mphTmL	CAN Mapping	0		IPC_SRT_FD_1.SRT_100mphTmL	FD	See dbc					Atlantis	
SRT_330ftTm_B	CAN Mapping	0		IPC_SRT_FD_2.SRT_330ftTm_B	FD						Atlantis	
SRT_330ftTm_C	CAN Mapping	0		IPC_SRT_FD_2.SRT_330ftTm_C	FD						Atlantis	
SRT_330ftTm_L	CAN Mapping	0		IPC_SRT_FD_2.SRT_330ftTm_L	FD						Atlantis	
SRT_330ftTmB	CAN Mapping	0		IPC_SRT_FD_2.SRT_330ftTmB	FD	See dbc					Atlantis	
SRT_330ftTmC	CAN Mapping	0		IPC_SRT_FD_2.SRT_330ftTmC	FD	See dbc					Atlantis	
SRT_330ftTmL	CAN Mapping	0		IPC_SRT_FD_2.SRT_330ftTmL	FD	See dbc					Atlantis	
SRT_60ftTm_B	CAN Mapping	0		IPC_SRT_FD_2.SRT_60ftTm_B	FD						Atlantis	
SRT_60ftTm_C	CAN Mapping	0		IPC_SRT_FD_2.SRT_60ftTm_C	FD						Atlantis	
SRT_60ftTm_L	CAN Mapping	0		IPC_SRT_FD_2.SRT_60ftTm_L	FD						Atlantis	
SRT_60ftTmB	CAN Mapping	0		IPC_SRT_FD_2.SRT_60ftTmB	FD	See dbc					Atlantis	
SRT_60ftTmC	CAN Mapping	0		IPC_SRT_FD_2.SRT_60ftTmC	FD	See dbc					Atlantis	
SRT_60ftTmL	CAN Mapping	0		IPC_SRT_FD_2.SRT_60ftTmL	FD	See dbc					Atlantis	
SRT_60mphTm_B	CAN Mapping	0		IPC_SRT_FD_1.SRT_60mphTm_B	FD						Atlantis	
SRT_60mphTm_C	CAN Mapping	0		IPC_SRT_FD_1.SRT_60mphTm_C	FD						Atlantis	
SRT_60mphTm_L	CAN Mapping	0		IPC_SRT_FD_1.SRT_60mphTm_L	FD						Atlantis	
SRT_60mphTmB	CAN Mapping	0		IPC_SRT_FD_1.SRT_60mphTmB	FD	See dbc					Atlantis	
SRT_60mphTmC	CAN Mapping	0		IPC_SRT_FD_1.SRT_60mphTmC	FD	See dbc					Atlantis	
SRT_60mphTmL	CAN Mapping	0		IPC_SRT_FD_1.SRT_60mphTmL	FD	See dbc					Atlantis	
SRT_BrkDistB_M	CAN Mapping	0		IPC_SRT_FD_2.SRT_BrkDistB_M	FD						Atlantis	
SRT_BrkDistB_US	CAN Mapping	0		IPC_SRT_FD_2.SRT_BrkDistB_US	FD						Atlantis	
SRT_BrkDistC_M	CAN Mapping	0		IPC_SRT_FD_2.SRT_BrkDistC_M	FD						Atlantis	
SRT_BrkDistC_US	CAN Mapping	0		IPC_SRT_FD_2.SRT_BrkDistC_US	FD						Atlantis	
SRT_BrkDistL_M	CAN Mapping	0		IPC_SRT_FD_2.SRT_BrkDistL_M	FD						Atlantis	
SRT_BrkDistL_US	CAN Mapping	0		IPC_SRT_FD_2.SRT_BrkDistL_US	FD						Atlantis	
SRT_BrkSpdB_M	CAN Mapping	0		IPC_SRT_FD_2.SRT_BrkSpdB_M	FD						Atlantis	
SRT_BrkSpdB_US	CAN Mapping	0		IPC_SRT_FD_2.SRT_BrkSpdB_US	FD						Atlantis	
SRT_BrkSpdC_M	CAN Mapping	0		IPC_SRT_FD_2.SRT_BrkSpdC_M	FD						Atlantis	
SRT_BrkSpdC_US	CAN Mapping	0		IPC_SRT_FD_2.SRT_BrkSpdC_US	FD						Atlantis	
SRT_BrkSpdL_M	CAN Mapping	0		IPC_SRT_FD_2.SRT_BrkSpdL_M	FD						Atlantis	
SRT_BrkSpdL_US	CAN Mapping	0		IPC_SRT_FD_2.SRT_BrkSpdL_US	FD						Atlantis	
SRT_BrkTm_B	CAN Mapping	0		IPC_SRT_FD_1.SRT_BrkTm_B	FD						Atlantis	
SRT_BrkTm_C	CAN Mapping	0		IPC_SRT_FD_1.SRT_BrkTm_C	FD						Atlantis	
SRT_BrkTm_L	CAN Mapping	0		IPC_SRT_FD_1.SRT_BrkTm_L	FD						Atlantis	
SRT_eighthTm_B	CAN Mapping	0		IPC_SRT_FD_1.SRT_eighthTm_B	FD						Atlantis	
SRT_eighthTm_C	CAN Mapping	0		IPC_SRT_FD_1.SRT_eighthTm_C	FD						Atlantis	
SRT_eighthTm_L	CAN Mapping	0		IPC_SRT_FD_1.SRT_eighthTm_L	FD						Atlantis	
SRT_eighthTmB	CAN Mapping	0		IPC_SRT_FD_1.SRT_eighthTmB	FD	See dbc					Atlantis	
SRT_eighthTmC	CAN Mapping	0		IPC_SRT_FD_1.SRT_eighthTmC	FD	See dbc					Atlantis	
SRT_eighthTmL	CAN Mapping	0		IPC_SRT_FD_1.SRT_eighthTmL	FD	See dbc					Atlantis	
SRT_EthSpdB_M	CAN Mapping	0		:IPC_SRT_FD_1.SRT_EthSpdB_M	FD						Atlantis	
SRT_EthSpdB_US	CAN Mapping	0		IPC_SRT_FD_1.SRT_EthSpdB_US	FD						Atlantis	
SRT_EthSpdC_M	CAN Mapping	0		IPC_SRT_FD_1.SRT_EthSpdC_M	FD						Atlantis	
SRT_EthSpdC_US	CAN Mapping	0		IPC_SRT_FD_1.SRT_EthSpdC_US	FD						Atlantis	
SRT_EthSpdL_M	CAN Mapping	0		IPC_SRT_FD_1.SRT_EthSpdL_M	FD						Atlantis	
SRT_EthSpdL_US	CAN Mapping	0		IPC_SRT_FD_1.SRT_EthSpdL_US	FD						Atlantis	
SRT_HK_RQ	CAN Mapping	0	SRT Button Pressed	BCM_FD_12.SRT_HK_RQ	FD	0 = NOT_PSD 1 = ON 2 = OFF 3 = SNA	N/A				Atlantis	
SRT_QrtSpdB_M	CAN Mapping	0		IPC_SRT_FD_1.SRT_QrtSpdB_M	FD						Atlantis	
SRT_QrtSpdB_US	CAN Mapping	0		IPC_SRT_FD_1.SRT_QrtSpdB_US	FD						Atlantis	
SRT_QrtSpdC_M	CAN Mapping	0		IPC_SRT_FD_1.SRT_QrtSpdC_M	FD						Atlantis	
SRT_QrtSpdC_US	CAN Mapping	0		IPC_SRT_FD_1.SRT_QrtSpdC_US	FD						Atlantis	
SRT_QrtSpdL_M	CAN Mapping	0		IPC_SRT_FD_1.SRT_QrtSpdL_M	FD						Atlantis	
SRT_QrtSpdL_US	CAN Mapping	0		IPC_SRT_FD_1.SRT_QrtSpdL_US	FD						Atlantis	
SRT_quarterTm_B	CAN Mapping	0		IPC_SRT_FD_1.SRT_quarterTm_B	FD						Atlantis	
SRT_quarterTm_C	CAN Mapping	0		IPC_SRT_FD_1.SRT_quarterTm_C	FD						Atlantis	
SRT_quarterTm_L	CAN Mapping	0		IPC_SRT_FD_1.SRT_quarterTm_L	FD						Atlantis	
SRT_quarterTmB	CAN Mapping	0		IPC_SRT_FD_1.SRT_quarterTmB	FD	See dbc					Atlantis	
SRT_quarterTmC	CAN Mapping	0		IPC_SRT_FD_1.SRT_quarterTmC	FD	See dbc					Atlantis	
SRT_quarterTmL	CAN Mapping	0		IPC_SRT_FD_1.SRT_quarterTmL	FD	See dbc					Atlantis	
SRT_ReactTm_B	CAN Mapping	0		IPC_SRT_FD_1.SRT_ReactTm_B	FD						Atlantis	
SRT_ReactTm_C	CAN Mapping	0		IPC_SRT_FD_1.SRT_ReactTm_C	FD						Atlantis	
SRT_ReactTm_L	CAN Mapping	0		IPC_SRT_FD_1.SRT_ReactTm_L	FD						Atlantis	
SRT_ReactTmB	CAN Mapping	0		IPC_SRT_FD_1.SRT_ReactTmB	FD	See dbc					Atlantis	
SRT_ReactTmC	CAN Mapping	0		IPC_SRT_FD_1.SRT_ReactTmC	FD	See dbc					Atlantis	
SRT_ReactTmL	CAN Mapping	0		IPC_SRT_FD_1.SRT_ReactTmL	FD	See dbc					Atlantis	
SS_Stat_Left	CAN Mapping	0	Power Side Step Left Status	PSSM_A1.SS_Stat_Left	CANB	0=Reserved 1=L_SS_RETRACTING 2=L_SS_DEPLOYING 3=L_SS_DEPLOYED 4=L_SS_IP_STATE 5=L_SS_RETRACTED 6=Reserved 7=SNA	N/A			Power Side Step is truck Only feature	Atlantis	
SSID number	CAN Mapping	0	Wi-Fi SSID number				WIFI_SSID.TotalFrameNumber		Atlantis 4 bit signal 0 = Frame1 1 = Frame2 2 = Frame3 3 = Frame4 4 = Frame5 5 = Frame6 6 = Frame7 7 = Frame8 8 = Frame9 9 = Frame10 10 = Frame11 11 = Frame12 12 = Frame13 13 = Frame14 14 = Frame15 15 = Frame16	CR11036	Atlantis	ATL_HIGH_EMPTY
SSIDAck	CAN Mapping	0	SSID acknowledge				HU_ACK.SSID			CR11036	Atlantis	ATL_HIGH_EMPTY
Start_Time_Hr1	CAN Mapping	0	Schedule 1 Start Time hour selection	CHARGE_SCHEDULE_HU1.Start_Time_Hr1	FD	5 bit signal Units are Hours Offset = 0 Factor = 1 Range is 0 - 23 SNA = 31	HU_Schedule1.Start_Time_Hr1		See dbc		Atlantis	
Start_Time_Hr1_Sts	CAN Mapping	0	Schedule 1 Start Time hour Status	CHARGE_SCHEDULE_HCP1.Start_Time_Hr1_Sts	FD	5 bit signal Units are Hours Offset = 0 Factor = 1 Range is 0 - 23 SNA = 31	HCP_Schedule1.Start_Time_Hr1_Sts		See dbc		Atlantis	
Start_Time_Hr2	CAN Mapping	0	Schedule 2 Start Time hour selection	CHARGE_SCHEDULE_HU1.Start_Time_Hr2	FD	5 bit signal Units are Hours Offset = 0 Factor = 1 Range is 0 - 23 SNA = 31	HU_Schedule2.Start_Time_Hr2		See dbc		Atlantis	
Start_Time_Hr2_Sts	CAN Mapping	0	Schedule 2 Start Time hour Status	CHARGE_SCHEDULE_HCP1.Start_Time_Hr2_Sts	FD	5 bit signal Units are Hours Offset = 0 Factor = 1 Range is 0 - 23 SNA = 31	HCP_Schedule2.Start_Time_Hr2_Sts		See dbc		Atlantis	
Start_Time_Hr3	CAN Mapping	0	Schedule 3 Start Time hour selection	CHARGE_SCHEDULE_HU1.Start_Time_Hr3	FD	5 bit signal Units are Hours Offset = 0 Factor = 1 Range is 0 - 23 SNA = 31	HU_Schedule3.Start_Time_Hr3		See dbc		Atlantis	
Start_Time_Hr3_Sts	CAN Mapping	0	Schedule 3 Start Time hour Status	CHARGE_SCHEDULE_HCP1.Start_Time_Hr3_Sts	FD	5 bit signal Units are Hours Offset = 0 Factor = 1 Range is 0 - 23 SNA = 31	Start_Time_Hr3_Sts		See dbc		Atlantis	
Start_Time_Min1	CAN Mapping	0	Schedule 1 Start time minute selection	CHARGE_SCHEDULE_HU1.Start_Time_Min1	FD	4 bit signal Units are Min Offset = 0 Factor = 5 Range is 0 - 55 SNA = 15	HU_Schedule1.Start_Time_Min1		See dbc		Atlantis	
Start_Time_Min1_Sts	CAN Mapping	0	Schedule 1 Start time minute Status	CHARGE_SCHEDULE_HCP1.Start_Time_Min1_Sts	FD	4 bit signal Units are Min Offset = 0 Factor = 5 Range is 0 - 55 SNA = 15	HCP_Schedule1.Start_Time_Min1_Sts		See dbc		Atlantis	
Start_Time_Min2	CAN Mapping	0	Schedule 2 Start time minute selection	CHARGE_SCHEDULE_HU1.Start_Time_Min2	FD	4 bit signal Units are Min Offset = 0 Factor = 5 Range is 0 - 55 SNA = 15	HU_Schedule2.Start_Time_Min2		See dbc		Atlantis	
Start_Time_Min2_Sts	CAN Mapping	0	Schedule 2 Start time minute Status	CHARGE_SCHEDULE_HCP1.Start_Time_Min2_Sts	FD	4 bit signal Units are Min Offset = 0 Factor = 5 Range is 0 - 55 SNA = 15	HCP_Schedule2.Start_Time_Min2_Sts		See dbc		Atlantis	
Start_Time_Min3	CAN Mapping	0	Schedule 3 Start time minute selection	CHARGE_SCHEDULE_HU1.Start_Time_Min3	FD	4 bit signal Units are Min Offset = 0 Factor = 5 Range is 0 - 55 SNA = 15	HU_Schedule3.Start_Time_Min3		See dbc		Atlantis	
Start_Time_Min3_Sts	CAN Mapping	0	Schedule 3 Start time minute Status	CHARGE_SCHEDULE_HCP1.Start_Time_Min3_Sts	FD	4 bit signal Units are Min Offset = 0 Factor = 5 Range is 0 - 55 SNA = 15	Start_Time_Min3_Sts		See dbc		Atlantis	
Start_TPM_Programming	CAN Mapping	0		Radio_A4.Start_TPM_Programming			Radio_A4.Start_TPM_Programming				Atlantis	
StartType	CAN Mapping	0	StTyp	BODY4.StTypSts	CAN-B	ATLANTIS 3 bit signal 0 = ST_NOT_ACT 1 = NOR_ST 2 = TIP_ST 3 = REM_ST 7 = SNA	BODY4.StTypSts		ATLANTIS 3 bit signal 0 = ST_NOT_ACT 1 = NOR_ST 2 = TIP_ST 3 = REM_ST 7 = SNA		Atlantis	
SteeringWheelButtonGroups	CAN Mapping	0	Identifies the steering wheel commands configuration (position, number of switches, etc...).				Infotainment_Configuration_7.RRM_VPx_Steering_Wheel_Command_Type		0 = Absent 1 = Standard 6 Buttons 2 = Standard 8 Buttons 3 = Standrad 10 Buttons 4 = 14_LIN_button_EMEA 5 = 14_LIN_button_NAFTA # = Not Used	Should be in PROXI	Atlantis	ATL_HIGH_EMPTY|TRUNCATED_ENUM
Stop_Start_Stat	CAN Mapping	0	Stop Start Lamp	IPC_FD_3.STOP_START_STAT	FD	0 = Off 1 = On 2 = Blinking 3 = SNA					Atlantis	
Stop_TPM_Programming	CAN Mapping	0		Radio_A4.Stop_TPM_Programming			Radio_A4.Stop_TPM_Programming				Atlantis	
StopStartSK_RQ	CAN Mapping	0					STATUS_TELEMATIC.StpStDeactBtn			Atlantis for M240	Atlantis	ATL_HIGH_EMPTY
STR_DIR_LT_STAT	CAN Mapping	0									Atlantis	
Stub_CmplxInsct	CAN Mapping	0	Indicates the Stub Complex Intersection.				STUB.ADAS_Stub_CmplxInsct	CAN-B			Atlantis	ATL_HIGH_EMPTY
Stub_CycCnt	CAN Mapping	0	Indicates the Stub Cyclic Counter.				STUB.ADAS_Stub_CycCnt	CAN-B			Atlantis	ATL_HIGH_EMPTY
Stub_FormOfWay	CAN Mapping	0	Indicates the Stub Form Of Way.				STUB.ADAS_Stub_FormOfWay	CAN-B			Atlantis	ATL_HIGH_EMPTY
Stub_FuncRoadClass	CAN Mapping	0	Indicates the Stub Functional Road Class.				STUB.ADAS_Stub_FuncRoadClass	CAN-B			Atlantis	ATL_HIGH_EMPTY
Stub_LastStub	CAN Mapping	0	Indicates the Stub Last Stub.				STUB.ADAS_Stub_LastStub	CAN-B			Atlantis	ATL_HIGH_EMPTY
Stub_MsgType	CAN Mapping	0	Indicates the Stub Message Type.				STUB.ADAS_Stub_MsgType	CAN-B			Atlantis	ATL_HIGH_EMPTY
Stub_NumOfLaneDrvDir	CAN Mapping	0	Indicates the Stub number of lanes in driving direction.				STUB.ADAS_Stub_NumOfLaneDrvDir	CAN-B			Atlantis	ATL_HIGH_EMPTY
Stub_NumOfLaneOppDir	CAN Mapping	0	Indicates the Stub number of lanes in opposite direction.				STUB.ADAS_Stub_NumOfLaneOppDir	CAN-B			Atlantis	ATL_HIGH_EMPTY
Stub_Offset	CAN Mapping	0	Indicates the Stub Offset.				STUB.ADAS_Stub_Offset	CAN-B			Atlantis	ATL_HIGH_EMPTY
Stub_PartOfCalcRoute	CAN Mapping	0	Indicates the Stub Part Of Calculated Route.				STUB.ADAS_Stub_PartOfCalcRoute	CAN-B			Atlantis	ATL_HIGH_EMPTY
Stub_PathIdx	CAN Mapping	0	Indicates the Stub Path Index.				STUB.ADAS_Stub_PathIdx	CAN-B			Atlantis	ATL_HIGH_EMPTY
Stub_RelProbb	CAN Mapping	0	Indicates the Stub Relative Probability.				STUB.ADAS_Stub_RelProbb	CAN-B			Atlantis	ATL_HIGH_EMPTY
Stub_Retr	CAN Mapping	0	Indicates the Stub Retransmission.				STUB.ADAS_Stub_Retr	CAN-B			Atlantis	ATL_HIGH_EMPTY
Stub_RtOfWay	CAN Mapping	0	Indicates the Stub Right Of Way.				STUB.ADAS_Stub_RtOfWay	CAN-B			Atlantis	ATL_HIGH_EMPTY
Stub_SubPathIdx	CAN Mapping	0	Indicates the Stub Sub-Path Index.				STUB.ADAS_Stub_SubPathIdx	CAN-B			Atlantis	ATL_HIGH_EMPTY
Stub_TurnAngl	CAN Mapping	0	Indicates the Stub Turn Angle.				STUB.ADAS_Stub_TurnAngl	CAN-B			Atlantis	ATL_HIGH_EMPTY
Stub_Update	CAN Mapping	0	Indicates the Stub Update.				STUB.ADAS_Stub_Update	CAN-B			Atlantis	ATL_HIGH_EMPTY
StWh_AudioPresetAdvance	CAN Mapping	0	Preset Advance	BCM_FD_10.Command_06Sts	CAN-FD	ATLANTIS 2 bit signal 0 = Not_Pressed 1 = Pressed 3 = SNA	SWC.Command_06Sts	CAN-B	ATLANTIS 2 bit signal 0 = Not_Pressed 1 = Pressed 3 = SNA		Atlantis	
StWh_AudioPresetAdvance	CAN Mapping	0	Preset Advance	SWC.Command_06Sts	CAN-B	ATLANTIS 2 bit signal 0 = Not_Pressed 1 = Pressed 3 = SNA	SWC.Command_06Sts	CAN-B	ATLANTIS 2 bit signal 0 = Not_Pressed 1 = Pressed 3 = SNA		Atlantis	
StWh_AudioPresetAdvance StWhl_ModeAdvance	CAN Mapping	0	PNet or CUSW: Preset Advance orMode Advance Atlantis: Mode Advance	SWC.Command_09Sts	CAN-B	ATLANTIS 2 bit signal 0 = Not_Pressed 1 = Pressed 3 = SNA	SWC.Command_09Sts	CAN-B	ATLANTIS 2 bit signal 0 = Not_Pressed 1 = Pressed 3 = SNA		Atlantis	
StWhl_AudioModeAdvance	CAN Mapping	0	Mode Advance(non ECE market)	BCM_FD_10.Command_09Sts	CAN-FD	ATLANTIS 2 bit signal 0 = Not_Pressed 1 = Pressed 3 = SNA	SWC.Command_09Sts	CAN-B	ATLANTIS 2 bit signal 0 = Not_Pressed 1 = Pressed 3 = SNA		Atlantis	
StWhl_AudioModeAdvance	CAN Mapping	0	Audio-mode advance	N/A			N/A			Brand Focus SW only	Atlantis	
StWhl_AudioPresetAdvance	CAN Mapping	0	Preset Configuration				SWS_IGWLIN.Command_06Sts			Brand Focus SW only As of V1.48, the Atl Lo signal is used on 281 MCA (MY24)	Atlantis	ATL_HIGH_EMPTY
StWhl_ModeAdvance	CAN Mapping	0	Mode Advance( ECE market)	BCM_FD_10.Command_09Sts	CAN-FD	ATLANTIS 2 bit signal 0 = Not_Pressed 1 = Pressed 3 = SNA	SWC.Command_09Sts		ATLANTIS 2 bit signal 0 = Not_Pressed 1 = Pressed 3 = SNA		Atlantis	
StWhl_Mute	CAN Mapping	0	Mute	BCM_FD_10.Command_03Sts	CAN-B	ATLANTIS 2 bit signal 0 = Not_Pressed 1 = Pressed 3 = SNA	SWC.Command_03Sts		ATLANTIS 2 bit signal 0 = Not_Pressed 1 = Pressed 3 = SNA		Atlantis	
StWhl_PhoneAnswer	CAN Mapping	0	Phone Pick-Up	BCM_FD_14.Command_07Sts	CAN-B	ATLANTIS 2 bit signal 0 = Not_Pressed 1 = Pressed 3 = SNA	SWC.Command_07Sts		ATLANTIS 2 bit signal 0 = Not_Pressed 1 = Pressed 3 = SNA		Atlantis	
StWhl_PhoneAnswer StWhl_VoiceRecognition	CAN Mapping	0	Cell Phone/Voice Recognition Request	N/A			N/A		ATLANTIS	Brand Focus SW only	Atlantis	
StWhl_PhoneAnswer+HangUp	CAN Mapping	0		BCM_FD_14.Command_07Sts	CAN-B	ATLANTIS 2 bit signal 0 = Not_Pressed 1 = Pressed 3 = SNA				This LID is only for MASAH	Atlantis	
StWhl_PhoneAnswer+VR	CAN Mapping	0		BCM_FD_14.Command_07Sts	CAN-B	ATLANTIS 2 bit signal 0 = Not_Pressed 1 = Pressed 3 = SNA	SWC.Command_07Sts		ATLANTIS 2 bit signal 0 = Not_Pressed 1 = Pressed 3 = SNA		Atlantis	
StWhl_PhoneAnswer+VR+HangUp	CAN Mapping	0					SWC.Command_07Sts				Atlantis	ATL_HIGH_EMPTY
StWhl_PhoneHangup	CAN Mapping	0	Phone Hang-Up	SWC.Command_08Sts	CAN-B	ATLANTIS 2 bit signal 0 = Not_Pressed 1 = Pressed 3 = SNA	SWC.Command_08Sts		ATLANTIS 2 bit signal 0 = Not_Pressed 1 = Pressed 3 = SNA		Atlantis	
StWhl_SeekDown	CAN Mapping	0	Seek Down	SWC.Command_05Sts	CAN-B	ATLANTIS 2 bit signal 0 = Not_Pressed 1 = Pressed 3 = SNA	SWC.Command_05Sts		ATLANTIS 2 bit signal 0 = Not_Pressed 1 = Pressed 3 = SNA		Atlantis	
StWhl_SeekUp	CAN Mapping	0	Seek Up	SWC.Command_04Sts	CAN-B	ATLANTIS 2 bit signal 0 = Not_Pressed 1 = Pressed 3 = SNA	SWC.Command_04Sts		ATLANTIS 2 bit signal 0 = Not_Pressed 1 = Pressed 3 = SNA		Atlantis	
StWhl_SeekUp StWhl_SeekDown	CAN Mapping	0	Seek up/down	N/A			N/A		ATLANTIS	Brand Focus SW only	Atlantis	
StWhl_VoiceRecognition	CAN Mapping	0	VR Button	SWC.Command_10Sts	CAN-B	ATLANTIS 2 bit signal 0 = Not_Pressed 1 = Pressed 3 = SNA	SWC.Command_10Sts		ATLANTIS 2 bit signal 0 = Not_Pressed 1 = Pressed 3 = SNA		Atlantis	
StWhl_VolumeDown	CAN Mapping	0	Volume Down	SWC.Command_02Sts	CAN-B	ATLANTIS 2 bit signal 0 = Not_Pressed 1 = Pressed 3 = SNA	SWC.Command_02Sts		ATLANTIS 2 bit signal 0 = Not_Pressed 1 = Pressed 3 = SNA		Atlantis	
StWhl_VolumeUp	CAN Mapping	0	Volume Up	SWC.Command_01Sts	CAN-B	ATLANTIS 2 bit signal 0 = Not_Pressed 1 = Pressed 3 = SNA	SWC.Command_01Sts		ATLANTIS 2 bit signal 0 = Not_Pressed 1 = Pressed 3 = SNA		Atlantis	
StWhl_VolumeUp StWhl_VolumeDown	CAN Mapping	0	Volume up/down	N/A			N/A		ATLANTIS	Brand Focus SW only	Atlantis	
StWhl_WeChat	CAN Mapping	0		BCM_FD_14.Command_08Sts			SWC.Command_08Sts				Atlantis	
SUB_LVLSts	CAN Mapping	0		RADIO_B7.SUB_LVLSts	CAN-B	"""0x0 LVL_N10 0x1 LVL_N9 0x2 LVL_N8 0x3 LVL_N7 0x4 LVL_N6 0x5 LVL_N5 0x6 LVL_N4 0x7 LVL_N3 0x8 LVL_N2 0x9 LVL_N1 0xA LVL_NTRL 0xB LVL_P1 0xC LVL_P2 0xD LVL_P3 0xE LVL_P4 0xF LVL_P5 0x10 LVL_P6 0x11 LVL_P7 0x12 LVL_P8 0x13 LVL_P9 0x14 LVL_P10"""					Atlantis	
Submit_ClimateSchd1	CAN Mapping	0		CLIMATE_SCHEDULE_HU1.Submit_ClimateSchd1	FD	See dbc file					Atlantis	
Submit_ClimateSchd2	CAN Mapping	0		CLIMATE_SCHEDULE_HU1.Submit_ClimateSchd2	FD	See dbc file					Atlantis	
Submit_Schedule1	CAN Mapping	0		CHARGE_SCHEDULE_HU1.Submit_Schedule1	FD	0 = No Change 1 = Change in schedule 1	HU_Schedule1.Submit_Schedule1		0 = No Change 1 = Change in schedule 1		Atlantis	
Submit_Schedule2	CAN Mapping	0		CHARGE_SCHEDULE_HU1.Submit_Schedule2	FD	0 = No Change 1 = Change in schedule 2	HU_Schedule2.Submit_Schedule2		0 = No Change 1 = Change in schedule 2		Atlantis	
Submit_Schedule3	CAN Mapping	0		CHARGE_SCHEDULE_HU1.Submit_Schedule3	FD	0 = No Change 1 = Change in schedule 3	HU_Schedule3.Submit_Schedule3		0 = No Change 1 = Change in schedule 3		Atlantis	
SumTorqueStatic	CAN Mapping	0		GW_B_7.SumTorqueStatic PT_TORQUE_FD_1.SumTorqueStatic	CAN-BH CAN-FD						Atlantis	
SumTorqueStatic_VDCM	CAN Mapping	0		GW_B_7.SumTorqueStatic_VDCM	CAN-BH						Atlantis	
SUN_SHD_RQ	CAN Mapping	0	Sun Shade Request							feature only on PNET vehicles	Atlantis	
Suppress_PopUp	CAN Mapping	0	Used to suppress pop-up on the Radio screen based on lower screen user request.	STATUS_CLIMATE2.Suppress_PopUp	CAN-B	0 = Not_Active 1 = Active					Atlantis	
Suppress_PopUp2	CAN Mapping	0	Used to suppress pop-up on the Radio screen based on lower screen user request.	STATUS_CLIMATE3.Suppress_PopUp2	CAN-B	0 = Not_Active 1 = Active					Atlantis	
SurrIntensity	CAN Mapping	0		RADIO_B7.SurrIntensity	CAN-BH	"""0x0 LVL_1 0x1 LVL_2 0x3 LVL_3 0x4 LVL_4 0x5 LVL_5"""					Atlantis	
SurroundOnOff	CAN Mapping	0	Driver Surround Sound On/Off	CTRL_AMP.DSS_ONSts	CAN-B	1 bit signal	CTRL_AMP.DSS_ONSts		1 bit signal 0 = Off 1 = On		Atlantis	
SVC_SoftBtn_Rq	CAN Mapping	0	SV Camera Softbutton Request							PNET only feature	Atlantis	
SwayBar_Sts	CAN Mapping	0	Swaybar Status	SWAY_FD_1.SwayBar_Sts	FD	0 = UNLOCKED 1 = LOCKED 2 = S_I_P 3 = SNA	SWAY_1.SwayBar_Sts				Atlantis	
SwaybarEVICDisplay	CAN Mapping	0	Sway bar EVIC display	SWAY_FD_1.SwayBarEVICDisplay	FD	0 = TM0 1 = TM1 2 = TM2 3 = TM3 4 = TM4 5 = TM5 6 = TM6 7 = TM7 8 = TM8 9 = TM9 10 = TM10 11 = TM11 12 = TM12 13 = TM13 14 = TM14 15 = SNA	SWAY_1.SwayBarEVICDisplay				Atlantis	
SWC_AUX_1	CAN Mapping	0		SWC_AUX_1			SWC_AUX_1			The message names, signal enumeration and VF number will be provided in the future releases	Atlantis	
SWC_AUX_2	CAN Mapping	0		SWC_AUX_2			SWC_AUX_2			The message names, signal enumeration and VF number will be provided in the future releases	Atlantis	
SWC_AUX_3	CAN Mapping	0		SWC_AUX_3			SWC_AUX_3			The message names, signal enumeration and VF number will be provided in the future releases	Atlantis	
SWC_AUX_4	CAN Mapping	0		SWC_AUX_4			SWC_AUX_4			The message names, signal enumeration and VF number will be provided in the future releases	Atlantis	
SYNC_STAT	CAN Mapping	0	Synchronization Status	STATUS_CLIMATE2.HVACSync_Sts	CAN-B	ATLANTIS 0 = OFF 1 = ON 2 = BLINK 3 = SNA	STATUS_CLIMATE2.HVACSync_Sts		ATLANTIS 0 = OFF 1 = ON 2 = BLINK 3 = SNA		Atlantis	
SYNC_SW_RQ	CAN Mapping	0		TELEMATIC_CLIMATE_SETUP.HVACSync_Req	B-CAN	0 = Not_Pressed 1 = Pressed	TELEMATIC_CLIMATE_SETUP.HVACSync_Req				Atlantis	
SYNC_SW_RQ_M	CAN Mapping	0	SYNC on/off toggle request								Atlantis	
SYSTEM_STATUS	CAN Mapping	0	System Faults	ENGINE_FD_8.SYSTEM_STATUS	FD						Atlantis	
SystemFailSts	CAN Mapping	0	TBM System failure	TBM_SCHEDULE_FD_2.SystemFailSts	FD	See dbc					Atlantis	
SZ_Active_Rq	CAN Mapping	0									Atlantis	
SZ_Rear_Lockout	CAN Mapping	0									Atlantis	
Target_SOC_ChargeSchedule1_Req	CAN Mapping	0	Request for Target State of Charge - Type 1	TBM_SCHEDULE_FD_1.TBM_External_ChargeTarget1	FD	Values 0-10 11 - Reserved 12 - Reserved 13 - Reserved 14 - Reserved 15 - No_Selection					Atlantis	
Target_SOC_ChargeSchedule2_Req	CAN Mapping	0	Request for Target State of Charge - Type 2	TBM_SCHEDULE_FD_1.TBM_External_ChargeTarget2	FD	Values 0-10 11 - Reserved 12 - Reserved 13 - Reserved 14 - Reserved 15 - No_Selection					Atlantis	
TargetGear	CAN Mapping	0	Target Gear								Atlantis	
TB_ActStageTrq_Sts	CAN Mapping	0	Actual staging torque								Atlantis	
TB_LaunchRPM_Rq	CAN Mapping	0	Driver requested launch RPM								Atlantis	
TB_LaunchRPM_Sts	CAN Mapping	0	Honored launch RPM								Atlantis	
TB_LaunchRPM_Update_Rq	CAN Mapping	0	Request to update launch RPM								Atlantis	
TB_LaunchTrq_1_Sts	CAN Mapping	0	Requested launch torque at time 0								Atlantis	
TB_LaunchTrq_10_Sts	CAN Mapping	0	Requested launch torque at time 1.0								Atlantis	
TB_LaunchTrq_11_Sts	CAN Mapping	0	Requested launch torque at time 1.2								Atlantis	
TB_LaunchTrq_12_Sts	CAN Mapping	0	Requested launch torque at time 1.4								Atlantis	
TB_LaunchTrq_13_Sts	CAN Mapping	0	Requested launch torque at time 1.6								Atlantis	
TB_LaunchTrq_2_Sts	CAN Mapping	0	Requested launch torque at time 0.05								Atlantis	
TB_LaunchTrq_3_Sts	CAN Mapping	0	Requested launch torque at time 0.1								Atlantis	
TB_LaunchTrq_4_Sts	CAN Mapping	0	Requested launch torque at time 0.2								Atlantis	
TB_LaunchTrq_5_Sts	CAN Mapping	0	Requested launch torque at time 0.3								Atlantis	
TB_LaunchTrq_6_Sts	CAN Mapping	0	Requested launch torque at time 0.4								Atlantis	
TB_LaunchTrq_7_Sts	CAN Mapping	0	Requested launch torque at time 0.5								Atlantis	
TB_LaunchTrq_8_Sts	CAN Mapping	0	Requested launch torque at time 0.6								Atlantis	
TB_LaunchTrq_9_Sts	CAN Mapping	0	Requested launch torque at time 0.8								Atlantis	
TB_LaunchTrq_ID_Rq	CAN Mapping	0	Identifier for launch torque time being adjusted								Atlantis	
TB_LaunchTrq_Value_Rq	CAN Mapping	0	Value for launch torque time being adjusted								Atlantis	
TB_Mem_ID_Rq	CAN Mapping	0	Requested TB memory								Atlantis	
TB_Mem_ID_Sts	CAN Mapping	0	Configured TB memory								Atlantis	
TB_Mem_Reset_Rq	CAN Mapping	0	Reset to default request								Atlantis	
TB_PotTrq_1_Sts	CAN Mapping	0	Engine Potential Torque at time 0								Atlantis	
TB_PotTrq_10_Sts	CAN Mapping	0	Engine Potential Torque at time 1.0								Atlantis	
TB_PotTrq_11_Sts	CAN Mapping	0	Engine Potential Torque at time 1.2								Atlantis	
TB_PotTrq_12_Sts	CAN Mapping	0	Engine Potential Torque at time 1.4								Atlantis	
TB_PotTrq_13_Sts	CAN Mapping	0	Engine Potential Torque at time 1.6								Atlantis	
TB_PotTrq_2_Sts	CAN Mapping	0	Engine Potential Torque at time 0.05								Atlantis	
TB_PotTrq_3_Sts	CAN Mapping	0	Engine Potential Torque at time 0.1								Atlantis	
TB_PotTrq_4_Sts	CAN Mapping	0	Engine Potential Torque at time 0.2								Atlantis	
TB_PotTrq_5_Sts	CAN Mapping	0	Engine Potential Torque at time 0.3								Atlantis	
TB_PotTrq_6_Sts	CAN Mapping	0	Engine Potential Torque at time 0.4								Atlantis	
TB_PotTrq_7_Sts	CAN Mapping	0	Engine Potential Torque at time 0.5								Atlantis	
TB_PotTrq_8_Sts	CAN Mapping	0	Engine Potential Torque at time 0.6								Atlantis	
TB_PotTrq_9_Sts	CAN Mapping	0	Engine Potential Torque at time 0.8								Atlantis	
TB_ShfitTrqDelay_2_3_Max	CAN Mapping	0	Max Time Allowed 2_3 shift								Atlantis	
TB_ShfitTrqDelay_2_3_Sts	CAN Mapping	0	Honored torque delay after 2_3 shift								Atlantis	
TB_ShiftTrq_1_2_Min	CAN Mapping	0	Min Torque allowed during 1_2 shift								Atlantis	
TB_ShiftTrq_1_2_Sts	CAN Mapping	0	Honored torque reduction after 1_2 shift								Atlantis	
TB_ShiftTrq_2_3_Min	CAN Mapping	0	Min Torque allowed during 2_3 shift								Atlantis	
TB_ShiftTrq_2_3_Sts	CAN Mapping	0	Honored torque reduction after 2_3 shift								Atlantis	
TB_ShiftTrq_ID_Rq	CAN Mapping	0	Identifier for shift torque value being adjusted								Atlantis	
TB_ShiftTrq_Rq	CAN Mapping	0	Value for shift torque value being adjusted								Atlantis	
TB_ShiftTrqDelay_1_2_Max	CAN Mapping	0	Max Time Allowed 1_2 shift								Atlantis	
TB_ShiftTrqDelay_1_2_Sts	CAN Mapping	0	Honored torque delay after 1_2 shift								Atlantis	
TB_ShiftTrqDelay_ID_Rq	CAN Mapping	0	Identifier for shift torque delay being adjusted								Atlantis	
TB_ShiftTrqDelay_Rq	CAN Mapping	0	Value for shift torque delay being adjusted								Atlantis	
TBM _Climate_CabinTemp1	CAN Mapping	0		CLIMATE_SCHEDULE_TBM.Climate_TBM_Cabin_Temp1	CAN-FD	See dbc for signal details and enumerations					Atlantis	
TBM _Climate_CabinTemp1_Sts	CAN Mapping	0		CLIMATE_SCHEDULE_HCP1.Climate_Cabin_Temp1_Sts	CAN-FD	See dbc for signal details and enumerations					Atlantis	
TBM _Climate_CabinTemp2	CAN Mapping	0		CLIMATE_SCHEDULE_TBM.Climate_TBM_Cabin_Temp2	CAN-FD	See dbc for signal details and enumerations					Atlantis	
TBM _Climate_CabinTemp2_Sts	CAN Mapping	0		CLIMATE_SCHEDULE_HCP1.Climate_Cabin_Temp2_Sts	CAN-FD	See dbc for signal details and enumerations					Atlantis	
TBM_AutoUnlock_Req	CAN Mapping	0								As of V1.49 this LID is not used.	Atlantis	
TBM_AutoUnlock_Sts	CAN Mapping	0								As of V1.49 this LID is not used.	Atlantis	
TBM_Batt_CabinPriority1	CAN Mapping	0		TBM_SCHEDULE_FD_1.TBM_Batt_CabinPriority1			TBM_SCHEDULE1.Batt_CabinPriority1				Atlantis	
TBM_Batt_CabinPriority2	CAN Mapping	0		TBM_SCHEDULE_FD_1.TBM_Batt_CabinPriority2			TBM_SCHEDULE2.Batt_CabinPriority2				Atlantis	
TBM_Batt_CabinPriority3	CAN Mapping	0		TBM_SCHEDULE_FD_1.TBM_Batt_CabinPriority3			TBM_SCHEDULE3.Batt_CabinPriority3				Atlantis	
TBM_ChargeNow	CAN Mapping	0		TBM_SCHEDULE_FD_1.TBM_Charge_Now	CAN_FD	0 = No_Charge 1 = Charge_Now	TBM_REQUEST.ChargeNow	CAN_BH	0 = No_Charge 1 = Charge_Now		Atlantis	
TBM_ChargeReq	CAN Mapping	0	TBM Charge Schedule Charge Request								Atlantis	
TBM_ChargeSchedule_Type1_Req	CAN Mapping	0	Request for Charge Schedule - Type 1	TBM_SCHEDULE_FD_1.TBM_ChargeSchedule_Type1_Req	FD	0 - No_Selection 1 - Standard Charge 2 - External Charge 3 - Reserved					Atlantis	
TBM_ChargeSchedule_Type2_Req	CAN Mapping	0	Request for Charge Schedule - Type 2	TBM_SCHEDULE_FD_1.TBM_ChargeSchedule_Type2_Req	FD	0 - No_Selection 1 - Standard Charge 2 - External Charge 3 - Reserved					Atlantis	
TBM_ChargeUntilFull1	CAN Mapping	0		TBM_SCHEDULE_FD_1.TBM_ChargeUntilFull1			TBM_SCHEDULE1.ChargeUntilFull1				Atlantis	
TBM_ChargeUntilFull2	CAN Mapping	0		TBM_SCHEDULE_FD_1.TBM_ChargeUntilFull2			TBM_SCHEDULE2.ChargeUntilFull2				Atlantis	
TBM_ChargeUntilFull3	CAN Mapping	0		TBM_SCHEDULE_FD_1.TBM_ChargeUntilFull3			TBM_SCHEDULE3.ChargeUntilFull3				Atlantis	
TBM_ChargingPlug_Req	CAN Mapping	0	Remote Charge port lock/unlock command	TBM_COOP_CHARGING.Remote_Chargeport_Command	FD	0=Default; 1=Lock Request; 2=Unlock Request; 3= Reserved					Atlantis	
TBM_ChargingPlug_Sts	CAN Mapping	0	Charge Port Lock Status	HCP_CHARGING_STAT.Chargeport_Lock_Status	FD	0 - Default 1 - Locked 2 - Unlocked 3 - reserved					Atlantis	
TBM_Climate_AllowClimateSchd1	CAN Mapping	0		CLIMATE_SCHEDULE_TBM.TBM_AllowClimateSchd1	CAN-FD	See dbc for signal details and enumerations					Atlantis	
TBM_Climate_AllowClimateSchd1_Sts (see Usage Comment)	CAN Mapping	0		CLIMATE_SCHEDULE_HCP1.AllowClimateSchd1_Sts	CAN-FD	See dbc for signal details and enumerations				"LID in GenSheet is ""AllowClimateSchd1_Sts"""	Atlantis	
TBM_Climate_AllowClimateSchd2	CAN Mapping	0		CLIMATE_SCHEDULE_TBM.TBM_AllowClimateSchd2	CAN-FD	See dbc for signal details and enumerations					Atlantis	
TBM_Climate_AllowClimateSchd2_Sts	CAN Mapping	0		CLIMATE_SCHEDULE_HCP1.AllowClimateSchd2_Sts	CAN-FD	See dbc for signal details and enumerations					Atlantis	
TBM_Climate_Departure_Hr1	CAN Mapping	0		CLIMATE_SCHEDULE_TBM.TBM_ClimateSchd1_Departure_Hr	CAN-FD	See dbc for signal details and enumerations					Atlantis	
TBM_Climate_Departure_Hr1_Sts	CAN Mapping	0		CLIMATE_SCHEDULE_HCP1.ClimateSchd1_Departure_Hr_Sts	CAN-FD	See dbc for signal details and enumerations					Atlantis	
TBM_Climate_Departure_Hr2	CAN Mapping	0		CLIMATE_SCHEDULE_TBM.TBM_ClimateSchd2_Departure_Hr	CAN-FD	See dbc for signal details and enumerations					Atlantis	
TBM_Climate_Departure_Hr2_Sts	CAN Mapping	0		CLIMATE_SCHEDULE_HCP1.ClimateSchd2_Departure_Hr_Sts	CAN-FD	See dbc for signal details and enumerations					Atlantis	
TBM_Climate_Departure_Min1	CAN Mapping	0		CLIMATE_SCHEDULE_TBM.TBM_ClimateSchd1_Departure_Min	CAN-FD	See dbc for signal details and enumerations					Atlantis	
TBM_Climate_Departure_Min1_Sts	CAN Mapping	0		CLIMATE_SCHEDULE_HCP1.ClimateSchd1_Departure_Min_Sts	CAN-FD	See dbc for signal details and enumerations					Atlantis	
TBM_Climate_Departure_Min2	CAN Mapping	0		CLIMATE_SCHEDULE_TBM.TBM_ClimateSchd2_Departure_Min	CAN-FD	See dbc for signal details and enumerations					Atlantis	
TBM_Climate_Departure_Min2_Sts	CAN Mapping	0		CLIMATE_SCHEDULE_HCP1.ClimateSchd2_Departure_Min_Sts	CAN-FD	See dbc for signal details and enumerations					Atlantis	
TBM_Climate_Schedule_Day1	CAN Mapping	0		CLIMATE_SCHEDULE_TBM.TBM_ClimateSchd1_Day	CAN-FD	See dbc for signal details and enumerations					Atlantis	
TBM_Climate_Schedule_Day1_Sts	CAN Mapping	0		CLIMATE_SCHEDULE_HCP1.ClimateSchd1_Day_Sts	CAN-FD	See dbc for signal details and enumerations					Atlantis	
TBM_Climate_Schedule_Day2	CAN Mapping	0		CLIMATE_SCHEDULE_TBM.TBM_ClimateSchd2_Day	CAN-FD	See dbc for signal details and enumerations					Atlantis	
TBM_Climate_Schedule_Day2_Sts	CAN Mapping	0		CLIMATE_SCHEDULE_HCP1.ClimateSchd2_Day_Sts	CAN-FD	See dbc for signal details and enumerations					Atlantis	
TBM_CONFIDENCE_LEVEL	CAN Mapping	0		TBM_FD_1.SLI_CS_CONFIDENCE_LEVEL	FD	see dbc file					Atlantis	
TBM_Cooperative_Charge_Command	CAN Mapping	0	Remote cooperative charging command	TBM_COOP_CHARGING.TBM_Cooperative_Charge_Command	FD	0 - Default 1 - Charge Now 2 - Stop Charge 3 - SNA					Atlantis	
TBM_COUNTRY_CODE	CAN Mapping	0		TBM_FD_1.SLI_CS_COUNTRY_CODE	FD	see dbc file					Atlantis	
TBM_Do_Not_Repeat1	CAN Mapping	0		TBM_SCHEDULE_FD_1.TBM_Do_Not_Repeat1			TBM_SCHEDULE1.Do_Not_Repeat1				Atlantis	
TBM_Do_Not_Repeat2	CAN Mapping	0		TBM_SCHEDULE_FD_1.TBM_Do_Not_Repeat2			TBM_SCHEDULE2.Do_Not_Repeat2				Atlantis	
TBM_Do_Not_Repeat3	CAN Mapping	0		TBM_SCHEDULE_FD_1.TBM_Do_Not_Repeat3			TBM_SCHEDULE3.Do_Not_Repeat3				Atlantis	
TBM_Enable_Climate_Schedule1	CAN Mapping	0		CLIMATE_SCHEDULE_TBM.TBM_Enable_ClimateSchd1	CAN-FD	See dbc for signal details and enumerations					Atlantis	
TBM_Enable_Climate_Schedule2	CAN Mapping	0		CLIMATE_SCHEDULE_TBM.TBM_Enable_ClimateSchd2	CAN-FD	See dbc for signal details and enumerations					Atlantis	
TBM_Enable_Schedule1	CAN Mapping	0		TBM_SCHEDULE_FD_1.TBM_Enable_Schedule1			TBM_SCHEDULE1.Enable_Schedule1				Atlantis	
TBM_Enable_Schedule2	CAN Mapping	0		TBM_SCHEDULE_FD_1.TBM_Enable_Schedule2			TBM_SCHEDULE2.Enable_Schedule2				Atlantis	
TBM_Enable_Schedule3	CAN Mapping	0		TBM_SCHEDULE_FD_1.TBM_Enable_Schedule3			TBM_SCHEDULE3.Enable_Schedule3				Atlantis	
TBM_EnableSchedule	CAN Mapping	0	TBM Charge Schedule Enable								Atlantis	
TBM_End_Time_Hr1	CAN Mapping	0		TBM_SCHEDULE_FD_1.TBM_End_Time_Hr1			TBM_SCHEDULE1.End_Time_Hr1				Atlantis	
TBM_End_Time_Hr2	CAN Mapping	0		TBM_SCHEDULE_FD_1.TBM_End_Time_Hr2			TBM_SCHEDULE2.End_Time_Hr2				Atlantis	
TBM_End_Time_Hr3	CAN Mapping	0		TBM_SCHEDULE_FD_1.TBM_End_Time_Hr3			TBM_SCHEDULE3.End_Time_Hr3				Atlantis	
TBM_End_Time_Min1	CAN Mapping	0		TBM_SCHEDULE_FD_1.TBM_End_Time_Min1			TBM_SCHEDULE1.End_Time_Min1				Atlantis	
TBM_End_Time_Min2	CAN Mapping	0		TBM_SCHEDULE_FD_1.TBM_End_Time_Min2			TBM_SCHEDULE2.End_Time_Min2				Atlantis	
TBM_End_Time_Min3	CAN Mapping	0		TBM_SCHEDULE_FD_1.TBM_End_Time_Min3			TBM_SCHEDULE3.End_Time_Min3				Atlantis	
TBM_FD_ROAD_TYPE	CAN Mapping	0		TBM_FD_1.SLI_CS_ROAD_TYPE	FD	see dbc file					Atlantis	
TBM_Schedule_Day1	CAN Mapping	0		TBM_SCHEDULE_FD_1.TBM_Schedule_Day1			TBM_SCHEDULE1.Schedule_Day1				Atlantis	
TBM_Schedule_Day2	CAN Mapping	0		TBM_SCHEDULE_FD_1.TBM_Schedule_Day2			TBM_SCHEDULE2.Schedule_Day2				Atlantis	
TBM_Schedule_Day3	CAN Mapping	0		TBM_SCHEDULE_FD_1.TBM_Schedule_Day3			TBM_SCHEDULE3.Schedule_Day3				Atlantis	
TBM_SCHEDULE_DC_PwrLevRem_Req	CAN Mapping	0		TBM_SCHEDULE_FD_1.DC_PwrLev_Rem_Req	FD	see dbc					Atlantis	
TBM_SCHEDULE_PowerLevel_Req	CAN Mapping	0		TBM_SCHEDULE_FD_1.TBM_PowerLevel_Req	CAN-FD	See dbc for signal details and enumerations					Atlantis	
TBM_SCHEDULE_SOC_Max_Lev_Rem_Req	CAN Mapping	0		TBM_SCHEDULE_FD_1.SOC_Max_Lev_Rem_Req	FD	see dbc					Atlantis	
TBM_Schedule_Type1	CAN Mapping	0		TBM_SCHEDULE_FD_1.TBM_Schedule_Type1			TBM_SCHEDULE1.Schedule_Type1				Atlantis	
TBM_Schedule_Type2	CAN Mapping	0		TBM_SCHEDULE_FD_1.TBM_Schedule_Type2			TBM_SCHEDULE2.Schedule_Type2				Atlantis	
TBM_Schedule_Type3	CAN Mapping	0		TBM_SCHEDULE_FD_1.TBM_Schedule_Type3			TBM_SCHEDULE3.Schedule_Type3				Atlantis	
TBM_SpaaK_Comm	CAN Mapping	0	SpaaK module shall communicate with the backend via TBM and SGW.	TBM_SpaaK_Comm.TBM_Spaak_Comm_Sig	FD	See dbc					Atlantis	
TBM_SPEED_LIMIT	CAN Mapping	0		TBM_FD_1.SLI_CS_SPEED_LIMIT	FD	see dbc file					Atlantis	
TBM_Start_Time_Hr1	CAN Mapping	0		TBM_SCHEDULE_FD_1.TBM_Start_Time_Hr1			TBM_SCHEDULE1.Start_Time_Hr1				Atlantis	
TBM_Start_Time_Hr2	CAN Mapping	0		TBM_SCHEDULE_FD_1.TBM_Start_Time_Hr2			TBM_SCHEDULE2.Start_Time_Hr2				Atlantis	
TBM_Start_Time_Hr3	CAN Mapping	0		TBM_SCHEDULE_FD_1.TBM_Start_Time_Hr3			TBM_SCHEDULE3.Start_Time_Hr3				Atlantis	
TBM_Start_Time_Min1	CAN Mapping	0		TBM_SCHEDULE_FD_1.TBM_Start_Time_Min1			TBM_SCHEDULE1.Start_Time_Min1				Atlantis	
TBM_Start_Time_Min2	CAN Mapping	0		TBM_SCHEDULE_FD_1.TBM_Start_Time_Min2			TBM_SCHEDULE2.Start_Time_Min2				Atlantis	
TBM_Start_Time_Min3	CAN Mapping	0		TBM_SCHEDULE_FD_1.TBM_Start_Time_Min3			TBM_SCHEDULE3.Start_Time_Min3				Atlantis	
TBM_StopCharge	CAN Mapping	0	Remote Stop HV Charging Command	TBM_COOP_CHARGING.TBM_StopCharge	FD	0=No Charge; 1=Stop Charge					Atlantis	
TBM_StopNow	CAN Mapping	0								As of V1.49 this LID is not used.	Atlantis	
TBM_StopNow_Ack	CAN Mapping	0								As of V1.49 this LID is not used.	Atlantis	
TBM_Submit_Climate_Schedule1	CAN Mapping	0		CLIMATE_SCHEDULE_TBM.TBM_Submit_ClimateSchd1	CAN-FD	See dbc for signal details and enumerations					Atlantis	
TBM_Submit_Climate_Schedule2	CAN Mapping	0		CLIMATE_SCHEDULE_TBM.TBM_Submit_ClimateSchd2	CAN-FD	See dbc for signal details and enumerations					Atlantis	
TBM_Submit_Schedule1	CAN Mapping	0		TBM_SCHEDULE_FD_1.TBM_Submit_Schedule1			TBM_SCHEDULE1.Submit_Schedule1				Atlantis	
TBM_Submit_Schedule2	CAN Mapping	0		TBM_SCHEDULE_FD_1.TBM_Submit_Schedule2			TBM_SCHEDULE2.Submit_Schedule2				Atlantis	
TBM_Submit_Schedule3	CAN Mapping	0		TBM_SCHEDULE_FD_1.TBM_Submit_Schedule3			TBM_SCHEDULE3.Submit_Schedule3				Atlantis	
TBM_SubmitSchedule	CAN Mapping	0	TBM Charge Schedule Submit								Atlantis	
TBM_SystemStatus	CAN Mapping	0									Atlantis	
TBM_WeekdayChargeUntilFull	CAN Mapping	0	TBM Charge Schedule Weekday Charge Until Full								Atlantis	
TBM_WeekdayTmHour_End	CAN Mapping	0	TBM Charge Schedule Weekday end time hour								Atlantis	
TBM_WeekdayTmHour_Start	CAN Mapping	0	TBM Charge Schedule Weekday Start time hour								Atlantis	
TBM_WeekdayTmMinute_End	CAN Mapping	0	TBM Charge Schedule Weekday end time minute								Atlantis	
TBM_WeekdayTmMinute_Start	CAN Mapping	0	TBM Charge Schedule Weekday start time minute								Atlantis	
TBM_WeekendChargeUntilFull	CAN Mapping	0	TBM Charge Schedule Weekend Submit								Atlantis	
TBM_WeekendTmHour_End	CAN Mapping	0	TBM Charge Schedule Weekend end time hour								Atlantis	
TBM_WeekendTmHour_Start	CAN Mapping	0	TBM Charge Schedule Weekend Start time hour								Atlantis	
TBM_WeekendTmMinute_End	CAN Mapping	0	TBM Charge Schedule Weekend end time minute								Atlantis	
TBM_WeekendTmMinute_Start	CAN Mapping	0	TBM Charge Schedule Weekend start time minute								Atlantis	
TBMMuteRq	CAN Mapping	0	TBM Audio Mute Request	TBM_FD_1.Audio_MuteRq	FD	1 bit signal	DOES NOT EXIST		N/A		Atlantis	
TBMupdate	CAN Mapping	0	TBM update notification	TBM_FD_2.TBM_REFLASH TBM_FD_1.UpdateSts	FD	0 = No Updates Ready 1 = Updates Ready for Install 2 = Forced_Update 3 = Update_Start 4 = Update_End 5 = Update_Fail 7 = SNA 0=No_Update 1=Update_Avaiable 2=Update_Start 3=Update_End 4=Forced_Update 5=Update_Fail 6=Silent_Update	FOTA_TBM.UpdateSts	CAN-B	0 = No_Update 1 = Update_Avaiable 2 = Update_Start 3 = Update_End 4 = Forced_Update 5 = Update_Fail 6 = Silent_Update	CR11036	Atlantis	
Tcase2WD_Stat	CAN Mapping	0		DRIVETRAIN_FD_3.Tcase2WD_Stat	FD	See dbc					Atlantis	
Tcase2WD_Stat	CAN Mapping	0	Cluster indication for transfer case status is 2WD							CR10644	Atlantis	
Tcase2WD_Stat	CAN Mapping	0									Atlantis	
Tcase4Lock	CAN Mapping	0		DRIVETRAIN_FD_3.Tcase4Lock	FD	See dbc					Atlantis	
Tcase4Lock	CAN Mapping	0	Cluster indication for transfer case status is 4WD LOCK						ATLANTIS	CR10644 Tcase4Lock	Atlantis	ATL_HIGH_EMPTY
Tcase4Lock	CAN Mapping	0									Atlantis	
Tcase4Low	CAN Mapping	0		DRIVETRAIN_FD_2.TerSt_SWITCH2	FD	See dbc					Atlantis	
Tcase4Low	CAN Mapping	0	Cluster indication for transfer case status is 4WD LOW	DRIVETRAIN_FD_3.TCASERANGESTATUS	FD	0 = HIGH 1 = NTRL 2 = LOW 3 = SNA	DRIVETRAIN1.TCASERANGESTATUS		ATLANTIS	CR10644	Atlantis	
TcaseAWD	CAN Mapping	0		DRIVETRAIN_FD_3.TcaseAWD	FD	See dbc					Atlantis	
TcaseAWD	CAN Mapping	0	Cluster indication for transfer case status is AWD							CR10644	Atlantis	
TcaseAWD	CAN Mapping	0									Atlantis	
TCaseAWD_DrvMdRq	CAN Mapping	0	AWD Drive Mode Request ( transfer case)								Atlantis	
TcaseLampStatus	CAN Mapping	0	4WD Transfer Case						ATLANTIS		Atlantis	ATL_HIGH_EMPTY
TcaseLampStatus	CAN Mapping	0	4WD Transfer Case						ATLANTIS		Atlantis	ATL_HIGH_EMPTY
TcaseNtrlStat	CAN Mapping	0		DRIVETRAIN_FD_2.TerSt_SWITCH1	FD	See dbc					Atlantis	
TcaseNtrlStat	CAN Mapping	0	Cluster indication for transfer case is NEUTRAL						ATLANTIS	CR10644	Atlantis	ATL_HIGH_EMPTY
TCASERANGESTATUS	CAN Mapping	0		DRIVETRAIN_FD_3.TCASERANGESTATUS	FD	See dbc					Atlantis	
TCM_ManMd	CAN Mapping	0	Transmission in manual mode							N/A for CUSW	Atlantis	
TeenKeyPresent	CAN Mapping	0	Teen key present	N/A			N/A		N/A	Only used on RU	Atlantis	
Telematic_Power	CAN Mapping	0	Uconnect Power	TELEMATIC_FD_4.PowerSts_Telematic STATUS_TELEMATIC.PowerSts_Telematic	CAN_FD CAN-BH	0=Sleep 1=Standby 2=Timed 3=Idle 4=Full_Operation 5=Logistic_On 6=Bench 7=Partial_Operation	STATUS_TELEMATIC.PowerSts_Telematic		0=Sleep 1=Standby 2=Timed 3=Idle 4=Full_Operation 5=Logistic_On 6=Bench 7=Partial_Operation		Atlantis	
TemperatureUnit	CAN Mapping	0	Temperature Unit	IPC_VEHICLE_SETUP.Temp_Unit	FD	0 = °C 1 = °F	IPC_VEHICLE_SETUP.TemperatureUnit		0 = °C 1 = °F		Atlantis	
TerAWD_DrvMd_CfgSts	CAN Mapping	0	Terrain AWD Drive Mode Config Status								Atlantis	
TerMdInhbt	CAN Mapping	0									Atlantis	
TerMdStat	CAN Mapping	0	Terrain mode status							B and C CAN duplicates	Atlantis	
TerrainModeDesiredStat	CAN Mapping	0		ENGINE_FD_6.TerrainModeStat_ECM GW_B_4.TerrainModeStat_ECM GW_B_4.TerrainModeStat_VDCM	CAN_FD CAN-BH						Atlantis	
TerrainModeDesiredStat_ECM_CBC	CAN Mapping	0	Signal indicates customer desired terrain mode status.	ENGINE_FD_6.TerrainModeDesiredStat	FD	See dbc					Atlantis	
TerrainModeInterfaceButton_CBC	CAN Mapping	0	Signal indicates button has been pressed.								Atlantis	
TerrainModeStat_ECM_CBC	CAN Mapping	0		<pending>.TerrainModeStat_ECM_CBC	FD					Message pending	Atlantis	
TerrainModeStatus	CAN Mapping	0		DRIVETRAIN_FD_2.TerMdStat	FD	Atlantis 4 bit signal 0 = AUTO 2 = ROCK 4 = SNOW 8 = SPORT 9 = MUD_SAND 10 = MUD 11 = SAND 15 = SNA	DRIVETRAIN2.TerrainModeStat		Atlantis 4 bit signal 0 = AUTO 2 = ROCK 4 = SNOW 8 = SPORT 9 = MUD_SAND 10 = MUD 11 = SAND 15 = SNA	B and C CAN duplicates	Atlantis	
TerSt_LED1	CAN Mapping	0									Atlantis	
TerSt_LED2	CAN Mapping	0									Atlantis	
TerSt_LED3	CAN Mapping	0									Atlantis	
TerSt_LED4	CAN Mapping	0									Atlantis	
TerSt_LED5	CAN Mapping	0									Atlantis	
TGW_DISP_STAT	CAN Mapping	0	HU display status	TELEMATIC_DISPLAY2.TGW_DISP_STATSts TELEMATIC_FD_4.TGW_DISP_STATSts	CAN-B CAN-FD	CAN-BH: 0=Display_off 1= Diplay_closed 2=Normal_mode 3=DVD_menu 4=DVD_Setup 5=DVD_display 6=Mode_select_display 7=Rear_Camera_Display 8=On_blanked_screen 9=Splashscreen_Display A=Rear Entertainment HMI B=Rear Entertainment Full Screen Video C=DTV Program Display D= DTV fullscreen Video Display E=DTV Camera Video Display F= SNA	TELEMATIC_DISPLAY2.TGW_DISP_STATSts		0=Display_off 1= Diplay_closed 2=Normal_mode 3=DVD_menu 4=DVD_Setup 5=DVD_display 6=Mode_select_display 7=Rear_Camera_Display 8=On_blanked_screen 9=Splashscreen_Display A=Rear Entertainment HMI B=Rear Entertainment Full Screen Video C=DTV Program Display D= DTV fullscreen Video Display E=DTV Camera Video Display F= SNA		Atlantis	
TGW_FPDM_DISP_STAT	CAN Mapping	0	ETM informing FPDM display status	RADIO_B2.TGW_FPDM_DISP_STATSts	CAN-B	0 = OFF 1 = ON 2 = BLANK 3 = DISP_HOT 7 = SNA					Atlantis	
TGW_JUMP_FUNC	CAN Mapping	0	jump to specified location request from HU	TELEMATIC_FD_12.TGW_JUMP_FUNC	FD	24 bit signal See CFTS requirements for details	RADIO_B3.TGW_JUMP_FUNC				Atlantis	
TGW_JUMP_FUNC_HVAC	CAN Mapping	0		TELEMATIC_CLIMATE_SETUP.HVACJumpVAL	B-CAN	7 bit signal	TELEMATIC_CLIMATE_SETUP.HVACJumpVAL				Atlantis	
TGW_JUMP_FUNC_HVAC_M	CAN Mapping	0	TGW request to jump to HVAC function location								Atlantis	
TGW_JUMP_FUNC_HVAC_VRM	CAN Mapping	0								VRM is Pnet only. WL will add for Atlantis	Atlantis	
TGW_PT_CAB_DR	CAN Mapping	0	HU function request pointer for cabin mode	TGW_PT_CAB_DRSts	CAN-B	0= None 1= HU function request apply to cabin mode	TGW_PT_CAB_DRSts		0= None 1= HU function request apply to cabin mode		Atlantis	
TGW_PT_CAB_DR	CAN Mapping	0	HU function request pointer for cabin mode	TGW_PT_CAB_DRSts	CAN-B	0= None 1= HU function request apply to cabin mode	TGW_PT_CAB_DRSts		0= None 1= HU function request apply to cabin mode		Atlantis	
TGW_R_AC_RQ_M	CAN Mapping	0	Rear A/C on/off toggle request								Atlantis	
TGW_RQ_FUNC_HVAC	CAN Mapping	0		TELEMATIC_CLIMATE_SETUP.HVACFunc_Req	B-CAN	0 = No Function 1 = FTDRVTemp_Inc 2 = FTDRVTemp_Dec 3 = FTDRVTemp_JUMP 4 = FTPSNTemp_Inc 5 = FTPSNTemp_Dec 6 = FTPSNTemp_JUMP 7 = RRTemp_DRV_Inc 8 = RRTemp_DRV_Dec 9 = RRTemp_DRV_JUMP 10 = FTBlw_Inc 11 = FTBlw_Dec 12 = FTBlw_JUMP 13 = RRBlw_Inc 14 = RRBlw_Dec 15 = RRBlw_JUMP 16 = RRTemp_PAS_Inc 17 = RRTemp_PAS_Dec 18 = RRTemp_PAS_JUMP 31 = SNA	TELEMATIC_CLIMATE_SETUP.HVACFunc_Req				Atlantis	
TGW_RQ_FUNC_HVAC_M	CAN Mapping	0	TGW request HVAC function								Atlantis	
TGW_RQ_FUNC_R_HVAC	CAN Mapping	0		New signal being created for WL							Atlantis	
TGW_RQ_FUNC_R_HVAC	CAN Mapping	0									Atlantis	
TGW_RQ_FUNC_R_HVAC_M	CAN Mapping	0	TGW request rear HVAC function								Atlantis	
TGW_RQ_FUNC_R_HVAC_VRM	CAN Mapping	0		VRM_FD_1.TGW_RQ_FUNC_R_HVAC_VRM							Atlantis	
TGW_RQ1	CAN Mapping	0	HU function request to A&T modules- 1st set	TGW_Rq1Sts	CAN-B	0= no function request 1= ... See CCM function reference tables for all values up to 254	TGW_Rq1Sts		0= no function request 1= ... See CCM function reference tables for all values up to 254		Atlantis	
TGW_RQ2	CAN Mapping	0	HU function request to A&T modules- 2nd set	TELEMATIC_FD_5.TGW_Rq2Sts		0= no function request 1= ... See CCM function reference tables for all values up to 254	TGW_Rq2Sts		0= no function request 1= ... See CCM function reference tables for all values up to 254		Atlantis	
TGW_RQ3	CAN Mapping	0	HU function request to A&T modules- 1st set								Atlantis	
TGW_RSP	CAN Mapping	0	HU response for any invalid/unavailable request	TELEMATIC_FD_12.TGW_RSP	FD	8 bit signal See CFTS requirements for details 0 = No_FUNC_RQ 255 = SNA	TELEMATIC_DISPLAY1.TGW_RSPSts				Atlantis	
THEFT_ALARM_STAT	CAN Mapping	0									Atlantis	
TheftAlarm	CAN Mapping	0	TheftAlarm Status	BCM_FD_9.TheftAlarmStatus	FD	ATLANTIS 3 bit signal 0 = VTA_DISARM 1 = VTA_PREARM 2 = VTA_ARM 3 = VTA_LGT 4 = VTA_LGT_HORN 5 = VTA_TAMP 6 = VTA_ITM_Alarm 7 = SNA	BODY4.TheftAlarmStatus		ATLANTIS 3 bit signal 0 = VTA_DISARM 1 = VTA_PREARM 2 = VTA_ARM 3 = VTA_LGT 4 = VTA_LGT_HORN 5 = VTA_TAMP 6 = VTA_ITM_Alarm 7 = SNA		Atlantis	
ThreeDSurr_MDSts	CAN Mapping	0		RADIO_B7.ThreeDSurr_MDSts	CAN-B	"""0x0 OFF 0x1 2D 0x2 3D"""					Atlantis	
TimeToCharge	CAN Mapping	0	Time to reach the Charging Station	TELEMATIC_FD_15.TimeToCharge	CAN-FD	0 : No Information available 255 : No Charging Destination					Atlantis	
Tire_Pressure_Stat	CAN Mapping	0	Tire Pressure Lamp	IPC_FD_3.TIRE_PRESSURE_STAT	FD	0 = Off 1 = On 2 = Blinking 3 = SNA					Atlantis	
TireFL	CAN Mapping	0	Tire Inflation state Front Left	BRAKE_FD_5.TyreInflationState_LHF_Tyre	FD	2 bit signal 0=Normal_Tyre_Pressure 1=Under_Inflated_Tyre 2=Significantly_Under_Inflated_Tyre 3=Over_Inflated_Tyre	BRAKE8.TyreInflationState_LHF_Tyre		2 bit signal 0=Normal_Tyre_Pressure 1=Under_Inflated_Tyre 2=Significantly_Under_Inflated_Tyre 3=Over_Inflated_Tyre		Atlantis	
TireFR	CAN Mapping	0	Tire Inflation state Front Right	BRAKE_FD_5.TyreInflationState_RHF_Tyre	FD	2 bit signal 0=Normal_Tyre_Pressure 1=Under_Inflated_Tyre 2=Significantly_Under_Inflated_Tyre 3=Over_Inflated_Tyre	BRAKE8.TyreInflationState_RHF_Tyre		2 bit signal 0=Normal_Tyre_Pressure 1=Under_Inflated_Tyre 2=Significantly_Under_Inflated_Tyre 3=Over_Inflated_Tyre		Atlantis	
TirePressFL	CAN Mapping	0	Tire Pressure front left	RFHUB_FD_3.PressureValue_LHF_Tyre	FD	ATLANTIS 6 bit signal 0 .7 - 7 Offset = 0.7 bar Resolution = 0.1 bar	STATUS_TPM1.PressureValue_LHF_Tyre		ATLANTIS 6 bit signal 0 .7 - 7 Offset = 0.7 bar Resolution = 0.1 bar	Transfer function was calculated as follows: 1 bar = 14.503773773 … so … 14.503773773 * resolution = 14.503773773 * .02745 = .3981 (CUSW) AND 14.503773773 * .1 = 1.4503773773 (Atlantis)	Atlantis	
TirePressFR	CAN Mapping	0	Tire Pressure front right	RFHUB_FD_3.PressureValue_RHF_Tyre	FD	ATLANTIS 6 bit signal 0 .7 - 7 Offset = 0.7 bar Resolution = 0.1 bar	STATUS_TPM1.PressureValue_RHF_Tyre		ATLANTIS 6 bit signal 0 .7 - 7 Offset = 0.7 bar Resolution = 0.1 bar	Transfer function was calculated as follows: 1 bar = 14.503773773 … so … 14.503773773 * resolution = 14.503773773 * .02745 = .3981 (CUSW) AND 14.503773773 * .1 = 1.4503773773 (Atlantis)	Atlantis	
TirePressRL	CAN Mapping	0	Tire Pressure rear left	RFHUB_FD_3.PressureValue_LHR_Tyre	FD	ATLANTIS 6 bit signal 0 .7 - 7 Offset = 0.7 bar Resolution = 0.1 bar	STATUS_TPM1.PressureValue_LHR_Tyre		ATLANTIS 6 bit signal 0 .7 - 7 Offset = 0.7 bar Resolution = 0.1 bar	Transfer function was calculated as follows: 1 bar = 14.503773773 … so … 14.503773773 * resolution = 14.503773773 * .02745 = .3981 (CUSW) AND 14.503773773 * .1 = 1.4503773773 (Atlantis)	Atlantis	
TirePressRR	CAN Mapping	0	Tire Pressure rear right	RFHUB_FD_3.PressureValue_RHR_Tyre	FD	ATLANTIS 6 bit signal 0 .7 - 7 Offset = 0.7 bar Resolution = 0.1 bar	STATUS_TPM1.PressureValue_RHR_Tyre		ATLANTIS 6 bit signal 0 .7 - 7 Offset = 0.7 bar Resolution = 0.1 bar	Transfer function was calculated as follows: 1 bar = 14.503773773 … so … 14.503773773 * resolution = 14.503773773 * .02745 = .3981 (CUSW) AND 14.503773773 * .1 = 1.4503773773 (Atlantis)	Atlantis	
TirePressure5	CAN Mapping	0	Tire pressure rear left outside on dually				No Signal. USED FOR TRUCKS…		NA	Transfer function was calculated as follows: 1 bar = 14.503773773 … so … 14.503773773 * resolution = 14.503773773 * .02745 = .3981 (CUSW)	Atlantis	ATL_HIGH_EMPTY
TirePressure6	CAN Mapping	0	Tire pressure rear right outside on dually				No Signal. USED FOR TRUCKS…		N/A	Transfer function was calculated as follows: 1 bar = 14.503773773 … so … 14.503773773 * resolution = 14.503773773 * .02745 = .3981 (CUSW)	Atlantis	ATL_HIGH_EMPTY
TireRL	CAN Mapping	0	Tire Inflation state Right Left	BRAKE_FD_5.TyreInflationState_LHR_Tyre	FD	2 bit signal 0=Normal_Tyre_Pressure 1=Under_Inflated_Tyre 2=Significantly_Under_Inflated_Tyre 3=Over_Inflated_Tyre	BRAKE8.TyreInflationState_LHR_Tyre		2 bit signal 0=Normal_Tyre_Pressure 1=Under_Inflated_Tyre 2=Significantly_Under_Inflated_Tyre 3=Over_Inflated_Tyre		Atlantis	
TireRR	CAN Mapping	0	Tire Inflation state Right Right	BRAKE_FD_5.TyreInflationState_RHR_Tyre	FD	2 bit signal 0=Normal_Tyre_Pressure 1=Under_Inflated_Tyre 2=Significantly_Under_Inflated_Tyre 3=Over_Inflated_Tyre	BRAKE8.TyreInflationState_RHR_Tyre		2 bit signal 0=Normal_Tyre_Pressure 1=Under_Inflated_Tyre 2=Significantly_Under_Inflated_Tyre 3=Over_Inflated_Tyre		Atlantis	
TLM_MANAGED_TIME_DATE_Day	CAN Mapping	0	Telematic Managed Time Date: Day				TLM_MANAGED_TIME_DATE.Day1_TLM_Master TLM_MANAGED_TIME_DATE.Day2_TLM_Master	CAN-B	4 bits each 0 to 9 (digit 1) 0 to 9 (digit 2)		Atlantis	ATL_HIGH_EMPTY
TLM_MANAGED_TIME_DATE_Hour	CAN Mapping	0	Telematic Managed Time Date: Hour				TLM_MANAGED_TIME_DATE.Hour1_TLM_Master TLM_MANAGED_TIME_DATE.Hour2_TLM_Master	CAN-B	4 bits each 0 to 9 (digit 1) 0 to 9 (digit 2)		Atlantis	ATL_HIGH_EMPTY
TLM_MANAGED_TIME_DATE_Minute	CAN Mapping	0	Telematic Managed Time Date: Minute				TLM_MANAGED_TIME_DATE.Minute1_TLM_Master TLM_MANAGED_TIME_DATE.Minute2_TLM_Master	CAN-B	4 bits each 0 to 9 (digit 1) 0 to 9 (digit 2)		Atlantis	ATL_HIGH_EMPTY
TLM_MANAGED_TIME_DATE_Month	CAN Mapping	0	Telematic Managed Time Date: Month				TLM_MANAGED_TIME_DATE.Month1_TLM_Master TLM_MANAGED_TIME_DATE.Month2_TLM_Master	CAN-B	4 bits each 0 to 9 (digit 1) 0 to 9 (digit 2)		Atlantis	ATL_HIGH_EMPTY
TLM_MANAGED_TIME_DATE_Year	CAN Mapping	0	Telematic Managed Time Date: Year				TLM_MANAGED_TIME_DATE.Year1_TLM_Master TLM_MANAGED_TIME_DATE.Year2_TLM_Master TLM_MANAGED_TIME_DATE.Year3_TLM_Master TLM_MANAGED_TIME_DATE.Year4_TLM_Master	CAN-B	4 bits each 0 to 9 (digit 1) 0 to 9 (digit 2) 0 to 9 (digit 3) 0 to 9 (digit 4)		Atlantis	ATL_HIGH_EMPTY
ToneBAL	CAN Mapping	0	Balance Level	CTRL_AMP.BAL_LVLSts	CAN-B	5 bit signal See .dbc for value enumerations	CTRL_AMP.BAL_LVLSts		5 bit signal 0 = LVL_N10 1 = LVL_N9 2 = LVL_N8 3 = LVL_N7 4 = LVL_N6 5 = LVL_N5 6 = LVL_N4 7 = LVL_N3 8 = LVL_N2 9 = LVL_N1 10 = LVL_NTRL 11 = LVL_P1 12 = LVL_P2 13 = LVL_P3 14 = LVL_P4 15 = LVL_P5 16 = LVL_P6 17 = LVL_P7 18 = LVL_P8 19 = LVL_P9 20 = LVL_P10		Atlantis	
ToneBASS	CAN Mapping	0	Bass Range Level	CTRL_AMP.BASS_LVLSts	CAN-B	5 bit signal See .dbc for value enumerations	CTRL_AMP.BASS_LVLSts		5 bit signal 0 = LVL_N10 1 = LVL_N9 2 = LVL_N8 3 = LVL_N7 4 = LVL_N6 5 = LVL_N5 6 = LVL_N4 7 = LVL_N3 8 = LVL_N2 9 = LVL_N1 10 = LVL_NTRL 11 = LVL_P1 12 = LVL_P2 13 = LVL_P3 14 = LVL_P4 15 = LVL_P5 16 = LVL_P6 17 = LVL_P7 18 = LVL_P8 19 = LVL_P9 20 = LVL_P10		Atlantis	
ToneFADE	CAN Mapping	0	Fade Level	CTRL_AMP.FD_LVLSts	CAN-B	5 bit signal See .dbc for value enumerations	CTRL_AMP.FD_LVLSts		5 bit signal 0 = LVL_N10 1 = LVL_N9 2 = LVL_N8 3 = LVL_N7 4 = LVL_N6 5 = LVL_N5 6 = LVL_N4 7 = LVL_N3 8 = LVL_N2 9 = LVL_N1 10 = LVL_NTRL 11 = LVL_P1 12 = LVL_P2 13 = LVL_P3 14 = LVL_P4 15 = LVL_P5 16 = LVL_P6 17 = LVL_P7 18 = LVL_P8 19 = LVL_P9 20 = LVL_P10		Atlantis	
ToneMID	CAN Mapping	0	Mid Range Level	CTRL_AMP.MID_LVLSts	CAN-B	5 bit signal See .dbc for value enumerations	CTRL_AMP.MID_LVLSts		5 bit signal 0 = LVL_N10 1 = LVL_N9 2 = LVL_N8 3 = LVL_N7 4 = LVL_N6 5 = LVL_N5 6 = LVL_N4 7 = LVL_N3 8 = LVL_N2 9 = LVL_N1 10 = LVL_NTRL 11 = LVL_P1 12 = LVL_P2 13 = LVL_P3 14 = LVL_P4 15 = LVL_P5 16 = LVL_P6 17 = LVL_P7 18 = LVL_P8 19 = LVL_P9 20 = LVL_P10		Atlantis	
ToneTREB	CAN Mapping	0	Treble Range Level	CTRL_AMP.TREB_LVLSts	CAN-B	5 bit signal See .dbc for value enumerations	CTRL_AMP.TREB_LVLSts		5 bit signal 0 = LVL_N10 1 = LVL_N9 2 = LVL_N8 3 = LVL_N7 4 = LVL_N6 5 = LVL_N5 6 = LVL_N4 7 = LVL_N3 8 = LVL_N2 9 = LVL_N1 10 = LVL_NTRL 11 = LVL_P1 12 = LVL_P2 13 = LVL_P3 14 = LVL_P4 15 = LVL_P5 16 = LVL_P6 17 = LVL_P7 18 = LVL_P8 19 = LVL_P9 20 = LVL_P10		Atlantis	
Torque	CAN Mapping	0	Static engine torque / Effective engine torque	PT_TORQUE_FD_1.SumTorqueStatic	FD		ENGINE4.EngineTorque		ATLANTIS 11 bit signal -500 - 1546 nm Resolution =1 nm		Atlantis	
Torque_Stat	CAN Mapping	0	Torque Lamp								Atlantis	
TorqueUnit	CAN Mapping	0									Atlantis	
TorqueUnit	CAN Mapping	0									Atlantis	
Total_AxleTorque_Max	CAN Mapping	0		AXLE_TORQUE_FD_1.Total_AxleTorque_Max	FD	See dbc					Atlantis	
Total_AxleTorque_Min	CAN Mapping	0		AXLE_TORQUE_FD_1.Total_AxleTorque_Min	FD	See dbc					Atlantis	
Total_AxleTorque_Static	CAN Mapping	0		PT_TORQUE_FD_1.Total_AxleTorque_Static	FD	See dbc					Atlantis	
Total_Battery_Capacity	CAN Mapping	0	Total Battery capacity in kWh	HCP_CHARGING_STAT.Total_Battery_Capacity	FD	n/a					Atlantis	
Total_Range	CAN Mapping	0		IPC_FD_13.Total_Range VDCM_HMI.EstRange IPC_FD_13.Gas_Range IPC_FD_5.Est_Range_Disp_Long	FD	Atlantis 11 bit signal 0 - 2047 km resolution = 1 km	TRIP_A_B.AutonomyDistance		Atlantis 11 bit signal 0 - 2047 km resolution = 1 km	>332BEV Atlantice Mid to use TRIP_A_B.AutonomyDistance Atlantis High Mapping is based on $Hybrid_Type$ $Hybrid_Type$ = [BEV] AND $VC_VEH_LINE$≠ [DT]-> VDCM_HMI.EstRange $Hybrid_Type$ = [PHEV] ->IPC_FD_13.Total_Range $Hybrid_Type$ = [[REPB] OR [FCEV]] -> IPC_FD_5.Est_Range_Disp_Long $Hybrid_Type$ = [BEV] AND $VC_VEH_LINE$ = [DT] -> IPC_FD_5.Est_Range_Disp_Long $Hybrid_Type$ = Else->IPC_FD_13.Gas_Range	Atlantis	
Touchscreen_ICS	CAN Mapping	0		Radio_B4.AudibleTouchscreenFeedback	CAN-BH	0=disabled 1=enabled					Atlantis	
TOW_HAUL_STAT	CAN Mapping	0		IPC_FD_3.TOW_HAUL_STAT	Seed dbc	See dbc					Atlantis	
TPM_Prog_Not_Complete	CAN Mapping	0		TPM_A6.TPM_Prog_Not_Complete			TPM_A6.TPM_Prog_Not_Complete				Atlantis	
TPM_Programming_Complete	CAN Mapping	0		TPM_A6.TPM_Programming_Complete			TPM_A6.TPM_Programming_Complete				Atlantis	
TPMLearnHornChirp	CAN Mapping	0		TPM_A6.TPMLearnHornChirp			TPM_A6.TPMLearnHornChirp				Atlantis	
TPMSensor_Programmed	CAN Mapping	0		TPM_A6.TPMSensor_Programmed			TPM_A6.TPMSensor_Programmed				Atlantis	
TPMServiceWarningStatus	CAN Mapping	0	Tire pressure indication request	STATUS_CCAN6.InflationState_LHF_Tyre STATUS_CCAN6.InflationState_RHF_Tyre STATUS_CCAN6.InflationState_LHR_Tyre STATUS_CCAN6.InflationState_RHR_Tyre 'STATUS_CCAN6.TyrePressureSystemFailSts	CAN-B	ATLANTIS 2 bit signal (InflationState_XXX_Tyre) 0 = Normal_Tyre_Pressure 1 = Under_Inflated_Tyre 2 = SignificantlyUnderInflatedTyre 3 = Over_Inflated_Tyre 4 = Sensor_Missing 1 bit signal (TyrePressureSystemFailSts) 0 = Fail not present 1 = Fail present	STATUS_CCAN6.InflationState_LHF_Tyre STATUS_CCAN6.InflationState_RHF_Tyre STATUS_CCAN6.InflationState_LHR_Tyre STATUS_CCAN6.InflationState_RHR_Tyre 'STATUS_CCAN6.TyrePressureSystemFailSts		ATLANTIS 2 bit signal (InflationState_XXX_Tyre) 0 = Normal_Tyre_Pressure 1 = Under_Inflated_Tyre 2 = SignificantlyUnderInflatedTyre 3 = Over_Inflated_Tyre 4 = Sensor_Missing 1 bit signal (TyrePressureSystemFailSts) 0 = Fail not present 1 = Fail present		Atlantis	
TPMServiceWarningStatus2	CAN Mapping	0		RFHUB_FD_3.InflationState_LHF_Tyre RFHUB_FD_3.InflationState_RHF_Tyre RFHUB_FD_3.InflationState_RHR_Tyre RFHUB_FD_3.InflationState_LHR_Tyre			STATUS_TPM1.InflationState_LHF_Tyre STATUS_TPM1.InflationState_LHR_Tyre STATUS_TPM1.InflationState_RHF_Tyre STATUS_TPM1.InflationState_RHR_Tyre				Atlantis	
TRAC_PSD	CAN Mapping	0	ESC off	BCM_FD_12.TRAC_PSD	FD	0 = NOT_PRESSED 1 = PRESSED	BRAKE6.ESP_DSBL		Enabled Disabled		Atlantis	
Trailer_Configured	CAN Mapping	0		TPM_A6.Trailer_Configured			TPM_A6.Trailer_Configured				Atlantis	
Trailer_Gain_Down_Req	CAN Mapping	0	Trailer Brake - softkey	TELEMATIC_FD_11.HU_Iterate_Gain_Down	FD	ATLANTIS 1 bit signal 0 =Not_Pressed 1 = Pressed					Atlantis	
Trailer_Gain_Up_Req	CAN Mapping	0	Trailer Brake + softkey	TELEMATIC_FD_11.HU_Iterate_Gain_Up	FD	ATLANTIS 1 bit signal 0 =Not_Pressed 1 = Pressed					Atlantis	
Trailer_Not_Configured	CAN Mapping	0		TPM_A6.Trailer_Not_Configured			TPM_A6.Trailer_Not_Configured				Atlantis	
TrailerBrake	CAN Mapping	0		BCM_FD_29.ITBM_OP_PWR	Seed dbc	See dbc					Atlantis	
TrailerBrakeStyle	CAN Mapping	0									Atlantis	
TrailerConnectedSts	CAN Mapping	0	Trailer Connection Status	BCM_FD_27.TrailerConnectionSts	FD	0=Not_Connected 1=Connected 2=Not_Used 3=SNA					Atlantis	
TrailerConnectionStatus	CAN Mapping	0									Atlantis	
TrailerLightCheck	CAN Mapping	0		TBM_FD_1.UCONREQ_TBM_TrailerLightCheck	Seed dbc	See dbc					Atlantis	
TrailerLightCheckAutoActivation	CAN Mapping	0		<pending>.TrailerLightCheckAutoActivation	FD					Message pending	Atlantis	
TrailerNumber	CAN Mapping	0		BCM_FD_29.SelTrlrNum	Seed dbc	See dbc					Atlantis	
TrailerOdometer	CAN Mapping	0		BCM_FD_29.TrlrTripDist	See dbc	See dbc					Atlantis	
TrailerStyle	CAN Mapping	0		BCM_FD_29.SelTrlrStyle	Seed dbc	See dbc					Atlantis	
TrailerTirePress1	CAN Mapping	0		TPM_A4.TrailerTirePress1	Seed dbc	See dbc					Atlantis	
TrailerTirePress10	CAN Mapping	0		TPM_A5.TrailerTirePress10	Seed dbc	See dbc					Atlantis	
TrailerTirePress11	CAN Mapping	0		TPM_A5.TrailerTirePress11	Seed dbc	See dbc					Atlantis	
TrailerTirePress12	CAN Mapping	0		TPM_A5.TrailerTirePress12	Seed dbc	See dbc					Atlantis	
TrailerTirePress2	CAN Mapping	0		TPM_A4.TrailerTirePress2	Seed dbc	See dbc					Atlantis	
TrailerTirePress3	CAN Mapping	0		TPM_A4.TrailerTirePress3	Seed dbc	See dbc					Atlantis	
TrailerTirePress4	CAN Mapping	0		TPM_A4.TrailerTirePress4	Seed dbc	See dbc					Atlantis	
TrailerTirePress5	CAN Mapping	0		TPM_A4.TrailerTirePress5	Seed dbc	See dbc					Atlantis	
TrailerTirePress6	CAN Mapping	0		TPM_A4.TrailerTirePress6	Seed dbc	See dbc					Atlantis	
TrailerTirePress7	CAN Mapping	0		TPM_A5.TrailerTirePress7	Seed dbc	See dbc					Atlantis	
TrailerTirePress8	CAN Mapping	0		TPM_A5.TrailerTirePress8	Seed dbc	See dbc					Atlantis	
TrailerTirePress9	CAN Mapping	0		TPM_A5.TrailerTirePress9	Seed dbc	See dbc					Atlantis	
Trans_DrvMd_CfgSts	CAN Mapping	0	Transmission Drive Mode Configure Station	ENGINE_FD_6.Trns_DrvMd_CfgSts_ECM	FD	See dbc					Atlantis	
TransferCaseStatus TCASE_STAT	CAN Mapping	0	Transfer Case Status	DRIVETRAIN_FD_1.AWDSysStat	FD	0 = SH_IPG 1 = 4LO 2 = 4HI 3 = 2WD 4 = NEUTRAL 5 = SYNC_IPG 6 = 4WDLock 7 = SNA	DRIVETRAIN1.AWDSysStat				Atlantis	
TransmissionType	CAN Mapping	0	Transmission type; [0] = manual, [1] = automatic	TRANSM_FD_4.ShiftModeSts	FD	ATLANTIS 1 bit signal 0 = Manual 1 = Automatic	TRANSM2.ShiftModeSts		ATLANTIS	B and C CAN duplicates	Atlantis	
TransmissionWarnings	CAN Mapping	0	Transmission warnings	TRANSM_FD_4.TransmissionWarnings	FD	0 = None 1 thru 62 = Warn 1 thru Warn 62	TRANSM2.TransmissionWarnings		0 = None 1 thru 62 = Warn 1 thru Warn 62		Atlantis	
TransOverTemp	CAN Mapping	0	Excessive transmission temperature	TRANSM_FD_4.OilTemperatureSts	FD	ATLANTIS 1 bit signal 0 = Normal 1 = High	TRANSM2.OilTemperatureSts		ATLANTIS 1 bit signal 0 = Normal 1 = High		Atlantis	
TravelingTimeAPlus_Hour	CAN Mapping	0	TravelingTimeAPlus_Hour	Trip_A.TravelingTimeAPlus_Hour	CAN-B	10 bits 1 bit = 1 hour	Trip_A.TravelingTimeAPlus_Hour		10 bits 1 bit = 1 hour		Atlantis	
TravelingTimeAPlus_Minute	CAN Mapping	0	TravelingTimeAPlus_Minute	Trip_A.TravelingTimeAPlus_Minute	CAN-B	6 bits 1 bit = 1 minute	Trip_A.TravelingTimeAPlus_Minute		6 bits 1 bit = 1 minute	"Typo, only one ""l"" in traveling"	Atlantis	
TrboBstPress	CAN Mapping	0		ENGINE_FD_DIESEL.TrboBstPress							Atlantis	
Trip_Hours	CAN Mapping	0	Trip Hours	TELEMATIC_FD_15.ETA_Hour	FD	8 bit signal Units are Hours Offset = 0 Factor = 1 Range is 0 to 23 255 = SNA	RADIO_B6.ETA_Hour				Atlantis	
Trip_Minutes	CAN Mapping	0	*	TELEMATIC_FD_15.ETA_Minutes	FD	8 bit signal Units are min Offset = 0 Factor = 1 Range is 0 to 59 255 = SNA	RADIO_B6.ETA_Minutes				Atlantis	
Trip_RemHours	CAN Mapping	0	Trip remaining hours	TELEMATIC_FD_15.RemTmHours	FD	8 bit signal Units are Hours Offset = 0 Factor = 1 Range is 0 to 254 255 = SNA	RADIO_B6.RemTmHours				Atlantis	
Trip_RemMinutes	CAN Mapping	0	Trip remaining minutes	TELEMATIC_FD_15.RemTmMinutes	FD	8 bit signal Units are min Offset = 0 Factor = 1 Range is 0 to 59 255 = SNA	RADIO_B6.RemTmMinutes				Atlantis	
TRK_OPN_STAT	CAN Mapping	0									Atlantis	
TrlrLgtChkSts	CAN Mapping	0	See dbc	BCM_FD_29.Trailer_Light_Check_Status	See dbc	See dbc					Atlantis	
TrlrStyle_1	CAN Mapping	0		ITBM_A2.TrlrStyle_1 BCM_FD_29.TrlrStyle_1			ITBM_A2.TrlrStyle_1				Atlantis	
TrlrStyle_2	CAN Mapping	0		ITBM_A2.TrlrStyle_2 BCM_FD_29.TrlrStyle_2			ITBM_A2.TrlrStyle_2				Atlantis	
TrlrStyle_3	CAN Mapping	0		ITBM_A2.TrlrStyle_3 BCM_FD_29.TrlrStyle_3			ITBM_A2.TrlrStyle_3				Atlantis	
TrlrStyle_4	CAN Mapping	0		ITBM_A2.TrlrStyle_4 BCM_FD_29.TrlrStyle_4			ITBM_A2.TrlrStyle_4				Atlantis	
TrlTire10Stat	CAN Mapping	0		TPM_A5.TrlTire10_Stat	Seed dbc	See dbc					Atlantis	
TrlTire11Stat	CAN Mapping	0		TPM_A5.TrlTire11_Stat	Seed dbc	See dbc					Atlantis	
TrlTire12Stat	CAN Mapping	0		TPM_A5.TrlTire12_Stat	Seed dbc	See dbc					Atlantis	
TrlTire1Stat	CAN Mapping	0		TPM_A4.TrlTire1_Stat	Seed dbc	See dbc					Atlantis	
TrlTire2Stat	CAN Mapping	0		TPM_A4.TrlTire2_Stat	Seed dbc	See dbc					Atlantis	
TrlTire3Stat	CAN Mapping	0		TPM_A4.TrlTire3_Stat	Seed dbc	See dbc					Atlantis	
TrlTire4Stat	CAN Mapping	0		TPM_A4.TrlTire4_Stat	Seed dbc	See dbc					Atlantis	
TrlTire5Stat	CAN Mapping	0		TPM_A4.TrlTire5_Stat	Seed dbc	See dbc					Atlantis	
TrlTire6Stat	CAN Mapping	0		TPM_A4.TrlTire6_Stat	Seed dbc	See dbc					Atlantis	
TrlTire7Stat	CAN Mapping	0		TPM_A5.TrlTire7_Stat	Seed dbc	See dbc					Atlantis	
TrlTire8Stat	CAN Mapping	0		TPM_A5.TrlTire8_Stat	Seed dbc	See dbc					Atlantis	
TrlTire9Stat	CAN Mapping	0		TPM_A5.TrlTire9_Stat	Seed dbc	See dbc					Atlantis	
TrlTPMSetPress	CAN Mapping	0		Radio_A4.TrlTPMSetPress			Radio_A4.TrlTPMSetPress				Atlantis	
TrlTPMSetPress_TTPM	CAN Mapping	0		TPM_A6.TrlTPMSetPress_TTPM			TPM_A6.TrlTPMSetPress_TTPM				Atlantis	
Trns_DrvMdReq	CAN Mapping	0	Tansmission Drive Mode Request	TELEMATIC_FD_14.Trns_DrvMdReq	FD	See dbc					Atlantis	
TRSC_STAT	CAN Mapping	0	TRSC Status	TRSCM_FD_1.TRSC_STAT	FD	ATLANTIS 3 bits signal 0 Standby 1 Calibrating 2 PreActive 3 Active 7 SNA					Atlantis	
TRSCEnable_Req	CAN Mapping	0	TRSC Enable softkey	TELEMATIC_FD_11.TRSC_EnableBtn_Sts	FD	ATLANTIS 1 bit signal 0 =Not_Pressed 1 = Pressed					Atlantis	
TSI_Unit	CAN Mapping	0		IPC_VEHICLE_SETUP.Speed_Unit			IPC_VEHICLE_SETUP.DistanceUnit IPC_VEHICLE_SETUP.Speed_Unit			DistanceUnit in AtlMi applies only if Speed_Unit is not available.	Atlantis	
TSRSts	CAN Mapping	0	This signal indicates the Traffic Sign Recognition status	ADAS_FD_INFO2.TSRSts	FD	0 = Not_Active 1 = Active 2 = Blinded 3 = Fault	STATUS_CCAN8.TSRSts	CAN-B	0 = Not_Active 1 = Active 2 = Blinded 3 = Fault		Atlantis	
TuningMode	CAN Mapping	0		RADIO_B7.TuningMode	CAN-B	0x0 Default 0x1 Enhanced_Bass					Atlantis	
Tunnel_CS	CAN Mapping	0	Indicates the Segment Tunnel.				SEGMENT.ADAS_Seg_Tunnel	CAN-B			Atlantis	ATL_HIGH_EMPTY
TurnInd_LT_ON	CAN Mapping	0	Turn indicator left is on	BCM_FD_9.LHTurnSignalSts	FD	ATLANTIS 1 bit signal (LHTurnSignalSts) 0 = Off 1 = ON	EXTERNAL_LIGHTS.LHTurnSignalSts		ATLANTIS 1 bit signal (LHTurnSignalSts) 0 = Off 1 = ON		Atlantis	
TurnInd_ON	CAN Mapping	0					STATUS_BH_BCM2.TurnIndicationSts	CAN-BH	0 = Center 1 = Right 2 = Left 3 = SNA	The required signal shall be added for Atlantis architecture and for SR23 CFTS102 implementation	Atlantis	ATL_HIGH_EMPTY
TurnInd_RT_ON	CAN Mapping	0	Turn indicator right is on	BCM_FD_9.RHTurnSignalSts	FD	ATLANTIS 1 bit signal (LHTurnSignalSts) 0 = Off 1 = ON	EXTERNAL_LIGHTS.RHTurnSignalSts		ATLANTIS 1 bit signal (LHTurnSignalSts) 0 = Off 1 = ON		Atlantis	
TurtleModeSts	CAN Mapping	0		PT_SYSTEM_FD_1.TurtleModeSts_PT	FD	See dbc					Atlantis	
TurtleModeSts	CAN Mapping	0		VDCM_PWT.TurtleModeSts			HCP_1.TurtleModeSts				Atlantis	
TX_TEMP	CAN Mapping	0		TRANSM_FD_2.TransmissionTemperatureFailSts	FD	Atlantis 1 bit signal 0 = Fail_Not_Present 1 = Fail_Present	TRANSM_MOT2.TransmissionTemperatureFailSts		Atlantis 1 bit signal 0 = Fail_Not_Present 1 = Fail_Present		Atlantis	
TX_TEMP	CAN Mapping	0	Transmission fluid temperature	TRANSM_FD_2.TransmissionTemperature	FD	ATLANTIS 6 bit signal resolution = 3 deg C	TRANSM_MOT2.TransmissionTemperature		ATLANTIS 6 bit signal resolution = 3 deg C		Atlantis	
U_Call_Button	CAN Mapping	0									Atlantis	
U_Call_Stat	CAN Mapping	0									Atlantis	
UbssBlindRQSts	CAN Mapping	0					STATUS_UBSS_BH.Ubss_Blind_RQSts	CAN-BH	0 = No_Sensor_Blocked_Request 1 = Sensor_Blocked_Request	The required signal shall be added for Atlantis architecture and for SR23 CFTS102 implementation	Atlantis	ATL_HIGH_EMPTY
UbssOPRStatSts	CAN Mapping	0					STATUS_UBSS_BH.Ubss_OPR_StatSts	CAN-BH	0 = No_Operational_Failure 1 = OperatFailure_SystemUnavailable	The required signal shall be added for Atlantis architecture and for SR23 CFTS102 implementation	Atlantis	ATL_HIGH_EMPTY
UbssSRVRQSts	CAN Mapping	0					STATUS_UBSS_BH.Ubss_SRV_RQSts	CAN-BH	0 = No_Service_Request 1 = Service_Request	The required signal shall be added for Atlantis architecture and for SR23 CFTS102 implementation	Atlantis	ATL_HIGH_EMPTY
UbssSts	CAN Mapping	0					STATUS_UBSS_BH.Ubss_Sts	CAN-BH	0 = Initialization 1 = System_Off 2 = Bsd_Active 3 = Standby 4 = Disabled 5 = Unavailable 7 = SNA	The required signal shall be added for Atlantis architecture and for SR23 CFTS102 implementation	Atlantis	ATL_HIGH_EMPTY
Ucall_Btn_Stat	CAN Mapping	0	Ucall button status	STATUS_BH_IPC.U_CALL_PSD	CAN-B	1 bit 0 = Not pressed 1 = Pressed	STATUS_BH_IPC.U_CALL_PSD		1 bit 0 = Not pressed 1 = Pressed		Atlantis	
Ucall_Stat	CAN Mapping	0		TBM_SCHEDULE_FD_2.U_Call_Stat_TBM	FD	0 = Off 1 = Red_Solid 2 = Red_Blink 3 = Green_Blink_Fast 4 = Green_Blink_Slow 5 = Green_Solid 7 = SNA	STATUS_TELEMATIC.U_CALL_STAT		0 = Off 1 = Continuous_Light 2 = Blinking_Light 3 = SNA		Atlantis	
UConnReq	CAN Mapping	0	Uconnect Remote Request	U_CONN_REQ_TBM.UConnReq_TBM			U_CONN_Req.UconnReq		Continuous_Light		Atlantis	
UConnReqAuthCode	CAN Mapping	0	Uconnect Auth Code	U_CONN_Req.UconnReqAuthxode	CAN-B	16 bit code	U_CONN_Req.UconnReqAuthxode		Blinking_Light		Atlantis	
UConnReqFOBNum	CAN Mapping	0					U_CONNECT1.UConnReqFOBNum = FOB_1				Atlantis	ATL_HIGH_EMPTY
UConnSeed1	CAN Mapping	0	Uconnect Seed1	U_CONN_SEED.UconnSeed1	CAN-B	4 bit code	U_CONN_SEED.UconnSeed1		SNA		Atlantis	
UConnSeed2	CAN Mapping	0	Uconnect Seed2	U_CONN_SEED.UconnSeed2	CAN-B	4 bit code	U_CONN_SEED.UconnSeed2		4 bit code		Atlantis	
UConnSeed3	CAN Mapping	0	Uconnect Seed3	U_CONN_SEED.UconnSeed3	CAN-B	4 bit code	U_CONN_SEED.UconnSeed3		4 bit code		Atlantis	
UConnSeed4	CAN Mapping	0	Uconnect Seed4	U_CONN_SEED.UconnSeed4	CAN-B	4 bit code	U_CONN_SEED.UconnSeed4		4 bit code		Atlantis	
Upassnum	CAN Mapping	0	HU Updated Password number				HUReq_PASSWORD.FrameNumber			CR11036	Atlantis	ATL_HIGH_EMPTY
UPchar1	CAN Mapping	0	Updated Wifi Password Character 1				HUReq_PASSWORD.UTF_Char1		8 bit signal	CR10916	Atlantis	ATL_HIGH_EMPTY
UPchar2	CAN Mapping	0	Updated Wifi Password Character 2				HUReq_PASSWORD.UTF_Char2		8 bit signal	CR10916	Atlantis	ATL_HIGH_EMPTY
UPchar3	CAN Mapping	0	Updated Wifi Password Character 3				HUReq_PASSWORD.UTF_Char3		8 bit signal	CR10916	Atlantis	ATL_HIGH_EMPTY
UPchar4	CAN Mapping	0	Updated Wifi Password Character 4				HUReq_PASSWORD.UTF_Char4		8 bit signal	CR10916	Atlantis	ATL_HIGH_EMPTY
UPchar5	CAN Mapping	0	Updated Wifi Password Character 5				HUReq_PASSWORD.UTF_Char5		8 bit signal	CR10916	Atlantis	ATL_HIGH_EMPTY
UPchar6	CAN Mapping	0	Updated Wifi Password Character 6				HUReq_PASSWORD.UTF_Char6		8 bit signal	CR10916	Atlantis	ATL_HIGH_EMPTY
UPchar7	CAN Mapping	0	Updated Wifi Password Character 7				HUReq_PASSWORD.UTF_Char7		8 bit signal	CR10916	Atlantis	ATL_HIGH_EMPTY
Update_CS	CAN Mapping	0	Indicated the Segment Update.				SEGMENT.ADAS_Seg_Update	CAN-B			Atlantis	ATL_HIGH_EMPTY
UpdateAction	CAN Mapping	0	Action by the HU if there is a package ready to be installed by the TBM	TELEMATIC_FD_15.UpdateAction	FD	0 = No Request 1 = Update Later 2 = Update Now 3 = SNA	SERVICE_INFO.TBMUpdateAction	CAN-B	0 = No_Action 1 = Update_Later 2 = Update_Now		Atlantis	
UpdateDate	CAN Mapping	0	TBM updte date							CR11036	Atlantis	
UpdateTime	CAN Mapping	0	TBM update time							CR11036	Atlantis	
UPFrameID	CAN Mapping	0	Updated Password Frame ID	Removed with Multi-Frame?			HUReq_PASSWORD.FrameNumber		Atlantis 4 bit signal 0 = Frame1 1 = Frame2 2 = Frame3 3 = Frame4 4 = Frame5 5 = Frame6 6 = Frame7 7 = Frame8 8 = Frame9 9 = Frame10 10 = Frame11 11 = Frame12 12 = Frame13 13 = Frame14 14 = Frame15 15 = Frame16	CR10916	Atlantis	
US_Metric	CAN Mapping	0	US or METRIC sys								Atlantis	
USBAudio	CAN Mapping	0	Request to use USB Audio								Atlantis	
USBAudioFeedback	CAN Mapping	0	Feedback for USB Audio Request				GLOB_TLM.USB_Audio_Feedback				Atlantis	ATL_HIGH_EMPTY
USBAudiorequest	CAN Mapping	0		TBM_FD_2.USB_Audio	FD	0 = USB_Audio_Off 1 = USB_Audio_On	STATUS_TBM.AudioRequest		0 = USB_Audio_Off 1 = USB_Audio_On		Atlantis	
USBAudiorequest	CAN Mapping	0		TBM_FD_2.USB_Audio	CAN-FD		STATUS_TBM.AudioRequest	CAN-B			Atlantis	
USchar1	CAN Mapping	0	Updated Wifi SSID Character 1	HUReq_SSID.UTF_Char1	FD		HUReq_SSID.UTF_Char1		8 bit signal		Atlantis	
USchar2	CAN Mapping	0	Updated Wifi SSID Character 2	HUReq_SSID.UTF_Char2	FD		HUReq_SSID.UTF_Char2		8 bit signal		Atlantis	
USchar3	CAN Mapping	0	Updated Wifi SSID Character 3	HUReq_SSID.UTF_Char3	FD		HUReq_SSID.UTF_Char3		8 bit signal		Atlantis	
USchar4	CAN Mapping	0	Updated Wifi SSID Character 4	HUReq_SSID.UTF_Char4	FD		HUReq_SSID.UTF_Char4		8 bit signal		Atlantis	
USchar5	CAN Mapping	0	Updated Wifi SSID Character 5	HUReq_SSID.UTF_Char5	FD		HUReq_SSID.UTF_Char5		8 bit signal		Atlantis	
USchar6	CAN Mapping	0	Updated Wifi SSID Character 6	HUReq_SSID.UTF_Char6	FD		HUReq_SSID.UTF_Char6		8 bit signal		Atlantis	
USchar7	CAN Mapping	0	Updated Wifi SSID Character 7	HUReq_SSID.UTF_Char7	FD		HUReq_SSID.UTF_Char7		8 bit signal		Atlantis	
USFrameID	CAN Mapping	0	Updated Wifi SSID Frame ID	Removed with Multi-Frame?			HUReq_SSID.FrameNumber		Atlantis 4 bit signal 0 = Frame1 1 = Frame2 2 = Frame3 3 = Frame4 4 = Frame5 5 = Frame6 6 = Frame7 7 = Frame8 8 = Frame9 9 = Frame10 10 = Frame11 11 = Frame12 12 = Frame13 13 = Frame14 14 = Frame15 15 = Frame16	CR10916	Atlantis	
USS1_check_healty_sts	CAN Mapping	0		<pending>.USS 1_check_healty_sts	FD					Message pending	Atlantis	
USS10_check_healty_sts	CAN Mapping	0		<pending>.USS 10_check_healty_sts	FD					Message pending	Atlantis	
USS11_check_healty_sts	CAN Mapping	0		<pending>.USS 11_check_healty_sts	FD					Message pending	Atlantis	
USS12_check_healty_sts	CAN Mapping	0		<pending>.USS 12_check_healty_sts	FD					Message pending	Atlantis	
USS2_check_healty_sts	CAN Mapping	0		<pending>.USS 2_check_healty_sts	FD					Message pending	Atlantis	
USS3_check_healty_sts	CAN Mapping	0		<pending>.USS 3_check_healty_sts	FD					Message pending	Atlantis	
USS4_check_healty_sts	CAN Mapping	0		<pending>.USS 4_check_healty_sts	FD					Message pending	Atlantis	
USS5_check_healty_sts	CAN Mapping	0		<pending>.USS 5_check_healty_sts	FD					Message pending	Atlantis	
USS6_check_healty_sts	CAN Mapping	0		<pending>.USS 6_check_healty_sts	FD					Message pending	Atlantis	
USS7_check_healty_sts	CAN Mapping	0		<pending>.USS 7_check_healty_sts	FD					Message pending	Atlantis	
USS8_check_healty_sts	CAN Mapping	0		<pending>.USS 8_check_healty_sts	FD					Message pending	Atlantis	
USS9_check_healty_sts	CAN Mapping	0		<pending>.USS 9_check_healty_sts	FD					Message pending	Atlantis	
USSIDnum	CAN Mapping	0	HU Updated SSID number				HUReq_SSID.FrameNumber			CR11036	Atlantis	ATL_HIGH_EMPTY
USTotalFrames	CAN Mapping	0					HUReq_SSID.TotalFrameNumber		Atlantis 4 bit signal 0 = Frame1 1 = Frame2 2 = Frame3 3 = Frame4 4 = Frame5 5 = Frame6 6 = Frame7 7 = Frame8 8 = Frame9 9 = Frame10 10 = Frame11 11 = Frame12 12 = Frame13 13 = Frame14 14 = Frame15 15 = Frame16		Atlantis	ATL_HIGH_EMPTY
V2H_Instant_Power_Draw	CAN Mapping	0	Instant power draw for V2H	POWER_PANEL_EVCU.V2H_Instant_Power_Draw	FD	Units: Kw Range: 0.0 - 409.5 Factor/Resolution: 0,1 SNA = NA Cyclic Rate (ms) = 1000				As of V1.51, the signal is new. The Atlantis High message.signal name is pending and may not match the implemented name.	Atlantis	
V2H_MaxEnergyDrawable	CAN Mapping	0	V2H Max energy that the vehicle can Draw (based on the inverter dimension)	POWER_PANEL_EVCU.V2H_MaxEnergyDrawable	FD	Units: Kw Range: 0.0 - 409.5 Factor/Resolution: 0,1 SNA = NA Cyclic Rate (ms) = 1000				As of V1.51, the signal is new. The Atlantis High message.signal name is pending and may not match the implemented name.	Atlantis	
V2H_Mode_Req	CAN Mapping	0	Request V2H mode	POWER_PANEL_HU.V2H_Mode_Req	FD	0 = Battery Only 1 = Battery and Engine				As of V1.51, the signal is new. The Atlantis High message.signal name is pending and may not match the implemented name.	Atlantis	
V2H_mode_Sts	CAN Mapping	0	V2H mode of operation	POWER_PANEL_EVCU.V2H_mode_Sts	FD	0 = Battery Only 1 = Battery and Engine				As of V1.51, the signal is new. The Atlantis High message.signal name is pending and may not match the implemented name.	Atlantis	
V2H_Req	CAN Mapping	0	Request to activate V2H feature	POWER_PANEL_HU.V2H_Req	FD	0 - Disable 1 - Enable				As of V1.51, the signal is new. The Atlantis High message.signal name is pending and may not match the implemented name.	Atlantis	
V2H_Reserve_Battery	CAN Mapping	0	Percent of reserve battery selected from the user using V2H	POWER_PANEL_EVCU.V2H_Reserve_Battery	FD	Units: % Range: 0 - 100 (21 - 31 reserved) Factor/Resolution: 5 SNA = NA Cyclic Rate (ms) = 1000				As of V1.51, the signal is new. The Atlantis High message.signal name is pending and may not match the implemented name.	Atlantis	
V2H_Reserve_Battery_Sts	CAN Mapping	0	Percent of reserve battery selected from the user using V2H	V2X_EVCU.V2H_Reserve_Battery_Sts	FD	Unit = %				As of V1.52, the signal is new. The Atlantis High message.signal name is pending and may not match the implemented name.	Atlantis	
V2H_Status	CAN Mapping	0	Status of V2H power transfer	POWER_PANEL_EVCU.V2H_Status	FD	0 - Inactive 1 - Active 2 - Active & Ready 3 - Transferring Power 4 - Transfer Interrupted 5 - Transfer Complete 6 - Transfer Requested 7 - Reserved for future use				As of V1.51, the signal is new. The Atlantis High message.signal name is pending and may not match the implemented name.	Atlantis	
V2H_Submit	CAN Mapping	0	V2H Submit request	POWER_PANEL_HU.V2H_Submit	FD	0 - No submit request 1 - Submit request				As of V1.51, the signal is new. The Atlantis High message.signal name is pending and may not match the implemented name.	Atlantis	
V2H_Total_Power_Time_days	CAN Mapping	0	V2H Total power time (days)	POWER_PANEL_EVCU.V2H_Total_Power_Time_days	FD	Units: Day Range: 0 to 127 SNA = NA Cyclic Rate (ms): 1000 Factor: 1				As of V1.51, the signal is new. The Atlantis High message.signal name is pending and may not match the implemented name.	Atlantis	
V2H_Total_Power_Time_hours	CAN Mapping	0	V2H Total power time (hours)	POWER_PANEL_EVCU.V2H_Total_Power_Time_hours	FD	Units: hour Range: 0 to 24 SNA = NA Cyclic Rate (ms): 1000 Factor: 1				As of V1.51, the signal is new. The Atlantis High message.signal name is pending and may not match the implemented name.	Atlantis	
V2H_Total_Power_Time_minutes	CAN Mapping	0	V2H Total power time (minutes)	POWER_PANEL_EVCU.V2H_Total_Power_Time_minutes	FD	Units: min Range: 0 to 60 SNA = NA Cyclic Rate (ms): 1000 Factor: 1				As of V1.51, the signal is new. The Atlantis High message.signal name is pending and may not match the implemented name.	Atlantis	
V2L_All_Req	CAN Mapping	0	Request to activate V2L feature	POWER_PANEL_HU.V2L_All_Req	FD	0 - Disable 1 - Enable				As of V1.51, the signal is new. The Atlantis High message.signal name is pending and may not match the implemented name.	Atlantis	
V2L_Frunk_MaxEnergyDrawable	CAN Mapping	0	V2L Max energy that the vehicle Frunk can Draw (based on the inverter dimension)	POWER_PANEL_EVCU.V2L_Frunk_MaxEnergyDrawable	FD	Units: kW Range: 0.0 - 12.0 Factor/Resolution: 0,1 SNA = NA Cyclic Rate (ms) = 1000				As of V1.51, the signal is new. The Atlantis High message.signal name is pending and may not match the implemented name.	Atlantis	
V2L_Frunk_Req	CAN Mapping	0	Request to activate V2L frunk feature	POWER_PANEL_HU.V2L_Frunk_Req	FD	0 - Disable 1 - Enable				As of V1.51, the signal is new. The Atlantis High message.signal name is pending and may not match the implemented name.	Atlantis	
V2L_Frunk_Status	CAN Mapping	0	Status of V2L frunk power transfer	POWER_PANEL_EVCU.V2L_Frunk_Status	FD	0 - Inactive 1 - Active 2 - Active & Ready 3 - Transferring Power 4 - Transfer Interrupted 5 - Transfer Complete 6 - Transfer Requested 7 - Fault				As of V1.51, the signal is new. The Atlantis High message.signal name is pending and may not match the implemented name.	Atlantis	
V2L_Instant_Power_Draw_Frunk	CAN Mapping	0	Instant power draw for V2L frunk	POWER_PANEL_EVCU.V2L_Instant_Power_Draw_Frunk	FD	Units: kW Range: 0.0 - 12.0 Factor/Resolution: 0,1 SNA = NA Cyclic Rate (ms) = 1000				As of V1.51, the signal is new. The Atlantis High message.signal name is pending and may not match the implemented name.	Atlantis	
V2L_Instant_Power_Draw_Trunk	CAN Mapping	0	Instant power draw for V2L trunk	POWER_PANEL_EVCU.V2L_Instant_Power_Draw_Trunk	FD	Units: kW Range: 0.0 - 12.0 Factor/Resolution: 0,1 SNA = NA Cyclic Rate (ms) = 1000				As of V1.51, the signal is new. The Atlantis High message.signal name is pending and may not match the implemented name.	Atlantis	
V2L_Mode_Req	CAN Mapping	0	Request V2L mode	POWER_PANEL_HU.V2L_Mode_Req	FD	0 = Battery Only 1 = Battery and Engine				As of V1.51, the signal is new. The Atlantis High message.signal name is pending and may not match the implemented name.	Atlantis	
V2L_mode_Sts	CAN Mapping	0	V2L mode of operation	POWER_PANEL_EVCU.V2L_mode_Sts	FD	0 = Battery Only 1 = Battery and Engine				As of V1.51, the signal is new. The Atlantis High message.signal name is pending and may not match the implemented name.	Atlantis	
V2L_Reserve_Battery	CAN Mapping	0	Percent of reserve battery selected from the user using V2L	POWER_PANEL_HU.V2L_Reserve_Battery	FD	Units: % Range: 0 - 100 (21 - 31 reserved) Factor/Resolution: 5 SNA = NA Cyclic Rate (ms) = 1000				As of V1.51, the signal is new. The Atlantis High message.signal name is pending and may not match the implemented name.	Atlantis	
V2L_Submit	CAN Mapping	0	V2L Submit request	POWER_PANEL_HU.V2L_Submit	FD	0 - No submit request 1 - Submit request				As of V1.51, the signal is new. The Atlantis High message.signal name is pending and may not match the implemented name.	Atlantis	
V2L_Total_Power_Time_days	CAN Mapping	0	V2L Total power time (days)	POWER_PANEL_EVCU.V2L_Total_Power_Time_days	FD	Units: Day Range: 0 to 127 SNA = NA Cyclic Rate (ms): 1000 Factor: 1				As of V1.51, the signal is new. The Atlantis High message.signal name is pending and may not match the implemented name.	Atlantis	
V2L_Total_Power_Time_hours	CAN Mapping	0	V2L Total power time (hours)	POWER_PANEL_EVCU.V2L_Total_Power_Time_hours	FD	Units: hour Range: 0 to 24 SNA = NA Cyclic Rate (ms): 1000 Factor: 1				As of V1.51, the signal is new. The Atlantis High message.signal name is pending and may not match the implemented name.	Atlantis	
V2L_Total_Power_Time_minutes	CAN Mapping	0	V2L Total power time (minutes)	POWER_PANEL_EVCU.V2L_Total_Power_Time_minutes	FD	Units: min Range: 0 to 60 SNA = NA Cyclic Rate (ms): 1000 Factor: 1				As of V1.51, the signal is new. The Atlantis High message.signal name is pending and may not match the implemented name.	Atlantis	
V2L_Trunk_MaxEnergyDrawable	CAN Mapping	0	V2L Max energy that the vehicle Trunk can Draw (based on the inverter dimension)	POWER_PANEL_EVCU.V2L_Trunk_MaxEnergyDrawable	FD	Units: kW Range: 0.0 - 12.0 Factor/Resolution: 0,1 SNA = NA Cyclic Rate (ms) = 1000				As of V1.51, the signal is new. The Atlantis High message.signal name is pending and may not match the implemented name.	Atlantis	
V2L_Trunk_Req	CAN Mapping	0	Request to activate V2L trunk feature	POWER_PANEL_HU.V2L_Trunk_Req	FD	0 - Disable 1 - Enable				As of V1.51, the signal is new. The Atlantis High message.signal name is pending and may not match the implemented name.	Atlantis	
V2L_Trunk_Status	CAN Mapping	0	Status of V2L trunk power transfer	POWER_PANEL_EVCU.V2L_Trunk_Status	FD	0 - Inactive 1 - Active 2 - Active & Ready 3 - Transferring Power 4 - Transfer Interrupted 5 - Transfer Complete 6 - Transfer Requested 7 - Fault				As of V1.51, the signal is new. The Atlantis High message.signal name is pending and may not match the implemented name.	Atlantis	
V2V_Instant_Power_Draw	CAN Mapping	0	Instant power draw for V2V	POWER_PANEL_EVCU.V2V_Instant_Power_Draw	FD	Units: kW Range: 0.0 - 24.0 Factor/Resolution: 0,1 SNA = NA Cyclic Rate (ms) = 1000				As of V1.51, the signal is new. The Atlantis High message.signal name is pending and may not match the implemented name.	Atlantis	
V2V_MaxEnergyDrawable	CAN Mapping	0	V2V Max energy that the vehicle can Draw (based on the inverter dimension)	POWER_PANEL_EVCU.V2V_MaxEnergyDrawable	FD	Units: Kw Range: 0.0 - 409.5 Factor/Resolution: 0,1 SNA = NA Cyclic Rate (ms) = 1000				As of V1.51, the signal is new. The Atlantis High message.signal name is pending and may not match the implemented name.	Atlantis	
V2V_Mode_Req	CAN Mapping	0	Request V2V mode	POWER_PANEL_HU.V2V_Mode_Req	FD	0 = Battery Only 1 = Battery and Engine				As of V1.51, the signal is new. The Atlantis High message.signal name is pending and may not match the implemented name.	Atlantis	
V2V_mode_Sts	CAN Mapping	0	V2V mode of operation	POWER_PANEL_EVCU.V2V_mode_Sts	FD	0 = Battery Only 1 = Battery and Engine				As of V1.51, the signal is new. The Atlantis High message.signal name is pending and may not match the implemented name.	Atlantis	
V2V_Req	CAN Mapping	0	Request to activate V2V feature	POWER_PANEL_HU.V2V_Req	FD	0 - Disable 1 - Enable				As of V1.51, the signal is new. The Atlantis High message.signal name is pending and may not match the implemented name.	Atlantis	
V2V_Reserve_Battery	CAN Mapping	0	Percent of reserve battery selected from the user using V2V	POWER_PANEL_EVCU.V2V_Reserve_Battery	FD	Units: % Range: 0 - 100 (21 - 31 reserved) Factor/Resolution: 5 SNA = NA Cyclic Rate (ms) = 1000				As of V1.51, the signal is new. The Atlantis High message.signal name is pending and may not match the implemented name.	Atlantis	
V2V_Status	CAN Mapping	0	Status of V2V power transfer	POWER_PANEL_EVCU.V2V_Status	FD	0 - Inactive 1 - Active 2 - Active & Ready 3 - Transferring Power 4 - Transfer Interrupted 5 - Transfer Complete 6 - Transfer Requested 7 - Reserved for future use				As of V1.51, the signal is new. The Atlantis High message.signal name is pending and may not match the implemented name.	Atlantis	
V2V_Submit	CAN Mapping	0	V2V Submit request	POWER_PANEL_HU.V2V_Submit	FD	0 - No submit request 1 - Submit request				As of V1.51, the signal is new. The Atlantis High message.signal name is pending and may not match the implemented name.	Atlantis	
V2V_Total_Power_Time_days	CAN Mapping	0	V2V Total power time (days)	POWER_PANEL_EVCU.V2V_Total_Power_Time_days	FD	Units: Day Range: 0 to 127 SNA = NA Cyclic Rate (ms): 1000 Factor: 1				As of V1.51, the signal is new. The Atlantis High message.signal name is pending and may not match the implemented name.	Atlantis	
V2V_Total_Power_Time_hour	CAN Mapping	0	V2V Total power time (hours)	POWER_PANEL_EVCU.V2V_Total_Power_Time_hour	FD	Units: hour Range: 0 to 24 SNA = NA Cyclic Rate (ms): 1000 Factor: 1				As of V1.51, the signal is new. The Atlantis High message.signal name is pending and may not match the implemented name.	Atlantis	
V2V_Total_Power_Time_minutes	CAN Mapping	0	V2V Total power time (minutes)	POWER_PANEL_EVCU.V2V_Total_Power_Time_minutes	FD	Units: min Range: 0 to 60 SNA = NA Cyclic Rate (ms): 1000 Factor: 1				As of V1.51, the signal is new. The Atlantis High message.signal name is pending and may not match the implemented name.	Atlantis	
VacChimeRate	CAN Mapping	0	Vacuum Chime Rate								Atlantis	
VacChimeRQ	CAN Mapping	0	Vacuum Chime Request								Atlantis	
VacChimeTyp	CAN Mapping	0	Vacuum Chime Type								Atlantis	
VALET_LK_OUT	CAN Mapping	0	Valet Lock Out	BCM_FD_12.VALET_LK_OUT	FD	0 = FALSE 1 = TRUE					Atlantis	
ValetMode_SPAAK	CAN Mapping	0		RFHUB_FD_1.ValetMode_SPAAK	FD	See dbc					Atlantis	
VehAccel_X	CAN Mapping	0		BRAKE_FD_2.LongAcceleration_BSM	FD	See dbc					Atlantis	
VehAccel_Y	CAN Mapping	0		BRAKE_FD_2.LatAcceleration_BSM	FD	See dbc					Atlantis	
VehicleAccelerationOffsets	CAN Mapping	0	VehAccel_X_Offset				No usage				Atlantis	ATL_HIGH_EMPTY
VehicleAccelerationOffsets	CAN Mapping	0	VehAccel_Y_Offset				No usage				Atlantis	ATL_HIGH_EMPTY
VehicleArchInfo	CAN Mapping	0	Architecture Information	ARCH_INFO.VehicleArchitectureInfo	BH-CAN		ARCH_INFO.VehicleArchitectureInfo	BH-CAN			Atlantis	
VehicleSpeedVSOSig	CAN Mapping	0		BRAKE_FD_2.VehicleSpeedVSOSig	FD	13 bit signal Units are Km/h Offset = 0 Factor = 0.0625 Range = 0 to 511.875 SNA = 8191					Atlantis	
VehPerfAccel_X	CAN Mapping	0	Vehicle acceleration applied to X axis	BRAKE_FD_2.LongAcceleration_BSM	FD	12 bit signal Offset -40.96 -40.96 - +40.92 m/ s^2 resolution 0.02 m/ s^2	BSM_YRS_DATA.LongAcceleration_BSM		12 bit signal Offset -40.96 -40.96 - +40.92 m/ s^2 resolution 0.02 m/ s^2		Atlantis	
VehPerfAccel_Y	CAN Mapping	0	Vehicle Acceleration applied to Y Axis	BRAKE_FD_2.LatAcceleration_BSM	FD	12 bit signal Offset -40.96 -40.96 - +40.92 m/ s^2 resolution 0.02 m/ s^2	BSM_YRS_DATA.LatAcceleration_BSM		12 bit signal Offset -40.96 -40.96 - +40.92 m/ s^2 resolution 0.02 m/ s^2	B and C CAN present	Atlantis	
VehPerfAccelPeak_X_Neg	CAN Mapping	0	Peak Accel X Neg	IPC_FD_7.VehPerfAccelPeak_X_Neg	FD		No usage			Not used in WL	Atlantis	
VehPerfAccelPeak_X_Pos	CAN Mapping	0	Peak Accel X Pos	IPC_FD_7.VehPerfAccelPeak_X_Pos	FD		No usage			Not used in WL	Atlantis	
VehPerfAccelPeak_Y_Neg	CAN Mapping	0	Peak Accel Y Neg	IPC_FD_7.VehPerfAccelPeak_Y_Neg	FD		No usage			Not used in WL	Atlantis	
VehPerfAccelPeak_Y_Pos	CAN Mapping	0	Peak Accel Y Pos	IPC_FD_7.VehPerfAccelPeak_Y_Pos	FD		No usage			Not used in WL	Atlantis	
VehSpd_MPH	CAN Mapping	0	Vehiclespeed displayed	IPC_FD_5.VehSpd_MPH	FD	0 = kph 1 = mph				Pnet only	Atlantis	
VehSpdDisp	CAN Mapping	0	Vehiclespeed displayed	IPC_FD_5.VehSpdDisp	FD	16 bit signal Offset = 0 Factor = 1 Range is 0 to 65534 SNA = 65535	STATUS_CCAN3.VehicleSpeedVSOSig				Atlantis	
VentedSeatFL	CAN Mapping	0	Front left vented seat status	STATUS_CSWM.FL_VS_STATFailSts STATUS_CSWM.FL_VS_STATSts	CAN-B	STATFailSts 0 = Fail_Not_Present 1= Fail Present STATSts 0 = Vented_seat_off 1 = Vented_seat_low 2 = Vented_seat_medium 3 = Vented_seat_high	STATUS_CSWM.FL_VS_STATFailSts STATUS_CSWM.FL_VS_STATSts		ATLANTIS 2 bit signal (FL_VS_STATSts) 0 = Vented_seat_off 1 = Vented_seat_low 2 = Vented_seat_medium 3 = Vented_seat_high 1 bit signal (FL_VS_STATFailSts) 0 = Fail_Not_Present 1 = Fail_Present		Atlantis	
VentedSeatFR	CAN Mapping	0	Front right vented seat status	STATUS_CSWM.FR_VS_STATSts STATUS_CSWM.FR_VS_STATFailSts	CAN-B	ATLANTIS 2 bit signal 0 = Vented_seat_off 1 = Vented_seat_low 2 = Vented_seat_medium 3 = Vented_seat_high	STATUS_CSWM.FR_VS_STATSts STATUS_CSWM.FR_VS_STATFailSts		ATLANTIS 2 bit signal (FR_VS_STATSts) 0 = Vented_seat_off 1 = Vented_seat_low 2 = Vented_seat_medium 3 = Vented_seat_high 1 bit signal (FR_VS_STATFailSts) 0 = Fail_Not_Present 1 = Fail_Present		Atlantis	
VentedSeatRL	CAN Mapping	0	Rear right heated seat status	STATUS_CLIMATE9.RL_VS_STAT	BH-CAN						Atlantis	
VentedSeatRR	CAN Mapping	0	Rear right vented seat status	STATUS_CLIMATE9.RR_VS_STAT	BH-CAN						Atlantis	
VES2_Audio_Active	CAN Mapping	0	VES2 RDC2 audio for cabin is active								Atlantis	
VES2_AUX1_STAT	CAN Mapping	0	VES2 AUX1 mechanism status								Atlantis	
VES2_AUX2_STAT	CAN Mapping	0	VES2 AUX2 mechanism status								Atlantis	
VES2_CTRL_LK	CAN Mapping	0	VES2 Remote control lock status								Atlantis	
VES2_DISP_FLAG	CAN Mapping	0	VES2 display flag								Atlantis	
VES2_DISP_STAT	CAN Mapping	0	VES2 display status								Atlantis	
VES2_H_SIZE	CAN Mapping	0	Horizontal pixels for VES2 screen								Atlantis	
VES2_IR1_AUD_MD	CAN Mapping	0	VES2 IR1 Mode								Atlantis	
VES2_IR1_MUTED	CAN Mapping	0	VES2 IR1 audio muted status								Atlantis	
VES2_IR2_AUD_MD	CAN Mapping	0	VES2 IR2 Mode								Atlantis	
VES2_IR2_MUTED	CAN Mapping	0	VES2 IR2 audio muted status								Atlantis	
VES2_JUMP_FUNC	CAN Mapping	0	VES2 jump request								Atlantis	
VES2_PT_CAB_DR	CAN Mapping	0	VES2 funtion rq. pointer for cabin								Atlantis	
VES2_PT_IR1	CAN Mapping	0	VES2 funtion rq. pointer for IR1								Atlantis	
VES2_PT_IR2	CAN Mapping	0	VES2 funtion rq. pointer for IR2								Atlantis	
VES2_PWR_ON	CAN Mapping	0	VES2 power status								Atlantis	
VES2_RDC2_STAT	CAN Mapping	0	VES2 Display status for RDC2 Output (display on HU)								Atlantis	
VES2_RQ1	CAN Mapping	0	VES2 function request 1								Atlantis	
VES2_RQ3	CAN Mapping	0	VES2 function request 3								Atlantis	
VES2_RSP	CAN Mapping	0								VES Based system only. PNET only	Atlantis	
VES2_Src_IR_Stat	CAN Mapping	0	VES2 Media Source for another IR Mode status								Atlantis	
VES2_Src_TGW_Stat	CAN Mapping	0	VES2 Media Source for TGW Status								Atlantis	
VES2_V_SIZE	CAN Mapping	0	Vertical pixels for VES2 screen								Atlantis	
VES2_Video_Active	CAN Mapping	0	VES2 RDC2 video for cabin is active								Atlantis	
VES3_AUX_STAT	CAN Mapping	0	VES3 AUX1 mechanism status								Atlantis	
VES3_AUX2_STAT	CAN Mapping	0	VES3 AUX2 mechanism status								Atlantis	
VES3_CTRL_LK	CAN Mapping	0	VES3 Remote control lock status								Atlantis	
VES3_DISP_FLAG	CAN Mapping	0	VES3 display flag								Atlantis	
VES3_DISP_STAT	CAN Mapping	0	VES3 display status								Atlantis	
VES3_IR1_AUD_MD	CAN Mapping	0	VES3 IR2 Mode								Atlantis	
VES3_IR2_AUD_MD	CAN Mapping	0	VES3 IR2 Mode								Atlantis	
VES3_IR2_MUTED	CAN Mapping	0	VES3 IR2 audio muted status								Atlantis	
VES3_JUMP_FUNC	CAN Mapping	0	VES3 jump request								Atlantis	
VES3_PT_IR2	CAN Mapping	0	VES3 funtion rq. pointer for IR2								Atlantis	
VES3_PWR_ON	CAN Mapping	0	VES3 power status								Atlantis	
VES3_RQ1	CAN Mapping	0	VES3 function request 1								Atlantis	
VES3_RQ3	CAN Mapping	0	VES3 function request 3								Atlantis	
VES3_RSP	CAN Mapping	0								VES Based system only. PNET only	Atlantis	
VES3_Src_IR_Stat	CAN Mapping	0	VES3 Media Source for another IR Mode status								Atlantis	
VES3_Src_TGW_Stat	CAN Mapping	0	VES3 Media Source for TGW Status								Atlantis	
VIN	CAN Mapping	0	VIN Message Information	VIN.VIN_MSG	FD	0 = VIN_LO 1 = VIN_MID 2 = VIN_HI 3 = SNA	VIN.VIN_MSG		2 bit signal 0 = VIN_LO 1 = VIN_MID 2 = VIN_HI 3 = SNA		Atlantis	
VIN_DATA	CAN Mapping	0	VIN Digits (8 bit ascii encoded)	VIN.VIN_DATA	FD	56 bit signal used to transmit VIN information	VIN.VIN_DATA		56 bit signal Resolution = 1		Atlantis	
Virtual_Memory_Seats_Sv_Rc	CAN Mapping	0	Virtual memory seats signal used to Set or Recall	RADIO_B4.Mem_Seat_Sv_Rc_Req	CAN-B	0=No_request 1=Save 2=Recall 3=SNA	RADIO_B4.Mem_Seat_Sv_Rc_Req	CAN-B	0=No_request 1=Save 2=Recall 3=SNA		Atlantis	
VirtualConcertHall_Sts	CAN Mapping	0		VirtualConcertHall_Sts	CAN-BH	0 = Off 1 = Slot 1 2 = Slot 2 3 = Slot 3 4 = Slot 4 5 = Slot 5 6 = Slot 6 7 = Slot 7	STATUS_TELEMATIC.VV_Ambient_Selection	CAN-BH	0: OFF; 1: Ambient_1; 2: Ambient_2; 3: Ambient_3; 4: Ambient_4; 5: Ambient_5; 6: Ambient_6; 7: Ambient_7; 8: Ambient_8; 9: Ambient_9; 10: Ambient_10; 11: Ambient_11; 12: Ambient_12; 13: Ambient_13; 14: Ambient_14; 15: Ambient_15;		Atlantis	
VirtualGear	CAN Mapping	0	simulated virtual gear status	ENGINE_SIMULATOR1.Virtual_Gear_PT	CAN-BH	0-NO_shift 1-Upshift 2-Downshift 3-NA					Atlantis	
VirtualRPM	CAN Mapping	0	Motor Virtual RPM	ENGINE_SIMULATOR5.Virtual_MCP_RPM	CAN-BH						Atlantis	
VirtualTorque	CAN Mapping	0	Virtual torque	ENGINE_SIMULATOR5.Virtual_Torque_PT	CAN-BH						Atlantis	
Visual_Warning	CAN Mapping	0		<pending>.Visual_Warning	FD					Message pending	Atlantis	
Visual_Warning_Sts	CAN Mapping	0		<pending>.Visual_Warning_Sts	FD					Message pending	Atlantis	
VoiceRecognitionStatus	CAN Mapping	0	Voice Recognition Status	STATUS_TELEMATIC.VRSts	CAN-B	0 = Not_Active 1 = Active	STATUS_TELEMATIC.VRSts		0 = Not_Active 1 = Active		Atlantis	
VolumeENT	CAN Mapping	0	Entertainment Volume	TELEMATIC_FD_13.AUD_LVL	FD	8 bit signal Units are levels Offset = 0 Factor = 1 Range is 0 to 38 255 = SNA	CTRL_AMP.AUD_LVLSts		8 bit signal 0-38 = Volume Step		Atlantis	
VolumeINFO1	CAN Mapping	0	Information source 1 audio level	TELEMATIC_FD_13.INFO1_AUD_LVL	FD	8 bit signal Units are levels Offset = 0 Factor = 1 Range is 0 to 38 255 = SNA	CTRL_AMP.INFO1_AUD_LEVEL		8 bit signal 0-38 = Volume Step		Atlantis	
VolumeINFO2	CAN Mapping	0	Information source 2 audio level	TELEMATIC_FD_13.INFO2_AUD_LVL	FD	8 bit signal Units are levels Offset = 0 Factor = 1 Range is 0 to 38 255 = SNA	CTRL_AMP.INFO2_AUD_LEVEL		8 bit signal 0-38 = Volume Step		Atlantis	
VolumeSCV	CAN Mapping	0	Speed Controlled Volume Level	TELEMATIC_FD_13.SCV_LVL	FD	0 = OFF 1 = LVL_1 2 = LVL_2 3 = LVL_3 4 = LVL_4 5 = LVL_5 6 = LVL_6 7 = SNA	CTRL_AMP.SCV_LVLSts		3 bit signal 0 = OFF 1 = LVL_1 2 = LVL_2 3 = LVL_3 4 = LVL_4 5 = LVL_5 6 = LVL_6		Atlantis	
VolumeSZRear	CAN Mapping	0									Atlantis	
VolumeSZRear_Rq	CAN Mapping	0									Atlantis	
VR_Blower_Req	CAN Mapping	0	VR Blower chang request	RADIO_B3.VR_Blower_Req	CAN B	1h: Active 0h: Not Active	RADIO_B3.VR_Blower_Req	CAN B	1h: Active 0h: Not Active		Atlantis	
VR_Blower_Stat	CAN Mapping	0	VR Blower status	STATUS_CLIMATE8.VR_Blower_Stat	CAN B	0h: Normal_blower_operation 1h: Blower_Level_Reduced 2h: Blower_Level_Reduction_NOT_Allowed 3h: Pending/Delayed 7h: Signal not available / SNA]	STATUS_CLIMATE8.VR_Blower_Stat	CAN B	0h: Normal_blower_operation 1h: Blower_Level_Reduced 2h: Blower_Level_Reduction_NOT_Allowed 3h: Pending/Delayed 7h: Signal not available / SNA]		Atlantis	
VRM_AUD_MD_CAB	CAN Mapping	0	VRM mode routed to cabin	VRM_FD_1.VRM_AUD_MD_CAB	FD	0 = NONE 1 = VES_DVD1_SEL 2 = VES_USB_SEL 3 = VES_HDMI1_SEL 4 = VES_HDMI2_SEL 5 = VES_HDMI3_SEL 6 = ES_WIFI_SEL 14 = IR_OFF 15 = SNA	VIDEO3.VRM_AUD_MD_CAB				Atlantis	
VRM_Audio_Active	CAN Mapping	0	VRM RDC2 audio for cabin is active	VRM_FD_1.VRM_Audio_Active	FD	0 = Not_Active 1 = Active	VIDEO2.VRM_Audio_Active				Atlantis	
VRM_H_SIZE	CAN Mapping	0	Horizontal pixels for VRM screen	VRM_FD_1.VRM_H_SIZE	FD	16 bit signal Initial Value = 1600 65535 = SNA	VIDEO3.VRM_H_SIZE				Atlantis	
VRM_HVACJumpVAL	CAN Mapping	0		VRM_FD_1.TGW_JUMP_FUNC_HVAC_VRM	FD	7 bit signal See SR documents for usage 127 = SNA	VIDEO1.TGW_JUMP_FUNC_HVAC_VRM		Atlantis 7 bit signal See Function Tables		Atlantis	
VRM_IR1_AUD_MD	CAN Mapping	0	IR1 REAR SCREEN1 MODE	VRM_FD_1.VRM_IR1_AUD_MD	FD	0 = NONE 1 = VES_DVD1_SEL 2 = VES_USB_SEL 3 = VES_HDMI1_SEL 4 = VES_HDMI2_SEL 5 = VES_HDMI3_SEL 6 = ES_WIFI_SEL 14 = IR_OFF 15 = SNA	VIDEO3.VRM_IR1_AUD_MD				Atlantis	
VRM_IR2_AUD_MD	CAN Mapping	0	IR2 REAR SCREEN2 MODE	VRM_FD_1.VRM_IR2_AUD_MD	FD	0 = NONE 1 = VES_DVD1_SEL 2 = VES_USB_SEL 3 = VES_HDMI1_SEL 4 = VES_HDMI2_SEL 5 = VES_HDMI3_SEL 6 = ES_WIFI_SEL 14 = IR_OFF 15 = SNA	VIDEO3.VRM_IR2_AUD_MD				Atlantis	
VRM_IR3_AUD_MD	CAN Mapping	0	REAR SCREEN3 MODE								Atlantis	
VRM_JUMP_FUNC	CAN Mapping	0	VRM jump request	VRM_FD_1.VRM_JUMP_FUNC	FD	24 bit signal See SR documents for usage	VIDEO2.VRM_JUMP_FUNC				Atlantis	
VRM_PT_CAB_DR	CAN Mapping	0	VRM funtion rq. pointer for cabin	VRM_FD_1.VRM_PT_CAB_DR	FD	1 bit signal	VIDEO2.VRM_PT_CAB_DR				Atlantis	
VRM_PT_IR1	CAN Mapping	0	VRM funtion rq. pointer for IR1								Atlantis	
VRM_PT_IR2	CAN Mapping	0	VRM funtion rq. pointer for IR2								Atlantis	
VRM_PT_IR3	CAN Mapping	0	VRM funtion rq. pointer for IR3								Atlantis	
VRM_RDC2_STAT	CAN Mapping	0	VRM Display status for RDC2 Output (display on HU)	VRM_FD_1.VRM_RDC2_STAT	FD	0 = DISP_OFF 1 = DISP_CLS 2 = DISP_NORMAL 3 = DISP_DVD_MENU 4 = DISP_DVD_SETUP 5 = DISP_DVD_DISP 6 = DISP_MD_SEL 7 = DISP_REAR_CAMERA 8 = ON_BLANK 9 = DISP_SPLSH 10 = DISP_VES_HMI 11 = DISP_VES_VIDEO 12 = ISP_VRM_PRGM 13 = ISP_VRM_Video 14 = ISP_VRM_CAMERA 15 = SNA	VIDEO3.VRM_RDC2_STAT				Atlantis	
VRM_RearHVACAuto_Req	CAN Mapping	0		VRM_FD_1.R_AUTO_SW_RQ_VRM	FD	0 = Not_Pressed 1 = Pressed	VIDEO1.R_AUTO_SW_RQ_VRM		0 = Not_Pressed 1 = Pressed		Atlantis	
VRM_RearHVACFunc_Req	CAN Mapping	0					VRM_CLIMATE_SETUP.VRM_RearHVACFunc_Req				Atlantis	ATL_HIGH_EMPTY
VRM_RearHVACPower_Req	CAN Mapping	0									Atlantis	
VRM_RearModeFloor_Req	CAN Mapping	0		VRM_FD_1.VRM_RearModeFloor_Req	FD	0 = Not_Active 1 = Active	VIDEO4.VRM_RearModeFloor_Req		0 = Not_Active 1 = Active		Atlantis	
VRM_RearModePanel_Req	CAN Mapping	0		VRM_FD_1.VRM_RearModePanel_Req	FD	0 = Not_Active 1 = Active	VIDEO4.VRM_RearModePanel_Req		0 = Not_Active 1 = Active		Atlantis	
VRM_RQ1	CAN Mapping	0	VRM function request 1	VRM_FD_1.VRM_RQ1	FD	8 bit signal 0 = NO_FUNC_RQ 255 = SNA	VIDEO2.VRM_RQ1				Atlantis	
VRM_RQ2	CAN Mapping	0	VRM function request 2								Atlantis	
VRM_RQ3	CAN Mapping	0	VRM function request 3	VRM_FD_1.VRM_RQ3	FD	8 bit signal 0 = NO_FUNC_RQ 255 = SNA	VIDEO2.VRM_RQ3				Atlantis	
VRM_RSP	CAN Mapping	0	VRM response for any invalid/unavilable request	VRM_FD_1.VRM_RSP	FD	8 bit signal 0 = RSP_NONE 255 = SNA	VIDEO2.VRM_RSP				Atlantis	
VRM_V_SIZE	CAN Mapping	0	Vertical pixels for VRM screen	VRM_FD_1.VRM_V_SIZE	FD	16 bit signal Initial Value = 1152 65535 = SNA	VIDEO3.VRM_V_SIZE				Atlantis	
VRM_Video_Active	CAN Mapping	0	VRM RDC2 video for cabin is active	VRM_FD_1.VRM_Video_Active	FD	0 = Not_Active 1 = Active	VIDEO2.VRM_Video_Active				Atlantis	
VRMRearHvacMode_Req	CAN Mapping	0					VIDEO1.R_HVAC_MD_RQ_VRM		Atlantis 4 bit signal 0 = NO_CHANGE 1 = DEFR_MD 2 = MIX_DEFR_MID_MD 3 = MIX_MD 4 = FLR_MIX_MID_MD 5 = FLR_MD 6 = BI_LVL_FLR_MID_MD 7 = BI_LVL_MD 8 = PNL_BI_LVL_MID_MD 9 = PNL_MD 15 = SNA		Atlantis	ATL_HIGH_EMPTY
VSIM_AUX4_Sts	CAN Mapping	0	"VSIM AUX4 output Off/On status (12.1"" DCSD for Police Pursuit)"							Powernet only	Atlantis	
VSIMMuteReq	CAN Mapping	0	VSIM Mute Request	VSIM_FD_1.AudioMuteRq	FD	ATLANTIS 1 bit signal 0 = Not_Mute 1 = Mute	VSIM_INFO.VSIM_RemoteAudioMuteReq	CAN-C	Enumerations are: Not_Active Active	Added per Larry Gaylord Request 8/13/19	Atlantis	
WakeRsn_CBC	CAN Mapping	0	Wake up reason sent by CBC/BCM								Atlantis	
WakeupRes_TGW	CAN Mapping	0	Wake up reason sent by Raido HU (TGW - Telematics Gateway).	NWM_TELEMTATIC_V2.SystemStatus_Telematic	CAN-B	ATLANTIS 2 bit signal 0 = Wake_up 1 = Not_Used 2 = StayActive 3 = Not_Used	NWM_TELEMTATIC_V2.SystemStatus_Telematic		ATLANTIS 2 bit signal 0 = Wake_up 1 = Not_Used 2 = StayActive 3 = Not_Used		Atlantis	
WakeupRsn_TBM	CAN Mapping	0		NM_TBM.CBV_bit4_ActiveWakeupBit			NWM_TBM.ActiveLoadSlave_TBM				Atlantis	
Warning_MotorA_Overtemp	CAN Mapping	0		HYBRID_RM_MOTORS.Warning_MotorA_Overtemp	FD	See dbc					Atlantis	
Warning_MotorB_Overtemp	CAN Mapping	0		HYBRID_RM_MOTORS.Warning_MotorB_Overtemp	FD	See dbc					Atlantis	
Warning_PackTempHigh	CAN Mapping	0		HVBATTERY_RM_CHARGING1.Warning_PackTempHigh	FD	See dbc					Atlantis	
WarningLightEvent	CAN Mapping	0	OilPressure Indicator	ENGINE_FD_7.OilPressureSts ENGINE_FD_7.OilPressureFailSts	FD	ATLANTIS 1 bit signal (OilPressureSts) 0 = Normal Pressure 1 = Low Pressure 1 bit signal (OilPressureFailSts) 0 = Fail_Not_Present 1 = Fail_Present	STATUS_ECM.OilPressureSts 'STATUS_ECM.OilPressureFailSts		ATLANTIS 1 bit signal (OilPressureSts) 0 = Normal Pressure 1 = Low Pressure 1 bit signal (OilPressureFailSts) 0 = Fail_Not_Present 1 = Fail_Present		Atlantis	
WashFluidLow WashLightWarningSts LowWasherFluid	CAN Mapping	0	Low washer fluid warning	STATUS_BH_BCM1.WashLightWarningSts	CAN-B	ATLANTIS 1 bit signal 0 = Not active 1 = Active	STATUS_BH_BCM1.WashLightWarningSts		ATLANTIS 1 bit signal 0 = Not active 1 = Active	WASH_FLUID_LO	Atlantis	
Water_In_Fuel_Stat	CAN Mapping	0	Water In Fuel Lamp	IPC_FD_3.WATER_IN_FUEL_STAT	FD	0 = Off 1 = On 2 = Blinking 3 = SNA					Atlantis	
WCC_MAC_Address	CAN Mapping	0	Wireless camera MAC address from WCC								Atlantis	
WCC_MAC_Address_Function	CAN Mapping	0	Function applied to the corresponding wireless camera MAC address from WCC								Atlantis	
WCC_OOB_Frame_Number	CAN Mapping	0	Wireless camera Frame number of OOB Payload								Atlantis	
WCC_OOB_Payload	CAN Mapping	0	Wireless camera OOB pairing data in seven-frame sequence with format: Bytes 1-6: BT Address, Bytes 7-22: Random Value, Bytes 23-38: Confirmation Value								Atlantis	
WeekdayChargeUntilFullSts	CAN Mapping	0	Radio Weekday charge until full status								Atlantis	
WeekdayTmHour_End	CAN Mapping	0	Time of day during the weekday: Hours							PHEV only	Atlantis	
WeekdayTmHour_Start	CAN Mapping	0	Time of day during the weekday: Hours							PHEV only	Atlantis	
WeekdayTmMinute_End	CAN Mapping	0	Time of day during the weekday: Minutes							PHEV only	Atlantis	
WeekdayTmMinute_Start	CAN Mapping	0	Time of day during the weekday: Minutes							PHEV only	Atlantis	
WeekendChargeUntilFullSts	CAN Mapping	0	Radio Weekend charge until full status								Atlantis	
WeekendTmHour_End	CAN Mapping	0	Time of day during the weekend: Hours							PHEV only	Atlantis	
WeekendTmHour_Start	CAN Mapping	0	Time of day during the weekend: Hours							PHEV only	Atlantis	
WeekendTmMinute_End	CAN Mapping	0	Time of day during the weekend: Minutes							PHEV only	Atlantis	
WeekendTmMinute_Start	CAN Mapping	0	Time of day during the weekend: Minutes							PHEV only	Atlantis	
Wheel_Pulse_FL	CAN Mapping	0	Wheel pulses Left Front	BRAKE_FD_3.LHF_FastPulseCounter BRAKE_FD_3.LHF_WheelSensorFailSts STATUS_CCAN2.LHF_FastPulseCounter STATUS_CCAN2.LHF_WheelSensorFailSts	FD CAN-B	8 bit signal 0 - 254 impulse resolution= 1 pulse	WHEEL_INFO.LHF_FastPulseCounter WHEEL_INFO.LHF_WheelSensorFailSts STATUS_CCAN2.LHF_FastPulseCounter STATUS_CCAN2.LHF_WheelSensorFailSts		8 bit signal 0 - 254 impulse resolution= 1 pulse	DUPLICATE WheelPulse	Atlantis	
Wheel_Pulse_FL	CAN Mapping	0	Wheel pulses Left Front	BRAKE_FD_3.LHF_FastPulseCounter BRAKE_FD_3.LHF_WheelSensorFailSts STATUS_CCAN2.LHF_FastPulseCounter STATUS_CCAN2.LHF_WheelSensorFailSts	FD CAN-B	8 bit signal 0 - 254 impulse resolution= 1 pulse	WHEEL_INFO.LHF_FastPulseCounter WHEEL_INFO.LHF_WheelSensorFailSts STATUS_CCAN2.LHF_FastPulseCounter STATUS_CCAN2.LHF_WheelSensorFailSts		8 bit signal 0 - 254 impulse resolution= 1 pulse	Duplicates for B-CAN and C-CAN WheelPulse	Atlantis	
Wheel_Pulse_FR	CAN Mapping	0	Wheel pulses Right Front	BRAKE_FD_3.RHF_FastPulseCounter BRAKE_FD_3.RHF_WheelSensorFailSts STATUS_CCAN2.RHF_FastPulseCounter STATUS_CCAN2.RHF_WheelSensorFailSts	FD CAN-B	8 bit signal 0 - 254 impulse resolution= 1 pulse	WHEEL_INFO.RHF_FastPulseCounter WHEEL_INFO.RHF_WheelSensorFailSts STATUS_CCAN2.RHF_FastPulseCounter STATUS_CCAN2.RHF_WheelSensorFailSts		8 bit signal 0 - 254 impulse resolution= 1 pulse	DUPLICATE RHF_FastPulseCounter	Atlantis	
Wheel_Pulse_FR	CAN Mapping	0	Wheel pulses Right Front	BRAKE_FD_3.RHF_FastPulseCounter BRAKE_FD_3.RHF_WheelSensorFailSts STATUS_CCAN2.RHF_FastPulseCounter STATUS_CCAN2.RHF_WheelSensorFailSts	FD CAN-B	8 bit signal 0 - 254 impulse resolution= 1 pulse	WHEEL_INFO.RHF_FastPulseCounter WHEEL_INFO.RHF_WheelSensorFailSts STATUS_CCAN2.RHF_FastPulseCounter STATUS_CCAN2.RHF_WheelSensorFailSts		8 bit signal 0 - 254 impulse resolution= 1 pulse	Duplicates for B-CAN and C-CAN RHF_FastPulseCounter	Atlantis	
Wheel_Pulse_RL	CAN Mapping	0	Wheel pulses Left Rear	BRAKE_FD_3.LHR_FastPulseCounter BRAKE_FD_3.LHR_WheelSensorFailSts STATUS_CCAN2.LHR_FastPulseCounter STATUS_CCAN2.LHR_WheelSensorFailSts	FD CAN-B	8 bit signal 0 - 254 impulse resolution= 1 pulse	WHEEL_INFO.LHR_FastPulseCounter WHEEL_INFO.LHR_WheelSensorFailSts STATUS_CCAN2.LHR_FastPulseCounter STATUS_CCAN2.LHR_WheelSensorFailSts		8 bit signal 0 - 254 impulse resolution= 1 pulse	DUPLICATE	Atlantis	
Wheel_Pulse_RL	CAN Mapping	0	Wheel pulses Left Rear	BRAKE_FD_3.LHR_FastPulseCounter BRAKE_FD_3.LHR_WheelSensorFailSts STATUS_CCAN2.LHR_FastPulseCounter STATUS_CCAN2.LHR_WheelSensorFailSts	FD CAN-B	8 bit signal 0 - 254 impulse resolution= 1 pulse	WHEEL_INFO.LHR_FastPulseCounter WHEEL_INFO.LHR_WheelSensorFailSts STATUS_CCAN2.LHR_FastPulseCounter STATUS_CCAN2.LHR_WheelSensorFailSts		8 bit signal 0 - 254 impulse resolution= 1 pulse	Duplicates for B-CAN and C-CAN	Atlantis	
Wheel_Pulse_RR	CAN Mapping	0	Wheel pulses Right Rear	BRAKE_FD_3.RHR_FastPulseCounter BRAKE_FD_3.RHR_WheelSensorFailSts STATUS_CCAN2.RHR_FastPulseCounter STATUS_CCAN2.RHR_WheelSensorFailSts	FD CAN-B	8 bit signal 0 - 254 impulse resolution= 1 pulse	WHEEL_INFO.RHR_FastPulseCounter WHEEL_INFO.RHR_WheelSensorFailSts STATUS_CCAN2.RHR_FastPulseCounter STATUS_CCAN2.RHR_WheelSensorFailSts		8 bit signal 0 - 254 impulse resolution= 1 pulse	DUPLICATE	Atlantis	
Wheel_Pulse_RR	CAN Mapping	0	Wheel pulses Right Rear	BRAKE_FD_3.RHR_FastPulseCounter BRAKE_FD_3.RHR_WheelSensorFailSts STATUS_CCAN2.RHR_FastPulseCounter STATUS_CCAN2.RHR_WheelSensorFailSts	FD CAN-B	8 bit signal 0 - 254 impulse resolution= 1 pulse	WHEEL_INFO.RHR_FastPulseCounter WHEEL_INFO.RHR_WheelSensorFailSts STATUS_CCAN2.RHR_FastPulseCounter STATUS_CCAN2.RHR_WheelSensorFailSts		8 bit signal 0 - 254 impulse resolution= 1 pulse	Duplicates for B-CAN and C-CAN	Atlantis	
WheelPulse (Fail Sts)	CAN Mapping	0		BRAKE_FD_3.LHF_WheelSensorFailSts	FD	Atlantis 1 bit signal 0 = Fail_Not_Present 1 = Fail_Present	WHEEL_INFO.LHF_WheelSensorFailSts		Atlantis 1 bit signal 0 = Fail_Not_Present 1 = Fail_Present		Atlantis	
WIFIClientAck	CAN Mapping	0								WiFiClientAck & ConnAck are for the same functionality.	Atlantis	
WiFiClientMode	CAN Mapping	0	Request to turn on Client mode	GLOB_TLM.WiFi_Client_Mode	FD	0 = Off 1 = On 3 = SNA	GLOB_LTM.WiFi_Client_Mode				Atlantis	
WiFiClientModeReset	CAN Mapping	0	Request to reset Wifi Client mode	GLOB_TLM.WiFi_Client Mode_Reset	FD	0 = No_Request 1 = Request_to_reset 3 = SNA	GLOB_LTM.WiFi_Client Mode_Reset				Atlantis	
WiFiClientModeResponse	CAN Mapping	0	Confirmation if client mode has been turned on or not	TBM_FD_2.WiFi_Client_Mode_Confirm	FD	0 = Off 1 = On 3 = SNA	GLOB_CON_2.WiFi_Client_Mode_Confirm				Atlantis	
WiFiConfirm	CAN Mapping	0									Atlantis	
Wi-Fifail	CAN Mapping	0	Indicates fault in the Wi-Fi Modem in TBM	TBM_SCHEDULE_FD_2.WiFiFailSts	FD	0 = Fail_Not_Present 1 = Fail_Present	STATUS_TBM.WiFiFailSts			CR11036	Atlantis	
WiFiNetwork1	CAN Mapping	0	Wifi Network ASCII characters	TBM_FD_2.NETWORK_CHAR_1	FD	8 bit signal	WIFI_NETWORK.NETWORK_CHAR_1				Atlantis	
WiFiNetwork2	CAN Mapping	0	Wifi Network ASCII characters	TBM_FD_2.NETWORK_CHAR_2	FD	8 bit signal	WIFI_NETWORK.NETWORK_CHAR_2				Atlantis	
WiFiNetwork3	CAN Mapping	0	Wifi Network ASCII characters	TBM_FD_2.NETWORK_CHAR_3	FD	8 bit signal	WIFI_NETWORK.NETWORK_CHAR_3				Atlantis	
WiFiNetwork4	CAN Mapping	0	Wifi Network ASCII characters	TBM_FD_2.NETWORK_CHAR_4	FD	8 bit signal	WIFI_NETWORK.NETWORK_CHAR_4				Atlantis	
WiFiNetwork5	CAN Mapping	0	Wifi Network ASCII characters	TBM_FD_2.NETWORK_CHAR_5	FD	8 bit signal	WIFI_NETWORK.NETWORK_CHAR_5				Atlantis	
WiFiNetwork6	CAN Mapping	0	Wifi Network ASCII characters	TBM_FD_2.NETWORK_CHAR_6	FD	8 bit signal	WIFI_NETWORK.NETWORK_CHAR_6				Atlantis	
WiFiNetwork7	CAN Mapping	0	Wifi Network ASCII characters	TBM_FD_2.NETWORK_CHAR_7	FD	8 bit signal	WIFI_NETWORK.NETWORK_CHAR_7				Atlantis	
WiFiNetworkFrameID	CAN Mapping	0	Frame ID for Wifi network	TBM_FD_2.NETWORK_FRAME_ID	FD	4 bit signal	WIFI_NETWORK.NETWORK_FRAME_ID				Atlantis	
WiFiNetworkNumber	CAN Mapping	0	The number of the Wifi Network	TBM_FD_2.NETWORK_NUMBER	FD	4 bit signal	WIFI_NETWORK.NETWORK_NUMBER				Atlantis	
Wifirq	CAN Mapping	0	Wifi request	TELEMATIC_VEHICLE_SETUP.WiFiReq	FD	0 = Off 1 = On	SERVICE_INFO.WiFiReq		Atlantis 1 bit signal 0 = Off 1 = On	CR10916	Atlantis	
Wifisetting	CAN Mapping	0	Request to Reset Wi-Fi Settings							CR10916	Atlantis	
Wi-Fistat	CAN Mapping	0	Status of the Wi-Fimodem	TBM_SCHEDULE_FD_2.WiFiSts	FD	0 = OFF 1 = ON 2 = SNA	STATUS_TBM.WiFiSts			CR11036	Atlantis	
WIFLampStatus	CAN Mapping	0	Request water in fuel lamp (diesel only)	ENGINE_FD_7.FuelWaterPresentSts ENGINE_FD_7.FuelWaterPresentFailSts	FD	ATLANTIS 1 bit signal 0 = Water not present 1 = Water present	STATUS_ECM.FuelWaterPresentSts STATUS_ECM.FuelWaterPresentFailSts		ATLANTIS 1 bit signal 0 = Water not present 1 = Water present		Atlantis	
Windshield_Fluid_Stat	CAN Mapping	0	Wiper Fluid Lamp	IPC_FD_3.WINDSHIELD_FLUID_STAT	FD	0 = Off 1 = On 2 = Blinking 3 = SNA					Atlantis	
WinPosDriver	CAN Mapping	0	Driver Window Position				DRIVER_DOORWinPos_D_Sts		7 bit signal 0 - 100 Percent	No DCM on MP	Atlantis	ATL_HIGH_EMPTY
WinPosPassenger	CAN Mapping	0	Passenger Window Position	PASS_DOOR.WinPos_P_Sts	B-CAN	7 bit signal Range is 0-100% Factor = 1 Offset = 0 SNA = 127	PASS_DOOR.WinPos_P_Sts		7 bit signal 0 - 100 Percent	No DCM on MP	Atlantis	
WinPosRearL	CAN Mapping	0	Rear Left Window Position	GW_B_6.WinPos_RearL_Sts	B-CAN	5 bit signal Range is 0-100 % Factor = 5%	N/A		N/A		Atlantis	
WinPosRearR	CAN Mapping	0	Rear Right Window Position	GW_B_6.WinPos_RearR_Sts	B-CAN	5 bit signal Range is 0-100 % Factor = 5%	N/A		N/A		Atlantis	
Worksite_Inverter_Active_Sts	CAN Mapping	0		<pending>.Worksite_Inverter_Active_Sts	FD					Message pending	Atlantis	
WPR_SYS_HIGH	CAN Mapping	0	Front wiper in HIGH Position				NA.No signal on CAN		NA		Atlantis	ATL_HIGH_EMPTY
WPR_SYS_INT	CAN Mapping	0	Front wiper in INTERMEDIATE Position				NA.No signal on CAN		NA		Atlantis	ATL_HIGH_EMPTY
WPR_SYS_LOW	CAN Mapping	0	Front wiper in LOW Position				NA.No signal on CAN		NA		Atlantis	ATL_HIGH_EMPTY
WPR_SYS_MIST	CAN Mapping	0	MIST				NA.No signal on CAN		NA		Atlantis	ATL_HIGH_EMPTY
WPR_SYS_OFF	CAN Mapping	0	Front wiper in OFF Position				NA.No signal on CAN		NA		Atlantis	ATL_HIGH_EMPTY
WPR_SYS_WASH	CAN Mapping	0	Front Washer				NA.No signal on CAN		NA		Atlantis	ATL_HIGH_EMPTY
WprSw6Posn	CAN Mapping	0	Front wiper (OFF, INT 1, INT 2, INT 3, INT 4, Low, High)				NA.No signal on CAN		NA		Atlantis	ATL_HIGH_EMPTY
WprWash_R_Sw_Posn_V3	CAN Mapping	0	Rear wiper (ON, INTERMEDIATE, OFF) & Rear Wash				NA.No signal on CAN		NA		Atlantis	ATL_HIGH_EMPTY
WprWash_Sts	CAN Mapping	0					BODY1.FrontWiperMoveSts	CAN-C	0 = Stop 1 = Moving	The required signal shall be added for Atlantis architecture and for SR23 CFTS102 implementation	Atlantis	ATL_HIGH_EMPTY
YawRate	CAN Mapping	0	Yaw Rate	BRAKE_FD_7.VehYawRate_Raw	FD	16 bit signal Units are degrees/s Offset = -327.68 Factor = 0.01 Range = -327.68 to 327.66 SNA = 65535	BSM_YRS_DATA.YawRate_BSM BSM_YRS_DATA.YawRateFailSts_BSM STATUS_CCAN1..YawRate_BSM STATUS_CCAN1.YawRateFailSts_BSM		Atlantis 12 bit signal Offset -163.84 -163.84 - +163.68 degrees/second resolution = 0.08 degrees/second		Atlantis	
Schar8	CAN Mapping	0	Wifi SSID Character 8	WIFI_SSID.UTF_Char8	FD	8 bit signal					Atlantis	
Schar9	CAN Mapping	0	Wifi SSID Character 9	WIFI_SSID.UTF_Char9	FD	8 bit signal					Atlantis	
Schar10	CAN Mapping	0	Wifi SSID Character 10	WIFI_SSID.UTF_Char10	FD	8 bit signal					Atlantis	
Schar11	CAN Mapping	0	Wifi SSID Character 11	WIFI_SSID.UTF_Char11	FD	8 bit signal					Atlantis	
Schar12	CAN Mapping	0	Wifi SSID Character 12	WIFI_SSID.UTF_Char12	FD	8 bit signal					Atlantis	
Schar13	CAN Mapping	0	Wifi SSID Character 13	WIFI_SSID.UTF_Char13	FD	8 bit signal					Atlantis	
Schar14	CAN Mapping	0	Wifi SSID Character 14	WIFI_SSID.UTF_Char14	FD	8 bit signal					Atlantis	
Schar15	CAN Mapping	0	Wifi SSID Character 15	WIFI_SSID.UTF_Char15	FD	8 bit signal					Atlantis	
Schar16	CAN Mapping	0	Wifi SSID Character 16	WIFI_SSID.UTF_Char16	FD	8 bit signal					Atlantis	
Schar17	CAN Mapping	0	Wifi SSID Character 17	WIFI_SSID.UTF_Char17	FD	8 bit signal					Atlantis	
Schar18	CAN Mapping	0	Wifi SSID Character 18	WIFI_SSID.UTF_Char18	FD	8 bit signal					Atlantis	
Schar19	CAN Mapping	0	Wifi SSID Character 19	WIFI_SSID.UTF_Char19	FD	8 bit signal					Atlantis	
Schar20	CAN Mapping	0	Wifi SSID Character 20	WIFI_SSID.UTF_Char20	FD	8 bit signal					Atlantis	
Schar21	CAN Mapping	0	Wifi SSID Character 21	WIFI_SSID.UTF_Char21	FD	8 bit signal					Atlantis	
Schar22	CAN Mapping	0	Wifi SSID Character 22	WIFI_SSID.UTF_Char22	FD	8 bit signal					Atlantis	
Schar23	CAN Mapping	0	Wifi SSID Character 23	WIFI_SSID.UTF_Char23	FD	8 bit signal					Atlantis	
Schar24	CAN Mapping	0	Wifi SSID Character 24	WIFI_SSID.UTF_Char24	FD	8 bit signal					Atlantis	
Schar25	CAN Mapping	0	Wifi SSID Character 25	WIFI_SSID.UTF_Char25	FD	8 bit signal					Atlantis	
Schar26	CAN Mapping	0	Wifi SSID Character 26	WIFI_SSID.UTF_Char26	FD	8 bit signal					Atlantis	
Schar27	CAN Mapping	0	Wifi SSID Character 27	WIFI_SSID.UTF_Char27	FD	8 bit signal					Atlantis	
Schar28	CAN Mapping	0	Wifi SSID Character 28	WIFI_SSID.UTF_Char28	FD	8 bit signal					Atlantis	
Schar29	CAN Mapping	0	Wifi SSID Character 29	WIFI_SSID.UTF_Char29	FD	8 bit signal					Atlantis	
Schar30	CAN Mapping	0	Wifi SSID Character 30	WIFI_SSID.UTF_Char30	FD	8 bit signal					Atlantis	
Schar31	CAN Mapping	0	Wifi SSID Character 31	WIFI_SSID.UTF_Char31	FD	8 bit signal					Atlantis	
Schar32	CAN Mapping	0	Wifi SSID Character 32	WIFI_SSID.UTF_Char32	FD	8 bit signal					Atlantis	
Schar33	CAN Mapping	0	Wifi SSID Character 33	WIFI_SSID.UTF_Char33	FD	8 bit signal					Atlantis	
Schar34	CAN Mapping	0	Wifi SSID Character 34	WIFI_SSID.UTF_Char34	FD	8 bit signal					Atlantis	
Schar35	CAN Mapping	0	Wifi SSID Character 35	WIFI_SSID.UTF_Char35	FD	8 bit signal					Atlantis	
Schar36	CAN Mapping	0	Wifi SSID Character 36	WIFI_SSID.UTF_Char36	FD	8 bit signal					Atlantis	
Schar37	CAN Mapping	0	Wifi SSID Character 37	WIFI_SSID.UTF_Char37	FD	8 bit signal					Atlantis	
Schar38	CAN Mapping	0	Wifi SSID Character 38	WIFI_SSID.UTF_Char38	FD	8 bit signal					Atlantis	
Schar39	CAN Mapping	0	Wifi SSID Character 39	WIFI_SSID.UTF_Char39	FD	8 bit signal					Atlantis	
Schar40	CAN Mapping	0	Wifi SSID Character 40	WIFI_SSID.UTF_Char40	FD	8 bit signal					Atlantis	
Schar41	CAN Mapping	0	Wifi SSID Character 41	WIFI_SSID.UTF_Char41	FD	8 bit signal					Atlantis	
Schar42	CAN Mapping	0	Wifi SSID Character 42	WIFI_SSID.UTF_Char42	FD	8 bit signal					Atlantis	
Schar43	CAN Mapping	0	Wifi SSID Character 43	WIFI_SSID.UTF_Char43	FD	8 bit signal					Atlantis	
Schar44	CAN Mapping	0	Wifi SSID Character 44	WIFI_SSID.UTF_Char44	FD	8 bit signal					Atlantis	
Schar45	CAN Mapping	0	Wifi SSID Character 45	WIFI_SSID.UTF_Char45	FD	8 bit signal					Atlantis	
Schar46	CAN Mapping	0	Wifi SSID Character 46	WIFI_SSID.UTF_Char46	FD	8 bit signal					Atlantis	
Schar47	CAN Mapping	0	Wifi SSID Character 47	WIFI_SSID.UTF_Char47	FD	8 bit signal					Atlantis	
Schar48	CAN Mapping	0	Wifi SSID Character 48	WIFI_SSID.UTF_Char48	FD	8 bit signal					Atlantis	
Schar49	CAN Mapping	0	Wifi SSID Character 49	WIFI_SSID.UTF_Char49	FD	8 bit signal					Atlantis	
Schar50	CAN Mapping	0	Wifi SSID Character 50	WIFI_SSID.UTF_Char50	FD	8 bit signal					Atlantis	
Schar51	CAN Mapping	0	Wifi SSID Character 51	WIFI_SSID.UTF_Char51	FD	8 bit signal					Atlantis	
Schar52	CAN Mapping	0	Wifi SSID Character 52	WIFI_SSID.UTF_Char52	FD	8 bit signal					Atlantis	
Schar53	CAN Mapping	0	Wifi SSID Character 53	WIFI_SSID.UTF_Char53	FD	8 bit signal					Atlantis	
Schar54	CAN Mapping	0	Wifi SSID Character 54	WIFI_SSID.UTF_Char54	FD	8 bit signal					Atlantis	
USchar8	CAN Mapping	0	Updated Wifi SSID Character 8	HUReq_SSID.UTF_Char8	FD	8 bit signal					Atlantis	
USchar9	CAN Mapping	0	Updated Wifi SSID Character 9	HUReq_SSID.UTF_Char9	FD	8 bit signal					Atlantis	
USchar10	CAN Mapping	0	Updated Wifi SSID Character 10	HUReq_SSID.UTF_Char10	FD	8 bit signal					Atlantis	
USchar11	CAN Mapping	0	Updated Wifi SSID Character 11	HUReq_SSID.UTF_Char11	FD	8 bit signal					Atlantis	
USchar12	CAN Mapping	0	Updated Wifi SSID Character 12	HUReq_SSID.UTF_Char12	FD	8 bit signal					Atlantis	
USchar13	CAN Mapping	0	Updated Wifi SSID Character 13	HUReq_SSID.UTF_Char13	FD	8 bit signal					Atlantis	
USchar14	CAN Mapping	0	Updated Wifi SSID Character 14	HUReq_SSID.UTF_Char14	FD	8 bit signal					Atlantis	
USchar15	CAN Mapping	0	Updated Wifi SSID Character 15	HUReq_SSID.UTF_Char15	FD	8 bit signal					Atlantis	
USchar16	CAN Mapping	0	Updated Wifi SSID Character 16	HUReq_SSID.UTF_Char16	FD	8 bit signal					Atlantis	
USchar17	CAN Mapping	0	Updated Wifi SSID Character 17	HUReq_SSID.UTF_Char17	FD	8 bit signal					Atlantis	
USchar18	CAN Mapping	0	Updated Wifi SSID Character 18	HUReq_SSID.UTF_Char18	FD	8 bit signal					Atlantis	
USchar19	CAN Mapping	0	Updated Wifi SSID Character 19	HUReq_SSID.UTF_Char19	FD	8 bit signal					Atlantis	
USchar20	CAN Mapping	0	Updated Wifi SSID Character 20	HUReq_SSID.UTF_Char20	FD	8 bit signal					Atlantis	
USchar21	CAN Mapping	0	Updated Wifi SSID Character 21	HUReq_SSID.UTF_Char21	FD	8 bit signal					Atlantis	
USchar22	CAN Mapping	0	Updated Wifi SSID Character 22	HUReq_SSID.UTF_Char22	FD	8 bit signal					Atlantis	
USchar23	CAN Mapping	0	Updated Wifi SSID Character 23	HUReq_SSID.UTF_Char23	FD	8 bit signal					Atlantis	
USchar24	CAN Mapping	0	Updated Wifi SSID Character 24	HUReq_SSID.UTF_Char24	FD	8 bit signal					Atlantis	
USchar25	CAN Mapping	0	Updated Wifi SSID Character 25	HUReq_SSID.UTF_Char25	FD	8 bit signal					Atlantis	
USchar26	CAN Mapping	0	Updated Wifi SSID Character 26	HUReq_SSID.UTF_Char26	FD	8 bit signal					Atlantis	
USchar27	CAN Mapping	0	Updated Wifi SSID Character 27	HUReq_SSID.UTF_Char27	FD	8 bit signal					Atlantis	
USchar28	CAN Mapping	0	Updated Wifi SSID Character 28	HUReq_SSID.UTF_Char28	FD	8 bit signal					Atlantis	
USchar29	CAN Mapping	0	Updated Wifi SSID Character 29	HUReq_SSID.UTF_Char29	FD	8 bit signal					Atlantis	
USchar30	CAN Mapping	0	Updated Wifi SSID Character 30	HUReq_SSID.UTF_Char30	FD	8 bit signal					Atlantis	
USchar31	CAN Mapping	0	Updated Wifi SSID Character 31	HUReq_SSID.UTF_Char31	FD	8 bit signal					Atlantis	
USchar32	CAN Mapping	0	Updated Wifi SSID Character 32	HUReq_SSID.UTF_Char32	FD	8 bit signal					Atlantis	
USchar33	CAN Mapping	0	Updated Wifi SSID Character 33	HUReq_SSID.UTF_Char33	FD	8 bit signal					Atlantis	
USchar34	CAN Mapping	0	Updated Wifi SSID Character 34	HUReq_SSID.UTF_Char34	FD	8 bit signal					Atlantis	
USchar35	CAN Mapping	0	Updated Wifi SSID Character 35	HUReq_SSID.UTF_Char35	FD	8 bit signal					Atlantis	
USchar36	CAN Mapping	0	Updated Wifi SSID Character 36	HUReq_SSID.UTF_Char36	FD	8 bit signal					Atlantis	
USchar37	CAN Mapping	0	Updated Wifi SSID Character 37	HUReq_SSID.UTF_Char37	FD	8 bit signal					Atlantis	
USchar38	CAN Mapping	0	Updated Wifi SSID Character 38	HUReq_SSID.UTF_Char38	FD	8 bit signal					Atlantis	
USchar39	CAN Mapping	0	Updated Wifi SSID Character 39	HUReq_SSID.UTF_Char39	FD	8 bit signal					Atlantis	
USchar40	CAN Mapping	0	Updated Wifi SSID Character 40	HUReq_SSID.UTF_Char40	FD	8 bit signal					Atlantis	
USchar41	CAN Mapping	0	Updated Wifi SSID Character 41	HUReq_SSID.UTF_Char41	FD	8 bit signal					Atlantis	
USchar42	CAN Mapping	0	Updated Wifi SSID Character 42	HUReq_SSID.UTF_Char42	FD	8 bit signal					Atlantis	
USchar43	CAN Mapping	0	Updated Wifi SSID Character 43	HUReq_SSID.UTF_Char43	FD	8 bit signal					Atlantis	
USchar44	CAN Mapping	0	Updated Wifi SSID Character 44	HUReq_SSID.UTF_Char44	FD	8 bit signal					Atlantis	
USchar45	CAN Mapping	0	Updated Wifi SSID Character 45	HUReq_SSID.UTF_Char45	FD	8 bit signal					Atlantis	
USchar46	CAN Mapping	0	Updated Wifi SSID Character 46	HUReq_SSID.UTF_Char46	FD	8 bit signal					Atlantis	
USchar47	CAN Mapping	0	Updated Wifi SSID Character 47	HUReq_SSID.UTF_Char47	FD	8 bit signal					Atlantis	
USchar48	CAN Mapping	0	Updated Wifi SSID Character 48	HUReq_SSID.UTF_Char48	FD	8 bit signal					Atlantis	
USchar49	CAN Mapping	0	Updated Wifi SSID Character 49	HUReq_SSID.UTF_Char49	FD	8 bit signal					Atlantis	
USchar50	CAN Mapping	0	Updated Wifi SSID Character 50	HUReq_SSID.UTF_Char50	FD	8 bit signal					Atlantis	
USchar51	CAN Mapping	0	Updated Wifi SSID Character 51	HUReq_SSID.UTF_Char51	FD	8 bit signal					Atlantis	
USchar52	CAN Mapping	0	Updated Wifi SSID Character 52	HUReq_SSID.UTF_Char52	FD	8 bit signal					Atlantis	
USchar53	CAN Mapping	0	Updated Wifi SSID Character 53	HUReq_SSID.UTF_Char53	FD	8 bit signal					Atlantis	
USchar54	CAN Mapping	0	Updated Wifi SSID Character 54	HUReq_SSID.UTF_Char54	FD	8 bit signal					Atlantis	
Cchar8	CAN Mapping	0	Wifi Clinet Character 8	WIFI_CONNECTED_DEVICES.UTF_Char8	FD	8 bit signal					Atlantis	
Cchar9	CAN Mapping	0	Wifi Clinet Character 9	WIFI_CONNECTED_DEVICES.UTF_Char9	FD	8 bit signal					Atlantis	
Cchar10	CAN Mapping	0	Wifi Clinet Character 10	WIFI_CONNECTED_DEVICES.UTF_Char10	FD	8 bit signal					Atlantis	
Cchar11	CAN Mapping	0	Wifi Clinet Character 11	WIFI_CONNECTED_DEVICES.UTF_Char11	FD	8 bit signal					Atlantis	
Cchar12	CAN Mapping	0	Wifi Clinet Character 12	WIFI_CONNECTED_DEVICES.UTF_Char12	FD	8 bit signal					Atlantis	
Cchar13	CAN Mapping	0	Wifi Clinet Character 13	WIFI_CONNECTED_DEVICES.UTF_Char13	FD	8 bit signal					Atlantis	
Cchar14	CAN Mapping	0	Wifi Clinet Character 14	WIFI_CONNECTED_DEVICES.UTF_Char14	FD	8 bit signal					Atlantis	
Cchar15	CAN Mapping	0	Wifi Clinet Character 15	WIFI_CONNECTED_DEVICES.UTF_Char15	FD	8 bit signal					Atlantis	
Cchar16	CAN Mapping	0	Wifi Clinet Character 16	WIFI_CONNECTED_DEVICES.UTF_Char16	FD	8 bit signal					Atlantis	
Cchar17	CAN Mapping	0	Wifi Clinet Character 17	WIFI_CONNECTED_DEVICES.UTF_Char17	FD	8 bit signal					Atlantis	
Cchar18	CAN Mapping	0	Wifi Clinet Character 18	WIFI_CONNECTED_DEVICES.UTF_Char18	FD	8 bit signal					Atlantis	
Cchar19	CAN Mapping	0	Wifi Clinet Character 19	WIFI_CONNECTED_DEVICES.UTF_Char19	FD	8 bit signal					Atlantis	
Cchar20	CAN Mapping	0	Wifi Clinet Character 20	WIFI_CONNECTED_DEVICES.UTF_Char20	FD	8 bit signal					Atlantis	
Cchar21	CAN Mapping	0	Wifi Clinet Character 21	WIFI_CONNECTED_DEVICES.UTF_Char21	FD	8 bit signal					Atlantis	
Cchar22	CAN Mapping	0	Wifi Clinet Character 22	WIFI_CONNECTED_DEVICES.UTF_Char22	FD	8 bit signal					Atlantis	
Cchar23	CAN Mapping	0	Wifi Clinet Character 23	WIFI_CONNECTED_DEVICES.UTF_Char23	FD	8 bit signal					Atlantis	
Cchar24	CAN Mapping	0	Wifi Clinet Character 24	WIFI_CONNECTED_DEVICES.UTF_Char24	FD	8 bit signal					Atlantis	
Cchar25	CAN Mapping	0	Wifi Clinet Character 25	WIFI_CONNECTED_DEVICES.UTF_Char25	FD	8 bit signal					Atlantis	
Cchar26	CAN Mapping	0	Wifi Clinet Character 26	WIFI_CONNECTED_DEVICES.UTF_Char26	FD	8 bit signal					Atlantis	
Cchar27	CAN Mapping	0	Wifi Clinet Character 27	WIFI_CONNECTED_DEVICES.UTF_Char27	FD	8 bit signal					Atlantis	
Cchar28	CAN Mapping	0	Wifi Clinet Character 28	WIFI_CONNECTED_DEVICES.UTF_Char28	FD	8 bit signal					Atlantis	
Cchar29	CAN Mapping	0	Wifi Clinet Character 29	WIFI_CONNECTED_DEVICES.UTF_Char29	FD	8 bit signal					Atlantis	
Cchar30	CAN Mapping	0	Wifi Clinet Character 30	WIFI_CONNECTED_DEVICES.UTF_Char30	FD	8 bit signal					Atlantis	
Cchar31	CAN Mapping	0	Wifi Clinet Character 31	WIFI_CONNECTED_DEVICES.UTF_Char31	FD	8 bit signal					Atlantis	
Cchar32	CAN Mapping	0	Wifi Clinet Character 32	WIFI_CONNECTED_DEVICES.UTF_Char32	FD	8 bit signal					Atlantis	
Cchar33	CAN Mapping	0	Wifi Clinet Character 33	WIFI_CONNECTED_DEVICES.UTF_Char33	FD	8 bit signal					Atlantis	
Cchar34	CAN Mapping	0	Wifi Clinet Character 34	WIFI_CONNECTED_DEVICES.UTF_Char34	FD	8 bit signal					Atlantis	
Cchar35	CAN Mapping	0	Wifi Clinet Character 35	WIFI_CONNECTED_DEVICES.UTF_Char35	FD	8 bit signal					Atlantis	
Cchar36	CAN Mapping	0	Wifi Clinet Character 36	WIFI_CONNECTED_DEVICES.UTF_Char36	FD	8 bit signal					Atlantis	
Cchar37	CAN Mapping	0	Wifi Clinet Character 37	WIFI_CONNECTED_DEVICES.UTF_Char37	FD	8 bit signal					Atlantis	
Cchar38	CAN Mapping	0	Wifi Clinet Character 38	WIFI_CONNECTED_DEVICES.UTF_Char38	FD	8 bit signal					Atlantis	
Cchar39	CAN Mapping	0	Wifi Clinet Character 39	WIFI_CONNECTED_DEVICES.UTF_Char39	FD	8 bit signal					Atlantis	
Cchar40	CAN Mapping	0	Wifi Clinet Character 40	WIFI_CONNECTED_DEVICES.UTF_Char40	FD	8 bit signal					Atlantis	
Cchar41	CAN Mapping	0	Wifi Clinet Character 41	WIFI_CONNECTED_DEVICES.UTF_Char41	FD	8 bit signal					Atlantis	
Cchar42	CAN Mapping	0	Wifi Clinet Character 42	WIFI_CONNECTED_DEVICES.UTF_Char42	FD	8 bit signal					Atlantis	
Cchar43	CAN Mapping	0	Wifi Clinet Character 43	WIFI_CONNECTED_DEVICES.UTF_Char43	FD	8 bit signal					Atlantis	
Cchar44	CAN Mapping	0	Wifi Clinet Character 44	WIFI_CONNECTED_DEVICES.UTF_Char44	FD	8 bit signal					Atlantis	
Cchar45	CAN Mapping	0	Wifi Clinet Character 45	WIFI_CONNECTED_DEVICES.UTF_Char45	FD	8 bit signal					Atlantis	
Cchar46	CAN Mapping	0	Wifi Clinet Character 46	WIFI_CONNECTED_DEVICES.UTF_Char46	FD	8 bit signal					Atlantis	
Cchar47	CAN Mapping	0	Wifi Clinet Character 47	WIFI_CONNECTED_DEVICES.UTF_Char47	FD	8 bit signal					Atlantis	
Cchar48	CAN Mapping	0	Wifi Clinet Character 48	WIFI_CONNECTED_DEVICES.UTF_Char48	FD	8 bit signal					Atlantis	
Cchar49	CAN Mapping	0	Wifi Clinet Character 49	WIFI_CONNECTED_DEVICES.UTF_Char49	FD	8 bit signal					Atlantis	
Cchar50	CAN Mapping	0	Wifi Clinet Character 50	WIFI_CONNECTED_DEVICES.UTF_Char50	FD	8 bit signal					Atlantis	
Cchar51	CAN Mapping	0	Wifi Clinet Character 51	WIFI_CONNECTED_DEVICES.UTF_Char51	FD	8 bit signal					Atlantis	
Cchar52	CAN Mapping	0	Wifi Clinet Character 52	WIFI_CONNECTED_DEVICES.UTF_Char52	FD	8 bit signal					Atlantis	
Cchar53	CAN Mapping	0	Wifi Clinet Character 53	WIFI_CONNECTED_DEVICES.UTF_Char53	FD	8 bit signal					Atlantis	
Cchar54	CAN Mapping	0	Wifi Clinet Character 54	WIFI_CONNECTED_DEVICES.UTF_Char54	FD	8 bit signal					Atlantis	
zzzzz Reserved for next new LID	CAN Mapping	0									Atlantis	
ACN_Hardwired	Proxi & Configuration	0					ACN_Hardwire	PROXI	0 = Absent 1 = Present		Atlantis & Atlantis High	ATL_HIGH_EMPTY
ADASIS_Mini_Full	Proxi & Configuration	0					ADASIS_Mini_Full	PROXI	0 = Absent 1 = ADASIS_Mini 2 = ADASIS_Full	to differentiate between ADASIS Mini versus ADASIS Full Protocol.	Atlantis & Atlantis High	ATL_HIGH_EMPTY
ADCAM_Present	Proxi & Configuration	0	Feature present				CAN node 28 (ADCAM)	PROXI	0 = Absent 1 = Present		Atlantis & Atlantis High	ATL_HIGH_EMPTY
Advanced_Effect_Modes_Present	Proxi & Configuration	0					Advanced_Effect_Modes_Present	PROXI	0 = Off 1 = On	If $Advanced_Effect_Modes_Present$ = [Present], the ETM shall enable the Advanced Effect Modes feature and display all related buttons. If $Advanced_Effect_Modes_Present$ = [Not present], the ETM shall disable the Advanced Effect Modes feature and hide all related buttons.	Atlantis & Atlantis High	ATL_HIGH_EMPTY
AM_FM1_Antenna_Type	Proxi & Configuration	0	Antenna type (primary only)				AM_FM1_Antenna_Type	PROXI	PROXI: AM_FM1_Antenna_Type 0= Passive 1= Active		Atlantis & Atlantis High	ATL_HIGH_EMPTY
AM_Presence	Proxi & Configuration	0	Feature present				AM_Presence		0 = Absent 1 = Present	See Default Setting and Pnet Configuration document for bit location.	Atlantis & Atlantis High	ATL_HIGH_EMPTY
Ambient_Lighting_Present	Proxi & Configuration	0					CAN node 90 (ALM)	PROXI	0 = Absent 1 = Present	Proxi to determine availability of the feature	Atlantis & Atlantis High	ATL_HIGH_EMPTY
AMPPresent	Proxi & Configuration	0	Amplifier Module (1=present)				CAN node 46 (AMP)	PROXI			Atlantis & Atlantis High	ATL_HIGH_EMPTY
ANC_Cal_Param	Proxi & Configuration	0					ANC_Calibration_Parameter_Dataset	PROXI	n/a	As of V1.50, the PROXI name has been requested as listed but actual name may vary.	Atlantis & Atlantis High	ATL_HIGH_EMPTY
ANT_TYP	Proxi & Configuration	0	Antenna type (primary & secondary)				Main_Ant_Supply_Cfg	PROXI			Atlantis & Atlantis High	ATL_HIGH_EMPTY
APP_Audio_Config	Proxi & Configuration	0					APP_Audio_Config	PROXI	0 - Not Present 1 - Base (RCG) 2 - P2 (RC3) 3 - P3 (RCA) 4 - P4 (RGE)	As of V1.50, the PROXI name has been requested as listed but actual name may vary.	Atlantis & Atlantis High	ATL_HIGH_EMPTY
Assist_Call_Button_Config	Proxi & Configuration	0					Assist_Call_Button_Config	PROXI	0 = Absent 1 = Hard-wired – TBM direct handling 2 = Hard-wired – HU selection 3 = Remote – TBM direct handing 4 = Remote – HU selection # = Not Used		Atlantis & Atlantis High	ATL_HIGH_EMPTY|TRUNCATED_ENUM
Audio Steering Wheel Controls on the IPC	Proxi & Configuration	0					Audio_Steering_Wheel_Controls_on_IPC	PROXI	0 = Disabled 1 = Enabled		Atlantis & Atlantis High	ATL_HIGH_EMPTY
AUDIO_ENGINESOUNDSYNTHESIS_SETTING	Proxi & Configuration	0	Proxi to determine if the EV Sound Generator settings will be available to the customer.				Sound_Generator_setting	PROXI	0 = Absent 1 = Present		Atlantis & Atlantis High	ATL_HIGH_EMPTY
AUDIO_EQUALIZER_SETTING	Proxi & Configuration	0					AUDIO_EQUALIZER_SETTING	PROXI	"""0 = Not Present 1 = 2opt 2 = 3opt 3 = 4opt"""		Atlantis & Atlantis High	ATL_HIGH_EMPTY
AUDIO_MEDIA_EXPANDER_SETTING	Proxi & Configuration	0					AUDIO_MEDIA_EXPANDER_SETTING	PROXI	"""0 = Not Present 1 = Present"""		Atlantis & Atlantis High	ATL_HIGH_EMPTY
AUDIO_SURROUND_SETTING	Proxi & Configuration	0					AUDIO_SURROUND_SETTING	PROXI	"""0 = Not Present 1 = 2opt 2 = 3opt"""		Atlantis & Atlantis High	ATL_HIGH_EMPTY
AUDIO_TUNINGMODE_SETTING	Proxi & Configuration	0					AUDIO_TUNINGMODE_SETTING	PROXI	"""0 = Not Present 1 = Present"""		Atlantis & Atlantis High	ATL_HIGH_EMPTY
AUDIO_VIRTUALCONCERTHALLS_SETTING	Proxi & Configuration	0					AUDIO_VIRTUALCONCERTHALLS_SETTING	PROXI	0 = Not Present 1 = Present		Atlantis & Atlantis High	ATL_HIGH_EMPTY
AudioCarLayout	Proxi & Configuration	0	Audio System Layout Type				Audio_Car_Lay_Out				Atlantis & Atlantis High	ATL_HIGH_EMPTY
AudioSystemType	Proxi & Configuration	0	Audio System Type Configuration				Audio_System_Type		0 = Base 1 = Fiat Booster 2 = Premium CAN 3 = Beats # = Not Used		Atlantis & Atlantis High	ATL_HIGH_EMPTY|TRUNCATED_ENUM
AUTO_STOP_START	Proxi & Configuration	0	Stop/Start radio button presence				Stop_Start_Menu			Atlantis for M240	Atlantis & Atlantis High	ATL_HIGH_EMPTY
Automatic_Recirculation	Proxi & Configuration	0					Automatic_Recirculation	PROXI	0=Absent 1=Present		Atlantis & Atlantis High	ATL_HIGH_EMPTY
Autonomy_Level	Proxi & Configuration	0					Autonomy_Level	PROXI	see PROXI Document		Atlantis & Atlantis High	ATL_HIGH_EMPTY
AUX_Presence	Proxi & Configuration	0					AUX_Presence	PROXI	0 = Absent 1 = Present		Atlantis & Atlantis High	ATL_HIGH_EMPTY
Battery_Type_II	Proxi & Configuration	0	Battery Type II				Battery_Type_II	PROXI	0 = None 1 = Battery 1 2 = Battery 2 # = Not Used		Atlantis & Atlantis High	ATL_HIGH_EMPTY|TRUNCATED_ENUM
BDL_PRSNT	Proxi & Configuration	0	Bed Lowering Present								Atlantis & Atlantis High	
BSSPresent	Proxi & Configuration	0	Blind-Spot Module (1=present)				<CAN node 51 (LBSS)> <CAN node 52 (RBSS)> Blind_Spot_Monitoring (only used for 332BEV project)	PROXI	present [1] or absent [0]		Atlantis & Atlantis High	ATL_HIGH_EMPTY
CabinEQ	Proxi & Configuration	0	Cabin EQ				<Acustic_Configuration>	PROXI	1-Byte Value = ID Number		Atlantis & Atlantis High	ATL_HIGH_EMPTY
Car_Shape_Configuration	Proxi & Configuration	0	PROXI parameter that defines Car Body Shapes				Car_Configuration_10.Car_Shape_Configuration	PROXI			Atlantis & Atlantis High	ATL_HIGH_EMPTY
CARB_Regulation_Type	Proxi & Configuration	0	Configuration Parameter for CARB				PROXI: CARB_Regulation_Type	PROXI	0 - Absent 1 - CARB		Atlantis & Atlantis High	ATL_HIGH_EMPTY
CCDMF_Present	Proxi & Configuration	0	CCDMF Presence				CAN node 94 (CCDMF)	PROXI			Atlantis & Atlantis High	ATL_HIGH_EMPTY
Cell_Presence	Proxi & Configuration	0					Cell_Presence	PROXI	0 = Absent 1 = Present		Atlantis & Atlantis High	ATL_HIGH_EMPTY
Clima_Zone	Proxi & Configuration	0					Clima_Zone		0 = Mono Zone 1 = 2 Zone 2 = 3 Zone 3 = 4 Zone		Atlantis & Atlantis High	ATL_HIGH_EMPTY
Climate_Type	Proxi & Configuration	0	HVAC Configuration				Climate_Type				Atlantis & Atlantis High	ATL_HIGH_EMPTY
Cluster_Display_Type	Proxi & Configuration	0	Cluster Display Type				Cluster_Display_Type	PROXI	"0 = No Display Available 1 = Base Display 2 = Medium Display 3 = High Display 4 = TFT B/W Display 5 = TFT Color Display 7"" 6 = TFT Color Display 10.25 "" # = Not Used"		Atlantis & Atlantis High	ATL_HIGH_EMPTY|TRUNCATED_ENUM
Configuration_Families	Proxi & Configuration	0	Configuration Families				Configuration_Families	PROXI	0 = Invalid 1 = 200km SEDAN Entry RoW BEV 2 = 200km SEDAN RoW BEV 3 = 400km SEDAN RoW BEV 4 = 200km CABRIO RoW BEV 5 = 400km CABRIO RoW BEV 51 = 200km SEDAN NAFTA BEV 52 = 400km SEDAN NAFTA BEV # = Not Used		Atlantis & Atlantis High	ATL_HIGH_EMPTY|TRUNCATED_ENUM
Connected_Services_Presence	Proxi & Configuration	0					Connected_Services_Presence	PROXI	0 = Absent 1 = Present		Atlantis & Atlantis High	ATL_HIGH_EMPTY
Cooled_Seats	Proxi & Configuration	0	Cooled Seat Presence				Cooled_Seats	PROXI	See Proxi Table		Atlantis & Atlantis High	ATL_HIGH_EMPTY|SEE_PROXI_TABLE
Country_Code	Proxi & Configuration	0	Country Code				Car_Configuration_16.Country_Code	PROXI			Atlantis & Atlantis High	ATL_HIGH_EMPTY
CPD	Proxi & Configuration	0	ANC Calibration Parameter Dataset				<ANC Calibration Parameter Dataset>	PROXI	2-Byte Value = ID Number		Atlantis & Atlantis High	ATL_HIGH_EMPTY
Creep_Present	Proxi & Configuration	0	PROXI Parameter defining presence of xEV Creep setting				Creeping_Feature	PROXI	See proxi		Atlantis & Atlantis High	ATL_HIGH_EMPTY
DAB_Presence	Proxi & Configuration	0	DAB/DMB present				DAB_Presence	PROXI	Proxi: DAB_Presence 0= Absent 1= Present		Atlantis & Atlantis High	ATL_HIGH_EMPTY
DCM_DPresent	Proxi & Configuration	0	Door Control Module Driver (1=present)				PROXI				Atlantis & Atlantis High	ATL_HIGH_EMPTY
DCM_PPresent	Proxi & Configuration	0	DCM Pass Present				CAN node 17 (PDM)				Atlantis & Atlantis High	ATL_HIGH_EMPTY
DCM_RLPresent	Proxi & Configuration	0	DCM RL Present								Atlantis & Atlantis High	
DCM_RRPresent	Proxi & Configuration	0	DCM RR Present								Atlantis & Atlantis High	
DCSD_cfg	Proxi & Configuration	0	DCSD Present				CAN node 31 (DCSD)	PROXI	0 = Absent 1 = Present		Atlantis & Atlantis High	ATL_HIGH_EMPTY
DEFROST_Cfg	Proxi & Configuration	0					DEFROST_Cfg	PROXI	0 = Front Defrost 1 = MAX Defrost		Atlantis & Atlantis High	ATL_HIGH_EMPTY
DEFROST_MODE_PRSNT_cfg	Proxi & Configuration	0	Rear Heated Window and/or Heated Mirror present								Atlantis & Atlantis High	
Digital_Key_Present	Proxi & Configuration	0	Feature present				Digital_Key_Present	PROXI	See proxi		Atlantis & Atlantis High	ATL_HIGH_EMPTY
Displacement	Proxi & Configuration	0					Engine_Type	PROXI			Atlantis & Atlantis High	ATL_HIGH_EMPTY
Driver_Power_Seat_Variants	Proxi & Configuration	0	Power Seat Variant				Driver_Power_Seat_Variants	PROXI			Atlantis & Atlantis High	ATL_HIGH_EMPTY
DriverSide	Proxi & Configuration	0	Left/right hand drive configuration				Car_Configuration_1.Driver_Side	PROXI	0 = Left Side 1 = Right Side		Atlantis & Atlantis High	ATL_HIGH_EMPTY
DriveStyleSelector_presence	Proxi & Configuration	0					Drive_Style_Selector	PROXI	0 = Absent 1 = Drive Selector 2 = Terrain Selector	The required Proxi parameter shall be added for Atlantis architecture and for SR23 CFTS102 implementation	Atlantis & Atlantis High	ATL_HIGH_EMPTY
DrowsyDriverAlert_presence	Proxi & Configuration	0					Driver_Drowsy_Alert	PROXI	0 = Absent 1 = Present on VP 2 = Present on IPC 3 = Present on IPC and VP	The required Proxi parameter shall be added for Atlantis architecture and for SR23 CFTS102 implementation	Atlantis & Atlantis High	ATL_HIGH_EMPTY
DSBL_CD_EJCT	Proxi & Configuration	0	disable disc eject				n/a		Proxi:		Atlantis & Atlantis High	ATL_HIGH_EMPTY
Dsbl_Nav_Lkout	Proxi & Configuration	0	Disable Navigation lockout				n/a		see <Navigation Driver Distraction Lockout Disabled> parameter for the market destination in the market config doc		Atlantis & Atlantis High	ATL_HIGH_EMPTY
DSM_Presence	Proxi & Configuration	0					CAN node 18	PROXI	0 = Absent 1 = Present		Atlantis & Atlantis High	ATL_HIGH_EMPTY
DSP_SK_PRSNT	Proxi & Configuration	0					Display_OFF_SoftKey_Prsnt				Atlantis & Atlantis High	ATL_HIGH_EMPTY
DSP_SK_PRSNT	Proxi & Configuration	0	Display off soft key present				Display_OFF_SoftKey	PROXI	See Proxi Table		Atlantis & Atlantis High	ATL_HIGH_EMPTY|SEE_PROXI_TABLE
DTV_FrntCam_PRSNT	Proxi & Configuration	0	DTV Front Camera Present				DTV_Front_Cam_Presence	PROXI	0 = Absent 1 = Present		Atlantis & Atlantis High	ATL_HIGH_EMPTY
DTV_PRSNT_NC	Proxi & Configuration	0	Non-CAN DTV module present				Digital_Television_Feature		0 = Absent 1 = Present		Atlantis & Atlantis High	ATL_HIGH_EMPTY
DTV_SideCam_PRSNT	Proxi & Configuration	0	DTV Side Camera Present				DTV_Side_Cam_Presence	PROXI	0 = Absent 1 = Present		Atlantis & Atlantis High	ATL_HIGH_EMPTY
E_Coasting_Adjustable_Levels	Proxi & Configuration	0	PROXI Parameter defining number of e-Coasting Levels (if set to none, feature is not present) 2-5 Levels possible				E_Coasting_Adjustable_Levels	PROXI	See proxi	As of V1.43, Atlantis High Proxi is in process so actual parameter name may change.	Atlantis & Atlantis High	ATL_HIGH_EMPTY
EC_AudTel1A	Proxi & Configuration	0	Audio and telematics ecu configuration 1A				N/A				Atlantis & Atlantis High	ATL_HIGH_EMPTY
EC_AudTel1B	Proxi & Configuration	0	Audio and telematics ecu configuration 1B				Not Applicable	N/A	N/A		Atlantis & Atlantis High	ATL_HIGH_EMPTY
EC_AudTel2	Proxi & Configuration	0	Audio and telematics ecu configuration 2				Not Applicable	N/A	N/A		Atlantis & Atlantis High	ATL_HIGH_EMPTY
EC_Cluster1A	Proxi & Configuration	0	Cluster configuration				Not Applicable				Atlantis & Atlantis High	ATL_HIGH_EMPTY
EC_ECUCfg16_Stat	Proxi & Configuration	0	ECU16 config status				Not Applicable				Atlantis & Atlantis High	ATL_HIGH_EMPTY
EC_ECUCfg3_Stat	Proxi & Configuration	0	ECU Configuration messages status 3				Not Applicable				Atlantis & Atlantis High	ATL_HIGH_EMPTY
EC_Mirror_HK_Prsnt	Proxi & Configuration	0	EC Mirror Hard Key present				EC_Mirror_Hard_Button_Present	PROXI	See Proxi Table		Atlantis & Atlantis High	ATL_HIGH_EMPTY|SEE_PROXI_TABLE
Ecall_Button_Config	Proxi & Configuration	0					Ecall_Button_Config	PROXI	0 = Absent 1 = Hardwired 2 = Virtual (CAN/LIN) 3 = Hardwire - only TBM call # = Not Used		Atlantis & Atlantis High	ATL_HIGH_EMPTY|TRUNCATED_ENUM
Ecall_Button_Variant	Proxi & Configuration	0	SOS/Help Text swap				Ecall_Button_Variant	PROXI	0 = SOS 1 = Help		Atlantis & Atlantis High	ATL_HIGH_EMPTY
Emission_Regulation_Type	Proxi & Configuration	0	Configuration Parameter for Euro7				PROXI: Emission_Regulation_Type	PROXI	0 - Absent 1 - Euro7		Atlantis & Atlantis High	ATL_HIGH_EMPTY
Engine_Torque_MAX	Proxi & Configuration	0	See proxi file				Engine_Torque_Parameter_MAX	PROXI	See Proxi file		Atlantis & Atlantis High	ATL_HIGH_EMPTY
EngineAspiration	Proxi & Configuration	0					Engine_Type	PROXI			Atlantis & Atlantis High	ATL_HIGH_EMPTY
ETCM_Present	Proxi & Configuration	0					CAN node 95 (ITBM/ITCM)	PROXI	See Proxi file		Atlantis & Atlantis High	ATL_HIGH_EMPTY
External_LTE_Diversity_Antenna	Proxi & Configuration	0					External_LTE_Diversity_Antenna	PROXI	0 = Absent 1 = Present		Atlantis & Atlantis High	ATL_HIGH_EMPTY
External_Port_Type	Proxi & Configuration	0	External Port Type				External_Port_Type	PROXI			Atlantis & Atlantis High	ATL_HIGH_EMPTY
External_Speaker_Presence	Proxi & Configuration	0					External_Speaker_Presence	PROXI	0 = Absent 1 = Present		Atlantis & Atlantis High	ATL_HIGH_EMPTY
FM2_Presence	Proxi & Configuration	0	Antenna type (secondary only)				FM2_Presence	PROXI	Proxi: FM2_Presence 0= Absent 1= Present		Atlantis & Atlantis High	ATL_HIGH_EMPTY
FPDM_Present	Proxi & Configuration	0	FPDM Present				CAN node 91 (FPDM)	PROXI	0 = Absent 1 = Present		Atlantis & Atlantis High	ATL_HIGH_EMPTY
Fuel_Cell_Presence	Proxi & Configuration	0	Feature present				Fuel_Cell_Presence	PROXI	See Proxi file		Atlantis & Atlantis High	ATL_HIGH_EMPTY
FuelCapacity	Proxi & Configuration	0	Fuel capacity				PROXI				Atlantis & Atlantis High	ATL_HIGH_EMPTY
FuelType	Proxi & Configuration	0	Fuel type				Fuel_Type	PROXI			Atlantis & Atlantis High	ATL_HIGH_EMPTY
Full_Automatic_Parking_System	Proxi & Configuration	0	ParkAssist - Full Automatic Parking System				Semi_Automatic_Parking_System	PROXI	0 = Absent 1 = Present		Atlantis & Atlantis High	ATL_HIGH_EMPTY
Geolocalization_Menu_Presence	Proxi & Configuration	0					Geolocation_Menu	PROXI	0 = Absent 1 = Present		Atlantis & Atlantis High	ATL_HIGH_EMPTY
GLOVEBOX_SK_PRSNT	Proxi & Configuration	0					Glove_Box_Lock			Atlantis for M240	Atlantis & Atlantis High	ATL_HIGH_EMPTY
GPS_Presence	Proxi & Configuration	0	GPS Antenna Present				GPS_Presence	PROXI	Proxi: GPS_Presence 0= Absent 1= Present		Atlantis & Atlantis High	ATL_HIGH_EMPTY
HALFPresent	Proxi & Configuration	0	HALF Module Present				EOL node 30 (HALF)	PROXI			Atlantis & Atlantis High	ATL_HIGH_EMPTY
Head_Unit_Screen_Size	Proxi & Configuration	0					Radio_Display_Type	PROXI	"0 = Absent 1 = 7"" 1280x768 2 = 8.4"" 1024x768 3 = 10.1"" 1920x1200 Lanscape 4 = 10.1"" 1200x1920 Portrait 5 = 10.25"" 1920x720 6 = 12"" 1920x1200 Landscape 7 = 12"" 1200x1920 Portrait 8 = 12.3"" 1920x720 9 = 14.46"" 1024x1920 AUO 10 = 14.6 Neo QLED(1920x1080) 11 = 10.1"" 1920x1200 CSOT LCD 12 = 12.3"" 1920x720 INCell CSOT 13 = 12.3"" 1920x720 AUO 2 14 = 13.7"" 2048x1712 15= 12.3"" 1920x720 T2"		Atlantis & Atlantis High	ATL_HIGH_EMPTY
Heated_Mirror_cfg	Proxi & Configuration	0	Heated_Mirror present				Car_Configuration_2.Heated_Mirror	CAN-B	0 = Absent 1 = Present		Atlantis & Atlantis High	ATL_HIGH_EMPTY
Heated_Seat_Levels	Proxi & Configuration	0	Heated Seat Levels				Heated_Seat_Levels	PROXI	See Proxi Table		Atlantis & Atlantis High	ATL_HIGH_EMPTY|SEE_PROXI_TABLE
Heated_Seats	Proxi & Configuration	0	Heated Seat Presence				Heated_Seats	PROXI	See Proxi Table		Atlantis & Atlantis High	ATL_HIGH_EMPTY|SEE_PROXI_TABLE
Heated_Steering_Levels	Proxi & Configuration	0					Heated_Steering_Wheel_Levels	PROXI	0 = 1 Level 1 = 2 Levels 2 = 3 Levels # = Not Used		Atlantis & Atlantis High	ATL_HIGH_EMPTY|TRUNCATED_ENUM
Heated_Steering_Levels	Proxi & Configuration	0					Heated_Steering_Wheel_Levels	PROXI	0 = 1 Level 1 = 2 Levels 2 = 3 Levels # = Not Used		Atlantis & Atlantis High	ATL_HIGH_EMPTY|TRUNCATED_ENUM
Heated_Steering_Wheel	Proxi & Configuration	0	Heated Steering Wheel Presence				Heated_Steering_Wheel	PROXI	See Proxi Table		Atlantis & Atlantis High	ATL_HIGH_EMPTY|SEE_PROXI_TABLE
HillDescent	Proxi & Configuration	0	Hills Descent Present				Hill_Descendent_Control				Atlantis & Atlantis High	ATL_HIGH_EMPTY
HV_Battery_Pack	Proxi & Configuration	0	See proxi file				HV_Battery_Pack	PROXI	See Proxi file		Atlantis & Atlantis High	ATL_HIGH_EMPTY
HVAC_AUTO_ECO_Mode	Proxi & Configuration	0	Feature present				HVAC_AUTO_ECO_Mode	PROXI	0 = Absent 1 = Present	As of V1.45, Atlantis High proxi is in process so actual proxi name may change.	Atlantis & Atlantis High	ATL_HIGH_EMPTY
Hybrid_Type	Proxi & Configuration	0	Type of hybrid vehicle				Hybrid_Type		0 = Not Applicable 1 = Battery Electric Vehicle 2 = Hybrid Electric Vehicle 3 = Plugin Hybrid Electric Vehicle 4 = 48V Belt Start Generator 5 = 12V Belt Start Generator 6 = REPB 7 = Fuel Cell Electric Vehicle # = Not Used		Atlantis & Atlantis High	ATL_HIGH_EMPTY|TRUNCATED_ENUM
ICSPresent	Proxi & Configuration	0	Integrated Center Stack Module (1=present)				Can Configuration.CAN node 50 (ICS)	PROXI	0 = Absent 1 = Present		Atlantis & Atlantis High	ATL_HIGH_EMPTY
Independent_Rear_Fan	Proxi & Configuration	0	Independent Rear Blower presence				Rear_Blower Indipendent_Rear_Fan	PROXI	0 = Absent 1 = Present		Atlantis & Atlantis High	ATL_HIGH_EMPTY
Int_CAM_PRSNT	Proxi & Configuration	0					Interior_Monitoring_Camera	PROXI	0 = Absent 1 = Present		Atlantis & Atlantis High	ATL_HIGH_EMPTY
INTERCOM_PRESENT	Proxi & Configuration	0								Exact ECU config message and signal will be provided	Atlantis & Atlantis High	
Intersection_Collision_Assist	Proxi & Configuration	0	Intersection Collision Assist				Intersection_Collision_Assist	PROXI	0 = Absent 1 = Present		Atlantis & Atlantis High	ATL_HIGH_EMPTY
ITBMPresence	Proxi & Configuration	0	ITBM present				CAN node 95	PROXI	0 = Absent 1 = Present		Atlantis & Atlantis High	ATL_HIGH_EMPTY
IVW_presence	Proxi & Configuration	0					Wizard_Feature	PROXI	0 = Off 1 = Present on TLM 2 = Present on IPC 3 = Present on IPC and TLM	The required Proxi parameter shall be added for Atlantis architecture and for SR23 CFTS102 implementation	Atlantis & Atlantis High	ATL_HIGH_EMPTY
Lane_Assist	Proxi & Configuration	0	Active Lane Management				Lane_Assist	PROXI	0 = Not Present 1 = Lane Departure Warning 2 = Lane Departure Warning + Lane Keep Assist 3 = Active Lane Management		Atlantis & Atlantis High	ATL_HIGH_EMPTY
Market_Area	Proxi & Configuration	0					Market_Area	PROXI	0 = NAFTA 1 = EMEA 2 = LATAM 3 = APAC	The required Proxi parameter shall be added for Atlantis architecture and for SR23 CFTS102 implementation	Atlantis & Atlantis High	ATL_HIGH_EMPTY
Memory_Seat_Feature_Presence	Proxi & Configuration	0	Feature present								Atlantis & Atlantis High	
Memory_Seat_Positions	Proxi & Configuration	0	Proxi parameter to define the number of Memory Seat Positions				Memory_Seat_Positions	PROXI	0- two memory seat positions 1- three memory seat positions 2- four memory seat positions 3- five memory seat positions		Atlantis & Atlantis High	ATL_HIGH_EMPTY
Memory_Seat_Presence	Proxi & Configuration	0					Memory_System	PROXI	0 = Absent 1 = Present		Atlantis & Atlantis High	ATL_HIGH_EMPTY
MicrophoneAcousticCharacteristics	Proxi & Configuration	0	Defines acoustic characterstics of the Microphone.				PROXI: Infotainment_Configuration_8.Microphone_Type		0 = Peiker 300mV 1 = Type 2 2 = Type 3 3 = Type 4		Atlantis & Atlantis High	ATL_HIGH_EMPTY
MicrophoneQuantity	Proxi & Configuration	0	Defines how many Microphones are present.				PROXI: Infotainment_Configuration_7.Microphone_Configuration		0 = 1 Microphone 1 = 2 Microphones		Atlantis & Atlantis High	ATL_HIGH_EMPTY
MicrophoneTuningSet	Proxi & Configuration	0	Defines which set of Microphone Tuning data is to be used.				PROXI: Infotainment_Configuration_5.Microphone_Tuning_Parameter		0 = Absent 1 = Mic Tuning set 1		Atlantis & Atlantis High	ATL_HIGH_EMPTY
MIM_PRESENCE	Proxi & Configuration	0	Feature present				EOL node MIM	PROXI	See proxi		Atlantis & Atlantis High	ATL_HIGH_EMPTY
Model_Equipement	Proxi & Configuration	0					Model_Equipement	PROXI	See Proxi		Atlantis & Atlantis High	ATL_HIGH_EMPTY
NAV_Presence	Proxi & Configuration	0					NAV_Presence	PROXI	0 = Absent 1 = Present		Atlantis & Atlantis High	ATL_HIGH_EMPTY
NET_CFG_INT	Proxi & Configuration	0	NET_CFG_INT				PROXI		ATLANTIS		Atlantis & Atlantis High	ATL_HIGH_EMPTY
NET_CFG_PT	Proxi & Configuration	0	NET_CFG_PT				PROXI		ATLANTIS		Atlantis & Atlantis High	ATL_HIGH_EMPTY
NET_CFG_STAT_INT	Proxi & Configuration	0	Network configuration status				Not Applicable				Atlantis & Atlantis High	ATL_HIGH_EMPTY
NET_CFG_STAT_PT	Proxi & Configuration	0	Network configuration status for powertrain bus				Not Applicable				Atlantis & Atlantis High	ATL_HIGH_EMPTY
NetCfg_ADCM	Proxi & Configuration	0	Active Dampening Control Present				CANnode37(DCM/ADCM)	PROXI			Atlantis & Atlantis High	ATL_HIGH_EMPTY
NetCfg_ASBS	Proxi & Configuration	0	Network Config for ASBS				CAN node 54 (ASBS)	PROXI	0 = Absent 1 = Present		Atlantis & Atlantis High	ATL_HIGH_EMPTY
NetCfg_ASCM	Proxi & Configuration	0	Network Config for ASCM				CAN node 27 (ASM/ASCM)	PROXI	0 = Absent 1 = Present		Atlantis & Atlantis High	ATL_HIGH_EMPTY
NetCfg_DCSD	Proxi & Configuration	0									Atlantis & Atlantis High	
NetCfg_DTCM	Proxi & Configuration	0	Network Config for DTCM				CAN node 67 (DTCM)	PROXI			Atlantis & Atlantis High	ATL_HIGH_EMPTY
NetCfg_DVD_CDM	Proxi & Configuration	0	In-dash DVD player Module (1=present)				PROXI				Atlantis & Atlantis High	ATL_HIGH_EMPTY
NetCfg_ELSD	Proxi & Configuration	0	Network Config for ELSD				CAN node 105 (ELSDM)	PROXI	0 = Absent 1 = Present		Atlantis & Atlantis High	ATL_HIGH_EMPTY
NetCfg_EPS	Proxi & Configuration	0	EPS Present				CAN node 2 (EPS)	PROXI			Atlantis & Atlantis High	ATL_HIGH_EMPTY
NetCfg_HCP	Proxi & Configuration	0	vehicle is PHEV								Atlantis & Atlantis High	
NetCfg_PPIM	Proxi & Configuration	0	Feature present				CAN Node 71 (PPIM)	PROXI	0 = Absent 1 = Present		Atlantis & Atlantis High	ATL_HIGH_EMPTY
NetCfg_PTCM	Proxi & Configuration	0									Atlantis & Atlantis High	
NetCfg_TCM	Proxi & Configuration	0	Automatic Transmission Controller (1=present)				CAN node 11 (MTA/TCM/DCTM)	PROXI			Atlantis & Atlantis High	ATL_HIGH_EMPTY
NetCfg_VES2_I	Proxi & Configuration	0	Video Entertainment System Screen 2 Module (1=present)				PROXI				Atlantis & Atlantis High	ATL_HIGH_EMPTY
NetCfg_VES3_I	Proxi & Configuration	0	Video Entertainment System Screen 1 Module (1=present)				PROXI				Atlantis & Atlantis High	ATL_HIGH_EMPTY
NetCfg_VRM	Proxi & Configuration	0	Video Routimg Module Present				CAN node 127 (VRM)	PROXI	0 = Absent 1 = Present		Atlantis & Atlantis High	ATL_HIGH_EMPTY
NetCfg_VSIM	Proxi & Configuration	0	Vehicle System Interface Module (1=present)				PROXI				Atlantis & Atlantis High	ATL_HIGH_EMPTY
Number_Of_Doors	Proxi & Configuration	0	PROXI parameter that defines Number of Doors on the vehicle				Car_Configuration_11.Number_Of_Doors	PROXI	0 = No doors (Special Version) 1 = 2 Doors 2 = 3 Doors 3 = 4 Doors		Atlantis & Atlantis High	ATL_HIGH_EMPTY
NumberOfVoiceRecognitionButtons	Proxi & Configuration	0	Defines how many Steering Wheel buttons can be used to activate / deactivate Voice Recognition.				PROXI: Infotainment_Configuration_8.Voice_Recognition_Activation		0 = 1 Button 1 = 2 Buttons		Atlantis & Atlantis High	ATL_HIGH_EMPTY
OC_Dsbl	Proxi & Configuration	0	Open Circuit Disable for ANC				<Speaker>_Open_Circuit_Disable - RF/RR/LF/LR	PROXI	1-Bit 0 = Enable DTC 1 = Disable DTC		Atlantis & Atlantis High	ATL_HIGH_EMPTY
OCM_Present	Proxi & Configuration	0	Occupant Classification Module present				CAN node 78 (OCM)	PROXI	0 = Absent 1 = Present		Atlantis & Atlantis High	ATL_HIGH_EMPTY
OFFroad_Camera	Proxi & Configuration	0	Off Road camera present				Forward_Facing_Camera	PROXI	0 = Absent 1 = Present		Atlantis & Atlantis High	ATL_HIGH_EMPTY
OFFRoadModePrsnt	Proxi & Configuration	0	Off Road Plus mode present				Not Applicable				Atlantis & Atlantis High	ATL_HIGH_EMPTY
PAMConfiguration	Proxi & Configuration	0	PAM Configuration on vehicle				PAM_Configuration	PROXI			Atlantis & Atlantis High	ATL_HIGH_EMPTY
PANIC	Proxi & Configuration	0					PANIC	PROXI	0 = Absent 1 = Present		Atlantis & Atlantis High	ATL_HIGH_EMPTY
Park_Assist_Volume_Strategy	Proxi & Configuration	0					Park_Assist_Volume_Strategy	PROXI	0 = Customer Selectable Setting 1 = Gear Position Based		Atlantis & Atlantis High	ATL_HIGH_EMPTY
Park_With_Stop	Proxi & Configuration	0	ParkSense				Park_With_Stop	PROXI	0 = Absent 1 = Present		Atlantis & Atlantis High	ATL_HIGH_EMPTY
Phone_As_A_Key	Proxi & Configuration	0	Feature present				Phone_As_A_Key	PROXI	0 = Absent 1 = Present		Atlantis & Atlantis High	ATL_HIGH_EMPTY
Police_cfg	Proxi & Configuration	0	LD Pursuit present								Atlantis & Atlantis High	
Proxi_External_Temperature_Sensor	Proxi & Configuration	0	Display outside temperature present				PROXI			B and C CAN Present	Atlantis & Atlantis High	ATL_HIGH_EMPTY
Proxi_Rain_Sensor	Proxi & Configuration	0	Rain sensor present				PROXI			B and C CAN Present	Atlantis & Atlantis High	ATL_HIGH_EMPTY
PTCM_Present	Proxi & Configuration	0					CAN node 101 (PTCM)	PROXI	0 = Absent 1 = Present		Atlantis & Atlantis High	ATL_HIGH_EMPTY
PWR_INV_PRSNT	Proxi & Configuration	0					Power_Inverter_Presence	PROXI	0 = Absent 1 = Present		Atlantis & Atlantis High	ATL_HIGH_EMPTY
QVPM_Configuration	Proxi & Configuration	0	Signal for determining Quiet Vehicle Pedestrian module setup				QVPM_Configuration	PROXI	0 = Absent 1 = Present Front 2 = Present Rear 3 = Present Front And Rear		Atlantis & Atlantis High	ATL_HIGH_EMPTY
Rear_Heated_Window_cfg	Proxi & Configuration	0	Rear Heated Window present				Car_Configuration_5.Rear_Heated_Window	CAN-B	0 = Absent 1 = Present		Atlantis & Atlantis High	ATL_HIGH_EMPTY
Rear_HVAC_cfg	Proxi & Configuration	0	Rear HVAC Present				CAN node 120 (ECC_Rear) Rear_Climate	PROXI	0 = Absent 1 = Present		Atlantis & Atlantis High	ATL_HIGH_EMPTY
Rear_ICS_cfg	Proxi & Configuration	0	Rear ICS Present								Atlantis & Atlantis High	
Rear_Screens_Present	Proxi & Configuration	0	Rear Seat Entertainment Present/Absent				Rear_Screens_Present	PROXI	0 = Absent 1 = Present		Atlantis & Atlantis High	ATL_HIGH_EMPTY
Regulation_Type	Proxi & Configuration	0	Identifies GSR markets/countries (and future types).				Regulation_Type	PROXI	0 = Absent 1 = GSR Variant 2 = Type 2		Atlantis & Atlantis High	ATL_HIGH_EMPTY
Remote_Headlights Feature	Proxi & Configuration	0									Atlantis & Atlantis High	
Remote_Start_cfg	Proxi & Configuration	0	Remote Start Configuration (1=present)				Car_Configuration_17.Remote_start	CAN-B	0 = Absent 1 = Present		Atlantis & Atlantis High	ATL_HIGH_EMPTY
Remote_USB_Port_Present	Proxi & Configuration	0					Remote_USB_Port_Present		0 = Absent 1 = Present		Atlantis & Atlantis High	ATL_HIGH_EMPTY
Reverse_Mute_Enable	Proxi & Configuration	0					Reverse_Mute_Enable	PROXI	0 = Disable 1 = Enable		Atlantis & Atlantis High	ATL_HIGH_EMPTY
RVC_SK_PRSNT	Proxi & Configuration	0	Rear Camera soft key present				Rear_View_Camera Rear_View_Camera_Soft_Button	Atl Atl High PROXI	0 = Absent 1 = Present		Atlantis & Atlantis High	ATL_HIGH_EMPTY
SD_Presence	Proxi & Configuration	0					SD_Presence	PROXI	0 = Absent 1 = Present		Atlantis & Atlantis High	ATL_HIGH_EMPTY
SDARS_Presence	Proxi & Configuration	0	SDARS present				SDARS_Presence	PROXI	Proxi: SDARS_Presence 0= Absent 1= Present		Atlantis & Atlantis High	ATL_HIGH_EMPTY
SDWConfiguration	Proxi & Configuration	0	SDW Present				Side_Distance_Warning	PROXI			Atlantis & Atlantis High	ATL_HIGH_EMPTY
SelectSpeedControl	Proxi & Configuration	0	Select Speed Control present				Selec_Speed_Control_Feature	PROXI	0 = Absent 1 = Present		Atlantis & Atlantis High	ATL_HIGH_EMPTY
Semi_Automatic_Parking_System	Proxi & Configuration	0	ParkAssist - Semi Automatic Parking System				Semi_Automatic_Parking_System	PROXI	0 = Absent 1 = Present		Atlantis & Atlantis High	ATL_HIGH_EMPTY
Side_Distance_Warning	Proxi & Configuration	0	ParkSense				Side_Distance_Warning	PROXI	0 = Absent 1 = Present		Atlantis & Atlantis High	ATL_HIGH_EMPTY
SMMD_Present	Proxi & Configuration	0					CAN node 83 (SMMD)	PROXI	0 = Absent 1 = Present		Atlantis & Atlantis High	ATL_HIGH_EMPTY
Sound_Generator_Profile	Proxi & Configuration	0					Sound_Generator_Profile	PROXI	$00 = Not Present $01 = Default EQ Sets $D0 = ESE_M182_BASE_L4_EQ.xml $D1 = ESE_M182_BASE_V6_EQ.xml $D2 = ESE_M182_AMP17_L4_EQ.xml $D3 = ESE_M182_AMP17_V6_EQ.xml $D4 = ESS_M182_AMP17_BEV_EQ.xml $D5 = ESE_M182_AMP24_L4_EQ.xml $D6 = ESE_M182_AMP24_V6_EQ.xml $D7 = ESS_M182_AMP24_BEV_EQ.xml $D8 = ESE_M189G_AMP17_V6_EQ.xml $D9 = ESS_M189G_AMP17_BEV_EQ.xml $DA = ESE_M189G_AMP24_V6_EQ.xml $DB = ESS_M189G_AMP24_BEV_EQ.xml $DC = ESE_M189GC_AMP17_V6_EQ.xml $DD = ESS_M189GC_AMP17_BEV_EQ.xml $DE = ESE_M189GC_AMP24_V6_EQ.xml $DF = ESS_M189GC_AMP24_BEV_EQ.xml	The enumerations have been updated in V1.17	Atlantis & Atlantis High	ATL_HIGH_EMPTY
Sound_Zone_Present	Proxi & Configuration	0									Atlantis & Atlantis High	
Special_Brand_Configuration	Proxi & Configuration	0					Special_Brand_Configuration	PROXI	0 = No Special Brand 1 = Brand 1 2 = Brand 2 3 = Amazon		Atlantis & Atlantis High	ATL_HIGH_EMPTY
Speedometer_Range	Proxi & Configuration	0	Feature present				Speedometer_Range	PROXI	see proxi file		Atlantis & Atlantis High	ATL_HIGH_EMPTY
Splashscreen_Type	Proxi & Configuration	0	Splashscreen Type				Audio_Brand	PROXI	see proxi file		Atlantis & Atlantis High	ATL_HIGH_EMPTY
SRRP_Presence	Proxi & Configuration	0	Inform the HU if the BSIS feature is enabled in the vehicle.				CAN node 25 (SRRP)	PROXI	See proxi		Atlantis & Atlantis High	ATL_HIGH_EMPTY
SRRP2_Presence	Proxi & Configuration	0	Inform the HU if the BSIS feature is enabled in the vehicle.				CAN node 33 (SRRP2)	PROXI	See proxi		Atlantis & Atlantis High	ATL_HIGH_EMPTY
SteeringWheelButtonGroups	Proxi & Configuration	0	Identifies the steering wheel commands configuration (position, number of switches, etc...).				Infotainment_Configuration_7.RRM_VPx_Steering_Wheel_Command_Type		0 = Absent 1 = Standard 6 Buttons 2 = Standard 8 Buttons 3 = Standrad 10 Buttons 4 = 14_LIN_button_EMEA 5 = 14_LIN_button_NAFTA # = Not Used		Atlantis & Atlantis High	ATL_HIGH_EMPTY|TRUNCATED_ENUM
SteeringWheelType	Proxi & Configuration	0	Defines whether the Brand Focus versus Core Steering Wheel is installed.								Atlantis & Atlantis High	
SteeringWheelType	Proxi & Configuration	0	Defines whether the Brand Focus versus Core Steering Wheel is installed.								Atlantis & Atlantis High	
Stop_And_Start_cfg	Proxi & Configuration	0	Stop And Start Configuration (1=present)				Car_Configuration_1.Stop_And_Start	CAN-B	0 = Absent 1 = Present		Atlantis & Atlantis High	ATL_HIGH_EMPTY
SuperTrackPack	Proxi & Configuration	0									Atlantis & Atlantis High	
Surround	Proxi & Configuration	0	Surround Sound Present				<Surround>	PROXI	1-Bit 0 = Not Present 1 = Present		Atlantis & Atlantis High	ATL_HIGH_EMPTY
SVC_SK_PRSNT	Proxi & Configuration	0					Surround_View_Camera	PROXI	0 = Absent 1 = Present		Atlantis & Atlantis High	ATL_HIGH_EMPTY
TBM_Audio_Config	Proxi & Configuration	0					TBM_Audio_Config	PROXI	0 = Type 1 1 = Type 2 # = Not Used		Atlantis & Atlantis High	ATL_HIGH_EMPTY|TRUNCATED_ENUM
TBM_Default_DRM_Level	Proxi & Configuration	0									Atlantis & Atlantis High	
TBM_Present	Proxi & Configuration	0	If TBM is present or not				CAN node 35 (TBM) CAN node 35 (TBM/FTM)	PROXI	0 = Absent 1= Present		Atlantis & Atlantis High	ATL_HIGH_EMPTY
TBM_Second_Generation	Proxi & Configuration	0									Atlantis & Atlantis High	
Temp_Display_Resolution	Proxi & Configuration	0	Temperature Display Resolution in 0.5 degree or 1 degree C steps				Temp_Display_Resolution			Atlantis for M240	Atlantis & Atlantis High	ATL_HIGH_EMPTY
Themed_Sounds	Proxi & Configuration	0					Themed_Sounds	PROXI	0 = Not present 1 = Default Synthesized 2 = Default Wave 3 = 332 BEV 4 = Follow Brand_Configuration_2 5 = Fiat LATAM		Atlantis & Atlantis High	ATL_HIGH_EMPTY
Tow_Specific_Navigation	Proxi & Configuration	0	Tow Specific Navigation								Atlantis & Atlantis High	
Traffic_Sign_Connected_Service	Proxi & Configuration	0	Feature present				Traffic_Sign_Connected_Service	PROXI	0 = Absent 1 = Present		Atlantis & Atlantis High	ATL_HIGH_EMPTY
Traffic_Sign_Recognition	Proxi & Configuration	0	Traffic Sign Information Feature				Traffic_Sign_Recognition	PROXI	0 = Absent 1 = Present		Atlantis & Atlantis High	ATL_HIGH_EMPTY
TriMode_cfg	Proxi & Configuration	0					HVAC_Mode_Type	PROXI	0: No Tri-mode 1: Tri-mode_5 modes 2: Tri-mode_7 modes		Atlantis & Atlantis High	ATL_HIGH_EMPTY
TRSCPresence	Proxi & Configuration	0	Trailer reverse steering control Present				Trailer_Reverse_Steering_Presence	PROXI	0 = Absent 1 = Present		Atlantis & Atlantis High	ATL_HIGH_EMPTY
Unique_CoreSteeringWheel	Proxi & Configuration	0									Atlantis & Atlantis High	
USB_Connection_Present	Proxi & Configuration	0					USB_Connection_Present	PROXI	0 = Absent 1 = Present		Atlantis & Atlantis High	ATL_HIGH_EMPTY
USB_Presence	Proxi & Configuration	0					USB_Presence	PROXI	0 = Absent 1 = 1 USB 2 = 2 USB 3 = 3 USB 4 = 4 USB 5 = 5 USB 6 = 6 USB 7 = 7 USB		Atlantis & Atlantis High	ATL_HIGH_EMPTY
V2H_Present	Proxi & Configuration	0	Feature present				V2H_Present	PROXI	0 = Absent 1 = Present		Atlantis & Atlantis High	ATL_HIGH_EMPTY
V2L_Present	Proxi & Configuration	0	Feature present				V2L_Present	PROXI	0 = Absent 1 = Present		Atlantis & Atlantis High	ATL_HIGH_EMPTY
V2V_Present	Proxi & Configuration	0	Feature present				V2V_Present	PROXI	0 = Absent 1 = Present		Atlantis & Atlantis High	ATL_HIGH_EMPTY
VC_ABSM	Proxi & Configuration	0									Atlantis & Atlantis High	
VC_AC_Prsnt	Proxi & Configuration	0									Atlantis & Atlantis High	
VC_ACC_DLY_CSO	Proxi & Configuration	0									Atlantis & Atlantis High	
VC_ACC_Type	Proxi & Configuration	0	Adaptive Cruise Control				Adaptive_Cruise_Control	PROXI	0 = Absent 1 = ACC 2 = ACC with Stop 3 = ACC with Stop/Go		Atlantis & Atlantis High	ATL_HIGH_EMPTY
VC_ADJ_PDL_PRSNT	Proxi & Configuration	0									Atlantis & Atlantis High	
VC_ADR_PRSNT	Proxi & Configuration	0	ADR Present								Atlantis & Atlantis High	
VC_AFLS_CSO	Proxi & Configuration	0									Atlantis & Atlantis High	
VC_AMB_DMR_CSO	Proxi & Configuration	0									Atlantis & Atlantis High	
VC_AmbLtgPrsnt	Proxi & Configuration	0									Atlantis & Atlantis High	
VC_AmbTempLct	Proxi & Configuration	0									Atlantis & Atlantis High	
VC_AnlgDrSnsr	Proxi & Configuration	0									Atlantis & Atlantis High	
VC_AQS_Prsnt	Proxi & Configuration	0									Atlantis & Atlantis High	
VC_ARC_PRSNT	Proxi & Configuration	0	Race Cooldown Present				After_Run_Cooling_Presence	PROXI			Atlantis & Atlantis High	ATL_HIGH_EMPTY
VC_AS_ERS	Proxi & Configuration	0					ERS_Autostick_Presence	Proxi	See Proxi file		Atlantis & Atlantis High	ATL_HIGH_EMPTY
VC_ASCM_TJ_CSO	Proxi & Configuration	0									Atlantis & Atlantis High	
VC_ASCM_WRN_CSO	Proxi & Configuration	0									Atlantis & Atlantis High	
VC_AUTO_AERO_CSO	Proxi & Configuration	0									Atlantis & Atlantis High	
VC_AUTO_HB_CSO	Proxi & Configuration	0									Atlantis & Atlantis High	
VC_AUTO_HL	Proxi & Configuration	0								B and C CAN Present	Atlantis & Atlantis High	
VC_AUTO_HL	Proxi & Configuration	0	Auto headlamp feature present				PROXI			B and C CAN Present	Atlantis & Atlantis High	ATL_HIGH_EMPTY
VC_AUTO_PRK_CSO	Proxi & Configuration	0									Atlantis & Atlantis High	
VC_AUTO_SS_CSO	Proxi & Configuration	0	Automatic side step customer settings menu				CAN node 97 (PSSM)	PROXI	0 = Absent 1 = Present		Atlantis & Atlantis High	ATL_HIGH_EMPTY
VC_AutoParkPrsnt	Proxi & Configuration	0									Atlantis & Atlantis High	
VC_AxleLockerPrsnt	Proxi & Configuration	0	Axle Locker Present				Drive_Type_Variant	PROXI			Atlantis & Atlantis High	ATL_HIGH_EMPTY
VC_Base_TPM	Proxi & Configuration	0									Atlantis & Atlantis High	
VC_BLIND_SPOT_CSO	Proxi & Configuration	0									Atlantis & Atlantis High	
VC_BODY_STYLE	Proxi & Configuration	0	Body style				Car_Shape_Configuration and Number_Of_Doors				Atlantis & Atlantis High	ATL_HIGH_EMPTY
VC_BrkTyp	Proxi & Configuration	0									Atlantis & Atlantis High	
VC_CAPACITY_CSO	Proxi & Configuration	0									Atlantis & Atlantis High	
VC_ChassisType	Proxi & Configuration	0									Atlantis & Atlantis High	
VC_ChildDisp_Prsnt	Proxi & Configuration	0									Atlantis & Atlantis High	
VC_CHILLER_PRSNT	Proxi & Configuration	0	Chiller Present								Atlantis & Atlantis High	
VC_CHMCM_Prsnt	Proxi & Configuration	0									Atlantis & Atlantis High	
VC_CHMSL_LINE_CSO	Proxi & Configuration	0									Atlantis & Atlantis High	
VC_CLK_DSP_CSO	Proxi & Configuration	0									Atlantis & Atlantis High	
VC_CMP_CAL_CSO	Proxi & Configuration	0									Atlantis & Atlantis High	
VC_CMP_DISP	Proxi & Configuration	0	Display compass heading present				PROXI				Atlantis & Atlantis High	ATL_HIGH_EMPTY
VC_CMP_VAR_CSO	Proxi & Configuration	0									Atlantis & Atlantis High	
VC_CMRA_GRDLNS_CSO	Proxi & Configuration	0									Atlantis & Atlantis High	
VC_CMS	Proxi & Configuration	0									Atlantis & Atlantis High	
VC_CONS_CSO	Proxi & Configuration	0									Atlantis & Atlantis High	
VC_COUNTRY	Proxi & Configuration	0	Vehicle Configuration by Destination Country (this has a different set of values than is in the PNet Local Signal ECUCfg3.EC_AudTel1b-<DEST> or PROXI Car_Configuration_16.Country_Code parameter.				Country_Code	PROXI	1 Byte See PROXI Document		Atlantis & Atlantis High	ATL_HIGH_EMPTY
VC_CRUISE_PRSNT	Proxi & Configuration	0									Atlantis & Atlantis High	
VC_DampingPrsnt	Proxi & Configuration	0									Atlantis & Atlantis High	
VC_Dgtl_CHMSL_Cam_Prsnt	Proxi & Configuration	0									Atlantis & Atlantis High	
VC_DISTANCE_CSO	Proxi & Configuration	0									Atlantis & Atlantis High	
VC_DNTMD_PRSNT	Proxi & Configuration	0					Donut_Mode	PROXI			Atlantis & Atlantis High	ATL_HIGH_EMPTY
VC_DR_LK_CSO	Proxi & Configuration	0									Atlantis & Atlantis High	
VC_DR_UNLK_CSO	Proxi & Configuration	0									Atlantis & Atlantis High	
VC_DRAG_PRESENT	Proxi & Configuration	0	Drag Mode Present								Atlantis & Atlantis High	
VC_DrAlrPrsnt	Proxi & Configuration	0	Door alert feature present				PROXI				Atlantis & Atlantis High	ATL_HIGH_EMPTY
VC_DRFTMD_PRSNT	Proxi & Configuration	0					Drift_Mode	PROXI			Atlantis & Atlantis High	ATL_HIGH_EMPTY
VC_DRIVEMODE_AUTO	Proxi & Configuration	0					Auto_Mode	PROXI			Atlantis & Atlantis High	ATL_HIGH_EMPTY
VC_DRIVEMODE_BAJA	Proxi & Configuration	0					Baja_Mode	PROXI			Atlantis & Atlantis High	ATL_HIGH_EMPTY
VC_DRIVEMODE_CUSTOM	Proxi & Configuration	0					Custom_Mode	PROXI			Atlantis & Atlantis High	ATL_HIGH_EMPTY
VC_DRIVEMODE_DRAG	Proxi & Configuration	0					Drag_Mode	PROXI			Atlantis & Atlantis High	ATL_HIGH_EMPTY
VC_DRIVEMODE_MUDSAND	Proxi & Configuration	0					Mud_Sand_Mode	PROXI			Atlantis & Atlantis High	ATL_HIGH_EMPTY
VC_DRIVEMODE_ROCK	Proxi & Configuration	0					Rock_Mode	PROXI			Atlantis & Atlantis High	ATL_HIGH_EMPTY
VC_DRIVEMODE_SNOW	Proxi & Configuration	0					Snow_Mode	PROXI			Atlantis & Atlantis High	ATL_HIGH_EMPTY
VC_DRIVEMODE_SPORT	Proxi & Configuration	0					Sport_Mode	PROXI			Atlantis & Atlantis High	ATL_HIGH_EMPTY
VC_DRIVEMODE_TOW	Proxi & Configuration	0					Tow_Mode	PROXI			Atlantis & Atlantis High	ATL_HIGH_EMPTY
VC_DRIVEMODE_TRACK	Proxi & Configuration	0					Track_Mode	PROXI			Atlantis & Atlantis High	ATL_HIGH_EMPTY
VC_DRIVEMODE_WETSNOW	Proxi & Configuration	0					Wet_Snow_Mode	PROXI			Atlantis & Atlantis High	ATL_HIGH_EMPTY
VC_DRL_CSO	Proxi & Configuration	0									Atlantis & Atlantis High	
VC_DRVMD_Prsnt	Proxi & Configuration	0					Drive_Modes	PROXI	See proxi		Atlantis & Atlantis High	ATL_HIGH_EMPTY
VC_DSBL_CLK_DISP	Proxi & Configuration	0	Disable display of radio clock				Digital_Clock	PROXI	0 = Absent 1 = Present		Atlantis & Atlantis High	ATL_HIGH_EMPTY
VC_DST_Present	Proxi & Configuration	0									Atlantis & Atlantis High	
VC_DualFuelSens	Proxi & Configuration	0									Atlantis & Atlantis High	
VC_ECO_Indicator	Proxi & Configuration	0					ECO_Mode_Presence	PROXI	See Proxi		Atlantis & Atlantis High	ATL_HIGH_EMPTY
VC_EmodePrsnt	Proxi & Configuration	0	Emode feature present				Proxy.Advanced_Driver_Program_Kind_Button	PROXI			Atlantis & Atlantis High	ATL_HIGH_EMPTY
VC_EngPowerDrvMd_Prsnt	Proxi & Configuration	0					ESC_Drive_Mode_Presence	PROXI			Atlantis & Atlantis High	ATL_HIGH_EMPTY
VC_ENTRY_EXIT_CSO	Proxi & Configuration	0									Atlantis & Atlantis High	
VC_EPB_SERV_CSO	Proxi & Configuration	0									Atlantis & Atlantis High	
VC_EPS_CSO	Proxi & Configuration	0									Atlantis & Atlantis High	
VC_ESAVE_CSO	Proxi & Configuration	0	See proxi file				eSave_Menu	PROXI	See Proxi file		Atlantis & Atlantis High	ATL_HIGH_EMPTY
VC_ESCDrvMd_Prsnt	Proxi & Configuration	0					ESC_Drive_Mode_Presence	PROXI			Atlantis & Atlantis High	ATL_HIGH_EMPTY
VC_FCW	Proxi & Configuration	0	Forward collision warning present				Forward_Collision_Mitigation	PROXI			Atlantis & Atlantis High	ATL_HIGH_EMPTY
VC_FCW_BRK_CSO	Proxi & Configuration	0									Atlantis & Atlantis High	
VC_FG_PRSNT	Proxi & Configuration	0									Atlantis & Atlantis High	
VC_FLSH_LMP_LK_CSO	Proxi & Configuration	0									Atlantis & Atlantis High	
VC_FUEL_SAV_CSO	Proxi & Configuration	0									Atlantis & Atlantis High	
VC_FULL_SPARE	Proxi & Configuration	0									Atlantis & Atlantis High	
VC_FullSpeedRange_FCW	Proxi & Configuration	0									Atlantis & Atlantis High	
VC_HANDS_FREE_LFT_CSO	Proxi & Configuration	0									Atlantis & Atlantis High	
VC_HANDS_FREE_SLDR_CSO	Proxi & Configuration	0									Atlantis & Atlantis High	
VC_HdRstPrsnt	Proxi & Configuration	0									Atlantis & Atlantis High	
VC_HighOctane_PRSNT	Proxi & Configuration	0	High Octane Present								Atlantis & Atlantis High	
VC_HL_DRP_CSO	Proxi & Configuration	0									Atlantis & Atlantis High	
VC_HL_OFF_DLY_CSO	Proxi & Configuration	0									Atlantis & Atlantis High	
VC_HL_WPR_CSO	Proxi & Configuration	0									Atlantis & Atlantis High	
VC_HOLD_N_GO_CSO	Proxi & Configuration	0									Atlantis & Atlantis High	
VC_HRN_RMT_LWR_CSO	Proxi & Configuration	0									Atlantis & Atlantis High	
VC_IntEC_MIRR	Proxi & Configuration	0	EC Mirror Present				EC_Mirror	PROXI			Atlantis & Atlantis High	ATL_HIGH_EMPTY
VC_KG_Prsnt	Proxi & Configuration	0									Atlantis & Atlantis High	
VC_Launch_Control_PRSNT	Proxi & Configuration	0					Launch_Control	PROXI			Atlantis & Atlantis High	ATL_HIGH_EMPTY
VC_Launch_Control_PRSNT	Proxi & Configuration	0					Launch_Control_PRSNT	PROXI			Atlantis & Atlantis High	ATL_HIGH_EMPTY
VC_LDW	Proxi & Configuration	0									Atlantis & Atlantis High	
VC_LDW_TRQ_CSO	Proxi & Configuration	0									Atlantis & Atlantis High	
VC_LDW_WRN_CSO	Proxi & Configuration	0									Atlantis & Atlantis High	
VC_LGHT_RMT_LWR_CSO	Proxi & Configuration	0									Atlantis & Atlantis High	
VC_LgtLdPressFtTr	Proxi & Configuration	0	Light Load Inflation Pressure Front Tire				PROXI				Atlantis & Atlantis High	ATL_HIGH_EMPTY
VC_LgtLdPressRrTr	Proxi & Configuration	0	Light Load Inflation Pressure Rear Tire				PROXI				Atlantis & Atlantis High	ATL_HIGH_EMPTY
VC_LHD_RHD	Proxi & Configuration	0									Atlantis & Atlantis High	
VC_Liftgate_Trunk	Proxi & Configuration	0									Atlantis & Atlantis High	
VC_LineLock_PRSNT	Proxi & Configuration	0	Line Lock Present								Atlantis & Atlantis High	
VC_LUCI_PRSNT	Proxi & Configuration	0									Atlantis & Atlantis High	
VC_MaseratiMd	Proxi & Configuration	0									Atlantis & Atlantis High	
VC_MaxLdPressFtTr	Proxi & Configuration	0	Max Load Inflation Pressure Front Tire				PROXI				Atlantis & Atlantis High	ATL_HIGH_EMPTY
VC_MaxLdPressRrTr	Proxi & Configuration	0	Max Load Inflation Pressure Rear Tire				PROXI				Atlantis & Atlantis High	ATL_HIGH_EMPTY
VC_MemoryDRVMD_Prsnt	Proxi & Configuration	0					MemoryDRVMD_Prsnt	PROXI			Atlantis & Atlantis High	ATL_HIGH_EMPTY
VC_MODEL_TYPE	Proxi & Configuration	0					MODEL_TYPE	PROXI			Atlantis & Atlantis High	ATL_HIGH_EMPTY
VC_MODEL_YEAR	Proxi & Configuration	0					Car_Configuration_21.Model_Year	PROXI	Steps : 1 year each min value = 2000 (00000000) ($00) MAX value = 2255 (11111111) ($FF)		Atlantis & Atlantis High	ATL_HIGH_EMPTY
VC_NAV_TRN_CSO	Proxi & Configuration	0									Atlantis & Atlantis High	
VC_NonReg_TPIS	Proxi & Configuration	0									Atlantis & Atlantis High	
VC_OffRoad	Proxi & Configuration	0									Atlantis & Atlantis High	
VC_OFFroad_Camera	Proxi & Configuration	0	Off Road Camera Present								Atlantis & Atlantis High	
VC_OffRoadPg	Proxi & Configuration	0	Off Road Pages Present				Off_Road_Pages	PROXI	0 = Absent 1 = Present		Atlantis & Atlantis High	ATL_HIGH_EMPTY
VC_PADS_Prsnt	Proxi & Configuration	0									Atlantis & Atlantis High	
VC_PBTyp	Proxi & Configuration	0									Atlantis & Atlantis High	
VC_PDDL_PRSNT	Proxi & Configuration	0									Atlantis & Atlantis High	
VC_PdlsMdPrsnt	Proxi & Configuration	0					Paddle_Shifter_Menu	PROXI			Atlantis & Atlantis High	ATL_HIGH_EMPTY
VC_PE_Prsnt	Proxi & Configuration	0									Atlantis & Atlantis High	
VC_PerfShftInd_Prsnt	Proxi & Configuration	0					Performance_Shift_Indicator	PROXI	See Proxi		Atlantis & Atlantis High	ATL_HIGH_EMPTY
VC_PLG_CHM_CSO	Proxi & Configuration	0									Atlantis & Atlantis High	
VC_POWER_CSO	Proxi & Configuration	0									Atlantis & Atlantis High	
VC_PP_Prsnt	Proxi & Configuration	0	Performance Pages Present (1=present)				Performance_Pages		0 = Absent 1 = Present on VP 2 = Present on IPC 3 = Present on IPC and VP		Atlantis & Atlantis High	ATL_HIGH_EMPTY
VC_Prem_TPM	Proxi & Configuration	0									Atlantis & Atlantis High	
VC_PRESSURE_CSO	Proxi & Configuration	0									Atlantis & Atlantis High	
VC_PRK_AST_BRK_CSO	Proxi & Configuration	0									Atlantis & Atlantis High	
VC_PRK_AST_CSO	Proxi & Configuration	0									Atlantis & Atlantis High	
VC_PRK_FT_VOL_CSO	Proxi & Configuration	0									Atlantis & Atlantis High	
VC_PRK_RR_VOL_CSO	Proxi & Configuration	0									Atlantis & Atlantis High	
VC_PTO_CSO	Proxi & Configuration	0									Atlantis & Atlantis High	
VC_PTS_Config	Proxi & Configuration	0									Atlantis & Atlantis High	
VC_PWR_FLD_MRR_CSO	Proxi & Configuration	0									Atlantis & Atlantis High	
VC_PwrIvtrTyp	Proxi & Configuration	0								B and C CAN Present	Atlantis & Atlantis High	
VC_RAIN_WPR_CSO	Proxi & Configuration	0									Atlantis & Atlantis High	
VC_RainSnsPrsnt	Proxi & Configuration	0								B and C CAN Present	Atlantis & Atlantis High	
VC_RCOPTNS_Prsnt	Proxi & Configuration	0					RCOPTNS_Prsnt	PROXI			Atlantis & Atlantis High	ATL_HIGH_EMPTY
VC_REAR_CMRA_DLY_CSO	Proxi & Configuration	0									Atlantis & Atlantis High	
VC_RedKey	Proxi & Configuration	0									Atlantis & Atlantis High	
VC_RemStPrsnt	Proxi & Configuration	0	Remote start present				PROXI			B and C CAN Present	Atlantis & Atlantis High	ATL_HIGH_EMPTY
VC_RemStPrsnt	Proxi & Configuration	0								B and C CAN Present	Atlantis & Atlantis High	
VC_RKE_MEM_CSO	Proxi & Configuration	0									Atlantis & Atlantis High	
VC_RKE_PRSNT	Proxi & Configuration	0	RKE system present				PROXI				Atlantis & Atlantis High	ATL_HIGH_EMPTY
VC_RKE_UNLK_CSO	Proxi & Configuration	0									Atlantis & Atlantis High	
VC_RR_DuallyPrsnt	Proxi & Configuration	0									Atlantis & Atlantis High	
VC_RunFlatTirePrsnt	Proxi & Configuration	0									Atlantis & Atlantis High	
VC_RVCM_Prsnt	Proxi & Configuration	0									Atlantis & Atlantis High	
VC_SBR_Prsnt	Proxi & Configuration	0									Atlantis & Atlantis High	
VC_SCR_Prsnt	Proxi & Configuration	0									Atlantis & Atlantis High	
VC_SecLkPrsnt	Proxi & Configuration	0									Atlantis & Atlantis High	
VC_SecPrkPrsnt	Proxi & Configuration	0	Secure park feature present								Atlantis & Atlantis High	
VC_ShftInd_Prsnt	Proxi & Configuration	0					Gear_Shift_Indicator	PROXI			Atlantis & Atlantis High	ATL_HIGH_EMPTY
VC_SKIM_PRSNT	Proxi & Configuration	0									Atlantis & Atlantis High	
VC_SLD_DR_ALRT_CSO	Proxi & Configuration	0								B and C CAN present	Atlantis & Atlantis High	
VC_SLD_DR_ALRT_CSO	Proxi & Configuration	0								B and C CAN present	Atlantis & Atlantis High	
VC_SLD_DR_CHM_CSO	Proxi & Configuration	0								B and C CAN present	Atlantis & Atlantis High	
VC_SLD_DR_CHM_CSO	Proxi & Configuration	0								B and C CAN present	Atlantis & Atlantis High	
VC_SpdLmt_PRSNT	Proxi & Configuration	0									Atlantis & Atlantis High	
VC_SpecialPKG	Proxi & Configuration	0	VC_SpecialPKG				Special_Package_VP	PROXI			Atlantis & Atlantis High	ATL_HIGH_EMPTY
VC_SpecialPKG_IC	Proxi & Configuration	0	Special Package for Cluster				Not Applicable				Atlantis & Atlantis High	ATL_HIGH_EMPTY
VC_SPEED_CSO	Proxi & Configuration	0									Atlantis & Atlantis High	
VC_SPORT_PRSNT	Proxi & Configuration	0									Atlantis & Atlantis High	
VC_SRT_PRSNT	Proxi & Configuration	0	Vehicle is an SRT				SRT				Atlantis & Atlantis High	ATL_HIGH_EMPTY
VC_Strng_Rt_0	Proxi & Configuration	0									Atlantis & Atlantis High	
VC_Strng_Rt_Mns1	Proxi & Configuration	0									Atlantis & Atlantis High	
VC_Strng_Rt_Mns2	Proxi & Configuration	0									Atlantis & Atlantis High	
VC_Strng_Rt_pls1	Proxi & Configuration	0									Atlantis & Atlantis High	
VC_Strng_Rt_pls2	Proxi & Configuration	0									Atlantis & Atlantis High	
VC_Strng_Rt_pls3	Proxi & Configuration	0									Atlantis & Atlantis High	
VC_Strng_Rt_pls4	Proxi & Configuration	0									Atlantis & Atlantis High	
VC_Strng_Rt_pls5	Proxi & Configuration	0									Atlantis & Atlantis High	
VC_SunShade_Present	Proxi & Configuration	0	Vehicle equipped w/SunShade (1=present)				PROXI				Atlantis & Atlantis High	ATL_HIGH_EMPTY
VC_SuspPrsnt	Proxi & Configuration	0									Atlantis & Atlantis High	
VC_SVC_DELAY_CSO	Proxi & Configuration	0								B and C CAN present	Atlantis & Atlantis High	
VC_SVC_DELAY_CSO	Proxi & Configuration	0								B and C CAN present	Atlantis & Atlantis High	
VC_SVC_GRIDLINES_CSO	Proxi & Configuration	0									Atlantis & Atlantis High	
VC_SVC_Prsnt	Proxi & Configuration	0									Atlantis & Atlantis High	
VC_TcaseTyp	Proxi & Configuration	0	Tranfser Case type				Tcase_Type	PROXI			Atlantis & Atlantis High	ATL_HIGH_EMPTY
VC_TEEN_AUTO_HB_CSO	Proxi & Configuration	0									Atlantis & Atlantis High	
VC_TEEN_BLIND_SPOT_CSO	Proxi & Configuration	0									Atlantis & Atlantis High	
VC_TEEN_FCW_BRK_CSO	Proxi & Configuration	0									Atlantis & Atlantis High	
VC_TEEN_FCW_BRK_CSO	Proxi & Configuration	0									Atlantis & Atlantis High	
VC_TEEN_FCW_SENS_CSO	Proxi & Configuration	0									Atlantis & Atlantis High	
VC_TEEN_FCW_SENS_CSO	Proxi & Configuration	0									Atlantis & Atlantis High	
VC_TEEN_FT_PRK_VOL_CSO	Proxi & Configuration	0									Atlantis & Atlantis High	
VC_TEEN_FT_PRK_VOL_CSO	Proxi & Configuration	0									Atlantis & Atlantis High	
VC_TEEN_FUEL_POPUP_CSO	Proxi & Configuration	0									Atlantis & Atlantis High	
VC_TEEN_FUEL_WRN_CSO	Proxi & Configuration	0									Atlantis & Atlantis High	
VC_TEEN_LGHT_WPR_CSO	Proxi & Configuration	0									Atlantis & Atlantis High	
VC_TEEN_MAX_SPEED_CSO	Proxi & Configuration	0									Atlantis & Atlantis High	
VC_TEEN_PLG_CHIME_CSO	Proxi & Configuration	0									Atlantis & Atlantis High	
VC_TEEN_PLG_CHIME_CSO	Proxi & Configuration	0									Atlantis & Atlantis High	
VC_TEEN_PRK_ASST_CSO	Proxi & Configuration	0									Atlantis & Atlantis High	
VC_TEEN_PRK_ASST_CSO	Proxi & Configuration	0									Atlantis & Atlantis High	
VC_TEEN_RAIN_WPR_CSO	Proxi & Configuration	0									Atlantis & Atlantis High	
VC_TEEN_RR_PRK_VOL_CSO	Proxi & Configuration	0									Atlantis & Atlantis High	
VC_TEEN_SLD_DR_ALRT_CSO	Proxi & Configuration	0									Atlantis & Atlantis High	
VC_TEEN_SLD_DR_CHM_CSO	Proxi & Configuration	0									Atlantis & Atlantis High	
VC_TeenKey	Proxi & Configuration	0									Atlantis & Atlantis High	
VC_TeenKey	Proxi & Configuration	0									Atlantis & Atlantis High	
VC_TEMP_CSO	Proxi & Configuration	0									Atlantis & Atlantis High	
VC_TEMP_DISP	Proxi & Configuration	0								Proxi_External_Temperature_Sensor B and C CAN Present	Atlantis & Atlantis High	
VC_ThatchamPrsnt	Proxi & Configuration	0									Atlantis & Atlantis High	
VC_TIRE_CIRCUMF	Proxi & Configuration	0	Dynamic tire circumference				Proxi: Tyre_Size	None: Proxi	See PROXI Table		Atlantis & Atlantis High	ATL_HIGH_EMPTY|SEE_PROXI_TABLE
VC_TireCircumfFT	Proxi & Configuration	0									Atlantis & Atlantis High	
VC_TLC_PRSNT	Proxi & Configuration	0	See dbc				Trailer_Light_Check	PROXI	See proxi		Atlantis & Atlantis High	ATL_HIGH_EMPTY
VC_TLT_MRR_CSO	Proxi & Configuration	0									Atlantis & Atlantis High	
VC_TORQUE_CSO	Proxi & Configuration	0									Atlantis & Atlantis High	
VC_TrailerTPM_Prsnt	Proxi & Configuration	0					Trailer_TPMS	PROXI	See proxi		Atlantis & Atlantis High	ATL_HIGH_EMPTY
VC_Trans_Equipped	Proxi & Configuration	0					Not Applicable				Atlantis & Atlantis High	ATL_HIGH_EMPTY
VC_Trans_Equipped	Proxi & Configuration	0	Transmission manual or automatic				Gear_Box_Type				Atlantis & Atlantis High	ATL_HIGH_EMPTY
VC_Trans_N_Hold_Prsnt	Proxi & Configuration	0								B and C CAN present	Atlantis & Atlantis High	
VC_Trans_N_Hold_Prsnt	Proxi & Configuration	0								B and C CAN present	Atlantis & Atlantis High	
VC_TransType	Proxi & Configuration	0	Automatic transmission type				Gear_Box_Type_Variant	PROXI	0 = Invalid 1 = Jatco, JF613E FWD AWD 1 speed PTU 2 = AISIN, MTX 3 = DDCT 635, ATX 4 = Jatco JF613E 4x4 2 speed PTU 5 = 635, MTX 6 = C510, MTX 7 = 9HP48/948TE, 2WD/AWD 8 = 9HP48/948TE, 4WD 9 = C514 10 = DDCT 625 11 = DDCT 725 12 = DDCT 735 13 = Powertech 6F24, ATX # = Not Used		Atlantis & Atlantis High	ATL_HIGH_EMPTY|TRUNCATED_ENUM
VC_TRLR_CSO	Proxi & Configuration	0									Atlantis & Atlantis High	
VC_TRLR_NAME_CSO	Proxi & Configuration	0									Atlantis & Atlantis High	
VC_TRNS_MD_CSO	Proxi & Configuration	0									Atlantis & Atlantis High	
VC_TrnsDrvMdPrsnt	Proxi & Configuration	0					Transmission_Drive_Mode_Presence	PROXI			Atlantis & Atlantis High	ATL_HIGH_EMPTY
VC_TSBM_Prsnt	Proxi & Configuration	0	VC_TSBM_Prsnt				Drive_Style_Selector	PROXI			Atlantis & Atlantis High	ATL_HIGH_EMPTY
VC_UNIT_SET_CSO	Proxi & Configuration	0	Unit Set (Global Units) Present								Atlantis & Atlantis High	
VC_US_METRIC_CSO	Proxi & Configuration	0									Atlantis & Atlantis High	
VC_VEH_BRAND	Proxi & Configuration	0	Vehicle brand type				Proxi: Brand_Configuration_2	None: Proxi	See PROXI Table		Atlantis & Atlantis High	ATL_HIGH_EMPTY|SEE_PROXI_TABLE
VC_VEH_LINE	Proxi & Configuration	0	Vehicle line				Car_Configuration_15.Vehicle_Line_Configuration	None: Proxi	0 = Invalid 51 = 343 (33 Hex) 52 = 327FL (34 Hex) 53 = 226 (35 Hex) 80 = PF (50 Hex) 81 = KL/K4 (51 Hex) 82 = UF (52 Hex) 83 = UT (53 Hex) 84 = 334 (54 Hex) 85 = 520 (55 Hex) 86 = 551 /M1 (56 Hex) 87 = 338 (57 Hex) 88 = 521 (58 Hex) 89 = 636 VM (59 Hex) 90 = 356 (5A Hex) 91 = 952 (5B Hex) 92 = 341 (5C Hex) 93 = 552/MP (5D Hex) 94 =949 (5E Hex) 95 = 523 (5F Hex) 96 = 358 (60 Hex) 97 = 359 (61 Hex) 98 = 553/M4 (62 Hex) 99 = 556/M6 (63 Hex) 100 = K8 (64 Hex) 101 = WL (65 Hex) # = Not Used		Atlantis & Atlantis High	ATL_HIGH_EMPTY|TRUNCATED_ENUM
VC_VehCfg1_Stat	Proxi & Configuration	0	Configuration messages status 1				N/A				Atlantis & Atlantis High	ATL_HIGH_EMPTY
VC_VehCfg2_Stat	Proxi & Configuration	0	Configuration messages status 2				PROXI				Atlantis & Atlantis High	ATL_HIGH_EMPTY
VC_VehCfg3_Stat	Proxi & Configuration	0	Configuration messages status 3				Not Applicable				Atlantis & Atlantis High	ATL_HIGH_EMPTY
VC_VehCfg4_Stat	Proxi & Configuration	0	To verify VehCfg4 is programmed								Atlantis & Atlantis High	
VC_VehCfg6_Stat	Proxi & Configuration	0	To verify VehCfg6 is programmed								Atlantis & Atlantis High	
VC_VehCfg7_Stat	Proxi & Configuration	0	To verify VehCfg7 is programmed								Atlantis & Atlantis High	
VC_WHL_ALGN_CSO	Proxi & Configuration	0									Atlantis & Atlantis High	
VC_WTS_Prsnt	Proxi & Configuration	0									Atlantis & Atlantis High	
VC_XWD	Proxi & Configuration	0	Drive Configuration				Drive_Type_Variant	PROXI	Atlantis 3 bit signal 0 = FWD 1 = RWD 2 = Single Speed AWD 3 = 2 Speed 4WD 4 = 2 Speed 4WD with Elocker # = Not Used		Atlantis & Atlantis High	ATL_HIGH_EMPTY|TRUNCATED_ENUM
Vehicle_Occupant_Capacity	Proxi & Configuration	0	See proxi file				Vehicle_Occupant_Capacity	PROXI	See proxi		Atlantis & Atlantis High	ATL_HIGH_EMPTY
Virtual_Memory_Seats_Button	Proxi & Configuration	0	Show/Hide UI setting for Virtual Memory Seats				Virtual_Memory_Seats_Button	PROXI	0 = Absent 1 = Present		Atlantis & Atlantis High	ATL_HIGH_EMPTY
WCC_Present (aka NetCfg_WCC)	Proxi & Configuration	0	WCC CAN node is Present								Atlantis & Atlantis High	
WeChat_button	Proxi & Configuration	0					WeChat_button	PROXI	0 = Absent 1 = Present		Atlantis & Atlantis High	ATL_HIGH_EMPTY
Wifi_Presence	Proxi & Configuration	0					Wi-Fi_Cfg	PROXI	0 = Absent 1 = Present		Atlantis & Atlantis High	ATL_HIGH_EMPTY
Wireless_Charging_Pad_Module	Proxi & Configuration	0	Wireless Charching Pad Module				WCPM	PROXI	0 = Absent 1 = Present		Atlantis & Atlantis High	ATL_HIGH_EMPTY
zzzzz Reserved	Proxi & Configuration	0	Feature present								Atlantis & Atlantis High	
Volume Down	Atlantis Low Specific Signals	0	StWhl_VolumeDown									
PNET or CUSW : Audio-mode advance or Mute Atlantis : Mute	Atlantis Low Specific Signals	0	StWhl_Mute									
Seek Up	Atlantis Low Specific Signals	0	StWhl_SeekUp									
Seek Down	Atlantis Low Specific Signals	0	StWhl_SeekDown									
Phone Pick-Up	Atlantis Low Specific Signals	0	StWhl_PhoneAnswer									
Phone Hang-Up	Atlantis Low Specific Signals	0	StWhl_PhoneHangup									
PNet or CUSW: Preset Advance or Mode Advance Atlantis: Mode Advance	Atlantis Low Specific Signals	0	StWhl_ModeAdvance									
VR Button	Atlantis Low Specific Signals	0	StWhl_VoiceRecognition									
HU code request for Anti-Theft strategy	Atlantis Low Specific Signals	0	HU_Code_Request									
HU code sent by HU for Anti-Theft strategy	Atlantis Low Specific Signals	0	HU_Code_From_HU									
HU code response for Anti-Theft strategy	Atlantis Low Specific Signals	0	HU_Code_Response									
HU code sent to HU for Anti-Theft strategy	Atlantis Low Specific Signals	0	HU_Code_From_BCM									
IPC_FD_5.Est_Range_Disp_Long is used on M240 BEV only (Atlhi)	M240 Specific Signals	0	Total_Range									
This signal indicates the Traffic Sign Recognition status	BSEGMENT Specific Signals	0	TSRSts									
This signal indicates the Traffic Sign Recognition status	332BEV Specific Signals	0	TSRSts									
"This signal is used to launch the ""Lock Out State""; therefore, this vehicle does not handle TRANSM2.GearEngaged"	332BEV Specific Signals	0	PresentGear									
This signal indicates the Traffic Sign Recognition status	250MCA Specific Signals	0	TSRSts									
This signal indicates the Traffic Sign Recognition status	965 Specific Signals	0	TSRSts									
Brake status	ALFAMCA Specific Signals	0	BrakePedal									
Engine Coolant Temp degrees C	ALFAMCA Specific Signals	0	EngineCoolant									
BoostPressureIndication	ALFAMCA Specific Signals	0	BoostPressureIndication									
Engine Torque Request Nm	ALFAMCA Specific Signals	0	EngineTorque									
OilPressure Indicator	ALFAMCA Specific Signals	0	EnigneOilPressure									
OilPressure Indicator	ALFAMCA Specific Signals	0	WarningLightEvent									
Slope indicator	ALFAMCA Specific Signals	0	Slope									
Transmission fluid temperature	ALFAMCA Specific Signals	0	TX_TEMP									
Transmission fluid temperature	ALFAMCA Specific Signals	0	TX_TEMP									
Time indicator	ALFAMCA Specific Signals	0	TravelDistance									
Current Gear to be displayed	ALFAMCA Specific Signals	0	CurrentGearForDisplay									
Torque split indicator	ALFAMCA Specific Signals	0	AWDTorque									
Torque vectoring indicator	ALFAMCA Specific Signals	0	TVMTorque									
Front Aero indicator	ALFAMCA Specific Signals	0	FrontAeroSts									
This signal indicates the Traffic Sign Recognition status	637MCA Specific Signals	0	TSRSts									
