swe_id	family	src_ref	title	desc
SWE1-VC-BlindSpotAlert-002	Blind Spot Alert_Passive Entry_Phone Repetition_Park Sense_features	SYS-RA-VF230_V1-672	Blind Spot Alert	The HMI layer shall send a request to VehicleConfigManager to retrieve the Blind_Spot_Monitoring PROXI configuration. VehicleConfigManager shall communicate with VehicleConfigService, and VehicleConfigService shall check the requested Blind_Spot_Monitoring value from SystemProperties / HW configuration. The response shall be returned from SystemProperties to VehicleConfigService, then to VehicleConfigManager, and finally to the HMI layer. The HMI layer shall evaluate the received Blind_Spot_Monitoring PROXI value to determine the availability of the Blind Spot Alert feature. If $Blind_Spot_Monitoring$ = [Absent], the LTM or ETM shall not display the Blind Spot Alert customer setting.
SWE1-VC-BlindSpotAlert-003	Blind Spot Alert_Passive Entry_Phone Repetition_Park Sense_features	SYS-RA-VF230_V1-673	Blind Spot Alert	The HMI layer shall send a request to VehicleConfigManager to retrieve the Blind_Spot_Monitoring PROXI configuration. VehicleConfigManager shall communicate with VehicleConfigService, and VehicleConfigService shall check the requested Blind_Spot_Monitoring value from SystemProperties / HW configuration. The response shall be returned from SystemProperties to VehicleConfigService, then to VehicleConfigManager, and finally to the HMI layer. The HMI layer shall evaluate the received Blind_Spot_Monitoring PROXI value to determine the availability of the Blind Spot Alert feature. If $Blind_Spot_Monitoring$ = [Present], the LTM or ETM shall display the Blind Spot Alert customer setting to allow the customer the ability to modify the setting.
SWE1-VC-BlindSpotAlert-004	Blind Spot Alert_Passive Entry_Phone Repetition_Park Sense_features	SYS-RA-VF230_V1-674	Blind Spot Alert	The HMI layer shall capture the customer selection for the Blind Spot Alert setting and send the request using CarPropertyManager.setProperty() with the TELEMATIC_VEHICLE_SETUP.BSDEnable_Req signal value as Not_Enable. CarPropertyService shall receive the request from CarPropertyManager and forward it to VHAL/IVehicle for HW/IPC update. HW supplier shall process the request signal via VHAL interface. The HMI layer shall maintain/update the displayed setting according to the requested value and any invalid value shall be considered invalid by HMI.
SWE1-VC-BlindSpotAlert-005	Blind Spot Alert_Passive Entry_Phone Repetition_Park Sense_features	SYS-RA-VF230_V1-675	Blind Spot Alert	The HMI layer shall capture the customer selection for the Blind Spot Alert setting and send the request using CarPropertyManager.setProperty() with the TELEMATIC_VEHICLE_SETUP.BSDEnable_Req signal value as Enable_LED. CarPropertyService shall receive the request from CarPropertyManager and forward it to VHAL/IVehicle for HW/IPC update. HW supplier shall process the request signal via VHAL interface. The HMI layer shall maintain/update the displayed setting according to the requested value and any invalid value shall be considered invalid by HMI.
SWE1-VC-BlindSpotAlert-006	Blind Spot Alert_Passive Entry_Phone Repetition_Park Sense_features	SYS-RA-VF230_V1-676	Blind Spot Alert	The HMI layer shall capture the customer selection for the Blind Spot Alert setting and send the request using CarPropertyManager.setProperty() with the TELEMATIC_VEHICLE_SETUP.BSDEnable_Req signal value as Enable_LED_Chime. CarPropertyService shall receive the request from CarPropertyManager and forward it to VHAL/IVehicle for HW/IPC update. HW supplier shall process the request signal via VHAL interface. The HMI layer shall maintain/update the displayed setting according to the requested value and any invalid value shall be considered invalid by HMI.
SWE1-VC-BlindSpotAlert-007	Blind Spot Alert_Passive Entry_Phone Repetition_Park Sense_features	SYS-RA-VF230_V1-677	Blind Spot Alert	HW supplier shall notify the IPC_VEHICLE_SETUP.BSDEnable signal via VHAL interface. CarPropertyService shall receive the IPC_VEHICLE_SETUP.BSDEnable signal from VHAL and forward it to CarPropertyManager. CarPropertyManager shall expose the value to HMI via API interface. The HMI layer shall evaluate the received IPC_VEHICLE_SETUP.BSDEnable signal and update/display the Blind Spot Alert information accordingly within <TDisplay>. Any invalid value shall be considered invalid by HMI.
SWE1-VC-PassiveEntry-009	Blind Spot Alert_Passive Entry_Phone Repetition_Park Sense_features	SYS-RA-VF230_V1-679	Passive Entry	The HMI layer shall send a request to VehicleConfigManager to retrieve the Passive_Entry_Menu PROXI configuration. VehicleConfigManager shall communicate with VehicleConfigService, and VehicleConfigService shall check the requested Passive_Entry_Menu value from SystemProperties / HW configuration. The response shall be returned from SystemProperties to VehicleConfigService, then to VehicleConfigManager, and finally to the HMI layer. The HMI layer shall evaluate the received Passive_Entry_Menu PROXI value to determine the availability of the Passive Entry feature. If $Passive_Entry_Menu$ = [Absent], the LTM or ETM shall not display the Passive Entry customer setting.
SWE1-VC-PassiveEntry-010	Blind Spot Alert_Passive Entry_Phone Repetition_Park Sense_features	SYS-RA-VF230_V1-680	Passive Entry	The HMI layer shall send a request to VehicleConfigManager to retrieve the Passive_Entry_Menu PROXI configuration. VehicleConfigManager shall communicate with VehicleConfigService, and VehicleConfigService shall check the requested Passive_Entry_Menu value from SystemProperties / HW configuration. The response shall be returned from SystemProperties to VehicleConfigService, then to VehicleConfigManager, and finally to the HMI layer. The HMI layer shall evaluate the received Passive_Entry_Menu PROXI value to determine the availability of the Passive Entry feature. If $Passive_Entry_Menu$ = [Present], the LTM or ETM shall display the Passive Entry customer setting to allow the customer the ability to modify the setting.
SWE1-VC-PassiveEntry-011	Blind Spot Alert_Passive Entry_Phone Repetition_Park Sense_features	SYS-RA-VF230_V1-681	Passive Entry	The HMI layer shall capture the customer selection for the Passive Entry setting and send the request using CarPropertyManager.setProperty() with the TELEMATIC_VEHICLE_SETUP.PassiveEntry_Req signal value as Off. CarPropertyService shall receive the request from CarPropertyManager and forward it to VHAL/IVehicle for HW/IPC update. HW supplier shall process the request signal via VHAL interface. The HMI layer shall maintain/update the displayed setting according to the requested value and any invalid value shall be considered invalid by HMI.
SWE1-VC-PassiveEntry-012	Blind Spot Alert_Passive Entry_Phone Repetition_Park Sense_features	SYS-RA-VF230_V1-682	Passive Entry	The HMI layer shall capture the customer selection for the Passive Entry setting and send the request using CarPropertyManager.setProperty() with the TELEMATIC_VEHICLE_SETUP.PassiveEntry_Req signal value as On. CarPropertyService shall receive the request from CarPropertyManager and forward it to VHAL/IVehicle for HW/IPC update. HW supplier shall process the request signal via VHAL interface. The HMI layer shall maintain/update the displayed setting according to the requested value and any invalid value shall be considered invalid by HMI.
SWE1-VC-PassiveEntry-013	Blind Spot Alert_Passive Entry_Phone Repetition_Park Sense_features	SYS-RA-VF230_V1-683	Passive Entry	HW supplier shall notify the IPC_VEHICLE_SETUP.PassiveEntry signal via VHAL interface. CarPropertyService shall receive the IPC_VEHICLE_SETUP.PassiveEntry signal from VHAL and forward it to CarPropertyManager. CarPropertyManager shall expose the value to HMI via API interface. The HMI layer shall evaluate the received IPC_VEHICLE_SETUP.PassiveEntry signal and update/display the Passive Entry information accordingly within <TDisplay>. Any invalid value shall be considered invalid by HMI.
SWE1-VC-RemoteDoorUnlock-015	Blind Spot Alert_Passive Entry_Phone Repetition_Park Sense_features	SYS-RA-VF230_V1-685	Remote Door Unlock	The HMI layer shall send a request to VehicleConfigManager to retrieve the Remote_Door_Unlock_Menu PROXI configuration. VehicleConfigManager shall communicate with VehicleConfigService, and VehicleConfigService shall check the requested Remote_Door_Unlock_Menu value from SystemProperties / HW configuration. The response shall be returned from SystemProperties to VehicleConfigService, then to VehicleConfigManager, and finally to the HMI layer. The HMI layer shall evaluate the received Remote_Door_Unlock_Menu PROXI value to determine the availability of the Remote Door Unlock feature. If $Remote_Door_Unlock_Menu$ = [Absent], the LTM or ETM shall not display the Remote Door Unlock customer setting.
SWE1-VC-RemoteDoorUnlock-016	Blind Spot Alert_Passive Entry_Phone Repetition_Park Sense_features	SYS-RA-VF230_V1-686	Remote Door Unlock	The HMI layer shall send a request to VehicleConfigManager to retrieve the Remote_Door_Unlock_Menu PROXI configuration. VehicleConfigManager shall communicate with VehicleConfigService, and VehicleConfigService shall check the requested Remote_Door_Unlock_Menu value from SystemProperties / HW configuration. The response shall be returned from SystemProperties to VehicleConfigService, then to VehicleConfigManager, and finally to the HMI layer. The HMI layer shall evaluate the received Remote_Door_Unlock_Menu PROXI value to determine the availability of the Remote Door Unlock feature. If $Remote_Door_Unlock_Menu$ = [Present], the LTM or ETM shall display the Remote Door Unlock customer setting to allow the customer the ability to modify the setting.
SWE1-VC-RemoteDoorUnlock-017	Blind Spot Alert_Passive Entry_Phone Repetition_Park Sense_features	SYS-RA-VF230_V1-687	Remote Door Unlock	The HMI layer shall capture the customer selection for the Remote Door Unlock setting and send the request using CarPropertyManager.setProperty() with the TELEMATIC_VEHICLE_SETUP.RemoteDoorUnlock_Req signal value as Driver. CarPropertyService shall receive the request from CarPropertyManager and forward it to VHAL/IVehicle for HW/IPC update. HW supplier shall process the request signal via VHAL interface. The HMI layer shall maintain/update the displayed setting according to the requested value and any invalid value shall be considered invalid by HMI.
SWE1-VC-RemoteDoorUnlock-018	Blind Spot Alert_Passive Entry_Phone Repetition_Park Sense_features	SYS-RA-VF230_V1-688	Remote Door Unlock	The HMI layer shall capture the customer selection for the Remote Door Unlock setting and send the request using CarPropertyManager.setProperty() with the TELEMATIC_VEHICLE_SETUP.RemoteDoorUnlock_Req signal value as All. CarPropertyService shall receive the request from CarPropertyManager and forward it to VHAL/IVehicle for HW/IPC update. HW supplier shall process the request signal via VHAL interface. The HMI layer shall maintain/update the displayed setting according to the requested value and any invalid value shall be considered invalid by HMI.
SWE1-VC-RemoteDoorUnlock-019	Blind Spot Alert_Passive Entry_Phone Repetition_Park Sense_features	SYS-RA-VF230_V1-689	Remote Door Unlock	HW supplier shall notify the IPC_VEHICLE_SETUP.RemoteDoorUnlock signal via VHAL interface. CarPropertyService shall receive the IPC_VEHICLE_SETUP.RemoteDoorUnlock signal from VHAL and forward it to CarPropertyManager. CarPropertyManager shall expose the value to HMI via API interface. The HMI layer shall evaluate the received IPC_VEHICLE_SETUP.RemoteDoorUnlock signal and update/display the Remote Door Unlock information accordingly within <TDisplay>. Any invalid value shall be considered invalid by HMI.
SWE1-VC-AutoParkBrake-021	Blind Spot Alert_Passive Entry_Phone Repetition_Park Sense_features	SYS-RA-VF230_V1-691	Auto Park Brake	The HMI layer shall send a request to VehicleConfigManager to retrieve the Auto_Park_Brake_Menu PROXI configuration. VehicleConfigManager shall communicate with VehicleConfigService, and VehicleConfigService shall check the requested Auto_Park_Brake_Menu value from SystemProperties / HW configuration. The response shall be returned from SystemProperties to VehicleConfigService, then to VehicleConfigManager, and finally to the HMI layer. The HMI layer shall evaluate the received Auto_Park_Brake_Menu PROXI value to determine the availability of the Auto Park Brake feature. If $Auto_Park_Brake_Menu$ = [Absent], the LTM or ETM shall not display the Auto Park Brake customer setting.
SWE1-VC-AutoParkBrake-022	Blind Spot Alert_Passive Entry_Phone Repetition_Park Sense_features	SYS-RA-VF230_V1-692	Auto Park Brake	The HMI layer shall send a request to VehicleConfigManager to retrieve the Auto_Park_Brake_Menu PROXI configuration. VehicleConfigManager shall communicate with VehicleConfigService, and VehicleConfigService shall check the requested Auto_Park_Brake_Menu value from SystemProperties / HW configuration. The response shall be returned from SystemProperties to VehicleConfigService, then to VehicleConfigManager, and finally to the HMI layer. The HMI layer shall evaluate the received Auto_Park_Brake_Menu PROXI value to determine the availability of the Auto Park Brake feature. If $Auto_Park_Brake_Menu$ = [Present], the LTM or ETM shall display the Auto Park Brake customer setting to allow the customer the ability to modify the setting.
SWE1-VC-AutoParkBrake-023	Blind Spot Alert_Passive Entry_Phone Repetition_Park Sense_features	SYS-RA-VF230_V1-693	Auto Park Brake	The HMI layer shall capture the customer selection for the Auto Park Brake setting and send the request using CarPropertyManager.setProperty() with the TELEMATIC_VEHICLE_SETUP.AutoParkBrake_Req signal value as Off. CarPropertyService shall receive the request from CarPropertyManager and forward it to VHAL/IVehicle for HW/IPC update. HW supplier shall process the request signal via VHAL interface. The HMI layer shall maintain/update the displayed setting according to the requested value and any invalid value shall be considered invalid by HMI.
SWE1-VC-AutoParkBrake-024	Blind Spot Alert_Passive Entry_Phone Repetition_Park Sense_features	SYS-RA-VF230_V1-694	Auto Park Brake	The HMI layer shall capture the customer selection for the Auto Park Brake setting and send the request using CarPropertyManager.setProperty() with the TELEMATIC_VEHICLE_SETUP.AutoParkBrake_Req signal value as On. CarPropertyService shall receive the request from CarPropertyManager and forward it to VHAL/IVehicle for HW/IPC update. HW supplier shall process the request signal via VHAL interface. The HMI layer shall maintain/update the displayed setting according to the requested value and any invalid value shall be considered invalid by HMI.
SWE1-VC-AutoParkBrake-025	Blind Spot Alert_Passive Entry_Phone Repetition_Park Sense_features	SYS-RA-VF230_V1-695	Auto Park Brake	HW supplier shall notify the IPC_VEHICLE_SETUP.AutoParkBrake signal via VHAL interface. CarPropertyService shall receive the IPC_VEHICLE_SETUP.AutoParkBrake signal from VHAL and forward it to CarPropertyManager. CarPropertyManager shall expose the value to HMI via API interface. The HMI layer shall evaluate the received IPC_VEHICLE_SETUP.AutoParkBrake signal and update/display the Auto Park Brake information accordingly within <TDisplay>. Any invalid value shall be considered invalid by HMI.
SWE1-VC-HornWithRemoteStart-027	Blind Spot Alert_Passive Entry_Phone Repetition_Park Sense_features	SYS-RA-VF230_V1-697	Horn With Remote Start	The HMI layer shall send a request to VehicleConfigManager to retrieve the Sound_Horn_Remote_Start_Menu PROXI configuration. VehicleConfigManager shall communicate with VehicleConfigService, and VehicleConfigService shall check the requested Sound_Horn_Remote_Start_Menu value from SystemProperties / HW configuration. The response shall be returned from SystemProperties to VehicleConfigService, then to VehicleConfigManager, and finally to the HMI layer. The HMI layer shall evaluate the received Sound_Horn_Remote_Start_Menu PROXI value to determine the availability of the Horn With Remote Start feature. If $Sound_Horn_Remote_Start_Menu$ = [Absent], the LTM or ETM shall not display the Horn With Remote Start customer setting.
SWE1-VC-HornWithRemoteStart-028	Blind Spot Alert_Passive Entry_Phone Repetition_Park Sense_features	SYS-RA-VF230_V1-698	Horn With Remote Start	The HMI layer shall send a request to VehicleConfigManager to retrieve the Sound_Horn_Remote_Start_Menu PROXI configuration. VehicleConfigManager shall communicate with VehicleConfigService, and VehicleConfigService shall check the requested Sound_Horn_Remote_Start_Menu value from SystemProperties / HW configuration. The response shall be returned from SystemProperties to VehicleConfigService, then to VehicleConfigManager, and finally to the HMI layer. The HMI layer shall evaluate the received Sound_Horn_Remote_Start_Menu PROXI value to determine the availability of the Horn With Remote Start feature. If $Sound_Horn_Remote_Start_Menu$ = [Present], the LTM or ETM shall display the Horn With Remote Start customer setting to allow the customer the ability to modify the setting.
SWE1-VC-HornWithRemoteStart-029	Blind Spot Alert_Passive Entry_Phone Repetition_Park Sense_features	SYS-RA-VF230_V1-699	Horn With Remote Start	The HMI layer shall capture the customer selection for the Horn With Remote Start setting and send the request using CarPropertyManager.setProperty() with the TELEMATIC_VEHICLE_SETUP.SoundHornRemoteStart_Req signal value as Off. CarPropertyService shall receive the request from CarPropertyManager and forward it to VHAL/IVehicle for HW/IPC update. HW supplier shall process the request signal via VHAL interface. The HMI layer shall maintain/update the displayed setting according to the requested value and any invalid value shall be considered invalid by HMI.
SWE1-VC-HornWithRemoteStart-030	Blind Spot Alert_Passive Entry_Phone Repetition_Park Sense_features	SYS-RA-VF230_V1-700	Horn With Remote Start	The HMI layer shall capture the customer selection for the Horn With Remote Start setting and send the request using CarPropertyManager.setProperty() with the TELEMATIC_VEHICLE_SETUP.SoundHornRemoteStart_Req signal value as On. CarPropertyService shall receive the request from CarPropertyManager and forward it to VHAL/IVehicle for HW/IPC update. HW supplier shall process the request signal via VHAL interface. The HMI layer shall maintain/update the displayed setting according to the requested value and any invalid value shall be considered invalid by HMI.
SWE1-VC-HornWithRemoteStart-031	Blind Spot Alert_Passive Entry_Phone Repetition_Park Sense_features	SYS-RA-VF230_V1-701	Horn With Remote Start	HW supplier shall notify the IPC_VEHICLE_SETUP.SoundHornRemoteStart signal via VHAL interface. CarPropertyService shall receive the IPC_VEHICLE_SETUP.SoundHornRemoteStart signal from VHAL and forward it to CarPropertyManager. CarPropertyManager shall expose the value to HMI via API interface. The HMI layer shall evaluate the received IPC_VEHICLE_SETUP.SoundHornRemoteStart signal and update/display the Horn With Remote Start information accordingly within <TDisplay>. Any invalid value shall be considered invalid by HMI.
SWE1-VC-HornWithLock-033	Blind Spot Alert_Passive Entry_Phone Repetition_Park Sense_features	SYS-RA-VF230_V1-703	Horn With Lock	The HMI layer shall send a request to VehicleConfigManager to retrieve the Horn_Chirp_Menu PROXI configuration. VehicleConfigManager shall communicate with VehicleConfigService, and VehicleConfigService shall check the requested Horn_Chirp_Menu value from SystemProperties / HW configuration. The response shall be returned from SystemProperties to VehicleConfigService, then to VehicleConfigManager, and finally to the HMI layer. The HMI layer shall evaluate the received Horn_Chirp_Menu PROXI value to determine the availability of the Horn With Lock feature. If $Horn_Chirp_Menu$ = [Absent], the LTM or ETM shall not display the Horn With Lock customer setting.
SWE1-VC-HornWithLock-034	Blind Spot Alert_Passive Entry_Phone Repetition_Park Sense_features	SYS-RA-VF230_V1-704	Horn With Lock	The HMI layer shall send a request to VehicleConfigManager to retrieve the Horn_Chirp_Menu PROXI configuration. VehicleConfigManager shall communicate with VehicleConfigService, and VehicleConfigService shall check the requested Horn_Chirp_Menu value from SystemProperties / HW configuration. The response shall be returned from SystemProperties to VehicleConfigService, then to VehicleConfigManager, and finally to the HMI layer. The HMI layer shall evaluate the received Horn_Chirp_Menu PROXI value to determine the availability of the Horn With Lock feature. If $Horn_Chirp_Menu$ = [Present], the LTM or ETM shall display the Horn With Lock customer setting to allow the customer the ability to modify the setting.
SWE1-VC-HornWithLock-035	Blind Spot Alert_Passive Entry_Phone Repetition_Park Sense_features	SYS-RA-VF230_V1-705	Horn With Lock	The HMI layer shall capture the customer selection for the Horn With Lock setting and send the request using CarPropertyManager.setProperty() with the TELEMATIC_VEHICLE_SETUP.SoundHornLock_Req signal value as Off. CarPropertyService shall receive the request from CarPropertyManager and forward it to VHAL/IVehicle for HW/IPC update. HW supplier shall process the request signal via VHAL interface. The HMI layer shall maintain/update the displayed setting according to the requested value and any invalid value shall be considered invalid by HMI.
SWE1-VC-HornWithLock-036	Blind Spot Alert_Passive Entry_Phone Repetition_Park Sense_features	SYS-RA-VF230_V1-706	Horn With Lock	The HMI layer shall capture the customer selection for the Horn With Lock setting and send the request using CarPropertyManager.setProperty() with the TELEMATIC_VEHICLE_SETUP.SoundHornLock_Req signal value as 1st Press. CarPropertyService shall receive the request from CarPropertyManager and forward it to VHAL/IVehicle for HW/IPC update. HW supplier shall process the request signal via VHAL interface. The HMI layer shall maintain/update the displayed setting according to the requested value and any invalid value shall be considered invalid by HMI.
SWE1-VC-HornWithLock-037	Blind Spot Alert_Passive Entry_Phone Repetition_Park Sense_features	SYS-RA-VF230_V1-707	Horn With Lock	The HMI layer shall capture the customer selection for the Horn With Lock setting and send the request using CarPropertyManager.setProperty() with the TELEMATIC_VEHICLE_SETUP.SoundHornLock_Req signal value as 2nd Press. CarPropertyService shall receive the request from CarPropertyManager and forward it to VHAL/IVehicle for HW/IPC update. HW supplier shall process the request signal via VHAL interface. The HMI layer shall maintain/update the displayed setting according to the requested value and any invalid value shall be considered invalid by HMI.
SWE1-VC-HornWithLock-038	Blind Spot Alert_Passive Entry_Phone Repetition_Park Sense_features	SYS-RA-VF230_V1-708	Horn With Lock	HW supplier shall notify the IPC_VEHICLE_SETUP.SoundHornLock signal via VHAL interface. CarPropertyService shall receive the IPC_VEHICLE_SETUP.SoundHornLock signal from VHAL and forward it to CarPropertyManager. CarPropertyManager shall expose the value to HMI via API interface. The HMI layer shall evaluate the received IPC_VEHICLE_SETUP.SoundHornLock signal and update/display the Horn With Lock information accordingly within <TDisplay>. Any invalid value shall be considered invalid by HMI.
SWE1-VC-AutoUnlockonExit-040	Blind Spot Alert_Passive Entry_Phone Repetition_Park Sense_features	SYS-RA-VF230_V1-710	Auto Unlock on Exit	The HMI layer shall send a request to VehicleConfigManager to retrieve the Auto_Door_Unlock_Menu PROXI configuration. VehicleConfigManager shall communicate with VehicleConfigService, and VehicleConfigService shall check the requested Auto_Door_Unlock_Menu value from SystemProperties / HW configuration. The response shall be returned from SystemProperties to VehicleConfigService, then to VehicleConfigManager, and finally to the HMI layer. The HMI layer shall evaluate the received Auto_Door_Unlock_Menu PROXI value to determine the availability of the Auto Unlock on Exit feature. If $Auto_Door_Unlock_Menu$ = [Absent], the LTM or ETM shall not display the Auto Unlock on Exit customer setting.
SWE1-VC-AutoUnlockonExit-041	Blind Spot Alert_Passive Entry_Phone Repetition_Park Sense_features	SYS-RA-VF230_V1-711	Auto Unlock on Exit	The HMI layer shall send a request to VehicleConfigManager to retrieve the Auto_Door_Unlock_Menu PROXI configuration. VehicleConfigManager shall communicate with VehicleConfigService, and VehicleConfigService shall check the requested Auto_Door_Unlock_Menu value from SystemProperties / HW configuration. The response shall be returned from SystemProperties to VehicleConfigService, then to VehicleConfigManager, and finally to the HMI layer. The HMI layer shall evaluate the received Auto_Door_Unlock_Menu PROXI value to determine the availability of the Auto Unlock on Exit feature. If $Auto_Door_Unlock_Menu$ = [Present], the LTM or ETM shall display the Auto Unlock on Exit customer setting to allow the customer the ability to modify the setting.
SWE1-VC-AutoUnlockonExit-042	Blind Spot Alert_Passive Entry_Phone Repetition_Park Sense_features	SYS-RA-VF230_V1-712	Auto Unlock on Exit	The HMI layer shall capture the customer selection for the Auto Unlock on Exit setting and send the request using CarPropertyManager.setProperty() with the TELEMATIC_VEHICLE_SETUP.AutoUnlockDoorExit_Req signal value as Not_Enable. CarPropertyService shall receive the request from CarPropertyManager and forward it to VHAL/IVehicle for HW/IPC update. HW supplier shall process the request signal via VHAL interface. The HMI layer shall maintain/update the displayed setting according to the requested value and any invalid value shall be considered invalid by HMI.
SWE1-VC-AutoUnlockonExit-043	Blind Spot Alert_Passive Entry_Phone Repetition_Park Sense_features	SYS-RA-VF230_V1-713	Auto Unlock on Exit	The HMI layer shall capture the customer selection for the Auto Unlock on Exit setting and send the request using CarPropertyManager.setProperty() with the TELEMATIC_VEHICLE_SETUP.AutoUnlockDoorExit_Req signal value as Enable. CarPropertyService shall receive the request from CarPropertyManager and forward it to VHAL/IVehicle for HW/IPC update. HW supplier shall process the request signal via VHAL interface. The HMI layer shall maintain/update the displayed setting according to the requested value and any invalid value shall be considered invalid by HMI.
SWE1-VC-AutoUnlockonExit-044	Blind Spot Alert_Passive Entry_Phone Repetition_Park Sense_features	SYS-RA-VF230_V1-714	Auto Unlock on Exit	HW supplier shall notify the IPC_VEHICLE_SETUP.AutoUnlockDoorExit signal via VHAL interface. CarPropertyService shall receive the IPC_VEHICLE_SETUP.AutoUnlockDoorExit signal from VHAL and forward it to CarPropertyManager. CarPropertyManager shall expose the value to HMI via API interface. The HMI layer shall evaluate the received IPC_VEHICLE_SETUP.AutoUnlockDoorExit signal and update/display the Auto Unlock on Exit information accordingly within <TDisplay>. Any invalid value shall be considered invalid by HMI.
SWE1-VC-FlashLightWithLock-046	Blind Spot Alert_Passive Entry_Phone Repetition_Park Sense_features	SYS-RA-VF230_V1-716	Flash Light With Lock	The HMI layer shall send a request to VehicleConfigManager to retrieve the Flash_Light_With_Lock_Menu PROXI configuration. VehicleConfigManager shall communicate with VehicleConfigService, and VehicleConfigService shall check the requested Flash_Light_With_Lock_Menu value from SystemProperties / HW configuration. The response shall be returned from SystemProperties to VehicleConfigService, then to VehicleConfigManager, and finally to the HMI layer. The HMI layer shall evaluate the received Flash_Light_With_Lock_Menu PROXI value to determine the availability of the Flash Light with Lock feature. If $Flash_Light_With_Lock_Menu$ = [Absent], the LTM or ETM shall not display the Flash Light with Lock customer setting.
SWE1-VC-FlashLightWithLock-047	Blind Spot Alert_Passive Entry_Phone Repetition_Park Sense_features	SYS-RA-VF230_V1-717	Flash Light With Lock	The HMI layer shall send a request to VehicleConfigManager to retrieve the Flash_Light_With_Lock_Menu PROXI configuration. VehicleConfigManager shall communicate with VehicleConfigService, and VehicleConfigService shall check the requested Flash_Light_With_Lock_Menu value from SystemProperties / HW configuration. The response shall be returned from SystemProperties to VehicleConfigService, then to VehicleConfigManager, and finally to the HMI layer. The HMI layer shall evaluate the received Flash_Light_With_Lock_Menu PROXI value to determine the availability of the Flash Light with Lock feature. If $Flash_Light_With_Lock_Menu$ = [Present], the LTM or ETM shall display the Flash Light with Lock customer setting to allow the customer the ability to modify the setting.
SWE1-VC-FlashLightWithLock-048	Blind Spot Alert_Passive Entry_Phone Repetition_Park Sense_features	SYS-RA-VF230_V1-718	Flash Light With Lock	The HMI layer shall capture the customer selection for the Flash Light with Lock setting and send the request using CarPropertyManager.setProperty() with the TELEMATIC_VEHICLE_SETUP.FlashLightWLock_Req signal value as Off. CarPropertyService shall receive the request from CarPropertyManager and forward it to VHAL/IVehicle for HW/IPC update. HW supplier shall process the request signal via VHAL interface. The HMI layer shall maintain/update the displayed setting according to the requested value and any invalid value shall be considered invalid by HMI.
SWE1-VC-FlashLightWithLock-049	Blind Spot Alert_Passive Entry_Phone Repetition_Park Sense_features	SYS-RA-VF230_V1-719	Flash Light With Lock	The HMI layer shall capture the customer selection for the Flash Light with Lock setting and send the request using CarPropertyManager.setProperty() with the TELEMATIC_VEHICLE_SETUP.FlashLightWLock_Req signal value as On. CarPropertyService shall receive the request from CarPropertyManager and forward it to VHAL/IVehicle for HW/IPC update. HW supplier shall process the request signal via VHAL interface. The HMI layer shall maintain/update the displayed setting according to the requested value and any invalid value shall be considered invalid by HMI.
SWE1-VC-FlashLightWithLock-050	Blind Spot Alert_Passive Entry_Phone Repetition_Park Sense_features	SYS-RA-VF230_V1-720	Flash Light With Lock	HW supplier shall notify the IPC_VEHICLE_SETUP.FlashLightWLock signal via VHAL interface. CarPropertyService shall receive the IPC_VEHICLE_SETUP.FlashLightWLock signal from VHAL and forward it to CarPropertyManager. CarPropertyManager shall expose the value to HMI via API interface. The HMI layer shall evaluate the received IPC_VEHICLE_SETUP.FlashLightWLock signal and update/display the Flash Light with Lock information accordingly within <TDisplay>. Any invalid value shall be considered invalid by HMI.
SWE1-VC-NavigationTurnbyTurn-053	Blind Spot Alert_Passive Entry_Phone Repetition_Park Sense_features	SYS-RA-VF230_V1-722	Navigation Turn by Turn	The HMI layer shall send a request to VehicleConfigManager to retrieve the NAV_Presence PROXI configuration. VehicleConfigManager shall communicate with VehicleConfigService, and VehicleConfigService shall check the requested NAV_Presence value from SystemProperties / HW configuration. The response shall be returned from SystemProperties to VehicleConfigService, then to VehicleConfigManager, and finally to the HMI layer. The HMI layer shall evaluate the received NAV_Presence PROXI value to determine the availability of the Navigation Turn by Turn feature. If $NAV_Presence$ = [Absent], the LTM or ETM shall not display the Navigation Turn by Turn customer setting.
SWE1-VC-NavigationTurnbyTurn-054	Blind Spot Alert_Passive Entry_Phone Repetition_Park Sense_features	SYS-RA-VF230_V1-723	Navigation Turn by Turn	The HMI layer shall send a request to VehicleConfigManager to retrieve the NAV_Presence PROXI configuration. VehicleConfigManager shall communicate with VehicleConfigService, and VehicleConfigService shall check the requested NAV_Presence value from SystemProperties / HW configuration. The response shall be returned from SystemProperties to VehicleConfigService, then to VehicleConfigManager, and finally to the HMI layer. The HMI layer shall evaluate the received NAV_Presence PROXI value to determine the availability of the Navigation Turn by Turn feature. If $NAV_Presence$ = [Present], the LTM or ETM shall display the Navigation Turn by Turn customer setting to allow the customer the ability to modify the setting.
SWE1-VC-NavigationTurnbyTurn-055	Blind Spot Alert_Passive Entry_Phone Repetition_Park Sense_features	SYS-RA-VF230_V1-724	Navigation Turn by Turn	The HMI layer shall capture the customer selection for the Navigation Turn by Turn setting and send the request using CarPropertyManager.setProperty() with the TELEMATIC_VEHICLE_SETUP.NavigationRepetition_Req signal value as Off. CarPropertyService shall receive the request from CarPropertyManager and forward it to VHAL/IVehicle for HW/IPC update. HW supplier shall process the request signal via VHAL interface. The HMI layer shall maintain/update the displayed setting according to the requested value and any invalid value shall be considered invalid by HMI.
SWE1-VC-NavigationTurnbyTurn-056	Blind Spot Alert_Passive Entry_Phone Repetition_Park Sense_features	SYS-RA-VF230_V1-725	Navigation Turn by Turn	The HMI layer shall capture the customer selection for the Navigation Turn by Turn setting and send the request using CarPropertyManager.setProperty() with the TELEMATIC_VEHICLE_SETUP.NavigationRepetition_Req signal value as On. CarPropertyService shall receive the request from CarPropertyManager and forward it to VHAL/IVehicle for HW/IPC update. HW supplier shall process the request signal via VHAL interface. The HMI layer shall maintain/update the displayed setting according to the requested value and any invalid value shall be considered invalid by HMI.
SWE1-VC-NavigationTurnbyTurn-057	Blind Spot Alert_Passive Entry_Phone Repetition_Park Sense_features	SYS-RA-VF230_V1-726	Navigation Turn by Turn	HW supplier shall notify the IPC_VEHICLE_SETUP.NavRepetition signal via VHAL interface. CarPropertyService shall receive the IPC_VEHICLE_SETUP.NavRepetition signal from VHAL and forward it to CarPropertyManager. CarPropertyManager shall expose the value to HMI via API interface. The HMI layer shall evaluate the received IPC_VEHICLE_SETUP.NavRepetition signal and update/display the Navigation Turn by Turn information accordingly within <TDisplay>. Any invalid value shall be considered invalid by HMI.
SWE1-VC-Language-059	Blind Spot Alert_Passive Entry_Phone Repetition_Park Sense_features	SYS-RA-VF230_V1-653	Language	The HMI layer shall display the Language customer setting and allow the customer to modify the setting through the LTM or ETM screen. The HMI layer shall update and manage the Language setting based on the customer selection in the display. The LTM or ETM shall display the available language options according to the configured market/language settings. Any invalid customer selection shall be considered invalid by the HMI.
SWE1-VC-Language-060	Blind Spot Alert_Passive Entry_Phone Repetition_Park Sense_features	SYS-RA-VF230_V1-654	Language	The HMI layer shall send a request to VehicleConfigManager to retrieve the Country_Code and Additional Languages PROXI configurations. VehicleConfigManager shall communicate with VehicleConfigService, and VehicleConfigService shall check the requested Country_Code and Additional Languages values from SystemProperties / HW configuration. The response shall be returned from SystemProperties to VehicleConfigService, then to VehicleConfigManager, and finally to the HMI layer. The HMI layer shall evaluate the received Country_Code and Additional Languages PROXI values and display the set of languages in the LTM or ETM screen as specified in the Market Configuration Table. The displayed language options shall be determined according to the configured Country_Code and Additional Languages PROXI parameters. Any invalid PROXI value shall be considered invalid by the HMI.
SWE1-VC-Language-061	Blind Spot Alert_Passive Entry_Phone Repetition_Park Sense_features	SYS-RA-VF230_V1-655	Language	The HMI layer shall capture the customer selection for the the setting setting and send the request using CarPropertyManager.setProperty() with the TELEMATIC_VEHICLE_SETUP.LanguageSelection_Req signal value as selected language. CarPropertyService shall receive the request from CarPropertyManager and forward it to VHAL/IVehicle for HW/IPC update. HW supplier shall process the request signal via VHAL interface. The HMI layer shall maintain/update the displayed setting according to the requested value and any invalid value shall be considered invalid by HMI.
SWE1-VC-Language-062	Blind Spot Alert_Passive Entry_Phone Repetition_Park Sense_features	SYS-RA-VF230_V1-656	Language	HW supplier shall notify the IPC_VEHICLE_SETUP.LanguageSelection signal via VHAL interface. CarPropertyService shall receive the IPC_VEHICLE_SETUP.LanguageSelection signal from VHAL and forward it to CarPropertyManager. CarPropertyManager shall expose the value to HMI via API interface. The HMI layer shall evaluate the received IPC_VEHICLE_SETUP.LanguageSelection signal and update/display the Language information accordingly within <TDisplay>. Any invalid value shall be considered invalid by HMI.
SWE1-VC-PhoneRepetition-064	Blind Spot Alert_Passive Entry_Phone Repetition_Park Sense_features	SYS-RA-VF230_V1-728	Phone Repetition	The HMI layer shall send a request to VehicleConfigManager to retrieve the Phone_Repetition_Menu PROXI configuration. VehicleConfigManager shall communicate with VehicleConfigService, and VehicleConfigService shall check the requested Phone_Repetition_Menu value from SystemProperties / HW configuration. The response shall be returned from SystemProperties to VehicleConfigService, then to VehicleConfigManager, and finally to the HMI layer. The HMI layer shall evaluate the received Phone_Repetition_Menu PROXI value to determine the availability of the Phone Repetition feature. If $Phone_Repetition_Menu$ = [Absent], the LTM or ETM shall not display the Phone Repetition customer setting.
SWE1-VC-PhoneRepetition-065	Blind Spot Alert_Passive Entry_Phone Repetition_Park Sense_features	SYS-RA-VF230_V1-729	Phone Repetition	The HMI layer shall send a request to VehicleConfigManager to retrieve the Phone_Repetition_Menu PROXI configuration. VehicleConfigManager shall communicate with VehicleConfigService, and VehicleConfigService shall check the requested Phone_Repetition_Menu value from SystemProperties / HW configuration. The response shall be returned from SystemProperties to VehicleConfigService, then to VehicleConfigManager, and finally to the HMI layer. The HMI layer shall evaluate the received Phone_Repetition_Menu PROXI value to determine the availability of the Phone Repetition feature. If $Phone_Repetition_Menu$ = [Present], the LTM or ETM shall display the Phone Repetition customer setting to allow the customer the ability to modify the setting.
SWE1-VC-PhoneRepetition-066	Blind Spot Alert_Passive Entry_Phone Repetition_Park Sense_features	SYS-RA-VF230_V1-730	Phone Repetition	The HMI layer shall capture the customer selection for the Phone Repetition setting and send the request using CarPropertyManager.setProperty() with the TELEMATIC_VEHICLE_SETUP.PhoneRepetition_Req signal value as Off. CarPropertyService shall receive the request from CarPropertyManager and forward it to VHAL/IVehicle for HW/IPC update. HW supplier shall process the request signal via VHAL interface. The HMI layer shall maintain/update the displayed setting according to the requested value and any invalid value shall be considered invalid by HMI.
SWE1-VC-PhoneRepetition-067	Blind Spot Alert_Passive Entry_Phone Repetition_Park Sense_features	SYS-RA-VF230_V1-731	Phone Repetition	The HMI layer shall capture the customer selection for the Phone Repetition setting and send the request using CarPropertyManager.setProperty() with the TELEMATIC_VEHICLE_SETUP.PhoneRepetition_Req signal value as On. CarPropertyService shall receive the request from CarPropertyManager and forward it to VHAL/IVehicle for HW/IPC update. HW supplier shall process the request signal via VHAL interface. The HMI layer shall maintain/update the displayed setting according to the requested value and any invalid value shall be considered invalid by HMI.
SWE1-VC-PhoneRepetition-068	Blind Spot Alert_Passive Entry_Phone Repetition_Park Sense_features	SYS-RA-VF230_V1-732	Phone Repetition	HW supplier shall notify the IPC_VEHICLE_SETUP.PhoneRepetition signal via VHAL interface. CarPropertyService shall receive the IPC_VEHICLE_SETUP.PhoneRepetition signal from VHAL and forward it to CarPropertyManager. CarPropertyManager shall expose the value to HMI via API interface. The HMI layer shall evaluate the received IPC_VEHICLE_SETUP.PhoneRepetition signal and update/display the Audio Repetition information accordingly within <TDisplay>. Any invalid value shall be considered invalid by HMI.
SWE1-VC-ParkSenseRearVolume-070	Blind Spot Alert_Passive Entry_Phone Repetition_Park Sense_features	SYS-RA-VF230_V1-734	Park Sense Rear Volume	The HMI layer shall send a request to VehicleConfigManager to retrieve the the PROXI parameter PROXI configuration. VehicleConfigManager shall communicate with VehicleConfigService, and VehicleConfigService shall check the requested the PROXI parameter value from SystemProperties / HW configuration. The response shall be returned from SystemProperties to VehicleConfigService, then to VehicleConfigManager, and finally to the HMI layer. The HMI layer shall evaluate the received the PROXI parameter PROXI value to determine the availability of the Park Sense Rear Volume feature. If $the PROXI parameter$ = [Absent], the LTM or ETM shall not display the Park Sense Rear Volume customer setting.
SWE1-VC-ParkSenseRearVolume-071	Blind Spot Alert_Passive Entry_Phone Repetition_Park Sense_features	SYS-RA-VF230_V1-735	Park Sense Rear Volume	The HMI layer shall send a request to VehicleConfigManager to retrieve the the PROXI parameter PROXI configuration. VehicleConfigManager shall communicate with VehicleConfigService, and VehicleConfigService shall check the requested the PROXI parameter value from SystemProperties / HW configuration. The response shall be returned from SystemProperties to VehicleConfigService, then to VehicleConfigManager, and finally to the HMI layer. The HMI layer shall evaluate the received the PROXI parameter PROXI value to determine the availability of the Park Sense Rear Volume feature. If $the PROXI parameter$ = [Present], the LTM or ETM shall display the Park Sense Rear Volume customer setting to allow the customer the ability to modify the setting.
SWE1-VC-ParkSenseRearVolume-072	Blind Spot Alert_Passive Entry_Phone Repetition_Park Sense_features	SYS-RA-VF230_V1-736	Park Sense Rear Volume	The HMI layer shall capture the customer selection for the Park Sense Rear Volume setting and send the request using CarPropertyManager.setProperty() with the TELEMATIC_VEHICLE_SETUP.PamChimeVolumeRear_Req signal value as Low. CarPropertyService shall receive the request from CarPropertyManager and forward it to VHAL/IVehicle for HW/IPC update. HW supplier shall process the request signal via VHAL interface. The HMI layer shall maintain/update the displayed setting according to the requested value and any invalid value shall be considered invalid by HMI.
SWE1-VC-ParkSenseRearVolume-073	Blind Spot Alert_Passive Entry_Phone Repetition_Park Sense_features	SYS-RA-VF230_V1-737	Park Sense Rear Volume	The HMI layer shall capture the customer selection for the Park Sense Rear Volume setting and send the request using CarPropertyManager.setProperty() with the TELEMATIC_VEHICLE_SETUP.PamChimeVolumeRear_Req signal value as Medium. CarPropertyService shall receive the request from CarPropertyManager and forward it to VHAL/IVehicle for HW/IPC update. HW supplier shall process the request signal via VHAL interface. The HMI layer shall maintain/update the displayed setting according to the requested value and any invalid value shall be considered invalid by HMI.
SWE1-VC-ParkSenseRearVolume-074	Blind Spot Alert_Passive Entry_Phone Repetition_Park Sense_features	SYS-RA-VF230_V1-738	Park Sense Rear Volume	The HMI layer shall capture the customer selection for the Park Sense Rear Volume setting and send the request using CarPropertyManager.setProperty() with the TELEMATIC_VEHICLE_SETUP.PamChimeVolumeRear_Req signal value as High. CarPropertyService shall receive the request from CarPropertyManager and forward it to VHAL/IVehicle for HW/IPC update. HW supplier shall process the request signal via VHAL interface. The HMI layer shall maintain/update the displayed setting according to the requested value and any invalid value shall be considered invalid by HMI.
SWE1-VC-ParkSenseRearVolume-075	Blind Spot Alert_Passive Entry_Phone Repetition_Park Sense_features	SYS-RA-VF230_V1-739	Park Sense Rear Volume	HW supplier shall notify the IPC_VEHICLE_SETUP.PamChimeVolumeRear signal via VHAL interface. CarPropertyService shall receive the IPC_VEHICLE_SETUP.PamChimeVolumeRear signal from VHAL and forward it to CarPropertyManager. CarPropertyManager shall expose the value to HMI via API interface. The HMI layer shall evaluate the received IPC_VEHICLE_SETUP.PamChimeVolumeRear signal and update/display the Park Sense Rear Volume information accordingly within <TDisplay>. Any invalid value shall be considered invalid by HMI.
SWE1-VC-ParkSenseFrontVolume-077	Blind Spot Alert_Passive Entry_Phone Repetition_Park Sense_features	SYS-RA-VF230_V1-741	Park Sense Front Volume	The HMI layer shall send a request to VehicleConfigManager to retrieve the the PROXI parameter PROXI configuration. VehicleConfigManager shall communicate with VehicleConfigService, and VehicleConfigService shall check the requested the PROXI parameter value from SystemProperties / HW configuration. The response shall be returned from SystemProperties to VehicleConfigService, then to VehicleConfigManager, and finally to the HMI layer. The HMI layer shall evaluate the received the PROXI parameter PROXI value to determine the availability of the Park Sense Front Volume feature. If $the PROXI parameter$ = [Absent], the LTM or ETM shall not display the Park Sense Front Volume customer setting.
SWE1-VC-ParkSenseFrontVolume-078	Blind Spot Alert_Passive Entry_Phone Repetition_Park Sense_features	SYS-RA-VF230_V1-742	Park Sense Front Volume	The HMI layer shall send a request to VehicleConfigManager to retrieve the the PROXI parameter PROXI configuration. VehicleConfigManager shall communicate with VehicleConfigService, and VehicleConfigService shall check the requested the PROXI parameter value from SystemProperties / HW configuration. The response shall be returned from SystemProperties to VehicleConfigService, then to VehicleConfigManager, and finally to the HMI layer. The HMI layer shall evaluate the received the PROXI parameter PROXI value to determine the availability of the Park Sense Front Volume feature. If $the PROXI parameter$ = [Present], the LTM or ETM shall display the Park Sense Front Volume customer setting to allow the customer the ability to modify the setting.
SWE1-VC-ParkSenseFrontVolume-079	Blind Spot Alert_Passive Entry_Phone Repetition_Park Sense_features	SYS-RA-VF230_V1-743	Park Sense Front Volume	The HMI layer shall capture the customer selection for the Park Sense Front Volume setting and send the request using CarPropertyManager.setProperty() with the TELEMATIC_VEHICLE_SETUP.PamChimeVolumeFront_Req signal value as Low. CarPropertyService shall receive the request from CarPropertyManager and forward it to VHAL/IVehicle for HW/IPC update. HW supplier shall process the request signal via VHAL interface. The HMI layer shall maintain/update the displayed setting according to the requested value and any invalid value shall be considered invalid by HMI.
SWE1-VC-ParkSenseFrontVolume-080	Blind Spot Alert_Passive Entry_Phone Repetition_Park Sense_features	SYS-RA-VF230_V1-744	Park Sense Front Volume	The HMI layer shall capture the customer selection for the Park Sense Front Volume setting and send the request using CarPropertyManager.setProperty() with the TELEMATIC_VEHICLE_SETUP.PamChimeVolumeFront_Req signal value as Medium. CarPropertyService shall receive the request from CarPropertyManager and forward it to VHAL/IVehicle for HW/IPC update. HW supplier shall process the request signal via VHAL interface. The HMI layer shall maintain/update the displayed setting according to the requested value and any invalid value shall be considered invalid by HMI.
SWE1-VC-ParkSenseFrontVolume-081	Blind Spot Alert_Passive Entry_Phone Repetition_Park Sense_features	SYS-RA-VF230_V1-745	Park Sense Front Volume	The HMI layer shall capture the customer selection for the Park Sense Front Volume setting and send the request using CarPropertyManager.setProperty() with the TELEMATIC_VEHICLE_SETUP.PamChimeVolumeFront_Req signal value as High. CarPropertyService shall receive the request from CarPropertyManager and forward it to VHAL/IVehicle for HW/IPC update. HW supplier shall process the request signal via VHAL interface. The HMI layer shall maintain/update the displayed setting according to the requested value and any invalid value shall be considered invalid by HMI.
SWE1-VC-ParkSenseFrontVolume-082	Blind Spot Alert_Passive Entry_Phone Repetition_Park Sense_features	SYS-RA-VF230_V1-746	Park Sense Front Volume	HW supplier shall notify the IPC_VEHICLE_SETUP.PamChimeVolumeFront signal via VHAL interface. CarPropertyService shall receive the IPC_VEHICLE_SETUP.PamChimeVolumeFront signal from VHAL and forward it to CarPropertyManager. CarPropertyManager shall expose the value to HMI via API interface. The HMI layer shall evaluate the received IPC_VEHICLE_SETUP.PamChimeVolumeFront signal and update/display the Park Sense Front Volume information accordingly within <TDisplay>. Any invalid value shall be considered invalid by HMI.
SWE1-VC-AutoHighBeam-084	Blind Spot Alert_Passive Entry_Phone Repetition_Park Sense_features	SYS-RA-VF230_V1-748	Auto High Beam	The HMI layer shall send a request to VehicleConfigManager to retrieve the AHBM_Feature_Menu PROXI configuration. VehicleConfigManager shall communicate with VehicleConfigService, and VehicleConfigService shall check the requested AHBM_Feature_Menu value from SystemProperties / HW configuration. The response shall be returned from SystemProperties to VehicleConfigService, then to VehicleConfigManager, and finally to the HMI layer. The HMI layer shall evaluate the received AHBM_Feature_Menu PROXI value to determine the availability of the Auto High Beam feature. If $AHBM_Feature_Menu$ = [Absent], the LTM or ETM shall not display the Auto High Beam customer setting.
SWE1-VC-AutoHighBeam-085	Blind Spot Alert_Passive Entry_Phone Repetition_Park Sense_features	SYS-RA-VF230_V1-749	Auto High Beam	The HMI layer shall send a request to VehicleConfigManager to retrieve the AHBM_Feature_Menu PROXI configuration. VehicleConfigManager shall communicate with VehicleConfigService, and VehicleConfigService shall check the requested AHBM_Feature_Menu value from SystemProperties / HW configuration. The response shall be returned from SystemProperties to VehicleConfigService, then to VehicleConfigManager, and finally to the HMI layer. The HMI layer shall evaluate the received AHBM_Feature_Menu PROXI value to determine the availability of the Auto High Beam feature. If $AHBM_Feature_Menu$ = [Present], the LTM or ETM shall display the Auto High Beam customer setting to allow the customer the ability to modify the setting.
SWE1-VC-AutoHighBeam-086	Blind Spot Alert_Passive Entry_Phone Repetition_Park Sense_features	SYS-RA-VF230_V1-750	Auto High Beam	The HMI layer shall capture the customer selection for the Auto High Beam setting and send the request using CarPropertyManager.setProperty() with the TELEMATIC_VEHICLE_SETUP.AutoHighBeamEnable_Req signal value as Not_Enable. CarPropertyService shall receive the request from CarPropertyManager and forward it to VHAL/IVehicle for HW/IPC update. HW supplier shall process the request signal via VHAL interface. The HMI layer shall maintain/update the displayed setting according to the requested value and any invalid value shall be considered invalid by HMI.
SWE1-VC-AutoHighBeam-087	Blind Spot Alert_Passive Entry_Phone Repetition_Park Sense_features	SYS-RA-VF230_V1-751	Auto High Beam	The HMI layer shall capture the customer selection for the Auto High Beam setting and send the request using CarPropertyManager.setProperty() with the TELEMATIC_VEHICLE_SETUP.AutoHighBeamEnable_Req signal value as Enable. CarPropertyService shall receive the request from CarPropertyManager and forward it to VHAL/IVehicle for HW/IPC update. HW supplier shall process the request signal via VHAL interface. The HMI layer shall maintain/update the displayed setting according to the requested value and any invalid value shall be considered invalid by HMI.
SWE1-VC-AutoHighBeam-088	Blind Spot Alert_Passive Entry_Phone Repetition_Park Sense_features	SYS-RA-VF230_V1-752	Auto High Beam	HW supplier shall notify the IPC_VEHICLE_SETUP.AutoHighBeamEnable signal via VHAL interface. CarPropertyService shall receive the IPC_VEHICLE_SETUP.AutoHighBeamEnable signal from VHAL and forward it to CarPropertyManager. CarPropertyManager shall expose the value to HMI via API interface. The HMI layer shall evaluate the received IPC_VEHICLE_SETUP.AutoHighBeamEnable signal and update/display the Auto High Beam information accordingly within <TDisplay>. Any invalid value shall be considered invalid by HMI.
SWE1-VC-RKELinkedtoMemory-090	Blind Spot Alert_Passive Entry_Phone Repetition_Park Sense_features	SYS-RA-VF230_V1-754	RKE Linked to Memory	The HMI layer shall send a request to VehicleConfigManager to retrieve the Memory_System PROXI configuration. VehicleConfigManager shall communicate with VehicleConfigService, and VehicleConfigService shall check the requested Memory_System value from SystemProperties / HW configuration. The response shall be returned from SystemProperties to VehicleConfigService, then to VehicleConfigManager, and finally to the HMI layer. The HMI layer shall evaluate the received Memory_System PROXI value to determine the availability of the RKE Linked to Memory feature. If $Memory_System$ = [Absent], the LTM or ETM shall not display the RKE Linked to Memory customer setting.
SWE1-VC-RKELinkedtoMemory-091	Blind Spot Alert_Passive Entry_Phone Repetition_Park Sense_features	SYS-RA-VF230_V1-755	RKE Linked to Memory	The HMI layer shall send a request to VehicleConfigManager to retrieve the Memory_System PROXI configuration. VehicleConfigManager shall communicate with VehicleConfigService, and VehicleConfigService shall check the requested Memory_System value from SystemProperties / HW configuration. The response shall be returned from SystemProperties to VehicleConfigService, then to VehicleConfigManager, and finally to the HMI layer. The HMI layer shall evaluate the received Memory_System PROXI value to determine the availability of the RKE Linked to Memory feature. If $Memory_System$ = [Present], the LTM or ETM shall display the RKE Linked to Memory customer setting to allow the customer the ability to modify the setting.
SWE1-VC-RKELinkedtoMemory-092	Blind Spot Alert_Passive Entry_Phone Repetition_Park Sense_features	SYS-RA-VF230_V1-756	RKE Linked to Memory	The HMI layer shall capture the customer selection for the RKE Linked to Memory setting and send the request using CarPropertyManager.setProperty() with the TELEMATIC_VEHICLE_SETUP.RKEMemoryLinkEnable_Req signal value as Off. CarPropertyService shall receive the request from CarPropertyManager and forward it to VHAL/IVehicle for HW/IPC update. HW supplier shall process the request signal via VHAL interface. The HMI layer shall maintain/update the displayed setting according to the requested value and any invalid value shall be considered invalid by HMI.
SWE1-VC-RKELinkedtoMemory-093	Blind Spot Alert_Passive Entry_Phone Repetition_Park Sense_features	SYS-RA-VF230_V1-757	RKE Linked to Memory	The HMI layer shall capture the customer selection for the RKE Linked to Memory setting and send the request using CarPropertyManager.setProperty() with the TELEMATIC_VEHICLE_SETUP.RKEMemoryLinkEnable_Req signal value as On. CarPropertyService shall receive the request from CarPropertyManager and forward it to VHAL/IVehicle for HW/IPC update. HW supplier shall process the request signal via VHAL interface. The HMI layer shall maintain/update the displayed setting according to the requested value and any invalid value shall be considered invalid by HMI.
SWE1-VC-RKELinkedtoMemory-094	Blind Spot Alert_Passive Entry_Phone Repetition_Park Sense_features	SYS-RA-VF230_V1-758	RKE Linked to Memory	HW supplier shall notify the IPC_VEHICLE_SETUP.RKEMemoryLinkEnable signal via VHAL interface. CarPropertyService shall receive the IPC_VEHICLE_SETUP.RKEMemoryLinkEnable signal from VHAL and forward it to CarPropertyManager. CarPropertyManager shall expose the value to HMI via API interface. The HMI layer shall evaluate the received IPC_VEHICLE_SETUP.RKEMemoryLinkEnable signal and update/display the RKE Linked to Memory information accordingly within <TDisplay>. Any invalid value shall be considered invalid by HMI.
SWE1-VC-AutoOnDriverComfort-3Option-096	Blind Spot Alert_Passive Entry_Phone Repetition_Park Sense_features	SYS-RA-VF230_V1-760	Auto On Driver Comfort - 3 Option	The HMI layer shall send a request to VehicleConfigManager to retrieve the Heated_Seats PROXI configuration. VehicleConfigManager shall communicate with VehicleConfigService, and VehicleConfigService shall check the requested Heated_Seats value from SystemProperties / HW configuration. The response shall be returned from SystemProperties to VehicleConfigService, then to VehicleConfigManager, and finally to the HMI layer. The HMI layer shall evaluate the received Heated_Seats PROXI value to determine the availability of the Auto On Driver Comfort - 3 Option feature. If $Heated_Seats$ = [Absent], the LTM or ETM shall not display the Auto On Driver Comfort - 3 Option customer setting.
SWE1-VC-AutoOnDriverComfort-3Option-097	Blind Spot Alert_Passive Entry_Phone Repetition_Park Sense_features	SYS-RA-VF230_V1-761	Auto On Driver Comfort - 3 Option	The HMI layer shall send a request to VehicleConfigManager to retrieve the Heated_Seats PROXI configuration. VehicleConfigManager shall communicate with VehicleConfigService, and VehicleConfigService shall check the requested Heated_Seats value from SystemProperties / HW configuration. The response shall be returned from SystemProperties to VehicleConfigService, then to VehicleConfigManager, and finally to the HMI layer. The HMI layer shall evaluate the received Heated_Seats PROXI value to determine the availability of the Auto On Driver Comfort - 3 Option feature. If $Heated_Seats$ = [Present], the LTM or ETM shall display the Auto On Driver Comfort - 3 Option customer setting to allow the customer the ability to modify the setting.
SWE1-VC-AutoOnDriverComfort-3Option-098	Blind Spot Alert_Passive Entry_Phone Repetition_Park Sense_features	SYS-RA-VF230_V1-762	Auto On Driver Comfort - 3 Option	The HMI layer shall capture the customer selection for the Auto On Driver Comfort - 3 Option setting and send the request using CarPropertyManager.setProperty() with the TELEMATIC_VEHICLE_SETUP.RemStNrmlStEnbl_Req signal value as Off. CarPropertyService shall receive the request from CarPropertyManager and forward it to VHAL/IVehicle for HW/IPC update. HW supplier shall process the request signal via VHAL interface. The HMI layer shall maintain/update the displayed setting according to the requested value and any invalid value shall be considered invalid by HMI.
SWE1-VC-AutoOnDriverComfort-3Option-099	Blind Spot Alert_Passive Entry_Phone Repetition_Park Sense_features	SYS-RA-VF230_V1-763	Auto On Driver Comfort - 3 Option	The HMI layer shall capture the customer selection for the Auto On Driver Comfort - 3 Option setting and send the request using CarPropertyManager.setProperty() with the TELEMATIC_VEHICLE_SETUP.RemStNrmlStEnbl_Req signal value as Remote_Start_Only. CarPropertyService shall receive the request from CarPropertyManager and forward it to VHAL/IVehicle for HW/IPC update. HW supplier shall process the request signal via VHAL interface. The HMI layer shall maintain/update the displayed setting according to the requested value and any invalid value shall be considered invalid by HMI.
SWE1-VC-AutoOnDriverComfort-3Option-100	Blind Spot Alert_Passive Entry_Phone Repetition_Park Sense_features	SYS-RA-VF230_V1-764	Auto On Driver Comfort - 3 Option	The HMI layer shall capture the customer selection for the Auto On Driver Comfort - 3 Option setting and send the request using CarPropertyManager.setProperty() with the TELEMATIC_VEHICLE_SETUP.RemStNrmlStEnbl_Req signal value as Remote_And_Normal_Start. CarPropertyService shall receive the request from CarPropertyManager and forward it to VHAL/IVehicle for HW/IPC update. HW supplier shall process the request signal via VHAL interface. The HMI layer shall maintain/update the displayed setting according to the requested value and any invalid value shall be considered invalid by HMI.
SWE1-VC-AutoOnDriverComfort-3Option-101	Blind Spot Alert_Passive Entry_Phone Repetition_Park Sense_features	SYS-RA-VF230_V1-765	Auto On Driver Comfort - 3 Option	HW supplier shall notify the IPC_VEHICLE_SETUP.RemStNrmlStEnbl signal via VHAL interface. CarPropertyService shall receive the IPC_VEHICLE_SETUP.RemStNrmlStEnbl signal from VHAL and forward it to CarPropertyManager. CarPropertyManager shall expose the value to HMI via API interface. The HMI layer shall evaluate the received IPC_VEHICLE_SETUP.RemStNrmlStEnbl signal and update/display the Auto On Driver Comfort - 3 Option information accordingly within <TDisplay>. Any invalid value shall be considered invalid by HMI.
SWE1-VC-AutoOnDriverComfort-2Option-103	Blind Spot Alert_Passive Entry_Phone Repetition_Park Sense_features	SYS-RA-VF230_V1-767	Auto On Driver Comfort - 2 Option	The HMI layer shall send a request to VehicleConfigManager to retrieve the Heated_Seats PROXI configuration. VehicleConfigManager shall communicate with VehicleConfigService, and VehicleConfigService shall check the requested Heated_Seats value from SystemProperties / HW configuration. The response shall be returned from SystemProperties to VehicleConfigService, then to VehicleConfigManager, and finally to the HMI layer. The HMI layer shall evaluate the received Heated_Seats PROXI value to determine the availability of the Auto On Driver Comfort - 2 Option feature. If $Heated_Seats$ = [Absent], the LTM or ETM shall not display the Auto On Driver Comfort - 2 Option customer setting.
SWE1-VC-AutoOnDriverComfort-2Option-104	Blind Spot Alert_Passive Entry_Phone Repetition_Park Sense_features	SYS-RA-VF230_V1-768	Auto On Driver Comfort - 2 Option	The HMI layer shall send a request to VehicleConfigManager to retrieve the Heated_Seats PROXI configuration. VehicleConfigManager shall communicate with VehicleConfigService, and VehicleConfigService shall check the requested Heated_Seats value from SystemProperties / HW configuration. The response shall be returned from SystemProperties to VehicleConfigService, then to VehicleConfigManager, and finally to the HMI layer. The HMI layer shall evaluate the received Heated_Seats PROXI value to determine the availability of the Auto On Driver Comfort - 2 Option feature. If $Heated_Seats$ = [Absent], the LTM or ETM shall not display the Auto On Driver Comfort - 2 Option customer setting.
SWE1-VC-AutoOnDriverComfort-2Option-105	Blind Spot Alert_Passive Entry_Phone Repetition_Park Sense_features	SYS-RA-VF230_V1-769	Auto On Driver Comfort - 2 Option	The HMI layer shall capture the customer selection for the Auto On Driver Comfort - 2 Option setting and send the request using CarPropertyManager.setProperty() with the TELEMATIC_VEHICLE_SETUP.RemStNrmlStEnbl_Req signal value as Off. CarPropertyService shall receive the request from CarPropertyManager and forward it to VHAL/IVehicle for HW/IPC update. HW supplier shall process the request signal via VHAL interface. The HMI layer shall maintain/update the displayed setting according to the requested value and any invalid value shall be considered invalid by HMI.
SWE1-VC-AutoOnDriverComfort-2Option-106	Blind Spot Alert_Passive Entry_Phone Repetition_Park Sense_features	SYS-RA-VF230_V1-770	Auto On Driver Comfort - 2 Option	The HMI layer shall capture the customer selection for the Auto On Driver Comfort - 2 Option setting and send the request using CarPropertyManager.setProperty() with the TELEMATIC_VEHICLE_SETUP.RemStNrmlStEnbl_Req signal value as Normal_Start_Only. CarPropertyService shall receive the request from CarPropertyManager and forward it to VHAL/IVehicle for HW/IPC update. HW supplier shall process the request signal via VHAL interface. The HMI layer shall maintain/update the displayed setting according to the requested value and any invalid value shall be considered invalid by HMI.
SWE1-VC-AutoOnDriverComfort-2Option-107	Blind Spot Alert_Passive Entry_Phone Repetition_Park Sense_features	SYS-RA-VF230_V1-771	Auto On Driver Comfort - 2 Option	HW supplier shall notify the IPC_VEHICLE_SETUP.RemStNrmlStEnbl signal via VHAL interface. CarPropertyService shall receive the IPC_VEHICLE_SETUP.RemStNrmlStEnbl signal from VHAL and forward it to CarPropertyManager. CarPropertyManager shall expose the value to HMI via API interface. The HMI layer shall evaluate the received IPC_VEHICLE_SETUP.RemStNrmlStEnbl signal and update/display the Auto On Driver Comfort - 2 Option information accordingly within <TDisplay>. Any invalid value shall be considered invalid by HMI.
SWE1-VC-RearviewCameraDelay-109	Blind Spot Alert_Passive Entry_Phone Repetition_Park Sense_features	SYS-RA-VF230_V1-773	Rearview Camera Delay	The HMI layer shall send a request to VehicleConfigManager to retrieve the Rear_View_Camera PROXI configuration. VehicleConfigManager shall communicate with VehicleConfigService, and VehicleConfigService shall check the requested Rear_View_Camera value from SystemProperties / HW configuration. The response shall be returned from SystemProperties to VehicleConfigService, then to VehicleConfigManager, and finally to the HMI layer. The HMI layer shall evaluate the received Rear_View_Camera PROXI value to determine the availability of the Rearview Camera Delay feature. If $Rear_View_Camera$ = [Absent], the LTM or ETM shall not display the Rearview Camera Delay customer setting.
SWE1-VC-RearviewCameraDelay-110	Blind Spot Alert_Passive Entry_Phone Repetition_Park Sense_features	SYS-RA-VF230_V1-774	Rearview Camera Delay	The HMI layer shall send a request to VehicleConfigManager to retrieve the Rear_View_Camera PROXI configuration. VehicleConfigManager shall communicate with VehicleConfigService, and VehicleConfigService shall check the requested Rear_View_Camera value from SystemProperties / HW configuration. The response shall be returned from SystemProperties to VehicleConfigService, then to VehicleConfigManager, and finally to the HMI layer. The HMI layer shall evaluate the received Rear_View_Camera PROXI value to determine the availability of the Rearview Camera Delay feature. If $Rear_View_Camera$ = [Present], the LTM or ETM shall display the Rearview Camera Delay customer setting to allow the customer the ability to modify the setting.
SWE1-VC-RearviewCameraDelay-111	Blind Spot Alert_Passive Entry_Phone Repetition_Park Sense_features	SYS-RA-VF230_V1-775	Rearview Camera Delay	The HMI layer shall capture the customer selection for the Rearview Camera Delay setting and send the request using CarPropertyManager.setProperty() with the TELEMATIC_VEHICLE_SETUP.Backup_Cam_Delay_Req signal value as Off. CarPropertyService shall receive the request from CarPropertyManager and forward it to VHAL/IVehicle for HW/IPC update. HW supplier shall process the request signal via VHAL interface. The HMI layer shall maintain/update the displayed setting according to the requested value and any invalid value shall be considered invalid by HMI.
SWE1-VC-RearviewCameraDelay-112	Blind Spot Alert_Passive Entry_Phone Repetition_Park Sense_features	SYS-RA-VF230_V1-776	Rearview Camera Delay	The HMI layer shall capture the customer selection for the Rearview Camera Delay setting and send the request using CarPropertyManager.setProperty() with the TELEMATIC_VEHICLE_SETUP.Backup_Cam_Delay_Req signal value as On. CarPropertyService shall receive the request from CarPropertyManager and forward it to VHAL/IVehicle for HW/IPC update. HW supplier shall process the request signal via VHAL interface. The HMI layer shall maintain/update the displayed setting according to the requested value and any invalid value shall be considered invalid by HMI.
SWE1-VC-RearviewCameraDelay-113	Blind Spot Alert_Passive Entry_Phone Repetition_Park Sense_features	SYS-RA-VF230_V1-777	Rearview Camera Delay	HW supplier shall notify the IPC_VEHICLE_SETUP.Backup_Cam_Delay signal via VHAL interface. CarPropertyService shall receive the IPC_VEHICLE_SETUP.Backup_Cam_Delay signal from VHAL and forward it to CarPropertyManager. CarPropertyManager shall expose the value to HMI via API interface. The HMI layer shall evaluate the received IPC_VEHICLE_SETUP.Backup_Cam_Delay signal and update/display the Rearview Camera Delay information accordingly within <TDisplay>. Any invalid value shall be considered invalid by HMI.
SWE1-VC-RearviewCameraDynamicGuidelines-115	Blind Spot Alert_Passive Entry_Phone Repetition_Park Sense_features	SYS-RA-VF230_V1-779	Rearview Camera Dynamic Guidelines	The HMI layer shall send a request to VehicleConfigManager to retrieve the Rear_View_Camera PROXI configuration. VehicleConfigManager shall communicate with VehicleConfigService, and VehicleConfigService shall check the requested Rear_View_Camera value from SystemProperties / HW configuration. The response shall be returned from SystemProperties to VehicleConfigService, then to VehicleConfigManager, and finally to the HMI layer. The HMI layer shall evaluate the received Rear_View_Camera PROXI value to determine the availability of the Rearview Camera Dynamic Guidelines feature. If $Rear_View_Camera$ = [Absent], the LTM or ETM shall not display the Rearview Camera Dynamic Guidelines customer setting.
SWE1-VC-RearviewCameraDynamicGuidelines-116	Blind Spot Alert_Passive Entry_Phone Repetition_Park Sense_features	SYS-RA-VF230_V1-780	Rearview Camera Dynamic Guidelines	The HMI layer shall send a request to VehicleConfigManager to retrieve the Rear_View_Camera PROXI configuration. VehicleConfigManager shall communicate with VehicleConfigService, and VehicleConfigService shall check the requested Rear_View_Camera value from SystemProperties / HW configuration. The response shall be returned from SystemProperties to VehicleConfigService, then to VehicleConfigManager, and finally to the HMI layer. The HMI layer shall evaluate the received Rear_View_Camera PROXI value to determine the availability of the Rearview Camera Dynamic Guidelines feature. If $Rear_View_Camera$ = [Present], the LTM or ETM shall display the Rearview Camera Dynamic Guidelines customer setting to allow the customer the ability to modify the setting.
SWE1-VC-RearviewCameraDynamicGuidelines-117	Blind Spot Alert_Passive Entry_Phone Repetition_Park Sense_features	SYS-RA-VF230_V1-781	Rearview Camera Dynamic Guidelines	The HMI layer shall capture the customer selection for the Rearview Camera Dynamic Guidelines setting and send the request using CarPropertyManager.setProperty() with the TELEMATIC_VEHICLE_SETUP.DynamicGrid_Req signal value as Dynamic Gridlines OFF. CarPropertyService shall receive the request from CarPropertyManager and forward it to VHAL/IVehicle for HW/IPC update. HW supplier shall process the request signal via VHAL interface. The HMI layer shall maintain/update the displayed setting according to the requested value and any invalid value shall be considered invalid by HMI.
SWE1-VC-RearviewCameraDynamicGuidelines-118	Blind Spot Alert_Passive Entry_Phone Repetition_Park Sense_features	SYS-RA-VF230_V1-782	Rearview Camera Dynamic Guidelines	The HMI layer shall capture the customer selection for the Rearview Camera Dynamic Guidelines setting and send the request using CarPropertyManager.setProperty() with the TELEMATIC_VEHICLE_SETUP.DynamicGrid_Req signal value as Dynamic Gridlines ON. CarPropertyService shall receive the request from CarPropertyManager and forward it to VHAL/IVehicle for HW/IPC update. HW supplier shall process the request signal via VHAL interface. The HMI layer shall maintain/update the displayed setting according to the requested value and any invalid value shall be considered invalid by HMI.
SWE1-VC-RearviewCameraDynamicGuidelines-119	Blind Spot Alert_Passive Entry_Phone Repetition_Park Sense_features	SYS-RA-VF230_V1-783	Rearview Camera Dynamic Guidelines	HW supplier shall notify the IPC_VEHICLE_SETUP.DynamicGrid signal via VHAL interface. CarPropertyService shall receive the IPC_VEHICLE_SETUP.DynamicGrid signal from VHAL and forward it to CarPropertyManager. CarPropertyManager shall expose the value to HMI via API interface. The HMI layer shall evaluate the received IPC_VEHICLE_SETUP.DynamicGrid signal and update/display the Rearview Camera Dynamic Guidelines information accordingly within <TDisplay>. Any invalid value shall be considered invalid by HMI.
SWE1-VC-CorneringLights-002	Cornering Lights_lane_features	SYS-RA-VF230_V1-525	Cornering Lights	The HMI layer shall send a request to VehicleConfigManager to retrieve the Cornering_Light PROXI configuration.\nVehicleConfigManager shall communicate with VehicleConfigService, and VehicleConfigService shall check the requested Cornering_Light value from SystemProperties / HW configuration.\nThe response shall be returned from SystemProperties to VehicleConfigService, then to VehicleConfigManager, and finally to the HMI layer.\nThe HMI layer shall evaluate the received Cornering_Light PROXI value to determine Cornering Lights feature availability.\nIf $Cornering_Light$ = [Absent], the LTM or ETM shall not display the Cornering Lights customer setting.
SWE1-VC-CorneringLights-003	Cornering Lights_lane_features	SYS-RA-VF230_V1-526	Cornering Lights	The HMI layer shall send a request to VehicleConfigManager to retrieve the Cornering_Light PROXI configuration.\nVehicleConfigManager shall communicate with VehicleConfigService, and VehicleConfigService shall check the requested Cornering_Light value from SystemProperties / HW configuration.\nThe response shall be returned from SystemProperties to VehicleConfigService, then to VehicleConfigManager, and finally to the HMI layer.\nThe HMI layer shall evaluate the received Cornering_Light PROXI value to determine Cornering Lights feature availability. If $Cornering_Light$ = [Present], the LTM or ETM shall display the Cornering Lights customer setting to allow the customer to modify the setting.
SWE1-VC-CorneringLights-004	Cornering Lights_lane_features	SYS-RA-VF230_V1-527	Cornering Lights	When the customer chooses to enable the Cornering Lights setting on the LTM or ETM, the HMI layer shall send the updated customer preference to CarPropertyManager via the Android Car API.\nCarPropertyManager shall invoke setProperty() with propId = CorneringEnable_Req and value = [True] to CarPropertyService.\nCarPropertyService shall forward the request to the Vehicle HAL (VHAL) via IVehicle.setValues() with the corresponding VehiclePropValue.\nThe Vehicle HAL (VHAL) shall forward the request signal to the HW.
SWE1-VC-CorneringLights-005	Cornering Lights_lane_features	SYS-RA-VF230_V1-528	Cornering Lights	When the customer chooses to disable the Cornering Lights setting on the LTM or ETM, the HMI layer shall send the updated customer preference to CarPropertyManager via the Android Car API.\nCarPropertyManager shall invoke setProperty() with propId = CorneringEnable_Req and value = [False] to CarPropertyService.\nCarPropertyService shall forward the request to the Vehicle HAL (VHAL) via IVehicle.setValues() with the corresponding VehiclePropValue.\nThe Vehicle HAL (VHAL) shall forward the request signal to the HW.
SWE1-VC-CorneringLights-006	Cornering Lights_lane_features	SYS-RA-VF230_V1-529	Cornering Lights	The HW supplier shall provide the IPC_VEHICLE_SETUP.CorneringEnable signal via the Vehicle HAL (VHAL) interface.\nThe Vehicle HAL (VHAL) shall receive the IPC_VEHICLE_SETUP.CorneringEnable signal and propagate it via IVehicleCallback.onPropertyEvent().\nCarPropertyService shall receive the property event and notify CarPropertyManager via ICarPropertyEventListener.onChangeEvent().\nCarPropertyManager shall invoke CarPropertyEventCallback.onChangeEvent() to notify the HMI layer.\nThe HMI layer shall evaluate the received CorneringEnable signal and update the Cornering Lights setting information on the LTM or ETM display accordingly within the defined timing requirement.
SWE1-VC-GreetingLights-008	Cornering Lights_lane_features	SYS-RA-VF230_V1-531	Greeting Lights	The HMI layer shall send a request to VehicleConfigManager to retrieve the Greeting_Light PROXI configuration.\nVehicleConfigManager shall communicate with VehicleConfigService, and VehicleConfigService shall check the requested Greeting_Light  value from SystemProperties / HW configuration.\nThe response shall be returned from SystemProperties to VehicleConfigService, then to VehicleConfigManager, and finally to the HMI layer.\nThe HMI layer shall evaluate the received Cornering_Light PROXI value to determine Cornering Lights feature availability. If $Greeting_Lights_Menu$ = [Absent], the LTM or ETM shall not display the Greeting Lights customer setting.
SWE1-VC-GreetingLights-009	Cornering Lights_lane_features	SYS-RA-VF230_V1-532	Greeting Lights	The HMI layer shall send a request to VehicleConfigManager to retrieve the Greeting_Light  PROXI configuration.\nVehicleConfigManager shall communicate with VehicleConfigService, and VehicleConfigService shall check the requested Greeting_Light  value from SystemProperties / HW configuration.\nThe response shall be returned from SystemProperties to VehicleConfigService, then to VehicleConfigManager, and finally to the HMI layer.\nThe HMI layer shall evaluate the received Greeting_Light  PROXI value to determine Greeting_Light  feature availability.If $Greeting_Lights_Menu$ = [Present], the HMI shall display the Greeting Lights customer setting to allow the customer to modify the setting.
SWE1-VC-GreetingLights-010	Cornering Lights_lane_features	SYS-RA-VF230_V1-533	Greeting Lights	When the customer chooses to enable the Greeting Lights setting on LTM or ETM, the HMI layer shall send the updated customer preference to CarPropertyManager via the Android Car API.\nCarPropertyManager shall invoke setProperty() with propId = GreetingLightsEnable_Req and CarPropertyValue<Boolean>(True) to CarPropertyService.\nCarPropertyService shall forward the request to the Vehicle HAL (VHAL) by calling IVehicle.setValues() with the corresponding VehiclePropValue.\nThe Vehicle HAL (VHAL) shall forward the request signal to the HW.
SWE1-VC-GreetingLights-011	Cornering Lights_lane_features	SYS-RA-VF230_V1-534	Greeting Lights	When the customer chooses to disable the Greeting Lights setting on LTM or ETM, the HMI layer shall send the updated customer preference to CarPropertyManager via the Android Car API.\nCarPropertyManager shall invoke setProperty() with propId = GreetingLightsEnable_Req and CarPropertyValue<Boolean>(False) to CarPropertyService.\nCarPropertyService shall forward the request to the Vehicle HAL (VHAL) by calling IVehicle.setValues() with the corresponding VehiclePropValue.\nThe Vehicle HAL (VHAL) shall forward the request signal to the HW.
SWE1-VC-GreetingLights-012	Cornering Lights_lane_features	SYS-RA-VF230_V1-535	Greeting Lights	The HW Supplier / ECU shall send the updated Greeting Lights status via the IPC_VEHICLE_SETUP.GreetingLightsEnable signal.\nThe Vehicle HAL (VHAL) shall receive the IPC_VEHICLE_SETUP.GreetingLightsEnable value and propagate it via IVehicleCallback.onPropertyEvent().\nCarPropertyService shall receive the property event and notify CarPropertyManager via ICarPropertyEventListener.onChangeEvent().\nCarPropertyManager shall invoke the CarPropertyEventCallback.onChangeEvent() to notify the HMI layer.\nThe HMI layer shall evaluate the received $GreetingLightsEnable$ value and update the Greeting Lights setting display accordingly.
SWE1-VC-LaneSenseWarning-014	Cornering Lights_lane_features	SYS-RA-VF230_V1-537	Lane Sense Warning	The HMI layer shall send a request to VehicleConfigManager to retrieve the Lane_Assist PROXI configuration.\nVehicleConfigManager shall communicate with VehicleConfigService, and VehicleConfigService shall check the requested Lane_Assist value from SystemProperties / HW configuration.\nThe response shall be returned from SystemProperties to VehicleConfigService, then to VehicleConfigManager, and finally to the HMI layer.\nThe HMI layer shall evaluate the received Lane_Assist PROXI value to determine Cornering Lights feature availability.\nIf $Lane_Assist$ = [Not Present] or [Lane Departure Warning], the LTM or ETM shall not display the Lane Sense Warning customer setting
SWE1-VC-LaneSenseWarning-015	Cornering Lights_lane_features	SYS-RA-VF230_V1-538	Lane Sense Warning	The HMI layer shall send a request to VehicleConfigManager to retrieve the Lane_Assist PROXI configuration.\nVehicleConfigManager shall communicate with VehicleConfigService, and VehicleConfigService shall check the requested Lane_Assist value from SystemProperties / HW configuration.\nThe response shall be returned from SystemProperties to VehicleConfigService, then to VehicleConfigManager, and finally to the HMI layer.\nThe HMI layer shall evaluate the received Lane_Assist PROXI value to determine Lane_Assist feature availability.If $Lane_Assist$ = [Lane Departure Warning + Lane Keep Assist] or [Active Lane Management], the LTM or ETM shall display the Lane Sense Warning customer setting to allow the customer to modify the setting.
SWE1-VC-LaneSenseWarning-016	Cornering Lights_lane_features	SYS-RA-VF230_V1-539	Lane Sense Warning	When the customer chooses to set the Lane Sense Warning setting to Early on the LTM or ETM, the HMI layer shall send the updated customer preference to CarPropertyManager via the Android Car API.\nCarPropertyManager shall invoke setProperty() with propId = LDW_Sensibility_Req and value = [Early] to CarPropertyService.\nCarPropertyService shall forward the request to the Vehicle HAL (VHAL) via IVehicle.setValues() with the corresponding VehiclePropValue.\nThe Vehicle HAL (VHAL) shall forward the request signal to the HW.
SWE1-VC-LaneSenseWarning-017	Cornering Lights_lane_features	SYS-RA-VF230_V1-540	Lane Sense Warning	When the customer chooses to set the Lane Sense Warning setting to Medium on the LTM or ETM, the HMI layer shall send the updated customer preference to CarPropertyManager via the Android Car API.\nCarPropertyManager shall invoke setProperty() with propId = LDW_Sensibility_Req and value = [Med] to CarPropertyService.\nCarPropertyService shall forward the request to the Vehicle HAL (VHAL) via IVehicle.setValues() with the corresponding VehiclePropValue.\nThe Vehicle HAL (VHAL) shall forward the request signal to the HW.
SWE1-VC-LaneSenseWarning-018	Cornering Lights_lane_features	SYS-RA-VF230_V1-541	Lane Sense Warning	When the customer chooses to set the Lane Sense Warning setting to Late on the LTM or ETM, the HMI layer shall send the updated customer preference to CarPropertyManager via the Android Car API.\nCarPropertyManager shall invoke setProperty() with propId = LDW_Sensibility_Req and value = [Late] to CarPropertyService.\nCarPropertyService shall forward the request to the Vehicle HAL (VHAL) via IVehicle.setValues() with the corresponding VehiclePropValue.\nThe Vehicle HAL (VHAL) shall forward the request signal to the HW.
SWE1-VC-LaneSenseWarning-019	Cornering Lights_lane_features	SYS-RA-VF230_V1-542	Lane Sense Warning	The HW Supplier / ECU shall send the updated Lane Sense Warning status via the IPC_VEHICLE_SETUP.LDW_Sensibility signal.\nThe Vehicle HAL (VHAL) shall receive the IPC_VEHICLE_SETUP.LDW_Sensibility value and propagate it via IVehicleCallback.onPropertyEvent().\nCarPropertyService shall receive the property event and notify CarPropertyManager via ICarPropertyEventListener.onChangeEvent().\nCarPropertyManager shall invoke the CarPropertyEventCallback.onChangeEvent() to notify the HMI layer.\nThe HMI layer shall evaluate the received $LDW_Sensibility$ value and update the Lane Sense Warning setting display accordingly.
SWE1-VC-SignatureLighting-021	Cornering Lights_lane_features	SYS-RA-VF230_V1-544	Signature Lighting	The HMI layer shall send a request to VehicleConfigManager to retrieve the Signature_Lighting PROXI configuration.\nVehicleConfigManager shall communicate with VehicleConfigService, and VehicleConfigService shall check the requested Signature_Lighting value from SystemProperties / HW configuration.\nThe response shall be returned from SystemProperties to VehicleConfigService, then to VehicleConfigManager, and finally to the HMI layer.\nThe HMI layer shall evaluate the received Signature_Lighting PROXI value to determine Signature_Lighting feature availability.If $Signature_Lighting$ = [Absent], the LTM or ETM shall not display the Signature Lighting customer setting.
SWE1-VC-SignatureLighting-022	Cornering Lights_lane_features	SYS-RA-VF230_V1-545	Signature Lighting	The HMI layer shall send a request to VehicleConfigManager to retrieve the Signature_Lighting PROXI configuration.\nVehicleConfigManager shall communicate with VehicleConfigService, and VehicleConfigService shall check the requested Signature_Lighting value from SystemProperties / HW configuration.\nThe response shall be returned from SystemProperties to VehicleConfigService, then to VehicleConfigManager, and finally to the HMI layer.\nThe HMI layer shall evaluate the received Signature_Lighting PROXI value to determine Signature_Lighting feature availability. If $Signature_Lighting$ = [Present], the HMI shall display the Signature Lighting customer setting to allow the customer to modify the setting.
SWE1-VC-SignatureLighting-023	Cornering Lights_lane_features	SYS-RA-VF230_V1-546	Signature Lighting	When the customer chooses to set the Signature Lighting setting to Enable on the LTM or ETM, the HMI layer shall send the updated customer preference to CarPropertyManager via the Android Car API.\nCarPropertyManager shall invoke setProperty() with propId = SignatureLightingEnable_Req and value = [Enable] to CarPropertyService.\nCarPropertyService shall forward the request to the Vehicle HAL (VHAL) via IVehicle.setValues() with the corresponding VehiclePropValue.\nThe Vehicle HAL (VHAL) shall forward the request signal to the HW.
SWE1-VC-SignatureLighting-024	Cornering Lights_lane_features	SYS-RA-VF230_V1-547	Signature Lighting	When the customer chooses to set the Signature Lighting setting to Disable on the LTM or ETM, the HMI layer shall send\nthe updated customer preference to CarPropertyManager via the Android Car API.\nCarPropertyManager shall invoke setProperty() with propId = SignatureLightingEnable_Req and value = [Disable] to CarPropertyService.\nCarPropertyService shall forward the request to the Vehicle HAL (VHAL) via IVehicle.setValues() with the corresponding VehiclePropValue.\nThe Vehicle HAL (VHAL) shall forward the request signal to the HW.
SWE1-VC-SignatureLighting-025	Cornering Lights_lane_features	SYS-RA-VF230_V1-548	Signature Lighting	The HW Supplier / ECU shall send the updated Signature Lighting status via the IPC_VEHICLE_SETUP2.SignatureLightingEnable signal.\nThe Vehicle HAL (VHAL) shall receive the IPC_VEHICLE_SETUP2.SignatureLightingEnable value and propagate it via IVehicleCallback.onPropertyEvent().\nCarPropertyService shall receive the property event and notify CarPropertyManager via ICarPropertyEventListener.onChangeEvent().\nCarPropertyManager shall invoke the CarPropertyEventCallback.onChangeEvent() to notify the HMI layer.\nThe HMI layer shall evaluate the received $SignatureLightingEnable$ value and update the Signature Lighting setting display accordingly.
SWE1-VC-LaneSenseStrength-027	Cornering Lights_lane_features	SYS-RA-VF230_V1-550	Lane Sense Strength	The HMI layer shall send a request to VehicleConfigManager to retrieve the Lane_Assist PROXI configuration.\nVehicleConfigManager shall communicate with VehicleConfigService, and VehicleConfigService shall check the requested Lane_Assist value from SystemProperties / HW configuration.\nThe response shall be returned from SystemProperties to VehicleConfigService, then to VehicleConfigManager, and finally to the HMI layer. The HMI layer shall evaluate the received Lane_Assist  to determine Lane Sense Strength feature availability.\nIf $Lane_Assist$ = [Not Present] or [Lane Departure Warning], the LTM or ETM shall not display the Lane Sense Strength customer setting.
SWE1-VC-LaneSenseStrength-028	Cornering Lights_lane_features	SYS-RA-VF230_V1-551	Lane Sense Strength	The HMI layer shall send a request to VehicleConfigManager to retrieve the Lane_Assist PROXI configuration.\nVehicleConfigManager shall communicate with VehicleConfigService, and VehicleConfigService shall check the requested Lane_Assist value from SystemProperties / HW configuration.\nThe response shall be returned from SystemProperties to VehicleConfigService, then to VehicleConfigManager, and finally to the HMI layer. The HMI layer shall evaluate the received $Lane_Assist$  value.\nIf $Lane_Assist$ = [Lane Departure Warning + Lane Keep Assist or Active Lane Management], the HMI shall display the Lane Sense Strength customer setting to allow the customer to modify the setting.
SWE1-VC-LaneSenseStrength-029	Cornering Lights_lane_features	SYS-RA-VF230_V1-552	Lane Sense Strength	When the customer chooses to set the Lane Sense Strength setting to Low on the LTM or ETM, the HMI layer shall send the updated customer preference to CarPropertyManager via the Android Car API.\nCarPropertyManager shall invoke setProperty() with propId = LDW_Intensity_Req and value = [Low] to CarPropertyService.\nCarPropertyService shall forward the request to the Vehicle HAL (VHAL) via IVehicle.setValues() with the corresponding VehiclePropValue.\nThe Vehicle HAL (VHAL) shall forward the request signal to the HW.
SWE1-VC-LaneSenseStrength-030	Cornering Lights_lane_features	SYS-RA-VF230_V1-553	Lane Sense Strength	When the customer chooses to set the Lane Sense Strength setting to Medium on the LTM or ETM, the HMI layer shall send the updated customer preference to CarPropertyManager via the Android Car API.\nCarPropertyManager shall invoke setProperty() with propId = LDW_Intensity_Req and value = [Med] to CarPropertyService.\nCarPropertyService shall forward the request to the Vehicle HAL (VHAL) via IVehicle.setValues() with the corresponding VehiclePropValue.\nThe Vehicle HAL (VHAL) shall forward the request signal to the HW.
SWE1-VC-LaneSenseStrength-031	Cornering Lights_lane_features	SYS-RA-VF230_V1-554	Lane Sense Strength	When the customer chooses to set the Lane Sense Strength setting to High on the LTM or ETM, the HMI layer shall send the updated customer preference to CarPropertyManager via the Android Car API.\nCarPropertyManager shall invoke setProperty() with propId = LDW_Intensity_Req and value = [High] to CarPropertyService.\nCarPropertyService shall forward the request to the Vehicle HAL (VHAL) via IVehicle.setValues() with the corresponding VehiclePropValue.\nThe Vehicle HAL (VHAL) shall forward the request signal the HW.
SWE1-VC-LaneSenseStrength-032	Cornering Lights_lane_features	SYS-RA-VF230_V1-555	Lane Sense Strength	The HW Supplier / ECU shall send the updated Lane Sense Strength status via the IPC_VEHICLE_SETUP.LDW_Intensity signal.\nThe Vehicle HAL (VHAL) shall receive the IPC_VEHICLE_SETUP.LDW_Intensity value and propagate it via IVehicleCallback.onPropertyEvent().\nCarPropertyService shall receive the property event and notify CarPropertyManager via ICarPropertyEventListener.onChangeEvent().\nCarPropertyManager shall invoke the CarPropertyEventCallback.onChangeEvent() to notify the HMI layer.\nThe HMI layer shall evaluate the received $LDW_Intensity$ value and update the Lane Sense Strength setting display accordingly.
SWE1-VC-ForwardCollisionWarning-034	Cornering Lights_lane_features	SYS-RA-VF230_V1-557	Forward Collision Warning	The HMI layer shall send a request to VehicleConfigManager to retrieve the Forward_Collision_Mitigation PROXI configuration.\nVehicleConfigManager shall communicate with VehicleConfigService, and VehicleConfigService shall check the requested Forward_Collision_Mitigation value from SystemProperties / HW configuration.\nThe response shall be returned from SystemProperties to VehicleConfigService, then to VehicleConfigManager, and finally to the HMI layer. The HMI layer shall evaluate the received Forward_Collision_Mitigation  to determine Forward Collision Warning feature availability.\nIf $Forward_Collision_Mitigation$ != [Full Speed Forward Collision Warning with Mitigation], [Full Speed FCW with Pedestrian Emergency Braking], or [Full Speed FCW with Pedestrian or Cyclist Emergency Braking], the LTM or ETM shall not display the Forward Collision Warning customer setting.
SWE1-VC-ForwardCollisionWarning-035	Cornering Lights_lane_features	SYS-RA-VF230_V1-558	Forward Collision Warning	The HMI layer shall send a request to VehicleConfigManager to retrieve the Forward_Collision_Mitigation PROXI configuration.\nVehicleConfigManager shall communicate with VehicleConfigService, and VehicleConfigService shall check the requested Forward_Collision_Mitigation value from SystemProperties / HW configuration.\nThe response shall be returned from SystemProperties to VehicleConfigService, then to VehicleConfigManager, and finally to the HMI layer.The HMI layer shall evaluate the received $Forward_Collision_Mitigation$  value.\nIf $Forward_Collision_Mitigation$ = [Full Speed Forward Collision Warning with Mitigation or Full Speed FCW with Pedestrian Emergency Braking or Full Speed FCW with Pedestrian or Cyclist Emergency Braking], the HMI shall display the Forward Collision Warning customer setting to allow the customer to modify the setting.
SWE1-VC-ForwardCollisionWarning-036	Cornering Lights_lane_features	SYS-RA-VF230_V1-559	Forward Collision Warning	When the customer chooses to set the Forward Collision Warning setting to Off on the LTM or ETM, the HMI layer shall send the updated customer preference to CarPropertyManager via the Android Car API.\nCarPropertyManager shall invoke setProperty() with propId = FSFCWPlusSetting_Req and value = [Off] to CarPropertyService.\nCarPropertyService shall forward the request to the Vehicle HAL (VHAL) via IVehicle.setValues() with the corresponding VehiclePropValue.\nThe Vehicle HAL (VHAL) shall forward the request signal to the HW.
SWE1-VC-ForwardCollisionWarning-037	Cornering Lights_lane_features	SYS-RA-VF230_V1-560	Forward Collision Warning	When the customer chooses to set the Forward Collision Warning setting to Audio on the LTM or ETM, the HMI layer shall send the updated customer preference to CarPropertyManager via the Android Car API.\nCarPropertyManager shall invoke setProperty() with propId = FSFCWPlusSetting_Req and value = [Audio] to CarPropertyService.\nCarPropertyService shall forward the request to the Vehicle HAL (VHAL) via IVehicle.setValues() with the corresponding VehiclePropValue.\nThe Vehicle HAL (VHAL) shall forward the request signal to HW.
SWE1-VC-ForwardCollisionWarning-038	Cornering Lights_lane_features	SYS-RA-VF230_V1-561	Forward Collision Warning	When the customer chooses to set the Forward Collision Warning setting to Audio & Brake on the LTM or ETM, the HMI layer shall send the updated customer preference to CarPropertyManager via the Android Car API.\nCarPropertyManager shall invoke setProperty() with propId = FSFCWPlusSetting_Req and value = [Audio_Brake] to CarPropertyService.\nCarPropertyService shall forward the request to the Vehicle HAL (VHAL) via IVehicle.setValues() with the corresponding VehiclePropValue.\nThe Vehicle HAL (VHAL) shall forward the request signal to the HW.
SWE1-VC-ForwardCollisionWarning-039	Cornering Lights_lane_features	SYS-RA-VF230_V1-562	Forward Collision Warning	The HW Supplier / ECU shall send the updated Forward Collision Warning status via the IPC_VEHICLE_SETUP.FSFCWPlusSetting signal.\nThe Vehicle HAL (VHAL) shall receive the IPC_VEHICLE_SETUP.FSFCWPlusSetting value and propagate it via IVehicleCallback.onPropertyEvent().\nCarPropertyService shall receive the property event and notify CarPropertyManager via ICarPropertyEventListener.onChangeEvent().\nCarPropertyManager shall invoke the CarPropertyEventCallback.onChangeEvent() to notify the HMI layer.\nThe HMI layer shall evaluate the received $FSFCWPlusSetting$ value and update the Forward Collision Warning setting display accordingly.
SWE1-VC-ForwardCollisionWarningSensitivity-041	Cornering Lights_lane_features	SYS-RA-VF230_V1-564	Forward Collision Warning Sensitivity	The HMI layer shall send a request to VehicleConfigManager to retrieve the Forward_Collision_Mitigation PROXI configuration.\nVehicleConfigManager shall communicate with VehicleConfigService, and VehicleConfigService shall check the requested Forward_Collision_Mitigation value from SystemProperties / HW configuration.\nThe response shall be returned from SystemProperties to VehicleConfigService, then to VehicleConfigManager, and finally to the HMI layer.The HMI layer shall evaluate the received Forward_Collision_Mitigation  to determine Forward Collision Warning Sensitivity feature availability.\nIf $Forward_Collision_Mitigation$ != [Full Speed Forward Collision Warning with Mitigation], [Full Speed FCW with Pedestrian Emergency Braking], or [Full Speed FCW with Pedestrian or Cyclist Emergency Braking], the LTM or ETM shall not display the Forward Collision Warning Sensitivity customer setting.
SWE1-VC-ForwardCollisionWarningSensitivity-042	Cornering Lights_lane_features	SYS-RA-VF230_V1-565	Forward Collision Warning Sensitivity	The HMI layer shall send a request to VehicleConfigManager to retrieve the Forward_Collision_Mitigation PROXI configuration.\nVehicleConfigManager shall communicate with VehicleConfigService, and VehicleConfigService shall check the requested Forward_Collision_Mitigation value from SystemProperties / HW configuration.\nThe response shall be returned from SystemProperties to VehicleConfigService, then to VehicleConfigManager, and finally to the HMI layer .The HMI layer shall evaluate the received $Forward_Collision_Mitigation$  value.\nIf $Forward_Collision_Mitigation$ = [Full Speed Forward Collision Warning with Mitigation or Full Speed FCW with Pedestrian Emergency Braking or Full Speed FCW with Pedestrian or Cyclist Emergency Braking], the HMI shall display the Forward Collision Warning Sensitivity customer setting to allow the customer to modify the setting.
SWE1-VC-ForwardCollisionWarningSensitivity-043	Cornering Lights_lane_features	SYS-RA-VF230_V1-566	Forward Collision Warning Sensitivity	When the customer chooses to set the Forward Collision Warning Sensitivity setting to Near on the LTM or ETM, the HMI layer shall send the updated customer preference to CarPropertyManager via the Android Car API.\nCarPropertyManager shall invoke setProperty() with propId = FSFCWPlusActivationMode_Req and value = [Near] to CarPropertyService.\nCarPropertyService shall forward the request to the Vehicle HAL (VHAL) via IVehicle.setValues() with the corresponding VehiclePropValue.\nThe Vehicle HAL (VHAL) shall forward the request signal to HW
SWE1-VC-ForwardCollisionWarningSensitivity-044	Cornering Lights_lane_features	SYS-RA-VF230_V1-567	Forward Collision Warning Sensitivity	When the customer chooses to set the Forward Collision Warning Sensitivity setting to Medium on the LTM or ETM, the HMI layer shall send the updated customer preference to CarPropertyManager via the Android Car API.\nCarPropertyManager shall invoke setProperty() with propId = FSFCWPlusActivationMode_Req and value = [Med] to CarPropertyService.\nCarPropertyService shall forward the request to the Vehicle HAL (VHAL) via IVehicle.setValues() with the corresponding VehiclePropValue.\nThe Vehicle HAL (VHAL) shall forward the request signal to th HW
SWE1-VC-ForwardCollisionWarningSensitivity-045	Cornering Lights_lane_features	SYS-RA-VF230_V1-568	Forward Collision Warning Sensitivity	When the customer chooses to set the Forward Collision Warning Sensitivity setting to Far on the LTM or ETM, the HMI layer shall send the updated customer preference to CarPropertyManager via the Android Car API.\nCarPropertyManager shall invoke setProperty() with propId = FSFCWPlusActivationMode_Req and value = [Far] to CarPropertyService.\nCarPropertyService shall forward the request to the Vehicle HAL (VHAL) via IVehicle.setValues() with the corresponding VehiclePropValue.\nThe Vehicle HAL (VHAL) shall forward the request signal to the HW.
SWE1-VC-ForwardCollisionWarningSensitivity-046	Cornering Lights_lane_features	SYS-RA-VF230_V1-569	Forward Collision Warning Sensitivity	The HW Supplier / ECU shall send the updated Forward Collision Warning Sensitivity status via the IPC_VEHICLE_SETUP.FSFCWPlusActivationMode signal.\nThe Vehicle HAL (VHAL) shall receive the IPC_VEHICLE_SETUP.FSFCWPlusActivationMode value and propagate it via IVehicleCallback.onPropertyEvent().\nCarPropertyService shall receive the property event and notify CarPropertyManager via ICarPropertyEventListener.onChangeEvent().\nCarPropertyManager shall invoke the CarPropertyEventCallback.onChangeEvent() to notify the HMI layer.\nThe HMI layer shall evaluate the received $FSFCWPlusActivationMode$ value and update the Forward Collision Warning Sensitivity setting display accordingly.
SWE1-VC-PedestrianEmergencyBrakingorWarning&ActiveBraking-048	Cornering Lights_lane_features	SYS-RA-VF230_V1-571	Pedestrian Emergency Braking or Warning & Active Braking	The HMI layer shall send a request to VehicleConfigManager to retrieve the Forward_Collision_Mitigation PROXI configuration.\nVehicleConfigManager shall communicate with VehicleConfigService, and VehicleConfigService shall check the requested Forward_Collision_Mitigation value from SystemProperties / HW configuration.\nThe response shall be returned from SystemProperties to VehicleConfigService, then to VehicleConfigManager, and finally to the HMI layer . The HMI layer shall evaluate the received Forward_Collision_Mitigation  to determine Pedestrian Emergency Braking or Warning & Active Braking feature availability.\nIf $Forward_Collision_Mitigation$ != [Full Speed FCW with Pedestrian Emergency Braking] or [Full Speed FCW with Pedestrian or Cyclist Emergency Braking], the LTM or ETM shall not display the Pedestrian Emergency Braking or Warning & Active Braking customer setting.
SWE1-VC-PedestrianEmergencyBrakingorWarning&ActiveBraking-049	Cornering Lights_lane_features	SYS-RA-VF230_V1-572	Pedestrian Emergency Braking or Warning & Active Braking	The HMI layer shall send a request to VehicleConfigManager to retrieve the Forward_Collision_Mitigation PROXI configuration.\nVehicleConfigManager shall communicate with VehicleConfigService, and VehicleConfigService shall check the requested Forward_Collision_Mitigation value from SystemProperties / HW configuration.\nThe response shall be returned from SystemProperties to VehicleConfigService, then to VehicleConfigManager, and finally to the HMI layer .The HMI layer shall evaluate the received $Forward_Collision_Mitigation$  value.\nIf $Forward_Collision_Mitigation$ = [Full Speed FCW with Pedestrian Emergency Braking or Full Speed FCW with Pedestrian or Cyclist Emergency Braking], the HMI shall display the Forward Collision Warning Sensitivity customer setting to allow the customer to modify the setting.
SWE1-VC-PedestrianEmergencyBrakingorWarning&ActiveBraking-050	Cornering Lights_lane_features	SYS-RA-VF230_V1-573	Pedestrian Emergency Braking or Warning & Active Braking	When the customer chooses to disable the Pedestrian Emergency Braking or Warning & Active Braking setting on the LTM or ETM, the HMI layer shall send the updated customer preference to CarPropertyManager via the Android Car API.\nCarPropertyManager shall invoke setProperty() with propId = Ped_EM_Brk_Warn_Act_Req and value = [Off] to CarPropertyService.\nCarPropertyService shall forward the request to the Vehicle HAL (VHAL) via IVehicle.setValues() with the corresponding VehiclePropValue.\nThe Vehicle HAL (VHAL) shall forward the request signal to the HW.
SWE1-VC-PedestrianEmergencyBrakingorWarning&ActiveBraking-051	Cornering Lights_lane_features	SYS-RA-VF230_V1-574	Pedestrian Emergency Braking or Warning & Active Braking	When the customer chooses to enable the Pedestrian Emergency Braking or Warning & Active Braking setting on the LTM or ETM, the HMI layer shall send the updated customer preference to CarPropertyManager via the Android Car API.\nCarPropertyManager shall invoke setProperty() with propId = Ped_EM_Brk_Warn_Act_Req and value = [On] to CarPropertyService.\nCarPropertyService shall forward the request to the Vehicle HAL (VHAL) via IVehicle.setValues() with the corresponding VehiclePropValue.\nThe Vehicle HAL (VHAL) shall forward the request signal to the HW.
SWE1-VC-PedestrianEmergencyBrakingorWarning&ActiveBraking-052	Cornering Lights_lane_features	SYS-RA-VF230_V1-575	Pedestrian Emergency Braking or Warning & Active Braking	The HW Supplier / ECU shall send the updated Forward Collision Warning Sensitivity status via the IPC_VEHICLE_SETUP.Ped_EM_Brk_Warn_Act signal.\nThe Vehicle HAL (VHAL) shall receive the IPC_VEHICLE_SETUP.Ped_EM_Brk_Warn_Act value and propagate it via IVehicleCallback.onPropertyEvent().\nCarPropertyService shall receive the property event and notify CarPropertyManager via ICarPropertyEventListener.onChangeEvent().\nCarPropertyManager shall invoke the CarPropertyEventCallback.onChangeEvent() to notify the HMI layer.\nThe HMI layer shall evaluate the received $Ped_EM_Brk_Warn_Act$ value and update the Forward Collision Warning Sensitivity setting display accordingly.
SWE1-VC-RainSensingWipers-054	Cornering Lights_lane_features	SYS-RA-VF230_V1-577	Rain Sensing Wipers	The HMI layer shall send a request to VehicleConfigManager to retrieve the Rain_Sensor  PROXI configuration.\nVehicleConfigManager shall communicate with VehicleConfigService, and VehicleConfigService shall check the requested Rain_Sensor value from SystemProperties / HW configuration.\nThe response shall be returned from SystemProperties to VehicleConfigService, then to VehicleConfigManager, and finally to the HMI layer .The HMI layer shall evaluate the received Rain_Sensor  to determine Rain Sensing Wipers feature availability.\nIf $Rain_Sensor$ = [Absent], the LTM or ETM shall not display the Rain Sensing Wipers customer setting.
SWE1-VC-RainSensingWipers-055	Cornering Lights_lane_features	SYS-RA-VF230_V1-578	Rain Sensing Wipers	The HMI layer shall send a request to VehicleConfigManager to retrieve the Rain_Sensor  PROXI configuration.\nVehicleConfigManager shall communicate with VehicleConfigService, and VehicleConfigService shall check the requested Rain_Sensor value from SystemProperties / HW configuration.\nThe response shall be returned from SystemProperties to VehicleConfigService, then to VehicleConfigManager, and finally to the HMI layer .The HMI layer shall evaluate the received $Rain_Sensor$  value.\nIf $Rain_Sensor$ = [Present], the HMI shall display the Rain Sensing Wipers customer setting to allow the customer to modify the setting.
SWE1-VC-RainSensingWipers-056	Cornering Lights_lane_features	SYS-RA-VF230_V1-579	Rain Sensing Wipers	When the customer chooses to enable the Rain Sensing Wipers setting on the LTM or ETM, the HMI layer shall send the updated customer preference to CarPropertyManager via the Android Car API.\nCarPropertyManager shall invoke setProperty() with propId = RainSensorLevel_Req and value = [Enable] to CarPropertyService.\nCarPropertyService shall forward the request to the Vehicle HAL (VHAL) via IVehicle.setValues() with the corresponding VehiclePropValue.\nThe Vehicle HAL (VHAL) shall forward the request signal to the HW
SWE1-VC-RainSensingWipers-057	Cornering Lights_lane_features	SYS-RA-VF230_V1-580	Rain Sensing Wipers	When the customer chooses to disable the Rain Sensing Wipers setting on the LTM or ETM, the HMI layer shall send the updated customer preference to CarPropertyManager via the Android Car API.\nCarPropertyManager shall invoke setProperty() with propId = RainSensorLevel_Req and value = [Not_Enable] to CarPropertyService.\nCarPropertyService shall forward the request to the Vehicle HAL (VHAL) via IVehicle.setValues() with the corresponding VehiclePropValue.\nThe Vehicle HAL (VHAL) shall forward the request signal to the HW.
SWE1-VC-RainSensingWipers-058	Cornering Lights_lane_features	SYS-RA-VF230_V1-581	Rain Sensing Wipers	The HW Supplier / ECU shall send the updated Rain Sensing Wipers status via the IPC_VEHICLE_SETUP.RainSensorLevel signal.\nThe Vehicle HAL (VHAL) shall receive the IPC_VEHICLE_SETUP.RainSensorLevel value and propagate it via IVehicleCallback.onPropertyEvent().\nCarPropertyService shall receive the property event and notify CarPropertyManager via ICarPropertyEventListener.onChangeEvent().\nCarPropertyManager shall invoke the CarPropertyEventCallback.onChangeEvent() to notify the HMI layer.\nThe HMI layer shall evaluate the received $RainSensorLevel$ value and update the Rain Sensing Wipers setting display accordingly.
SWE1-VC-DaytimeRunningLights-002	Daytime_Running_Light And Headlights_Off_Delay features^	SYS-RA-VF230_V1-658	Daytime Running Lights	The HMI layer shall send a request to VehicleConfigManager to retrieve the [ DRL_Menu_Enable ] PROXI configuration status.\nVehicleConfigManager shall communicate with VehicleConfigService to obtain the requested configuration value.\nVehicleConfigService shall read and verify the DRL_Menu_Enable configuration value from SystemProperties and/or HW configuration data.\nThe configuration response shall be returned from SystemProperties to VehicleConfigService, from VehicleConfigService to VehicleConfigManager, and finally to the HMI layer.\n\nHMI receives the value as Absent via signal,\n$DRL_Menu_Enable$ ,Then HMI shall not display the Daytime Running Lights (DRL) customer setting in the Vehicle Settings menu.\nThe HMI shall prevent the customer from enabling or disabling the Daytime Running Lights feature when the configuration is marked as Absent
SWE1-VC-DaytimeRunningLights-003	Daytime_Running_Light And Headlights_Off_Delay features^	SYS-RA-VF230_V1-659	Daytime Running Lights	The HMI layer shall send a request to VehicleConfigManager to retrieve the [ DRL_Menu_Enable ] PROXI configuration status.\nVehicleConfigManager shall communicate with VehicleConfigService to obtain the requested configuration value.\nVehicleConfigService shall read and verify the DRL_Menu_Enable configuration value from SystemProperties and/or HW configuration data.\nThe configuration response shall be returned from SystemProperties to VehicleConfigService, from VehicleConfigService to VehicleConfigManager, and finally to the HMI layer.\n\nHMI receives the value as Present via signal ,\n$DRL_Menu_Enable$ ,Then HMI shall display the Daytime Running Lights (DRL) customer setting in the Vehicle Settings menu.\nThe HMI shall allow the customer to enable or disable the Daytime Running Lights feature according to customer preference.
SWE1-VC-DaytimeRunningLights-004	Daytime_Running_Light And Headlights_Off_Delay features^	SYS-RA-VF230_V1-660	Daytime Running Lights	When the customer chooses to enable the Daytime Running Lights (DRL) setting on the LTM or ETM, the HMI layer shall send the updated customer preference to CarPropertyManager via the Android Car API.\nCarPropertyManager shall invoke setProperty() with propId = DRLEnable_Req and value = [True] to CarPropertyService.\nCarPropertyService shall forward the request to the Vehicle HAL (VHAL) via IVehicle.setValues() with the corresponding VehiclePropValue.\nThe Vehicle HAL (VHAL) shall forward the request signal to the HW.\nThe LTM or ETM shall set:\n\nHMI receives the value as True via signal,\n$TELEMATIC_VEHICLE_SETUP.DRLEnable_Req$\nThen HMI shall display the DRL status as Enabled, to deactivate the DRL functionality.
SWE1-VC-DaytimeRunningLights-005	Daytime_Running_Light And Headlights_Off_Delay features^	SYS-RA-VF230_V1-661	Daytime Running Lights	When the customer chooses to disable the Daytime Running Lights setting to Early on the LTM or ETM, the HMI layer shall send the updated customer preference to CarPropertyManager via the Android Car API.\nCarPropertyManager shall invoke setProperty() with propId = DRLEnable_Req and value = [Early] to CarPropertyService.\nCarPropertyService shall forward the request to the Vehicle HAL (VHAL) via IVehicle.setValues() with the corresponding VehiclePropValue.\nThe Vehicle HAL (VHAL) shall forward the request signal to the HW.\n\nHMI receives the value as False via signal,\n$TELEMATIC_VEHICLE_SETUP.DRLEnable_Req$\nThe HMI shall display the DRL status as Disabled to deactivate the DRL functionality.
SWE1-VC-DaytimeRunningLights-006	Daytime_Running_Light And Headlights_Off_Delay features^	SYS-RA-VF230_V1-662	Daytime Running Lights	When the LTM or ETM receives the IPC_VEHICLE_SETUP.DRLEnable signal from the IPC, the Vehicle HAL (VHAL) shall receive the updated DRL status signal from the HW/IPC interface and forward the corresponding Vehicle Property value to CarPropertyService.\nCarPropertyService shall propagate the updated Vehicle Property value to CarPropertyManager through the Android Automotive framework.\nCarPropertyManager shall notify the application layer of the updated DRL property value.\nThe HMI layer shall process the updated Daytime Running Lights (DRL) status information and update the DRL setting state on the display.\n\nHMI receives the value as False via signal,\n$IPC_VEHICLE_SETUP.DRLEnable$,The HMI shall display the DRL status as Disabled.\n\nHMI receives the value as True via signal,\n$IPC_VEHICLE_SETUP.DRLEnable$,The HMI shall display the DRL status as Enabled.
SWE1-VC-HeadlightsOffDelay-008	Daytime_Running_Light And Headlights_Off_Delay features^	SYS-RA-VF230_V1-664	Headlights Off Delay	The HMI layer shall send a request to VehicleConfigManager to retrieve the [ Headlamp_Delay_Feature ] PROXI configuration.\nVehicleConfigManager shall communicate with VehicleConfigService to obtain the requested configuration value.\nVehicleConfigService shall read and verify the Headlamp_Delay_Feature = Absent configuration value from SystemProperties and/or HW configuration data.\nThe configuration response shall be returned from SystemProperties to VehicleConfigService, from VehicleConfigService to VehicleConfigManager, and finally to the HMI layer.\n\nHMI receives the value as Absent via signal ,\n$Headlamp_Delay_Feature$ , Then HMI shall not display the Headlights Off Delay customer setting because the Headlights Off Delay feature is not supported by the vehicle configuration.
SWE1-VC-HeadlightsOffDelay-009	Daytime_Running_Light And Headlights_Off_Delay features^	SYS-RA-VF230_V1-665	Headlights Off Delay	The HMI layer shall send a request to VehicleConfigManager to retrieve the [ Headlamp_Delay_Feature ] PROXI configuration.\nVehicleConfigManager shall communicate with VehicleConfigService to obtain the requested configuration value.\nVehicleConfigService shall read and verify the Headlamp_Delay_Feature = Present configuration value from SystemProperties and/or HW configuration data.\nThe configuration response shall be returned from SystemProperties to VehicleConfigService, from VehicleConfigService to VehicleConfigManager, and finally to the HMI layer.\n\nHMI receives the value as Present via signal\n$Headlamp_Delay_Feature$ , Then HMI shall display the Headlights Off Delay customer setting and allow the customer to configure the delay timing.
SWE1-VC-HeadlightsOffDelay-010	Daytime_Running_Light And Headlights_Off_Delay features^	SYS-RA-VF230_V1-666	Headlights Off Delay	When the customer chooses to set the  [Headlights Off Delay ] setting to 0 seconds on the LTM or ETM, the HMI layer shall send the updated customer preference to CarPropertyManager via the Android Car API.\nCarPropertyManager shall invoke setProperty() with propId = HeadlightsOffDelay_Req and value = [0 sec] to CarPropertyService.\nCarPropertyService shall forward the request to the Vehicle HAL (VHAL) via IVehicle.setValues() with the corresponding VehiclePropValue.\nThe Vehicle HAL (VHAL) shall forward the request signal to the HW.\n\nHMI receives the value as 0sec via signal,\n$TELEMATIC_VEHICLE_SETUP.HeadlightsOffDelay_Req$, Then  HMI shall display the Headlights Off Delay status as 0 Seconds.\n\nSince the configured value is 0 sec, the headlights shall turn OFF immediately after the vehicle OFF conditions are satisfied.
SWE1-VC-HeadlightsOffDelay-011	Daytime_Running_Light And Headlights_Off_Delay features^	SYS-RA-VF230_V1-667	Headlights Off Delay	When the customer chooses to set the [ Headlights Off Delay ]  setting to 30 seconds on the LTM or ETM, the HMI layer shall send the updated customer preference to CarPropertyManager via the Android Car API.\nCarPropertyManager shall invoke setProperty() with propId = HeadlightsOffDelay_Req and value = [30 sec] to CarPropertyService.\nCarPropertyService shall forward the request to the Vehicle HAL (VHAL) via IVehicle.setValues() with the corresponding VehiclePropValue.\nThe Vehicle HAL (VHAL) shall forward the request signal to the HW.\n\nHMI receives the value as 30sec via signal,\n$TELEMATIC_VEHICLE_SETUP.HeadlightsOffDelay_Req$\nThen HMI shall display the Headlights Off Delay status as 30 Seconds.\nAfter the vehicle OFF conditions are satisfied, the headlights shall remain ON for 30 seconds before turning OFF automatically
SWE1-VC-HeadlightsOffDelay-012	Daytime_Running_Light And Headlights_Off_Delay features^	SYS-RA-VF230_V1-668	Headlights Off Delay	When the customer chooses to set the [ Headlights Off Delay ] setting to 60 seconds on the LTM or ETM, the HMI layer shall send the updated customer preference to CarPropertyManager via the Android Car API.\nCarPropertyManager shall invoke setProperty() with propId = HeadlightsOffDelay_Req and value = [60 sec] to CarPropertyService.\nCarPropertyService shall forward the request to the Vehicle HAL (VHAL) via IVehicle.setValues() with the corresponding VehiclePropValue.\nThe Vehicle HAL (VHAL) shall forward the request signal to the HW.\n\nHMI receives the value as 60sec via signal,\n$TELEMATIC_VEHICLE_SETUP.HeadlightsOffDelay_Req$\nThen HMI shall display the Headlights Off Delay status as 60 Seconds.\nAfter the vehicle OFF conditions are satisfied, the headlights shall remain ON for 60 seconds before turning OFF automatically.
SWE1-VC-HeadlightsOffDelay-013	Daytime_Running_Light And Headlights_Off_Delay features^	SYS-RA-VF230_V1-669	Headlights Off Delay	When the customer chooses to set the [ Headlights Off Delay ]setting to 90 seconds on the LTM or ETM, the HMI layer shall send the updated customer preference to CarPropertyManager via the Android Car API.\nCarPropertyManager shall invoke setProperty() with propId = HeadlightsOffDelay_Req and value = [90 sec] to CarPropertyService.\nCarPropertyService shall forward the request to the Vehicle HAL (VHAL) via IVehicle.setValues() with the corresponding VehiclePropValue.\nThe Vehicle HAL (VHAL) shall forward the request signal to the HW.\n\nHMI receives the value as 0sec via signal,\n$TELEMATIC_VEHICLE_SETUP.HeadlightsOffDelay_Req$\nThen HMI shall display the Headlights Off Delay status as 90 Seconds.\nAfter the vehicle OFF conditions are satisfied, the headlights shall remain ON for 90 seconds before turning OFF automatically.
SWE1-VC-HeadlightsOffDelay-014	Daytime_Running_Light And Headlights_Off_Delay features^	SYS-RA-VF230_V1-670	Headlights Off Delay	The HW supplier shall provide the   IPC_VEHICLE_SETUP. [ HeadlightsOffDelay ] signal to the Android Automotive software layer through the vehicle communication network and Vehicle HAL (VHAL) interface.\nThe Vehicle HAL (VHAL) shall forward the received signal to CarPropertyService through the vehicle property interface.\nCarPropertyService shall propagate the updated property value to CarPropertyManager.\nCarPropertyManager shall notify the LTM or ETM application layer through the Android Car API.\nThe LTM or ETM application layer shall update the Headlights Off Delay setting information displayed on the HMI.\n\nHMI receives the value as 0sec via signal,\n$IPC_VEHICLE_SETUP.HeadlightsOffDelay$ \nThen HMI shall display 0 Seconds.\n\nHMI receives the value as 30sec via signal,\n$IPC_VEHICLE_SETUP.HeadlightsOffDelay$ \nThen HMI shall display 30 Seconds.\n\nHMI receives the value as 60sec via signal,\n$IPC_VEHICLE_SETUP.HeadlightsOffDelay$\nThen HMI shall display 60 Seconds.\n\nHMI receives the value as 90sec via signal,\n$If IPC_VEHICLE_SETUP.HeadlightsOffDelay$ \nThen HMI shall display 90 Seconds. The update of Headlights Off Delay setting information  is displayed .
SWE1-VC-PressureUnit-002	Pressure_Unit , Power_Unit And Torque_Unit features	SYS-RA-VF230_V1-633	Pressure Unit	The HMI layer shall send a request to VehicleConfigManager to retrieve the [Tyre_Pressure_unit_menu] PROXI configuration status.\nVehicleConfigManager shall communicate with VehicleConfigService to obtain the requested configuration value.\nVehicleConfigService shall read and verify theTyre_Pressure_unit_menu configuration value from SystemProperties and/or HW configuration data.The configuration response shall be returned from SystemProperties to VehicleConfigService, from VehicleConfigService to VehicleConfigManager, and finally to the HMI layer.\n\nHMI receives the value as Absent via signal,\n$Tyre_Pressure_unit_menu$ ,Then HMI shall not display the (Pressure Unit),  to customer setting in the Vehicle Settings menu.
SWE1-VC-PressureUnit-003	Pressure_Unit , Power_Unit And Torque_Unit features	SYS-RA-VF230_V1-634	Pressure Unit	The HMI layer shall send a request to VehicleConfigManager to retrieve the [Tyre_Pressure_unit_menu] PROXI configuration status.\nVehicleConfigManager shall communicate with VehicleConfigService to obtain the requested configuration value.\nVehicleConfigService shall read and verify theTyre_Pressure_unit_menu configuration value from SystemProperties and/or HW configuration data.\nThe configuration response shall be returned from SystemProperties to VehicleConfigService, from VehicleConfigService to VehicleConfigManager, and finally to the HMI layer.\n\nHMI receives the value as Present via signal ,\n$Tyre_Pressure_unit_menu$ ,Then HMI shall display the (Pressure Unit) , to customer setting allow the customer the ability to modify the setting.
SWE1-VC-PressureUnit-004	Pressure_Unit , Power_Unit And Torque_Unit features	SYS-RA-VF230_V1-635	Pressure Unit	When the customer chooses to set the Pressure Unit setting to PSI on the LTM or ETM, the HMI layer shall send the updated customer preference to CarPropertyManager via the Android Car API.\nCarPropertyManager shall invoke setProperty() with propId = TyrePress_Unit_Req and value = [PSI].\nCarPropertyService shall forward the request to Vehicle HAL (VHAL) via IVehicle.setValues().\nThe Vehicle HAL (VHAL) shall forward the signal to the HW through the vehicle communication interface.\n\nHMI receives the value as PSI via signal,\n$TELEMATIC_VEHICLE_SETUP.TyrePress_Unit_Req$\nThen HMI shall display the Pressure Unit status as PSI.\nThe signal shall be sent to IPC within the defined system response time.
SWE1-VC-PressureUnit-005	Pressure_Unit , Power_Unit And Torque_Unit features	SYS-RA-VF230_V1-636	Pressure Unit	When the customer chooses to set the Pressure Unit setting to kPa on the LTM or ETM, the HMI layer shall send the updated customer preference to CarPropertyManager via the Android Car API.\nCarPropertyManager shall invoke setProperty() with propId = TyrePress_Unit_Req and value = [kPa].\nCarPropertyService shall forward the request to Vehicle HAL (VHAL) via IVehicle.setValues().\nThe Vehicle HAL (VHAL) shall forward the signal to the HW through the vehicle communication interface.\n\nHMI receives the value as kPa via signal,\n$TELEMATIC_VEHICLE_SETUP.TyrePress_Unit_Req$\nThen HMI shall display the Pressure Unit status as kPa.\nThe signal shall be sent to IPC within the defined system response time.
SWE1-VC-PressureUnit-006	Pressure_Unit , Power_Unit And Torque_Unit features	SYS-RA-VF230_V1-637	Pressure Unit	When the customer chooses to set the Pressure Unit setting to bar on the LTM or ETM, the HMI layer shall send the updated customer preference to CarPropertyManager via the Android Car API.\nCarPropertyManager shall invoke setProperty() with propId = TyrePress_Unit_Req and value = [bar].\nCarPropertyService shall forward the request to Vehicle HAL (VHAL) via IVehicle.setValues().\nThe Vehicle HAL (VHAL) shall forward the signal to the HW through the vehicle communication interface.\n\nHMI receives the value as bar via signal,\n$TELEMATIC_VEHICLE_SETUP.TyrePress_Unit_Req$\nThen HMI shall display the Pressure Unit status as bar.\nThe signal shall be sent to IPC within the defined system response time.
SWE1-VC-PressureUnit-007	Pressure_Unit , Power_Unit And Torque_Unit features	SYS-RA-VF230_V1-638	Pressure Unit	The HW supplier shall provide the IPC_VEHICLE_SETUP.TyrePress_Unit signal to the Android Automotive software layer through the vehicle communication network and Vehicle HAL (VHAL) interface.\nThe Vehicle HAL (VHAL) shall receive the updated Pressure Unit signal from the HW/IPC interface and forward the corresponding Vehicle Property value to CarPropertyService.\nCarPropertyService shall propagate the updated Vehicle Property value to CarPropertyManager through the Android Automotive framework.\nCarPropertyManager shall notify the application layer of the updated Pressure Unit property value.\nThe HMI layer shall process the updated Pressure Unit information and update the Pressure Unit setting state on the display.\n\nWhen the HMI receives the kPa, PSI, or bar value via signal $IPC_VEHICLE_SETUP.TyrePress_Unit$, the HMI shall display the corresponding Pressure Unit status on the display.
SWE1-VC-PowerUnit-009	Pressure_Unit , Power_Unit And Torque_Unit features	SYS-RA-VF230_V1-640	Power Unit	The HMI layer shall send a request to VehicleConfigManager to retrieve the  (SRT)  PROXI configuration status.\nVehicleConfigManager shall communicate with VehicleConfigService to obtain the requested configuration value.\nVehicleConfigService shall read and verify the [SRT] configuration value from SystemProperties and/or HW configuration data.\nThe configuration response shall be returned from SystemProperties to VehicleConfigService, from VehicleConfigService to VehicleConfigManager, and finally to the HMI layer.\n\nHMI receives the value as Absent via signal,\n$SRT$ ,Then HMI shall not display the (Power Unit) , to customer setting in the Vehicle Settings menu .
SWE1-VC-PowerUnit-010	Pressure_Unit , Power_Unit And Torque_Unit features	SYS-RA-VF230_V1-641	Power Unit	The HMI layer shall send a request to VehicleConfigManager to retrieve the (SRT)  PROXI configuration status.\nVehicleConfigManager shall communicate with VehicleConfigService to obtain the requested configuration value.\nVehicleConfigService shall read and verify the [SRT] configuration value from SystemProperties and/or HW configuration data.\nThe configuration response shall be returned from SystemProperties to VehicleConfigService, from VehicleConfigService to VehicleConfigManager, and finally to the HMI layer.\n\nHMI receives the value as Present via signal ,\n$SRT$ ,Then HMI shall display the (Power Unit) , to customer setting allow the customer the ability to modify the setting.
SWE1-VC-PowerUnit-011	Pressure_Unit , Power_Unit And Torque_Unit features	SYS-RA-VF230_V1-642	Power Unit	When the customer chooses to set the Power Unit setting to HP on the LTM or ETM, the HMI layer shall send the updated customer preference to CarPropertyManager via the Android Car API.\nCarPropertyManager shall invoke setProperty() with propId = HP_Unit_Req and value = [HP].\nCarPropertyService shall forward the request to Vehicle HAL (VHAL) via IVehicle.setValues().\nThe Vehicle HAL (VHAL) shall forward the signal to the HW through the vehicle communication interface.\n\nHMI receives the value as HP via signal,\n$TELEMATIC_VEHICLE_SETUP.HP_Unit_Req$\nThen HMI shall display the Power Unit status as HP.\nThe signal shall be sent to IPC within the defined system response time.
SWE1-VC-PowerUnit-012	Pressure_Unit , Power_Unit And Torque_Unit features	SYS-RA-VF230_V1-643	Power Unit	When the customer chooses to set the Power Unit setting to PS on the LTM or ETM, the HMI layer shall send the updated customer preference to CarPropertyManager via the Android Car API.\nCarPropertyManager shall invoke setProperty() with propId = HP_Unit_Req and value = [PS].\nCarPropertyService shall forward the request to Vehicle HAL (VHAL) via IVehicle.setValues().\nThe Vehicle HAL (VHAL) shall forward the signal to the HW through the vehicle communication interface.\n\nHMI receives the value as PS via signal,\n$TELEMATIC_VEHICLE_SETUP.HP_Unit_Req$\nThen HMI shall display the Power Unit status as PS.\nThe signal shall be sent to IPC within the defined system response time.
SWE1-VC-PowerUnit-013	Pressure_Unit , Power_Unit And Torque_Unit features	SYS-RA-VF230_V1-644	Power Unit	When the customer chooses to set the Power Unit setting to kW on the LTM or ETM, the HMI layer shall send the updated customer preference to CarPropertyManager via the Android Car API.\nCarPropertyManager shall invoke setProperty() with propId = HP_Unit_Req and value = [kW].\nCarPropertyService shall forward the request to Vehicle HAL (VHAL) via IVehicle.setValues().\nThe Vehicle HAL (VHAL) shall forward the signal to the HW through the vehicle communication interface.\n\nHMI receives the value as kW (kilowatt) via signal,\n$TELEMATIC_VEHICLE_SETUP.HP_Unit_Req$\nThen HMI shall display the Power Unit status as kW.\nThe signal shall be sent to IPC within the defined system response time.
SWE1-VC-PowerUnit-014	Pressure_Unit , Power_Unit And Torque_Unit features	SYS-RA-VF230_V1-645	Power Unit	The HW supplier shall provide the IPC_VEHICLE_SETUP.HP_Unit signal to the Android Automotive software layer through the vehicle communication network and Vehicle HAL (VHAL) interface.\nThe Vehicle HAL (VHAL) shall receive the updated Power Unit signal from the HW/IPC interface and forward the corresponding Vehicle Property value to CarPropertyService.\nCarPropertyService shall propagate the updated Vehicle Property value to CarPropertyManager through the Android Automotive framework.\nCarPropertyManager shall notify the application layer of the updated Power Unit property value.\nThe HMI layer shall process the updated Power Unit information and update the Power Unit setting state on the display.\n\nWhen the HMI receives the HP, PS, or kW value via signal $IPC_VEHICLE_SETUP.HP_Unit$, the HMI shall display the corresponding Power Unit status on the display
SWE1-VC-TorqueUnit-016	Pressure_Unit , Power_Unit And Torque_Unit features	SYS-RA-VF230_V1-647	Torque Unit	The HMI layer shall send a request to VehicleConfigManager to retrieve the (SRT) PROXI configuration status.\nVehicleConfigManager shall communicate with VehicleConfigService to obtain the requested configuration value.\nVehicleConfigService shall read and verify the [SRT] configuration value from SystemProperties and/or HW configuration data.\nThe configuration response shall be returned from SystemProperties to VehicleConfigService, from VehicleConfigService to VehicleConfigManager, and finally to the HMI layer.\n\nHMI receives the value as Absent via signal,\n$SRT$ ,Then HMI shall not display the (Torque Unit) , to customer setting in the Vehicle Settings menu .
SWE1-VC-TorqueUnit-017	Pressure_Unit , Power_Unit And Torque_Unit features	SYS-RA-VF230_V1-648	Torque Unit	The HMI layer shall send a request to VehicleConfigManager to retrieve the (SRT)  PROXI configuration status.\nVehicleConfigManager shall communicate with VehicleConfigService to obtain the requested configuration value.\nVehicleConfigService shall read and verify the SRT configuration value from SystemProperties and/or HW configuration data.\nThe configuration response shall be returned from SystemProperties to VehicleConfigService, from VehicleConfigService to VehicleConfigManager, and finally to the HMI layer.\n\nHMI receives the value as Present via signal ,\n$SRT$ ,Then HMI shall display the (Torque Unit) , to customer setting allow the customer the ability to modify the setting.
SWE1-VC-TorqueUnit-018	Pressure_Unit , Power_Unit And Torque_Unit features	SYS-RA-VF230_V1-649	Torque Unit	When the customer chooses to set the Torque Unit setting to lb-ft (Pound-foot), the HMI layer shall send the updated customer preference to CarPropertyManager via the Android Car API.\nCarPropertyManager shall invoke setProperty() with propId = Torque_Unit_Req and value = [lb_ft] to CarPropertyService.\nCarPropertyService shall forward the request to the Vehicle HAL (VHAL) via IVehicle.setValues() with the corresponding VehiclePropValue.\nThe Vehicle HAL (VHAL) shall forward the request signal to the HW/IPC.\n\nHMI receives the value as lb_ft via signal,\n$TELEMATIC_VEHICLE_SETUP.Torque_Unit_Req$\nThen HMI shall display the Torque Unit status as lb-ft .
SWE1-VC-TorqueUnit-019	Pressure_Unit , Power_Unit And Torque_Unit features	SYS-RA-VF230_V1-650	Torque Unit	When the customer chooses to set the Torque Unit setting to Nm (Newton-meter), the HMI layer shall send the updated customer preference to CarPropertyManager via the Android Car API.\nCarPropertyManager shall invoke setProperty() with propId = Torque_Unit_Req and value = [Nm] to CarPropertyService.\nCarPropertyService shall forward the request to the Vehicle HAL (VHAL) via IVehicle.setValues() with the corresponding VehiclePropValue.\nThe Vehicle HAL (VHAL) shall forward the request signal to the HW/IPC.\n\nHMI receives the value as Nm via signal,\n$TELEMATIC_VEHICLE_SETUP.Torque_Unit_Req$\nThen HMI shall display the Torque Unit status as Nm .
SWE1-VC-TorqueUnit-020	Pressure_Unit , Power_Unit And Torque_Unit features	SYS-RA-VF230_V1-651	Torque Unit	The HW supplier shall provide the IPC_VEHICLE_SETUP.HP_Unit signal to the Android Automotive software layer through the vehicle communication network and Vehicle HAL (VHAL) interface.\nThe Vehicle HAL (VHAL) shall receive the updated Torque Unit signal from the HW/IPC interface and forward the corresponding Vehicle Property value to CarPropertyService.\nCarPropertyService shall propagate the updated Vehicle Property value to CarPropertyManager through the Android Automotive framework.\nCarPropertyManager shall notify the application layer of the updated Power Unit property value.\nThe HMI layer shall process the updated Torque Unit information and update the Power Unit setting state on the display.\n\nWhen the HMI receives the lb_ft or NM value via signal $IPC_VEHICLE_SETUP.Torque_Unit$, the HMI shall display the corresponding Torque Unit status on the display
SWE1-VC-TimeandDateSettings-002	Time_Date_Autodoor_Camera_features	SYS-RA-VF230_V1-583	Time and Date Settings	The HMI layer shall display the Time & Date customer setting and allow the customer to modify the settings through the LTM or ETM screen. The HMI layer shall update and manage the Time & Date settings based on the customer selection in the display. The display behavior and interaction shall follow the Radio HMI Look & Feel (L&F) guidelines. Any invalid customer selection shall be considered invalid by the HMI.
SWE1-VC-TimeandDateSettings-003	Time_Date_Autodoor_Camera_features	SYS-RA-VF230_V1-584	Time and Date Settings	The HMI layer shall update the internal Time and Date setting signals based on the customer's input and send the selected values to the Date & Time Service using the signals Hour1_Setting.Info, Hour2_Setting.Info, Minute1_Setting.Info, Minute2_Setting.Info, Day1_Setting.Info, Day2_Setting.Info, Month1_Setting.Info, Month2_Setting.Info, Year1_Setting.Info, Year2_Setting.Info, Year3_Setting.Info, and Year4_Setting.Info. The Date & Time Service shall process and update the corresponding signal values according to the customer-selected Time and Date settings. The time values for Hour1_Setting.Info, Hour2_Setting.Info, Minute1_Setting.Info, and Minute2_Setting.Info shall always be processed in 24-hour mode. Any invalid signal values shall be considered invalid by the HMI.
SWE1-VC-TimeandDateSettings-004	Time_Date_Autodoor_Camera_features	SYS-RA-VF230_V1-585	Time and Date Settings	The HMI layer shall send a request to VehicleConfigManager to retrieve the NAV_Presence PROXI configuration. \nVehicleConfigManager shall communicate with VehicleConfigService, and VehicleConfigService shall check the requested NAV_Presence value from SystemProperties / HW configuration.\nThe response shall be returned from SystemProperties to VehicleConfigService, then to VehicleConfigManager, and finally to the HMI layer. \nThe HMI layer shall evaluate the received NAV_Presence PROXI value to determine the availability of the GPS Automatic Time Adjustment feature.\nIf $NAV_Presence$ = [Absend], the LTM or ETM shall not display the GPS Automatic \nTime Adjustment customer setting do not  allow the customer the ability to modify the setting.
SWE1-VC-TimeandDateSettings-005	Time_Date_Autodoor_Camera_features	SYS-RA-VF230_V1-586	Time and Date Settings	The HMI layer shall send a request to VehicleConfigManager to retrieve the NAV_Presence PROXI configuration. \nVehicleConfigManager shall communicate with VehicleConfigService, and VehicleConfigService shall check the requested NAV_Presence value from SystemProperties / HW configuration.\nThe response shall be returned from SystemProperties to VehicleConfigService, then to VehicleConfigManager, and finally to the HMI layer. \nThe HMI layer shall evaluate the received NAV_Presence PROXI value to determine the availability of the GPS Automatic Time Adjustment feature.\nIf $NAV_Presence$ = [Present], the LTM or ETM shall display the GPS Automatic \nTime Adjustment customer setting to allow the customer the ability to modify the setting.
SWE1-VC-TimeandDateSettings-006	Time_Date_Autodoor_Camera_features	SYS-RA-VF230_V1-587	Time and Date Settings	The HMI layer shall update the GPS_Automatic_Time_Adj_Setup.Info signal based on the customer input from the LTM or ETM screen. \nWhen the customer chooses to disable the GPS Automatic Time Adjustment setting, the HMI layer shall set GPS_Automatic_Time_Adj_Setup.\nInfo equal to Off and send the updated  to the GPS/Location service.\nAny invalid signal value shall be considered invalid by the HMI.
SWE1-VC-TimeandDateSettings-007	Time_Date_Autodoor_Camera_features	SYS-RA-VF230_V1-588	Time and Date Settings	The HMI layer shall update the GPS_Automatic_Time_Adj_Setup.Info signal based on the customer input from the LTM or ETM screen.\n When the customer chooses to enable the GPS Automatic Time Adjustment setting, \n the HMI layer shall set GPS_Automatic_Time_Adj_Setup.Info equal to On and send  to the GPS/Location service.. \nAny invalid signal value shall be considered invalid by the HMI.
SWE1-VC-TimeandDateSettings-008	Time_Date_Autodoor_Camera_features	SYS-RA-VF230_V1-589	Time and Date Settings	The HMI layer shall default the GPS_Automatic_Time_Adj_Setup.Info signal to Off during initialization or when no customer selection is available.\n The HMI layer shall send the default Off signal state to HW for the GPS Automatic Time Adjustment setting.\n Any invalid signal value shall be considered invalid by the HMI.
SWE1-VC-HourMode-010	Time_Date_Autodoor_Camera_features	SYS-RA-VF230_V1-591	Hour Mode	The HMI layer shall display the Hour Mode customer setting and allow the customer to modify the setting through the LTM or ETM screen. \nThe HMI layer shall update and manage the Hour Mode setting based on the customer selection in the display. \nAny invalid customer selection shall be considered invalid by the HMI.
SWE1-VC-HourMode-011	Time_Date_Autodoor_Camera_features	SYS-RA-VF230_V1-592	Hour Mode	The HMI layer shall capture the customer selection for the Hour Mode setting and send the request using CarPropertyManager.setProperty() with the TELEMATIC_VEHICLE_SETUP signal value as 0_12_h. CarPropertyService shall receive the request from CarPropertyManager and forward it to VHAL/IVehicle for HW/IPC update. HW supplier shall process the request signal via VHAL interface. The HMI layer shall maintain/update the displayed setting according to the requested value and any invalid value shall be considered invalid by HMI.
SWE1-VC-HourMode-012	Time_Date_Autodoor_Camera_features	SYS-RA-VF230_V1-593	Hour Mode	The HMI layer shall capture the customer selection for the Hour Mode setting and send the request using CarPropertyManager.setProperty() with the TELEMATIC_VEHICLE_SETUP signal value as 0_24_h. CarPropertyService shall receive the request from CarPropertyManager and forward it to VHAL/IVehicle for HW/IPC update. HW supplier shall process the request signal via VHAL interface. The HMI layer shall maintain/update the displayed setting according to the requested value and any invalid value shall be considered invalid by HMI.
SWE1-VC-HourMode-013	Time_Date_Autodoor_Camera_features	SYS-RA-VF230_V1-594	Hour Mode	HW supplier shall notify the IPC_VEHICLE_SETUP signal via VHAL interface. CarPropertyService shall receive the IPC_VEHICLE_SETUP signal from VHAL and forward it to CarPropertyManager. CarPropertyManager shall expose the value to HMI via API interface. The HMI layer shall evaluate the received IPC_VEHICLE_SETUP signal and update/display the Hour Mode information accordingly within <TDisplay>. Any invalid value shall be considered invalid by HMI.
SWE1-VC-AutoDoorLocks-015	Time_Date_Autodoor_Camera_features	SYS-RA-VF230_V1-596	Auto Door Locks	The HMI layer shall send a request to VehicleConfigManager to retrieve the Auto_Close_Menu PROXI configuration.\n VehicleConfigManager shall communicate with VehicleConfigService, and VehicleConfigService shall check the requested Auto_Close_Menu value from SystemProperties / HW configuration.\n The response shall be returned from SystemProperties to VehicleConfigService, then to VehicleConfigManager, and finally to the HMI layer. \n The HMI layer shall evaluate the received Auto_Close_Menu PROXI value to determine the availability of the Auto Door Locks feature. \n If $Auto_Close_Menu$ = [Absent], the LTM or ETM shall not display the Auto Door Locks customer setting.
SWE1-VC-AutoDoorLocks-016	Time_Date_Autodoor_Camera_features	SYS-RA-VF230_V1-597	Auto Door Locks	The HMI layer shall send a request to VehicleConfigManager to retrieve the Auto_Close_Menu PROXI configuration. \n VehicleConfigManager shall communicate with VehicleConfigService, \n and VehicleConfigService shall check the requested Auto_Close_Menu value from SystemProperties / HW configuration. \n The response shall be returned from SystemProperties to VehicleConfigService, then to VehicleConfigManager, and finally to the HMI layer.\n The HMI layer shall evaluate the received Auto_Close_Menu PROXI value to determine the availability of the Auto Door Locks feature.\n If $Auto_Close_Menu$ = [Present], the LTM or ETM shall display the Auto Door Locks customer setting to allow the customer the ability\n to modify the setting.
SWE1-VC-AutoDoorLocks-017	Time_Date_Autodoor_Camera_features	SYS-RA-VF230_V1-598	Auto Door Locks	The HMI layer shall capture the customer selection for the Auto Door Locks setting and send the request using CarPropertyManager.setProperty() with the TELEMATIC_VEHICLE_SETUP signal value as Enable. CarPropertyService shall receive the request from CarPropertyManager and forward it to VHAL/IVehicle for HW/IPC update. HW supplier shall process the request signal via VHAL interface. The HMI layer shall maintain/update the displayed setting according to the requested value and any invalid value shall be considered invalid by HMI.
SWE1-VC-AutoDoorLocks-018	Time_Date_Autodoor_Camera_features	SYS-RA-VF230_V1-599	Auto Door Locks	The HMI layer shall capture the customer selection for the Auto Door Locks setting and send the request using CarPropertyManager.setProperty() with the TELEMATIC_VEHICLE_SETUP signal value as Not_Enable. CarPropertyService shall receive the request from CarPropertyManager and forward it to VHAL/IVehicle for HW/IPC update. HW supplier shall process the request signal via VHAL interface. The HMI layer shall maintain/update the displayed setting according to the requested value and any invalid value shall be considered invalid by HMI.
SWE1-VC-AutoDoorLocks-019	Time_Date_Autodoor_Camera_features	SYS-RA-VF230_V1-600	Auto Door Locks	HW supplier shall notify the IPC_VEHICLE_SETUP signal via VHAL interface. CarPropertyService shall receive the IPC_VEHICLE_SETUP signal from VHAL and forward it to CarPropertyManager. CarPropertyManager shall expose the value to HMI via API interface. The HMI layer shall evaluate the received IPC_VEHICLE_SETUP signal and update/display the Auto Door Locks information accordingly within <TDisplay>. Any invalid value shall be considered invalid by HMI.
SWE1-VC-DistanceUnit-021	Time_Date_Autodoor_Camera_features	SYS-RA-VF230_V1-602	Distance Unit	The SW supplier shall display the Distance Unit customer setting and allow the customer to modify the setting through the LTM or ETM screen. The HMI layer shall update and manage the Distance Unit setting based on the customer selection in the display.\n Any invalid customer selection shall be considered invalid by the HMI.
SWE1-VC-DistanceUnit-022	Time_Date_Autodoor_Camera_features	SYS-RA-VF230_V1-603	Distance Unit	The HMI layer shall capture the customer selection for the Distance Unit setting and send the request using CarPropertyManager.setProperty() with the TELEMATIC_VEHICLE_SETUP signal value as miles. CarPropertyService shall receive the request from CarPropertyManager and forward it to VHAL/IVehicle for HW/IPC update. HW supplier shall process the request signal via VHAL interface. The HMI layer shall maintain/update the displayed setting according to the requested value and any invalid value shall be considered invalid by HMI.
SWE1-VC-DistanceUnit-023	Time_Date_Autodoor_Camera_features	SYS-RA-VF230_V1-604	Distance Unit	The HMI layer shall capture the customer selection for the Distance Unit setting and send the request using CarPropertyManager.setProperty() with the TELEMATIC_VEHICLE_SETUP signal value as km. CarPropertyService shall receive the request from CarPropertyManager and forward it to VHAL/IVehicle for HW/IPC update. HW supplier shall process the request signal via VHAL interface. The HMI layer shall maintain/update the displayed setting according to the requested value and any invalid value shall be considered invalid by HMI.
SWE1-VC-DistanceUnit-024	Time_Date_Autodoor_Camera_features	SYS-RA-VF230_V1-605	Distance Unit	HW supplier shall notify the IPC_VEHICLE_SETUP signal via VHAL interface. CarPropertyService shall receive the IPC_VEHICLE_SETUP signal from VHAL and forward it to CarPropertyManager. CarPropertyManager shall expose the value to HMI via API interface. The HMI layer shall evaluate the received IPC_VEHICLE_SETUP signal and update/display the Distance Unit information accordingly within <TDisplay>. Any invalid value shall be considered invalid by HMI.
SWE1-VC-SpeedUnit-026	Time_Date_Autodoor_Camera_features	SYS-RA-VF230_V1-607	Speed Unit	The SW supplier shall display the Speed Unit customer setting and allow the customer to modify the setting through the LTM or ETM screen. The HMI layer shall update and manage the Speed Unit setting based on the customer selection in the display. \n Any invalid customer selection shall be considered invalid by the HMI.
SWE1-VC-SpeedUnit-027	Time_Date_Autodoor_Camera_features	SYS-RA-VF230_V1-608	Speed Unit	The HMI layer shall capture the customer selection for the Speed Unit setting and send the request using CarPropertyManager.setProperty() with the TELEMATIC_VEHICLE_SETUP signal value as mph. CarPropertyService shall receive the request from CarPropertyManager and forward it to VHAL/IVehicle for HW/IPC update. HW supplier shall process the request signal via VHAL interface. The HMI layer shall maintain/update the displayed setting according to the requested value and any invalid value shall be considered invalid by HMI.
SWE1-VC-SpeedUnit-028	Time_Date_Autodoor_Camera_features	SYS-RA-VF230_V1-609	Speed Unit	The HMI layer shall capture the customer selection for the Speed Unit setting and send the request using CarPropertyManager.setProperty() with the TELEMATIC_VEHICLE_SETUP signal value as kph. CarPropertyService shall receive the request from CarPropertyManager and forward it to VHAL/IVehicle for HW/IPC update. HW supplier shall process the request signal via VHAL interface. The HMI layer shall maintain/update the displayed setting according to the requested value and any invalid value shall be considered invalid by HMI.
SWE1-VC-SpeedUnit-029	Time_Date_Autodoor_Camera_features	SYS-RA-VF230_V1-610	Speed Unit	HW supplier shall notify the IPC_VEHICLE_SETUP signal via VHAL interface. CarPropertyService shall receive the IPC_VEHICLE_SETUP signal from VHAL and forward it to CarPropertyManager. CarPropertyManager shall expose the value to HMI via API interface. The HMI layer shall evaluate the received IPC_VEHICLE_SETUP signal and update/display the Speed Unit information accordingly within <TDisplay>. Any invalid value shall be considered invalid by HMI.
SWE1-VC-ConsumptionUnit-031	Time_Date_Autodoor_Camera_features	SYS-RA-VF230_V1-612	Consumption Unit	The HMI layer shall display the Consumption Unit customer setting and allow the customer to modify the setting through the LTM or ETM screen. The HMI layer shall update and manage the Consumption Unit setting based on the customer selection in the display. Any invalid customer selection shall be considered invalid by the HMI.
SWE1-VC-ConsumptionUnit-032	Time_Date_Autodoor_Camera_features	SYS-RA-VF230_V1-613	Consumption Unit	The HMI layer shall send a request to VehicleConfigManager to retrieve the Hybrid_Type PROXI configuration.\nVehicleConfigManager shall communicate with VehicleConfigService, and VehicleConfigService shall check the requested Hybrid_Type value from SystemProperties / HW configuration. The response shall be returned from SystemProperties to VehicleConfigService, then to VehicleConfigManager, and finally to the HMI layer. The HMI layer shall evaluate the received Hybrid_Type PROXI value to determine the availability of the Consumption Unit feature. If $Hybrid_Type$ is not equal to [Fuel Cell Electric Vehicle] and [Range Electric Paradigm Breaker (REPB)], \nthe LTM or ETM shall display the Consumption Unit customer setting.
SWE1-VC-ConsumptionUnit-033	Time_Date_Autodoor_Camera_features	SYS-RA-VF230_V1-614	Consumption Unit	The HMI layer shall capture the customer selection for the Consumption Unit setting and send the request using CarPropertyManager.setProperty() with the TELEMATIC_VEHICLE_SETUP signal value as Miles_Per_Gallon_US. CarPropertyService shall receive the request from CarPropertyManager and forward it to VHAL/IVehicle for HW/IPC update. HW supplier shall process the request signal via VHAL interface. The HMI layer shall maintain/update the displayed setting according to the requested value and any invalid value shall be considered invalid by HMI.
SWE1-VC-ConsumptionUnit-034	Time_Date_Autodoor_Camera_features	SYS-RA-VF230_V1-615	Consumption Unit	The HMI layer shall capture the customer selection for the Consumption Unit setting and send the request using CarPropertyManager.setProperty() with the TELEMATIC_VEHICLE_SETUP signal value as Miles_Per_Gallon_UK. CarPropertyService shall receive the request from CarPropertyManager and forward it to VHAL/IVehicle for HW/IPC update. HW supplier shall process the request signal via VHAL interface. The HMI layer shall maintain/update the displayed setting according to the requested value and any invalid value shall be considered invalid by HMI.
SWE1-VC-ConsumptionUnit-035	Time_Date_Autodoor_Camera_features	SYS-RA-VF230_V1-616	Consumption Unit	The HMI layer shall capture the customer selection for the Consumption Unit setting and send the request using CarPropertyManager.setProperty() with the TELEMATIC_VEHICLE_SETUP signal value as Litres_Per_100Km. CarPropertyService shall receive the request from CarPropertyManager and forward it to VHAL/IVehicle for HW/IPC update. HW supplier shall process the request signal via VHAL interface. The HMI layer shall maintain/update the displayed setting according to the requested value and any invalid value shall be considered invalid by HMI.
SWE1-VC-ConsumptionUnit-036	Time_Date_Autodoor_Camera_features	SYS-RA-VF230_V1-617	Consumption Unit	The HMI layer shall capture the customer selection for the Consumption Unit setting and send the request using CarPropertyManager.setProperty() with the TELEMATIC_VEHICLE_SETUP signal value as Km_Per_Litre. CarPropertyService shall receive the request from CarPropertyManager and forward it to VHAL/IVehicle for HW/IPC update. HW supplier shall process the request signal via VHAL interface. The HMI layer shall maintain/update the displayed setting according to the requested value and any invalid value shall be considered invalid by HMI.
SWE1-VC-ConsumptionUnit-037	Time_Date_Autodoor_Camera_features	SYS-RA-VF230_V1-618	Consumption Unit	HW supplier shall notify the IPC_VEHICLE_SETUP signal via VHAL interface. CarPropertyService shall receive the IPC_VEHICLE_SETUP signal from VHAL and forward it to CarPropertyManager. CarPropertyManager shall expose the value to HMI via API interface. The HMI layer shall evaluate the received IPC_VEHICLE_SETUP signal and update/display the Consumption Unit information accordingly within <TDisplay>. Any invalid value shall be considered invalid by HMI.
SWE1-VC-UnitEnergy-039	Time_Date_Autodoor_Camera_features	SYS-RA-VF230_V1-620	Unit Energy	The HMI layer shall send a request to VehicleConfigManager to retrieve the Hybrid_Type PROXI configuration. VehicleConfigManager shall communicate with VehicleConfigService, and VehicleConfigService shall check the requested Hybrid_Type value from SystemProperties / HW configuration. The response shall be returned from SystemProperties to VehicleConfigService, then to VehicleConfigManager, and finally to the HMI layer. The HMI layer shall evaluate the received Hybrid_Type PROXI value to determine the availability of the Consumption Unit feature. If $Hybrid_Type$ = [Fuel Cell Electric Vehicle] or [Range Electric Paradigm Breaker (REPB)], the LTM or ETM shall display the Consumption Unit customer setting as defined in requirements VF230_V1_PHDCC27_VF_8238, VF230_V1_PHDCC27_VF_8239, VF230_V1_PHDCC27_VF_8240
SWE1-VC-UnitEnergy-040	Time_Date_Autodoor_Camera_features	SYS-RA-VF230_V1-621	Unit Energy	The HMI layer shall capture the customer selection for the Consumption Unit setting and send the request using CarPropertyManager.setProperty() with the TELEMATIC_VEHICLE_SETUP signal value as km/kWh. CarPropertyService shall receive the request from CarPropertyManager and forward it to VHAL/IVehicle for HW/IPC update. HW supplier shall process the request signal via VHAL interface. The HMI layer shall maintain/update the displayed setting according to the requested value and any invalid value shall be considered invalid by HMI.
SWE1-VC-UnitEnergy-041	Time_Date_Autodoor_Camera_features	SYS-RA-VF230_V1-622	Unit Energy	The HMI layer shall capture the customer selection for the Consumption Unit setting and send the request using CarPropertyManager.setProperty() with the TELEMATIC_VEHICLE_SETUP signal value as kWh/100km. CarPropertyService shall receive the request from CarPropertyManager and forward it to VHAL/IVehicle for HW/IPC update. HW supplier shall process the request signal via VHAL interface. The HMI layer shall maintain/update the displayed setting according to the requested value and any invalid value shall be considered invalid by HMI.
SWE1-VC-UnitEnergy-042	Time_Date_Autodoor_Camera_features	SYS-RA-VF230_V1-623	Unit Energy	The HMI layer shall capture the customer selection for the Consumption Unit setting and send the request using CarPropertyManager.setProperty() with the TELEMATIC_VEHICLE_SETUP signal value as mi/kWh. CarPropertyService shall receive the request from CarPropertyManager and forward it to VHAL/IVehicle for HW/IPC update. HW supplier shall process the request signal via VHAL interface. The HMI layer shall maintain/update the displayed setting according to the requested value and any invalid value shall be considered invalid by HMI.
SWE1-VC-UnitEnergy-043	Time_Date_Autodoor_Camera_features	SYS-RA-VF230_V1-624	Unit Energy	The HMI layer shall capture the customer selection for the Consumption Unit setting and send the request using CarPropertyManager.setProperty() with the TELEMATIC_VEHICLE_SETUP signal value as kWh/mi. CarPropertyService shall receive the request from CarPropertyManager and forward it to VHAL/IVehicle for HW/IPC update. HW supplier shall process the request signal via VHAL interface. The HMI layer shall maintain/update the displayed setting according to the requested value and any invalid value shall be considered invalid by HMI.
SWE1-VC-UnitEnergy-044	Time_Date_Autodoor_Camera_features	SYS-RA-VF230_V1-625	Unit Energy	HW supplier shall notify the IPC_VEHICLE_SETUP signal via VHAL interface. CarPropertyService shall receive the IPC_VEHICLE_SETUP signal from VHAL and forward it to CarPropertyManager. CarPropertyManager shall expose the value to HMI via API interface. The HMI layer shall evaluate the received IPC_VEHICLE_SETUP signal and update/display the Consumption Unit information accordingly within <TDisplay>. Any invalid value shall be considered invalid by HMI.
SWE1-VC-TemperatureUnit-046	Time_Date_Autodoor_Camera_features	SYS-RA-VF230_V1-627	Temperature Unit	The HMI layer shall send a request to VehicleConfigManager to retrieve the External_Temperature_Sensor PROXI configuration. \n VehicleConfigManager shall communicate with VehicleConfigService, and VehicleConfigService shall check the \n requested External_Temperature_Sensor value from SystemProperties / HW configuration.\n The response shall be returned from SystemProperties to VehicleConfigService, then to VehicleConfigManager, \n and finally to the HMI layer. The HMI layer shall evaluate the received External_Temperature_Sensor PROXI value to determine the \n availability of the Temperature Unit feature. If $External_Temperature_Sensor$ = [Absent], \n the LTM or ETM shall not display the Temperature Unit customer setting.
SWE1-VC-TemperatureUnit-047	Time_Date_Autodoor_Camera_features	SYS-RA-VF230_V1-628	Temperature Unit	The HMI layer shall send a request to VehicleConfigManager to retrieve the External_Temperature_Sensor PROXI configuration. \n VehicleConfigManager shall communicate with VehicleConfigService, and VehicleConfigService shall check the \n requested External_Temperature_Sensor value from SystemProperties / HW configuration.\n The response shall be returned from SystemProperties to VehicleConfigService, then to VehicleConfigManager, \n and finally to the HMI layer. The HMI layer shall evaluate the received External_Temperature_Sensor PROXI value to determine the \n availability of the Temperature Unit feature. If $External_Temperature_Sensor$ = [Present], \n the LTM or ETM shall  display the Temperature Unit customer setting.
SWE1-VC-TemperatureUnit-048	Time_Date_Autodoor_Camera_features	SYS-RA-VF230_V1-629	Temperature Unit	The HMI layer shall capture the customer selection for the Temperature Unit setting and send the request using CarPropertyManager.setProperty() with the TELEMATIC_VEHICLE_SETUP signal value as ˚F. CarPropertyService shall receive the request from CarPropertyManager and forward it to VHAL/IVehicle for HW/IPC update. HW supplier shall process the request signal via VHAL interface. The HMI layer shall maintain/update the displayed setting according to the requested value and any invalid value shall be considered invalid by HMI.
SWE1-VC-TemperatureUnit-049	Time_Date_Autodoor_Camera_features	SYS-RA-VF230_V1-630	Temperature Unit	The HMI layer shall capture the customer selection for the Temperature Unit setting and send the request using CarPropertyManager.setProperty() with the TELEMATIC_VEHICLE_SETUP signal value as ˚C. CarPropertyService shall receive the request from CarPropertyManager and forward it to VHAL/IVehicle for HW/IPC update. HW supplier shall process the request signal via VHAL interface. The HMI layer shall maintain/update the displayed setting according to the requested value and any invalid value shall be considered invalid by HMI.
SWE1-VC-TemperatureUnit-050	Time_Date_Autodoor_Camera_features	SYS-RA-VF230_V1-631	Temperature Unit	HW supplier shall notify the IPC_VEHICLE_SETUP signal via VHAL interface. CarPropertyService shall receive the IPC_VEHICLE_SETUP signal from VHAL and forward it to CarPropertyManager. CarPropertyManager shall expose the value to HMI via API interface. The HMI layer shall evaluate the received IPC_VEHICLE_SETUP signal and update/display the Temperature Unit information accordingly within <TDisplay>. Any invalid value shall be considered invalid by HMI.
SWE1-VC-SurroundViewCameraDelay-053	Time_Date_Autodoor_Camera_features	SYS-RA-VF230_V1-845	Surround View Camera Delay	The HMI layer shall send a request to VehicleConfigManager to retrieve the SVC_SK_PRSNT (Surround_View_Camera) PROXI configuration. VehicleConfigManager shall communicate with VehicleConfigService, and VehicleConfigService shall check the requested Surround_View_Camera value from SystemProperties / HW configuration. The response shall be returned from SystemProperties to VehicleConfigService, then to VehicleConfigManager, and finally to the HMI layer. The HMI layer shall evaluate the received Surround_View_Camera PROXI value to determine the availability of the Surround View Camera Delay feature. If $Surround_View_Camera$ = [Absent], the LTM or ETM shall not display the Surround View Camera Delay customer setting.
SWE1-VC-SurroundViewCameraDelay-054	Time_Date_Autodoor_Camera_features	SYS-RA-VF230_V1-846	Surround View Camera Delay	The HMI layer shall send a request to VehicleConfigManager to retrieve the SVC_SK_PRSNT (Surround_View_Camera) PROXI configuration. VehicleConfigManager shall communicate with VehicleConfigService, and VehicleConfigService shall check the requested Surround_View_Camera value from SystemProperties / HW configuration. The response shall be returned from SystemProperties to VehicleConfigService, then to VehicleConfigManager, and finally to the HMI layer. The HMI layer shall evaluate the received Surround_View_Camera PROXI value to determine the availability of the Surround View Camera Delay feature. If $Surround_View_Camera$ = [Present], the LTM or ETM shall display the Surround View Camera Delay customer setting.
SWE1-VC-SurroundViewCameraDelay-055	Time_Date_Autodoor_Camera_features	SYS-RA-VF230_V1-847	Surround View Camera Delay	The HMI layer shall capture the customer selection for the Surround View Camera Delay setting and send the request using CarPropertyManager.setProperty() with the TELEMATIC_VEHICLE_SETUP signal value as Off. CarPropertyService shall receive the request from CarPropertyManager and forward it to VHAL/IVehicle for HW/IPC update. HW supplier shall process the request signal via VHAL interface. The HMI layer shall maintain/update the displayed setting according to the requested value and any invalid value shall be considered invalid by HMI.
SWE1-VC-SurroundViewCameraDelay-056	Time_Date_Autodoor_Camera_features	SYS-RA-VF230_V1-848	Surround View Camera Delay	The HMI layer shall capture the customer selection for the Surround View Camera Delay setting and send the request using CarPropertyManager.setProperty() with the TELEMATIC_VEHICLE_SETUP signal value as On. CarPropertyService shall receive the request from CarPropertyManager and forward it to VHAL/IVehicle for HW/IPC update. HW supplier shall process the request signal via VHAL interface. The HMI layer shall maintain/update the displayed setting according to the requested value and any invalid value shall be considered invalid by HMI.
SWE1-VC-SurroundViewCameraDelay-057	Time_Date_Autodoor_Camera_features	SYS-RA-VF230_V1-849	Surround View Camera Delay	HW supplier shall notify the IPC_VEHICLE_SETUP signal via VHAL interface. CarPropertyService shall receive the IPC_VEHICLE_SETUP signal from VHAL and forward it to CarPropertyManager. CarPropertyManager shall expose the value to HMI via API interface. The HMI layer shall evaluate the received IPC_VEHICLE_SETUP signal and update/display the Surround View Camera Delay information accordingly within <TDisplay>. Any invalid value shall be considered invalid by HMI.
SWE1-VC-SurroundViewCameraGuidelines-059	Time_Date_Autodoor_Camera_features	SYS-RA-VF230_V1-851	Surround View Camera Guidelines	The HMI layer shall send a request to VehicleConfigManager to retrieve the SVC_SK_PRSNT (Surround_View_Camera) PROXI configuration. VehicleConfigManager shall communicate with VehicleConfigService, and VehicleConfigService shall check the requested Surround_View_Camera value from SystemProperties / HW configuration. The response shall be returned from SystemProperties to VehicleConfigService, then to VehicleConfigManager, and finally to the HMI layer. The HMI layer shall evaluate the received Surround_View_Camera PROXI value to determine the availability of the Surround View Camera Guidelines feature. If $Surround_View_Camera$ = [Absent], the LTM or ETM shall not display the Surround View Camera Guidelines customer setting.
SWE1-VC-SurroundViewCameraGuidelines-060	Time_Date_Autodoor_Camera_features	SYS-RA-VF230_V1-852	Surround View Camera Guidelines	The HMI layer shall send a request to VehicleConfigManager to retrieve the SVC_SK_PRSNT (Surround_View_Camera) PROXI configuration. VehicleConfigManager shall communicate with VehicleConfigService, and VehicleConfigService shall check the requested Surround_View_Camera value from SystemProperties / HW configuration. The response shall be returned from SystemProperties to VehicleConfigService, then to VehicleConfigManager, and finally to the HMI layer. The HMI layer shall evaluate the received Surround_View_Camera PROXI value to determine the availability of the Surround View Camera Guidelines feature. If $Surround_View_Camera$ = [Present], the LTM or ETM shall display the Surround View Camera Guidelines customer setting.
SWE1-VC-SurroundViewCameraGuidelines-061	Time_Date_Autodoor_Camera_features	SYS-RA-VF230_V1-853	Surround View Camera Guidelines	The HMI layer shall capture the customer selection for the Surround View Camera Guidelines setting and send the request using CarPropertyManager.setProperty() with the TELEMATIC_VEHICLE_SETUP signal value as Off. CarPropertyService shall receive the request from CarPropertyManager and forward it to VHAL/IVehicle for HW/IPC update. HW supplier shall process the request signal via VHAL interface. The HMI layer shall maintain/update the displayed setting according to the requested value and any invalid value shall be considered invalid by HMI.
SWE1-VC-SurroundViewCameraGuidelines-062	Time_Date_Autodoor_Camera_features	SYS-RA-VF230_V1-854	Surround View Camera Guidelines	The HMI layer shall capture the customer selection for the Surround View Camera Guidelines setting and send the request using CarPropertyManager.setProperty() with the TELEMATIC_VEHICLE_SETUP signal value as On. CarPropertyService shall receive the request from CarPropertyManager and forward it to VHAL/IVehicle for HW/IPC update. HW supplier shall process the request signal via VHAL interface. The HMI layer shall maintain/update the displayed setting according to the requested value and any invalid value shall be considered invalid by HMI.
SWE1-VC-SurroundViewCameraGuidelines-063	Time_Date_Autodoor_Camera_features	SYS-RA-VF230_V1-855	Surround View Camera Guidelines	HW supplier shall notify the IPC_VEHICLE_SETUP signal via VHAL interface. CarPropertyService shall receive the IPC_VEHICLE_SETUP signal from VHAL and forward it to CarPropertyManager. CarPropertyManager shall expose the value to HMI via API interface. The HMI layer shall evaluate the received IPC_VEHICLE_SETUP signal and update/display the Surround View Camera Guidelines information accordingly within <TDisplay>. Any invalid value shall be considered invalid by HMI.
SWE1-VC-TurnSignalActivatedBlindSpotCameraView-065	Time_Date_Autodoor_Camera_features	SYS-RA-VF230_V1-1094	Turn Signal Activated Blind Spot Camera View	Turn_Signal_Camera_View PROXI configuration. VehicleConfigManager shall communicate with VehicleConfigService, and VehicleConfigService shall check the requested Turn_Signal_Camera_View value from SystemProperties / HW configuration. The response shall be returned from SystemProperties to VehicleConfigService, then to VehicleConfigManager, and finally to the HMI layer. The HMI layer shall evaluate the received Turn_Signal_Camera_View PROXI value and the status of CAN Node 95 (ITBM/ITCM) to determine the availability of the Turn Signal Activated Blind Spot Camera View feature. If $Turn_Signal_Camera_View$ = [Absent] or CAN Node 95 (ITBM/ITCM) = [Present], the LTM or ETM shall  display the Turn Signal Activated Blind Spot Camera View customer setting, and the user shall be allowed to modify the feature configuration.
SWE1-VC-TurnSignalActivatedBlindSpotCameraView-066	Time_Date_Autodoor_Camera_features	SYS-RA-VF230_V1-1095	Turn Signal Activated Blind Spot Camera View	Turn_Signal_Camera_View PROXI configuration. VehicleConfigManager shall communicate with VehicleConfigService, and VehicleConfigService shall check the requested Turn_Signal_Camera_View value from SystemProperties / HW configuration. The response shall be returned from SystemProperties to VehicleConfigService, then to VehicleConfigManager, and finally to the HMI layer. The HMI layer shall evaluate the received Turn_Signal_Camera_View PROXI value and the status of CAN Node 95 (ITBM/ITCM) to determine the availability of the Turn Signal Activated Blind Spot Camera View feature. If $Turn_Signal_Camera_View$ = [Present] or CAN Node 95 (ITBM/ITCM) = [Present], the LTM or ETM shall not display the Turn Signal Activated Blind Spot Camera View customer setting, and the user shall not be allowed to modify the feature configuration.
SWE1-VC-TurnSignalActivatedBlindSpotCameraView-067	Time_Date_Autodoor_Camera_features	SYS-RA-VF230_V1-1096	Turn Signal Activated Blind Spot Camera View	The HMI layer shall capture the customer selection for the Turn Signal Activated Blind Spot Camera View setting and send the request using CarPropertyManager.setProperty() with the TELEMATIC_FD_1 signal value as Disable. CarPropertyService shall receive the request from CarPropertyManager and forward it to VHAL/IVehicle for HW/IPC update. HW supplier shall process the request signal via VHAL interface. The HMI layer shall maintain/update the displayed setting according to the requested value and any invalid value shall be considered invalid by HMI.
SWE1-VC-TurnSignalActivatedBlindSpotCameraView-068	Time_Date_Autodoor_Camera_features	SYS-RA-VF230_V1-1097	Turn Signal Activated Blind Spot Camera View	The HMI layer shall capture the customer selection for the Turn Signal Activated Blind Spot Camera View setting and send the request using CarPropertyManager.setProperty() with the TELEMATIC_FD_1 signal value as Enable. CarPropertyService shall receive the request from CarPropertyManager and forward it to VHAL/IVehicle for HW/IPC update. HW supplier shall process the request signal via VHAL interface. The HMI layer shall maintain/update the displayed setting according to the requested value and any invalid value shall be considered invalid by HMI.
SWE1-VC-TurnSignalActivatedBlindSpotCameraView-069	Time_Date_Autodoor_Camera_features	SYS-RA-VF230_V1-1098	Turn Signal Activated Blind Spot Camera View	HW supplier shall notify the IPC_VEHICLE_SETUP2 signal via VHAL interface. CarPropertyService shall receive the IPC_VEHICLE_SETUP2 signal from VHAL and forward it to CarPropertyManager. CarPropertyManager shall expose the value to HMI via API interface. The HMI layer shall evaluate the received IPC_VEHICLE_SETUP2 signal and update/display the Turn Signal Activated Blind Spot Camera View information accordingly within <TDisplay>. Any invalid value shall be considered invalid by HMI.
SWE1-VC-TurnSignalActivatedBlindSpotCameraViewwithTrailerOption-071	Time_Date_Autodoor_Camera_features	SYS-RA-VF230_V1-1100	Turn Signal Activated Blind Spot Camera View with Trailer Option	The HMI layer shall send a request to VehicleConfigManager to retrieve the Turn_Signal_Camera_View PROXI configuration. VehicleConfigManager shall communicate with VehicleConfigService, and VehicleConfigService shall check the requested Turn_Signal_Camera_View value from SystemProperties / HW configuration. The response shall be returned from SystemProperties to VehicleConfigService, then to VehicleConfigManager, and finally to the HMI layer. The HMI layer shall evaluate the received Turn_Signal_Camera_View PROXI value and the status of CAN Node 95 (ITBM/ITCM) to determine the availability of the Turn Signal Activated Blind Spot Camera View with Trailer Option feature. If $Turn_Signal_Camera_View$ = [Absent] or CAN Node 95 (ITBM/ITCM) = [Absent], the LTM or ETM shall not display the Turn Signal Activated Blind Spot Camera View with Trailer Option customer setting, and the user shall not be allowed to modify the feature configuration.
SWE1-VC-TurnSignalActivatedBlindSpotCameraViewwithTrailerOption-072	Time_Date_Autodoor_Camera_features	SYS-RA-VF230_V1-1101	Turn Signal Activated Blind Spot Camera View with Trailer Option	The HMI layer shall send a request to VehicleConfigManager to retrieve the Turn_Signal_Camera_View PROXI configuration. VehicleConfigManager shall communicate with VehicleConfigService, and VehicleConfigService shall check the requested Turn_Signal_Camera_View value from SystemProperties / HW configuration. The response shall be returned from SystemProperties to VehicleConfigService, then to VehicleConfigManager, and finally to the HMI layer. The HMI layer shall evaluate the received Turn_Signal_Camera_View PROXI value and the status of CAN Node 95 (ITBM/ITCM) to determine the availability of the Turn Signal Activated Blind Spot Camera View with Trailer Option feature. If $Turn_Signal_Camera_View$ = [Present] or CAN Node 95 (ITBM/ITCM) = [Present], the LTM or ETM shall  display the Turn Signal Activated Blind Spot Camera View with Trailer Option customer setting, and the user shall  be allowed to modify the feature configuration.
SWE1-VC-TurnSignalActivatedBlindSpotCameraViewwithTrailerOption-073	Time_Date_Autodoor_Camera_features	SYS-RA-VF230_V1-1102	Turn Signal Activated Blind Spot Camera View with Trailer Option	The HMI layer shall capture the customer selection for the Turn Signal Activated Blind Spot Camera View with Trailer Option setting and send the request using CarPropertyManager.setProperty() with the TELEMATIC_FD_1 signal value as Disable. CarPropertyService shall receive the request from CarPropertyManager and forward it to VHAL/IVehicle for HW/IPC update. HW supplier shall process the request signal via VHAL interface. The HMI layer shall maintain/update the displayed setting according to the requested value and any invalid value shall be considered invalid by HMI.
SWE1-VC-TurnSignalActivatedBlindSpotCameraViewwithTrailerOption-074	Time_Date_Autodoor_Camera_features	SYS-RA-VF230_V1-1103	Turn Signal Activated Blind Spot Camera View with Trailer Option	The HMI layer shall capture the customer selection for the Turn Signal Activated Blind Spot Camera View with Trailer Option setting and send the request using CarPropertyManager.setProperty() with the TELEMATIC_FD_1 signal value as Enable. CarPropertyService shall receive the request from CarPropertyManager and forward it to VHAL/IVehicle for HW/IPC update. HW supplier shall process the request signal via VHAL interface. The HMI layer shall maintain/update the displayed setting according to the requested value and any invalid value shall be considered invalid by HMI.
SWE1-VC-TurnSignalActivatedBlindSpotCameraViewwithTrailerOption-075	Time_Date_Autodoor_Camera_features	SYS-RA-VF230_V1-1104	Turn Signal Activated Blind Spot Camera View with Trailer Option	The HMI layer shall capture the customer selection for the Turn Signal Activated Blind Spot Camera View with Trailer Option setting and send the request using CarPropertyManager.setProperty() with the TELEMATIC_FD_1 signal value as Only_with_Trailer. CarPropertyService shall receive the request from CarPropertyManager and forward it to VHAL/IVehicle for HW/IPC update. HW supplier shall process the request signal via VHAL interface. The HMI layer shall maintain/update the displayed setting according to the requested value and any invalid value shall be considered invalid by HMI.
SWE1-VC-TurnSignalActivatedBlindSpotCameraViewwithTrailerOption-076	Time_Date_Autodoor_Camera_features	SYS-RA-VF230_V1-1105	Turn Signal Activated Blind Spot Camera View with Trailer Option	HW supplier shall notify the IPC_VEHICLE_SETUP2 signal via VHAL interface. CarPropertyService shall receive the IPC_VEHICLE_SETUP2 signal from VHAL and forward it to CarPropertyManager. CarPropertyManager shall expose the value to HMI via API interface. The HMI layer shall evaluate the received IPC_VEHICLE_SETUP2 signal and update/display the Turn Signal Activated Blind Spot Camera View with Trailer Option information accordingly within <TDisplay>. Any invalid value shall be considered invalid by HMI.
SWE1-VC-ParkSenseBasedCameraActivation-078	Time_Date_Autodoor_Camera_features	SYS-RA-VF230_V1-1107	ParkSense Based Camera Activation	The HMI layer shall send a request to VehicleConfigManager to retrieve the Parksense_Camera_View PROXI configuration. VehicleConfigManager shall communicate with VehicleConfigService, and VehicleConfigService shall check the requested Parksense_Camera_View value from SystemProperties / HW configuration. The response shall be returned from SystemProperties to VehicleConfigService, then to VehicleConfigManager, and finally to the HMI layer. The HMI layer shall evaluate the received Parksense_Camera_View PROXI value to determine the availability of the ParkSense Based Camera Activation feature. If $Parksense_Camera_View$ = [Absent], the LTM/ETM shall not display the ParkSense Based Camera Activation customer setting, and the user shall not be allowed to modify the feature configuration
SWE1-VC-ParkSenseBasedCameraActivation-079	Time_Date_Autodoor_Camera_features	SYS-RA-VF230_V1-1108	ParkSense Based Camera Activation	The HMI layer shall send a request to VehicleConfigManager to retrieve the Parksense_Camera_View PROXI configuration. VehicleConfigManager shall communicate with VehicleConfigService, and VehicleConfigService shall check the requested Parksense_Camera_View value from SystemProperties / HW configuration. The response shall be returned from SystemProperties to VehicleConfigService, then to VehicleConfigManager, and finally to the HMI layer. The HMI layer shall evaluate the received Parksense_Camera_View PROXI value to determine the availability of the ParkSense Based Camera Activation feature. If $Parksense_Camera_View$ = [Present], the LTM/ETM shall  display the ParkSense Based Camera Activation customer setting, and the user shall  allowed to modify the feature configuration
SWE1-VC-ParkSenseBasedCameraActivation-080	Time_Date_Autodoor_Camera_features	SYS-RA-VF230_V1-1109	ParkSense Based Camera Activation	The HMI layer shall send a request to VehicleConfigManager to retrieve the Parksense_Camera_View PROXI configuration. VehicleConfigManager shall communicate with VehicleConfigService, and VehicleConfigService shall check the requested Parksense_Camera_View value from SystemProperties / HW configuration. The response shall be returned from SystemProperties to VehicleConfigService, then to VehicleConfigManager, and finally to the HMI layer. The HMI layer shall evaluate the received Parksense_Camera_View PROXI value to determine the availability of the ParkSense Based Camera Activation feature. If $Parksense_Camera_View$ = [Absent], the LTM/ETM shall not display the ParkSense Based Camera Activation customer setting, and the user shall not be allowed to modify the feature configuration
SWE1-VC-ParkSenseBasedCameraActivation-081	Time_Date_Autodoor_Camera_features	SYS-RA-VF230_V1-1110	ParkSense Based Camera Activation	The HMI layer shall capture the customer selection for the ParkSense Based Camera Activation setting and send the request using CarPropertyManager.setProperty() with the TELEMATIC_FD_1 signal value as Enable. CarPropertyService shall receive the request from CarPropertyManager and forward it to VHAL/IVehicle for HW/IPC update. HW supplier shall process the request signal via VHAL interface. The HMI layer shall maintain/update the displayed setting according to the requested value and any invalid value shall be considered invalid by HMI.
SWE1-VC-ParkSenseBasedCameraActivation-082	Time_Date_Autodoor_Camera_features	SYS-RA-VF230_V1-1111	ParkSense Based Camera Activation	HW supplier shall notify the IPC_VEHICLE_SETUP2 signal via VHAL interface. CarPropertyService shall receive the IPC_VEHICLE_SETUP2 signal from VHAL and forward it to CarPropertyManager. CarPropertyManager shall expose the value to HMI via API interface. The HMI layer shall evaluate the received IPC_VEHICLE_SETUP2 signal and update/display the ParkSense Based Camera Activation information accordingly within <TDisplay>. Any invalid value shall be considered invalid by HMI.
SWE1-VC-ParkSense-084	Time_Date_Autodoor_Camera_features	SYS-RA-VF230_V1-2042	Park Sense	The HMI layer shall send a request to VehicleConfigManager to retrieve the CAN Node 24 (PAM/CVADAS) PROXI configuration. VehicleConfigManager shall communicate with VehicleConfigService, and VehicleConfigService shall check the requested CAN Node 24 (PAM/CVADAS) value from SystemProperties / HW configuration. The response shall be returned from SystemProperties to VehicleConfigService, then to VehicleConfigManager, and finally to the HMI layer. The HMI layer shall evaluate the received CAN Node 24 (PAM/CVADAS) PROXI value to determine the availability of the Park Sense feature. If CAN Node 24 (PAM/CVADAS) = [Absent], the LTM or ETM shall not display the Park Sense customer setting.
SWE1-VC-ParkSense-085	Time_Date_Autodoor_Camera_features	SYS-RA-VF230_V1-2043	Park Sense	The HMI layer shall send a request to VehicleConfigManager to retrieve the CAN Node 24 (PAM/CVADAS) PROXI configuration. VehicleConfigManager shall communicate with VehicleConfigService, and VehicleConfigService shall check the requested CAN Node 24 (PAM/CVADAS) value from SystemProperties / HW configuration. The response shall be returned from SystemProperties to VehicleConfigService, then to VehicleConfigManager, and finally to the HMI layer. The HMI layer shall evaluate the received CAN Node 24 (PAM/CVADAS) PROXI value to determine the availability of the Park Sense feature. If CAN Node 24 (PAM/CVADAS) = [Present], the LTM or ETM shall display the Park Sense customer setting to allow the customer the ability to modify the setting
SWE1-VC-ParkSense-086	Time_Date_Autodoor_Camera_features	SYS-RA-VF230_V1-2044	Park Sense	The HMI layer shall capture the customer selection for the Park Sense setting and send the request using CarPropertyManager.setProperty() with the TELEMATIC_VEHICLE_SETUP signal value as Warn. CarPropertyService shall receive the request from CarPropertyManager and forward it to VHAL/IVehicle for HW/IPC update. HW supplier shall process the request signal via VHAL interface. The HMI layer shall maintain/update the displayed setting according to the requested value and any invalid value shall be considered invalid by HMI.
SWE1-VC-ParkSense-087	Time_Date_Autodoor_Camera_features	SYS-RA-VF230_V1-2045	Park Sense	The HMI layer shall capture the customer selection for the Park Sense setting and send the request using CarPropertyManager.setProperty() with the TELEMATIC_VEHICLE_SETUP signal value as Warn_Braking. CarPropertyService shall receive the request from CarPropertyManager and forward it to VHAL/IVehicle for HW/IPC update. HW supplier shall process the request signal via VHAL interface. The HMI layer shall maintain/update the displayed setting according to the requested value and any invalid value shall be considered invalid by HMI.
SWE1-VC-ParkSense-088	Time_Date_Autodoor_Camera_features	SYS-RA-VF230_V1-2046	Park Sense	HW supplier shall notify the IPC_VEHICLE_SETUP signal via VHAL interface. CarPropertyService shall receive the IPC_VEHICLE_SETUP signal from VHAL and forward it to CarPropertyManager. CarPropertyManager shall expose the value to HMI via API interface. The HMI layer shall evaluate the received IPC_VEHICLE_SETUP signal and update/display the Park Sense information accordingly within <TDisplay>. Any invalid value shall be considered invalid by HMI.
SWE1-VC-SuspensionAutoEntryorExit-090	Time_Date_Autodoor_Camera_features	SYS-RA-VF230_V1-2171	Suspension Auto Entry or Exit	The HMI layer shall send a request to VehicleConfigManager to retrieve the Hybrid_Type and SRT (VC_SRT_PRSNT) PROXI configurations. VehicleConfigManager shall communicate with VehicleConfigService, and VehicleConfigService shall check the requested Hybrid_Type and SRT values from SystemProperties / HW configuration. The response shall be returned from SystemProperties to VehicleConfigService, then to VehicleConfigManager, and finally to the HMI layer. The HMI layer shall evaluate the received Hybrid_Type and SRT PROXI values to determine the applicability of the feature section. If $Hybrid_Type$ = [Battery Electric Vehicle] or [Range Electric Paradigm Breaker (REPB)] or $SRT$ = [Present], the requirements in this section shall be applicable and available for the below features.
SWE1-VC-SuspensionAutoEntryorExit-091	Time_Date_Autodoor_Camera_features	SYS-RA-VF230_V1-2172	Suspension Auto Entry or Exit	The HMI layer shall send a request to VehicleConfigManager to retrieve the CAN Node 27 (ASM or ASCM) PROXI configuration. VehicleConfigManager shall communicate with VehicleConfigService, and VehicleConfigService shall check the requested CAN Node 27 (ASM or ASCM) value from SystemProperties / HW configuration. The response shall be returned from SystemProperties to VehicleConfigService, then to VehicleConfigManager, and finally to the HMI layer. The HMI layer shall evaluate the received CAN Node 27 (ASM or ASCM) PROXI value to determine the availability of the Suspension Auto Entry or Exit feature. If CAN Node 27 (ASM or ASCM) = [Absent], the LTM or ETM shall not display the Suspension Auto Entry or Exit customer setting.
SWE1-VC-SuspensionAutoEntryorExit-092	Time_Date_Autodoor_Camera_features	SYS-RA-VF230_V1-2173	Suspension Auto Entry or Exit	The HMI layer shall send a request to VehicleConfigManager to retrieve the CAN Node 27 (ASM or ASCM) PROXI configuration. VehicleConfigManager shall communicate with VehicleConfigService, and VehicleConfigService shall check the requested CAN Node 27 (ASM or ASCM) value from SystemProperties / HW configuration. The response shall be returned from SystemProperties to VehicleConfigService, then to VehicleConfigManager, and finally to the HMI layer. The HMI layer shall evaluate the received CAN Node 27 (ASM or ASCM) PROXI value to determine the availability of the Suspension Auto Entry or Exit feature. If CAN Node 27 (ASM or ASCM) = [Present], the LTM or ETM shall display the Suspension Auto Entry or Exit customer setting to allow the customer the ability to modify the setting.
SWE1-VC-SuspensionAutoEntryorExit-093	Time_Date_Autodoor_Camera_features	SYS-RA-VF230_V1-2174	Suspension Auto Entry or Exit	The HMI layer shall capture the customer selection for the Suspension Auto Entry or Exit setting and send the request using CarPropertyManager.setProperty() with the TELEMATIC_VEHICLE_SETUP signal value as Off. CarPropertyService shall receive the request from CarPropertyManager and forward it to VHAL/IVehicle for HW/IPC update. HW supplier shall process the request signal via VHAL interface. The HMI layer shall maintain/update the displayed setting according to the requested value and any invalid value shall be considered invalid by HMI.
SWE1-VC-SuspensionAutoEntryorExit-094	Time_Date_Autodoor_Camera_features	SYS-RA-VF230_V1-2175	Suspension Auto Entry or Exit	The HMI layer shall capture the customer selection for the Suspension Auto Entry or Exit setting and send the request using CarPropertyManager.setProperty() with the TELEMATIC_VEHICLE_SETUP signal value as On. CarPropertyService shall receive the request from CarPropertyManager and forward it to VHAL/IVehicle for HW/IPC update. HW supplier shall process the request signal via VHAL interface. The HMI layer shall maintain/update the displayed setting according to the requested value and any invalid value shall be considered invalid by HMI.
SWE1-VC-SuspensionAutoEntryorExit-095	Time_Date_Autodoor_Camera_features	SYS-RA-VF230_V1-2176	Suspension Auto Entry or Exit	HW supplier shall notify the IPC_VEHICLE_SETUP signal via VHAL interface. CarPropertyService shall receive the IPC_VEHICLE_SETUP signal from VHAL and forward it to CarPropertyManager. CarPropertyManager shall expose the value to HMI via API interface. The HMI layer shall evaluate the received IPC_VEHICLE_SETUP signal and update/display the Suspension Auto Entry or Exit information accordingly within <TDisplay>. Any invalid value shall be considered invalid by HMI.
SWE1-VC-6AuxSwitches-002	6 Aux Switches, SWITCH 1 Power Mode and E-Save features	SYS-RA-VF230_V1-2259	6 Aux Switches	The HMI layer shall send a request to VehicleConfigManager to retrieve the AUX_Switch_Types PROXI configuration. VehicleConfigManager shall communicate with VehicleConfigService, and VehicleConfigService shall check the requested AUX_Switch_Types value from SystemProperties / HW configuration. The response shall be returned from SystemProperties to VehicleConfigService, then to VehicleConfigManager, and finally to the HMI layer. The HMI layer shall evaluate the received AUX_Switch_Types PROXI value to determine the availability of the AUX Switches feature. If AUX_Switch_Types = [Not Type2], the LTM or ETM shall not display the AUX Switches customer setting.
SWE1-VC-6AuxSwitches-003	6 Aux Switches, SWITCH 1 Power Mode and E-Save features	SYS-RA-VF230_V1-2260	6 Aux Switches	The HMI layer shall send a request to VehicleConfigManager to retrieve the AUX_Switch_Types PROXI configuration. VehicleConfigManager shall communicate with VehicleConfigService, and VehicleConfigService shall check the requested AUX_Switch_Types value from SystemProperties / HW configuration. The response shall be returned from SystemProperties to VehicleConfigService, then to VehicleConfigManager, and finally to the HMI layer. The HMI layer shall evaluate the received AUX_Switch_Types PROXI value to determine the availability of the AUX Switches feature. If AUX_Switch_Types = [Type2], the LTM or ETM shall display the AUX Switches customer setting.
SWE1-VC-SWITCH1PowerMode-005	6 Aux Switches, SWITCH 1 Power Mode and E-Save features	SYS-RA-VF230_V1-2262	SWITCH 1 Power Mode	The HMI layer shall capture the customer selection for the SWITCH 1 Power Mode setting and send the request using CarPropertyManager.setProperty() with the TELEMATIC_FD_1.AUX1_PWRMD_Req signal value as IGNITION. CarPropertyService shall receive the request from CarPropertyManager and forward it to VHAL/IVehicle for HW/IPC update. HW supplier shall process the request signal via VHAL interface. The HMI layer shall maintain/update the displayed setting according to the requested value and any invalid value shall be considered invalid by HMI.
SWE1-VC-SWITCH1PowerMode-006	6 Aux Switches, SWITCH 1 Power Mode and E-Save features	SYS-RA-VF230_V1-2263	SWITCH 1 Power Mode	The HMI layer shall capture the customer selection for the SWITCH 1 Power Mode setting and send the request using CarPropertyManager.setProperty() with the TELEMATIC_FD_1.AUX1_PWRMD_Req signal value as BATTERY. CarPropertyService shall receive the request from CarPropertyManager and forward it to VHAL/IVehicle for HW/IPC update. HW supplier shall process the request signal via VHAL interface. The HMI layer shall maintain/update the displayed setting according to the requested value and any invalid value shall be considered invalid by HMI.
SWE1-VC-SWITCH1PowerMode-007	6 Aux Switches, SWITCH 1 Power Mode and E-Save features	SYS-RA-VF230_V1-2264	SWITCH 1 Power Mode	HW supplier shall notify the IPC_VEHICLE_SETUP2.AUX1_PWRMD signal via VHAL interface. CarPropertyService shall receive the IPC_VEHICLE_SETUP2.AUX1_PWRMD signal from VHAL and forward it to CarPropertyManager. CarPropertyManager shall expose the value to HMI via API interface. The HMI layer shall evaluate the received IPC_VEHICLE_SETUP2.AUX1_PWRMD signal and update/display the SWITCH 1 Power Mode information accordingly within <TDisplay>. Any invalid value shall be considered invalid by HMI.
SWE1-VC-SWITCH2PowerMode-009	6 Aux Switches, SWITCH 1 Power Mode and E-Save features	SYS-RA-VF230_V1-2266	SWITCH 2 Power Mode	The HMI layer shall capture the customer selection for the SWITCH 2 Power Mode setting and send the request using CarPropertyManager.setProperty() with the TELEMATIC_FD_1.AUX2_PWRMD_Req signal value as IGNITION. CarPropertyService shall receive the request from CarPropertyManager and forward it to VHAL/IVehicle for HW/IPC update. HW supplier shall process the request signal via VHAL interface. The HMI layer shall maintain/update the displayed setting according to the requested value and any invalid value shall be considered invalid by HMI.
SWE1-VC-SWITCH2PowerMode-010	6 Aux Switches, SWITCH 1 Power Mode and E-Save features	SYS-RA-VF230_V1-2267	SWITCH 2 Power Mode	The HMI layer shall capture the customer selection for the SWITCH 2 Power Mode setting and send the request using CarPropertyManager.setProperty() with the TELEMATIC_FD_1.AUX2_PWRMD_Req signal value as BATTERY. CarPropertyService shall receive the request from CarPropertyManager and forward it to VHAL/IVehicle for HW/IPC update. HW supplier shall process the request signal via VHAL interface. The HMI layer shall maintain/update the displayed setting according to the requested value and any invalid value shall be considered invalid by HMI.
SWE1-VC-SWITCH2PowerMode-011	6 Aux Switches, SWITCH 1 Power Mode and E-Save features	SYS-RA-VF230_V1-2268	SWITCH 2 Power Mode	HW supplier shall notify the IPC_VEHICLE_SETUP2.AUX2_PWRMD signal via VHAL interface. CarPropertyService shall receive the IPC_VEHICLE_SETUP2.AUX2_PWRMD signal from VHAL and forward it to CarPropertyManager. CarPropertyManager shall expose the value to HMI via API interface. The HMI layer shall evaluate the received IPC_VEHICLE_SETUP2.AUX2_PWRMD signal and update/display the SWITCH 2 Power Mode information accordingly within <TDisplay>. Any invalid value shall be considered invalid by HMI.
SWE1-VC-SWITCH3PowerMode-013	6 Aux Switches, SWITCH 1 Power Mode and E-Save features	SYS-RA-VF230_V1-2270	SWITCH 3 Power Mode	The HMI layer shall capture the customer selection for the SWITCH 3 Power Mode setting and send the request using CarPropertyManager.setProperty() with the TELEMATIC_FD_1.AUX3_PWRMD_Req signal value as IGNITION. CarPropertyService shall receive the request from CarPropertyManager and forward it to VHAL/IVehicle for HW/IPC update. HW supplier shall process the request signal via VHAL interface. The HMI layer shall maintain/update the displayed setting according to the requested value and any invalid value shall be considered invalid by HMI.
SWE1-VC-SWITCH3PowerMode-015	6 Aux Switches, SWITCH 1 Power Mode and E-Save features	SYS-RA-VF230_V1-2272	SWITCH 3 Power Mode	HW supplier shall notify the IPC_VEHICLE_SETUP2.AUX3_PWRMD signal via VHAL interface. CarPropertyService shall receive the IPC_VEHICLE_SETUP2.AUX3_PWRMD signal from VHAL and forward it to CarPropertyManager. CarPropertyManager shall expose the value to HMI via API interface. The HMI layer shall evaluate the received IPC_VEHICLE_SETUP2.AUX3_PWRMD signal and update/display the SWITCH 3 Power Mode information accordingly within <TDisplay>. Any invalid value shall be considered invalid by HMI.
SWE1-VC-SWITCH4PowerMode-017	6 Aux Switches, SWITCH 1 Power Mode and E-Save features	SYS-RA-VF230_V1-2274	SWITCH 4 Power Mode	The HMI layer shall capture the customer selection for the SWITCH 4 Power Mode setting and send the request using CarPropertyManager.setProperty() with the TELEMATIC_FD_1.AUX4_PWRMD_Req signal value as IGNITION. CarPropertyService shall receive the request from CarPropertyManager and forward it to VHAL/IVehicle for HW/IPC update. HW supplier shall process the request signal via VHAL interface. The HMI layer shall maintain/update the displayed setting according to the requested value and any invalid value shall be considered invalid by HMI.
SWE1-VC-SWITCH4PowerMode-018	6 Aux Switches, SWITCH 1 Power Mode and E-Save features	SYS-RA-VF230_V1-2275	SWITCH 4 Power Mode	The HMI layer shall capture the customer selection for the SWITCH 4 Power Mode setting and send the request using CarPropertyManager.setProperty() with the TELEMATIC_FD_1.AUX4_PWRMD_Req signal value as BATTERY. CarPropertyService shall receive the request from CarPropertyManager and forward it to VHAL/IVehicle for HW/IPC update. HW supplier shall process the request signal via VHAL interface. The HMI layer shall maintain/update the displayed setting according to the requested value and any invalid value shall be considered invalid by HMI.
SWE1-VC-SWITCH4PowerMode-019	6 Aux Switches, SWITCH 1 Power Mode and E-Save features	SYS-RA-VF230_V1-2276	SWITCH 4 Power Mode	HW supplier shall notify the IPC_VEHICLE_SETUP2.AUX4_PWRMD signal via VHAL interface. CarPropertyService shall receive the IPC_VEHICLE_SETUP2.AUX4_PWRMD signal from VHAL and forward it to CarPropertyManager. CarPropertyManager shall expose the value to HMI via API interface. The HMI layer shall evaluate the received IPC_VEHICLE_SETUP2.AUX4_PWRMD signal and update/display the SWITCH 4 Power Mode information accordingly within <TDisplay>. Any invalid value shall be considered invalid by HMI.
SWE1-VC-SWITCH5PowerMode-021	6 Aux Switches, SWITCH 1 Power Mode and E-Save features	SYS-RA-VF230_V1-2278	SWITCH 5 Power Mode	The HMI layer shall capture the customer selection for the SWITCH 5 Power Mode setting and send the request using CarPropertyManager.setProperty() with the TELEMATIC_FD_1.AUX5_PWRMD_Req signal value as IGNITION. CarPropertyService shall receive the request from CarPropertyManager and forward it to VHAL/IVehicle for HW/IPC update. HW supplier shall process the request signal via VHAL interface. The HMI layer shall maintain/update the displayed setting according to the requested value and any invalid value shall be considered invalid by HMI.
SWE1-VC-SWITCH5PowerMode-022	6 Aux Switches, SWITCH 1 Power Mode and E-Save features	SYS-RA-VF230_V1-2279	SWITCH 5 Power Mode	The HMI layer shall capture the customer selection for the SWITCH 5 Power Mode setting and send the request using CarPropertyManager.setProperty() with the TELEMATIC_FD_1.AUX5_PWRMD_Req signal value as BATTERY. CarPropertyService shall receive the request from CarPropertyManager and forward it to VHAL/IVehicle for HW/IPC update. HW supplier shall process the request signal via VHAL interface. The HMI layer shall maintain/update the displayed setting according to the requested value and any invalid value shall be considered invalid by HMI.
SWE1-VC-SWITCH5PowerMode-023	6 Aux Switches, SWITCH 1 Power Mode and E-Save features	SYS-RA-VF230_V1-2280	SWITCH 5 Power Mode	HW supplier shall notify the IPC_VEHICLE_SETUP2.AUX5_PWRMD signal via VHAL interface. CarPropertyService shall receive the IPC_VEHICLE_SETUP2.AUX5_PWRMD signal from VHAL and forward it to CarPropertyManager. CarPropertyManager shall expose the value to HMI via API interface. The HMI layer shall evaluate the received IPC_VEHICLE_SETUP2.AUX5_PWRMD signal and update/display the SWITCH 5 Power Mode information accordingly within <TDisplay>. Any invalid value shall be considered invalid by HMI.
SWE1-VC-SWITCH6PowerMode-025	6 Aux Switches, SWITCH 1 Power Mode and E-Save features	SYS-RA-VF230_V1-2282	SWITCH 6 Power Mode	The HMI layer shall capture the customer selection for the SWITCH 6 Power Mode setting and send the request using CarPropertyManager.setProperty() with the TELEMATIC_FD_1.AUX6_PWRMD_Req signal value as IGNITION. CarPropertyService shall receive the request from CarPropertyManager and forward it to VHAL/IVehicle for HW/IPC update. HW supplier shall process the request signal via VHAL interface. The HMI layer shall maintain/update the displayed setting according to the requested value and any invalid value shall be considered invalid by HMI.
SWE1-VC-SWITCH6PowerMode-027	6 Aux Switches, SWITCH 1 Power Mode and E-Save features	SYS-RA-VF230_V1-2284	SWITCH 6 Power Mode	HW supplier shall notify the IPC_VEHICLE_SETUP2.AUX6_PWRMD signal via VHAL interface. CarPropertyService shall receive the IPC_VEHICLE_SETUP2.AUX6_PWRMD signal from VHAL and forward it to CarPropertyManager. CarPropertyManager shall expose the value to HMI via API interface. The HMI layer shall evaluate the received IPC_VEHICLE_SETUP2.AUX6_PWRMD signal and update/display the SWITCH 6 Power Mode information accordingly within <TDisplay>. Any invalid value shall be considered invalid by HMI.
SWE1-VC-SWITCH1Type-029	6 Aux Switches, SWITCH 1 Power Mode and E-Save features	SYS-RA-VF230_V1-2286	SWITCH 1 Type	The HMI layer shall capture the customer selection for the SWITCH 1 Type setting and send the request using CarPropertyManager.setProperty() with the TELEMATIC_FD_1.AUX1_TYPE_Req signal value as LATCHING. CarPropertyService shall receive the request from CarPropertyManager and forward it to VHAL/IVehicle for HW/IPC update. HW supplier shall process the request signal via VHAL interface. The HMI layer shall maintain/update the displayed setting according to the requested value and any invalid value shall be considered invalid by HMI.
SWE1-VC-SWITCH1Type-030	6 Aux Switches, SWITCH 1 Power Mode and E-Save features	SYS-RA-VF230_V1-2287	SWITCH 1 Type	The HMI layer shall capture the customer selection for the SWITCH 1 Type setting and send the request using CarPropertyManager.setProperty() with the TELEMATIC_FD_1.AUX1_TYPE_Req signal value as MOMENTARY. CarPropertyService shall receive the request from CarPropertyManager and forward it to VHAL/IVehicle for HW/IPC update. HW supplier shall process the request signal via VHAL interface. The HMI layer shall maintain/update the displayed setting according to the requested value and any invalid value shall be considered invalid by HMI.
SWE1-VC-SWITCH1Type-031	6 Aux Switches, SWITCH 1 Power Mode and E-Save features	SYS-RA-VF230_V1-2288	SWITCH 1 Type	HW supplier shall notify the IPC_VEHICLE_SETUP2.AUX1_TYPE signal via VHAL interface. CarPropertyService shall receive the IPC_VEHICLE_SETUP2.AUX1_TYPE signal from VHAL and forward it to CarPropertyManager. CarPropertyManager shall expose the value to HMI via API interface. The HMI layer shall evaluate the received IPC_VEHICLE_SETUP2.AUX1_TYPE signal and update/display the SWITCH 1 Type information accordingly within <TDisplay>. Any invalid value shall be considered invalid by HMI.
SWE1-VC-SWITCH2Type-033	6 Aux Switches, SWITCH 1 Power Mode and E-Save features	SYS-RA-VF230_V1-2290	SWITCH 2 Type	The HMI layer shall capture the customer selection for the SWITCH 2 Type setting and send the request using CarPropertyManager.setProperty() with the TELEMATIC_FD_1.AUX2_TYPE_Req signal value as LATCHING. CarPropertyService shall receive the request from CarPropertyManager and forward it to VHAL/IVehicle for HW/IPC update. HW supplier shall process the request signal via VHAL interface. The HMI layer shall maintain/update the displayed setting according to the requested value and any invalid value shall be considered invalid by HMI.
SWE1-VC-SWITCH2Type-034	6 Aux Switches, SWITCH 1 Power Mode and E-Save features	SYS-RA-VF230_V1-2291	SWITCH 2 Type	The HMI layer shall capture the customer selection for the SWITCH 2 Type setting and send the request using CarPropertyManager.setProperty() with the TELEMATIC_FD_1.AUX2_TYPE_Req signal value as MOMENTARY. CarPropertyService shall receive the request from CarPropertyManager and forward it to VHAL/IVehicle for HW/IPC update. HW supplier shall process the request signal via VHAL interface. The HMI layer shall maintain/update the displayed setting according to the requested value and any invalid value shall be considered invalid by HMI.
SWE1-VC-SWITCH2Type-035	6 Aux Switches, SWITCH 1 Power Mode and E-Save features	SYS-RA-VF230_V1-2292	SWITCH 2 Type	HW supplier shall notify the IPC_VEHICLE_SETUP2.AUX2_TYPE signal via VHAL interface. CarPropertyService shall receive the IPC_VEHICLE_SETUP2.AUX2_TYPE signal from VHAL and forward it to CarPropertyManager. CarPropertyManager shall expose the value to HMI via API interface. The HMI layer shall evaluate the received IPC_VEHICLE_SETUP2.AUX2_TYPE signal and update/display the SWITCH 2 Type information accordingly within <TDisplay>. Any invalid value shall be considered invalid by HMI.
SWE1-VC-SWITCH3Type-037	6 Aux Switches, SWITCH 1 Power Mode and E-Save features	SYS-RA-VF230_V1-2294	SWITCH 3 Type	The HMI layer shall capture the customer selection for the SWITCH 3 Type setting and send the request using CarPropertyManager.setProperty() with the TELEMATIC_FD_1.AUX3_TYPE_Req signal value as LATCHING. CarPropertyService shall receive the request from CarPropertyManager and forward it to VHAL/IVehicle for HW/IPC update. HW supplier shall process the request signal via VHAL interface. The HMI layer shall maintain/update the displayed setting according to the requested value and any invalid value shall be considered invalid by HMI.
SWE1-VC-SWITCH3Type-038	6 Aux Switches, SWITCH 1 Power Mode and E-Save features	SYS-RA-VF230_V1-2295	SWITCH 3 Type	The HMI layer shall capture the customer selection for the SWITCH 3 Type setting and send the request using CarPropertyManager.setProperty() with the TELEMATIC_FD_1.AUX3_TYPE_Req signal value as MOMENTARY. CarPropertyService shall receive the request from CarPropertyManager and forward it to VHAL/IVehicle for HW/IPC update. HW supplier shall process the request signal via VHAL interface. The HMI layer shall maintain/update the displayed setting according to the requested value and any invalid value shall be considered invalid by HMI.
SWE1-VC-SWITCH4Type-041	6 Aux Switches, SWITCH 1 Power Mode and E-Save features	SYS-RA-VF230_V1-2298	SWITCH 4 Type	The HMI layer shall capture the customer selection for the SWITCH 4 Type setting and send the request using CarPropertyManager.setProperty() with the TELEMATIC_FD_1.AUX4_TYPE_Req signal value as LATCHING. CarPropertyService shall receive the request from CarPropertyManager and forward it to VHAL/IVehicle for HW/IPC update. HW supplier shall process the request signal via VHAL interface. The HMI layer shall maintain/update the displayed setting according to the requested value and any invalid value shall be considered invalid by HMI.
SWE1-VC-SWITCH4Type-042	6 Aux Switches, SWITCH 1 Power Mode and E-Save features	SYS-RA-VF230_V1-2299	SWITCH 4 Type	The HMI layer shall capture the customer selection for the SWITCH 4 Type setting and send the request using CarPropertyManager.setProperty() with the TELEMATIC_FD_1.AUX4_TYPE_Req signal value as MOMENTARY. CarPropertyService shall receive the request from CarPropertyManager and forward it to VHAL/IVehicle for HW/IPC update. HW supplier shall process the request signal via VHAL interface. The HMI layer shall maintain/update the displayed setting according to the requested value and any invalid value shall be considered invalid by HMI.
SWE1-VC-SWITCH4Type-043	6 Aux Switches, SWITCH 1 Power Mode and E-Save features	SYS-RA-VF230_V1-2300	SWITCH 4 Type	HW supplier shall notify the IPC_VEHICLE_SETUP2.AUX4_TYPE signal via VHAL interface. CarPropertyService shall receive the IPC_VEHICLE_SETUP2.AUX4_TYPE signal from VHAL and forward it to CarPropertyManager. CarPropertyManager shall expose the value to HMI via API interface. The HMI layer shall evaluate the received IPC_VEHICLE_SETUP2.AUX4_TYPE signal and update/display the SWITCH 4 Type information accordingly within <TDisplay>. Any invalid value shall be considered invalid by HMI.
SWE1-VC-SWITCH5Type-046	6 Aux Switches, SWITCH 1 Power Mode and E-Save features	SYS-RA-VF230_V1-2303	SWITCH 5 Type	The HMI layer shall capture the customer selection for the SWITCH 5 Type setting and send the request using CarPropertyManager.setProperty() with the TELEMATIC_FD_1.AUX5_TYPE_Req signal value as MOMENTARY. CarPropertyService shall receive the request from CarPropertyManager and forward it to VHAL/IVehicle for HW/IPC update. HW supplier shall process the request signal via VHAL interface. The HMI layer shall maintain/update the displayed setting according to the requested value and any invalid value shall be considered invalid by HMI.
SWE1-VC-SWITCH5Type-047	6 Aux Switches, SWITCH 1 Power Mode and E-Save features	SYS-RA-VF230_V1-2304	SWITCH 5 Type	HW supplier shall notify the IPC_VEHICLE_SETUP2.AUX5_TYPE signal via VHAL interface. CarPropertyService shall receive the IPC_VEHICLE_SETUP2.AUX5_TYPE signal from VHAL and forward it to CarPropertyManager. CarPropertyManager shall expose the value to HMI via API interface. The HMI layer shall evaluate the received IPC_VEHICLE_SETUP2.AUX5_TYPE signal and update/display the SWITCH 5 Type information accordingly within <TDisplay>. Any invalid value shall be considered invalid by HMI.
SWE1-VC-SWITCH6Type-049	6 Aux Switches, SWITCH 1 Power Mode and E-Save features	SYS-RA-VF230_V1-2306	SWITCH 6 Type	The HMI layer shall capture the customer selection for the SWITCH 6 Type setting and send the request using CarPropertyManager.setProperty() with the TELEMATIC_FD_1.AUX6_TYPE_Req signal value as LATCHING. CarPropertyService shall receive the request from CarPropertyManager and forward it to VHAL/IVehicle for HW/IPC update. HW supplier shall process the request signal via VHAL interface. The HMI layer shall maintain/update the displayed setting according to the requested value and any invalid value shall be considered invalid by HMI.
SWE1-VC-SWITCH6Type-050	6 Aux Switches, SWITCH 1 Power Mode and E-Save features	SYS-RA-VF230_V1-2307	SWITCH 6 Type	The HMI layer shall capture the customer selection for the SWITCH 6 Type setting and send the request using CarPropertyManager.setProperty() with the TELEMATIC_FD_1.AUX6_TYPE_Req signal value as MOMENTARY. CarPropertyService shall receive the request from CarPropertyManager and forward it to VHAL/IVehicle for HW/IPC update. HW supplier shall process the request signal via VHAL interface. The HMI layer shall maintain/update the displayed setting according to the requested value and any invalid value shall be considered invalid by HMI.
SWE1-VC-SWITCH1HoldLastState-054	6 Aux Switches, SWITCH 1 Power Mode and E-Save features	SYS-RA-VF230_V1-2310	SWITCH 1 Hold Last State	The HMI layer shall capture the customer selection for the SWITCH 1 Hold Last State setting and send the request using CarPropertyManager.setProperty() with the TELEMATIC_FD_1.AUX1_HLEnbl_Req signal value as DISABLE. CarPropertyService shall receive the request from CarPropertyManager and forward it to VHAL/IVehicle for HW/IPC update. HW supplier shall process the request signal via VHAL interface. The HMI layer shall maintain/update the displayed setting according to the requested value and any invalid value shall be considered invalid by HMI.
SWE1-VC-SWITCH1HoldLastState-055	6 Aux Switches, SWITCH 1 Power Mode and E-Save features	SYS-RA-VF230_V1-2311	SWITCH 1 Hold Last State	The HMI layer shall capture the customer selection for the SWITCH 1 Hold Last State setting and send the request using CarPropertyManager.setProperty() with the TELEMATIC_FD_1.AUX1_HLEnbl_Req signal value as ENABLE. CarPropertyService shall receive the request from CarPropertyManager and forward it to VHAL/IVehicle for HW/IPC update. HW supplier shall process the request signal via VHAL interface. The HMI layer shall maintain/update the displayed setting according to the requested value and any invalid value shall be considered invalid by HMI.
SWE1-VC-SWITCH1HoldLastState-056	6 Aux Switches, SWITCH 1 Power Mode and E-Save features	SYS-RA-VF230_V1-2312	SWITCH 1 Hold Last State	HW supplier shall notify the IPC_VEHICLE_SETUP2.AUX1_HLEnbl signal via VHAL interface. CarPropertyService shall receive the IPC_VEHICLE_SETUP2.AUX1_HLEnbl signal from VHAL and forward it to CarPropertyManager. CarPropertyManager shall expose the value to HMI via API interface. The HMI layer shall evaluate the received IPC_VEHICLE_SETUP2.AUX1_HLEnbl signal and update/display the SWITCH 1 Hold Last State information accordingly within <TDisplay>. Any invalid value shall be considered invalid by HMI.
SWE1-VC-SWITCH2HoldLastState-059	6 Aux Switches, SWITCH 1 Power Mode and E-Save features	SYS-RA-VF230_V1-2315	SWITCH 2 Hold Last State	The HMI layer shall capture the customer selection for the SWITCH 2 Hold Last State setting and send the request using CarPropertyManager.setProperty() with the TELEMATIC_FD_1.AUX2_HLEnbl_Req signal value as ENABLE. CarPropertyService shall receive the request from CarPropertyManager and forward it to VHAL/IVehicle for HW/IPC update. HW supplier shall process the request signal via VHAL interface. The HMI layer shall maintain/update the displayed setting according to the requested value and any invalid value shall be considered invalid by HMI.
SWE1-VC-SWITCH2HoldLastState-060	6 Aux Switches, SWITCH 1 Power Mode and E-Save features	SYS-RA-VF230_V1-2316	SWITCH 2 Hold Last State	HW supplier shall notify the IPC_VEHICLE_SETUP2.AUX2_HLEnbl signal via VHAL interface. CarPropertyService shall receive the IPC_VEHICLE_SETUP2.AUX2_HLEnbl signal from VHAL and forward it to CarPropertyManager. CarPropertyManager shall expose the value to HMI via API interface. The HMI layer shall evaluate the received IPC_VEHICLE_SETUP2.AUX2_HLEnbl signal and update/display the SWITCH 2 Hold Last State information accordingly within <TDisplay>. Any invalid value shall be considered invalid by HMI.
SWE1-VC-SWITCH3HoldLastState-062	6 Aux Switches, SWITCH 1 Power Mode and E-Save features	SYS-RA-VF230_V1-2318	SWITCH 3 Hold Last State	The HMI layer shall capture the customer selection for the SWITCH 3 Hold Last State setting and send the request using CarPropertyManager.setProperty() with the TELEMATIC_FD_1.AUX3_HLEnbl_Req signal value as DISABLE. CarPropertyService shall receive the request from CarPropertyManager and forward it to VHAL/IVehicle for HW/IPC update. HW supplier shall process the request signal via VHAL interface. The HMI layer shall maintain/update the displayed setting according to the requested value and any invalid value shall be considered invalid by HMI.
SWE1-VC-SWITCH3HoldLastState-064	6 Aux Switches, SWITCH 1 Power Mode and E-Save features	SYS-RA-VF230_V1-2320	SWITCH 3 Hold Last State	HW supplier shall notify the IPC_VEHICLE_SETUP2.AUX3_HLEnbl signal via VHAL interface. CarPropertyService shall receive the IPC_VEHICLE_SETUP2.AUX3_HLEnbl signal from VHAL and forward it to CarPropertyManager. CarPropertyManager shall expose the value to HMI via API interface. The HMI layer shall evaluate the received IPC_VEHICLE_SETUP2.AUX3_HLEnbl signal and update/display the SWITCH 3 Hold Last State information accordingly within <TDisplay>. Any invalid value shall be considered invalid by HMI.
SWE1-VC-SWITCH4HoldLastState-066	6 Aux Switches, SWITCH 1 Power Mode and E-Save features	SYS-RA-VF230_V1-2322	SWITCH 4 Hold Last State	The HMI layer shall capture the customer selection for the SWITCH 4 Hold Last State setting and send the request using CarPropertyManager.setProperty() with the TELEMATIC_FD_1.AUX4_HLEnbl_Req signal value as DISABLE. CarPropertyService shall receive the request from CarPropertyManager and forward it to VHAL/IVehicle for HW/IPC update. HW supplier shall process the request signal via VHAL interface. The HMI layer shall maintain/update the displayed setting according to the requested value and any invalid value shall be considered invalid by HMI.
SWE1-VC-SWITCH4HoldLastState-067	6 Aux Switches, SWITCH 1 Power Mode and E-Save features	SYS-RA-VF230_V1-2323	SWITCH 4 Hold Last State	The HMI layer shall capture the customer selection for the SWITCH 4 Hold Last State setting and send the request using CarPropertyManager.setProperty() with the TELEMATIC_FD_1.AUX4_HLEnbl_Req signal value as ENABLE. CarPropertyService shall receive the request from CarPropertyManager and forward it to VHAL/IVehicle for HW/IPC update. HW supplier shall process the request signal via VHAL interface. The HMI layer shall maintain/update the displayed setting according to the requested value and any invalid value shall be considered invalid by HMI.
SWE1-VC-SWITCH4HoldLastState-068	6 Aux Switches, SWITCH 1 Power Mode and E-Save features	SYS-RA-VF230_V1-2324	SWITCH 4 Hold Last State	HW supplier shall notify the IPC_VEHICLE_SETUP2.AUX4_HLEnbl signal via VHAL interface. CarPropertyService shall receive the IPC_VEHICLE_SETUP2.AUX4_HLEnbl signal from VHAL and forward it to CarPropertyManager. CarPropertyManager shall expose the value to HMI via API interface. The HMI layer shall evaluate the received IPC_VEHICLE_SETUP2.AUX4_HLEnbl signal and update/display the SWITCH 4 Hold Last State information accordingly within <TDisplay>. Any invalid value shall be considered invalid by HMI.
SWE1-VC-SWITCH5HoldLastState-070	6 Aux Switches, SWITCH 1 Power Mode and E-Save features	SYS-RA-VF230_V1-2326	SWITCH 5 Hold Last State	The HMI layer shall capture the customer selection for the SWITCH 5 Hold Last State setting and send the request using CarPropertyManager.setProperty() with the TELEMATIC_FD_1.AUX5_HLEnbl_Req signal value as DISABLE. CarPropertyService shall receive the request from CarPropertyManager and forward it to VHAL/IVehicle for HW/IPC update. HW supplier shall process the request signal via VHAL interface. The HMI layer shall maintain/update the displayed setting according to the requested value and any invalid value shall be considered invalid by HMI.
SWE1-VC-SWITCH5HoldLastState-071	6 Aux Switches, SWITCH 1 Power Mode and E-Save features	SYS-RA-VF230_V1-2327	SWITCH 5 Hold Last State	The HMI layer shall capture the customer selection for the SWITCH 5 Hold Last State setting and send the request using CarPropertyManager.setProperty() with the TELEMATIC_FD_1.AUX5_HLEnbl_Req signal value as ENABLE. CarPropertyService shall receive the request from CarPropertyManager and forward it to VHAL/IVehicle for HW/IPC update. HW supplier shall process the request signal via VHAL interface. The HMI layer shall maintain/update the displayed setting according to the requested value and any invalid value shall be considered invalid by HMI.
SWE1-VC-SWITCH5HoldLastState-072	6 Aux Switches, SWITCH 1 Power Mode and E-Save features	SYS-RA-VF230_V1-2328	SWITCH 5 Hold Last State	HW supplier shall notify the IPC_VEHICLE_SETUP2.AUX5_HLEnbl signal via VHAL interface. CarPropertyService shall receive the IPC_VEHICLE_SETUP2.AUX5_HLEnbl signal from VHAL and forward it to CarPropertyManager. CarPropertyManager shall expose the value to HMI via API interface. The HMI layer shall evaluate the received IPC_VEHICLE_SETUP2.AUX5_HLEnbl signal and update/display the SWITCH 5 Hold Last State information accordingly within <TDisplay>. Any invalid value shall be considered invalid by HMI.
SWE1-VC-SWITCH6HoldLastState-074	6 Aux Switches, SWITCH 1 Power Mode and E-Save features	SYS-RA-VF230_V1-2330	SWITCH 6 Hold Last State	The HMI layer shall capture the customer selection for the SWITCH 6 Hold Last State setting and send the request using CarPropertyManager.setProperty() with the TELEMATIC_FD_1.AUX6_HLEnbl_Req signal value as DISABLE. CarPropertyService shall receive the request from CarPropertyManager and forward it to VHAL/IVehicle for HW/IPC update. HW supplier shall process the request signal via VHAL interface. The HMI layer shall maintain/update the displayed setting according to the requested value and any invalid value shall be considered invalid by HMI.
SWE1-VC-SWITCH6HoldLastState-075	6 Aux Switches, SWITCH 1 Power Mode and E-Save features	SYS-RA-VF230_V1-2331	SWITCH 6 Hold Last State	The HMI layer shall capture the customer selection for the SWITCH 6 Hold Last State setting and send the request using CarPropertyManager.setProperty() with the TELEMATIC_FD_1.AUX6_HLEnbl_Req signal value as ENABLE. CarPropertyService shall receive the request from CarPropertyManager and forward it to VHAL/IVehicle for HW/IPC update. HW supplier shall process the request signal via VHAL interface. The HMI layer shall maintain/update the displayed setting according to the requested value and any invalid value shall be considered invalid by HMI.
SWE1-VC-RearGuidanceLightingwithApproach-078	6 Aux Switches, SWITCH 1 Power Mode and E-Save features	SYS-RA-VF230_V1-2597	Rear Guidance Lighting with Approach	The HMI layer shall send a request to VehicleConfigManager to retrieve the Utility_Lighting PROXI configuration. VehicleConfigManager shall communicate with VehicleConfigService, and VehicleConfigService shall check the requested Utility_Lighting value from SystemProperties / HW configuration. The response shall be returned from SystemProperties to VehicleConfigService, then to VehicleConfigManager, and finally to the HMI layer. The HMI layer shall evaluate the received Utility_Lighting PROXI value to determine the availability of the Rear Guidance Lighting with Approach feature. If Utility_Lighting = [Absent], the LTM or ETM shall not display the Rear Guidance Lighting with Approach customer setting.
SWE1-VC-RearGuidanceLightingwithApproach-079	6 Aux Switches, SWITCH 1 Power Mode and E-Save features	SYS-RA-VF230_V1-2598	Rear Guidance Lighting with Approach	The HMI layer shall send a request to VehicleConfigManager to retrieve the Utility_Lighting PROXI configuration. VehicleConfigManager shall communicate with VehicleConfigService, and VehicleConfigService shall check the requested Utility_Lighting value from SystemProperties / HW configuration. The response shall be returned from SystemProperties to VehicleConfigService, then to VehicleConfigManager, and finally to the HMI layer. The HMI layer shall evaluate the received Utility_Lighting PROXI value to determine the availability of the Rear Guidance Lighting with Approach feature. If Utility_Lighting = [Type 1], the LTM or ETM shall display the Rear Guidance Lighting with Approach customer setting.
SWE1-VC-RearGuidanceLightingwithApproach-080	6 Aux Switches, SWITCH 1 Power Mode and E-Save features	SYS-RA-VF230_V1-2599	Rear Guidance Lighting with Approach	The HMI layer shall capture the customer selection for the Rear Guidance Lighting with Approach setting and send the request using CarPropertyManager.setProperty() with the TELEMATIC_FD_8.Rear_Lights_with_Approach_Req signal value as Off_with_Approach. CarPropertyService shall receive the request from CarPropertyManager and forward it to VHAL/IVehicle for HW/IPC update. HW supplier shall process the request signal via VHAL interface. The HMI layer shall maintain/update the displayed setting according to the requested value and any invalid value shall be considered invalid by HMI.
SWE1-VC-RearGuidanceLightingwithApproach-081	6 Aux Switches, SWITCH 1 Power Mode and E-Save features	SYS-RA-VF230_V1-2600	Rear Guidance Lighting with Approach	The HMI layer shall capture the customer selection for the Rear Guidance Lighting with Approach setting and send the request using CarPropertyManager.setProperty() with the TELEMATIC_FD_8.Rear_Lights_with_Approach_Req signal value as On_with_Approach. CarPropertyService shall receive the request from CarPropertyManager and forward it to VHAL/IVehicle for HW/IPC update. HW supplier shall process the request signal via VHAL interface. The HMI layer shall maintain/update the displayed setting according to the requested value and any invalid value shall be considered invalid by HMI.
SWE1-VC-RearGuidanceLightingwithApproach-082	6 Aux Switches, SWITCH 1 Power Mode and E-Save features	SYS-RA-VF230_V1-2601	Rear Guidance Lighting with Approach	HW supplier shall notify the IPC_VEHICLE_SETUP2.Rear_Lights_with_Approach signal via VHAL interface. CarPropertyService shall receive the IPC_VEHICLE_SETUP2.Rear_Lights_with_Approach signal from VHAL and forward it to CarPropertyManager. CarPropertyManager shall expose the value to HMI via API interface. The HMI layer shall evaluate the received IPC_VEHICLE_SETUP2.Rear_Lights_with_Approach signal and update/display the Rear Guidance Lighting with Approach information accordingly within <TDisplay>. Any invalid value shall be considered invalid by HMI.
SWE1-VC-RearGuidanceLightStatus-084	6 Aux Switches, SWITCH 1 Power Mode and E-Save features	SYS-RA-VF230_V1-2603	Rear Guidance Light Status	The HMI layer shall send a request to VehicleConfigManager to retrieve the Utility_Lighting PROXI configuration. VehicleConfigManager shall communicate with VehicleConfigService, and VehicleConfigService shall check the requested Utility_Lighting value from SystemProperties / HW configuration. The response shall be returned from SystemProperties to VehicleConfigService, then to VehicleConfigManager, and finally to the HMI layer. The HMI layer shall evaluate the received Utility_Lighting PROXI value to determine the availability of the Rear Guidance Light Status feature. If Utility_Lighting = [Absent], the LTM or ETM shall not display the Rear Guidance Light Status customer setting.
SWE1-VC-RearGuidanceLightStatus-085	6 Aux Switches, SWITCH 1 Power Mode and E-Save features	SYS-RA-VF230_V1-2604	Rear Guidance Light Status	The HMI layer shall send a request to VehicleConfigManager to retrieve the Utility_Lighting PROXI configuration. VehicleConfigManager shall communicate with VehicleConfigService, and VehicleConfigService shall check the requested Utility_Lighting value from SystemProperties / HW configuration. The response shall be returned from SystemProperties to VehicleConfigService, then to VehicleConfigManager, and finally to the HMI layer. The HMI layer shall evaluate the received Utility_Lighting PROXI value to determine the availability of the Rear Guidance Light Status feature. If Utility_Lighting = [Type 1], the LTM or ETM shall display the Rear Guidance Light Status customer setting.
SWE1-VC-RearGuidanceLightStatus-086	6 Aux Switches, SWITCH 1 Power Mode and E-Save features	SYS-RA-VF230_V1-2605	Rear Guidance Light Status	The HMI layer shall capture the customer selection for the Rear Guidance Light Status setting and send the request using CarPropertyManager.setProperty() with the TELEMATIC_FD_8.Rear_Guidance_Light_Status_Req signal value as OFF. CarPropertyService shall receive the request from CarPropertyManager and forward it to VHAL/IVehicle for HW/IPC update. HW supplier shall process the request signal via VHAL interface. The HMI layer shall maintain/update the displayed setting according to the requested value and any invalid value shall be considered invalid by HMI.
SWE1-VC-RearGuidanceLightStatus-087	6 Aux Switches, SWITCH 1 Power Mode and E-Save features	SYS-RA-VF230_V1-2606	Rear Guidance Light Status	The HMI layer shall capture the customer selection for the Rear Guidance Light Status setting and send the request using CarPropertyManager.setProperty() with the TELEMATIC_FD_8.Rear_Guidance_Light_Status_Req signal value as ON. CarPropertyService shall receive the request from CarPropertyManager and forward it to VHAL/IVehicle for HW/IPC update. HW supplier shall process the request signal via VHAL interface. The HMI layer shall maintain/update the displayed setting according to the requested value and any invalid value shall be considered invalid by HMI.
SWE1-VC-RearGuidanceLightStatus-088	6 Aux Switches, SWITCH 1 Power Mode and E-Save features	SYS-RA-VF230_V1-2607	Rear Guidance Light Status	HW supplier shall notify the IPC_VEHICLE_SETUP2.Rear_Guidance_Light_Status signal via VHAL interface. CarPropertyService shall receive the IPC_VEHICLE_SETUP2.Rear_Guidance_Light_Status signal from VHAL and forward it to CarPropertyManager. CarPropertyManager shall expose the value to HMI via API interface. The HMI layer shall evaluate the received IPC_VEHICLE_SETUP2.Rear_Guidance_Light_Status signal and update/display the Under the Rear Guidance Light Status information accordingly within <TDisplay>. Any invalid value shall be considered invalid by HMI.
SWE1-VC-E-Save-090	6 Aux Switches, SWITCH 1 Power Mode and E-Save features	SYS-RA-VF230_V1-2660	E-Save	The HMI layer shall send a request to VehicleConfigManager to retrieve the eSave_Menu PROXI configuration. VehicleConfigManager shall communicate with VehicleConfigService, and VehicleConfigService shall check the requested eSave_Menu value from SystemProperties / HW configuration. The response shall be returned from SystemProperties to VehicleConfigService, then to VehicleConfigManager, and finally to the HMI layer. The HMI layer shall evaluate the received eSave_Menu PROXI value to determine the availability of the feature feature. If eSave_Menu = [Absent], the LTM or ETM shall not display the feature customer setting.
SWE1-VC-E-Save-091	6 Aux Switches, SWITCH 1 Power Mode and E-Save features	SYS-RA-VF230_V1-2661	E-Save	The HMI layer shall send a request to VehicleConfigManager to retrieve the eSave_Menu PROXI configuration. VehicleConfigManager shall communicate with VehicleConfigService, and VehicleConfigService shall check the requested eSave_Menu value from SystemProperties / HW configuration. The response shall be returned from SystemProperties to VehicleConfigService, then to VehicleConfigManager, and finally to the HMI layer. The HMI layer shall evaluate the received eSave_Menu PROXI value to determine the availability of the feature feature. If eSave_Menu = [Without Target or With Target], the LTM or ETM shall display the feature customer setting.
SWE1-VC-E-Save-092	6 Aux Switches, SWITCH 1 Power Mode and E-Save features	SYS-RA-VF230_V1-2662	E-Save	The HMI layer shall capture the customer selection for the E-Save setting and send the request using CarPropertyManager.setProperty() with the TELEMATIC_VEHICLE_SETUP.ESave_req signal value as Battery Save. CarPropertyService shall receive the request from CarPropertyManager and forward it to VHAL/IVehicle for HW/IPC update. HW supplier shall process the request signal via VHAL interface. The HMI layer shall maintain/update the displayed setting according to the requested value and any invalid value shall be considered invalid by HMI.
SWE1-VC-E-Save-093	6 Aux Switches, SWITCH 1 Power Mode and E-Save features	SYS-RA-VF230_V1-2663	E-Save	The HMI layer shall capture the customer selection for the E-Save setting and send the request using CarPropertyManager.setProperty() with the TELEMATIC_VEHICLE_SETUP.ESave_req signal value as Battery Charge. CarPropertyService shall receive the request from CarPropertyManager and forward it to VHAL/IVehicle for HW/IPC update. HW supplier shall process the request signal via VHAL interface. The HMI layer shall maintain/update the displayed setting according to the requested value and any invalid value shall be considered invalid by HMI.
SWE1-VC-E-Save-094	6 Aux Switches, SWITCH 1 Power Mode and E-Save features	SYS-RA-VF230_V1-2664	E-Save	HW supplier shall notify the IPC_VEHICLE_SETUP.ESave signal via VHAL interface. CarPropertyService shall receive the IPC_VEHICLE_SETUP.ESave signal from VHAL and forward it to CarPropertyManager. CarPropertyManager shall expose the value to HMI via API interface. The HMI layer shall evaluate the received IPC_VEHICLE_SETUP.ESave signal and update/display the E-Save information accordingly within <TDisplay>. Any invalid value shall be considered invalid by HMI.
SWE1-VC-E-Save-095	6 Aux Switches, SWITCH 1 Power Mode and E-Save features	SYS-RA-VF230_V1-2665	E-Save	Note: This is not HMI setting in radio. This is managed in CFTS 088
SWE1-VC-IlluminatedApproach-002	STLA_Illuminated_Approach - Trailer_Number_Report	SYS-RA-VF230_V1-2131	Illuminated Approach	The HMI layer shall send a request to VehicleConfigManager to retrieve the Greeting_Lights_Menu PROXI configuration status. VehicleConfigManager shall communicate with VehicleConfigService to obtain and validate the requested configuration status. The configuration response shall be returned from VehicleConfigService to VehicleConfigManager and finally provided to the HMI layer.\n\nWhen the HMI receives the value Absent via signal,\n$Greeting_Lights_Menu$,\nThen the HMI shall not display the Illuminated Approach customer setting in the Vehicle Settings menu.
SWE1-VC-IlluminatedApproach-003	STLA_Illuminated_Approach - Trailer_Number_Report	SYS-RA-VF230_V1-2132	Illuminated Approach	The HMI layer shall send a request to VehicleConfigManager to retrieve the Greeting_Lights_Menu PROXI configuration status. VehicleConfigManager shall communicate with VehicleConfigService to obtain and validate the requested configuration status. The configuration response shall be returned from VehicleConfigService to VehicleConfigManager and finally provided to the HMI layer.\n\nWhen the HMI receives the value Present via signal,\n$Greeting_Lights_Menu$,\n\nThen the HMI shall display the Illuminated Approach customer setting in the Vehicle Settings menu and allow the customer to modify the setting.
SWE1-VC-IlluminatedApproach-004	STLA_Illuminated_Approach - Trailer_Number_Report	SYS-RA-VF230_V1-2133	Illuminated Approach	When the customer chooses to set the Illuminated Approach setting to Disabled on the LTM or ETM, the HMI layer shall send the updated customer preference to CarPropertyManager via the Android Car API.\nCarPropertyManager shall invoke setProperty() with propId = Illuminated_Approach_Req and value = [Zero] to CarPropertyService.\nCarPropertyService shall forward the request to the Vehicle HAL (VHAL) via IVehicle.setValues() with the corresponding VehiclePropValue.\nThe Vehicle HAL (VHAL) shall forward the request signal to the HW.\n\nWhen the HMI receives the value as [Zero] via signal,\n$TELEMATIC_VEHICLE_SETUP.Illuminated_Approach_Req$,\n\nThen the HMI shall display the Illuminated Approach status as Disabled.
SWE1-VC-IlluminatedApproach-005	STLA_Illuminated_Approach - Trailer_Number_Report	SYS-RA-VF230_V1-2134	Illuminated Approach	When the customer chooses to set the Illuminated Approach setting to 30 seconds on the LTM or ETM, the HMI layer shall send the updated customer preference to CarPropertyManager via the Android Car API.\nCarPropertyManager shall invoke setProperty() with propId = Illuminated_Approach_Req and value = [Thirty] to CarPropertyService.\nCarPropertyService shall forward the request to the Vehicle HAL (VHAL) via IVehicle.setValues() with the corresponding VehiclePropValue.\nThe Vehicle HAL (VHAL) shall forward the request signal to the HW.\n\nWhen the HMI receives the value as [Thirty] via signal,\n$TELEMATIC_VEHICLE_SETUP.Illuminated_Approach_Req$,\n\nThen the HMI shall display the Illuminated Approach status as 30 Seconds.
SWE1-VC-IlluminatedApproach-006	STLA_Illuminated_Approach - Trailer_Number_Report	SYS-RA-VF230_V1-2135	Illuminated Approach	When the customer chooses to set the Illuminated Approach setting to 60 seconds on the LTM or ETM, the HMI layer shall send the updated customer preference to CarPropertyManager via the Android Car API.\nCarPropertyManager shall invoke setProperty() with propId = Illuminated_Approach_Req and value = [Sixty] to CarPropertyService.\nCarPropertyService shall forward the request to the Vehicle HAL (VHAL) via IVehicle.setValues() with the corresponding VehiclePropValue.\nThe Vehicle HAL (VHAL) shall forward the request signal to the HW.\n\nWhen the HMI receives the value as [Sixty] via signal,\n$TELEMATIC_VEHICLE_SETUP.Illuminated_Approach_Req$,\n\nThen the HMI shall display the Illuminated Approach status as 60 Seconds.
SWE1-VC-IlluminatedApproach-007	STLA_Illuminated_Approach - Trailer_Number_Report	SYS-RA-VF230_V1-2136	Illuminated Approach	When the customer chooses to set the Illuminated Approach setting to 90 seconds on the LTM or ETM, the HMI layer shall send the updated customer preference to CarPropertyManager via the Android Car API.\nCarPropertyManager shall invoke setProperty() with propId = Illuminated_Approach_Req and value = [Ninety] to CarPropertyService.\nCarPropertyService shall forward the request to the Vehicle HAL (VHAL) via IVehicle.setValues() with the corresponding VehiclePropValue.\n\nThe Vehicle HAL (VHAL) shall forward the request signal to the HW.\n\nWhen the HMI receives the value as [Ninety] via signal,\n$TELEMATIC_VEHICLE_SETUP.Illuminated_Approach_Req$,\n\nThen the HMI shall display the Illuminated Approach status as 90 Seconds.
SWE1-VC-IlluminatedApproach-008	STLA_Illuminated_Approach - Trailer_Number_Report	SYS-RA-VF230_V1-2137	Illuminated Approach	The HW supplier shall provide the IPC_VEHICLE_SETUP.Illuminated_Approach signal to the Android Automotive layer through the vehicle communication network and VHAL interface.\nVHAL shall forward the updated Illuminated Approach signal value to CarPropertyService, which shall update CarPropertyManager through the Android Automotive framework.\nCarPropertyManager shall notify the application layer, and the HMI/LTM/ETM layer shall process the updated setting information.\n\nWhen the LTM or ETM receives the value via signal,\n$IPC_VEHICLE_SETUP.Illuminated_Approach$,\n\nThen the LTM or ETM shall update the Illuminated Approach setting status information on the display within the defined system response time.
SWE1-VC-PaddleShifter-010	STLA_Illuminated_Approach - Trailer_Number_Report	SYS-RA-VF230_V1-2139	Paddle Shifter	The HMI layer shall send a request to VehicleConfigManager to retrieve the Paddle_Shifter_Menu PROXI configuration status. VehicleConfigManager shall communicate with VehicleConfigService to obtain and validate the requested configuration status. The configuration response shall be returned from VehicleConfigService to VehicleConfigManager and finally provided to the HMI layer.\n\nWhen the HMI receives the value Absent via signal,\n$Paddle_Shifter_Menu$,\n\nThen the HMI shall not display the Paddle Shifter customer setting in the Vehicle Settings menu.
SWE1-VC-PaddleShifter-011	STLA_Illuminated_Approach - Trailer_Number_Report	SYS-RA-VF230_V1-2140	Paddle Shifter	The HMI layer shall send a request to VehicleConfigManager to retrieve the Paddle_Shifter_Menu PROXI configuration status. VehicleConfigManager shall communicate with VehicleConfigService to obtain and validate the requested configuration status. The configuration response shall be returned from VehicleConfigService to VehicleConfigManager and finally provided to the HMI layer.\n\nWhen the HMI receives the value Present via signal,\n$Paddle_Shifter_Menu$,\n\nThen the HMI shall display the Paddle Shifter customer setting in the Vehicle Settings menu and allow the customer to modify the setting.
SWE1-VC-PaddleShifter-012	STLA_Illuminated_Approach - Trailer_Number_Report	SYS-RA-VF230_V1-2141	Paddle Shifter	When the customer chooses to disable the Paddle Shifter setting on the LTM or ETM, the HMI layer shall send the updated customer preference to CarPropertyManager via the Android Car API.\nCarPropertyManager shall invoke setProperty() with propId = Paddle_Shifter_Req and value = [Off] to CarPropertyService.\nCarPropertyService shall forward the request to the Vehicle HAL (VHAL) via IVehicle.setValues() with the corresponding VehiclePropValue.\nThe Vehicle HAL (VHAL) shall forward the request signal to the HW.\n\nWhen the HMI receives the value as [Off] via signal,\n$TELEMATIC_VEHICLE_SETUP.Paddle_Shifter_Req$,\n\nThen the HMI shall display the Paddle Shifter status as Off.
SWE1-VC-PaddleShifter-013	STLA_Illuminated_Approach - Trailer_Number_Report	SYS-RA-VF230_V1-2142	Paddle Shifter	When the customer chooses to enable the Paddle Shifter setting on the LTM or ETM, the HMI layer shall send the updated customer preference to CarPropertyManager via the Android Car API.\nCarPropertyManager shall invoke setProperty() with propId = Paddle_Shifter_Req and value = [On] to CarPropertyService.\nCarPropertyService shall forward the request to the Vehicle HAL (VHAL) via IVehicle.setValues() with the corresponding VehiclePropValue.\nThe Vehicle HAL (VHAL) shall forward the request signal to the HW.\n\nWhen the HMI receives the value as [On] via signal,\n$TELEMATIC_VEHICLE_SETUP.Paddle_Shifter_Req$,\n\nThen the HMI shall display the Paddle Shifter status as On.
SWE1-VC-PaddleShifter-014	STLA_Illuminated_Approach - Trailer_Number_Report	SYS-RA-VF230_V1-2143	Paddle Shifter	The HW supplier shall provide the IPC_VEHICLE_SETUP.Paddle_Shifter signal to the Android Automotive layer through the vehicle communication network and VHAL interface.\nVHAL shall forward the updated Paddle Shifter signal value to CarPropertyService, which shall update CarPropertyManager through the Android Automotive framework.\nCarPropertyManager shall notify the application layer, and the HMI/LTM/ETM layer shall process the updated setting information.\n\nWhen the LTM or ETM receives the value via signal,\n$IPC_VEHICLE_SETUP.Paddle_Shifter$,\n\nThen the LTM or ETM shall update the Paddle Shifter setting status information on the display within the defined system response time.
SWE1-VC-PowerLiftgate/TailgateAlert-016	STLA_Illuminated_Approach - Trailer_Number_Report	SYS-RA-VF230_V1-2145	Power Liftgate/Tailgate Alert	The HMI layer shall send a request to VehicleConfigManager to retrieve the CAN node 82 (PTGM) PROXI configuration status. VehicleConfigManager shall communicate with VehicleConfigService to obtain and validate the requested configuration status. The configuration response shall be returned from VehicleConfigService to VehicleConfigManager and finally provided to the HMI layer.\n\nWhen the HMI receives the value Absent via signal,\n$CAN_Node_82_PTGM$,\n\nThen the HMI shall not display the Power Tailgate Alert customer setting in the Vehicle Settings menu.
SWE1-VC-PowerLiftgate/TailgateAlert-017	STLA_Illuminated_Approach - Trailer_Number_Report	SYS-RA-VF230_V1-2146	Power Liftgate/Tailgate Alert	The HMI layer shall send a request to VehicleConfigManager to retrieve the CAN node 82 (PTGM) PROXI configuration status. VehicleConfigManager shall communicate with VehicleConfigService to obtain and validate the requested configuration status. The configuration response shall be returned from VehicleConfigService to VehicleConfigManager and finally provided to the HMI layer.\n\nWhen the HMI receives the value  Present via signal,\n$CAN_Node_82_PTGM$,\n\nThen the HMI shall display the Power Tailgate Alert customer setting in the Vehicle Settings menu and allow the customer to modify the setting
SWE1-VC-PowerLiftgate/TailgateAlert-018	STLA_Illuminated_Approach - Trailer_Number_Report	SYS-RA-VF230_V1-2147	Power Liftgate/Tailgate Alert	When the customer chooses to disable the Power Liftgate Alert setting on the LTM or ETM, the HMI layer shall send the updated customer preference to CarPropertyManager via the Android Car API.\nCarPropertyManager shall invoke setProperty() with propId = PLGAlert_Req and value = [Off] to CarPropertyService.\nCarPropertyService shall forward the request to the Vehicle HAL (VHAL) via IVehicle.setValues() with the corresponding VehiclePropValue.\n\nThe Vehicle HAL (VHAL) shall forward the request signal to the HW.\nWhen the HMI receives the value as [Off] via signal,\n$TELEMATIC_VEHICLE_SETUP.PLGAlert_Req$,\n\nThen the HMI shall display the Power Liftgate Alert status as Off.
SWE1-VC-PowerLiftgate/TailgateAlert-019	STLA_Illuminated_Approach - Trailer_Number_Report	SYS-RA-VF230_V1-2148	Power Liftgate/Tailgate Alert	When the customer chooses to enable the Power Liftgate Alert setting on the LTM or ETM, the HMI layer shall send the updated customer preference to CarPropertyManager via the Android Car API.\nCarPropertyManager shall invoke setProperty() with propId = PLGAlert_Req and value = [On] to CarPropertyService.\nCarPropertyService shall forward the request to the Vehicle HAL (VHAL) via IVehicle.setValues() with the corresponding VehiclePropValue.\n\nThe Vehicle HAL (VHAL) shall forward the request signal to the HW.\nWhen the HMI receives the value as [On] via signal,\n$TELEMATIC_VEHICLE_SETUP.PLGAlert_Req$,\n\nThen the HMI shall display the Power Liftgate Alert status as On.
SWE1-VC-PowerLiftgate/TailgateAlert-020	STLA_Illuminated_Approach - Trailer_Number_Report	SYS-RA-VF230_V1-2149	Power Liftgate/Tailgate Alert	The HW supplier shall provide the IPC_VEHICLE_SETUP.PLGAlert signal to the Android Automotive layer through the vehicle communication network and VHAL interface.\nVHAL shall forward the updated Power Liftgate Alert signal value to CarPropertyService, which shall update CarPropertyManager through the Android Automotive framework.\nCarPropertyManager shall notify the application layer, and the HMI/LTM/ETM layer shall process the updated setting information.\n\nWhen the LTM or ETM receives the value via signal,\n$IPC_VEHICLE_SETUP.PLGAlert$,\n\nThen the LTM or ETM shall update the Power Liftgate Alert setting status information on the display within the defined system response time.
SWE1-VC-PowerLiftgate/TailgateAlert-021	STLA_Illuminated_Approach - Trailer_Number_Report	SYS-RA-VF230_V1-2150	Power Liftgate/Tailgate Alert	The default value of the Power Tailgate Alert property shall be [On]. \nWhen the HMI receives the value [On] via signal,\n $IPC_VEHICLE_SETUP.PLGAlert$, \nthe HMI shall display the Power Tailgate Alert status as On.
SWE1-VC-PowerTailgate-023	STLA_Illuminated_Approach - Trailer_Number_Report	SYS-RA-VF230_V1-2152	Power Tailgate	The HMI layer shall send a request to VehicleConfigManager to retrieve the CAN node 82 (PTGM) PROXI configuration status. VehicleConfigManager shall communicate with VehicleConfigService to obtain and validate the requested configuration status. The configuration response shall be returned from VehicleConfigService to VehicleConfigManager and finally provided to the HMI layer.\n\nWhen the HMI receives the value Absent via signal,\n$CAN_Node_82_PTGM$,\n\nThen the HMI shall not display the Power Tailgate customer setting in the Vehicle Settings menu.
SWE1-VC-PowerTailgate-024	STLA_Illuminated_Approach - Trailer_Number_Report	SYS-RA-VF230_V1-2153	Power Tailgate	The HMI layer shall send a request to VehicleConfigManager to retrieve the CAN node 82 (PTGM) PROXI configuration status. VehicleConfigManager shall communicate with VehicleConfigService to obtain and validate the requested configuration status. The configuration response shall be returned from VehicleConfigService to VehicleConfigManager and finally provided to the HMI layer.\n\nWhen the HMI receives the value Present via signal,\n$CAN_Node_82_PTGM$,\n\nThen the HMI shall display the Power Tailgate customer setting in the Vehicle Settings menu and allow the customer to modify the setting.
SWE1-VC-PowerTailgate-025	STLA_Illuminated_Approach - Trailer_Number_Report	SYS-RA-VF230_V1-2154	Power Tailgate	When the customer chooses to set the Power Tailgate setting to Disable on the LTM or ETM, the HMI layer shall send the updated customer preference to CarPropertyManager via the Android Car API.\nCarPropertyManager shall invoke setProperty() with propId = Power_Tailgate_Enable_Req and value = [Disable] to CarPropertyService.\nCarPropertyService shall forward the request to the Vehicle HAL (VHAL) via IVehicle.setValues() with the corresponding VehiclePropValue.\nThe Vehicle HAL (VHAL) shall forward the request signal to the HW.\n\nWhen the HMI receives the value as [Disable] via signal,\n$TELEMATIC_FD_8.Power_Tailgate_Enable_Req$,\n\nThen the HMI shall display the Power Tailgate status as Disabled.
SWE1-VC-PowerTailgate-026	STLA_Illuminated_Approach - Trailer_Number_Report	SYS-RA-VF230_V1-2155	Power Tailgate	When the customer chooses to set the Power Tailgate setting to Enable on the LTM or ETM, the HMI layer shall send the updated customer preference to CarPropertyManager via the Android Car API.\nCarPropertyManager shall invoke setProperty() with propId = Power_Tailgate_Enable_Req and value = [Enable] to CarPropertyService.\nCarPropertyService shall forward the request to the Vehicle HAL (VHAL) via IVehicle.setValues() with the corresponding VehiclePropValue.\nThe Vehicle HAL (VHAL) shall forward the request signal to the HW.\n\nWhen the HMI receives the value as [Enable] via signal,\n$TELEMATIC_FD_8.Power_Tailgate_Enable_Req$,\n\nThen the HMI shall display the Power Tailgate status as Enabled.
SWE1-VC-PowerTailgate-027	STLA_Illuminated_Approach - Trailer_Number_Report	SYS-RA-VF230_V1-2156	Power Tailgate	The HW supplier shall provide the IPC_VEHICLE_SETUP2.Power_Tailgate_Enable signal to the Android Automotive layer through the vehicle communication network and VHAL interface.\nVHAL shall forward the updated Power Tailgate signal value to CarPropertyService, which shall update CarPropertyManager through the Android Automotive framework.\nCarPropertyManager shall notify the application layer, and the HMI/LTM/ETM layer shall process the updated setting information.\n\nWhen the LTM or ETM receives the value via signal,\n$IPC_VEHICLE_SETUP2.Power_Tailgate_Enable$,\n\nThen the LTM or ETM shall update the Power Tailgate setting status information on the display within the defined system response time.
SWE1-VC-PowerTailgate-028	STLA_Illuminated_Approach - Trailer_Number_Report	SYS-RA-VF230_V1-2157	Power Tailgate	The default value of the IPC_VEHICLE_SETUP2.Power_Tailgate_Enable signal shall be Enabled.\n VHAL shall forward the default signal value to CarPropertyService, which shall update CarPropertyManager through the Android Automotive framework. \nCarPropertyManager shall notify the application layer, and the HMI shall display the Power Tailgate setting status as Enabled
SWE1-VC-TrafficSignWarning-030	STLA_Illuminated_Approach - Trailer_Number_Report	SYS-RA-VF230_V1-2372	Traffic Sign Warning	The HMI layer shall send a request to VehicleConfigManager to retrieve the Traffic_Sign_Recognition_Menu PROXI configuration status. VehicleConfigManager shall communicate with VehicleConfigService to obtain and validate the requested configuration status. The configuration response shall be returned from VehicleConfigService to VehicleConfigManager and finally provided to the HMI layer.\n\nWhen the HMI receives the value Absent via signal,\n$Traffic_Sign_Recognition_Menu$,\n\nThen the HMI shall not display the Traffic Sign Warning customer setting in the Vehicle Settings menu.
SWE1-VC-TrafficSignWarning-031	STLA_Illuminated_Approach - Trailer_Number_Report	SYS-RA-VF230_V1-2373	Traffic Sign Warning	The HMI layer shall send a request to VehicleConfigManager to retrieve the Traffic_Sign_Recognition_Menu PROXI configuration status. VehicleConfigManager shall communicate with VehicleConfigService to obtain and validate the requested configuration status. The configuration response shall be returned from VehicleConfigService to VehicleConfigManager and finally provided to the HMI layer.\n\nWhen the HMI receives the value Present via signal,\n$Traffic_Sign_Recognition_Menu$,\n\nThen the HMI shall display the Traffic Sign Warning customer setting in the Vehicle Settings menu and allow the customer to modify the setting.
SWE1-VC-TrafficSignWarning-032	STLA_Illuminated_Approach - Trailer_Number_Report	SYS-RA-VF230_V1-2374	Traffic Sign Warning	When the customer chooses to disable the Traffic Sign Warning setting on the LTM or ETM, the HMI layer shall send the updated customer preference to CarPropertyManager via the Android Car API.\nCarPropertyManager shall invoke setProperty() with propId = Traffic_Sign_Warn_Req and value = [Off] to CarPropertyService.\nCarPropertyService shall forward the request to the Vehicle HAL (VHAL) via IVehicle.setValues() with the corresponding VehiclePropValue.\nThe Vehicle HAL (VHAL) shall forward the request signal to the HW.\n\nWhen the HMI receives the value as [Off] via signal,\n$TELEMATIC_VEHICLE_SETUP.Traffic_Sign_Warn_Req$,\n\nThen the HMI shall display the Traffic Sign Warning status as Off.
SWE1-VC-TrafficSignWarning-033	STLA_Illuminated_Approach - Trailer_Number_Report	SYS-RA-VF230_V1-2375	Traffic Sign Warning	When the customer chooses to set the Traffic Sign Warning setting to Visual Only on the LTM or ETM, the HMI layer shall send the updated customer preference to CarPropertyManager via the Android Car API.\nCarPropertyManager shall invoke setProperty() with propId = Traffic_Sign_Warn_Req and value = [Visual] to CarPropertyService.\nCarPropertyService shall forward the request to the Vehicle HAL (VHAL) via IVehicle.setValues() with the corresponding VehiclePropValue.\nThe Vehicle HAL (VHAL) shall forward the request signal to the HW.\n\nWhen the HMI receives the value as [Visual] via signal,\n$TELEMATIC_VEHICLE_SETUP.Traffic_Sign_Warn_Req$,\n\nThen the HMI shall display the Traffic Sign Warning setting as Visual Only.
SWE1-VC-TrafficSignWarning-034	STLA_Illuminated_Approach - Trailer_Number_Report	SYS-RA-VF230_V1-2376	Traffic Sign Warning	When the customer chooses to set the Traffic Sign Warning setting to Visual & Chime on the LTM or ETM, the HMI layer shall send the updated customer preference to CarPropertyManager via the Android Car API.\nCarPropertyManager shall invoke setProperty() with propId = Traffic_Sign_Warn_Req and value = [Visual_Chime] to CarPropertyService.\nCarPropertyService shall forward the request to the Vehicle HAL (VHAL) via IVehicle.setValues() with the corresponding VehiclePropValue.\nThe Vehicle HAL (VHAL) shall forward the request signal to the HW.\n\nWhen the HMI receives the value as [Visual_Chime] via signal,\n$TELEMATIC_VEHICLE_SETUP.Traffic_Sign_Warn_Req$,\n\nThen the HMI shall display the Traffic Sign Warning setting as Visual & Chime.
SWE1-VC-TrafficSignWarning-035	STLA_Illuminated_Approach - Trailer_Number_Report	SYS-RA-VF230_V1-2377	Traffic Sign Warning	The HW supplier shall provide the IPC_VEHICLE_SETUP.Traffic_Sign_Warn signal to the Android Automotive layer through the vehicle communication network and VHAL interface.\nVHAL shall forward the updated Traffic Sign Warning signal value to CarPropertyService, which shall update CarPropertyManager through the Android Automotive framework.\nCarPropertyManager shall notify the application layer, and the HMI/LTM/ETM layer shall process the updated setting information.\n\nWhen the LTM or ETM receives the value via signal,\n$IPC_VEHICLE_SETUP.Traffic_Sign_Warn$,\n\nThen the LTM or ETM shall update the Traffic Sign Warning setting status information on the display within the defined system response time.
SWE1-VC-NewSpeedZoneIndication-037	STLA_Illuminated_Approach - Trailer_Number_Report	SYS-RA-VF230_V1-2379	New Speed Zone Indication	The HMI layer shall send a request to VehicleConfigManager to retrieve the Intelligent_Speed_Function PROXI configuration status. VehicleConfigManager shall communicate with VehicleConfigService to obtain and validate the requested configuration status. The configuration response shall be returned from VehicleConfigService to VehicleConfigManager and finally provided to the HMI layer.\n\nWhen the HMI receives the value Absent via signal,\n$Intelligent_Speed_Function$,\n\nThen the HMI shall not display the New Speed Zone Indication customer setting in the Vehicle Settings menu.
SWE1-VC-NewSpeedZoneIndication-038	STLA_Illuminated_Approach - Trailer_Number_Report	SYS-RA-VF230_V1-2380	New Speed Zone Indication	The HMI layer shall send a request to VehicleConfigManager to retrieve the Intelligent_Speed_Function PROXI configuration status. VehicleConfigManager shall communicate with VehicleConfigService to obtain and validate the requested configuration status. The configuration response shall be returned from VehicleConfigService to VehicleConfigManager and finally provided to the HMI layer.\n\nWhen the HMI receives the value Presentvia signal,\n$Intelligent_Speed_Function$,\n\nThen the HMI shall display the New Speed Zone Indication customer setting in the Vehicle Settings menu and allow the customer to modify the setting.
SWE1-VC-NewSpeedZoneIndication-039	STLA_Illuminated_Approach - Trailer_Number_Report	SYS-RA-VF230_V1-2381	New Speed Zone Indication	When the customer chooses to disable the New Speed Zone Indication setting on the LTM or ETM, the HMI layer shall send the updated customer preference to CarPropertyManager via the Android Car API.\nCarPropertyManager shall invoke setProperty() with propId = New_Spd_Zone_Ind_Req and value = [Off] to CarPropertyService.\nCarPropertyService shall forward the request to the Vehicle HAL (VHAL) via IVehicle.setValues() with the corresponding VehiclePropValue.\nThe Vehicle HAL (VHAL) shall forward the request signal to the HW.\n\nWhen the HMI receives the value as [Off] via signal,\n$TELEMATIC_VEHICLE_SETUP.New_Spd_Zone_Ind_Req$,\n\nThen the HMI shall display the New Speed Zone Indication setting as Off.
SWE1-VC-NewSpeedZoneIndication-040	STLA_Illuminated_Approach - Trailer_Number_Report	SYS-RA-VF230_V1-2382	New Speed Zone Indication	When the customer chooses to set the New Speed Zone Indication setting to Visual Only on the LTM or ETM, the HMI layer shall send the updated customer preference to CarPropertyManager via the Android Car API.\nCarPropertyManager shall invoke setProperty() with propId = New_Spd_Zone_Ind_Req and value = [Visual] to CarPropertyService.\nCarPropertyService shall forward the request to the Vehicle HAL (VHAL) via IVehicle.setValues() with the corresponding VehiclePropValue.\nThe Vehicle HAL (VHAL) shall forward the request signal to the HW.\n\nWhen the HMI receives the value as [Visual] via signal,\n$TELEMATIC_VEHICLE_SETUP.New_Spd_Zone_Ind_Req$,\n\nThen the HMI shall display the New Speed Zone Indication setting as Visual Only.
SWE1-VC-NewSpeedZoneIndication-041	STLA_Illuminated_Approach - Trailer_Number_Report	SYS-RA-VF230_V1-2383	New Speed Zone Indication	When the customer chooses to set the New Speed Zone Indication setting to Visual & Chime on the LTM or ETM, the HMI layer shall send the updated customer preference to CarPropertyManager via the Android Car API.\nCarPropertyManager shall invoke setProperty() with propId = New_Spd_Zone_Ind_Req and value = [Visual_Chime] to CarPropertyService.\nCarPropertyService shall forward the request to the Vehicle HAL (VHAL) via IVehicle.setValues() with the corresponding VehiclePropValue.\nThe Vehicle HAL (VHAL) shall forward the request signal to the HW.\n\nWhen the HMI receives the value as [Visual_Chime] via signal,\n$TELEMATIC_VEHICLE_SETUP.New_Spd_Zone_Ind_Req$,\n\nThen the HMI shall display the New Speed Zone Indication setting as Visual & Chime.
SWE1-VC-NewSpeedZoneIndication-042	STLA_Illuminated_Approach - Trailer_Number_Report	SYS-RA-VF230_V1-2384	New Speed Zone Indication	The HW supplier shall provide the IPC_VEHICLE_SETUP.New_Spd_Zone_Ind signal to the Android Automotive layer through the vehicle communication network and VHAL interface.\nVHAL shall forward the updated New Speed Zone Indication signal value to CarPropertyService, which shall update CarPropertyManager through the Android Automotive framework.\nCarPropertyManager shall notify the application layer, and the HMI/LTM/ETM layer shall process the updated setting information.\n\nWhen the LTM or ETM receives the value via signal,\n$IPC_VEHICLE_SETUP.New_Spd_Zone_Ind$,\n\nThen the LTM or ETM shall update the New Speed Zone Indication setting information on the display within the defined system response time.
SWE1-VC-ChargePowerLevel-044	STLA_Illuminated_Approach - Trailer_Number_Report	SYS-RA-VF230_V1-2386	Charge Power Level	The HMI layer shall send a request to VehicleConfigManager to retrieve the Hybrid_Type vehicle PROXI configuration status. VehicleConfigManager shall communicate with VehicleConfigService to obtain and validate the requested configuration status. The configuration response shall be returned from VehicleConfigService to VehicleConfigManager and finally provided to the HMI layer.\n\nWhen the HMI receives the value [Hybrid_Type ≠ Battery Electric Vehicle] via signal,\n$Hybrid_Type$,\n\nThen the HMI shall not display the Charge Power Level customer setting in the Vehicle Settings menu.
SWE1-VC-ChargePowerLevel-045	STLA_Illuminated_Approach - Trailer_Number_Report	SYS-RA-VF230_V1-2387	Charge Power Level	The HMI layer shall send a request to VehicleConfigManager to retrieve the Hybrid_Type vehicle PROXI configuration status. VehicleConfigManager shall communicate with VehicleConfigService to obtain and validate the requested configuration status. The configuration response shall be returned from VehicleConfigService to VehicleConfigManager and finally provided to the HMI layer.\n\nWhen the HMI receives the value [Hybrid_Type = Battery Electric Vehicle] via signal,\n$Hybrid_Type$,\n\nThen the HMI shall display the Charge Power Level customer setting in the Vehicle Settings menu and allow the customer to modify the setting.
SWE1-VC-ChargePowerLevel-046	STLA_Illuminated_Approach - Trailer_Number_Report	SYS-RA-VF230_V1-2388	Charge Power Level	When the customer chooses to set the Charge Power Level setting to Level 1 on the LTM or ETM, the HMI layer shall send the updated customer preference to CarPropertyManager via the Android Car API.\nCarPropertyManager shall invoke setProperty() with propId = PwrLevReq and value = [Level1] to CarPropertyService.\nCarPropertyService shall forward the request to the Vehicle HAL (VHAL) via IVehicle.setValues() with the corresponding VehiclePropValue.\nThe Vehicle HAL (VHAL) shall forward the request signal to the HW.\n\nWhen the HMI receives the value as [Level1] via signal,\n$TELEMATIC_VEHICLE_SETUP.PwrLevReq$,\n\nThen the HMI shall display the Charge Power Level setting as Level 1.
SWE1-VC-ChargePowerLevel-047	STLA_Illuminated_Approach - Trailer_Number_Report	SYS-RA-VF230_V1-2389	Charge Power Level	When the customer chooses to set the Charge Power Level setting to Level 2 on the LTM or ETM, the HMI layer shall send the updated customer preference to CarPropertyManager via the Android Car API.\nCarPropertyManager shall invoke setProperty() with propId = PwrLevReq and value = [Level2] to CarPropertyService.\nCarPropertyService shall forward the request to the Vehicle HAL (VHAL) via IVehicle.setValues() with the corresponding VehiclePropValue.\nThe Vehicle HAL (VHAL) shall forward the request signal to the HW.\n\nWhen the HMI receives the value as [Level2] via signal,\n$TELEMATIC_VEHICLE_SETUP.PwrLevReq$,\n\nThen the HMI shall display the Charge Power Level setting as Level 2.
SWE1-VC-ChargePowerLevel-048	STLA_Illuminated_Approach - Trailer_Number_Report	SYS-RA-VF230_V1-2390	Charge Power Level	When the customer chooses to set the Charge Power Level setting to Level 3 on the LTM or ETM, the HMI layer shall send the updated customer preference to CarPropertyManager via the Android Car API.\nCarPropertyManager shall invoke setProperty() with propId = PwrLevReq and value = [Level3] to CarPropertyService.\nCarPropertyService shall forward the request to the Vehicle HAL (VHAL) via IVehicle.setValues() with the corresponding VehiclePropValue.\nThe Vehicle HAL (VHAL) shall forward the request signal to the HW.\n\nWhen the HMI receives the value as [Level3] via signal,\n$TELEMATIC_VEHICLE_SETUP.PwrLevReq$,\n\nThen the HMI shall display the Charge Power Level setting as Level 3.
SWE1-VC-ChargePowerLevel-049	STLA_Illuminated_Approach - Trailer_Number_Report	SYS-RA-VF230_V1-2391	Charge Power Level	When the customer chooses to set the Charge Power Level setting to Level 4 on the LTM or ETM, the HMI layer shall send the updated customer preference to CarPropertyManager via the Android Car API.\nCarPropertyManager shall invoke setProperty() with propId = PwrLevReq and value = [Level4] to CarPropertyService.\nCarPropertyService shall forward the request to the Vehicle HAL (VHAL) via IVehicle.setValues() with the corresponding VehiclePropValue.\\nThe Vehicle HAL (VHAL) shall forward the request signal to the HW.\n\nWhen the HMI receives the value as [Level4] via signal,\n$TELEMATIC_VEHICLE_SETUP.PwrLevReq$,\n\nThen the HMI shall display the Charge Power Level setting as Level 4.
SWE1-VC-ChargePowerLevel-050	STLA_Illuminated_Approach - Trailer_Number_Report	SYS-RA-VF230_V1-2392	Charge Power Level	When the customer chooses to set the Charge Power Level setting to Level 5 on the LTM or ETM, the HMI layer shall send the updated customer preference to CarPropertyManager via the Android Car API.\nCarPropertyManager shall invoke setProperty() with propId = PwrLevReq and value = [Level5] to CarPropertyService.\nCarPropertyService shall forward the request to the Vehicle HAL (VHAL) via IVehicle.setValues() with the corresponding VehiclePropValue.\n\nThe Vehicle HAL (VHAL) shall forward the request signal to the HW.\n\nWhen the HMI receives the value as [Level5] via signal,\n$TELEMATIC_VEHICLE_SETUP.PwrLevReq$,\n\nThen the HMI shall display the Charge Power Level setting as Level 5.
SWE1-VC-ChargePowerLevel-051	STLA_Illuminated_Approach - Trailer_Number_Report	SYS-RA-VF230_V1-2393	Charge Power Level	The HW supplier shall provide the IPC_VEHICLE_SETUP.PwrLev signal to the Android Automotive layer through the vehicle communication network and VHAL interface.\nVHAL shall forward the updated Charge Power Level signal value to CarPropertyService, which shall update CarPropertyManager through the Android Automotive framework.\nCarPropertyManager shall notify the application layer, and the HMI/LTM/ETM layer shall process the updated setting information.\n\nWhen the LTM or ETM receives the value via signal,\n$IPC_VEHICLE_SETUP.PwrLev$,\n\nThen the LTM or ETM shall update the Charge Power Level setting information on the display within the defined system response time.
SWE1-VC-RearSeatReminder-053	STLA_Illuminated_Approach - Trailer_Number_Report	SYS-RA-VF230_V1-2395	Rear Seat Reminder	The HMI layer shall send a request to VehicleConfigManager to retrieve the FOA_Presence PROXI configuration status. VehicleConfigManager shall communicate with VehicleConfigService to obtain and validate the requested configuration status. The configuration response shall be returned from VehicleConfigService to VehicleConfigManager and finally provided to the HMI layer.\n\nWhen the HMI receives the value [FOA_Presence ≠ Absent] via signal,\n$FOA_Presence$,\n\nThen the HMI shall not display the Rear Seat Reminder customer setting in the Vehicle Settings menu.
SWE1-VC-RearSeatReminder-054	STLA_Illuminated_Approach - Trailer_Number_Report	SYS-RA-VF230_V1-2396	Rear Seat Reminder	The HMI layer shall send a request to VehicleConfigManager to retrieve the FOA_Presence PROXI configuration status. VehicleConfigManager shall communicate with VehicleConfigService to obtain and validate the requested configuration status. The configuration response shall be returned from VehicleConfigService to VehicleConfigManager and finally provided to the HMI layer.\n\nWhen the HMI receives the value [FOA_Presence = Present] via signal,\n$FOA_Presence$,\n\nThen the HMI shall display the Rear Seat Reminder customer setting in the Vehicle Settings menu and allow the customer to modify the setting.
SWE1-VC-RearSeatReminder-055	STLA_Illuminated_Approach - Trailer_Number_Report	SYS-RA-VF230_V1-2397	Rear Seat Reminder	When the customer chooses to set the Rear Seat Reminder setting to Off on the LTM or ETM, the HMI layer shall send the updated customer preference to CarPropertyManager via the Android Car API.\nCarPropertyManager shall invoke setProperty() with propId = FOA_Alert_Type_Req and value = [Off] to CarPropertyService.\nCarPropertyService shall forward the request to the Vehicle HAL (VHAL) via IVehicle.setValues() with the corresponding VehiclePropValue.\nThe Vehicle HAL (VHAL) shall forward the request signal to the HW.\n\nWhen the HMI receives the value as [Off] via signal,\n$TELEMATIC_VEHICLE_SETUP.FOA_Alert_Type_Req$,\n\nThen the HMI shall display the Rear Seat Reminder setting as Off.
SWE1-VC-RearSeatReminder-056	STLA_Illuminated_Approach - Trailer_Number_Report	SYS-RA-VF230_V1-2398	Rear Seat Reminder	The HW supplier shall provide the IPC_VEHICLE_SETUP2.FOA_Alert_Type signal to the Android Automotive layer through the vehicle communication network and VHAL interface.\nVHAL shall forward the updated Rear Seat Reminder signal value to CarPropertyService, which shall update CarPropertyManager through the Android Automotive framework.\nCarPropertyManager shall notify the application layer, and the HMI/LTM/ETM layer shall process the updated setting information.\n\nWhen the LTM or ETM receives the value via signal,\n$IPC_VEHICLE_SETUP2.FOA_Alert_Type$,\n\nThen the LTM or ETM shall update the Rear Seat Reminder setting information on the display within the defined system response time.
SWE1-VC-RearSeatReminder-057	STLA_Illuminated_Approach - Trailer_Number_Report	SYS-RA-VF230_V1-2399	Rear Seat Reminder	When the customer chooses to set the Rear Seat Reminder setting to Cluster Warning on the LTM or ETM, the HMI layer shall send the updated customer preference to CarPropertyManager via the Android Car API.\nCarPropertyManager shall invoke setProperty() with propId = FOA_Alert_Type_Req and value = [Cluster_Warning] to CarPropertyService.\nCarPropertyService shall forward the request to the Vehicle HAL (VHAL) via IVehicle.setValues() with the corresponding VehiclePropValue.\nThe Vehicle HAL (VHAL) shall forward the request signal to the HW.\n\nWhen the HMI receives the value as [Cluster_Warning] via signal,\n$TELEMATIC_VEHICLE_SETUP.FOA_Alert_Type_Req$,\n\nThen the HMI shall display the Rear Seat Reminder setting as Cluster Warning.
SWE1-VC-TrailerNumber-059	STLA_Illuminated_Approach - Trailer_Number_Report	SYS-RA-VF230_V1-2401	Trailer Number	The HMI layer shall send a request to VehicleConfigManager to retrieve the CAN node 95 (ITBM/ITCM) PROXI  configuration status. VehicleConfigManager shall communicate with VehicleConfigService to obtain and validate the requested configuration status. The configuration response shall be returned from VehicleConfigService to VehicleConfigManager and finally provided to the HMI layer.\n\nWhen the HMI receives the value Absent via signal,\n$CAN_Node_95_ITBM_ITCM$,\n\nThen the HMI shall not display the Trailer Number customer setting in the Vehicle Settings menu.
SWE1-VC-TrailerNumber-060	STLA_Illuminated_Approach - Trailer_Number_Report	SYS-RA-VF230_V1-2402	Trailer Number	The HMI layer shall send a request to VehicleConfigManager to retrieve the CAN node 95 (ITBM/ITCM) PROXI configuration status. VehicleConfigManager shall communicate with VehicleConfigService to obtain and validate the requested configuration status. The configuration response shall be returned from VehicleConfigService to VehicleConfigManager and finally provided to the HMI layer.\n\nWhen the HMI receives the value Present via signal,\n$CAN_Node_95_ITBM_ITCM$,\n\nThen the HMI shall display the Trailer Number customer setting in the Vehicle Settings menu and allow the customer to modify the setting.
SWE1-VC-TrailerNumber-061	STLA_Illuminated_Approach - Trailer_Number_Report	SYS-RA-VF230_V1-2403	Trailer Number	When the customer chooses to set the Trailer Number customer setting to One on the LTM or ETM, the HMI layer shall send the updated customer preference to CarPropertyManager via the Android Car API.\nCarPropertyManager shall invoke setProperty() with the corresponding property identifier and value [One] to CarPropertyService.\nCarPropertyService shall forward the request to the Vehicle HAL (VHAL) via IVehicle.setValues() with the corresponding VehiclePropValue.\nThe Vehicle HAL (VHAL) shall forward the request signals to the HW.\n\nWhen the HMI receives the value as [One] via signal,\n$TELEMATIC_VEHICLE_SETUP.Trail_Num_Req$,\n\nThen the HMI shall display the Trailer Number setting as One.
SWE1-VC-TrailerNumber-062	STLA_Illuminated_Approach - Trailer_Number_Report	SYS-RA-VF230_V1-2404	Trailer Number	When the customer chooses to set the Trailer Number customer setting to Two on the LTM or ETM, the HMI layer shall send the updated customer preference to CarPropertyManager via the Android Car API.\nCarPropertyManager shall invoke setProperty() with the corresponding property identifier and value = [Two] to CarPropertyService.\nCarPropertyService shall forward the request to the Vehicle HAL (VHAL) via IVehicle.setValues() with the corresponding VehiclePropValue.\nThe Vehicle HAL (VHAL) shall forward the request signals to the HW.\n\nWhen the HMI receives the value as [Two] via signal,\n$TELEMATIC_VEHICLE_SETUP.Trail_Num_Req$,\n\nThen the HMI shall display the Trailer Number setting as Two.
SWE1-VC-TrailerNumber-063	STLA_Illuminated_Approach - Trailer_Number_Report	SYS-RA-VF230_V1-2405	Trailer Number	When the customer chooses to set the Trailer Number customer setting to Three on the LTM or ETM, the HMI layer shall send the updated customer preference to CarPropertyManager via the Android Car API.\nCarPropertyManager shall invoke setProperty() with the corresponding property identifier and value = [Three] to CarPropertyService.\nCarPropertyService shall forward the request to the Vehicle HAL (VHAL) via IVehicle.setValues() with the corresponding VehiclePropValue.\nThe Vehicle HAL (VHAL) shall forward the request signals to the HW.\n\nWhen the HMI receives the value as [Three] via signal,\n$TELEMATIC_VEHICLE_SETUP.Trail_Num_Req$,\n\nThen the HMI shall display the Trailer Number setting as Three.
SWE1-VC-TrailerNumber-064	STLA_Illuminated_Approach - Trailer_Number_Report	SYS-RA-VF230_V1-2406	Trailer Number	When the customer chooses to set the Trailer Number customer setting to Four on the LTM or ETM, the HMI layer shall send the updated customer preference to CarPropertyManager via the Android Car API.\nCarPropertyManager shall invoke setProperty() with the corresponding property identifier and value = [Four] to CarPropertyService.\nCarPropertyService shall forward the request to the Vehicle HAL (VHAL) via IVehicle.setValues() with the corresponding VehiclePropValue.\nThe Vehicle HAL (VHAL) shall forward the request signals to the HW.\n\nWhen the HMI receives the value as [Four] via signal,\n$TELEMATIC_VEHICLE_SETUP.Trail_Num_Req$,\n\nThen the HMI shall display the Trailer Number setting as Four.
SWE1-VC-TrailerNumber-065	STLA_Illuminated_Approach - Trailer_Number_Report	SYS-RA-VF230_V1-2407	Trailer Number	When the LTM or ETM receives the IPC_VEHICLE_SETUP.Trail_Num signal with the value [GOOSE] or [FIFTH],\n$IPC_VEHICLE_SETUP.Trail_Num$,\n\nThen the HMI shall treat the received value as invalid, shall not display the invalid enumeration, and shall continue displaying the previously received valid Trailer Number value until a valid signal value is received.
SWE1-VC-TrailerNumber-066	STLA_Illuminated_Approach - Trailer_Number_Report	SYS-RA-VF230_V1-2408	Trailer Number	The HW supplier shall provide the IPC_VEHICLE_SETUP.Trail_Num signal to the Android Automotive layer through the vehicle communication network and VHAL interface.\nVHAL shall forward the updated Trailer Number signal value to CarPropertyService, which shall update CarPropertyManager through the Android Automotive framework.\nCarPropertyManager shall notify the application layer, and the HMI/LTM/ETM layer shall process the updated setting information.\n\nWhen the LTM or ETM receives the value via signal,\n$IPC_VEHICLE_SETUP.Trail_Num$,\n\nThen the LTM or ETM shall update the Trailer Number, Trailer Name, and Trailer Brake Type setting information on the display within the defined system response time.
SWE1-VC-SWITCH1Type-002	STLA_SWITCH_1_Type - SWITCH 4 Hold_Last_State Features_Report	SYS-RA-VF230_V1-2227	SWITCH 1 Type	The HMI layer shall capture the customer selection for the SWITCH 1 Type setting and send the request using CarPropertyManager.setProperty() with the TELEMATIC_FD_1.AUX1_TYPE_Req signal value as LATCHING and send the signal to IPC within. CarPropertyService shall receive the request from CarPropertyManager and forward it to VHAL/IVehicle for HW/IPC update. HW supplier shall process the request signal via VHAL interface. The HMI layer shall maintain/update the displayed setting according to the requested value and any invalid value shall be considered invalid by HMI.
SWE1-VC-SWITCH1Type-003	STLA_SWITCH_1_Type - SWITCH 4 Hold_Last_State Features_Report	SYS-RA-VF230_V1-2228	SWITCH 1 Type	The HMI layer shall capture the customer selection for the SWITCH 1 Type setting and send the request using CarPropertyManager.setProperty() with the TELEMATIC_FD_1.AUX1_TYPE_Req signal value as MOMENTARY and send the signal to IPC within. CarPropertyService shall receive the request from CarPropertyManager and forward it to VHAL/IVehicle for HW/IPC update. HW supplier shall process the request signal via VHAL interface. The HMI layer shall maintain/update the displayed setting according to the requested value and any invalid value shall be considered invalid by HMI.
SWE1-VC-SWITCH1Type-004	STLA_SWITCH_1_Type - SWITCH 4 Hold_Last_State Features_Report	SYS-RA-VF230_V1-2229	SWITCH 1 Type	HW supplier shall notify the IPC_VEHICLE_SETUP2.AUX1_TYPE signal via VHAL interface. CarPropertyService shall receive the IPC_VEHICLE_SETUP2.AUX1_TYPE signal from VHAL and forward it to CarPropertyManager. CarPropertyManager shall expose the value to HMI via API interface. The HMI layer shall evaluate the received IPC_VEHICLE_SETUP2.AUX1_TYPE signal and update/display the SWITCH 1 Type setting information accordingly within <TDisplay>. Any invalid value shall be considered invalid by HMI.
SWE1-VC-SWITCH2Type-006	STLA_SWITCH_1_Type - SWITCH 4 Hold_Last_State Features_Report	SYS-RA-VF230_V1-2231	SWITCH 2 Type	The HMI layer shall capture the customer selection for the SWITCH 2 Type setting and send the request using CarPropertyManager.setProperty() with the TELEMATIC_FD_1.AUX2_TYPE_Req signal value as LATCHING and send the signal to IPC within. CarPropertyService shall receive the request from CarPropertyManager and forward it to VHAL/IVehicle for HW/IPC update. HW supplier shall process the request signal via VHAL interface. The HMI layer shall maintain/update the displayed setting according to the requested value and any invalid value shall be considered invalid by HMI.
SWE1-VC-SWITCH2Type-007	STLA_SWITCH_1_Type - SWITCH 4 Hold_Last_State Features_Report	SYS-RA-VF230_V1-2232	SWITCH 2 Type	The HMI layer shall capture the customer selection for the SWITCH 2 Type setting and send the request using CarPropertyManager.setProperty() with the TELEMATIC_FD_1.AUX2_TYPE_Req signal value as MOMENTARY and send the signal to IPC within. CarPropertyService shall receive the request from CarPropertyManager and forward it to VHAL/IVehicle for HW/IPC update. HW supplier shall process the request signal via VHAL interface. The HMI layer shall maintain/update the displayed setting according to the requested value and any invalid value shall be considered invalid by HMI.
SWE1-VC-SWITCH2Type-008	STLA_SWITCH_1_Type - SWITCH 4 Hold_Last_State Features_Report	SYS-RA-VF230_V1-2233	SWITCH 2 Type	HW supplier shall notify the IPC_VEHICLE_SETUP2.AUX2_TYPE signal via VHAL interface. CarPropertyService shall receive the IPC_VEHICLE_SETUP2.AUX2_TYPE signal from VHAL and forward it to CarPropertyManager. CarPropertyManager shall expose the value to HMI via API interface. The HMI layer shall evaluate the received IPC_VEHICLE_SETUP2.AUX2_TYPE signal and update/display the SWITCH 2 Type setting information accordingly within <TDisplay>. Any invalid value shall be considered invalid by HMI.
SWE1-VC-SWITCH3Type-010	STLA_SWITCH_1_Type - SWITCH 4 Hold_Last_State Features_Report	SYS-RA-VF230_V1-2235	SWITCH 3 Type	The HMI layer shall capture the customer selection for the SWITCH 3 Type setting and send the request using CarPropertyManager.setProperty() with the TELEMATIC_FD_1.AUX3_TYPE_Req signal value as LATCHING and send the signal to IPC within. CarPropertyService shall receive the request from CarPropertyManager and forward it to VHAL/IVehicle for HW/IPC update. HW supplier shall process the request signal via VHAL interface. The HMI layer shall maintain/update the displayed setting according to the requested value and any invalid value shall be considered invalid by HMI.
SWE1-VC-SWITCH3Type-011	STLA_SWITCH_1_Type - SWITCH 4 Hold_Last_State Features_Report	SYS-RA-VF230_V1-2236	SWITCH 3 Type	The HMI layer shall capture the customer selection for the SWITCH 3 Type setting and send the request using CarPropertyManager.setProperty() with the TELEMATIC_FD_1.AUX3_TYPE_Req signal value as MOMENTARY and send the signal to IPC within. CarPropertyService shall receive the request from CarPropertyManager and forward it to VHAL/IVehicle for HW/IPC update. HW supplier shall process the request signal via VHAL interface. The HMI layer shall maintain/update the displayed setting according to the requested value and any invalid value shall be considered invalid by HMI.
SWE1-VC-SWITCH3Type-012	STLA_SWITCH_1_Type - SWITCH 4 Hold_Last_State Features_Report	SYS-RA-VF230_V1-2237	SWITCH 3 Type	HW supplier shall notify the IPC_VEHICLE_SETUP2.AUX3_TYPE signal via VHAL interface. CarPropertyService shall receive the IPC_VEHICLE_SETUP2.AUX3_TYPE signal from VHAL and forward it to CarPropertyManager. CarPropertyManager shall expose the value to HMI via API interface. The HMI layer shall evaluate the received IPC_VEHICLE_SETUP2.AUX3_TYPE signal and update/display the SWITCH 3 Type setting information accordingly within <TDisplay>. Any invalid value shall be considered invalid by HMI.
SWE1-VC-SWITCH4Type-014	STLA_SWITCH_1_Type - SWITCH 4 Hold_Last_State Features_Report	SYS-RA-VF230_V1-2239	SWITCH 4 Type	The HMI layer shall capture the customer selection for the SWITCH 4 Type setting and send the request using CarPropertyManager.setProperty() with the TELEMATIC_FD_1.AUX4_TYPE_Req signal value as LATCHING and send the signal to IPC within. CarPropertyService shall receive the request from CarPropertyManager and forward it to VHAL/IVehicle for HW/IPC update. HW supplier shall process the request signal via VHAL interface. The HMI layer shall maintain/update the displayed setting according to the requested value and any invalid value shall be considered invalid by HMI.
SWE1-VC-SWITCH4Type-015	STLA_SWITCH_1_Type - SWITCH 4 Hold_Last_State Features_Report	SYS-RA-VF230_V1-2240	SWITCH 4 Type	The HMI layer shall capture the customer selection for the SWITCH 4 Type setting and send the request using CarPropertyManager.setProperty() with the TELEMATIC_FD_1.AUX4_TYPE_Req signal value as MOMENTARY and send the signal to IPC within. CarPropertyService shall receive the request from CarPropertyManager and forward it to VHAL/IVehicle for HW/IPC update. HW supplier shall process the request signal via VHAL interface. The HMI layer shall maintain/update the displayed setting according to the requested value and any invalid value shall be considered invalid by HMI.
SWE1-VC-SWITCH4Type-016	STLA_SWITCH_1_Type - SWITCH 4 Hold_Last_State Features_Report	SYS-RA-VF230_V1-2241	SWITCH 4 Type	HW supplier shall notify the IPC_VEHICLE_SETUP2.AUX4_TYPE signal via VHAL interface. CarPropertyService shall receive the IPC_VEHICLE_SETUP2.AUX4_TYPE signal from VHAL and forward it to CarPropertyManager. CarPropertyManager shall expose the value to HMI via API interface. The HMI layer shall evaluate the received IPC_VEHICLE_SETUP2.AUX4_TYPE signal and update/display the SWITCH 4 Type setting information accordingly within <TDisplay>. Any invalid value shall be considered invalid by HMI.
SWE1-VC-SWITCH1HoldLastState-018	STLA_SWITCH_1_Type - SWITCH 4 Hold_Last_State Features_Report	SYS-RA-VF230_V1-2243	SWITCH 1 Hold Last State	The HMI layer shall capture the customer selection for the SWITCH 1 Hold Last State setting and send the request using CarPropertyManager.setProperty() with the TELEMATIC_FD_1.AUX1_HLEnbl_Req signal value as DISABLE and send the signal to IPC within. CarPropertyService shall receive the request from CarPropertyManager and forward it to VHAL/IVehicle for HW/IPC update. HW supplier shall process the request signal via VHAL interface. The HMI layer shall maintain/update the displayed setting according to the requested value and any invalid value shall be considered invalid by HMI.
SWE1-VC-SWITCH1HoldLastState-019	STLA_SWITCH_1_Type - SWITCH 4 Hold_Last_State Features_Report	SYS-RA-VF230_V1-2244	SWITCH 1 Hold Last State	The HMI layer shall capture the customer selection for the SWITCH 1 Hold Last State setting and send the request using CarPropertyManager.setProperty() with the TELEMATIC_FD_1.AUX1_HLEnbl_Req signal value as ENABLE and send the signal to IPC within. CarPropertyService shall receive the request from CarPropertyManager and forward it to VHAL/IVehicle for HW/IPC update. HW supplier shall process the request signal via VHAL interface. The HMI layer shall maintain/update the displayed setting according to the requested value and any invalid value shall be considered invalid by HMI.
SWE1-VC-SWITCH1HoldLastState-020	STLA_SWITCH_1_Type - SWITCH 4 Hold_Last_State Features_Report	SYS-RA-VF230_V1-2245	SWITCH 1 Hold Last State	HW supplier shall notify the IPC_VEHICLE_SETUP2.AUX1_HLEnbl signal via VHAL interface. CarPropertyService shall receive the IPC_VEHICLE_SETUP2.AUX1_HLEnbl signal from VHAL and forward it to CarPropertyManager. CarPropertyManager shall expose the value to HMI via API interface. The HMI layer shall evaluate the received IPC_VEHICLE_SETUP2.AUX1_HLEnbl signal and update/display the SWITCH 1 Hold Last State setting information accordingly within <TDisplay>. Any invalid value shall be considered invalid by HMI.
SWE1-VC-SWITCH2HoldLastState-022	STLA_SWITCH_1_Type - SWITCH 4 Hold_Last_State Features_Report	SYS-RA-VF230_V1-2247	SWITCH 2 Hold Last State	The HMI layer shall capture the customer selection for the SWITCH 2 Hold Last State setting and send the request using CarPropertyManager.setProperty() with the TELEMATIC_FD_1.AUX2_HLEnbl_Req signal value as DISABLE and send the signal to IPC within. CarPropertyService shall receive the request from CarPropertyManager and forward it to VHAL/IVehicle for HW/IPC update. HW supplier shall process the request signal via VHAL interface. The HMI layer shall maintain/update the displayed setting according to the requested value and any invalid value shall be considered invalid by HMI.
SWE1-VC-SWITCH2HoldLastState-023	STLA_SWITCH_1_Type - SWITCH 4 Hold_Last_State Features_Report	SYS-RA-VF230_V1-2248	SWITCH 2 Hold Last State	The HMI layer shall capture the customer selection for the SWITCH 2 Hold Last State setting and send the request using CarPropertyManager.setProperty() with the TELEMATIC_FD_1.AUX2_HLEnbl_Req signal value as ENABLE and send the signal to IPC within. CarPropertyService shall receive the request from CarPropertyManager and forward it to VHAL/IVehicle for HW/IPC update. HW supplier shall process the request signal via VHAL interface. The HMI layer shall maintain/update the displayed setting according to the requested value and any invalid value shall be considered invalid by HMI.
SWE1-VC-SWITCH2HoldLastState-024	STLA_SWITCH_1_Type - SWITCH 4 Hold_Last_State Features_Report	SYS-RA-VF230_V1-2249	SWITCH 2 Hold Last State	HW supplier shall notify the IPC_VEHICLE_SETUP2.AUX2_HLEnbl signal via VHAL interface. CarPropertyService shall receive the IPC_VEHICLE_SETUP2.AUX2_HLEnbl signal from VHAL and forward it to CarPropertyManager. CarPropertyManager shall expose the value to HMI via API interface. The HMI layer shall evaluate the received IPC_VEHICLE_SETUP2.AUX2_HLEnbl signal and update/display the SWITCH 2 Hold Last State setting information accordingly within <TDisplay>. Any invalid value shall be considered invalid by HMI.
SWE1-VC-SWITCH3HoldLastState-026	STLA_SWITCH_1_Type - SWITCH 4 Hold_Last_State Features_Report	SYS-RA-VF230_V1-2251	SWITCH 3 Hold Last State	The HMI layer shall capture the customer selection for the SWITCH 3 Hold Last State setting and send the request using CarPropertyManager.setProperty() with the TELEMATIC_FD_1.AUX3_HLEnbl_Req signal value as DISABLE and send the signal to IPC within. CarPropertyService shall receive the request from CarPropertyManager and forward it to VHAL/IVehicle for HW/IPC update. HW supplier shall process the request signal via VHAL interface. The HMI layer shall maintain/update the displayed setting according to the requested value and any invalid value shall be considered invalid by HMI.
SWE1-VC-SWITCH3HoldLastState-027	STLA_SWITCH_1_Type - SWITCH 4 Hold_Last_State Features_Report	SYS-RA-VF230_V1-2252	SWITCH 3 Hold Last State	The HMI layer shall capture the customer selection for the SWITCH 3 Hold Last State setting and send the request using CarPropertyManager.setProperty() with the TELEMATIC_FD_1.AUX3_HLEnbl_Req signal value as ENABLE and send the signal to IPC within. CarPropertyService shall receive the request from CarPropertyManager and forward it to VHAL/IVehicle for HW/IPC update. HW supplier shall process the request signal via VHAL interface. The HMI layer shall maintain/update the displayed setting according to the requested value and any invalid value shall be considered invalid by HMI.
SWE1-VC-SWITCH3HoldLastState-028	STLA_SWITCH_1_Type - SWITCH 4 Hold_Last_State Features_Report	SYS-RA-VF230_V1-2253	SWITCH 3 Hold Last State	HW supplier shall notify the IPC_VEHICLE_SETUP2.AUX3_HLEnbl signal via VHAL interface. CarPropertyService shall receive the IPC_VEHICLE_SETUP2.AUX3_HLEnbl signal from VHAL and forward it to CarPropertyManager. CarPropertyManager shall expose the value to HMI via API interface. The HMI layer shall evaluate the received IPC_VEHICLE_SETUP2.AUX3_HLEnbl signal and update/display the SWITCH 3 Hold Last State setting information accordingly within <TDisplay>. Any invalid value shall be considered invalid by HMI.
SWE1-VC-SWITCH4HoldLastState-030	STLA_SWITCH_1_Type - SWITCH 4 Hold_Last_State Features_Report	SYS-RA-VF230_V1-2255	SWITCH 4 Hold Last State	The HMI layer shall capture the customer selection for the SWITCH 4 Hold Last State setting and send the request using CarPropertyManager.setProperty() with the TELEMATIC_FD_1.AUX4_HLEnbl_Req signal value as DISABLE and send the signal to IPC within. CarPropertyService shall receive the request from CarPropertyManager and forward it to VHAL/IVehicle for HW/IPC update. HW supplier shall process the request signal via VHAL interface. The HMI layer shall maintain/update the displayed setting according to the requested value and any invalid value shall be considered invalid by HMI.
SWE1-VC-SWITCH4HoldLastState-031	STLA_SWITCH_1_Type - SWITCH 4 Hold_Last_State Features_Report	SYS-RA-VF230_V1-2256	SWITCH 4 Hold Last State	The HMI layer shall capture the customer selection for the SWITCH 4 Hold Last State setting and send the request using CarPropertyManager.setProperty() with the TELEMATIC_FD_1.AUX4_HLEnbl_Req signal value as ENABLE and send the signal to IPC within. CarPropertyService shall receive the request from CarPropertyManager and forward it to VHAL/IVehicle for HW/IPC update. HW supplier shall process the request signal via VHAL interface. The HMI layer shall maintain/update the displayed setting according to the requested value and any invalid value shall be considered invalid by HMI.
SWE1-VC-SWITCH4HoldLastState-032	STLA_SWITCH_1_Type - SWITCH 4 Hold_Last_State Features_Report	SYS-RA-VF230_V1-2257	SWITCH 4 Hold Last State	HW supplier shall notify the IPC_VEHICLE_SETUP2.AUX4_HLEnbl signal via VHAL interface. CarPropertyService shall receive the IPC_VEHICLE_SETUP2.AUX4_HLEnbl signal from VHAL and forward it to CarPropertyManager. CarPropertyManager shall expose the value to HMI via API interface. The HMI layer shall evaluate the received IPC_VEHICLE_SETUP2.AUX4_HLEnbl signal and update/display the SWITCH 4 Hold Last State setting information accordingly within <TDisplay>. Any invalid value shall be considered invalid by HMI.
SWE1-VC-SuspensionFlashLightsWithLower-002	STLA_Suspension_Flash_Lights_With_Lower - SWITCH 4_Power_Mode Features_Report	SYS-RA-VF230_V1-2453	Suspension Flash Lights With Lower	The HMI layer shall send a request to VehicleConfigManager to retrieve the  CAN node 27 (ASM/ASCM) PROXI configuration status.\nVehicleConfigManager shall communicate with VehicleConfigService to obtain the requested configuration values.\nVehicleConfigService shall read and verify the NetCfg_ASCM and Market_Area configuration values from SystemProperties and/or HW configuration data. The configuration response shall be returned from SystemProperties to VehicleConfigService, from VehicleConfigService to VehicleConfigManager.\n\nIf CAN node 27 (ASM or ASCM) = [Absent] and Market_Area ≠ [NAFTA], the HMI shall suppress and not display the "Suspension Flash Lights With Lower" customer setting in the Vehicle Settings menu.
SWE1-VC-SuspensionFlashLightsWithLower-003	STLA_Suspension_Flash_Lights_With_Lower - SWITCH 4_Power_Mode Features_Report	SYS-RA-VF230_V1-2454	Suspension Flash Lights With Lower	The HMI layer shall send a request to VehicleConfigManager to retrieve the  CAN node 27 (ASM/ASCM) PROXI configuration status.\nVehicleConfigManager shall communicate with VehicleConfigService to obtain the requested configuration values.\nVehicleConfigService shall read and verify the NetCfg_ASCM and Market_Area configuration values from SystemProperties and/or HW configuration data. The configuration response shall be returned from SystemProperties to VehicleConfigService, from VehicleConfigService to VehicleConfigManager, and finally to the (HMI, LTM/ETM)layer.\n\nIf $CAN node 27 (ASM/ASCM)$ = [Present] and $Market_Area$ = [NAFTA], the HMI shall display the "Suspension Flash Lights With Lower" customer setting in the Vehicle Settings menu and allow the customer to modify the setting.
SWE1-VC-SuspensionFlashLightsWithLower-004	STLA_Suspension_Flash_Lights_With_Lower - SWITCH 4_Power_Mode Features_Report	SYS-RA-VF230_V1-2455	Suspension Flash Lights With Lower	When the customer chooses to disable the “Suspension Flash Lights With Lower” setting on the LTM or ETM, the HMI layer shall send the updated customer preference to CarPropertyManager via the Android Car API.\nCarPropertyManager shall invoke setProperty() with propId = Susp_Flsh_Lght_Low_Req and value = [OFF].\nCarPropertyService shall forward the request to Vehicle HAL (VHAL) via IVehicle.setValues().\nThe Vehicle HAL (VHAL) shall transmit the updated signal to the IPC/HW through the vehicle communication interface.\n\nThe HMI receives the value as OFF via signal,\n $TELEMATIC_VEHICLE_SETUP.Susp_Flsh_Lght_Low_Req$.\nThen the HMI/LTM/ETM shall update the  customer setting status to OFF in the Vehicle Settings menu.\nThe signal shall be transmitted to IPC within the defined system response time.
SWE1-VC-SuspensionFlashLightsWithLower-005	STLA_Suspension_Flash_Lights_With_Lower - SWITCH 4_Power_Mode Features_Report	SYS-RA-VF230_V1-2456	Suspension Flash Lights With Lower	When the customer chooses to enable the “Suspension Flash Lights With Lower” setting on the LTM or ETM, the HMI layer shall send the updated customer preference to CarPropertyManager via the Android Car API.\nCarPropertyManager shall invoke setProperty() with propId = Susp_Flsh_Lght_Low_Req and value = [ON].\nCarPropertyService shall forward the request to Vehicle HAL (VHAL) via IVehicle.setValues().\nThe Vehicle HAL (VHAL) shall transmit the updated signal to the IPC/HW through the vehicle communication interface.\n\nThe HMI receives the value as ON via signal, \n$TELEMATIC_VEHICLE_SETUP.Susp_Flsh_Lght_Low_Req$.\nThen the HMI/LTM/ETM shall update the customer setting status to ON in the Vehicle Settings menu.\nThe signal shall be transmitted to IPC within the defined system response time.
SWE1-VC-SuspensionFlashLightsWithLower-006	STLA_Suspension_Flash_Lights_With_Lower - SWITCH 4_Power_Mode Features_Report	SYS-RA-VF230_V1-2457	Suspension Flash Lights With Lower	The HW supplier shall provide the IPC_VEHICLE_SETUP.Susp_Flsh_Lght_Low signal to the Android Automotive software layer through the vehicle communication network and Vehicle HAL (VHAL) interface.\nThe Vehicle HAL (VHAL) shall receive the updated Suspension Flash Lights With Lower signal from the HW/IPC interface and forward the corresponding Vehicle Property value to CarPropertyService.\nCarPropertyService shall update the Vehicle Property value to CarPropertyManager through the Android Automotive framework.\nCarPropertyManager shall notify the application layer of the updated Suspension Flash Lights With Lower property value.\nThe HMI/LTM/ETM layer shall process the updated setting information.\n\nWhen the LTM or ETM receives the ON or OFF value via signal $IPC_VEHICLE_SETUP.Susp_Flsh_Lght_Low$, the LTM or ETM shall update the corresponding setting status on the display.
SWE1-VC-SuspensionSoundHornWithLower-008	STLA_Suspension_Flash_Lights_With_Lower - SWITCH 4_Power_Mode Features_Report	SYS-RA-VF230_V1-2459	Suspension Sound Horn With Lower	The HMI layer shall send a request to VehicleConfigManager to retrieve the  CAN node 27 (ASM/ASCM) PROXI configuration status.\nVehicleConfigManager shall communicate with VehicleConfigService to obtain the requested configuration values.\nVehicleConfigService shall read and verify the NetCfg_ASCM and Market_Area configuration values from SystemProperties and/or HW configuration data. The configuration response shall be returned from SystemProperties to VehicleConfigService, from VehicleConfigService to VehicleConfigManager, and finally to the (HMI, LTM/ETM)layer.\n\nIf CAN node 27 (ASM or ASCM) = [Absent] and $Market_Area$ ≠ [NAFTA], the HMI shall suppress and not display the "Suspension Sound Horn With Lower" customer setting in the Vehicle Settings menu.
SWE1-VC-SuspensionSoundHornWithLower-009	STLA_Suspension_Flash_Lights_With_Lower - SWITCH 4_Power_Mode Features_Report	SYS-RA-VF230_V1-2460	Suspension Sound Horn With Lower	The HMI layer shall send a request to VehicleConfigManager to retrieve the  CAN node 27 (ASM/ASCM) PROXI configuration status.\nVehicleConfigManager shall communicate with VehicleConfigService to obtain the requested configuration values.\nVehicleConfigService shall read and verify the NetCfg_ASCM and Market_Area configuration values from SystemProperties and/or HW configuration data. The configuration response shall be returned from SystemProperties to VehicleConfigService, from VehicleConfigService to VehicleConfigManager, and finally to the (HMI, LTM/ETM)layer.\n\nIf CAN node 27 (ASM or ASCM) = [Present] and Market_Area = [NAFTA], the HMI shall display the "Suspension Sound Horn With Lower" customer setting in the Vehicle Settings menu and allow the customer to modify the setting.
SWE1-VC-SuspensionSoundHornWithLower-010	STLA_Suspension_Flash_Lights_With_Lower - SWITCH 4_Power_Mode Features_Report	SYS-RA-VF230_V1-2461	Suspension Sound Horn With Lower	When the customer chooses to disable the “Suspension Sound Horn With Lower” setting on the LTM or ETM, the HMI layer shall send the updated customer preference to CarPropertyManager via the Android Car API.\nCarPropertyManager shall invoke setProperty() with propId = Susp_Sound_Hrn_Low_Req and value = [OFF].\nCarPropertyService shall forward the request to Vehicle HAL (VHAL) via IVehicle.setValues().\nThe Vehicle HAL (VHAL) shall transmit the updated signal to the IPC/HW through the vehicle communication interface.\n\nThe HMI receives the value as OFF via signal,\n $TELEMATIC_VEHICLE_SETUP.Susp_Sound_Hrn_Low_Req$.\nThen the HMI/LTM/ETM shall update the  customer setting status to OFF in the Vehicle Settings menu.\nThe signal shall be transmitted to IPC within the defined system response time.
SWE1-VC-SuspensionSoundHornWithLower-011	STLA_Suspension_Flash_Lights_With_Lower - SWITCH 4_Power_Mode Features_Report	SYS-RA-VF230_V1-2462	Suspension Sound Horn With Lower	When the customer chooses to enable the “Suspension Sound Horn With Lower” setting on the LTM or ETM, the HMI layer shall send the updated customer preference to CarPropertyManager via the Android Car API.\nCarPropertyManager shall invoke setProperty() with propId = Susp_Sound_Hrn_Low_Req and value = [ON].\nCarPropertyService shall forward the request to Vehicle HAL (VHAL) via IVehicle.setValues().\nThe Vehicle HAL (VHAL) shall transmit the updated signal to the IPC/HW through the vehicle communication interface.\n\nThe HMI receives the value as ON via signal, \n$TELEMATIC_VEHICLE_SETUP.Susp_Sound_Hrn_Low_Req$.\nThen the HMI/LTM/ETM shall update the customer setting status to ON in the Vehicle Settings menu.\nThe signal shall be transmitted to IPC within the defined system response time.
SWE1-VC-SuspensionSoundHornWithLower-012	STLA_Suspension_Flash_Lights_With_Lower - SWITCH 4_Power_Mode Features_Report	SYS-RA-VF230_V1-2463	Suspension Sound Horn With Lower	The HW supplier shall provide the IPC_VEHICLE_SETUP.Susp_Sound_Hrn_Low signal to the Android Automotive software layer through the vehicle communication network and Vehicle HAL (VHAL) interface.\nThe Vehicle HAL (VHAL) shall receive the updated Suspension Sound Horn With Lower signal from the HW/IPC interface and forward the corresponding Vehicle Property value to CarPropertyService.\nCarPropertyService shall update the Vehicle Property value to CarPropertyManager through the Android Automotive framework.\nCarPropertyManager shall notify the application layer of the updated Suspension Sound Horn With Lower property value.\nThe HMI/LTM/ETM layer shall process the updated setting information.\n\nWhen the LTM or ETM receives the ON or OFF value via signal $IPC_VEHICLE_SETUP.Susp_Sound_Hrn_Low$, the LTM or ETM shall update the corresponding setting status on the display.
SWE1-VC-RearGuidanceLightswith\nCargoLights-014	STLA_Suspension_Flash_Lights_With_Lower - SWITCH 4_Power_Mode Features_Report	SYS-RA-VF230_V1-2547	Rear Guidance Lights with\nCargo Lights	The HMI layer shall send a request to VehicleConfigManager to retrieve the  (Utility_Lighting)  PROXI configuration status.\nVehicleConfigManager shall communicate with VehicleConfigService to obtain the requested configuration value.\nVehicleConfigService shall read and verify the [Utility_Lighting] configuration value from SystemProperties and/or HW configuration data.\nThe configuration response shall be returned from SystemProperties to VehicleConfigService, from VehicleConfigService to VehicleConfigManager, and finally to the HMI layer.\n\nIf Utility_Lighting = [Absent], the HMI shall not display the "Rear Guidance Lights with Cargo Lights" customer setting in the Vehicle Settings menu, and the Rear Guidance Lights with Cargo Lights functionality shall not be available to the customer.
SWE1-VC-RearGuidanceLightswith\nCargoLights-015	STLA_Suspension_Flash_Lights_With_Lower - SWITCH 4_Power_Mode Features_Report	SYS-RA-VF230_V1-2548	Rear Guidance Lights with\nCargo Lights	The HMI layer shall send a request to VehicleConfigManager to retrieve the (Utility_Lighting) PROXI configuration status.\nVehicleConfigManager shall communicate with VehicleConfigService to obtain the requested configuration value.\nVehicleConfigService shall read and verify the [Utility_Lighting] configuration value from SystemProperties and/or HW configuration data.\nThe configuration response shall be returned from SystemProperties to VehicleConfigService, from VehicleConfigService to VehicleConfigManager, and finally to the HMI/LTM/ETM layer.\n\nIf Utility_Lighting = [Type 1], the LTM or ETM shall display the "Rear Guidance Lights with Cargo Lights" customer setting in the Vehicle Settings menu and allow the customer to modify it. This feature enables the rear guidance lights and cargo lights to operate together for improved rear-area visibility.
SWE1-VC-RearGuidanceLightswith\nCargoLights-016	STLA_Suspension_Flash_Lights_With_Lower - SWITCH 4_Power_Mode Features_Report	SYS-RA-VF230_V1-2549	Rear Guidance Lights with\nCargo Lights	When the customer chooses to disable the “Rear Guidance Lights with\nCargo Lights” setting on the LTM or ETM, the HMI layer shall send the updated customer preference to CarPropertyManager via the Android Car API.\nCarPropertyManager shall invoke setProperty() with propId = Rear_G_LGT_with_Cargo_Lights_Req and value = [Disable].\nCarPropertyService shall forward the request to Vehicle HAL (VHAL) via IVehicle.setValues().\nThe Vehicle HAL (VHAL) shall transmit the updated signal to the IPC/HW through the vehicle communication interface.\n\nThe HMI receives the value as Disable via signal,\n $ TELEMATIC_FD_1.Rear_G_LGT_with_Cargo_Lights_Req$.\nThen the HMI/LTM/ETM shall update the  customer setting status to Disable in the Vehicle Settings menu.\nThe signal shall be transmitted to IPC within the defined system response time.
SWE1-VC-RearGuidanceLightswith\nCargoLights-017	STLA_Suspension_Flash_Lights_With_Lower - SWITCH 4_Power_Mode Features_Report	SYS-RA-VF230_V1-2550	Rear Guidance Lights with\nCargo Lights	When the customer chooses to disable the “Rear Guidance Lights with\nCargo Lights” setting on the LTM or ETM, the HMI layer shall send the updated customer preference to CarPropertyManager via the Android Car API.\nCarPropertyManager shall invoke setProperty() with propId = Rear_G_LGT_with_Cargo_Lights_Req  and value= [Enable].\nCarPropertyService shall forward the request to Vehicle HAL (VHAL) via IVehicle.setValues().\nThe Vehicle HAL (VHAL) shall transmit the updated signal to the IPC/HW through the vehicle communication interface.\n\nThe HMI receives the value as Enable via signal,\n $ TELEMATIC_FD_1.Rear_G_LGT_with_Cargo_Lights_Req$.\nThen the HMI/LTM/ETM shall update the  customer setting status to OFF in the Vehicle Settings menu.\nThe signal shall be transmitted to IPC within the defined system response time.
SWE1-VC-RearGuidanceLightswith\nCargoLights-018	STLA_Suspension_Flash_Lights_With_Lower - SWITCH 4_Power_Mode Features_Report	SYS-RA-VF230_V1-2551	Rear Guidance Lights with\nCargo Lights	The HW supplier shall provide the IPC_VEHICLE_SETUP2.Rear_G_LGT_with_Cargo_Lights signal to the Android Automotive software layer through the vehicle communication network and Vehicle HAL (VHAL) interface.\nThe Vehicle HAL (VHAL) shall receive the updated Suspension Sound Horn With Lower signal from the HW/IPC interface and forward the corresponding Vehicle Property value to CarPropertyService.\nCarPropertyService shall update the Vehicle Property value to CarPropertyManager through the Android Automotive framework.\nCarPropertyManager shall notify the application layer of the updated Suspension Sound Horn With Lower property value.\nThe HMI/LTM/ETM layer shall process the updated setting information.\n\nWhen the LTM or ETM receives the Enable and Disable value via signal, $IPC_VEHICLE_SETUP2.Rear_G_LGT_with_Cargo_Lights$, the LTM or ETM shall update the corresponding setting status on the display.
SWE1-VC-SuspensionDefaultRideHeight-020	STLA_Suspension_Flash_Lights_With_Lower - SWITCH 4_Power_Mode Features_Report	SYS-RA-VF230_V1-2590	Suspension Default Ride Height	The HMI layer shall send a request to VehicleConfigManager to retrieve the Hybrid_Type and VC_SRT_PRSNT PROXI configuration status.\nVehicleConfigManager shall communicate with VehicleConfigService to obtain the requested configuration values.\nVehicleConfigService shall read and verify the Hybrid_Type and VC_SRT_PRSNT configuration values from SystemProperties and/or HW configuration data.\nThe configuration response shall be returned from SystemProperties to VehicleConfigService, from VehicleConfigService to VehicleConfigManager, and finally to the HMI/LTM/ETM layer.\n\nThe HW supplier shall provide the Hybrid_Type and VC_SRT_PRSNT PROXI configuration signals through the vehicle communication network in accordance with the CAN mapping defined in "Logical Identifiers and CAN Mapping v1_73" for Atl-High architecture.\n\nIf Hybrid_Type ≠ [BEV] and ≠ [REPB], and VC_SRT_PRSNT ≠ [Present], the corresponding feature section shall be enabled and available in the Vehicle Settings menu.\n\nIf Hybrid_Type = [BEV] or [REPB], or VC_SRT_PRSNT = [Present], the corresponding feature section shall be suppressed and not displayed in the Vehicle Settings menu.
SWE1-VC-SuspensionDefaultRideHeight-021	STLA_Suspension_Flash_Lights_With_Lower - SWITCH 4_Power_Mode Features_Report	SYS-RA-VF230_V1-2591	Suspension Default Ride Height	The HMI layer shall send a request to VehicleConfigManager to retrieve the CAN node 27 (ASM/ASCM) PROXI configuration status.\nVehicleConfigManager shall communicate with VehicleConfigService to obtain the requested configuration value.\nVehicleConfigService shall read and verify the NetCfg_ASCM configuration value from SystemProperties and/or HW configuration data. The configuration response shall be returned from SystemProperties to VehicleConfigService, from VehicleConfigService to VehicleConfigManager, and finally to the HMI/LTM/ETM layer.\n\nIf NetCfg_ASCM = [Absent], the HMI shall suppress and not display the "Suspension Default Ride Height" customer setting in the Vehicle Settings menu.
SWE1-VC-SuspensionDefaultRideHeight-022	STLA_Suspension_Flash_Lights_With_Lower - SWITCH 4_Power_Mode Features_Report	SYS-RA-VF230_V1-2592	Suspension Default Ride Height	The HMI layer shall send a request to VehicleConfigManager to retrieve the CAN node 27 (ASM/ASCM) PROXI configuration status.\nVehicleConfigManager shall communicate with VehicleConfigService to obtain the requested configuration value.\nVehicleConfigService shall read and verify the NetCfg_ASCM configuration value from SystemProperties and/or HW configuration data. The configuration response shall be returned from SystemProperties to VehicleConfigService, from VehicleConfigService to VehicleConfigManager, and finally to the HMI/LTM/ETM layer.\n\nIf CAN node 27 (ASM or ASCM) = [Present], the HMI shall display and enable the "Suspension Default Ride Height" customer setting in the Vehicle Settings menu and allow the customer to modify the setting.
SWE1-VC-SuspensionDefaultRideHeight-023	STLA_Suspension_Flash_Lights_With_Lower - SWITCH 4_Power_Mode Features_Report	SYS-RA-VF230_V1-2593	Suspension Default Ride Height	When the customer chooses to set the “Suspension Default Ride Height” setting to Normal on the LTM or ETM, the HMI layer shall send the updated customer preference to CarPropertyManager via the Android Car API.\nCarPropertyManager shall invoke setProperty() with propId = Default_Ride_Height_Req and value = [Normal].\nCarPropertyService shall forward the request to Vehicle HAL (VHAL) via `IVehicle.setValues()`.\nThe Vehicle HAL (VHAL) shall transmit the updated signal to the IPC/HW through the vehicle communication interface.\n\nThe HMI receives the value as Normal via signal,\n$TELEMATIC_FD_1.Default_Ride_Height_Req$.\nThen the HMI/LTM/ETM shall update the customer setting status to “Normal” in the Vehicle Settings menu.\nThe Normal ride height mode indicates that no Aerodynamic ride height adjustment shall be applied.\nThe signal shall be transmitted to IPC within the defined system response time.
SWE1-VC-SuspensionDefaultRideHeight-024	STLA_Suspension_Flash_Lights_With_Lower - SWITCH 4_Power_Mode Features_Report	SYS-RA-VF230_V1-2594	Suspension Default Ride Height	When the customer chooses to set the “Suspension Default Ride Height” setting to Aerodynamic on the LTM or ETM, the HMI layer shall send the updated customer preference to CarPropertyManager via the Android Car API.\nCarPropertyManager shall invoke setProperty() with propId = Default_Ride_Height_Req and value = [Aerodynamic].\nCarPropertyService shall forward the request to Vehicle HAL (VHAL) via IVehicle.setValues().\nThe Vehicle HAL (VHAL) shall transmit the updated signal to the IPC/HW through the vehicle communication interface.\n\nThe HMI receives the value as Aerodynamic via signal,\n$TELEMATIC_FD_1.Default_Ride_Height_Req$.\nThen the HMI/LTM/ETM shall update the customer setting status to [Aerodynamic] in the Vehicle Settings menu.\nThe Aerodynamic ride height mode indicates that the suspension system shall apply the aerodynamic ride height adjustment strategy.\nThe signal shall be transmitted to IPC within the defined system response time.
SWE1-VC-SuspensionDefaultRideHeight-025	STLA_Suspension_Flash_Lights_With_Lower - SWITCH 4_Power_Mode Features_Report	SYS-RA-VF230_V1-2595	Suspension Default Ride Height	The HW supplier shall provide the IPC_VEHICLE_SETUP2.Default_Ride_Height signal to the Android Automotive software layer through the vehicle communication network and Vehicle HAL (VHAL) interface.\nThe Vehicle HAL (VHAL) shall receive the updated Suspension Default Ride Height signal from the HW/IPC interface and forward the corresponding Vehicle Property value to CarPropertyService.\nCarPropertyService shall update the Vehicle Property value to CarPropertyManager through the Android Automotive framework.\nCarPropertyManager shall notify the application layer of the updated Suspension Default Ride Height property value.\nThe HMI/LTM/ETM layer shall process the updated setting information.\n\nWhen the LTM or ETM receives the Normal or Aerodynamic value via signal,\n$IPC_VEHICLE_SETUP2.Default_Ride_Height$, the LTM or ETM shall update the corresponding “Suspension Default Ride Height” setting status on the display within the defined system response time.
SWE1-VC-4AUXSwitches-027	STLA_Suspension_Flash_Lights_With_Lower - SWITCH 4_Power_Mode Features_Report	SYS-RA-VF230_V1-2208	4 AUX Switches	The HMI layer shall send a request to VehicleConfigManager to retrieve the AUX_Switch_Types configuration value.\n\nVehicleConfigManager shall communicate with VehicleConfigService to obtain the requested configuration value.\n\nVehicleConfigService shall read and verify the AUX_Switch_Types configuration value from SystemProperties and/or HW configuration data. The configuration response shall be returned from SystemProperties to VehicleConfigService, from VehicleConfigService to VehicleConfigManager, and finally to the HMI (LTM/ETM) layer.\n\nIf AUX_Switch_Types ≠ [Type1], the HMI shall suppress and not display the "AUX Switches" customer setting in the Vehicle Settings menu.
SWE1-VC-4AUXSwitches-028	STLA_Suspension_Flash_Lights_With_Lower - SWITCH 4_Power_Mode Features_Report	SYS-RA-VF230_V1-2209	4 AUX Switches	The HMI layer shall send a request to VehicleConfigManager to retrieve the AUX_Switch_Types PROXI configuration value.\n\nVehicleConfigManager shall communicate with VehicleConfigService to obtain the requested configuration value.\n\nVehicleConfigService shall read and verify the AUX_Switch_Types configuration value from SystemProperties and/or HW configuration data. The configuration response shall be returned from SystemProperties to VehicleConfigService, from VehicleConfigService to VehicleConfigManager, and finally to the HMI (LTM/ETM) layer.\n\nIf AUX_Switch_Types = [Type1], the HMI shall display the "AUX Switches" customer setting in the Vehicle Settings menu and allow the customer to modify the setting.
SWE1-VC-SWITCH1PowerMode-030	STLA_Suspension_Flash_Lights_With_Lower - SWITCH 4_Power_Mode Features_Report	SYS-RA-VF230_V1-2211	SWITCH 1 Power Mode	When the customer chooses to set the SWITCH 1 Power Mode setting to Ignition on the LTM or ETM, the HMI layer shall send the updated customer preference to CarPropertyManager via the Android Car API.\nCarPropertyManager shall invoke setProperty() with propId = AUX1_PWRMD_Req and value = [IGNITION].\nCarPropertyService shall forward the request to Vehicle HAL (VHAL) via IVehicle.setValues().\nThe Vehicle HAL (VHAL) shall forward the signal to the HW through the vehicle communication interface.\n\nHMI receives the value as IGNITION via signal,\n$TELEMATIC_FD_1.AUX1_PWRMD_Req$\nThen HMI shall display the SWITCH 1 Power Mode status as IGNITION.\nThe signal shall be sent to IPC within the defined system response time.\nAUX Switch 1 is powered only when the vehicle ignition is ON (RUN/ACC state).\nWhen the vehicle is turned OFF, the accessory connected to AUX 1 loses power automatically.
SWE1-VC-SWITCH1PowerMode-031	STLA_Suspension_Flash_Lights_With_Lower - SWITCH 4_Power_Mode Features_Report	SYS-RA-VF230_V1-2212	SWITCH 1 Power Mode	When the customer chooses to set the SWITCH 1 Power Mode setting to Battery on the LTM or ETM, the HMI layer shall send the updated customer preference to CarPropertyManager via the Android Car API.\nCarPropertyManager shall invoke setProperty() with propId = AUX1_PWRMD_Req and value = [BATTERY].\nCarPropertyService shall forward the request to Vehicle HAL (VHAL) via IVehicle.setValues().\nThe Vehicle HAL (VHAL) shall forward the signal to the HW through the vehicle communication interface.\n\nHMI receives the value as BATTERY via signal,\n$TELEMATIC_FD_1.AUX1_PWRMD_Req$\nThen HMI shall display the SWITCH 1 Power Mode status as BATTERY.\nThe signal shall be sent to IPC within the defined system response time.\nThe SWITCH 1 Power Mode = BATTERY means the accessory connected to AUX Switch 1 gets power directly from the vehicle battery, even when the vehicle ignition is OFF.
SWE1-VC-SWITCH1PowerMode-032	STLA_Suspension_Flash_Lights_With_Lower - SWITCH 4_Power_Mode Features_Report	SYS-RA-VF230_V1-2213	SWITCH 1 Power Mode	The HW supplier shall provide the IPC_VEHICLE_SETUP2.AUX1_PWRMD signal to the Android Automotive software layer through the vehicle communication network and Vehicle HAL (VHAL) interface.\nThe Vehicle HAL (VHAL) shall receive the updated SWITCH 1 Power Mode signal from the HW/IPC interface and forward the corresponding Vehicle Property value to CarPropertyService.\nCarPropertyService shall propagate the updated Vehicle Property value to CarPropertyManager through the Android Automotive framework.\nCarPropertyManager shall notify the application layer of the updated SWITCH 1 Power Mode property value.\nThe HMI layer shall process the updated SWITCH 1 Power Mode information and update the SWITCH 1 Power Mode setting state on the display.\n\nWhen the HMI receives the IGNITION or BATTERY value via signal $IPC_VEHICLE_SETUP2.AUX1_PWRMD$, the HMI shall display the corresponding SWITCH 1 Power Mode status on the display within the defined system response time.
SWE1-VC-SWITCH2PowerMode-034	STLA_Suspension_Flash_Lights_With_Lower - SWITCH 4_Power_Mode Features_Report	SYS-RA-VF230_V1-2215	SWITCH 2 Power Mode	When the customer chooses to set the SWITCH 2 Power Mode setting to Ignition on the LTM or ETM, the HMI layer shall send the updated customer preference to CarPropertyManager via the Android Car API.\nCarPropertyManager shall invoke setProperty() with propId = AUX2_PWRMD_Req and value = [IGNITION].\nCarPropertyService shall forward the request to Vehicle HAL (VHAL) via IVehicle.setValues().\nThe Vehicle HAL (VHAL) shall forward the signal to the HW through the vehicle communication interface.\n\nHMI receives the value as IGNITION via signal,\n$TELEMATIC_FD_1.AUX2_PWRMD_Req$\nThen HMI shall display the SWITCH 2 Power Mode status as IGNITION.\nThe signal shall be sent to IPC within the defined system response time.
SWE1-VC-SWITCH2PowerMode-035	STLA_Suspension_Flash_Lights_With_Lower - SWITCH 4_Power_Mode Features_Report	SYS-RA-VF230_V1-2216	SWITCH 2 Power Mode	When the customer chooses to set the SWITCH 2 Power Mode setting to Battery on the LTM or ETM, the HMI layer shall send the updated customer preference to CarPropertyManager via the Android Car API.\nCarPropertyManager shall invoke setProperty() with propId = AUX2_PWRMD_Req and value = [BATTERY].\nCarPropertyService shall forward the request to Vehicle HAL (VHAL) via IVehicle.setValues().\nThe Vehicle HAL (VHAL) shall forward the signal to the HW through the vehicle communication interface.\n\nHMI receives the value as BATTERY via signal,\n$TELEMATIC_FD_1.AUX2_PWRMD_Req$\nThen HMI shall display the SWITCH 2 Power Mode status as BATTERY.\nThe signal shall be sent to IPC within the defined system response time.
SWE1-VC-SWITCH2PowerMode-036	STLA_Suspension_Flash_Lights_With_Lower - SWITCH 4_Power_Mode Features_Report	SYS-RA-VF230_V1-2217	SWITCH 2 Power Mode	The HW supplier shall provide the IPC_VEHICLE_SETUP2.AUX2_PWRMD signal to the Android Automotive software layer through the vehicle communication network and Vehicle HAL (VHAL) interface.\nThe Vehicle HAL (VHAL) shall receive the updated SWITCH 2 Power Mode signal from the HW/IPC interface and forward the corresponding Vehicle Property value to CarPropertyService.\nCarPropertyService shall propagate the updated Vehicle Property value to CarPropertyManager through the Android Automotive framework.\nCarPropertyManager shall notify the application layer of the updated SWITCH 2 Power Mode property value.\nThe HMI layer shall process the updated SWITCH 2 Power Mode information and update the SWITCH 2 Power Mode setting state on the display.\n\nWhen the HMI receives the IGNITION or BATTERY value via signal $IPC_VEHICLE_SETUP2.AUX2_PWRMD$, the HMI shall display the corresponding SWITCH 2 Power Mode status on the display within the defined system response time.
SWE1-VC-SWITCH3PowerMode-038	STLA_Suspension_Flash_Lights_With_Lower - SWITCH 4_Power_Mode Features_Report	SYS-RA-VF230_V1-2219	SWITCH 3 Power Mode	When the customer chooses to set the SWITCH 3 Power Mode setting to Ignition on the LTM or ETM, the HMI layer shall send the updated customer preference to CarPropertyManager via the Android Car API.\nCarPropertyManager shall invoke setProperty() with propId = AUX3_PWRMD_Req and value = [IGNITION].\nCarPropertyService shall forward the request to Vehicle HAL (VHAL) via IVehicle.setValues().\nThe Vehicle HAL (VHAL) shall forward the signal to the HW through the vehicle communication interface.\n\nHMI receives the value as IGNITION via signal,\n$TELEMATIC_FD_1.AUX3_PWRMD_Req$\nThen HMI shall display the SWITCH 3 Power Mode status as IGNITION.\nThe signal shall be sent to IPC within the defined system response time.
SWE1-VC-SWITCH3PowerMode-039	STLA_Suspension_Flash_Lights_With_Lower - SWITCH 4_Power_Mode Features_Report	SYS-RA-VF230_V1-2220	SWITCH 3 Power Mode	When the customer chooses to set the SWITCH 3 Power Mode setting to Battery on the LTM or ETM, the HMI layer shall send the updated customer preference to CarPropertyManager via the Android Car API.\nCarPropertyManager shall invoke setProperty() with propId = AUX3_PWRMD_Req and value = [BATTERY].\nCarPropertyService shall forward the request to Vehicle HAL (VHAL) via IVehicle.setValues().\nThe Vehicle HAL (VHAL) shall forward the signal to the HW through the vehicle communication interface.\n\nHMI receives the value as BATTERY via signal,\n$TELEMATIC_FD_1.AUX3_PWRMD_Req$\nThen HMI shall display the SWITCH 3 Power Mode status as BATTERY.\nThe signal shall be sent to IPC within the defined system response time.
SWE1-VC-SWITCH3PowerMode-040	STLA_Suspension_Flash_Lights_With_Lower - SWITCH 4_Power_Mode Features_Report	SYS-RA-VF230_V1-2221	SWITCH 3 Power Mode	The HW supplier shall provide the IPC_VEHICLE_SETUP2.AUX3_PWRMD signal to the Android Automotive software layer through the vehicle communication network and Vehicle HAL (VHAL) interface.\nThe Vehicle HAL (VHAL) shall receive the updated SWITCH 3 Power Mode signal from the HW/IPC interface and forward the corresponding Vehicle Property value to CarPropertyService.\nCarPropertyService shall propagate the updated Vehicle Property value to CarPropertyManager through the Android Automotive framework.\nCarPropertyManager shall notify the application layer of the updated SWITCH 3 Power Mode property value.\nThe HMI layer shall process the updated SWITCH 3 Power Mode information and update the SWITCH 3 Power Mode setting state on the display.\n\nWhen the HMI receives the IGNITION or BATTERY value via signal $IPC_VEHICLE_SETUP2.AUX3_PWRMD$, the HMI shall display the corresponding SWITCH 3 Power Mode status on the display within the defined system response time.
SWE1-VC-SWITCH4PowerMode-042	STLA_Suspension_Flash_Lights_With_Lower - SWITCH 4_Power_Mode Features_Report	SYS-RA-VF230_V1-2223	SWITCH 4 Power Mode	When the customer chooses to set the SWITCH 4 Power Mode setting to Ignition on the LTM or ETM, the HMI layer shall send the updated customer preference to CarPropertyManager via the Android Car API.\nCarPropertyManager shall invoke setProperty() with propId = AUX4_PWRMD_Req and value = [IGNITION].\nCarPropertyService shall forward the request to Vehicle HAL (VHAL) via IVehicle.setValues().\nThe Vehicle HAL (VHAL) shall forward the signal to the HW through the vehicle communication interface.\n\nHMI receives the value as IGNITION via signal,\n$TELEMATIC_FD_1.AUX4_PWRMD_Req$\nThen HMI shall display the SWITCH 4 Power Mode status as IGNITION.\nThe signal shall be sent to IPC within the defined system response time.
SWE1-VC-SWITCH4PowerMode-043	STLA_Suspension_Flash_Lights_With_Lower - SWITCH 4_Power_Mode Features_Report	SYS-RA-VF230_V1-2224	SWITCH 4 Power Mode	When the customer chooses to set the SWITCH 4 Power Mode setting to Battery on the LTM or ETM, the HMI layer shall send the updated customer preference to CarPropertyManager via the Android Car API.\nCarPropertyManager shall invoke setProperty() with propId = AUX4_PWRMD_Req and value = [BATTERY].\nCarPropertyService shall forward the request to Vehicle HAL (VHAL) via IVehicle.setValues().\nThe Vehicle HAL (VHAL) shall forward the signal to the HW through the vehicle communication interface.\n\nHMI receives the value as BATTERY via signal,\n$TELEMATIC_FD_1.AUX4_PWRMD_Req$\nThen HMI shall display the SWITCH 4 Power Mode status as BATTERY.\nThe signal shall be sent to IPC within the defined system response time.
SWE1-VC-SWITCH4PowerMode-044	STLA_Suspension_Flash_Lights_With_Lower - SWITCH 4_Power_Mode Features_Report	SYS-RA-VF230_V1-2225	SWITCH 4 Power Mode	The HW supplier shall provide the IPC_VEHICLE_SETUP2.AUX4_PWRMD signal to the Android Automotive software layer through the vehicle communication network and VHAL. VHAL shall receive the updated SWITCH 4 Power Mode signal and forward the corresponding Vehicle Property value to CarPropertyService. CarPropertyService shall propagate the Vehicle Property value to CarPropertyManager, which shall notify the HMI of the updated SWITCH 4 Power Mode property value. The HMI shall process the updated information and update the SWITCH 4 Power Mode setting state on the display.\n\nWhen the HMI receives the IGNITION or BATTERY value via $IPC_VEHICLE_SETUP2.AUX4_PWRMD$, it shall display the corresponding SWITCH 4 Power Mode status within the defined system response time.
SWE1-VC-SuspensionServiceMode-002	STLA_Suspension_Service_Mode - Headlights_with_Wipers Features_Report	SYS-RA-VF230_V1-857	Suspension Service Mode	The HMI layer shall send a request to VehicleConfigManager to retrieve the CAN node 27 (ASM/ASCM) PROXI configuration status. VehicleConfigManager shall communicate with VehicleConfigService to obtain and validate the configuration status.\n The retrieved configuration response shall be returned from VehicleConfigService to VehicleConfigManager and finally provided to the HMI layer for feature availability handling.\n\nHMI receives the value as "Absent" via signal,\n$CAN_Node_27(ASM / ASCM)$\nThen HMI shall not display the Suspension Service Mode customer setting in the Vehicle Settings menu.
SWE1-VC-SuspensionServiceMode-003	STLA_Suspension_Service_Mode - Headlights_with_Wipers Features_Report	SYS-RA-VF230_V1-858	Suspension Service Mode	The HMI layer shall send a request to VehicleConfigManager to retrieve the CAN node 27 (ASM/ASCM) PROXI configuration status. VehicleConfigManager shall communicate with VehicleConfigService to obtain and validate the configuration status.\n The retrieved configuration response shall be returned from VehicleConfigService to VehicleConfigManager and finally provided to the HMI layer for feature availability handling.\n\nHMI receives the value as "Present" via signal,\n$CAN_Node_27(ASM / ASCM)$, \nThe HMI shall display the "Suspension Service Mode" customer setting in the Vehicle Settings menu and allow the customer to modify the setting.
SWE1-VC-SuspensionServiceMode-004	STLA_Suspension_Service_Mode - Headlights_with_Wipers Features_Report	SYS-RA-VF230_V1-859	Suspension Service Mode	When the customer chooses to enable the Suspension Service Mode setting on the LTM or ETM, the HMI layer shall send the updated customer preference to CarPropertyManager via the Android Car API.\nCarPropertyManager shall invoke setProperty() with propId = Susp_Tire_Jack_Req and value = [OFF].\nCarPropertyService shall forward the request to Vehicle HAL (VHAL) via IVehicle.setValues().\nThe Vehicle HAL (VHAL) shall transmit the updated signal to the IPC/HW through the vehicle communication interface.\n\nThe HMI receives the value as OFF via signal,\n$TELEMATIC_VEHICLE_SETUP.Susp_Tire_Jack_Req$.\nThen the HMI/LTM/ETM shall update the Suspension Service Mode customer setting status to OFF in the Vehicle Settings menu.\nThe signal shall be transmitted to IPC within the defined system response time.
SWE1-VC-SuspensionServiceMode-005	STLA_Suspension_Service_Mode - Headlights_with_Wipers Features_Report	SYS-RA-VF230_V1-860	Suspension Service Mode	When the customer chooses to enable the Suspension Service Mode setting on the LTM or ETM, the HMI layer shall send the updated customer preference to CarPropertyManager via the Android Car API.\nCarPropertyManager shall invoke setProperty() with propId = Susp_Tire_Jack_Req and value = [ON].\nCarPropertyService shall forward the request to Vehicle HAL (VHAL) via IVehicle.setValues().\nThe Vehicle HAL (VHAL) shall transmit the updated signal to the IPC/HW through the vehicle communication interface.\n\nThe HMI receives the value as ON via signal,\n$TELEMATIC_VEHICLE_SETUP.Susp_Tire_Jack_Req$.\nThen the HMI/LTM/ETM shall update the Suspension Service Mode customer setting status to ON in the Vehicle Settings menu.\nThe signal shall be transmitted to IPC within the defined system response time.
SWE1-VC-SuspensionServiceMode-006	STLA_Suspension_Service_Mode - Headlights_with_Wipers Features_Report	SYS-RA-VF230_V1-861	Suspension Service Mode	The HW supplier shall provide the IPC_VEHICLE_SETUP.Susp_Tire_Jack signal to the Android Automotive layer through the vehicle communication network and VHAL interface.\nVHAL shall forward the updated Suspension Service Mode signal value to CarPropertyService, which shall update CarPropertyManager through the Android Automotive framework.\nCarPropertyManager shall notify the application layer, and the HMI/LTM/ETM layer shall process the updated setting information.\n\nWhen the LTM or ETM receives the value via signal\n$IPC_VEHICLE_SETUP.Susp_Tire_Jack$,\nthe LTM or ETM shall update the Suspension Service Mode setting status Information on the display within the defined system response time.
SWE1-VC-SuspensionDisplayMessages-008	STLA_Suspension_Service_Mode - Headlights_with_Wipers Features_Report	SYS-RA-VF230_V1-863	Suspension Display Messages	The HMI layer shall send a request to VehicleConfigManager to retrieve the CAN node 27 (ASM/ASCM) PROXI configuration status. VehicleConfigManager shall communicate with VehicleConfigService to obtain and validate the configuration status.\n The retrieved configuration response shall be returned from VehicleConfigService to VehicleConfigManager and finally provided to the HMI layer for feature availability handling.\n\nHMI receives the value as Absent via signal,\n$CAN_Node_27(ASM / ASCM)$,\nThen HMI shall not display the Suspension Display Messages customer setting in the Vehicle Settings menu.
SWE1-VC-SuspensionDisplayMessages-009	STLA_Suspension_Service_Mode - Headlights_with_Wipers Features_Report	SYS-RA-VF230_V1-864	Suspension Display Messages	The HMI layer shall send a request to VehicleConfigManager to retrieve the CAN node 27 (ASM/ASCM) PROXI configuration status. VehicleConfigManager shall communicate with VehicleConfigService to obtain and validate the configuration status.\n The retrieved configuration response shall be returned from VehicleConfigService to VehicleConfigManager and finally provided to the HMI layer for feature availability handling.\n\nHMI receives the value as Present via signal,\n$CAN_Node_27(ASM / ASCM)$,\nThen HMI shall display the Suspension Display Messages customer setting in the Vehicle Settings menu and allow the customer to modify the setting.
SWE1-VC-SuspensionDisplayMessages-010	STLA_Suspension_Service_Mode - Headlights_with_Wipers Features_Report	SYS-RA-VF230_V1-865	Suspension Display Messages	Suspension Display Messages = All\nWhen the customer chooses All in the Suspension Display Messages setting from LTM or ETM, the HMI layer shall send the updated customer selection to CarPropertyManager through the Android Car API.\nCarPropertyManager shall invoke setProperty() with\npropId = Susp_Disp_Message_Req and value = [All].\nCarPropertyService shall forward the request to Vehicle HAL (VHAL) through IVehicle.setValues().\nThe Vehicle HAL (VHAL) shall transmit the updated signal value to IPC/HW through the vehicle communication interface.\n\nThe HMI receives the value as All via signal,\n$TELEMATIC_VEHICLE_SETUP.Susp_Disp_Message_Req$.\nThen the HMI/LTM/ETM shall update the Suspension Display Messages customer setting status to All in the Vehicle Settings menu.\nThe signal shall be transmitted to IPC within the defined system response time.
SWE1-VC-SuspensionDisplayMessages-011	STLA_Suspension_Service_Mode - Headlights_with_Wipers Features_Report	SYS-RA-VF230_V1-866	Suspension Display Messages	Suspension Display Messages = Warnings_Only\n\nWhen the customer chooses Warnings Only in the Suspension Display Messages setting from LTM or ETM, the HMI layer shall send the updated customer selection to CarPropertyManager through the Android Car API.\nCarPropertyManager shall invoke setProperty() with\npropId = Susp_Disp_Message_Req and value = [Warnings_Only].\nCarPropertyService shall forward the request to Vehicle HAL (VHAL) through IVehicle.setValues().\nThe Vehicle HAL (VHAL) shall transmit the updated signal value to IPC/HW through the vehicle communication interface.\n\nThe HMI receives the value as Warnings_Only via signal,\n$TELEMATIC_VEHICLE_SETUP.Susp_Disp_Message_Req$.\nThen the HMI/LTM/ETM shall update the Suspension Display Messages customer setting status to Warnings Only in the Vehicle Settings menu.\nThe signal shall be transmitted to IPC within the defined system response time.
SWE1-VC-SuspensionDisplayMessages-012	STLA_Suspension_Service_Mode - Headlights_with_Wipers Features_Report	SYS-RA-VF230_V1-867	Suspension Display Messages	The HW supplier shall provide the IPC_VEHICLE_SETUP.Susp_Disp_Message signal to the Android Automotive layer through the vehicle communication network and VHAL interface.\nVHAL shall forward the updated Suspension Service Mode signal value to CarPropertyService, which shall update CarPropertyManager through the Android Automotive framework.\nCarPropertyManager shall notify the application layer, and the HMI/LTM/ETM layer shall process the updated setting information.\n\nWhen the LTM or ETM receives the value via signal\n$IPC_VEHICLE_SETUP.Susp_Disp_Message$,\nthe LTM or ETM shall update the Suspension Service Mode setting status Information on the display within the defined system response time.
SWE1-VC-TiltMirrorinReverse-014	STLA_Suspension_Service_Mode - Headlights_with_Wipers Features_Report	SYS-RA-VF230_V1-869	Tilt Mirror in Reverse	The HMI layer shall send a request to VehicleConfigManager to retrieve the Tilt_in_Reverse_Mirror PROXI configuration status.\nVehicleConfigManager shall communicate with VehicleConfigService to obtain and validate the requested configuration status.\nThe configuration response shall be returned from VehicleConfigService to VehicleConfigManager and finally provided to the HMI layer.\n\nHMI receives the value as Absent via signal,\n$Tilt_in_Reverse_Mirror$,\nThen HMI shall not display the Tilt Mirror in Reverse customer setting in the Vehicle Settings menu.
SWE1-VC-TiltMirrorinReverse-015	STLA_Suspension_Service_Mode - Headlights_with_Wipers Features_Report	SYS-RA-VF230_V1-870	Tilt Mirror in Reverse	The HMI layer shall send a request to VehicleConfigManager to retrieve the Tilt_in_Reverse_Mirror PROXI configuration status.\nVehicleConfigManager shall communicate with VehicleConfigService to obtain and validate the requested configuration status.\nThe configuration response shall be returned from VehicleConfigService to VehicleConfigManager and finally provided to the HMI layer.\n\nHMI receives the value as Present via signal,\n$Tilt_in_Reverse_Mirror$,\nThen HMI shall display the Tilt Mirror in Reverse customer setting in the Vehicle Settings menu and allow the customer to modify the setting.
SWE1-VC-TiltMirrorinReverse-016	STLA_Suspension_Service_Mode - Headlights_with_Wipers Features_Report	SYS-RA-VF230_V1-871	Tilt Mirror in Reverse	When the customer chooses to disable the Tilt Mirror in Reverse setting on the LTM or ETM, the HMI layer shall send the updated customer preference to CarPropertyManager through the Android Car API.\nCarPropertyManager shall invoke setProperty() with\npropId = Tilt_Mirr_Rev_Req and value = [OFF].\nCarPropertyService shall forward the request to Vehicle HAL (VHAL) through IVehicle.setValues().\nThe Vehicle HAL (VHAL) shall transmit the updated signal value to IPC/HW through the vehicle communication interface.\n\nThe HMI receives the value as OFF via signal,\n$TELEMATIC_VEHICLE_SETUP.Tilt_Mirr_Rev_Req$.\nThen the HMI/LTM/ETM shall update the Tilt Mirror in Reverse customer setting status to OFF in the Vehicle Settings menu.\n\nThe signal shall be transmitted to IPC within the defined system response time.
SWE1-VC-TiltMirrorinReverse-017	STLA_Suspension_Service_Mode - Headlights_with_Wipers Features_Report	SYS-RA-VF230_V1-872	Tilt Mirror in Reverse	When the customer chooses to enable the Tilt Mirror in Reverse setting on the LTM or ETM, the HMI layer shall send the updated customer preference to CarPropertyManager through the Android Car API.\nCarPropertyManager shall invoke setProperty() with\npropId = Tilt_Mirr_Rev_Req and value = [ON].\nCarPropertyService shall forward the request to Vehicle HAL (VHAL) through IVehicle.setValues().\nThe Vehicle HAL (VHAL) shall transmit the updated signal value to IPC/HW through the vehicle communication interface.\n\nThe HMI receives the value as ON via signal,\n$TELEMATIC_VEHICLE_SETUP.Tilt_Mirr_Rev_Req$.\nThen the HMI/LTM/ETM shall update the Tilt Mirror in Reverse customer setting status to ON in the Vehicle Settings menu.\n\nThe signal shall be transmitted to IPC within the defined system response time.
SWE1-VC-TiltMirrorinReverse-018	STLA_Suspension_Service_Mode - Headlights_with_Wipers Features_Report	SYS-RA-VF230_V1-873	Tilt Mirror in Reverse	The HW supplier shall provide the  IPC_VEHICLE_SETUP.Tilt_Mirr_Rev signal to the Android Automotive layer through the vehicle communication network and VHAL interface.\nVHAL shall forward the updated Suspension Service Mode signal value to CarPropertyService, which shall update CarPropertyManager through the Android Automotive framework.\nCarPropertyManager shall notify the application layer, and the HMI/LTM/ETM layer shall process the updated setting information.\n\nWhen the LTM or ETM receives the value via signal\n$ IPC_VEHICLE_SETUP.Tilt_Mirr_Rev$,\nthe LTM or ETM shall update the Suspension Service Mode setting status Information on the display within the defined system response time.
SWE1-VC-TireFillAlert-020	STLA_Suspension_Service_Mode - Headlights_with_Wipers Features_Report	SYS-RA-VF230_V1-875	Tire Fill Alert	The HMI layer shall send a request to VehicleConfigManager to retrieve the Selectable_Tire_Fill_Alert PROXI configuration status.\nVehicleConfigManager shall communicate with VehicleConfigService to obtain and validate the requested configuration status.\nThe configuration response shall be returned from VehicleConfigService to VehicleConfigManager and finally provided to the HMI layer.\n\nHMI receives the value as Absent via signal,\n$Selectable_Tire_Fill_Alert$,\nThen HMI shall not display the Tire Fill Alert customer setting in the Vehicle Settings menu.
SWE1-VC-TireFillAlert-021	STLA_Suspension_Service_Mode - Headlights_with_Wipers Features_Report	SYS-RA-VF230_V1-876	Tire Fill Alert	The HMI layer shall send a request to VehicleConfigManager to retrieve the Selectable_Tire_Fill_Alert PROXI configuration status.\nVehicleConfigManager shall communicate with VehicleConfigService to obtain and validate the requested configuration status.\nThe configuration response shall be returned from VehicleConfigService to VehicleConfigManager and finally provided to the HMI layer.\n\nHMI receives the value as Present via signal,\n$Selectable_Tire_Fill_Alert$,\nThen HMI shall display the Tire Fill Alert customer setting in the Vehicle Settings menu and allow the customer to modify the setting.
SWE1-VC-TireFillAlert-022	STLA_Suspension_Service_Mode - Headlights_with_Wipers Features_Report	SYS-RA-VF230_V1-877	Tire Fill Alert	When the customer chooses to disable the Tire Fill Alert setting on the LTM or ETM, the HMI layer shall send the updated customer preference to CarPropertyManager through the Android Car API.\nCarPropertyManager shall invoke setProperty() with\npropId = Tire_Fill_Alert_Req and value = [OFF].\nCarPropertyService shall forward the request to Vehicle HAL (VHAL) through IVehicle.setValues().\nThe Vehicle HAL (VHAL) shall transmit the updated signal value to IPC/HW through the vehicle communication interface.\n\nThe HMI receives the value as OFF via signal,\n$TELEMATIC_VEHICLE_SETUP.Tire_Fill_Alert_Req$.\nThen the HMI/LTM/ETM shall update the Tire Fill Alert customer setting status to Disabled in the Vehicle Settings menu.\n\nThe signal shall be transmitted to IPC within the defined system response time.
SWE1-VC-TireFillAlert-023	STLA_Suspension_Service_Mode - Headlights_with_Wipers Features_Report	SYS-RA-VF230_V1-878	Tire Fill Alert	When the customer chooses to enable the Tire Fill Alert setting on the LTM or ETM, the HMI layer shall send the updated customer preference to CarPropertyManager through the Android Car API.\nCarPropertyManager shall invoke setProperty() with\npropId = Tire_Fill_Alert_Req and value = [ON].\nCarPropertyService shall forward the request to Vehicle HAL (VHAL) through IVehicle.setValues().\nThe Vehicle HAL (VHAL) shall transmit the updated signal value to IPC/HW through the vehicle communication interface.\n\nThe HMI receives the value as ON via signal,\n$TELEMATIC_VEHICLE_SETUP.Tire_Fill_Alert_Req$.\nThen the HMI/LTM/ETM shall update the Tire Fill Alert customer setting status to Enabled in the Vehicle Settings menu.\n\nThe signal shall be transmitted to IPC within the defined system response time.
SWE1-VC-TireFillAlert-024	STLA_Suspension_Service_Mode - Headlights_with_Wipers Features_Report	SYS-RA-VF230_V1-879	Tire Fill Alert	The HW supplier shall provide the IPC_VEHICLE_SETUP.Tire_Fill_Alert signal to the Android Automotive layer through the vehicle communication network and VHAL interface.\nVHAL shall forward the updated Suspension Service Mode signal value to CarPropertyService, which shall update CarPropertyManager through the Android Automotive framework.\nCarPropertyManager shall notify the application layer, and the HMI/LTM/ETM layer shall process the updated setting information.\n\nWhen the LTM or ETM receives the value via signal\n$IPC_VEHICLE_SETUP.Tire_Fill_Alert$,\nthe LTM or ETM shall update the Suspension Service Mode setting status Information on the display within the defined system response time.
SWE1-VC-ReadytoDrivePopUp-026	STLA_Suspension_Service_Mode - Headlights_with_Wipers Features_Report	SYS-RA-VF230_V1-881	Ready to Drive Pop-Up	The HMI layer shall send a request to VehicleConfigManager to retrieve the Ready_To_Drive_Menu PROXI configuration status.\nVehicleConfigManager shall communicate with VehicleConfigService to obtain and validate the requested configuration status.\nThe configuration response shall be returned from VehicleConfigService to VehicleConfigManager and finally provided to the HMI layer.\n\nHMI receives the value as Absent via signal,\n$Ready_To_Drive_Menu$,\nThen HMI shall not display the Ready to Drive Pop-Up customer setting in the Vehicle Settings menu.
SWE1-VC-ReadytoDrivePopUp-027	STLA_Suspension_Service_Mode - Headlights_with_Wipers Features_Report	SYS-RA-VF230_V1-882	Ready to Drive Pop-Up	The HMI layer shall send a request to VehicleConfigManager to retrieve the Ready_To_Drive_Menu  PROXI configuration status.\nVehicleConfigManager shall communicate with VehicleConfigService to obtain and validate the requested configuration status.\nThe configuration response shall be returned from VehicleConfigService to VehicleConfigManager and finally provided to the HMI layer.\n\nHMI receives the value as Present via signal,\n$Ready_To_Drive_Menu$,\nThen HMI shall display the Ready to Drive Pop-Up customer setting in the Vehicle Settings menu and allow the customer to modify the setting.
SWE1-VC-ReadytoDrivePopUp-028	STLA_Suspension_Service_Mode - Headlights_with_Wipers Features_Report	SYS-RA-VF230_V1-883	Ready to Drive Pop-Up	When the customer chooses to disable the Ready to Drive Pop-Up setting on the LTM or ETM, the HMI layer shall send the updated customer preference to CarPropertyManager through the Android Car API.\nCarPropertyManager shall invoke setProperty() with\npropId = Rdy_To_Drive_Req and value = [OFF].\nCarPropertyService shall forward the request to Vehicle HAL (VHAL) through IVehicle.setValues().\nThe Vehicle HAL (VHAL) shall transmit the updated signal value to IPC/HW through the vehicle communication interface.\n\nThe HMI receives the value as OFF via signal,\n$TELEMATIC_VEHICLE_SETUP.Rdy_To_Drive_Req$.\nThen the HMI/LTM/ETM shall update the Ready to Drive Pop-Up customer setting status to Disabled in the Vehicle Settings menu.\n\nThe signal shall be transmitted to IPC within the defined system response time.
SWE1-VC-ReadytoDrivePopUp-029	STLA_Suspension_Service_Mode - Headlights_with_Wipers Features_Report	SYS-RA-VF230_V1-884	Ready to Drive Pop-Up	When the customer chooses to enable the Ready to Drive Pop-Up setting on the LTM or ETM, the HMI layer shall send the updated customer preference to CarPropertyManager through the Android Car API.\nCarPropertyManager shall invoke setProperty() with\npropId = Rdy_To_Drive_Req and value = [ON].\nCarPropertyService shall forward the request to Vehicle HAL (VHAL) through IVehicle.setValues().\nThe Vehicle HAL (VHAL) shall transmit the updated signal value to IPC/HW through the vehicle communication interface.\n\nThe HMI receives the value as ON via signal,\n$TELEMATIC_VEHICLE_SETUP.Rdy_To_Drive_Req$.\nThen the HMI/LTM/ETM shall update the Ready to Drive Pop-Up customer setting status to Enabled in the Vehicle Settings menu.\n\nThe signal shall be transmitted to IPC within the defined system response time.
SWE1-VC-ReadytoDrivePopUp-030	STLA_Suspension_Service_Mode - Headlights_with_Wipers Features_Report	SYS-RA-VF230_V1-885	Ready to Drive Pop-Up	The HW supplier shall provide the IPC_VEHICLE_SETUP.Rdy_To_Drive signal to the Android Automotive layer through the vehicle communication network and VHAL interface.\nVHAL shall forward the updated Suspension Service Mode signal value to CarPropertyService, which shall update CarPropertyManager through the Android Automotive framework.\nCarPropertyManager shall notify the application layer, and the HMI/LTM/ETM layer shall process the updated setting information.\n\nWhen the LTM or ETM receives the value via signal\n$IPC_VEHICLE_SETUP.Rdy_To_Drive$,\nthe LTM or ETM shall update the Suspension Service Mode setting status Information on the display within the defined system response time.
SWE1-VC-AutoFoldMirrors-032	STLA_Suspension_Service_Mode - Headlights_with_Wipers Features_Report	SYS-RA-VF230_V1-2099	Auto Fold Mirrors	The HMI layer shall send a request to VehicleConfigManager to retrieve the Auto_Power_Folding_Mirrors  PROXI configuration status.\nVehicleConfigManager shall communicate with VehicleConfigService to obtain and validate the requested configuration status.\nThe configuration response shall be returned from VehicleConfigService to VehicleConfigManager and finally provided to the HMI layer.\n\nWhen the HMI receives the value as Absent via signal,\n$Auto_Power_Folding_Mirrors$,\nThe HMI/LTM/ETM shall not display the Auto Fold Mirrors customer setting in the Vehicle Settings menu.
SWE1-VC-AutoFoldMirrors-033	STLA_Suspension_Service_Mode - Headlights_with_Wipers Features_Report	SYS-RA-VF230_V1-2100	Auto Fold Mirrors	The HMI layer shall send a request to VehicleConfigManager to retrieve the Auto_Power_Folding_Mirrors  PROXI configuration status.\nVehicleConfigManager shall communicate with VehicleConfigService to obtain and validate the requested configuration status.\nThe configuration response shall be returned from VehicleConfigService to VehicleConfigManager and finally provided to the HMI layer.\n\nWhen the HMI receives the value as Present via signal,\n$Auto_Power_Folding_Mirrors$,\nThe HMI/LTM/ETM shall display the Auto Fold Mirrors customer setting in the Vehicle Settings menu and allow the customer to modify the setting.
SWE1-VC-AutoFoldMirrors-034	STLA_Suspension_Service_Mode - Headlights_with_Wipers Features_Report	SYS-RA-VF230_V1-2101	Auto Fold Mirrors	When the customer chooses to disable the Auto Fold Mirrors setting on the LTM or ETM, the HMI layer shall send the updated customer preference to CarPropertyManager through the Android Car API.\nCarPropertyManager shall invoke setProperty() with\npropId = Auto_Fold_Mirr_Req and value = [OFF].\nCarPropertyService shall forward the request to Vehicle HAL (VHAL) through IVehicle.setValues().\nThe Vehicle HAL (VHAL) shall transmit the updated signal value to IPC/HW through the vehicle communication interface.\n\nThe HMI receives the value as OFF via signal,\n$TELEMATIC_VEHICLE_SETUP.Auto_Fold_Mirr_Req$.\nThen the HMI/LTM/ETM shall update the Auto Fold Mirrors customer setting status to OFF in the Vehicle Settings menu.\n\nThe signal shall be transmitted to IPC within the defined system response time.
SWE1-VC-AutoFoldMirrors-035	STLA_Suspension_Service_Mode - Headlights_with_Wipers Features_Report	SYS-RA-VF230_V1-2102	Auto Fold Mirrors	When the customer chooses to enable the Auto Fold Mirrors setting on the LTM or ETM, the HMI layer shall send the updated customer preference to CarPropertyManager through the Android Car API.\nCarPropertyManager shall invoke setProperty() with\npropId = Auto_Fold_Mirr_Req and value = [ON].\nCarPropertyService shall forward the request to Vehicle HAL (VHAL) through IVehicle.setValues().\nThe Vehicle HAL (VHAL) shall transmit the updated signal value to IPC/HW through the vehicle communication interface.\n\nThe HMI receives the value as ON via signal,\n$TELEMATIC_VEHICLE_SETUP.Auto_Fold_Mirr_Req$.\nThen the HMI/LTM/ETM shall update the Auto Fold Mirrors customer setting status to ON in the Vehicle Settings menu.\n\nThe signal shall be transmitted to IPC within the defined system response time.
SWE1-VC-AutoFoldMirrors-036	STLA_Suspension_Service_Mode - Headlights_with_Wipers Features_Report	SYS-RA-VF230_V1-2103	Auto Fold Mirrors	The HW supplier shall provide the IPC_VEHICLE_SETUP.Auto_Fold_Mirr signal to the Android Automotive layer through the vehicle communication network and VHAL interface.\nVHAL shall forward the updated Auto Fold Mirrors signal value to CarPropertyService, which shall update CarPropertyManager through the Android Automotive framework.\nCarPropertyManager shall notify the application layer, and the HMI/LTM/ETM layer shall process the updated setting information.\n\nWhen the LTM or ETM receives the value via signal,\n$IPC_VEHICLE_SETUP.Auto_Fold_Mirr$,\nthe LTM or ETM shall update the Auto Fold Mirrors setting status information on the display within the defined system response time.
SWE1-VC-DriverEasyExitSeat-038	STLA_Suspension_Service_Mode - Headlights_with_Wipers Features_Report	SYS-RA-VF230_V1-2105	Driver Easy Exit Seat	The HMI layer shall send a request to VehicleConfigManager to retrieve the Easy_Entry_Menu  PROXI configuration status. VehicleConfigManager shall communicate with VehicleConfigService to obtain and validate the requested configuration status. The configuration response shall be returned from VehicleConfigService to VehicleConfigManager and finally provided to the HMI layer.\n\nWhen the HMI receives the value as Absent via signal,\n$Easy_Entry_Menu$,\nThen the HMI shall not display the Driver Easy Exit Seat customer setting in the Vehicle Settings menu.
SWE1-VC-DriverEasyExitSeat-039	STLA_Suspension_Service_Mode - Headlights_with_Wipers Features_Report	SYS-RA-VF230_V1-2106	Driver Easy Exit Seat	The HMI layer shall send a request to VehicleConfigManager to retrieve the Easy_Entry_Menu PROXI configuration status. VehicleConfigManager shall communicate with VehicleConfigService to obtain and validate the requested configuration status. The configuration response shall be returned from VehicleConfigService to VehicleConfigManager and finally provided to the HMI layer.\n\nWhen the HMI receives the value as Present via signal,\n$Easy_Entry_Menu$,\nThen the HMI shall display the Driver Easy Exit Seat customer setting in the Vehicle Settings menu and allow the customer to modify the setting.
SWE1-VC-DriverEasyExitSeat-040	STLA_Suspension_Service_Mode - Headlights_with_Wipers Features_Report	SYS-RA-VF230_V1-2107	Driver Easy Exit Seat	When the customer chooses to disable the Driver Easy Exit Seat setting on the LTM or ETM, the HMI layer shall send the updated customer preference to CarPropertyManager through the Android Car API.\nCarPropertyManager shall invoke setProperty() with:\npropId = Easy_Exit_D_Req and value = [OFF].\nCarPropertyService shall forward the request to Vehicle HAL (VHAL) through IVehicle.setValues().\nThe Vehicle HAL (VHAL) shall transmit the updated signal value to IPC/HW through the vehicle communication interface.\n\nThe HMI receives the value as OFF via signal,\n$TELEMATIC_VEHICLE_SETUP.Easy_Exit_D_Req$.\nThen the HMI/LTM/ETM shall update the Driver Easy Exit Seat customer setting status to OFF in the Vehicle Settings menu.\n\nThe signal shall be transmitted to IPC within the defined system response time.
SWE1-VC-DriverEasyExitSeat-041	STLA_Suspension_Service_Mode - Headlights_with_Wipers Features_Report	SYS-RA-VF230_V1-2108	Driver Easy Exit Seat	When the customer chooses to enable the Driver Easy Exit Seat setting on the LTM or ETM, the HMI layer shall send the updated customer preference to CarPropertyManager through the Android Car API.\nCarPropertyManager shall invoke setProperty() with:\npropId = Easy_Exit_D_Req and value = [ON].\nCarPropertyService shall forward the request to Vehicle HAL (VHAL) through IVehicle.setValues().\nThe Vehicle HAL (VHAL) shall transmit the updated signal value to IPC/HW through the vehicle communication interface.\n\nThe HMI receives the value as ON via signal,\n$TELEMATIC_VEHICLE_SETUP.Easy_Exit_D_Req$.\nThen the HMI/LTM/ETM shall update the Driver Easy Exit Seat customer setting status to ON in the Vehicle Settings menu.\n\nThe signal shall be transmitted to IPC within the defined system response time.
SWE1-VC-DriverEasyExitSeat-042	STLA_Suspension_Service_Mode - Headlights_with_Wipers Features_Report	SYS-RA-VF230_V1-2109	Driver Easy Exit Seat	The HW supplier shall provide the IPC_VEHICLE_SETUP.Easy_Exit_D signal to the Android Automotive layer through the vehicle communication network and VHAL interface.\nVHAL shall forward the updated Driver Easy Exit Seat signal value to CarPropertyService, which shall update CarPropertyManager through the Android Automotive framework.\nCarPropertyManager shall notify the application layer, and the HMI/LTM/ETM layer shall process the updated setting information.\n\nWhen the LTM or ETM receives the value via signal,\n$IPC_VEHICLE_SETUP.Easy_Exit_D$,\nthe LTM or ETM shall update the Driver Easy Exit Seat setting status information on the display within the defined system response time.
SWE1-VC-EngineOffPowerDelay-044	STLA_Suspension_Service_Mode - Headlights_with_Wipers Features_Report	SYS-RA-VF230_V1-2111	Engine Off Power Delay	The HMI layer shall send a request to VehicleConfigManager to retrieve the Country_Code PROXI configuration status. VehicleConfigManager shall communicate with VehicleConfigService to obtain and validate the requested configuration status. The configuration response shall be returned from VehicleConfigService to VehicleConfigManager and finally provided to the HMI layer.\n\nWhen the HMI receives the value [Country Code = Australia] via signal,\n$Country_Code$,\nThen the HMI shall not display the Engine Off Power Delay customer setting in the Vehicle Settings menu.
SWE1-VC-EngineOffPowerDelay-045	STLA_Suspension_Service_Mode - Headlights_with_Wipers Features_Report	SYS-RA-VF230_V1-2112	Engine Off Power Delay	The HMI layer shall send a request to VehicleConfigManager to retrieve the Country_Code PROXI configuration status. VehicleConfigManager shall communicate with VehicleConfigService to obtain and validate the requested configuration status. The configuration response shall be returned from VehicleConfigService to VehicleConfigManager and finally provided to the HMI layer.\n\nWhen the HMI receives the value [Country Code ≠ Australia] via signal,\n$Country_Code$,\nThen the HMI shall display the Engine Off Power Delay customer setting in the Vehicle Settings menu and allow the customer to modify the setting.
SWE1-VC-EngineOffPowerDelay-046	STLA_Suspension_Service_Mode - Headlights_with_Wipers Features_Report	SYS-RA-VF230_V1-2113	Engine Off Power Delay	When the customer chooses to set the Engine Off Power Delay setting to 0 seconds on the LTM or ETM, the HMI layer shall send the updated customer preference to CarPropertyManager via the Android Car API.\nCarPropertyManager shall invoke setProperty() with propId = Eng_Off_Pwr_Delay_Req and value = [Zero] to CarPropertyService.\nCarPropertyService shall forward the request to the Vehicle HAL (VHAL) via IVehicle.setValues() with the corresponding VehiclePropValue.\nThe Vehicle HAL (VHAL) shall forward the request signal to the HW.\n\nHMI receives the value as [Zero] via signal,\n$TELEMATIC_VEHICLE_SETUP.Eng_Off_Pwr_Delay_Req$\nThen HMI shall display the Engine Off Power Delay status as Disabled.\n\nAfter the vehicle OFF conditions are satisfied, the retained vehicle power functions shall be turned OFF immediately.
SWE1-VC-EngineOffPowerDelay-047	STLA_Suspension_Service_Mode - Headlights_with_Wipers Features_Report	SYS-RA-VF230_V1-2114	Engine Off Power Delay	When the customer chooses to set the Engine Off Power Delay setting to 45 seconds on the LTM or ETM, the HMI layer shall send the updated customer preference to CarPropertyManager via the Android Car API.\nCarPropertyManager shall invoke setProperty() with propId = Eng_Off_Pwr_Delay_Req and value = [Forty_Five_Sec] to CarPropertyService.\nCarPropertyService shall forward the request to the Vehicle HAL (VHAL) via IVehicle.setValues() with the corresponding VehiclePropValue.\nThe Vehicle HAL (VHAL) shall forward the request signal to the HW.\n\nHMI receives the value as [Forty_Five_Sec] via signal,\n$TELEMATIC_VEHICLE_SETUP.Eng_Off_Pwr_Delay_Req$\nThen HMI shall display the Engine Off Power Delay status as 45 Seconds.\n\nAfter the vehicle OFF conditions are satisfied, the retained vehicle power functions shall remain ON for 45 seconds before turning OFF automatically.
SWE1-VC-EngineOffPowerDelay-048	STLA_Suspension_Service_Mode - Headlights_with_Wipers Features_Report	SYS-RA-VF230_V1-2115	Engine Off Power Delay	When the customer chooses to set the Engine Off Power Delay setting to 5 minutes on the LTM or ETM, the HMI layer shall send the updated customer preference to CarPropertyManager via the Android Car API.\nCarPropertyManager shall invoke setProperty() with propId = Eng_Off_Pwr_Delay_Req and value = [Five_Min] to CarPropertyService.\nCarPropertyService shall forward the request to the Vehicle HAL (VHAL) via IVehicle.setValues() with the corresponding VehiclePropValue.\nThe Vehicle HAL (VHAL) shall forward the request signal to the HW.\n\nHMI receives the value as [Five_Min] via signal,\n$TELEMATIC_VEHICLE_SETUP.Eng_Off_Pwr_Delay_Req$\nThen HMI shall display the Engine Off Power Delay status as 5 Minutes.\n\nAfter the vehicle OFF conditions are satisfied, the retained vehicle power functions shall remain ON for 5 minutes before turning OFF automatically.
SWE1-VC-EngineOffPowerDelay-049	STLA_Suspension_Service_Mode - Headlights_with_Wipers Features_Report	SYS-RA-VF230_V1-2116	Engine Off Power Delay	When the customer chooses to set the Engine Off Power Delay setting to 10 minutes on the LTM or ETM, the HMI layer shall send the updated customer preference to CarPropertyManager via the Android Car API.\nCarPropertyManager shall invoke setProperty() with propId = Eng_Off_Pwr_Delay_Req and value = [Ten_Min] to CarPropertyService.\nCarPropertyService shall forward the request to the Vehicle HAL (VHAL) via IVehicle.setValues() with the corresponding VehiclePropValue.\nThe Vehicle HAL (VHAL) shall forward the request signal to the HW.\n\nHMI receives the value as [Ten_Min] via signal,\n$TELEMATIC_VEHICLE_SETUP.Eng_Off_Pwr_Delay_Req$\nThen HMI shall display the Engine Off Power Delay status as 10 Minutes.\n\nAfter the vehicle OFF conditions are satisfied, the retained vehicle power functions shall remain ON for 10 minutes before turning OFF automatically.
SWE1-VC-EngineOffPowerDelay-050	STLA_Suspension_Service_Mode - Headlights_with_Wipers Features_Report	SYS-RA-VF230_V1-2117	Engine Off Power Delay	The HW supplier shall provide the IPC_VEHICLE_SETUP.Eng_Off_Pwr_Delay signal to the Android Automotive layer through the vehicle communication network and VHAL interface.\nVHAL shall forward the updated Engine Off Power Delay signal value to CarPropertyService, which shall update CarPropertyManager through the Android Automotive framework.\nCarPropertyManager shall notify the application layer, and the HMI/LTM/ETM layer shall process the updated setting information.\n\nWhen the LTM or ETM receives the value via signal,\n$IPC_VEHICLE_SETUP.Eng_Off_Pwr_Delay$,\nthe LTM or ETM shall update the Engine Off Power Delay setting status information on the display within the defined system response time.
SWE1-VC-HillStartAssist-052	STLA_Suspension_Service_Mode - Headlights_with_Wipers Features_Report	SYS-RA-VF230_V1-2119	Hill Start Assist	The HMI layer shall send a request to VehicleConfigManager to retrieve the Hill_Start_Menu_Presence PROXI configuration status. VehicleConfigManager shall communicate with VehicleConfigService to obtain and validate the requested configuration status. The configuration response shall be returned from VehicleConfigService to VehicleConfigManager and finally provided to the HMI layer.\n\nWhen the HMI receives the value as Absent via signal,\n$Hill_Start_Menu_Presence$,\nthen the HMI shall not display the Hill Start Assist customer setting in the Vehicle Settings menu.
SWE1-VC-HillStartAssist-053	STLA_Suspension_Service_Mode - Headlights_with_Wipers Features_Report	SYS-RA-VF230_V1-2120	Hill Start Assist	The HMI layer shall send a request to VehicleConfigManager to retrieve the Hill_Start_Menu_Presence PROXI configuration status. VehicleConfigManager shall communicate with VehicleConfigService to obtain and validate the requested configuration status. The configuration response shall be returned from VehicleConfigService to VehicleConfigManager and finally provided to the HMI layer.\n\nWhen the HMI receives the value as Present via signal,\n$Hill_Start_Menu_Presence$,\nthen the HMI shall display the Hill Start Assist customer setting in the Vehicle Settings menu and allow the customer to modify the setting.
SWE1-VC-HillStartAssist-054	STLA_Suspension_Service_Mode - Headlights_with_Wipers Features_Report	SYS-RA-VF230_V1-2121	Hill Start Assist	When the customer chooses to disable the Hill Start Assist setting on the LTM or ETM, the HMI layer shall send the updated customer preference to CarPropertyManager through the Android Car API.\nCarPropertyManager shall invoke setProperty() with:\npropId = Hill_Start_Assist_Req and value = [OFF].\nCarPropertyService shall forward the request to Vehicle HAL (VHAL) through IVehicle.setValues().\nThe Vehicle HAL (VHAL) shall transmit the updated signal value to IPC/HW through the vehicle communication interface.\n\nThe HMI receives the value as OFF via signal,\n$TELEMATIC_VEHICLE_SETUP.Hill_Start_Assist_Req$.\nThen the HMI/LTM/ETM shall update the Hill Start Assist customer setting status to OFF in the Vehicle Settings menu.\n\nThe signal shall be transmitted to IPC within the defined system response time.
SWE1-VC-HillStartAssist-055	STLA_Suspension_Service_Mode - Headlights_with_Wipers Features_Report	SYS-RA-VF230_V1-2122	Hill Start Assist	When the customer chooses to enable the Hill Start Assist setting on the LTM or ETM, the HMI layer shall send the updated customer preference to CarPropertyManager through the Android Car API.\nCarPropertyManager shall invoke setProperty() with:\npropId = Hill_Start_Assist_Req and value = [ON].\nCarPropertyService shall forward the request to Vehicle HAL (VHAL) through IVehicle.setValues().\nThe Vehicle HAL (VHAL) shall transmit the updated signal value to IPC/HW through the vehicle communication interface.\n\nThe HMI receives the value as ON via signal,\n$TELEMATIC_VEHICLE_SETUP.Hill_Start_Assist_Req$.\nThen the HMI/LTM/ETM shall update the Hill Start Assist customer setting status to ON in the Vehicle Settings menu.\n\nThe signal shall be transmitted to IPC within the defined system response time.
SWE1-VC-HillStartAssist-056	STLA_Suspension_Service_Mode - Headlights_with_Wipers Features_Report	SYS-RA-VF230_V1-2123	Hill Start Assist	The HW supplier shall provide the IPC_VEHICLE_SETUP.Hill_Start_Assist signal to the Android Automotive layer through the vehicle communication network and VHAL interface.\nVHAL shall forward the updated Hill Start Assist signal value to CarPropertyService, which shall update CarPropertyManager through the Android Automotive framework.\nCarPropertyManager shall notify the application layer, and the HMI/LTM/ETM layer shall process the updated setting information.\n\nWhen the LTM or ETM receives the value via signal,\n$IPC_VEHICLE_SETUP.Hill_Start_Assist$,\nthe LTM or ETM shall update the Hill Start Assist setting status information on the display within the defined system response time.
SWE1-VC-HeadlightswithWipers-058	STLA_Suspension_Service_Mode - Headlights_with_Wipers Features_Report	SYS-RA-VF230_V1-2125	Headlights with Wipers	The HMI layer shall send a request to VehicleConfigManager to retrieve the Twilight_Sensor PROXI configuration status. VehicleConfigManager shall communicate with VehicleConfigService to obtain and validate the requested configuration status. The configuration response shall be returned from VehicleConfigService to VehicleConfigManager and finally provided to the HMI layer.\n\nWhen the HMI receives the value as Absent via signal,\n$Twilight_Sensor$,\nthen the HMI shall not display the Headlights with Wipers customer setting in the Vehicle Settings menu.
SWE1-VC-HeadlightswithWipers-059	STLA_Suspension_Service_Mode - Headlights_with_Wipers Features_Report	SYS-RA-VF230_V1-2126	Headlights with Wipers	The HMI layer shall send a request to VehicleConfigManager to retrieve the Twilight_Sensor PROXI configuration status. VehicleConfigManager shall communicate with VehicleConfigService to obtain and validate the requested configuration status. The configuration response shall be returned from VehicleConfigService to VehicleConfigManager and finally provided to the HMI layer.\n\nWhen the HMI receives the value as Present via signal,\n$Twilight_Sensor$,\nthen the HMI shall display the Headlights with Wipers customer setting in the Vehicle Settings menu and allow the customer to modify the setting.
SWE1-VC-HeadlightswithWipers-060	STLA_Suspension_Service_Mode - Headlights_with_Wipers Features_Report	SYS-RA-VF230_V1-2127	Headlights with Wipers	When the customer chooses to disable the Headlights with Wipers setting on the LTM or ETM, the HMI layer shall send the updated customer preference to CarPropertyManager through the Android Car API.\nCarPropertyManager shall invoke setProperty() with:\npropId = HeadLightWipers_Req and value = [OFF].\nCarPropertyService shall forward the request to Vehicle HAL (VHAL) through IVehicle.setValues().\nThe Vehicle HAL (VHAL) shall transmit the updated signal value to IPC/HW through the vehicle communication interface.\n\nThe HMI receives the value as OFF via signal,\n$TELEMATIC_VEHICLE_SETUP.HeadLightWipers_Req$.\n\nThen the HMI/LTM/ETM shall update the Headlights with Wipers customer setting status to OFF in the Vehicle Settings menu.\n\nThe signal shall be transmitted to IPC within the defined system response time.
SWE1-VC-HeadlightswithWipers-061	STLA_Suspension_Service_Mode - Headlights_with_Wipers Features_Report	SYS-RA-VF230_V1-2128	Headlights with Wipers	When the customer chooses to enable the Headlights with Wipers setting on the LTM or ETM, the HMI layer shall send the updated customer preference to CarPropertyManager through the Android Car API.\nCarPropertyManager shall invoke setProperty() with:\npropId = HeadLightWipers_Req and value = [ON].\nCarPropertyService shall forward the request to Vehicle HAL (VHAL) through IVehicle.setValues().\nThe Vehicle HAL (VHAL) shall transmit the updated signal value to IPC/HW through the vehicle communication interface.\n\nThe HMI receives the value as ON via signal,\n$TELEMATIC_VEHICLE_SETUP.HeadLightWipers_Req$.\n\nThen the HMI/LTM/ETM shall update the Headlights with Wipers customer setting status to ON in the Vehicle Settings menu.\n\nThe signal shall be transmitted to IPC within the defined system response time.
SWE1-VC-HeadlightswithWipers-062	STLA_Suspension_Service_Mode - Headlights_with_Wipers Features_Report	SYS-RA-VF230_V1-2129	Headlights with Wipers	The HW supplier shall provide the IPC_VEHICLE_SETUP.HeadLightWipers signal to the Android Automotive layer through the vehicle communication network and VHAL interface.\nVHAL shall forward the updated Headlights with Wipers signal value to CarPropertyService, which shall update CarPropertyManager through the Android Automotive framework.\nCarPropertyManager shall notify the application layer, and the HMI/LTM/ETM layer shall process the updated setting information.\n\nWhen the LTM or ETM receives the value via signal,\n$IPC_VEHICLE_SETUP.HeadLightWipers$,\nthe LTM or ETM shall update the Headlights with Wipers setting status information on the display within the defined system response time.
SWE1-VC-TrailerName-002	STLA_Trailer_Name - Max_Power_Level_Report	SYS-RA-VF230_V1-2410	Trailer Name	The HMI layer shall send a request to VehicleConfigManager to retrieve the CAN node 95 PROXI configuration. VehicleConfigManager shall communicate with VehicleConfigService, and VehicleConfigService shall check the requested CAN node 95 value from SystemProperties / HW configuration. The response shall be returned from SystemProperties to VehicleConfigService, then to VehicleConfigManager, and finally to the HMI layer. The HMI layer shall evaluate the received CAN node 95 PROXI value to determine the availability of the Trailer Name feature. If CAN node 95 = [Absent], the LTM or ETM shall not display the Trailer Name customer setting.
SWE1-VC-TrailerName-003	STLA_Trailer_Name - Max_Power_Level_Report	SYS-RA-VF230_V1-2411	Trailer Name	The HMI layer shall send a request to VehicleConfigManager to retrieve the CAN node 95 PROXI configuration. VehicleConfigManager shall communicate with VehicleConfigService, and VehicleConfigService shall check the requested CAN node 95 value from SystemProperties / HW configuration. The response shall be returned from SystemProperties to VehicleConfigService, then to VehicleConfigManager, and finally to the HMI layer. The HMI layer shall evaluate the received CAN node 95 PROXI value to determine the availability of the Trailer Name feature. If CAN node 95 = [Present], the LTM or ETM shall display the Trailer Name customer setting to allow the customer the ability to modify the setting.
SWE1-VC-TrailerName-004	STLA_Trailer_Name - Max_Power_Level_Report	SYS-RA-VF230_V1-2412	Trailer Name	The HMI layer shall capture the customer selection for the Trailer Name setting to Trailer and send the request using CarPropertyManager.setProperty() with the TELEMATIC_VEHICLE_SETUP.Trail_Name_Req signal value set to Trailer. CarPropertyService shall receive the request from CarPropertyManager and forward it to VHAL/IVehicle for HW/IPC update.HW supplier shall process the request signal via VHAL interface. The HMI layer shall maintain/update the displayed setting according \nto the requested value and any invalid value shall be considered invalid by HMI.
SWE1-VC-TrailerName-005	STLA_Trailer_Name - Max_Power_Level_Report	SYS-RA-VF230_V1-2413	Trailer Name	The HMI layer shall capture the customer selection for the Trailer Name setting to boat and send the request using CarPropertyManager.setProperty() with the TELEMATIC_VEHICLE_SETUP.Trail_Name_Req signal value set to boat. CarPropertyService shall receive the request from CarPropertyManager and forward it to VHAL/IVehicle for HW/IPC update.HW supplier shall process the request signal via VHAL interface. The HMI layer shall maintain/update the displayed setting according
SWE1-VC-TrailerName-006	STLA_Trailer_Name - Max_Power_Level_Report	SYS-RA-VF230_V1-2414	Trailer Name	The HMI layer shall capture the customer selection for the Trailer Name setting to car and send the request using CarPropertyManager.setProperty() with the TELEMATIC_VEHICLE_SETUP.Trail_Name_Req signal value set to car. CarPropertyService shall receive the request from CarPropertyManager and forward it to VHAL/IVehicle for HW/IPC update.HW supplier shall process the request signal via VHAL interface. The HMI layer shall maintain/update the displayed setting according
SWE1-VC-TrailerName-007	STLA_Trailer_Name - Max_Power_Level_Report	SYS-RA-VF230_V1-2415	Trailer Name	The HMI layer shall capture the customer selection for the Trailer Name setting to cargo and send the request using CarPropertyManager.setProperty() with the TELEMATIC_VEHICLE_SETUP.Trail_Name_Req signal value set to cargo. CarPropertyService shall receive the request from CarPropertyManager and forward it to VHAL/IVehicle for HW/IPC update.HW supplier shall process the request signal via VHAL interface. The HMI layer shall maintain/update the displayed setting according
SWE1-VC-TrailerName-008	STLA_Trailer_Name - Max_Power_Level_Report	SYS-RA-VF230_V1-2416	Trailer Name	The HMI layer shall capture the customer selection for the Trailer Name setting to dump and send the request using CarPropertyManager.setProperty() with the TELEMATIC_VEHICLE_SETUP.Trail_Name_Req signal value set to dump. CarPropertyService shall receive the request from CarPropertyManager and forward it to VHAL/IVehicle for HW/IPC update.HW supplier shall process the request signal via VHAL interface. The HMI layer shall maintain/update the displayed setting according
SWE1-VC-TrailerName-009	STLA_Trailer_Name - Max_Power_Level_Report	SYS-RA-VF230_V1-2417	Trailer Name	The HMI layer shall capture the customer selection for the Trailer Name setting to equipment and send the request using CarPropertyManager.setProperty() with the TELEMATIC_VEHICLE_SETUP.Trail_Name_Req signal value set to equipment. CarPropertyService shall receive the request from CarPropertyManager and forward it to VHAL/IVehicle for HW/IPC update.HW supplier shall process the request signal via VHAL interface. The HMI layer shall maintain/update the displayed setting according
SWE1-VC-TrailerName-010	STLA_Trailer_Name - Max_Power_Level_Report	SYS-RA-VF230_V1-2418	Trailer Name	The HMI layer shall capture the customer selection for the Trailer Name setting to flatbed and send the request using CarPropertyManager.setProperty() with the TELEMATIC_VEHICLE_SETUP.Trail_Name_Req signal value set to flatbed. CarPropertyService shall receive the request from CarPropertyManager and forward it to VHAL/IVehicle for HW/IPC update.HW supplier shall process the request signal via VHAL interface. The HMI layer shall maintain/update the displayed setting according
SWE1-VC-TrailerName-011	STLA_Trailer_Name - Max_Power_Level_Report	SYS-RA-VF230_V1-2419	Trailer Name	The HMI layer shall capture the customer selection for the Trailer Name setting to horse and send the request using CarPropertyManager.setProperty() with the TELEMATIC_VEHICLE_SETUP.Trail_Name_Req signal value set to horse. CarPropertyService shall receive the request from CarPropertyManager and forward it to VHAL/IVehicle for HW/IPC update.HW supplier shall process the request signal via VHAL interface. The HMI layer shall maintain/update the displayed setting according
SWE1-VC-TrailerName-012	STLA_Trailer_Name - Max_Power_Level_Report	SYS-RA-VF230_V1-2420	Trailer Name	The HMI layer shall capture the customer selection for the Trailer Name setting to livestock and send the request using CarPropertyManager.setProperty() with the TELEMATIC_VEHICLE_SETUP.Trail_Name_Req signal value set to livestock. CarPropertyService shall receive the request from CarPropertyManager and forward it to VHAL/IVehicle for HW/IPC update.HW supplier shall process the request signal via VHAL interface. The HMI layer shall maintain/update the displayed setting according
SWE1-VC-TrailerName-013	STLA_Trailer_Name - Max_Power_Level_Report	SYS-RA-VF230_V1-2421	Trailer Name	The HMI layer shall capture the customer selection for the Trailer Name setting to motorcycle and send the request using CarPropertyManager.setProperty() with the TELEMATIC_VEHICLE_SETUP.Trail_Name_Req signal value set to motorcycle. CarPropertyService shall receive the request from CarPropertyManager and forward it to VHAL/IVehicle for HW/IPC update.HW supplier shall process the request signal via VHAL interface. The HMI layer shall maintain/update the displayed setting according
SWE1-VC-TrailerName-014	STLA_Trailer_Name - Max_Power_Level_Report	SYS-RA-VF230_V1-2422	Trailer Name	The HMI layer shall capture the customer selection for the Trailer Name setting to snow mobile and send the request using CarPropertyManager.setProperty() with the TELEMATIC_VEHICLE_SETUP.Trail_Name_Req signal value set to snow_mobile. CarPropertyService shall receive the request from CarPropertyManager and forward it to VHAL/IVehicle for HW/IPC update.HW supplier shall process the request signal via VHAL interface. The HMI layer shall maintain/update the displayed setting according
SWE1-VC-TrailerName-015	STLA_Trailer_Name - Max_Power_Level_Report	SYS-RA-VF230_V1-2423	Trailer Name	The HMI layer shall capture the customer selection for the Trailer Name setting to travel and send the request using CarPropertyManager.setProperty() with the TELEMATIC_VEHICLE_SETUP.Trail_Name_Req signal value set to travel. CarPropertyService shall receive the request from CarPropertyManager and forward it to VHAL/IVehicle for HW/IPC update.HW supplier shall process the request signal via VHAL interface. The HMI layer shall maintain/update the displayed setting according
SWE1-VC-TrailerName-016	STLA_Trailer_Name - Max_Power_Level_Report	SYS-RA-VF230_V1-2424	Trailer Name	The HMI layer shall capture the customer selection for the Trailer Name setting to utility and send the request using CarPropertyManager.setProperty() with the TELEMATIC_VEHICLE_SETUP.Trail_Name_Req signal value set to utility. CarPropertyService shall receive the request from CarPropertyManager and forward it to VHAL/IVehicle for HW/IPC update.HW supplier shall process the request signal via VHAL interface. The HMI layer shall maintain/update the displayed setting according
SWE1-VC-TrailerName-017	STLA_Trailer_Name - Max_Power_Level_Report	SYS-RA-VF230_V1-2425	Trailer Name	HW supplier shall notify the IPC_VEHICLE_SETUP.Trail_Name signal via the VHAL interface. CarPropertyService shall receive \nthe IPC_VEHICLE_SETUP.Trail_Name signal from VHAL and forward it to CarPropertyManager. CarPropertyManager shall expose the Trailer Name value to the HMI via the API interface. The HMI layer shall evaluate the received IPC_VEHICLE_SETUP.Trail_Name signal and update/display the Trailer Name information accordingly within <TDisplay>. Any invalid signal value shall be considered invalid by the HMI.
SWE1-VC-TrailerName-018	STLA_Trailer_Name - Max_Power_Level_Report	SYS-RA-VF230_V1-2426	Trailer Name	The HMI layer shall capture the customer selection for the Trailer Name setting to One and send the request using CarPropertyManager.setProperty() with the TELEMATIC_VEHICLE_SETUP.Trail_Name_Req signal value set to One. CarPropertyService shall receive the request from CarPropertyManager and forward it to VHAL/IVehicle for HW/IPC update.HW supplier shall process the request signal via VHAL interface. The HMI layer shall maintain/update the displayed setting according
SWE1-VC-TrailerName-019	STLA_Trailer_Name - Max_Power_Level_Report	SYS-RA-VF230_V1-2427	Trailer Name	The HMI layer shall capture the customer selection for the Trailer Name setting to Two and send the request using CarPropertyManager.setProperty() with the TELEMATIC_VEHICLE_SETUP.Trail_Name_Req signal value set to Two. CarPropertyService shall receive the request from CarPropertyManager and forward it to VHAL/IVehicle for HW/IPC update.HW supplier shall process the request signal via VHAL interface. The HMI layer shall maintain/update the displayed setting according
SWE1-VC-TrailerName-020	STLA_Trailer_Name - Max_Power_Level_Report	SYS-RA-VF230_V1-2428	Trailer Name	The HMI layer shall capture the customer selection for the Trailer Name setting to Three and send the request using CarPropertyManager.setProperty() with the TELEMATIC_VEHICLE_SETUP.Trail_Name_Req signal value set to Three. CarPropertyService shall receive the request from CarPropertyManager and forward it to VHAL/IVehicle for HW/IPC update.HW supplier shall process the request signal via VHAL interface. The HMI layer shall maintain/update the displayed setting according
SWE1-VC-TrailerName-021	STLA_Trailer_Name - Max_Power_Level_Report	SYS-RA-VF230_V1-2429	Trailer Name	The HMI layer shall capture the customer selection for the Trailer Name setting to Four and send the request using CarPropertyManager.setProperty() with the TELEMATIC_VEHICLE_SETUP.Trail_Name_Req signal value set to Four. CarPropertyService shall receive the request from CarPropertyManager and forward it to VHAL/IVehicle for HW/IPC update.HW supplier shall process the request signal via VHAL interface. The HMI layer shall maintain/update the displayed setting according
SWE1-VC-TrailerName-022	STLA_Trailer_Name - Max_Power_Level_Report	SYS-RA-VF230_V1-2430	Trailer Name	The default state of TELEMATIC_VEHICLE_SETUP.Trail_Brk_Type_Req shall be used as the default value for the stored Trailer Name information. CarPropertyManager shall use the default property value provided via CarPropertyService from VHAL. The HMI layer shall initialise the stored Trailer Name setting with the default state of TELEMATIC_VEHICLE_SETUP.Trail_Brk_Type_Req.
SWE1-VC-TrailerName-023	STLA_Trailer_Name - Max_Power_Level_Report	SYS-RA-VF230_V1-2431	Trailer Name	During system initialization or an ignition cycle, the HMI layer shall retrieve the previously stored TELEMATIC_VEHICLE_SETUP.Trail_Name_Req information through CarPropertyManager. CarPropertyService shall obtain the stored Trailer Name request from VHAL/IVehicle, which shall retrieve the last known state from the HW configuration (CFG_STAT_RQ). CarPropertyManager shall expose the retrieved value to the HMI via the API interface.The HMI layer shall recall and restore the last known state for each of the four stored TELEMATIC_VEHICLE_SETUP.Trail_Name_Req entries and update the LTM/ETM display accordingly across the ignition cycle.\n Any invalid value shall be considered invalid by the HMI.
SWE1-VC-TrailerBrakeType025	STLA_Trailer_Name - Max_Power_Level_Report	SYS-RA-VF230_V1-2433	Trailer Brake Type	The HMI layer shall send a request to VehicleConfigManager to retrieve the CAN node 95 PROXI configuration. VehicleConfigManager shall communicate with VehicleConfigService, and VehicleConfigService shall check the requested CAN node 95 value from SystemProperties / HW configuration. The response shall be returned from SystemProperties to VehicleConfigService, then to VehicleConfigManager, and finally to the HMI layer. The HMI layer shall evaluate the received CAN node 95 PROXI value to determine the availability of the Trailer Brake Type feature. If CAN node 95 = [Absent], the LTM or ETM shall not display the Trailer Brake Type customer setting.
SWE1-VC-TrailerBrakeType026	STLA_Trailer_Name - Max_Power_Level_Report	SYS-RA-VF230_V1-2434	Trailer Brake Type	The HMI layer shall send a request to VehicleConfigManager to retrieve the CAN node 95 PROXI configuration. VehicleConfigManager shall communicate with VehicleConfigService, and VehicleConfigService shall check the requested CAN node 95 value from SystemProperties / HW configuration. The response shall be returned from SystemProperties to VehicleConfigService, then to VehicleConfigManager, and finally to the HMI layer. The HMI layer shall evaluate the received CAN node 95 PROXI value to determine the availability of the Trailer Brake Type feature. If CAN node 95 = [Present], the LTM or ETM shall display the Trailer Brake Type customer setting to allow the customer the ability to modify the setting.
SWE1-VC-TrailerBrakeType027	STLA_Trailer_Name - Max_Power_Level_Report	SYS-RA-VF230_V1-2435	Trailer Brake Type	The HMI layer shall capture the customer selection for the Trailer Brake Type setting and send the request using CarPropertyManager.setProperty() with the TELEMATIC_VEHICLE_SETUP.Trail_Brk_Type_Req signal value set to Light_Electric. CarPropertyService shall receive the request from CarPropertyManager and forward it to VHAL/IVehicle for HW/IPC update. The HW supplier shall process the request signal via the VHAL interface. The HMI layer shall maintain and update the displayed Trailer Brake Type setting according to the selected value (Light_Electric), and any invalid value shall be considered invalid by the HMI.
SWE1-VC-TrailerBrakeType028	STLA_Trailer_Name - Max_Power_Level_Report	SYS-RA-VF230_V1-2436	Trailer Brake Type	The HMI layer shall capture the customer selection for the Trailer Brake Type setting and send the request using CarPropertyManager.setProperty() with the TELEMATIC_VEHICLE_SETUP.Trail_Brk_Type_Req signal value set to Heavy_Electric. CarPropertyService shall receive the request from CarPropertyManager and forward it to VHAL/IVehicle for HW/IPC update. The HW supplier shall process the request signal via the VHAL interface. The HMI layer shall maintain and update the displayed Trailer Brake Type setting according to the selected value (Heavy_Electric), and any invalid value shall be considered invalid by the HMI.
SWE1-VC-TrailerBrakeType029	STLA_Trailer_Name - Max_Power_Level_Report	SYS-RA-VF230_V1-2437	Trailer Brake Type	The HMI layer shall capture the customer selection for the Trailer Brake Type setting and send the request using CarPropertyManager.setProperty() with the TELEMATIC_VEHICLE_SETUP.Trail_Brk_Type_Req signal value set to light_electric_over_hydraulic. CarPropertyService shall receive the request from CarPropertyManager and forward it to VHAL/IVehicle for HW/IPC update. The HW supplier shall process the request signal via the VHAL interface. The HMI layer shall maintain and update the displayed Trailer Brake Type setting according to the selected value (light_electric_over_hydraulic), and any invalid value shall be considered invalid by the HMI.
SWE1-VC-TrailerBrakeType030	STLA_Trailer_Name - Max_Power_Level_Report	SYS-RA-VF230_V1-2438	Trailer Brake Type	The HMI layer shall capture the customer selection for the Trailer Brake Type setting and send the request using CarPropertyManager.setProperty() with the TELEMATIC_VEHICLE_SETUP.Trail_Brk_Type_Req signal value set to heavy_electric_over_hydraulic. CarPropertyService shall receive the request from CarPropertyManager and forward it to VHAL/IVehicle for HW/IPC update. The HW supplier shall process the request signal via the VHAL interface. The HMI layer shall maintain and update the displayed Trailer Brake Type setting according to the selected value (heavy_electric_over_hydraulic), and any invalid value shall be considered invalid by the HMI.
SWE1-VC-TrailerBrakeType031	STLA_Trailer_Name - Max_Power_Level_Report	SYS-RA-VF230_V1-2439	Trailer Brake Type	HW supplier shall notify the IPC_VEHICLE_SETUP.Trail_Brk_Type signal via the VHAL interface. CarPropertyService shall receive the IPC_VEHICLE_SETUP.Trail_Brk_Type signal from VHAL and forward it to CarPropertyManager. CarPropertyManager shall expose the Trailer Brake Type value to the HMI via the API interface. The HMI layer shall evaluate the received IPC_VEHICLE_SETUP.Trail_Brk_Type signal and update/display the Trailer Brake Type information accordingly within <TDisplay>. Any invalid signal value shall be considered invalid by the HMI.
SWE1-VC-TrailerBrakeType032	STLA_Trailer_Name - Max_Power_Level_Report	SYS-RA-VF230_V1-2440	Trailer Brake Type	The HMI layer shall capture the customer selection for the Trailer Brake Type setting and send the request using CarPropertyManager.setProperty() with the TELEMATIC_VEHICLE_SETUP.Trail_Brk_Type_Req signal value  as One. CarPropertyService shall receive the request from CarPropertyManager and forward it to VHAL/IVehicle for HW/IPC update. The HW supplier shall process the request signal via the VHAL interface. When TELEMATIC_VEHICLE_SETUP.Trail_Num_Req is equal to One, the HMI layer shall store the TELEMATIC_VEHICLE_SETUP.Trail_Brk_Type_Req value for Trailer Number One. The HMI layer shall maintain and update the stored Trailer Brake Type information according to the selected value, and any invalid value shall be considered invalid by the HMI.
SWE1-VC-TrailerBrakeType033	STLA_Trailer_Name - Max_Power_Level_Report	SYS-RA-VF230_V1-2441	Trailer Brake Type	The HMI layer shall capture the customer selection for the Trailer Brake Type setting and send the request using CarPropertyManager.setProperty() with the TELEMATIC_VEHICLE_SETUP.Trail_Brk_Type_Req signal value  as Two. CarPropertyService shall receive the request from CarPropertyManager and forward it to VHAL/IVehicle for HW/IPC update. The HW supplier shall process the request signal via the VHAL interface. When TELEMATIC_VEHICLE_SETUP.Trail_Num_Req is equal to Two, the HMI layer shall store the TELEMATIC_VEHICLE_SETUP.Trail_Brk_Type_Req value for Trailer Number Two. The HMI layer shall maintain and update the stored Trailer Brake Type information according to the selected value, and any invalid value shall be considered invalid by the HMI.
SWE1-VC-TrailerBrakeType034	STLA_Trailer_Name - Max_Power_Level_Report	SYS-RA-VF230_V1-2442	Trailer Brake Type	The HMI layer shall capture the customer selection for the Trailer Brake Type setting and send the request using CarPropertyManager.setProperty() with the TELEMATIC_VEHICLE_SETUP.Trail_Brk_Type_Req signal value  as Three. CarPropertyService shall receive the request from CarPropertyManager and forward it to VHAL/IVehicle for HW/IPC update. The HW supplier shall process the request signal via the VHAL interface. When TELEMATIC_VEHICLE_SETUP.Trail_Num_Req is equal to Three, the HMI layer shall store the TELEMATIC_VEHICLE_SETUP.Trail_Brk_Type_Req value for Trailer Number Three. The HMI layer shall maintain and update the stored Trailer Brake Type information according to the selected value, and any invalid value shall be considered invalid by the HMI.
SWE1-VC-TrailerBrakeType035	STLA_Trailer_Name - Max_Power_Level_Report	SYS-RA-VF230_V1-2443	Trailer Brake Type	The HMI layer shall capture the customer selection for the Trailer Brake Type setting and send the request using CarPropertyManager.setProperty() with the TELEMATIC_VEHICLE_SETUP.Trail_Brk_Type_Req signal value  as Four. CarPropertyService shall receive the request from CarPropertyManager and forward it to VHAL/IVehicle for HW/IPC update. The HW supplier shall process the request signal via the VHAL interface. When TELEMATIC_VEHICLE_SETUP.Trail_Num_Req is equal to four, the HMI layer shall store the TELEMATIC_VEHICLE_SETUP.Trail_Brk_Type_Req value for Trailer Number four. The HMI layer shall maintain and update the stored Trailer Brake Type information according to the selected value, and any invalid value shall be considered invalid by the HMI.
SWE1-VC-TrailerBrakeType036	STLA_Trailer_Name - Max_Power_Level_Report	SYS-RA-VF230_V1-2444	Trailer Brake Type	The HMI layer shall initialize the TELEMATIC_VEHICLE_SETUP.Trail_Brk_Type_Req request signal with its default value during system initialization or when no customer-defined Trailer Brake Type is available. CarPropertyService shall process the default request received from CarPropertyManager and forward it to VHAL/IVehicle for HW/IPC synchronization. The HW supplier shall provide the default value through the configured LID/CFrame ID as defined in the Logical Identifiers and CAN Mapping v1_73. The HMI layer shall use the default state of TELEMATIC_VEHICLE_SETUP.Trail_Brk_Type_Req as the default value for the stored Trailer Brake Type information. Any invalid value shall be considered invalid by the HMI.
SWE1-VC-TrailerBrakeType037	STLA_Trailer_Name - Max_Power_Level_Report	SYS-RA-VF230_V1-2445	Trailer Brake Type	During system initialization or after an ignition cycle, the HMI layer shall retrieve the previously stored TELEMATIC_VEHICLE_SETUP.Trail_Brk_Type_Req information through CarPropertyManager. CarPropertyService shall obtain the stored Trailer Brake Type request from VHAL/IVehicle, which shall retrieve the last known state from the HW configuration (LID/CFrame ID) as defined in the Logical Identifiers and CAN Mapping v1_73. CarPropertyManager shall expose the retrieved value to the HMI via the API interface. The HMI layer shall recall and restore the last known state for each of the four stored TELEMATIC_VEHICLE_SETUP.Trail_Brk_Type_Req entries and update the LTM/ETM display accordingly across the ignition cycle. Any invalid value shall be considered invalid by the HMI.
SWE1-VC-AutomaticTrailerLight Check-039	STLA_Trailer_Name - Max_Power_Level_Report	SYS-RA-VF230_V1-2447	Automatic Trailer Light Check	The HMI layer shall send a request to VehicleConfigManager to retrieve the Trailer_Light_Check PROXI configuration. VehicleConfigManager shall communicate with VehicleConfigService, and VehicleConfigService shall check the requested Trailer_Light_Check value from SystemProperties / HW configuration. The response shall be returned from SystemProperties to VehicleConfigService, then to VehicleConfigManager, and finally to the HMI layer. The HMI layer shall evaluate the received Trailer_Light_Check PROXI value to determine the availability of the Automatic Trailer Light Check feature. If Trailer_Light_Check = [Absent], the LTM or ETM shall not display the Automatic Trailer Light Check customer setting.
SWE1-VC-AutomaticTrailerLight Check-040	STLA_Trailer_Name - Max_Power_Level_Report	SYS-RA-VF230_V1-2448	Automatic Trailer Light Check	The HMI layer shall send a request to VehicleConfigManager to retrieve the Trailer_Light_Check PROXI configuration. VehicleConfigManager shall communicate with VehicleConfigService, and VehicleConfigService shall check the requested Trailer_Light_Check value from SystemProperties / HW configuration. The response shall be returned from SystemProperties to VehicleConfigService, then to VehicleConfigManager, and finally to the HMI layer. The HMI layer shall evaluate the received Trailer_Light_Check PROXI value to determine the availability of the Automatic Trailer Light Check feature. If Trailer_Light_Check = [Present], the LTM or ETM shall display the Automatic Trailer Light Check customer setting to allow the customer the ability to modify the setting.
SWE1-VC-AutomaticTrailerLight Check-041	STLA_Trailer_Name - Max_Power_Level_Report	SYS-RA-VF230_V1-2449	Automatic Trailer Light Check	The HMI layer shall capture the customer selection for the Automatic Trailer Light Check setting and send the request using CarPropertyManager.setProperty() with the TELEMATIC_VEHICLE_SETUP.Auto_Trailer_Light_Check_Req signal value as Disable. CarPropertyService shall receive the request from CarPropertyManager and forward it to VHAL/IVehicle for HW/IPC update. HW supplier shall process the request signal via VHAL interface. The HMI layer shall maintain/update the displayed setting according to the requested value and any invalid value shall be considered invalid by HMI.
SWE1-VC-AutomaticTrailerLight Check-042	STLA_Trailer_Name - Max_Power_Level_Report	SYS-RA-VF230_V1-2450	Automatic Trailer Light Check	The HMI layer shall capture the customer selection for the Automatic Trailer Light Check setting and send the request using CarPropertyManager.setProperty() with the TELEMATIC_VEHICLE_SETUP.Auto_Trailer_Light_Check_Req signal value as Enable. CarPropertyService shall receive the request from CarPropertyManager and forward it to VHAL/IVehicle for HW/IPC update. HW supplier shall process the request signal via VHAL interface. The HMI layer shall maintain/update the displayed setting according to the requested value and any invalid value shall be considered invalid by HMI.
SWE1-VC-AutomaticTrailerLight Check-043	STLA_Trailer_Name - Max_Power_Level_Report	SYS-RA-VF230_V1-2451	Automatic Trailer Light Check	HW supplier shall notify the IPC_VEHICLE_SETUP2.Trailer_Light_Check signal via VHAL interface. CarPropertyService shall receive the IPC_VEHICLE_SETUP2.Trailer_Light_Check signal from VHAL and forward it to CarPropertyManager. CarPropertyManager shall expose the value to HMI via API interface. The HMI layer shall evaluate the received IPC_VEHICLE_SETUP2.Trailer_Light_Check signal and update/display the Automatic Trailer Light Check setting information accordingly within <TDisplay>. Any invalid value shall be considered invalid by HMI.
SWE1-VC-Blind Spot with Trailer Detection-045	STLA_Trailer_Name - Max_Power_Level_Report	SYS-RA-VF230_V1-2465	Blind Spot with Trailer Detection	The HMI layer shall send a request to VehicleConfigManager to retrieve the Blindspot_Trailer_Detection PROXI configuration. VehicleConfigManager shall communicate with VehicleConfigService, and VehicleConfigService shall check the requested Blindspot_Trailer_Detection value from SystemProperties / HW configuration. The response shall be returned from SystemProperties to VehicleConfigService, then to VehicleConfigManager, and finally to the HMI layer. The HMI layer shall evaluate the received Blindspot_Trailer_Detection PROXI value to determine the availability of the Blind Spot with Trailer Detection feature. If Blindspot_Trailer_Detection = [Absent], the LTM or ETM shall not display the Blind Spot with Trailer Detection customer setting.
SWE1-VC-Blind Spot with Trailer Detection-046	STLA_Trailer_Name - Max_Power_Level_Report	SYS-RA-VF230_V1-2466	Blind Spot with Trailer Detection	The HMI layer shall send a request to VehicleConfigManager to retrieve the Blindspot_Trailer_Detection PROXI configuration. VehicleConfigManager shall communicate with VehicleConfigService, and VehicleConfigService shall check the requested Blindspot_Trailer_Detection value from SystemProperties / HW configuration. The response shall be returned from SystemProperties to VehicleConfigService, then to VehicleConfigManager, and finally to the HMI layer. The HMI layer shall evaluate the received Blindspot_Trailer_Detection PROXI value to determine the availability of the Blind Spot with Trailer Detection feature. If Blindspot_Trailer_Detection = [Present], the LTM or ETM shall display the Blind Spot with Trailer Detection customer setting to allow the customer the ability to modify the setting.
SWE1-VC-Blind Spot with Trailer Detection-047	STLA_Trailer_Name - Max_Power_Level_Report	SYS-RA-VF230_V1-2467	Blind Spot with Trailer Detection	The HMI layer shall capture the customer selection for the Blind Spot with Trailer Detection setting and send the request using CarPropertyManager.setProperty() with the TELEMATIC_VEHICLE_SETUP.Trailer_detection_blind_spot_Req signal value as Auto. CarPropertyService shall receive the request from CarPropertyManager and forward it to VHAL/IVehicle for HW/IPC update. HW supplier shall process the request signal via VHAL interface. The HMI layer shall maintain/update the displayed setting according to the requested value and any invalid value shall be considered invalid by HMI.
SWE1-VC-Blind Spot with Trailer Detection-048	STLA_Trailer_Name - Max_Power_Level_Report	SYS-RA-VF230_V1-2468	Blind Spot with Trailer Detection	The HMI layer shall capture the customer selection for the Blind Spot with Trailer Detection setting and send the request using CarPropertyManager.setProperty() with the TELEMATIC_VEHICLE_SETUP.Trailer_detection_blind_spot_Req signal value as Max. CarPropertyService shall receive the request from CarPropertyManager and forward it to VHAL/IVehicle for HW/IPC update. HW supplier shall process the request signal via VHAL interface. The HMI layer shall maintain/update the displayed setting according to the requested value and any invalid value shall be considered invalid by HMI.
SWE1-VC-Blind Spot with Trailer Detection-049	STLA_Trailer_Name - Max_Power_Level_Report	SYS-RA-VF230_V1-2469	Blind Spot with Trailer Detection	HW supplier shall notify the IPC_VEHICLE_SETUP.Trailer_detection_blind_spot signal via VHAL interface. CarPropertyService shall receive the IPC_VEHICLE_SETUP.Trailer_detection_blind_spot signal from VHAL and forward it to CarPropertyManager. CarPropertyManager shall expose the value to HMI via API interface. The HMI layer shall evaluate the received IPC_VEHICLE_SETUP.Trailer_detection_blind_spot signal and update/display the Blind Spot with Trailer Detection setting information accordingly within <TDisplay>. Any invalid value shall be considered invalid by HMI.
SWE1-VC-PowerSideStep-051	STLA_Trailer_Name - Max_Power_Level_Report	SYS-RA-VF230_V1-2471	Power Side Step	The HMI layer shall send a request to VehicleConfigManager to retrieve the CAN node 97 PROXI configuration. VehicleConfigManager shall communicate with VehicleConfigService, and VehicleConfigService shall check the requested CAN node 97 value from SystemProperties / HW configuration. The response shall be returned from SystemProperties to VehicleConfigService, then to VehicleConfigManager, and finally to the HMI layer. The HMI layer shall evaluate the received CAN node 97 PROXI value to determine the availability of the Power Side Step feature. If CAN node 97 = [Absent], the LTM or ETM shall not display the Power Side Step customer setting.
SWE1-VC-PowerSideStep-052	STLA_Trailer_Name - Max_Power_Level_Report	SYS-RA-VF230_V1-2472	Power Side Step	The HMI layer shall send a request to VehicleConfigManager to retrieve the CAN node 97 PROXI configuration. VehicleConfigManager shall communicate with VehicleConfigService, and VehicleConfigService shall check the requested CAN node 97 value from SystemProperties / HW configuration. The response shall be returned from SystemProperties to VehicleConfigService, then to VehicleConfigManager, and finally to the HMI layer. The HMI layer shall evaluate the received CAN node 97 PROXI value to determine the availability of the Power Side Step feature. If CAN node 97 = [Present], the LTM or ETM shall display the Power Side Step customer setting to allow the customer the ability to modify the setting.
SWE1-VC-PowerSideStep-053	STLA_Trailer_Name - Max_Power_Level_Report	SYS-RA-VF230_V1-2473	Power Side Step	The HMI layer shall capture the customer selection for the Power Side Step setting and send the request using CarPropertyManager.setProperty() with the TELEMATIC_VEHICLE_SETUP.Power_Side_Step_Req signal value as auto. CarPropertyService shall receive the request from CarPropertyManager and forward it to VHAL/IVehicle for HW/IPC update. HW supplier shall process the request signal via VHAL interface. The HMI layer shall maintain/update the displayed setting according to the requested value and any invalid value shall be considered invalid by HMI.
SWE1-VC-PowerSideStep-054	STLA_Trailer_Name - Max_Power_Level_Report	SYS-RA-VF230_V1-2474	Power Side Step	The HMI layer shall capture the customer selection for the Power Side Step setting and send the request using CarPropertyManager.setProperty() with the TELEMATIC_VEHICLE_SETUP.Power_Side_Step_Req signal value as store. CarPropertyService shall receive the request from CarPropertyManager and forward it to VHAL/IVehicle for HW/IPC update. HW supplier shall process the request signal via VHAL interface. The HMI layer shall maintain/update the displayed setting according to the requested value and any invalid value shall be considered invalid by HMI.
SWE1-VC-PowerSideStep-055	STLA_Trailer_Name - Max_Power_Level_Report	SYS-RA-VF230_V1-2475	Power Side Step	HW supplier shall notify the IPC_VEHICLE_SETUP.Power_Side_Step signal via VHAL interface. CarPropertyService shall receive the IPC_VEHICLE_SETUP.Power_Side_Step signal from VHAL and forward it to CarPropertyManager. CarPropertyManager shall expose the value to HMI via API interface. The HMI layer shall evaluate the received IPC_VEHICLE_SETUP.Power_Side_Step signal and update/display the Power Side Step setting information accordingly within <TDisplay>. Any invalid value shall be considered invalid by HMI.
SWE1-VC-TrafficSignAssistOffset - NAFTASetting-057	STLA_Trailer_Name - Max_Power_Level_Report	SYS-RA-VF230_V1-2477	Traffic Sign Assist Offset - NAFTA Setting	The HMI layer shall send a request to VehicleConfigManager to retrieve the Traffic_Sign_Recognition_Menu PROXI configuration. VehicleConfigManager shall communicate with VehicleConfigService, and VehicleConfigService shall check the requested Traffic_Sign_Recognition_Menu value from SystemProperties / HW configuration. The response shall be returned from SystemProperties to VehicleConfigService, then to VehicleConfigManager, and finally to the HMI layer. The HMI layer shall evaluate the received Traffic_Sign_Recognition_Menu PROXI value to determine the availability of the traffic sign assist offset feature. If Traffic_Sign_Recognition_Menu = [Present], the LTM or ETM shall display the traffic sign assist offset customer setting to allow the customer the ability to modify the setting.
SWE1-VC-TrafficSignAssistOffset - NAFTASetting-058	STLA_Trailer_Name - Max_Power_Level_Report	SYS-RA-VF230_V1-2478	Traffic Sign Assist Offset - NAFTA Setting	The HMI layer shall send a request to VehicleConfigManager to retrieve the Traffic_Sign_Recognition_Menu PROXI configuration. VehicleConfigManager shall communicate with VehicleConfigService, and VehicleConfigService shall check the requested Traffic_Sign_Recognition_Menu value from SystemProperties / HW configuration. The response shall be returned from SystemProperties to VehicleConfigService, then to VehicleConfigManager, and finally to the HMI layer. The HMI layer shall evaluate the received Traffic_Sign_Recognition_Menu PROXI value to determine the availability of the traffic sign assist offset feature. If Traffic_Sign_Recognition_Menu = [Absent], the LTM or ETM shall not display the traffic sign assist offset customer setting.
SWE1-VC-TrafficSignAssistOffset - NAFTASetting-059	STLA_Trailer_Name - Max_Power_Level_Report	SYS-RA-VF230_V1-2479	Traffic Sign Assist Offset - NAFTA Setting	The HMI layer shall retrieve the SpeedUnit signal through CarPropertyManager. CarPropertyService shall receive the SpeedUnit value from VHAL/IVehicle, which shall obtain the signal from the HW interface as defined by the SpeedUnit LID function in the Logical Identifiers and CAN Mapping v1_73. CarPropertyManager shall expose the SpeedUnit value to the HMI via the API interface. The HMI layer shall evaluate the received SpeedUnit signal, and when SpeedUnit = Mph, it shall apply the corresponding Speed Unit configuration to the subsequent requirements (VF230_V1_PDT27_VF_6620 through VF230_V1_PDT27_VF_6631). Any invalid SpeedUnit value shall be considered invalid by the HMI.
SWE1-VC-TrafficSignAssistOffset - NAFTASetting-060	STLA_Trailer_Name - Max_Power_Level_Report	SYS-RA-VF230_V1-2480	Traffic Sign Assist Offset - NAFTA Setting	The HMI layer shall capture the customer selection for the Traffic Sign Assist Offset setting and send the request using CarPropertyManager.setProperty() with the TELEMATIC_FD_1.TSI_Offset_Mph_Req signal value as 0 mph. CarPropertyService shall receive the request from CarPropertyManager and forward it to VHAL/IVehicle for HW/IPC update. HW supplier shall process the request signal via VHAL interface. The HMI layer shall maintain/update the displayed setting according to the requested value and any invalid value shall be considered invalid by HMI.
SWE1-VC-TrafficSignAssistOffset - NAFTASetting-061	STLA_Trailer_Name - Max_Power_Level_Report	SYS-RA-VF230_V1-2481	Traffic Sign Assist Offset - NAFTA Setting	The HMI layer shall capture the customer selection for the Traffic Sign Assist Offset setting and send the request using CarPropertyManager.setProperty() with the TELEMATIC_FD_1.TSI_Offset_Mph_Req signal value as 1 mph. CarPropertyService shall receive the request from CarPropertyManager and forward it to VHAL/IVehicle for HW/IPC update. HW supplier shall process the request signal via VHAL interface. The HMI layer shall maintain/update the displayed setting according to the requested value and any invalid value shall be considered invalid by HMI.
SWE1-VC-TrafficSignAssistOffset - NAFTASetting-062	STLA_Trailer_Name - Max_Power_Level_Report	SYS-RA-VF230_V1-2482	Traffic Sign Assist Offset - NAFTA Setting	The HMI layer shall capture the customer selection for the Traffic Sign Assist Offset setting and send the request using CarPropertyManager.setProperty() with the TELEMATIC_FD_1.TSI_Offset_Mph_Req signal value as 2 mph. CarPropertyService shall receive the request from CarPropertyManager and forward it to VHAL/IVehicle for HW/IPC update. HW supplier shall process the request signal via VHAL interface. The HMI layer shall maintain/update the displayed setting according to the requested value and any invalid value shall be considered invalid by HMI.
SWE1-VC-TrafficSignAssistOffset - NAFTASetting-063	STLA_Trailer_Name - Max_Power_Level_Report	SYS-RA-VF230_V1-2483	Traffic Sign Assist Offset - NAFTA Setting	The HMI layer shall capture the customer selection for the Traffic Sign Assist Offset setting and send the request using CarPropertyManager.setProperty() with the TELEMATIC_FD_1.TSI_Offset_Mph_Req signal value as 3 mph. CarPropertyService shall receive the request from CarPropertyManager and forward it to VHAL/IVehicle for HW/IPC update. HW supplier shall process the request signal via VHAL interface. The HMI layer shall maintain/update the displayed setting according to the requested value and any invalid value shall be considered invalid by HMI.
SWE1-VC-TrafficSignAssistOffset - NAFTASetting-064	STLA_Trailer_Name - Max_Power_Level_Report	SYS-RA-VF230_V1-2484	Traffic Sign Assist Offset - NAFTA Setting	The HMI layer shall capture the customer selection for the Traffic Sign Assist Offset setting and send the request using CarPropertyManager.setProperty() with the TELEMATIC_FD_1.TSI_Offset_Mph_Req signal value as 4 mph. CarPropertyService shall receive the request from CarPropertyManager and forward it to VHAL/IVehicle for HW/IPC update. HW supplier shall process the request signal via VHAL interface. The HMI layer shall maintain/update the displayed setting according to the requested value and any invalid value shall be considered invalid by HMI.
SWE1-VC-TrafficSignAssistOffset - NAFTASetting-065	STLA_Trailer_Name - Max_Power_Level_Report	SYS-RA-VF230_V1-2485	Traffic Sign Assist Offset - NAFTA Setting	The HMI layer shall capture the customer selection for the Traffic Sign Assist Offset setting and send the request using CarPropertyManager.setProperty() with the TELEMATIC_FD_1.TSI_Offset_Mph_Req signal value as 5 mph. CarPropertyService shall receive the request from CarPropertyManager and forward it to VHAL/IVehicle for HW/IPC update. HW supplier shall process the request signal via VHAL interface. The HMI layer shall maintain/update the displayed setting according to the requested value and any invalid value shall be considered invalid by HMI.
SWE1-VC-TrafficSignAssistOffset - NAFTASetting-066	STLA_Trailer_Name - Max_Power_Level_Report	SYS-RA-VF230_V1-2486	Traffic Sign Assist Offset - NAFTA Setting	The HMI layer shall capture the customer selection for the Traffic Sign Assist Offset setting and send the request using CarPropertyManager.setProperty() with the TELEMATIC_FD_1.TSI_Offset_Mph_Req signal value as 6 mph. CarPropertyService shall receive the request from CarPropertyManager and forward it to VHAL/IVehicle for HW/IPC update. HW supplier shall process the request signal via VHAL interface. The HMI layer shall maintain/update the displayed setting according to the requested value and any invalid value shall be considered invalid by HMI.
SWE1-VC-TrafficSignAssistOffset - NAFTASetting-067	STLA_Trailer_Name - Max_Power_Level_Report	SYS-RA-VF230_V1-2487	Traffic Sign Assist Offset - NAFTA Setting	The HMI layer shall capture the customer selection for the Traffic Sign Assist Offset setting and send the request using CarPropertyManager.setProperty() with the TELEMATIC_FD_1.TSI_Offset_Mph_Req signal value as 7 mph. CarPropertyService shall receive the request from CarPropertyManager and forward it to VHAL/IVehicle for HW/IPC update. HW supplier shall process the request signal via VHAL interface. The HMI layer shall maintain/update the displayed setting according to the requested value and any invalid value shall be considered invalid by HMI.
SWE1-VC-TrafficSignAssistOffset - NAFTASetting-068	STLA_Trailer_Name - Max_Power_Level_Report	SYS-RA-VF230_V1-2488	Traffic Sign Assist Offset - NAFTA Setting	The HMI layer shall capture the customer selection for the Traffic Sign Assist Offset setting and send the request using CarPropertyManager.setProperty() with the TELEMATIC_FD_1.TSI_Offset_Mph_Req signal value as 8 mph. CarPropertyService shall receive the request from CarPropertyManager and forward it to VHAL/IVehicle for HW/IPC update. HW supplier shall process the request signal via VHAL interface. The HMI layer shall maintain/update the displayed setting according to the requested value and any invalid value shall be considered invalid by HMI.
SWE1-VC-TrafficSignAssistOffset - NAFTASetting-069	STLA_Trailer_Name - Max_Power_Level_Report	SYS-RA-VF230_V1-2489	Traffic Sign Assist Offset - NAFTA Setting	The HMI layer shall capture the customer selection for the Traffic Sign Assist Offset setting and send the request using CarPropertyManager.setProperty() with the TELEMATIC_FD_1.TSI_Offset_Mph_Req signal value as 9 mph. CarPropertyService shall receive the request from CarPropertyManager and forward it to VHAL/IVehicle for HW/IPC update. HW supplier shall process the request signal via VHAL interface. The HMI layer shall maintain/update the displayed setting according to the requested value and any invalid value shall be considered invalid by HMI.
SWE1-VC-TrafficSignAssistOffset - NAFTASetting-070	STLA_Trailer_Name - Max_Power_Level_Report	SYS-RA-VF230_V1-2490	Traffic Sign Assist Offset - NAFTA Setting	The HMI layer shall capture the customer selection for the Traffic Sign Assist Offset setting and send the request using CarPropertyManager.setProperty() with the TELEMATIC_FD_1.TSI_Offset_Mph_Req signal value as 10 mph. CarPropertyService shall receive the request from CarPropertyManager and forward it to VHAL/IVehicle for HW/IPC update. HW supplier shall process the request signal via VHAL interface. The HMI layer shall maintain/update the displayed setting according to the requested value and any invalid value shall be considered invalid by HMI.
SWE1-VC-TrafficSignAssistOffset - NAFTASetting-071	STLA_Trailer_Name - Max_Power_Level_Report	SYS-RA-VF230_V1-2491	Traffic Sign Assist Offset - NAFTA Setting	HW supplier shall notify the IPC_VEHICLE_SETUP2.TSI_Offset_Mph signal via VHAL interface. CarPropertyService shall receive the IPC_VEHICLE_SETUP2.TSI_Offset_Mph signal from VHAL and forward it to CarPropertyManager. CarPropertyManager shall expose the value to HMI via API interface. The HMI layer shall evaluate the received IPC_VEHICLE_SETUP2.TSI_Offset_Mph signal and update/display the Traffic_Sign_Assist setting information accordingly within <TDisplay>. Any invalid value shall be considered invalid by HMI.
SWE1-VC-TrafficSignAssistOffset - NAFTASetting-072	STLA_Trailer_Name - Max_Power_Level_Report	SYS-RA-VF230_V1-2492	Traffic Sign Assist Offset - NAFTA Setting	The HMI layer shall retrieve the SpeedUnit signal through CarPropertyManager. CarPropertyService shall receive the SpeedUnit value from VHAL/IVehicle, which shall obtain the signal from the HW interface as defined by the SpeedUnit LID function in the Logical Identifiers and CAN Mapping v1_73. CarPropertyManager shall expose the SpeedUnit value to the HMI via the API interface. The HMI layer shall evaluate the received SpeedUnit signal, and when SpeedUnit = Kph, it shall apply the corresponding Speed Unit configuration to the subsequent requirements (VF230_V1_PDT27_VF_6632 through VF230_V1_PDT27_VF_6643, or the applicable requirement IDs). Any invalid SpeedUnit value shall be considered invalid by the HMI.
SWE1-VC-TrafficSignAssistOffset - NAFTASetting-073	STLA_Trailer_Name - Max_Power_Level_Report	SYS-RA-VF230_V1-2493	Traffic Sign Assist Offset - NAFTA Setting	The HMI layer shall capture the customer selection for the Traffic Sign Assist Offset setting and send the request using CarPropertyManager.setProperty() with the TELEMATIC_FD_1.TSI_Offset_Kph_Req signal value as 0 kph. CarPropertyService shall receive the request from CarPropertyManager and forward it to VHAL/IVehicle for HW/IPC update. HW supplier shall process the request signal via VHAL interface. The HMI layer shall maintain/update the displayed setting according to the requested value and any invalid value shall be considered invalid by HMI.
SWE1-VC-TrafficSignAssistOffset - NAFTASetting-074	STLA_Trailer_Name - Max_Power_Level_Report	SYS-RA-VF230_V1-2494	Traffic Sign Assist Offset - NAFTA Setting	The HMI layer shall capture the customer selection for the Traffic Sign Assist Offset setting and send the request using CarPropertyManager.setProperty() with the TELEMATIC_FD_1.TSI_Offset_Kph_Req signal value as 1 kph. CarPropertyService shall receive the request from CarPropertyManager and forward it to VHAL/IVehicle for HW/IPC update. HW supplier shall process the request signal via VHAL interface. The HMI layer shall maintain/update the displayed setting according to the requested value and any invalid value shall be considered invalid by HMI.
SWE1-VC-TrafficSignAssistOffset - NAFTASetting-075	STLA_Trailer_Name - Max_Power_Level_Report	SYS-RA-VF230_V1-2495	Traffic Sign Assist Offset - NAFTA Setting	The HMI layer shall capture the customer selection for the Traffic Sign Assist Offset setting and send the request using CarPropertyManager.setProperty() with the TELEMATIC_FD_1.TSI_Offset_Kph_Req signal value as 2 kph. CarPropertyService shall receive the request from CarPropertyManager and forward it to VHAL/IVehicle for HW/IPC update. HW supplier shall process the request signal via VHAL interface. The HMI layer shall maintain/update the displayed setting according to the requested value and any invalid value shall be considered invalid by HMI.
SWE1-VC-TrafficSignAssistOffset - NAFTASetting-076	STLA_Trailer_Name - Max_Power_Level_Report	SYS-RA-VF230_V1-2496	Traffic Sign Assist Offset - NAFTA Setting	The HMI layer shall capture the customer selection for the Traffic Sign Assist Offset setting and send the request using CarPropertyManager.setProperty() with the TELEMATIC_FD_1.TSI_Offset_Kph_Req signal value as 3 kph. CarPropertyService shall receive the request from CarPropertyManager and forward it to VHAL/IVehicle for HW/IPC update. HW supplier shall process the request signal via VHAL interface. The HMI layer shall maintain/update the displayed setting according to the requested value and any invalid value shall be considered invalid by HMI.
SWE1-VC-TrafficSignAssistOffset - NAFTASetting-077	STLA_Trailer_Name - Max_Power_Level_Report	SYS-RA-VF230_V1-2497	Traffic Sign Assist Offset - NAFTA Setting	The HMI layer shall capture the customer selection for the Traffic Sign Assist Offset setting and send the request using CarPropertyManager.setProperty() with the TELEMATIC_FD_1.TSI_Offset_Kph_Req signal value as 4 kph. CarPropertyService shall receive the request from CarPropertyManager and forward it to VHAL/IVehicle for HW/IPC update. HW supplier shall process the request signal via VHAL interface. The HMI layer shall maintain/update the displayed setting according to the requested value and any invalid value shall be considered invalid by HMI.
SWE1-VC-TrafficSignAssistOffset - NAFTASetting-078	STLA_Trailer_Name - Max_Power_Level_Report	SYS-RA-VF230_V1-2498	Traffic Sign Assist Offset - NAFTA Setting	The HMI layer shall capture the customer selection for the Traffic Sign Assist Offset setting and send the request using CarPropertyManager.setProperty() with the TELEMATIC_FD_1.TSI_Offset_Kph_Req signal value as 5 kph. CarPropertyService shall receive the request from CarPropertyManager and forward it to VHAL/IVehicle for HW/IPC update. HW supplier shall process the request signal via VHAL interface. The HMI layer shall maintain/update the displayed setting according to the requested value and any invalid value shall be considered invalid by HMI.
SWE1-VC-TrafficSignAssistOffset - NAFTASetting-079	STLA_Trailer_Name - Max_Power_Level_Report	SYS-RA-VF230_V1-2499	Traffic Sign Assist Offset - NAFTA Setting	The HMI layer shall capture the customer selection for the Traffic Sign Assist Offset setting and send the request using CarPropertyManager.setProperty() with the TELEMATIC_FD_1.TSI_Offset_Kph_Req signal value as 6 kph. CarPropertyService shall receive the request from CarPropertyManager and forward it to VHAL/IVehicle for HW/IPC update. HW supplier shall process the request signal via VHAL interface. The HMI layer shall maintain/update the displayed setting according to the requested value and any invalid value shall be considered invalid by HMI.
SWE1-VC-TrafficSignAssistOffset - NAFTASetting-080	STLA_Trailer_Name - Max_Power_Level_Report	SYS-RA-VF230_V1-2500	Traffic Sign Assist Offset - NAFTA Setting	The HMI layer shall capture the customer selection for the Traffic Sign Assist Offset setting and send the request using CarPropertyManager.setProperty() with the TELEMATIC_FD_1.TSI_Offset_Kph_Req signal value as 7 kph. CarPropertyService shall receive the request from CarPropertyManager and forward it to VHAL/IVehicle for HW/IPC update. HW supplier shall process the request signal via VHAL interface. The HMI layer shall maintain/update the displayed setting according to the requested value and any invalid value shall be considered invalid by HMI.
SWE1-VC-TrafficSignAssistOffset - NAFTASetting-081	STLA_Trailer_Name - Max_Power_Level_Report	SYS-RA-VF230_V1-2501	Traffic Sign Assist Offset - NAFTA Setting	The HMI layer shall capture the customer selection for the Traffic Sign Assist Offset setting and send the request using CarPropertyManager.setProperty() with the TELEMATIC_FD_1.TSI_Offset_Kph_Req signal value as 8 kph. CarPropertyService shall receive the request from CarPropertyManager and forward it to VHAL/IVehicle for HW/IPC update. HW supplier shall process the request signal via VHAL interface. The HMI layer shall maintain/update the displayed setting according to the requested value and any invalid value shall be considered invalid by HMI.
SWE1-VC-TrafficSignAssistOffset - NAFTASetting-082	STLA_Trailer_Name - Max_Power_Level_Report	SYS-RA-VF230_V1-2502	Traffic Sign Assist Offset - NAFTA Setting	The HMI layer shall capture the customer selection for the Traffic Sign Assist Offset setting and send the request using CarPropertyManager.setProperty() with the TELEMATIC_FD_1.TSI_Offset_Kph_Req signal value as 9 kph. CarPropertyService shall receive the request from CarPropertyManager and forward it to VHAL/IVehicle for HW/IPC update. HW supplier shall process the request signal via VHAL interface. The HMI layer shall maintain/update the displayed setting according to the requested value and any invalid value shall be considered invalid by HMI.
SWE1-VC-TrafficSignAssistOffset - NAFTASetting-083	STLA_Trailer_Name - Max_Power_Level_Report	SYS-RA-VF230_V1-2503	Traffic Sign Assist Offset - NAFTA Setting	The HMI layer shall capture the customer selection for the Traffic Sign Assist Offset setting and send the request using CarPropertyManager.setProperty() with the TELEMATIC_FD_1.TSI_Offset_Kph_Req signal value as 10 kph. CarPropertyService shall receive the request from CarPropertyManager and forward it to VHAL/IVehicle for HW/IPC update. HW supplier shall process the request signal via VHAL interface. The HMI layer shall maintain/update the displayed setting according to the requested value and any invalid value shall be considered invalid by HMI.
SWE1-VC-TrafficSignAssistOffset - NAFTASetting-084	STLA_Trailer_Name - Max_Power_Level_Report	SYS-RA-VF230_V1-2504	Traffic Sign Assist Offset - NAFTA Setting	The HMI layer shall capture the customer selection for the Traffic Sign Assist Offset setting and send the request using CarPropertyManager.setProperty() with the TELEMATIC_FD_1.TSI_Offset_Kph_Req signal value as 11 kph. CarPropertyService shall receive the request from CarPropertyManager and forward it to VHAL/IVehicle for HW/IPC update. HW supplier shall process the request signal via VHAL interface. The HMI layer shall maintain/update the displayed setting according to the requested value and any invalid value shall be considered invalid by HMI.
SWE1-VC-TrafficSignAssistOffset - NAFTASetting-085	STLA_Trailer_Name - Max_Power_Level_Report	SYS-RA-VF230_V1-2505	Traffic Sign Assist Offset - NAFTA Setting	The HMI layer shall capture the customer selection for the Traffic Sign Assist Offset setting and send the request using CarPropertyManager.setProperty() with the TELEMATIC_FD_1.TSI_Offset_Kph_Req signal value as 12 kph. CarPropertyService shall receive the request from CarPropertyManager and forward it to VHAL/IVehicle for HW/IPC update. HW supplier shall process the request signal via VHAL interface. The HMI layer shall maintain/update the displayed setting according to the requested value and any invalid value shall be considered invalid by HMI.
SWE1-VC-TrafficSignAssistOffset - NAFTASetting-086	STLA_Trailer_Name - Max_Power_Level_Report	SYS-RA-VF230_V1-2506	Traffic Sign Assist Offset - NAFTA Setting	The HMI layer shall capture the customer selection for the Traffic Sign Assist Offset setting and send the request using CarPropertyManager.setProperty() with the TELEMATIC_FD_1.TSI_Offset_Kph_Req signal value as 13 kph. CarPropertyService shall receive the request from CarPropertyManager and forward it to VHAL/IVehicle for HW/IPC update. HW supplier shall process the request signal via VHAL interface. The HMI layer shall maintain/update the displayed setting according to the requested value and any invalid value shall be considered invalid by HMI.
SWE1-VC-TrafficSignAssistOffset - NAFTASetting-087	STLA_Trailer_Name - Max_Power_Level_Report	SYS-RA-VF230_V1-2507	Traffic Sign Assist Offset - NAFTA Setting	The HMI layer shall capture the customer selection for the Traffic Sign Assist Offset setting and send the request using CarPropertyManager.setProperty() with the TELEMATIC_FD_1.TSI_Offset_Kph_Req signal value as 14 kph. CarPropertyService shall receive the request from CarPropertyManager and forward it to VHAL/IVehicle for HW/IPC update. HW supplier shall process the request signal via VHAL interface. The HMI layer shall maintain/update the displayed setting according to the requested value and any invalid value shall be considered invalid by HMI.
SWE1-VC-TrafficSignAssistOffset - NAFTASetting-088	STLA_Trailer_Name - Max_Power_Level_Report	SYS-RA-VF230_V1-2508	Traffic Sign Assist Offset - NAFTA Setting	The HMI layer shall capture the customer selection for the Traffic Sign Assist Offset setting and send the request using CarPropertyManager.setProperty() with the TELEMATIC_FD_1.TSI_Offset_Kph_Req signal value as 15 kph. CarPropertyService shall receive the request from CarPropertyManager and forward it to VHAL/IVehicle for HW/IPC update. HW supplier shall process the request signal via VHAL interface. The HMI layer shall maintain/update the displayed setting according to the requested value and any invalid value shall be considered invalid by HMI.
SWE1-VC-TrafficSignAssistOffset - NAFTASetting-089	STLA_Trailer_Name - Max_Power_Level_Report	SYS-RA-VF230_V1-2509	Traffic Sign Assist Offset - NAFTA Setting	HW supplier shall notify the IPC_VEHICLE_SETUP2.TSI_Offset_Kph signal via VHAL interface. CarPropertyService shall receive the IPC_VEHICLE_SETUP2.TSI_Offset_Kph signal from VHAL and forward it to CarPropertyManager. CarPropertyManager shall expose the value to HMI via API interface. The HMI layer shall evaluate the received IPC_VEHICLE_SETUP2.TSI_Offset_Kph signal and update/display the Traffic_Sign_Assist setting information accordingly within <TDisplay>. Any invalid value shall be considered invalid by HMI.
SWE1-VC-TrafficSignAssistOffset - non-NAFTASetting-091	STLA_Trailer_Name - Max_Power_Level_Report	SYS-RA-VF230_V1-2511	Traffic Sign Assist Offset - non-NAFTA Setting	The HMI layer shall send a request to VehicleConfigManager to retrieve the Traffic_Sign_Recognition_Menu PROXI configuration. VehicleConfigManager shall communicate with VehicleConfigService, and VehicleConfigService shall check the requested Traffic_Sign_Recognition_Menu value from SystemProperties / HW configuration. The response shall be returned from SystemProperties to VehicleConfigService, then to VehicleConfigManager, and finally to the HMI layer. The HMI layer shall evaluate the received Traffic_Sign_Recognition_Menu PROXI value to determine the availability of the traffic sign assist offset feature. If Traffic_Sign_Recognition_Menu = [Present], the LTM or ETM shall display the traffic sign assist offset customer setting to allow the customer the ability to modify the setting.
SWE1-VC-TrafficSignAssistOffset - non-NAFTASetting-092	STLA_Trailer_Name - Max_Power_Level_Report	SYS-RA-VF230_V1-2512	Traffic Sign Assist Offset - non-NAFTA Setting	The HMI layer shall send a request to VehicleConfigManager to retrieve the Traffic_Sign_Recognition_Menu PROXI configuration. VehicleConfigManager shall communicate with VehicleConfigService, and VehicleConfigService shall check the requested Traffic_Sign_Recognition_Menu value from SystemProperties / HW configuration. The response shall be returned from SystemProperties to VehicleConfigService, then to VehicleConfigManager, and finally to the HMI layer. The HMI layer shall evaluate the received Traffic_Sign_Recognition_Menu PROXI value to determine the availability of the traffic sign assist offset feature. If Traffic_Sign_Recognition_Menu = [Absent], the LTM or ETM shall not display the traffic sign assist offset customer setting.
SWE1-VC-TrafficSignAssistOffset - non-NAFTASetting-093	STLA_Trailer_Name - Max_Power_Level_Report	SYS-RA-VF230_V1-2513	Traffic Sign Assist Offset - non-NAFTA Setting	The HMI layer shall retrieve the SpeedUnit signal through CarPropertyManager. CarPropertyService shall receive the SpeedUnit value from VHAL/IVehicle, which shall obtain the signal from the HW interface as defined by the SpeedUnit LID function in the Logical Identifiers and CAN Mapping v1_73. CarPropertyManager shall expose the SpeedUnit value to the HMI via the API interface. The HMI layer shall evaluate the received SpeedUnit signal, and when SpeedUnit = Mph, it shall apply the Speed Unit value as Mph . Any invalid SpeedUnit value shall be considered invalid by the HMI
SWE1-VC-TrafficSignAssistOffset - non-NAFTASetting-094	STLA_Trailer_Name - Max_Power_Level_Report	SYS-RA-VF230_V1-2514	Traffic Sign Assist Offset - non-NAFTA Setting	The HMI layer shall capture the customer selection for the Traffic Sign Assist Offset setting and send the request using CarPropertyManager.setProperty() with the TELEMATIC_FD_1.TSI_Offset_Mph_Req signal value as 0 mph  . CarPropertyService shall receive the request from CarPropertyManager and forward it to VHAL/IVehicle for HW/IPC update. HW supplier shall process the request signal via VHAL interface. The HMI layer shall maintain/update the displayed setting according to the requested value and any invalid value shall be considered invalid by HMI.
SWE1-VC-TrafficSignAssistOffset - non-NAFTASetting-095	STLA_Trailer_Name - Max_Power_Level_Report	SYS-RA-VF230_V1-2515	Traffic Sign Assist Offset - non-NAFTA Setting	The HMI layer shall capture the customer selection for the Traffic Sign Assist Offset setting and send the request using CarPropertyManager.setProperty() with the TELEMATIC_FD_1.TSI_Offset_Mph_Req signal value as 1 mph. CarPropertyService shall receive the request from CarPropertyManager and forward it to VHAL/IVehicle for HW/IPC update. HW supplier shall process the request signal via VHAL interface. The HMI layer shall maintain/update the displayed setting according to the requested value and any invalid value shall be considered invalid by HMI.
SWE1-VC-TrafficSignAssistOffset - non-NAFTASetting-096	STLA_Trailer_Name - Max_Power_Level_Report	SYS-RA-VF230_V1-2516	Traffic Sign Assist Offset - non-NAFTA Setting	The HMI layer shall capture the customer selection for the Traffic Sign Assist Offset setting and send the request using CarPropertyManager.setProperty() with the TELEMATIC_FD_1.TSI_Offset_Mph_Req signal value as 2 mph. CarPropertyService shall receive the request from CarPropertyManager and forward it to VHAL/IVehicle for HW/IPC update. HW supplier shall process the request signal via VHAL interface. The HMI layer shall maintain/update the displayed setting according to the requested value and any invalid value shall be considered invalid by HMI.
SWE1-VC-TrafficSignAssistOffset - non-NAFTASetting-097	STLA_Trailer_Name - Max_Power_Level_Report	SYS-RA-VF230_V1-2517	Traffic Sign Assist Offset - non-NAFTA Setting	The HMI layer shall capture the customer selection for the Traffic Sign Assist Offset setting and send the request using CarPropertyManager.setProperty() with the TELEMATIC_FD_1.TSI_Offset_Mph_Req signal value as 3 mph. CarPropertyService shall receive the request from CarPropertyManager and forward it to VHAL/IVehicle for HW/IPC update. HW supplier shall process the request signal via VHAL interface. The HMI layer shall maintain/update the displayed setting according to the requested value and any invalid value shall be considered invalid by HMI.
SWE1-VC-TrafficSignAssistOffset - non-NAFTASetting-098	STLA_Trailer_Name - Max_Power_Level_Report	SYS-RA-VF230_V1-2518	Traffic Sign Assist Offset - non-NAFTA Setting	The HMI layer shall capture the customer selection for the Traffic Sign Assist Offset setting and send the request using CarPropertyManager.setProperty() with the TELEMATIC_FD_1.TSI_Offset_Mph_Req signal value as 4 mph. CarPropertyService shall receive the request from CarPropertyManager and forward it to VHAL/IVehicle for HW/IPC update. HW supplier shall process the request signal via VHAL interface. The HMI layer shall maintain/update the displayed setting according to the requested value and any invalid value shall be considered invalid by HMI.
SWE1-VC-TrafficSignAssistOffset - non-NAFTASetting-099	STLA_Trailer_Name - Max_Power_Level_Report	SYS-RA-VF230_V1-2519	Traffic Sign Assist Offset - non-NAFTA Setting	The HMI layer shall capture the customer selection for the Traffic Sign Assist Offset setting and send the request using CarPropertyManager.setProperty() with the TELEMATIC_FD_1.TSI_Offset_Mph_Req signal value as 5 mph. CarPropertyService shall receive the request from CarPropertyManager and forward it to VHAL/IVehicle for HW/IPC update. HW supplier shall process the request signal via VHAL interface. The HMI layer shall maintain/update the displayed setting according to the requested value and any invalid value shall be considered invalid by HMI.
SWE1-VC-TrafficSignAssistOffset - non-NAFTASetting-100	STLA_Trailer_Name - Max_Power_Level_Report	SYS-RA-VF230_V1-2520	Traffic Sign Assist Offset - non-NAFTA Setting	HW supplier shall notify the IPC_VEHICLE_SETUP2.TSI_Offset_Mph signal via VHAL interface. CarPropertyService shall receive the IPC_VEHICLE_SETUP2.TSI_Offset_Mph signal from VHAL and forward it to CarPropertyManager. CarPropertyManager shall expose the value to HMI via API interface. The HMI layer shall evaluate the received IPC_VEHICLE_SETUP2.TSI_Offset_Mph signal and update/display the Traffic_Sign_Assist setting information accordingly within <TDisplay>. Any invalid value shall be considered invalid by HMI.
SWE1-VC-TrafficSignAssistOffset - non-NAFTASetting-101	STLA_Trailer_Name - Max_Power_Level_Report	SYS-RA-VF230_V1-2521	Traffic Sign Assist Offset - non-NAFTA Setting	The HMI layer shall retrieve the SpeedUnit signal through CarPropertyManager. CarPropertyService shall receive the SpeedUnit value from VHAL/IVehicle, which shall obtain the signal from the HW interface as defined by the SpeedUnit LID function in the Logical Identifiers and CAN Mapping v1_73. CarPropertyManager shall expose the SpeedUnit value to the HMI via the API interface. The HMI layer shall evaluate the received SpeedUnit signal, and when SpeedUnit = Kph, it shall apply the Speed Unit value as Kph
SWE1-VC-TrafficSignAssistOffset - non-NAFTASetting-102	STLA_Trailer_Name - Max_Power_Level_Report	SYS-RA-VF230_V1-2522	Traffic Sign Assist Offset - non-NAFTA Setting	The HMI layer shall capture the customer selection for the Traffic Sign Assist Offset setting and send the request using CarPropertyManager.setProperty() with the TELEMATIC_FD_1.TSI_Offset_Kph_Req signal value as 0 Kph. CarPropertyService shall receive the request from CarPropertyManager and forward it to VHAL/IVehicle for HW/IPC update. HW supplier shall process the request signal via VHAL interface. The HMI layer shall maintain/update the displayed setting according to the requested value and any invalid value shall be considered invalid by HMI.
SWE1-VC-TrafficSignAssistOffset - non-NAFTASetting-103	STLA_Trailer_Name - Max_Power_Level_Report	SYS-RA-VF230_V1-2523	Traffic Sign Assist Offset - non-NAFTA Setting	The HMI layer shall capture the customer selection for the Traffic Sign Assist Offset setting and send the request using CarPropertyManager.setProperty() with the TELEMATIC_FD_1.TSI_Offset_Kph_Req signal value as 1 Kph. CarPropertyService shall receive the request from CarPropertyManager and forward it to VHAL/IVehicle for HW/IPC update. HW supplier shall process the request signal via VHAL interface. The HMI layer shall maintain/update the displayed setting according to the requested value and any invalid value shall be considered invalid by HMI.
SWE1-VC-TrafficSignAssistOffset - non-NAFTASetting-104	STLA_Trailer_Name - Max_Power_Level_Report	SYS-RA-VF230_V1-2524	Traffic Sign Assist Offset - non-NAFTA Setting	The HMI layer shall capture the customer selection for the Traffic Sign Assist Offset setting and send the request using CarPropertyManager.setProperty() with the TELEMATIC_FD_1.TSI_Offset_Kph_Req signal value as 2 Kph. CarPropertyService shall receive the request from CarPropertyManager and forward it to VHAL/IVehicle for HW/IPC update. HW supplier shall process the request signal via VHAL interface. The HMI layer shall maintain/update the displayed setting according to the requested value and any invalid value shall be considered invalid by HMI.
SWE1-VC-TrafficSignAssistOffset - non-NAFTASetting-105	STLA_Trailer_Name - Max_Power_Level_Report	SYS-RA-VF230_V1-2525	Traffic Sign Assist Offset - non-NAFTA Setting	The HMI layer shall capture the customer selection for the Traffic Sign Assist Offset setting and send the request using CarPropertyManager.setProperty() with the TELEMATIC_FD_1.TSI_Offset_Kph_Req signal value as 3 Kph. CarPropertyService shall receive the request from CarPropertyManager and forward it to VHAL/IVehicle for HW/IPC update. HW supplier shall process the request signal via VHAL interface. The HMI layer shall maintain/update the displayed setting according to the requested value and any invalid value shall be considered invalid by HMI.
SWE1-VC-TrafficSignAssistOffset - non-NAFTASetting-106	STLA_Trailer_Name - Max_Power_Level_Report	SYS-RA-VF230_V1-2526	Traffic Sign Assist Offset - non-NAFTA Setting	The HMI layer shall capture the customer selection for the Traffic Sign Assist Offset setting and send the request using CarPropertyManager.setProperty() with the TELEMATIC_FD_1.TSI_Offset_Kph_Req signal value as 4 Kph. CarPropertyService shall receive the request from CarPropertyManager and forward it to VHAL/IVehicle for HW/IPC update. HW supplier shall process the request signal via VHAL interface. The HMI layer shall maintain/update the displayed setting according to the requested value and any invalid value shall be considered invalid by HMI.
SWE1-VC-TrafficSignAssistOffset - non-NAFTASetting-107	STLA_Trailer_Name - Max_Power_Level_Report	SYS-RA-VF230_V1-2527	Traffic Sign Assist Offset - non-NAFTA Setting	The HMI layer shall capture the customer selection for the Traffic Sign Assist Offset setting and send the request using CarPropertyManager.setProperty() with the TELEMATIC_FD_1.TSI_Offset_Kph_Req signal value as 5 Kph. CarPropertyService shall receive the request from CarPropertyManager and forward it to VHAL/IVehicle for HW/IPC update. HW supplier shall process the request signal via VHAL interface. The HMI layer shall maintain/update the displayed setting according to the requested value and any invalid value shall be considered invalid by HMI.
SWE1-VC-TrafficSignAssistOffset - non-NAFTASetting-108	STLA_Trailer_Name - Max_Power_Level_Report	SYS-RA-VF230_V1-2528	Traffic Sign Assist Offset - non-NAFTA Setting	The HMI layer shall capture the customer selection for the Traffic Sign Assist Offset setting and send the request using CarPropertyManager.setProperty() with the TELEMATIC_FD_1.TSI_Offset_Kph_Req signal value as 6 Kph. CarPropertyService shall receive the request from CarPropertyManager and forward it to VHAL/IVehicle for HW/IPC update. HW supplier shall process the request signal via VHAL interface. The HMI layer shall maintain/update the displayed setting according to the requested value and any invalid value shall be considered invalid by HMI.
SWE1-VC-TrafficSignAssistOffset - non-NAFTASetting-109	STLA_Trailer_Name - Max_Power_Level_Report	SYS-RA-VF230_V1-2529	Traffic Sign Assist Offset - non-NAFTA Setting	The HMI layer shall capture the customer selection for the Traffic Sign Assist Offset setting and send the request using CarPropertyManager.setProperty() with the TELEMATIC_FD_1.TSI_Offset_Kph_Req signal value as 7 Kph. CarPropertyService shall receive the request from CarPropertyManager and forward it to VHAL/IVehicle for HW/IPC update. HW supplier shall process the request signal via VHAL interface. The HMI layer shall maintain/update the displayed setting according to the requested value and any invalid value shall be considered invalid by HMI.
SWE1-VC-TrafficSignAssistOffset - non-NAFTASetting-110	STLA_Trailer_Name - Max_Power_Level_Report	SYS-RA-VF230_V1-2530	Traffic Sign Assist Offset - non-NAFTA Setting	The HMI layer shall capture the customer selection for the Traffic Sign Assist Offset setting and send the request using CarPropertyManager.setProperty() with the TELEMATIC_FD_1.TSI_Offset_Kph_Req signal value 8 Kph. CarPropertyService shall receive the request from CarPropertyManager and forward it to VHAL/IVehicle for HW/IPC update. HW supplier shall process the request signal via VHAL interface. The HMI layer shall maintain/update the displayed setting according to the requested value and any invalid value shall be considered invalid by HMI.
SWE1-VC-TrafficSignAssistOffset - non-NAFTASetting-111	STLA_Trailer_Name - Max_Power_Level_Report	SYS-RA-VF230_V1-2531	Traffic Sign Assist Offset - non-NAFTA Setting	The HMI layer shall capture the customer selection for the Traffic Sign Assist Offset setting and send the request using CarPropertyManager.setProperty() with the TELEMATIC_FD_1.TSI_Offset_Kph_Req signal value as 9 Kph. CarPropertyService shall receive the request from CarPropertyManager and forward it to VHAL/IVehicle for HW/IPC update. HW supplier shall process the request signal via VHAL interface. The HMI layer shall maintain/update the displayed setting according to the requested value and any invalid value shall be considered invalid by HMI.
SWE1-VC-TrafficSignAssistOffset - non-NAFTASetting-112	STLA_Trailer_Name - Max_Power_Level_Report	SYS-RA-VF230_V1-2532	Traffic Sign Assist Offset - non-NAFTA Setting	The HMI layer shall capture the customer selection for the Traffic Sign Assist Offset setting and send the request using CarPropertyManager.setProperty() with the TELEMATIC_FD_1.TSI_Offset_Kph_Req signal value 10 Kph. CarPropertyService shall receive the request from CarPropertyManager and forward it to VHAL/IVehicle for HW/IPC update. HW supplier shall process the request signal via VHAL interface. The HMI layer shall maintain/update the displayed setting according to the requested value and any invalid value shall be considered invalid by HMI.
SWE1-VC-TrafficSignAssistOffset - non-NAFTASetting-113	STLA_Trailer_Name - Max_Power_Level_Report	SYS-RA-VF230_V1-2533	Traffic Sign Assist Offset - non-NAFTA Setting	HW supplier shall notify the IPC_VEHICLE_SETUP2.TSI_Offset_Kph signal via VHAL interface. CarPropertyService shall receive the IPC_VEHICLE_SETUP2.TSI_Offset_Kph signal from VHAL and forward it to CarPropertyManager. CarPropertyManager shall expose the value to HMI via API interface. The HMI layer shall evaluate the received IPC_VEHICLE_SETUP2.TSI_Offset_Kph signal and update/display the Traffic_Sign_Assist setting information accordingly within <TDisplay>. Any invalid value shall be considered invalid by HMI.
SWE1-VC-WarningsforLowFuelInverterShutdown - VisualWarning-115	STLA_Trailer_Name - Max_Power_Level_Report	SYS-RA-VF230_V1-1119	Warnings for Low Fuel Inverter Shutdown - Visual Warning	The HMI layer shall send a request to VehicleConfigManager to retrieve the INVM_LIN_Module PROXI configuration. VehicleConfigManager shall communicate with VehicleConfigService, and VehicleConfigService shall check the requested INVM_LIN_Module value from SystemProperties / HW configuration. The response shall be returned from SystemProperties to VehicleConfigService, then to VehicleConfigManager, and finally to the HMI layer. The HMI layer shall evaluate the received INVM_LIN_Module PROXI value to determine the availability of the Warnings for Low Fuel Inverter Shutdown - Visual Warning feature. If INVM_LIN_Module = [Absent], the LTM or ETM shall not display the Warnings for Low Fuel Inverter Shutdown - Visual Warning customer setting.
SWE1-VC-WarningsforLowFuelInverterShutdown - VisualWarning-116	STLA_Trailer_Name - Max_Power_Level_Report	SYS-RA-VF230_V1-1120	Warnings for Low Fuel Inverter Shutdown - Visual Warning	The HMI layer shall send a request to VehicleConfigManager to retrieve the INVM_LIN_Module PROXI configuration. VehicleConfigManager shall communicate with VehicleConfigService, and VehicleConfigService shall check the requested INVM_LIN_Module value from SystemProperties / HW configuration. The response shall be returned from SystemProperties to VehicleConfigService, then to VehicleConfigManager, and finally to the HMI layer. The HMI layer shall evaluate the received INVM_LIN_Module PROXI value to determine the availability of the Warnings for Low Fuel Inverter Shutdown - Visual Warning feature. If INVM_LIN_Module = [Present], the LTM or ETM shall display the Warnings for Low Fuel Inverter Shutdown - Visual Warning customer setting to allow the customer the ability to modify the setting.
SWE1-VC-WarningsforLowFuelInverterShutdown - VisualWarning-117	STLA_Trailer_Name - Max_Power_Level_Report	SYS-RA-VF230_V1-1121	Warnings for Low Fuel Inverter Shutdown - Visual Warning	The HMI layer shall capture the customer selection for the Warnings for Low Fuel Inverter Shutdown - Visual Warning setting and send the request using CarPropertyManager.setProperty() with the TELEMATIC_FD_5.WorksiteINVM_Visual_LFW_Req signal value as OFF. CarPropertyService shall receive the request from CarPropertyManager and forward it to VHAL/IVehicle for HW/IPC update. HW supplier shall process the request signal via VHAL interface. The HMI layer shall maintain/update the displayed setting according to the requested value and any invalid value shall be considered invalid by HMI.
SWE1-VC-WarningsforLowFuelInverterShutdown - VisualWarning-118	STLA_Trailer_Name - Max_Power_Level_Report	SYS-RA-VF230_V1-1122	Warnings for Low Fuel Inverter Shutdown - Visual Warning	The HMI layer shall capture the customer selection for the Warnings for Low Fuel Inverter Shutdown - Visual Warning setting and send the request using CarPropertyManager.setProperty() with the TELEMATIC_FD_5.WorksiteINVM_Visual_LFW_Req signal value as On. CarPropertyService shall receive the request from CarPropertyManager and forward it to VHAL/IVehicle for HW/IPC update. HW supplier shall process the request signal via VHAL interface. The HMI layer shall maintain/update the displayed setting according to the requested value and any invalid value shall be considered invalid by HMI.
SWE1-VC-WarningsforLowFuelInverterShutdown - VisualWarning-119	STLA_Trailer_Name - Max_Power_Level_Report	SYS-RA-VF230_V1-1123	Warnings for Low Fuel Inverter Shutdown - Visual Warning	HW supplier shall notify the IPC_VEHICLE_SETUP2.WorksiteINVM_Visual_LFW signal via VHAL interface. CarPropertyService shall receive the IPC_VEHICLE_SETUP2.WorksiteINVM_Visual_LFW signal from VHAL and forward it to CarPropertyManager. CarPropertyManager shall expose the value to HMI via API interface. The HMI layer shall evaluate the received IPC_VEHICLE_SETUP2.WorksiteINVM_Visual_LFW signal and update/display the Warnings for Low Fuel Inverter Shutdown - Visual Warning setting information accordingly within <TDisplay>. Any invalid value shall be considered invalid by HMI.
SWE1-VC-WarningsforLowFuelInverterShutdown - VisualWarning-121	STLA_Trailer_Name - Max_Power_Level_Report	SYS-RA-VF230_V1-1125	Warnings for Low Fuel Inverter Shutdown - Audible Warning	The HMI layer shall send a request to VehicleConfigManager to retrieve the INVM_LIN_Module PROXI configuration. VehicleConfigManager shall communicate with VehicleConfigService, and VehicleConfigService shall check the requested INVM_LIN_Module value from SystemProperties / HW configuration. The response shall be returned from SystemProperties to VehicleConfigService, then to VehicleConfigManager, and finally to the HMI layer. The HMI layer shall evaluate the received INVM_LIN_Module PROXI value to determine the availability of the Warnings for Low Fuel Inverter Shutdown - Audible Warning feature. If INVM_LIN_Module = [Absent], the LTM or ETM shall not display the Warnings for Low Fuel Inverter Shutdown - Audible Warning customer setting.
SWE1-VC-WarningsforLowFuelInverterShutdown - VisualWarning-122	STLA_Trailer_Name - Max_Power_Level_Report	SYS-RA-VF230_V1-1126	Warnings for Low Fuel Inverter Shutdown - Audible Warning	The HMI layer shall send a request to VehicleConfigManager to retrieve the INVM_LIN_Module PROXI configuration. VehicleConfigManager shall communicate with VehicleConfigService, and VehicleConfigService shall check the requested INVM_LIN_Module value from SystemProperties / HW configuration. The response shall be returned from SystemProperties to VehicleConfigService, then to VehicleConfigManager, and finally to the HMI layer. The HMI layer shall evaluate the received INVM_LIN_Module PROXI value to determine the availability of the Warnings for Low Fuel Inverter Shutdown - Audible Warning feature. If INVM_LIN_Module = [Present], the LTM or ETM shall display the Warnings for Low Fuel Inverter Shutdown - Audible Warning customer setting to allow the customer the ability to modify the setting.
SWE1-VC-WarningsforLowFuelInverterShutdown - VisualWarning-123	STLA_Trailer_Name - Max_Power_Level_Report	SYS-RA-VF230_V1-1127	Warnings for Low Fuel Inverter Shutdown - Audible Warning	The HMI layer shall capture the customer selection for the Warnings for Low Fuel Inverter Shutdown - Audible Warning setting and send the request using CarPropertyManager.setProperty() with the TELEMATIC_FD_5.WorksiteINVM_Audible_LFW_Req signal value as Off. CarPropertyService shall receive the request from CarPropertyManager and forward it to VHAL/IVehicle for HW/IPC update. HW supplier shall process the request signal via VHAL interface. The HMI layer shall maintain/update the displayed setting according to the requested value and any invalid value shall be considered invalid by HMI.
SWE1-VC-WarningsforLowFuelInverterShutdown - VisualWarning-124	STLA_Trailer_Name - Max_Power_Level_Report	SYS-RA-VF230_V1-1128	Warnings for Low Fuel Inverter Shutdown - Audible Warning	The HMI layer shall capture the customer selection for the Warnings for Low Fuel Inverter Shutdown - Audible Warning setting and send the request using CarPropertyManager.setProperty() with the TELEMATIC_FD_5.WorksiteINVM_Audible_LFW_Req signal value as On. CarPropertyService shall receive the request from CarPropertyManager and forward it to VHAL/IVehicle for HW/IPC update. HW supplier shall process the request signal via VHAL interface. The HMI layer shall maintain/update the displayed setting according to the requested value and any invalid value shall be considered invalid by HMI.
SWE1-VC-WarningsforLowFuelInverterShutdown - VisualWarning-125	STLA_Trailer_Name - Max_Power_Level_Report	SYS-RA-VF230_V1-1129	Warnings for Low Fuel Inverter Shutdown - Audible Warning	HW supplier shall notify the IPC_VEHICLE_SETUP2.WorksiteINVM_Audible_LFW signal via VHAL interface. CarPropertyService shall receive the IPC_VEHICLE_SETUP2.WorksiteINVM_Audible_LFW signal from VHAL and forward it to CarPropertyManager. CarPropertyManager shall expose the value to HMI via API interface. The HMI layer shall evaluate the received IPC_VEHICLE_SETUP2.WorksiteINVM_Audible_LFW signal and update/display the Warnings for Low Fuel Inverter Shutdown - Audible Warning setting information accordingly within <TDisplay>. Any invalid value shall be considered invalid by HMI.
SWE1-VC-EnhancedDisplaySynchronization-127	STLA_Trailer_Name - Max_Power_Level_Report	SYS-RA-VF230_V1-1131	Enhanced Display Synchronization	The HMI layer shall send a request to VehicleConfigManager to retrieve the SRT PROXI configuration. VehicleConfigManager shall communicate with VehicleConfigService, and VehicleConfigService shall check the requested SRT value from SystemProperties / HW configuration. The response shall be returned from SystemProperties to VehicleConfigService, then to VehicleConfigManager, and finally to the HMI layer. The HMI layer shall evaluate the received SRT PROXI value to determine the availability of the Enhanced Display Synchronization feature. If SRT = [Absent], the LTM or ETM shall not display the Enhanced Display Synchronization customer setting.
SWE1-VC-EnhancedDisplaySynchronization-128	STLA_Trailer_Name - Max_Power_Level_Report	SYS-RA-VF230_V1-1132	Enhanced Display Synchronization	The HMI layer shall send a request to VehicleConfigManager to retrieve the SRT PROXI configuration. VehicleConfigManager shall communicate with VehicleConfigService, and VehicleConfigService shall check the requested SRT value from SystemProperties / HW configuration. The response shall be returned from SystemProperties to VehicleConfigService, then to VehicleConfigManager, and finally to the HMI layer. The HMI layer shall evaluate the received SRT PROXI value to determine the availability of the Enhanced Display Synchronization feature. If SRT = [Present], the LTM or ETM shall display the Enhanced Display Synchronization customer setting to allow the customer the ability to modify the setting.
SWE1-VC-EnhancedDisplaySynchronization-129	STLA_Trailer_Name - Max_Power_Level_Report	SYS-RA-VF230_V1-1133	Enhanced Display Synchronization	The HMI layer shall capture the customer selection for the Enhanced Display Synchronization setting and send the request using CarPropertyManager.setProperty() with the TELEMATIC_FD_1.Display_Synch_Req signal value as ON. CarPropertyService shall receive the request from CarPropertyManager and forward it to VHAL/IVehicle for HW/IPC update. HW supplier shall process the request signal via VHAL interface. The HMI layer shall maintain/update the displayed setting according to the requested value and any invalid value shall be considered invalid by HMI.
SWE1-VC-EnhancedDisplaySynchronization-130	STLA_Trailer_Name - Max_Power_Level_Report	SYS-RA-VF230_V1-1134	Enhanced Display Synchronization	The HMI layer shall capture the customer selection for the Enhanced Display Synchronization setting and send the request using CarPropertyManager.setProperty() with the TELEMATIC_FD_1.Display_Synch_Req signal value as OFF. CarPropertyService shall receive the request from CarPropertyManager and forward it to VHAL/IVehicle for HW/IPC update. HW supplier shall process the request signal via VHAL interface. The HMI layer shall maintain/update the displayed setting according to the requested value and any invalid value shall be considered invalid by HMI.
SWE1-VC-EnhancedDisplaySynchronization-131	STLA_Trailer_Name - Max_Power_Level_Report	SYS-RA-VF230_V1-1135	Enhanced Display Synchronization	HW supplier shall notify the IPC_VEHICLE_SETUP2.Display_Synch signal via VHAL interface. CarPropertyService shall receive the IPC_VEHICLE_SETUP2.Display_Synch signal from VHAL and forward it to CarPropertyManager. CarPropertyManager shall expose the value to HMI via API interface. The HMI layer shall evaluate the received IPC_VEHICLE_SETUP2.Display_Synch signal and update/display the Enhanced Display Synchronization setting information accordingly within <TDisplay>. Any invalid value shall be considered invalid by HMI.
SWE1-VC-EnhancedDisplaySynchronization-132	STLA_Trailer_Name - Max_Power_Level_Report	SYS-RA-VF230_V1-1136	Enhanced Display Synchronization	HW supplier shall provide the default value of IPC_VEHICLE_SETUP2.Display_Synch default as ON via VHAL interface. CarPropertyService shall receive the IPC_VEHICLE_SETUP2.Display_Synch default value from VHAL and forward it to CarPropertyManager. CarPropertyManager shall expose the default value to the HMI layer via API interface. The HMI layer shall initialise and display the setting with the default value of ON for IPC_VEHICLE_SETUP2.Display_Synch. Any invalid value shall be considered invalid by HMI.
SWE1-VC-CHMSL CAMERA DYNAMIC CENTERLINE-134	STLA_Trailer_Name - Max_Power_Level_Report	SYS-RA-VF230_V1-1138	CHMSL CAMERA DYNAMIC CENTERLINE	The HMI layer shall send a request to VehicleConfigManager to retrieve the Digital_CHMSL_Camera_Prsnt PROXI configuration. VehicleConfigManager shall communicate with VehicleConfigService, and VehicleConfigService shall check the requested Digital_CHMSL_Camera_Prsnt value from SystemProperties / HW configuration. The response shall be returned from SystemProperties to VehicleConfigService, then to VehicleConfigManager, and finally to the HMI layer. The HMI layer shall evaluate the received Digital_CHMSL_Camera_Prsnt PROXI value to determine the availability of the CHMSL Camera Dynamic Centerline feature. If Digital_CHMSL_Camera_Prsnt = [Absent], the LTM or ETM shall not display the CHMSL Camera Dynamic Centerline customer setting.
SWE1-VC-CHMSL CAMERA DYNAMIC CENTERLINE-135	STLA_Trailer_Name - Max_Power_Level_Report	SYS-RA-VF230_V1-1139	CHMSL CAMERA DYNAMIC CENTERLINE	The HMI layer shall send a request to VehicleConfigManager to retrieve the Digital_CHMSL_Camera_Prsnt PROXI configuration. VehicleConfigManager shall communicate with VehicleConfigService, and VehicleConfigService shall check the requested Digital_CHMSL_Camera_Prsnt value from SystemProperties / HW configuration. The response shall be returned from SystemProperties to VehicleConfigService, then to VehicleConfigManager, and finally to the HMI layer. The HMI layer shall evaluate the received Digital_CHMSL_Camera_Prsnt PROXI value to determine the availability of the CHMSL Camera Dynamic Centerline feature. If Digital_CHMSL_Camera_Prsnt = [Present], the LTM or ETM shall display the CHMSL Camera Dynamic Centerline customer setting to allow the customer the ability to modify the setting.
SWE1-VC-CHMSL CAMERA DYNAMIC CENTERLINE-136	STLA_Trailer_Name - Max_Power_Level_Report	SYS-RA-VF230_V1-1140	CHMSL CAMERA DYNAMIC CENTERLINE	The HMI layer shall capture the customer selection for the CHMSL Camera Dynamic Centerline setting and send the request using CarPropertyManager.setProperty() with the TELEMATIC_FD_19.Dynamic_CHMSL_RespSts_Req signal value as OFF. CarPropertyService shall receive the request from CarPropertyManager and forward it to VHAL/IVehicle for HW/IPC update. HW supplier shall process the request signal via VHAL interface. The HMI layer shall maintain/update the displayed setting according to the requested value and any invalid value shall be considered invalid by HMI.
SWE1-VC-CHMSL CAMERA DYNAMIC CENTERLINE-137	STLA_Trailer_Name - Max_Power_Level_Report	SYS-RA-VF230_V1-1141	CHMSL CAMERA DYNAMIC CENTERLINE	The HMI layer shall capture the customer selection for the CHMSL Camera Dynamic Centerline setting and send the request using CarPropertyManager.setProperty() with the TELEMATIC_FD_19.Dynamic_CHMSL_RespSts_Req signal value as ON. CarPropertyService shall receive the request from CarPropertyManager and forward it to VHAL/IVehicle for HW/IPC update. HW supplier shall process the request signal via VHAL interface. The HMI layer shall maintain/update the displayed setting according to the requested value and any invalid value shall be considered invalid by HMI.
SWE1-VC-CHMSL CAMERA DYNAMIC CENTERLINE-138	STLA_Trailer_Name - Max_Power_Level_Report	SYS-RA-VF230_V1-1142	CHMSL CAMERA DYNAMIC CENTERLINE	HW supplier shall notify the IPC_VEHICLE_SETUP2.Dynamic_CHMSL_RespSts signal via VHAL interface. CarPropertyService shall receive the IPC_VEHICLE_SETUP2.Dynamic_CHMSL_RespSts signal from VHAL and forward it to CarPropertyManager. CarPropertyManager shall expose the value to HMI via API interface. The HMI layer shall evaluate the received IPC_VEHICLE_SETUP2.Dynamic_CHMSL_RespSts signal and update/display the CHMSL Camera Dynamic Centerline setting information accordingly within <TDisplay>. Any invalid value shall be considered invalid by HMI.
SWE1-VC-MaxPowerLevel140	STLA_Trailer_Name - Max_Power_Level_Report	SYS-RA-VF230_V1-1144	Max Power Level	The HMI layer shall send a request to VehicleConfigManager to retrieve the Hybrid_Type PROXI configuration. VehicleConfigManager shall communicate with VehicleConfigService, and VehicleConfigService shall check the requested Hybrid_Type value from SystemProperties / HW configuration. The response shall be returned from SystemProperties to VehicleConfigService, then to VehicleConfigManager, and finally to the HMI layer. The HMI layer shall evaluate the received Hybrid_Type PROXI value to determine the availability of the Max SOC Level feature. If Hybrid_Type = [Range Electric Paradigm Breaker (REPB)], the ETM or LTM shall display the Max SOC Level customer setting to allow the customer the ability to modify the setting.
SWE1-VC-MaxPowerLevel141	STLA_Trailer_Name - Max_Power_Level_Report	SYS-RA-VF230_V1-1145	Max Power Level	The HMI layer shall capture the customer selection for the Max SOC Level setting and send the request using CarPropertyManager.setProperty() with the TELEMATIC_VEHICLE_SETUP.SOC_Max_Lev_Req signal value as Level 1. CarPropertyService shall receive the request from CarPropertyManager and forward it to VHAL/IVehicle for HW/IPC update. HW supplier shall process the request signal via VHAL interface. The HMI layer shall maintain/update the displayed setting according to the requested value and any invalid value shall be considered invalid by HMI.
SWE1-VC-MaxPowerLevel142	STLA_Trailer_Name - Max_Power_Level_Report	SYS-RA-VF230_V1-1146	Max Power Level	The HMI layer shall capture the customer selection for the Max SOC Level setting and send the request using CarPropertyManager.setProperty() with the TELEMATIC_VEHICLE_SETUP.SOC_Max_Lev_Req signal value as Level 2. CarPropertyService shall receive the request from CarPropertyManager and forward it to VHAL/IVehicle for HW/IPC update. HW supplier shall process the request signal via VHAL interface. The HMI layer shall maintain/update the displayed setting according to the requested value and any invalid value shall be considered invalid by HMI.
SWE1-VC-MaxPowerLevel143	STLA_Trailer_Name - Max_Power_Level_Report	SYS-RA-VF230_V1-1147	Max Power Level	HW supplier shall notify the IPC_VEHICLE_SETUP.SOC_Max_Lev signal via VHAL interface. CarPropertyService shall receive the IPC_VEHICLE_SETUP.SOC_Max_Lev signal from VHAL and forward it to CarPropertyManager. CarPropertyManager shall expose the value to HMI via API interface. The HMI layer shall evaluate the received IPC_VEHICLE_SETUP.SOC_Max_Lev signal and update/display the Max SOC Level setting information accordingly within <TDisplay>. Any invalid value shall be considered invalid by HMI.
